"model","concentration","Estimate","Q2.5","Q97.5"
"nec3param",0.1,0.646490735,0.62703376175,0.66617284325
"nec3param",0.100804658307517,0.646490735,0.62703376175,0.66617284325
"nec3param",0.101615791364953,0.646490735,0.62703376175,0.66617284325
"nec3param",0.102433451271921,0.646490735,0.62703376175,0.66617284325
"nec3param",0.103257690547257,0.646490735,0.62703376175,0.66617284325
"nec3param",0.104088562132396,0.646490735,0.62703376175,0.66617284325
"nec3param",0.10492611939477,0.646490735,0.62703376175,0.66617284325
"nec3param",0.105770416131236,0.646490735,0.62703376175,0.66617284325
"nec3param",0.106621506571531,0.646490735,0.62703376175,0.66617284325
"nec3param",0.107479445381759,0.646490735,0.62703376175,0.66617284325
"nec3param",0.108344287667897,0.646490735,0.62703376175,0.66617284325
"nec3param",0.109216088979337,0.646490735,0.62703376175,0.66617284325
"nec3param",0.110094905312455,0.646490735,0.62703376175,0.66617284325
"nec3param",0.110980793114205,0.646490735,0.62703376175,0.66617284325
"nec3param",0.111873809285747,0.646490735,0.62703376175,0.66617284325
"nec3param",0.112774011186101,0.646490735,0.62703376175,0.66617284325
"nec3param",0.113681456635831,0.646490735,0.62703376175,0.66617284325
"nec3param",0.114596203920758,0.646490735,0.62703376175,0.66617284325
"nec3param",0.115518311795706,0.646490735,0.62703376175,0.66617284325
"nec3param",0.116447839488274,0.646490735,0.62703376175,0.66617284325
"nec3param",0.11738484670264,0.646490735,0.62703376175,0.66617284325
"nec3param",0.1183293936234,0.646490735,0.62703376175,0.66617284325
"nec3param",0.119281540919425,0.646490735,0.62703376175,0.66617284325
"nec3param",0.120241349747768,0.646490735,0.62703376175,0.66617284325
"nec3param",0.121208881757585,0.646490735,0.62703376175,0.66617284325
"nec3param",0.122184199094096,0.646490735,0.62703376175,0.66617284325
"nec3param",0.12316736440258,0.646490735,0.62703376175,0.66617284325
"nec3param",0.124158440832396,0.646490735,0.62703376175,0.66617284325
"nec3param",0.125157492041038,0.646490735,0.62703376175,0.66617284325
"nec3param",0.126164582198226,0.646490735,0.62703376175,0.66617284325
"nec3param",0.127179775990029,0.646490735,0.62703376175,0.66617284325
"nec3param",0.128203138623014,0.646490735,0.62703376175,0.66617284325
"nec3param",0.129234735828443,0.646490735,0.62703376175,0.66617284325
"nec3param",0.130274633866484,0.646490735,0.62703376175,0.66617284325
"nec3param",0.131322899530479,0.646490735,0.62703376175,0.66617284325
"nec3param",0.132379600151223,0.646490735,0.62703376175,0.66617284325
"nec3param",0.133444803601298,0.646490735,0.62703376175,0.66617284325
"nec3param",0.134518578299427,0.646490735,0.62703376175,0.66617284325
"nec3param",0.135600993214867,0.646490735,0.62703376175,0.66617284325
"nec3param",0.136692117871847,0.646490735,0.62703376175,0.66617284325
"nec3param",0.137792022354024,0.646490735,0.62703376175,0.66617284325
"nec3param",0.138900777308992,0.646490735,0.62703376175,0.66617284325
"nec3param",0.140018453952815,0.646490735,0.62703376175,0.66617284325
"nec3param",0.141145124074603,0.646490735,0.62703376175,0.66617284325
"nec3param",0.142280860041125,0.646490735,0.62703376175,0.66617284325
"nec3param",0.143425734801453,0.646490735,0.62703376175,0.66617284325
"nec3param",0.144579821891651,0.646490735,0.62703376175,0.66617284325
"nec3param",0.145743195439496,0.646490735,0.62703376175,0.66617284325
"nec3param",0.146915930169241,0.646490735,0.62703376175,0.66617284325
"nec3param",0.148098101406414,0.646490735,0.62703376175,0.66617284325
"nec3param",0.149289785082657,0.646490735,0.62703376175,0.66617284325
"nec3param",0.150491057740599,0.646490735,0.62703376175,0.66617284325
"nec3param",0.151701996538779,0.646490735,0.62703376175,0.66617284325
"nec3param",0.152922679256598,0.646490735,0.62703376175,0.66617284325
"nec3param",0.154153184299315,0.646490735,0.62703376175,0.66617284325
"nec3param",0.155393590703082,0.646490735,0.62703376175,0.66617284325
"nec3param",0.156643978140024,0.646490735,0.62703376175,0.66617284325
"nec3param",0.157904426923353,0.646490735,0.62703376175,0.66617284325
"nec3param",0.15917501801253,0.646490735,0.62703376175,0.66617284325
"nec3param",0.16045583301846,0.646490735,0.62703376175,0.66617284325
"nec3param",0.161746954208739,0.646490735,0.62703376175,0.66617284325
"nec3param",0.163048464512936,0.646490735,0.62703376175,0.66617284325
"nec3param",0.164360447527919,0.646490735,0.62703376175,0.66617284325
"nec3param",0.165682987523225,0.646490735,0.62703376175,0.66617284325
"nec3param",0.167016169446473,0.646490735,0.62703376175,0.66617284325
"nec3param",0.168360078928822,0.646490735,0.62703376175,0.66617284325
"nec3param",0.169714802290465,0.646490735,0.62703376175,0.66617284325
"nec3param",0.171080426546182,0.646490735,0.62703376175,0.66617284325
"nec3param",0.172457039410922,0.646490735,0.62703376175,0.66617284325
"nec3param",0.17384472930544,0.646490735,0.62703376175,0.66617284325
"nec3param",0.175243585361978,0.646490735,0.62703376175,0.66617284325
"nec3param",0.176653697429984,0.646490735,0.62703376175,0.66617284325
"nec3param",0.178075156081891,0.646490735,0.62703376175,0.66617284325
"nec3param",0.179508052618929,0.646490735,0.62703376175,0.66617284325
"nec3param",0.180952479076989,0.646490735,0.62703376175,0.66617284325
"nec3param",0.182408528232541,0.646490735,0.62703376175,0.66617284325
"nec3param",0.183876293608584,0.646490735,0.62703376175,0.66617284325
"nec3param",0.185355869480661,0.646490735,0.62703376175,0.66617284325
"nec3param",0.186847350882908,0.646490735,0.62703376175,0.66617284325
"nec3param",0.188350833614163,0.646490735,0.62703376175,0.66617284325
"nec3param",0.189866414244118,0.646490735,0.62703376175,0.66617284325
"nec3param",0.191394190119519,0.646490735,0.62703376175,0.66617284325
"nec3param",0.192934259370421,0.646490735,0.62703376175,0.66617284325
"nec3param",0.194486720916492,0.646490735,0.62703376175,0.66617284325
"nec3param",0.196051674473365,0.646490735,0.62703376175,0.66617284325
"nec3param",0.197629220559042,0.646490735,0.62703376175,0.66617284325
"nec3param",0.199219460500352,0.646490735,0.62703376175,0.66617284325
"nec3param",0.200822496439459,0.646490735,0.62703376175,0.66617284325
"nec3param",0.202438431340423,0.646490735,0.62703376175,0.66617284325
"nec3param",0.204067368995811,0.646490735,0.62703376175,0.66617284325
"nec3param",0.205709414033368,0.646490735,0.62703376175,0.66617284325
"nec3param",0.207364671922733,0.646490735,0.62703376175,0.66617284325
"nec3param",0.209033248982215,0.646490735,0.62703376175,0.66617284325
"nec3param",0.210715252385624,0.646490735,0.62703376175,0.66617284325
"nec3param",0.212410790169151,0.646490735,0.62703376175,0.66617284325
"nec3param",0.214119971238311,0.646490735,0.62703376175,0.66617284325
"nec3param",0.215842905374934,0.646490735,0.62703376175,0.66617284325
"nec3param",0.21757970324422,0.646490735,0.62703376175,0.66617284325
"nec3param",0.219330476401846,0.646490735,0.62703376175,0.66617284325
"nec3param",0.221095337301131,0.646490735,0.62703376175,0.66617284325
"nec3param",0.222874399300258,0.646490735,0.62703376175,0.66617284325
"nec3param",0.224667776669557,0.646490735,0.62703376175,0.66617284325
"nec3param",0.226475584598843,0.646490735,0.62703376175,0.66617284325
"nec3param",0.228297939204816,0.646490735,0.62703376175,0.66617284325
"nec3param",0.230134957538519,0.646490735,0.62703376175,0.66617284325
"nec3param",0.231986757592854,0.646490735,0.62703376175,0.66617284325
"nec3param",0.233853458310165,0.646490735,0.62703376175,0.66617284325
"nec3param",0.235735179589874,0.646490735,0.62703376175,0.66617284325
"nec3param",0.237632042296185,0.646490735,0.62703376175,0.66617284325
"nec3param",0.239544168265845,0.646490735,0.62703376175,0.66617284325
"nec3param",0.241471680315969,0.646490735,0.62703376175,0.66617284325
"nec3param",0.243414702251933,0.646490735,0.62703376175,0.66617284325
"nec3param",0.245373358875322,0.646490735,0.62703376175,0.66617284325
"nec3param",0.247347775991947,0.646490735,0.62703376175,0.66617284325
"nec3param",0.249338080419926,0.646490735,0.62703376175,0.66617284325
"nec3param",0.251344399997829,0.646490735,0.62703376175,0.66617284325
"nec3param",0.253366863592891,0.646490735,0.62703376175,0.66617284325
"nec3param",0.255405601109287,0.646490735,0.62703376175,0.66617284325
"nec3param",0.257460743496478,0.646490735,0.62703376175,0.66617284325
"nec3param",0.259532422757618,0.646490735,0.62703376175,0.66617284325
"nec3param",0.261620771958038,0.646490735,0.62703376175,0.66617284325
"nec3param",0.26372592523379,0.646490735,0.62703376175,0.66617284325
"nec3param",0.265848017800261,0.646490735,0.62703376175,0.66617284325
"nec3param",0.267987185960861,0.646490735,0.62703376175,0.66617284325
"nec3param",0.270143567115777,0.646490735,0.62703376175,0.66617284325
"nec3param",0.272317299770797,0.646490735,0.62703376175,0.66617284325
"nec3param",0.27450852354621,0.646490735,0.62703376175,0.66617284325
"nec3param",0.276717379185768,0.646490735,0.62703376175,0.66617284325
"nec3param",0.278944008565731,0.646490735,0.62703376175,0.66617284325
"nec3param",0.281188554703977,0.646490735,0.62703376175,0.66617284325
"nec3param",0.28345116176919,0.646490735,0.62703376175,0.66617284325
"nec3param",0.28573197509012,0.646490735,0.62703376175,0.66617284325
"nec3param",0.288031141164917,0.646490735,0.62703376175,0.66617284325
"nec3param",0.290348807670537,0.646490735,0.62703376175,0.66617284325
"nec3param",0.292685123472236,0.646490735,0.62703376175,0.66617284325
"nec3param",0.295040238633122,0.646490735,0.62703376175,0.66617284325
"nec3param",0.297414304423803,0.646490735,0.62703376175,0.66617284325
"nec3param",0.299807473332094,0.646490735,0.62703376175,0.66617284325
"nec3param",0.302219899072819,0.646490735,0.62703376175,0.66617284325
"nec3param",0.304651736597679,0.646490735,0.62703376175,0.66617284325
"nec3param",0.307103142105208,0.646490735,0.62703376175,0.66617284325
"nec3param",0.309574273050804,0.646490735,0.62703376175,0.66617284325
"nec3param",0.312065288156844,0.646490735,0.62703376175,0.66617284325
"nec3param",0.314576347422876,0.646490735,0.62703376175,0.66617284325
"nec3param",0.317107612135899,0.646490735,0.62703376175,0.66617284325
"nec3param",0.31965924488072,0.646490735,0.62703376175,0.66617284325
"nec3param",0.3222314095504,0.646490735,0.62703376175,0.66617284325
"nec3param",0.324824271356778,0.646490735,0.62703376175,0.66617284325
"nec3param",0.327437996841083,0.646490735,0.62703376175,0.66617284325
"nec3param",0.330072753884633,0.646490735,0.62703376175,0.66617284325
"nec3param",0.332728711719617,0.646490735,0.62703376175,0.66617284325
"nec3param",0.335406040939964,0.646490735,0.62703376175,0.66617284325
"nec3param",0.338104913512303,0.646490735,0.62703376175,0.66617284325
"nec3param",0.340825502787004,0.646490735,0.62703376175,0.66617284325
"nec3param",0.343567983509317,0.646490735,0.62703376175,0.66617284325
"nec3param",0.346332531830595,0.646490735,0.62703376175,0.66617284325
"nec3param",0.349119325319605,0.646490735,0.62703376175,0.66617284325
"nec3param",0.351928542973938,0.646490735,0.62703376175,0.66617284325
"nec3param",0.354760365231503,0.646490735,0.62703376175,0.66617284325
"nec3param",0.357614973982117,0.646490735,0.62703376175,0.66617284325
"nec3param",0.36049255257919,0.646490735,0.62703376175,0.66617284325
"nec3param",0.3633932858515,0.646490735,0.62703376175,0.66617284325
"nec3param",0.366317360115064,0.646490735,0.62703376175,0.66617284325
"nec3param",0.369264963185108,0.646490735,0.62703376175,0.66617284325
"nec3param",0.372236284388128,0.646490735,0.62703376175,0.66617284325
"nec3param",0.375231514574051,0.646490735,0.62703376175,0.66617284325
"nec3param",0.378250846128495,0.646490735,0.62703376175,0.66617284325
"nec3param",0.381294472985122,0.646490735,0.62703376175,0.66617284325
"nec3param",0.384362590638102,0.646490735,0.62703376175,0.66617284325
"nec3param",0.38745539615466,0.646490735,0.62703376175,0.66617284325
"nec3param",0.390573088187743,0.646490735,0.62703376175,0.66617284325
"nec3param",0.393715866988772,0.646490735,0.62703376175,0.66617284325
"nec3param",0.396883934420512,0.646490735,0.62703376175,0.66617284325
"nec3param",0.400077493970028,0.646490735,0.62703376175,0.66617284325
"nec3param",0.403296750761765,0.646490735,0.62703376175,0.66617284325
"nec3param",0.406541911570717,0.646490735,0.62703376175,0.66617284325
"nec3param",0.409813184835711,0.646490735,0.62703376175,0.66617284325
"nec3param",0.413110780672793,0.646490735,0.62703376175,0.66617284325
"nec3param",0.416434910888726,0.646490735,0.62703376175,0.66617284325
"nec3param",0.419785788994595,0.646490735,0.62703376175,0.66617284325
"nec3param",0.423163630219517,0.646490735,0.62703376175,0.66617284325
"nec3param",0.426568651524471,0.646490735,0.62703376175,0.66617284325
"nec3param",0.430001071616227,0.646490735,0.62703376175,0.66617284325
"nec3param",0.433461110961401,0.646490735,0.62703376175,0.66617284325
"nec3param",0.436948991800609,0.646490735,0.62703376175,0.66617284325
"nec3param",0.440464938162746,0.646490735,0.62703376175,0.66617284325
"nec3param",0.444009175879373,0.646490735,0.62703376175,0.66617284325
"nec3param",0.447581932599226,0.646490735,0.62703376175,0.66617284325
"nec3param",0.451183437802833,0.646490735,0.62703376175,0.66617284325
"nec3param",0.454813922817255,0.646490735,0.62703376175,0.66617284325
"nec3param",0.45847362083095,0.646490735,0.62703376175,0.66617284325
"nec3param",0.462162766908742,0.646490735,0.62703376175,0.66617284325
"nec3param",0.465881598006925,0.646490735,0.62703376175,0.66617284325
"nec3param",0.469630352988483,0.646490735,0.62703376175,0.66617284325
"nec3param",0.473409272638428,0.646490735,0.62703376175,0.66617284325
"nec3param",0.47721859967927,0.646490735,0.62703376175,0.66617284325
"nec3param",0.481058578786607,0.646490735,0.62703376175,0.66617284325
"nec3param",0.484929456604839,0.646490735,0.62703376175,0.66617284325
"nec3param",0.488831481763009,0.646489145,0.62703376175,0.66617284325
"nec3param",0.492764904890775,0.646489145,0.62703376175,0.66617284325
"nec3param",0.496729978634508,0.646489145,0.62703376175,0.66617284325
"nec3param",0.50072695767352,0.64648756,0.62703376175,0.6661594445
"nec3param",0.504756098736419,0.646471805,0.6269666445,0.6661594445
"nec3param",0.508817660617602,0.6464515,0.626885492,0.666116155
"nec3param",0.512911904193877,0.64644139,0.626885492,0.666051575
"nec3param",0.517039092441219,0.646431805,0.62682499725,0.66603973625
"nec3param",0.521199490451659,0.64639401,0.6267717735,0.66589902525
"nec3param",0.525393365450317,0.646361355,0.62669919025,0.66583947525
"nec3param",0.529620986812558,0.64630758,0.62641075075,0.6658347005
"nec3param",0.5338826260813,0.646273265,0.626026318,0.66582276225
"nec3param",0.538178556984455,0.646176375,0.625664442345064,0.66570753825
"nec3param",0.542509055452508,0.646082935,0.62517619475,0.665571375
"nec3param",0.54687439963624,0.64594436,0.624670002737214,0.66538509675
"nec3param",0.551274869924599,0.645779845,0.623851475946459,0.665129435
"nec3param",0.555710748962703,0.64557772,0.622959967620349,0.66472486525
"nec3param",0.560182321669998,0.64530522,0.621592161673857,0.66446714575
"nec3param",0.56468987525856,0.644935005,0.619919340517535,0.66421465625
"nec3param",0.569233699251537,0.64456922,0.617642806783535,0.663973147
"nec3param",0.573814085501753,0.644085965,0.614475619770171,0.6634692395
"nec3param",0.578431328210448,0.643360098896282,0.610752759454202,0.6629782075
"nec3param",0.583085723946176,0.642635155,0.607099254953696,0.662542115
"nec3param",0.587777571663857,0.641754491244475,0.603477982333608,0.66206453043655
"nec3param",0.592507172723973,0.640661435,0.599816789770956,0.661355613
"nec3param",0.597274830911933,0.639388922157523,0.596049123645061,0.66054134975
"nec3param",0.602080852457576,0.637854099360025,0.592411122067537,0.659528595797247
"nec3param",0.606925546054847,0.635828616380694,0.588831759588498,0.6585456435
"nec3param",0.611809222881623,0.633533222810087,0.585199489938635,0.65754339625
"nec3param",0.616732196619697,0.630804782647503,0.581637069488439,0.65645926394793
"nec3param",0.621694783474932,0.627444296555082,0.578096735779497,0.655268570599545
"nec3param",0.626697302197565,0.623876191859529,0.574573184313,0.65373252025
"nec3param",0.631740074102685,0.620095120625473,0.571003261148992,0.652179856513366
"nec3param",0.636823423090869,0.616196829208465,0.567503422686449,0.650521233021073
"nec3param",0.641947675668986,0.61220232564718,0.564082902482531,0.648427659623436
"nec3param",0.647113160971171,0.608260488682793,0.560728619379478,0.646561070922944
"nec3param",0.652320210779964,0.604357539891285,0.557299819067594,0.644077714521067
"nec3param",0.657569159547619,0.600463274495595,0.55385786473718,0.641352676606091
"nec3param",0.662860344417591,0.596629891588013,0.550510943951117,0.638267137408254
"nec3param",0.668194105246186,0.592775589312637,0.547207201914327,0.63464740165756
"nec3param",0.67357078462439,0.588971363732343,0.543895547363277,0.63127721899241
"nec3param",0.67899072789988,0.585165808665112,0.540569155762283,0.627108294487429
"nec3param",0.684454283199199,0.581398214661669,0.537246756502964,0.623102570445227
"nec3param",0.68996180145012,0.57763814055207,0.534013485183011,0.618969449999523
"nec3param",0.695513636404185,0.573927583008754,0.530744909979686,0.614737015313962
"nec3param",0.701110144659427,0.570238851383737,0.527469646176067,0.610606944044969
"nec3param",0.706751685683276,0.566580429124187,0.524213746985328,0.606505476408907
"nec3param",0.712438621835646,0.562899953752723,0.521090930288901,0.602350493669509
"nec3param",0.718171318392208,0.559270719135535,0.517912241411594,0.598374832363354
"nec3param",0.723950143567858,0.555675122524318,0.514706060851321,0.594514495526153
"nec3param",0.729775468540361,0.552097183064062,0.511613018813259,0.590512024953467
"nec3param",0.735647667474195,0.548568313186026,0.50843624409333,0.586494969929865
"nec3param",0.741567117544584,0.545010083773261,0.505353569052563,0.582604976955164
"nec3param",0.747534198961723,0.541517020700514,0.502222898199612,0.578721244053085
"nec3param",0.753549294995202,0.53803211716226,0.499136950330241,0.574888409559342
"nec3param",0.759612791998619,0.534534460972794,0.496196391002399,0.570994604844697
"nec3param",0.765725079434401,0.531104012344251,0.49303287660527,0.567129395377088
"nec3param",0.771886549898814,0.527678967533143,0.49011784208572,0.563405036260291
"nec3param",0.778097599147183,0.524286133492692,0.486992489113756,0.55971603344479
"nec3param",0.784358626119314,0.520888878252918,0.483977184214932,0.556021277587349
"nec3param",0.790670032965113,0.517550528621696,0.481031565960487,0.552253404674009
"nec3param",0.797032225070417,0.514188077070838,0.478107225592268,0.548595916703049
"nec3param",0.803445611083036,0.510840151274716,0.475057424181445,0.544913938525052
"nec3param",0.809910602939,0.507543542838231,0.472022962773076,0.541287971265451
"nec3param",0.816427615889012,0.504259290405719,0.469012444098359,0.537625113035288
"nec3param",0.822997068525129,0.501003614042924,0.46611307902522,0.534019215107032
"nec3param",0.829619382807641,0.497783166623756,0.46322590198248,0.530464377064992
"nec3param",0.836294984092177,0.49458773215596,0.460498320947333,0.526934632162139
"nec3param",0.843024301157025,0.49142350759944,0.457714808041746,0.52341121214881
"nec3param",0.849807766230675,0.488262882938831,0.454855293685766,0.519836728895511
"nec3param",0.856645815019578,0.485070450927636,0.452107684362299,0.516339341883226
"nec3param",0.863538886736133,0.481948606907695,0.449209803835802,0.512842906878999
"nec3param",0.870487424126898,0.478860464263366,0.446424371192969,0.509364609986509
"nec3param",0.877491873501029,0.475764518368488,0.443702180076066,0.505982875561897
"nec3param",0.884552684758945,0.47268196251609,0.440944853112141,0.502624196958536
"nec3param",0.891670311421226,0.469640784038427,0.438314045035547,0.499367140041917
"nec3param",0.898845210657742,0.466627904359208,0.435513462251394,0.496043911528189
"nec3param",0.906077843317022,0.463622869225347,0.432855262483947,0.492760834122013
"nec3param",0.913368673955847,0.460653380066569,0.430250193690501,0.489520212097272
"nec3param",0.920718170869093,0.457653759979871,0.427625149703191,0.486242022809351
"nec3param",0.928126806119814,0.45472217642609,0.424970158753403,0.483010427435565
"nec3param",0.935595055569552,0.451783286118887,0.422260874486301,0.479846425439977
"nec3param",0.943123398908914,0.448863201343259,0.419691064488093,0.476674912073449
"nec3param",0.950712319688375,0.445979053498593,0.4171389295412,0.473528974133062
"nec3param",0.958362305349338,0.443123280231256,0.414507675390051,0.470403949814341
"nec3param",0.966073847255446,0.440258277439787,0.411988147318568,0.467275107724605
"nec3param",0.97384744072414,0.437410229819757,0.409465429030676,0.464174066936114
"nec3param",0.981683585058472,0.434622569606093,0.407014564031759,0.461131658542854
"nec3param",0.989582783579179,0.43180038870369,0.404523596123099,0.458059545244532
"nec3param",0.997545543657011,0.429017967735091,0.401991778116658,0.454968298421603
"nec3param",1.00557237674532,0.426246997118032,0.399443767902094,0.451947627153625
"nec3param",1.0136637984129,0.423482328329199,0.39691485905963,0.448926507201462
"nec3param",1.02182032837712,0.420747532414088,0.39447465630216,0.445939653399672
"nec3param",1.03004249053731,0.418012015629218,0.391994372832453,0.442973037035244
"nec3param",1.03833081300838,0.4153220926252,0.389515001510209,0.440063615834275
"nec3param",1.04668582815476,0.412644891934569,0.387070680199148,0.43713461449346
"nec3param",1.05510807262462,0.409991102314056,0.384656698306356,0.434318351437168
"nec3param",1.06359808738428,0.40736502453395,0.382342811413886,0.431437743419121
"nec3param",1.07215641775301,0.404747381378076,0.380037284350815,0.42855632653967
"nec3param",1.08078361343804,0.402150100239794,0.377765889339624,0.425781539142046
"nec3param",1.08948022856986,0.399570144989019,0.375492743425892,0.422984341909794
"nec3param",1.0982468217378,0.396979719806511,0.373163693558359,0.420210428291176
"nec3param",1.10708395602596,0.394424328064798,0.370790987152016,0.417361772959268
"nec3param",1.11599219904932,0.391873106759489,0.368549527315,0.414556523969264
"nec3param",1.12497212299021,0.389371485195993,0.366239893450113,0.411817689414224
"nec3param",1.13402430463511,0.38686299195553,0.363878166463412,0.409100200735819
"nec3param",1.14314932541162,0.384360254076568,0.36161199416611,0.406423923994265
"nec3param",1.15234777142587,0.381877022794772,0.35934937758065,0.403769372829129
"nec3param",1.16162023350014,0.379413541546058,0.357166082600287,0.401157415762119
"nec3param",1.1709673072108,0.376965253040683,0.354971387152984,0.398498685769192
"nec3param",1.18038959292659,0.374546667270029,0.352646404271483,0.395868812610165
"nec3param",1.18988769584714,0.37212575858958,0.350451361974453,0.393282662433093
"nec3param",1.1994622260419,0.369751581440387,0.348355836166969,0.390721759290231
"nec3param",1.20911379848928,0.367370693747075,0.346229957592978,0.388106826921717
"nec3param",1.21884303311616,0.364998696903814,0.344101734634889,0.385557542332737
"nec3param",1.22865055483773,0.362624183670048,0.341910045964336,0.383037103025147
"nec3param",1.23853699359759,0.360259440732541,0.339724947169166,0.380545014080502
"nec3param",1.24850298440825,0.357967450890521,0.337619321945542,0.37809076056922
"nec3param",1.25854916739189,0.35565803165665,0.335454729695397,0.375572813628634
"nec3param",1.2686761878215,0.353358107548921,0.333399106328724,0.373052988633257
"nec3param",1.2788846961623,0.351096001028483,0.331263290184145,0.37067441134721
"nec3param",1.28917534811354,0.348836089246074,0.329104263088178,0.368251035003164
"nec3param",1.2995488046506,0.346570198275833,0.32709069881738,0.365842474719109
"nec3param",1.31000573206746,0.344336822983033,0.325074569266713,0.363414924589262
"nec3param",1.3205468020195,0.342102944220541,0.322990442291223,0.361037784498311
"nec3param",1.3311726915666,0.339908158218127,0.320895850761774,0.358671357796821
"nec3param",1.3418840832167,0.337702167498727,0.318805342525198,0.356390096145911
"nec3param",1.35268166496955,0.335518670060315,0.316745897730983,0.354075089052218
"nec3param",1.36356613036099,0.333349474896875,0.314684979969558,0.3517723840361
"nec3param",1.37453817850744,0.33119871595688,0.312650084812807,0.349480437257905
"nec3param",1.38559851415079,0.329055339154224,0.310660660398093,0.347149343541189
"nec3param",1.39674784770375,0.326930329348809,0.308729279722813,0.344867009994532
"nec3param",1.40798689529536,0.324832013065805,0.30680284820638,0.34262831155581
"nec3param",1.41931637881711,0.322722146088546,0.304829128753245,0.340416420879375
"nec3param",1.43073702596922,0.320635816466867,0.302891625010249,0.338264909739089
"nec3param",1.44224957030741,0.318569003186468,0.300991497604799,0.336111322034334
"nec3param",1.45385475129002,0.316518415497183,0.299053434525305,0.333925561415495
"nec3param",1.46555331432551,0.314485204519997,0.297154672892325,0.331787783244226
"nec3param",1.47734601082033,0.312451346122748,0.295268323217524,0.329624051378062
"nec3param",1.48923359822717,0.310428543821788,0.293433947992898,0.327501048662414
"nec3param",1.50121684009364,0.308421922203926,0.291530488754991,0.325407791864956
"nec3param",1.51329650611131,0.306442752722528,0.289670463863094,0.323316756692293
"nec3param",1.5254733721651,0.304465687703201,0.287839694810994,0.3212303181172
"nec3param",1.53774822038319,0.302501541095261,0.286034358973489,0.319108856550746
"nec3param",1.55012183918721,0.300541472143393,0.284242906065614,0.317007303230098
"nec3param",1.56259502334287,0.298621851495876,0.282471623711878,0.314969000465905
"nec3param",1.57516857401105,0.296697060327856,0.280673963544586,0.31294547258284
"nec3param",1.58784329879923,0.294775063597602,0.278918193784657,0.310898299375034
"nec3param",1.60062001181338,0.292866561812499,0.277132367662729,0.308938949765742
"nec3param",1.61349953371022,0.290977472876546,0.275340249713702,0.306912133273658
"nec3param",1.62648269174997,0.289105680377626,0.27359223034143,0.304893144827033
"nec3param",1.63957031984947,0.287245401356772,0.271837867903944,0.302920698737083
"nec3param",1.65276325863573,0.285408996972969,0.270098844244868,0.300978378771498
"nec3param",1.66606235549994,0.283555617848458,0.26836640864476,0.299056527884243
"nec3param",1.67946846465188,0.281725409073071,0.266634884906098,0.297093663023069
"nec3param",1.69298244717484,0.279905015879882,0.264926350830012,0.295186864728855
"nec3param",1.70660517108084,0.27811866393947,0.263208438268242,0.293293216617786
"nec3param",1.72033751136647,0.276332511159057,0.261531982313976,0.291416934803502
"nec3param",1.73418035006901,0.274561439829231,0.25980766058007,0.28954379117019
"nec3param",1.74813457632318,0.272794980441244,0.258144413779862,0.287683130349909
"nec3param",1.76220108641815,0.271029579067825,0.256469867085556,0.285837864856264
"nec3param",1.77638078385517,0.269302505004618,0.254851772640901,0.284003133024912
"nec3param",1.7906745794056,0.267568441290076,0.253203691785001,0.282179457938344
"nec3param",1.80508339116939,0.265852385590964,0.251575745692013,0.280306162552837
"nec3param",1.81960814463405,0.26414212219336,0.249970180714303,0.278536730338863
"nec3param",1.83424977273411,0.26243809753204,0.248353178903692,0.276770134523746
"nec3param",1.84900921591104,0.260728276659895,0.246760781245795,0.275010048118962
"nec3param",1.86388742217363,0.259050936457052,0.245132705750633,0.273315543378403
"nec3param",1.87888534715892,0.257377871521384,0.243538439976156,0.271602466219166
"nec3param",1.89400395419356,0.25570802841285,0.241955304181284,0.269839590548563
"nec3param",1.90924421435568,0.254066478648286,0.240405489458089,0.268151042039778
"nec3param",1.92460710653729,0.252421555159984,0.238869889217455,0.26641426208151
"nec3param",1.94009361750711,0.2508058650698,0.237319960298594,0.264735489663555
"nec3param",1.955704741974,0.249206230870069,0.235835321370202,0.263075481040676
"nec3param",1.9714414826508,0.247600397322051,0.234318076434935,0.261394226392339
"nec3param",1.9873048503188,0.245988136864424,0.232802906585928,0.259705635777548
"nec3param",2.00329586389258,0.244388773686079,0.231282557113101,0.258055080693146
"nec3param",2.01941555048554,0.242819713482628,0.229757478538976,0.256400808261403
"nec3param",2.03566494547582,0.241273609971567,0.228261263047337,0.254757492677563
"nec3param",2.05204509257281,0.239723197642649,0.226765421301349,0.253135056509259
"nec3param",2.0685570438842,0.238188727935795,0.225268619019555,0.251576831811273
"nec3param",2.08520185998355,0.236646957065807,0.223819734636431,0.249948453862323
"nec3param",2.10198060997842,0.235120923484716,0.222351022410678,0.248418757476771
"nec3param",2.11889437157901,0.233630838209895,0.220880269982663,0.246859726101622
"nec3param",2.13594423116744,0.232139687317754,0.219484657143084,0.24532028189952
"nec3param",2.15313128386747,0.23064826822748,0.218022595575223,0.243749599617312
"nec3param",2.17045663361486,0.229170127351883,0.216645057319781,0.242216341211602
"nec3param",2.18792139322831,0.227690130138768,0.215217684210913,0.24068042279684
"nec3param",2.20552668448087,0.226221970478462,0.213797130101019,0.239178274302652
"nec3param",2.22327363817206,0.224777115417547,0.21241114660386,0.237672024318042
"nec3param",2.24116339420045,0.223334870646774,0.211038850715694,0.236201252394826
"nec3param",2.25919710163692,0.221888608107781,0.209684097260626,0.234696977014695
"nec3param",2.27737591879844,0.220444003650524,0.208318399372344,0.2332016045297
"nec3param",2.29570101332245,0.2190162481264,0.206956627949736,0.231684968694765
"nec3param",2.31417356224191,0.217611287796078,0.205632583360903,0.230262638485056
"nec3param",2.33279475206086,0.216201960646048,0.204275118921591,0.228758658327864
"nec3param",2.35156577883064,0.214805583267302,0.202908691415351,0.227317794906987
"nec3param",2.37048784822674,0.213423728789606,0.201583828458295,0.225887860921244
"nec3param",2.38956217562618,0.212059732654958,0.200263392548475,0.224487286632076
"nec3param",2.40878998618565,0.210689067776099,0.198976464591604,0.223098915700575
"nec3param",2.42817251492014,0.20933992212189,0.197676157443039,0.221722721114012
"nec3param",2.4477110067823,0.207990565763097,0.196359410150945,0.22033097075847
"nec3param",2.46740671674239,0.20664938624107,0.195076555405329,0.218940493106077
"nec3param",2.4872609098689,0.205315999541822,0.193814042733131,0.217563156866546
"nec3param",2.50727486140979,0.20399569483857,0.192569900074152,0.216211136002891
"nec3param",2.52744985687442,0.202686418373078,0.19134678747165,0.214876607250092
"nec3param",2.5477871921161,0.201373614992223,0.190094487727649,0.213524705000677
"nec3param",2.56828817341532,0.200079974293633,0.188862703021243,0.212193205223356
"nec3param",2.58895411756369,0.198794968803957,0.187630515078762,0.210877863105832
"nec3param",2.60978635194848,0.197520020298708,0.18637797493142,0.209583517736436
"nec3param",2.63078621463789,0.19624962765909,0.185143924006625,0.208268703111676
"nec3param",2.65195505446699,0.194979701998221,0.183911316224639,0.20698454652747
"nec3param",2.67329423112439,0.193738345986139,0.182674511938332,0.205674308586079
"nec3param",2.69480511523952,0.192480751543344,0.181479509328238,0.204377353010492
"nec3param",2.71648908847069,0.191236551771888,0.18028107795592,0.203104996500406
"nec3param",2.73834754359388,0.189996196377555,0.179078103791141,0.201830241833478
"nec3param",2.7603818845921,0.188772779804793,0.177951193681862,0.200570943407366
"nec3param",2.78259352674567,0.187565180772813,0.176787649799657,0.199299072535365
"nec3param",2.80498389672307,0.186368953426556,0.175605293852626,0.198046060982824
"nec3param",2.82755443267258,0.185163748729046,0.174469834116159,0.196805444881599
"nec3param",2.85030658431466,0.183976750042428,0.173309577334966,0.195579383840825
"nec3param",2.87324181303506,0.182786555735791,0.172174893297732,0.194357714867397
"nec3param",2.89636159197871,0.181612154354037,0.171022476989612,0.193135481089938
"nec3param",2.91966740614431,0.180443426564168,0.169871768882926,0.191937250572898
"nec3param",2.94316075247972,0.179282753896124,0.168737485825179,0.190735968733582
"nec3param",2.96684313997814,0.178125962415559,0.167626258835625,0.189561467744365
"nec3param",2.99071608977498,0.176983651045076,0.166514274013389,0.188363505369831
"nec3param",3.01478113524562,0.175841429073048,0.165378145982461,0.187197461611186
"nec3param",3.03903982210384,0.174713501262312,0.164270177586645,0.186045851687414
"nec3param",3.06349370850116,0.173590718362403,0.163170332710294,0.184902272130724
"nec3param",3.08814436512688,0.172492716993576,0.162086106444189,0.183773214433805
"nec3param",3.11299337530901,0.171374431078816,0.161002645153063,0.182641072575199
"nec3param",3.13804233511589,0.170273874738715,0.159941451361958,0.181534613344315
"nec3param",3.16329285345882,0.169179146453382,0.158876502045258,0.180425608712619
"nec3param",3.18874655219527,0.168088843238959,0.157829990421856,0.179302804921155
"nec3param",3.21440506623319,0.166995282227573,0.156785915030073,0.178188015135307
"nec3param",3.24027004363589,0.165916881301533,0.155741833176204,0.177087475351172
"nec3param",3.266343145728,0.164840314184698,0.154725362196414,0.175980796831712
"nec3param",3.29262604720213,0.163782644207679,0.153686285151444,0.174901830204308
"nec3param",3.31912043622642,0.162737557688635,0.152653134442496,0.173835537354571
"nec3param",3.34582801455302,0.161690781296848,0.151623567743274,0.172743220074481
"nec3param",3.37275049762737,0.160645557303633,0.15058910598067,0.171679814142547
"nec3param",3.39988961469836,0.159614107358333,0.149576165165194,0.170636199414792
"nec3param",3.42724710892945,0.158592234456227,0.148585223175193,0.169574771982126
"nec3param",3.4548247375106,0.157567689868179,0.147604849808212,0.168517397939385
"nec3param",3.48262427177114,0.156557980595261,0.146635289124103,0.167457281581527
"nec3param",3.51064749729357,0.1555462931807,0.145663510949318,0.166412454073906
"nec3param",3.53889621402819,0.154550901083305,0.144702483908868,0.16538668559316
"nec3param",3.56737223640878,0.15355131685625,0.143736695017861,0.164365593387874
"nec3param",3.59607739346911,0.152559064134624,0.142769044631271,0.163342598254606
"nec3param",3.62501352896042,0.151575026500139,0.141807217321201,0.162334098366679
"nec3param",3.65418250146983,0.150601021687628,0.140872983582928,0.161317215561744
"nec3param",3.68358618453975,0.149633205228025,0.139941371719557,0.160326451389967
"nec3param",3.71322646678821,0.148666900065736,0.139020157132574,0.159353242738542
"nec3param",3.74310525203015,0.147714300988104,0.138090451222579,0.158343062134479
"nec3param",3.77322445939973,0.146763457989908,0.137154910575448,0.157368683055442
"nec3param",3.80358602347357,0.145814279234534,0.13622665258761,0.156420059604333
"nec3param",3.83419189439502,0.144878541948373,0.135297494658374,0.155473379562736
"nec3param",3.86504403799943,0.143939263132616,0.134369397908104,0.154494044768222
"nec3param",3.89614443594039,0.143023182196318,0.13345699455034,0.153524200828261
"nec3param",3.92749508581706,0.142103545993572,0.132548487528257,0.152561238788942
"nec3param",3.95909800130243,0.141190823553159,0.131648559619316,0.15161773598518
"nec3param",3.99095521227266,0.140287724356672,0.130743684892896,0.15069897004914
"nec3param",4.02306876493751,0.13938908689447,0.129890319642397,0.149782567097513
"nec3param",4.05544072197172,0.138498654768453,0.129033279848757,0.148858003352497
"nec3param",4.0880731626475,0.137615346386105,0.128157698901508,0.147952055999687
"nec3param",4.12096818296813,0.136738706144215,0.127307656579502,0.147031376913273
"nec3param",4.15412789580253,0.135864538379823,0.126467496535228,0.146112191567894
"nec3param",4.187554431021,0.134990676440227,0.125624177860529,0.145209400502572
"nec3param",4.22124993563203,0.134115221377533,0.1247867688402,0.144312504032078
"nec3param",4.25521657392016,0.133250689812765,0.123938621924246,0.143424375311294
"nec3param",4.28945652758506,0.132393799453271,0.123104012054675,0.142542481910772
"nec3param",4.32397199588162,0.131548535925505,0.122275478815912,0.141669807421062
"nec3param",4.35876519576121,0.130705574319153,0.121434984670723,0.140793888710488
"nec3param",4.39383836201408,0.129862049894166,0.120628403798934,0.13994065588326
"nec3param",4.42919374741291,0.129019841032213,0.119827268138518,0.139104151681042
"nec3param",4.46483362285751,0.128183559030523,0.119016256291703,0.138250258000578
"nec3param",4.50076027752066,0.127351132210581,0.118216418928695,0.137404550402011
"nec3param",4.53697601899517,0.126524975455294,0.117424566830248,0.136563651876973
"nec3param",4.57348317344208,0.125702578517403,0.116625010235214,0.135731154050271
"nec3param",4.61028408574009,0.124885543371932,0.115825698202792,0.134908383886123
"nec3param",4.64738111963615,0.12407701244611,0.115041265509258,0.134084553885964
"nec3param",4.6847766578973,0.123279721156114,0.114269443780721,0.133267363329908
"nec3param",4.7224731024637,0.122491507860092,0.113500793574104,0.132461319664962
"nec3param",4.76047287460295,0.121696511124952,0.112735346208998,0.131660319381003
"nec3param",4.79877841506555,0.120915303561903,0.111969375573688,0.130871500515998
"nec3param",4.83739218424173,0.120137893934478,0.111205880493095,0.130077154729372
"nec3param",4.87631666231942,0.119364954073132,0.110455751738481,0.129274729635121
"nec3param",4.91555434944363,0.11859608754242,0.109706982535936,0.12847697152576
"nec3param",4.95510776587696,0.117822481299725,0.108970254473095,0.127684526535439
"nec3param",4.99497945216153,0.117064236893689,0.10822586246906,0.126907316872652
"nec3param",5.03517196928213,0.116305980409067,0.107498778506403,0.126126801679585
"nec3param",5.07568789883074,0.115553342983792,0.10676812012957,0.125372848452576
"nec3param",5.11652984317234,0.114806931490854,0.106059253888168,0.124612345178445
"nec3param",5.15770042561203,0.114065904423976,0.10534374161434,0.123841552289236
"nec3param",5.19920229056357,0.113326822801206,0.104619206513428,0.123093214832777
"nec3param",5.24103810371923,0.112598374972142,0.103921689952354,0.122343106326885
"nec3param",5.28321055222095,0.11187774843977,0.103226037315218,0.121587407978083
"nec3param",5.32572234483303,0.111161107453282,0.102525719234144,0.120851444633541
"nec3param",5.36857621211604,0.11044849600824,0.1018388327408,0.120105479631936
"nec3param",5.41177490660223,0.109739539820578,0.101153405462997,0.119364780367288
"nec3param",5.45532120297235,0.109027435062984,0.100469511203193,0.11863117578363
"nec3param",5.49921789823382,0.108322152987296,0.0997935411883111,0.117906885569711
"nec3param",5.54346781190044,0.10762613078105,0.0991271377225155,0.117203921575564
"nec3param",5.58807378617345,0.106932863626513,0.0984500510641981,0.116491436593755
"nec3param",5.63303868612409,0.106246537515509,0.0977934126015516,0.115778457589617
"nec3param",5.67836539987766,0.105565485740736,0.0971262461960772,0.115075688709099
"nec3param",5.72405683879896,0.104887444749573,0.096471033982386,0.114387747945341
"nec3param",5.77011593767938,0.104208148893739,0.0958158737624897,0.113678085640862
"nec3param",5.8165456549253,0.103538346862006,0.0951535449961238,0.113002203206947
"nec3param",5.86334897274819,0.102867278200891,0.0944994813854919,0.112312646931151
"nec3param",5.91052889735614,0.102210213490194,0.0938499009431219,0.111599394251849
"nec3param",5.95808845914694,0.101560771565097,0.093208201047427,0.110914472569062
"nec3param",6.00603071290269,0.100913659781989,0.092564115304469,0.110239203787721
"nec3param",6.05435873798611,0.100265632839349,0.0919332269302003,0.109570047839855
"nec3param",6.10307563853822,0.0996197278797708,0.0913054465503123,0.108903816263267
"nec3param",6.15218454367778,0.0989769032417405,0.0906797315636487,0.108241913166821
"nec3param",6.20168860770229,0.0983361774516894,0.0900721259878929,0.107584558708252
"nec3param",6.25159101029052,0.0976971418317254,0.0894685917168401,0.106936125836309
"nec3param",6.30189495670683,0.097063370737632,0.0888664071617224,0.106280240340709
"nec3param",6.35260367800699,0.0964387170159548,0.0882648410487247,0.105634461605472
"nec3param",6.40372043124573,0.0958181579252919,0.0876727187539546,0.10499254659436
"nec3param",6.45524849968593,0.0952001814846729,0.0870737972869651,0.104373065173574
"nec3param",6.50719119300954,0.0945856154473771,0.0864898411192876,0.103749014655349
"nec3param",6.55955184753014,0.0939795503582519,0.0859159008201667,0.103109197528361
"nec3param",6.61233382640719,0.0933747718978356,0.0853416451164378,0.102485966245934
"nec3param",6.66554051986216,0.0927758343053583,0.0847711289913355,0.101864948737882
"nec3param",6.71917534539617,0.0921818697335237,0.0841946702212107,0.101257645460086
"nec3param",6.77324174800955,0.0915858285799293,0.0836134614362579,0.100649400528883
"nec3param",6.82774320042315,0.0910023901333566,0.083049164869807,0.100044292576074
"nec3param",6.88268320330131,0.0904165956888406,0.0824735773128029,0.0994488730839877
"nec3param",6.93806528547677,0.0898378207646971,0.0819115829947484,0.098844879365147
"nec3param",6.99389300417734,0.0892575065241234,0.0813548065485556,0.0982390102214471
"nec3param",7.05016994525433,0.0886756816777429,0.0807990676482601,0.0976285093560364
"nec3param",7.1068997234129,0.0881017762056359,0.080251959886852,0.0970418541527004
"nec3param",7.16408598244428,0.0875390675932265,0.0797017281630313,0.0964646994967169
"nec3param",7.2217323954597,0.0869731087108832,0.0791584570123489,0.0958871612276106
"nec3param",7.27984266512644,0.0864132493744314,0.0786154821626524,0.0953213657251579
"nec3param",7.33842052390557,0.0858536895423087,0.0780835887114615,0.094734253791284
"nec3param",7.39746973429174,0.08530045439819,0.0775549291266771,0.094146502997117
"nec3param",7.4569940890548,0.0847509864385426,0.0770230934117348,0.0935623677585349
"nec3param",7.51699741148346,0.0842055096723519,0.0765022047552486,0.0929948898181437
"nec3param",7.57748355563082,0.0836647479769988,0.0759862199376537,0.0924433473335291
"nec3param",7.63845640656197,0.0831267147357264,0.0754698537855673,0.0918784487798776
"nec3param",7.69991988060346,0.0825946486828988,0.0749451046000941,0.0913103957679962
"nec3param",7.76187792559492,0.0820713050643546,0.0744426068872409,0.0907464346735566
"nec3param",7.82433452114258,0.0815447587979004,0.0739379523069063,0.090199878458016
"nec3param",7.88729367887489,0.0810097223024496,0.0734271840586829,0.0896501800492819
"nec3param",7.95075944270026,0.0804852452648288,0.0729297410357215,0.0891001830314696
"nec3param",8.01473588906667,0.0799644749282565,0.0724280651462512,0.0885617895775093
"nec3param",8.07922712722361,0.0794492762683751,0.0719306843241284,0.0880140525865345
"nec3param",8.14423729948602,0.0789336139116384,0.0714381678696171,0.0874750262614857
"nec3param",8.20977058150026,0.078423941080687,0.0709554894995355,0.0869292642858503
"nec3param",8.27583118251241,0.0779232522796134,0.0704719829246261,0.0863868049807162
"nec3param",8.34242334563861,0.0774231308876028,0.0699916299780275,0.0858571158105949
"nec3param",8.40955134813756,0.0769234271531066,0.0695147784432487,0.085334851900454
"nec3param",8.47721950168529,0.0764272605970158,0.0690371721803159,0.0848138919321151
"nec3param",8.54543215265208,0.0759369266508569,0.068561552774232,0.0843005925566863
"nec3param",8.61419368238166,0.0754454576156337,0.0680995804335479,0.0837882876080583
"nec3param",8.68350850747257,0.074957992729698,0.0676394903387899,0.0832871972732797
"nec3param",8.75338108006193,0.0744761789009306,0.067178843624374,0.0827865633349738
"nec3param",8.8238158881113,0.0739987674383313,0.0667212244004502,0.0822841965926361
"nec3param",8.89481745569502,0.0735211505264674,0.0662665823179722,0.0817944235725426
"nec3param",8.96639034329078,0.0730456359251051,0.065818558434826,0.0813018067522645
"nec3param",9.03853914807251,0.0725787366877828,0.065366596320659,0.0808118166324025
"nec3param",9.11126850420567,0.0721108598001851,0.0649210340045076,0.0803146145948432
"nec3param",9.18458308314498,0.0716485734459424,0.0644801250322029,0.0798193371255313
"nec3param",9.25848759393434,0.0711905603143414,0.0640429528098449,0.0793523914817161
"nec3param",9.33298678350939,0.0707349908658401,0.0636163043607462,0.0788713099514716
"nec3param",9.4080854370024,0.0702773868287637,0.0631902609154969,0.0783889735049459
"nec3param",9.48378837804958,0.0698246215330963,0.0627659720650491,0.0779106699362894
"nec3param",9.56010046910091,0.0693777641650223,0.0623305101201164,0.0774340954844861
"nec3param",9.63702661173254,0.0689357413520063,0.0618980693733045,0.0769604942937134
"nec3param",9.71457174696151,0.0684948356244386,0.0614686464923363,0.0764894018294721
"nec3param",9.79274085556316,0.0680552775486653,0.0610490750336086,0.0760180580255301
"nec3param",9.8715389583911,0.0676164788089554,0.0606330522836519,0.075556318144443
"nec3param",9.95097111669961,0.0671782976523936,0.0602218471931198,0.0750940755098138
"nec3param",10.0310424324688,0.0667432967103148,0.0598122049364688,0.0746371137402322
"nec3param",10.1117580487322,0.0663152207491571,0.0594085501953581,0.0741780397618631
"nec3param",10.1931231499074,0.0658910176504415,0.0590053540290844,0.0737295535201951
"nec3param",10.2751429621286,0.0654667883729694,0.0585973891035658,0.0732863692887177
"nec3param",10.3578227535827,0.0650468311534945,0.0581986286372123,0.0728455735574796
"nec3param",10.4411678348473,0.0646323549644829,0.057805975632762,0.0724040634328517
"nec3param",10.5251835592322,0.0642162587842813,0.0574160729191807,0.0719604462177287
"nec3param",10.609875323123,0.063798992304564,0.0570289674080432,0.0715345461983193
"nec3param",10.6952485663278,0.0633852591754166,0.056644332667089,0.0710997642556616
"nec3param",10.7813087724264,0.0629800528997199,0.0562622054989454,0.0706653839469964
"nec3param",10.8680614691228,0.0625739984507073,0.0558794642995098,0.0702340594974959
"nec3param",10.9555122286002,0.0621729002748387,0.0555056673598551,0.0698053850731589
"nec3param",11.0436666678787,0.0617771441830626,0.0551246841170948,0.0693788790249686
"nec3param",11.1325304491763,0.0613843828691451,0.0547473795740655,0.0689547362787968
"nec3param",11.2221092802725,0.0609900353695481,0.0543757118321015,0.0685287831339719
"nec3param",11.3124089148749,0.0605947620740416,0.0540066987474268,0.0681137224507521
"nec3param",11.4034351529888,0.060207299304843,0.0536402155711203,0.0677013050534734
"nec3param",11.4951938412897,0.0598201263976908,0.0532732537076897,0.067291455307559
"nec3param",11.5876908734988,0.0594354424433907,0.052903410689932,0.0668842539086401
"nec3param",11.6809321907619,0.0590530793827471,0.0525481078565348,0.0664890168749478
"nec3param",11.7749237820303,0.0586716478166033,0.0521933518078012,0.0660961154143506
"nec3param",11.8696716844462,0.0582925442449683,0.0518396400070715,0.0657005542976959
"nec3param",11.9651819837302,0.0579174615836784,0.0514883908516992,0.0652949791524442
"nec3param",12.0614608145718,0.0575458103506713,0.0511380042076553,0.0648843568881414
"nec3param",12.1585143610242,0.0571777015624745,0.050785196682671,0.0644909610119591
"nec3param",12.2563488569009,0.056807468052606,0.0504375914848514,0.0641102587916291
"nec3param",12.3549705861763,0.0564415446717183,0.0500970215903238,0.0637213776833623
"nec3param",12.4543858833893,0.0560791826714203,0.0497598390721108,0.0633259725850631
"nec3param",12.5546011340502,0.0557201990124489,0.0494222307739808,0.0629507537212474
"nec3param",12.655622775051,0.0553625924731152,0.049087543233063,0.0625680199097593
"nec3param",12.7574572950785,0.055004979013696,0.048757557752726,0.0621960531128862
"nec3param",12.8601112350314,0.0546500495418888,0.0484275296598504,0.0618266145555047
"nec3param",12.96359118844,0.0542979087742589,0.0480993609706472,0.0614622053379125
"nec3param",13.0679038018904,0.0539465676241121,0.0477717303299728,0.0610995917187043
"nec3param",13.1730557754507,0.0535988762577177,0.0474485000136974,0.0607310681969875
"nec3param",13.2790538631017,0.0532575843378086,0.0471275489282488,0.060367950651085
"nec3param",13.3859048731709,0.0529132178756713,0.0468087516618841,0.0600070181373025
"nec3param",13.4936156687692,0.0525729124911517,0.046492122197281,0.0596415152598947
"nec3param",13.6021931682324,0.0522351699189267,0.0461775956436612,0.0592789576759232
"nec3param",13.7116443455652,0.0518925229900863,0.0458643953802708,0.0589267742710516
"nec3param",13.821976230889,0.0515596830129928,0.0455531637791581,0.0585762791018653
"nec3param",13.9331959108939,0.0512295714616189,0.0452440593618672,0.0582255301196301
"nec3param",14.0453105292936,0.0508988171527841,0.0449368350428638,0.057869922745661
"nec3param",14.1583272872842,0.0505713395536267,0.0446306703048963,0.0575159806515985
"nec3param",14.2722534440068,0.0502452061562482,0.0443167422226875,0.0571667824411843
"nec3param",14.3870963170139,0.0499245803766705,0.0440041903584172,0.0568192279524686
"nec3param",14.5028632827393,0.0496042022924127,0.043699700383142,0.056474961192325
"nec3param",14.6195617769718,0.0492862461081318,0.043404342636919,0.0561402506925787
"nec3param",14.7371992953328,0.04897117946843,0.0431134128309772,0.0558075239254741
"nec3param",14.8557833937581,0.0486568623417906,0.0428213020411464,0.0554767691339889
"nec3param",14.9753216889827,0.0483450876834767,0.0425227520411811,0.0551479746307812
"nec3param",15.0958218590306,0.0480345767879302,0.0422332146441703,0.054820942267149
"nec3param",15.2172916437073,0.0477278630750763,0.0419518464384525,0.0544891683662242
"nec3param",15.3397388450975,0.0474184190291586,0.041667771646689,0.0541557016144358
"nec3param",15.4631713280661,0.0471141460697069,0.0413808634082272,0.0538242721914756
"nec3param",15.587597020763,0.0468122717502592,0.0410983977523546,0.0534941318853261
"nec3param",15.7130239151329,0.0465089058220339,0.0408171924023044,0.0531660165510379
"nec3param",15.8394600674282,0.0462073044521213,0.0405373225325265,0.0528399137680989
"nec3param",15.9669135987267,0.0459084809677395,0.0402615629337186,0.0525158111921809
"nec3param",16.0953926954529,0.0456164735726823,0.039987900750786,0.0521936965546711
"nec3param",16.2249056099044,0.0453245776707617,0.0397095547214848,0.0518781741427053
"nec3param",16.3554606607814,0.0450322658355821,0.0394373424387525,0.0515606834898076
"nec3param",16.4870662337211,0.0447459917228723,0.0391675387429012,0.0512451174256483
"nec3param",16.6197307818366,0.0444595852516495,0.0389023345246643,0.0509314827168641
"nec3param",16.7534628262597,0.0441748717230059,0.0386348411990106,0.0506197675429954
"nec3param",16.888270956688,0.0438889328675127,0.0383673423579541,0.0503097630085031
"nec3param",17.0241638319371,0.0436047939773837,0.038101561629411,0.0500020936923135
"nec3param",17.1611501804961,0.0433238564367806,0.0378376441477078,0.0496988204754414
"nec3param",17.299238801089,0.0430455886310257,0.0375755841452182,0.0494002783030446
"nec3param",17.4384385632392,0.04276663579861,0.0373144778915651,0.0491032972032176
"nec3param",17.5787584078396,0.0424942913955844,0.0370571415943738,0.0487994872051355
"nec3param",17.7202073477267,0.042220680083337,0.0368035885969078,0.0485003242294448
"nec3param",17.8627944682595,0.0419506015343316,0.0365518997190675,0.0482059679032091
"nec3param",18.0065289279031,0.0416795354793072,0.0363029830762141,0.0479140383838178
"nec3param",18.151419958817,0.0414089196115745,0.0360573933194121,0.0476255420288051
"nec3param",18.297476867448,0.0411389348079517,0.0358134649779307,0.0473386096291185
"nec3param",18.444709035128,0.0408746389524368,0.0355704144690154,0.0470533385930114
"nec3param",18.5931259186765,0.0406113366062258,0.0353290494705521,0.0467668167006888
"nec3param",18.7427370510083,0.0403495664722153,0.03508841205929,0.0464780302959176
"nec3param",18.8935520417454,0.0400878002811426,0.0348475373712128,0.0462028696955994
"nec3param",19.0455805778344,0.0398274634595125,0.0346076331114756,0.0459293381213723
"nec3param",19.1988324241689,0.0395714924255557,0.034370264666038,0.0456535526375135
"nec3param",19.3533174242163,0.0393161780374518,0.0341390501439853,0.0453763364415688
"nec3param",19.5090455006505,0.0390627192943842,0.0339072704684209,0.0450989144520814
"nec3param",19.6660266559888,0.0388111158098002,0.0336761949582845,0.0448263061673951
"nec3param",19.8242709732348,0.0385610934513605,0.0334448094370855,0.044562671462704
"nec3param",19.9837886165257,0.0383112129814157,0.0332149268791252,0.0442899843799178
"nec3param",20.1445898317852,0.0380634879466338,0.0329866330306304,0.0440180038390292
"nec3param",20.306684947382,0.037820072139465,0.032759837099855,0.0437476025224526
"nec3param",20.4700843747925,0.03757714636334,0.0325348267704498,0.043478862273965
"nec3param",20.6347986092701,0.0373334805304419,0.0323111713772289,0.043211772889665
"nec3param",20.800838230519,0.0370922037001203,0.0320890577107417,0.0429463242283338
"nec3param",20.9682139033741,0.0368521527847395,0.0318707837604612,0.0426860171547017
"nec3param",21.1369363784857,0.0366159760122684,0.0316541811925511,0.0424310981850598
"nec3param",21.3070164930098,0.0363803868825308,0.0314346531048781,0.0421766402619996
"nec3param",21.4784651713049,0.0361441649696632,0.0312166474915093,0.0419187366925417
"nec3param",21.651293425633,0.0359137996021788,0.0310044199486108,0.0416623663217017
"nec3param",21.8255123568674,0.0356836057074261,0.0307947816540457,0.041407391429839
"nec3param",22.0011331552051,0.0354559483390478,0.0305865755458301,0.0411539769950174
"nec3param",22.1781671008864,0.0352291990415348,0.030377261917252,0.0409021134671537
"nec3param",22.3566255649188,0.0350037150129512,0.0301671513341077,0.0406540962337799
"nec3param",22.5365200098075,0.0347773721807923,0.0299585401116095,0.0404032551900104
"nec3param",22.7178619902917,0.0345544246474922,0.0297561940771324,0.0401573247161361
"nec3param",22.9006631540869,0.034332153880504,0.0295497437623032,0.0399136530700009
"nec3param",23.0849352426328,0.034110460403568,0.0293443329922141,0.0396712750709583
"nec3param",23.2706900918477,0.0338909183822909,0.0291436052247005,0.0394305516069012
"nec3param",23.4579396328883,0.0336729062519357,0.0289430824976931,0.0391916614230009
"nec3param",23.6466958929168,0.0334558017726208,0.0287429127937972,0.038954218570994
"nec3param",23.8369709958725,0.0332399821119333,0.0285460688689846,0.0387163039971359
"nec3param",24.0287771632513,0.0330248492719968,0.0283525811044198,0.038480864832492
"nec3param",24.2221267148902,0.0328113682842004,0.028160312135403,0.0382477037374892
"nec3param",24.417032069759,0.0326003782813422,0.0279676839966941,0.0380162236669341
"nec3param",24.6135057467575,0.032389995626952,0.0277764430695359,0.0377890070402611
"nec3param",24.81156036552,0.032180106891865,0.0275868325005198,0.0375604401572262
"nec3param",25.0112086472259,0.0319717654322357,0.0274012856524666,0.037333551482766
"nec3param",25.2124634154163,0.0317659924025052,0.0272144692759191,0.0371123033993346
"nec3param",25.4153375968182,0.0315610770815655,0.0270287723022255,0.0368887937582521
"nec3param",25.6198442221746,0.031359382698908,0.0268443424254916,0.0366688535224385
"nec3param",25.8259964270813,0.03115802026144,0.0266611709997232,0.0364492279005427
"nec3param",26.033807452831,0.0309552347295563,0.0264792907443585,0.0362315403122458
"nec3param",26.2432906472632,0.0307582883849701,0.0262986591833216,0.0360151528352129
"nec3param",26.4544594656224,0.030560848605845,0.0261192598235739,0.0357999868944165
"nec3param",26.6673274714213,0.0303647365839877,0.0259414124261367,0.0355860387324459
"nec3param",26.8819083373129,0.0301690160826008,0.0257657250985465,0.035372290457612
"nec3param",27.0982158459683,0.0299769717573996,0.0255896055707544,0.0351532906633051
"nec3param",27.3162638909619,0.0297860198801626,0.0254138917793307,0.0349407737475008
"nec3param",27.5360664776639,0.029596053251588,0.0252405279439929,0.0347286557804845
"nec3param",27.7576377241399,0.0294046861701791,0.0250697739363152,0.0345164169738079
"nec3param",27.9809918620578,0.0292158629944798,0.0249001947925245,0.0343093773813411
"nec3param",28.2061432376016,0.0290272261581584,0.0247318088182244,0.0341047552815815
"nec3param",28.4331063123932,0.0288407010643789,0.0245645615445884,0.0338968807955717
"nec3param",28.6618956644211,0.0286553699925938,0.0243984046380302,0.0336938863839211
"nec3param",28.8925259889768,0.0284720589766171,0.0242313241119897,0.0334939032712699
"nec3param",29.1250120995988,0.0282889131493622,0.0240631086506793,0.0332936487510992
"nec3param",29.3593689290236,0.0281072006238947,0.0238986166442061,0.0330913689056601
"nec3param",29.5956115301457,0.0279256005079557,0.0237362417078073,0.0328903180550194
"nec3param",29.8337550769836,0.0277456879616744,0.0235752551982137,0.03269048873205
"nec3param",30.0738148656549,0.0275671474699218,0.0234153605532799,0.0324918405373767
"nec3param",30.3158063153588,0.0273903507387078,0.0232553974798552,0.032294298493785
"nec3param",30.5597449693662,0.0272137012568573,0.0230957076463239,0.032097957455311
"nec3param",30.8056464960183,0.0270373781938666,0.0229371419020225,0.0319028101201492
"nec3param",31.0535266897329,0.026864541836406,0.0227796909930793,0.0317088492308874
"nec3param",31.303401472019,0.0266926425356049,0.0226251092916228,0.0315160675742363
"nec3param",31.5552868924991,0.0265200964585276,0.0224723023022017,0.0313244579807618
"nec3param",31.8091991299405,0.026349373418741,0.0223205273509552,0.0311340133246179
"nec3param",32.0651544932943,0.0261802047265012,0.0221697774676339,0.0309451655610858
"nec3param",32.3231694227429,0.0260117726556591,0.0220200457290647,0.0307594969542997
"nec3param",32.5832604907559,0.0258436578734988,0.0218713252588326,0.0305749423522691
"nec3param",32.8454444031548,0.0256771945531045,0.0217232261238967,0.0303914950709616
"nec3param",33.1097380001858,0.025511921841864,0.0215766379231511,0.0302091484664491
"nec3param",33.3761582576015,0.0253470558504147,0.0214310549909304,0.0300262823629778
"nec3param",33.6447222877514,0.0251836673951514,0.0212863230119908,0.0298432957555441
"nec3param",33.915447340681,0.0250215011049346,0.0211424925642602,0.0296622624362178
"nec3param",34.1883508052395,0.0248601605534409,0.0209996952842434,0.0294834468827249
"nec3param",34.463450210197,0.024700086475423,0.0208550939815709,0.0293015908332108
"nec3param",34.7407632253705,0.0245405937512864,0.020711115149153,0.029122322148186
"nec3param",35.0203076627583,0.024382424959177,0.020570936073413,0.0289448620626469
"nec3param",35.3021014776849,0.0242251233572331,0.0204319046538706,0.028768483360543
"nec3param",35.5861627699533,0.0240689903199603,0.0202938137363083,0.028594170246539
"nec3param",35.8725097850083,0.0239140713126274,0.0201567737559564,0.0284244921754504
"nec3param",36.1611609151084,0.0237593537832921,0.0200206591818369,0.0282558209767409
"nec3param",36.4521347005065,0.0236063839984273,0.0198854637648271,0.0280881179498866
"nec3param",36.7454498306416,0.0234538819737968,0.0197489735062421,0.027921367247462
"nec3param",37.0411251453384,0.0233025261388603,0.0196168430946257,0.0277556065087447
"nec3param",37.3391796360183,0.0231523523855708,0.0194823395886042,0.0275923452757812
"nec3param",37.6396324469184,0.0230019877003692,0.019348758314476,0.0274271356967703
"nec3param",37.9425028763215,0.0228538201402376,0.0192161063594914,0.0272644600105233
"nec3param",38.2478103777958,0.0227070216179836,0.019084434197821,0.0271027235587387
"nec3param",38.5555745614443,0.0225610443577521,0.0189536642800222,0.0269418794107027
"nec3param",38.8658151951639,0.0224148620420759,0.0188237904237205,0.026781989813019
"nec3param",39.1785522059162,0.0222701706761919,0.0186948064889047,0.026623049100769
"nec3param",39.4938056810061,0.022126899241483,0.0185664054742599,0.0264644773430431
"nec3param",39.8115958693731,0.0219845495261263,0.0184385394270209,0.0263058008521872
"nec3param",40.1319431828912,0.0218427432905486,0.0183130638907063,0.0261480757611763
"nec3param",40.4548681976805,0.0217021259439691,0.0181875907032574,0.0259912963655472
"nec3param",40.7803916554284,0.0215629246341541,0.0180629248545744,0.0258354569950401
"nec3param",41.1085344647219,0.0214237841982948,0.0179382547914765,0.0256805520133934
"nec3param",41.4393177023909,0.0212857647473232,0.0178139665204288,0.0255265564029648
"nec3param",41.7727626148617,0.0211487399287814,0.0176919469340012,0.0253733744963602
"nec3param",42.1088906195217,0.0210115496643851,0.0175722045426076,0.0252211086219005
"nec3param",42.4477233060951,0.0208759516857962,0.0174522002636499,0.0250686993118006
"nec3param",42.7892824380295,0.0207408759205682,0.0173325838108793,0.0249148621865823
"nec3param",43.1335899538942,0.0206069572175598,0.0172138076483014,0.0247643493686075
"nec3param",43.4806679687887,0.0204747424255814,0.0170958454324109,0.024618853072083
"nec3param",43.8305387757636,0.0203430824740804,0.016978691585403,0.0244737667404703
"nec3param",44.1832248472524,0.0202116708585161,0.0168623405676964,0.0243270634744073
"nec3param",44.5387488365149,0.0200828721023444,0.0167467868776715,0.0241812396021001
"nec3param",44.8971335790922,0.0199537807968669,0.0166325049460761,0.0240361532374546
"nec3param",45.2584020942735,0.0198250261955271,0.016519231832372,0.0238919291465199
"nec3param",45.6225775865747,0.0196974854181812,0.0164051816602565,0.023747219788182
"nec3param",45.9896834472286,0.0195706115405226,0.01629234505668,0.0236021508293378
"nec3param",46.3597432556877,0.0194444019449365,0.0161806540342205,0.023457968087179
"nec3param",46.7327807811383,0.0193197572679604,0.0160697287027297,0.023314666147821
"nec3param",47.1088199840276,0.019195644054513,0.0159595638130528,0.0231757180818066
"nec3param",47.4878850176025,0.0190720340433715,0.0158501541520205,0.0230410835645075
"nec3param",47.8700002294609,0.0189493989202427,0.0157415150270563,0.0229067449982109
"nec3param",48.2551901631159,0.0188275281623073,0.0156336538192929,0.0227694736727683
"nec3param",48.6434795595717,0.0187070216424056,0.0155265316816797,0.022633024982453
"nec3param",49.0348933589133,0.0185871758899661,0.0154204913131941,0.0224973939972833
"nec3param",49.4294567019081,0.0184673618771288,0.0153144416429766,0.0223625758168229
"nec3param",49.8271949316206,0.0183486562321264,0.0152094625313646,0.0222285358788644
"nec3param",50.2281335950408,0.0182310509241707,0.0151052074096837,0.0220952349772788
"nec3param",50.6322984447242,0.0181135291083454,0.0150027260646101,0.0219627155749078
"nec3param",51.0397154404467,0.0179970978518686,0.0149016749966676,0.0218309822814173
"nec3param",51.4504107508715,0.0178815628353623,0.0147994857665257,0.021700039130082
"nec3param",51.8644107552302,0.0177673286132558,0.014697996400021,0.0215698620506429
"nec3param",52.281742045017,0.017652953413108,0.0145972030102816,0.0214404452374815
"nec3param",52.7024314256971,0.0175395031878049,0.0144971008245515,0.0213118049160906
"nec3param",53.1265059184276,0.017426828907812,0.0143976851028048,0.0211839364275433
"nec3param",53.5539927617939,0.0173145809349983,0.0142989890012382,0.0210568351408667
"nec3param",53.9849194135589,0.0172038679243926,0.0142014230878109,0.0209304964528734
"nec3param",54.4193135524267,0.0170929871819796,0.0141045043674193,0.0208049157879955
"nec3param",54.8572030798202,0.0169832854640876,0.0140082562767754,0.0206800885981182
"nec3param",55.2986161216736,0.0168735065252278,0.0139126649763889,0.0205560103624157
"nec3param",55.7435810302388,0.0167647336362274,0.013817725984366,0.0204319089592719
"nec3param",56.1921263859063,0.0166570489459065,0.013723434849397,0.0203074189771097
"nec3param",56.6442809990412,0.0165500127950741,0.0136294331453243,0.020183687507198
"nec3param",57.1000739118335,0.0164436386191337,0.0135355494629758,0.0200607099279246
"nec3param",57.5595344001635,0.0163378296098922,0.0134419440688151,0.0199384816458372
"nec3param",58.0226919754827,0.0162319329639185,0.0133489860059728,0.0198169896623075
"nec3param",58.4895763867087,0.0161273459361872,0.0132566707977993,0.0196961996234843
"nec3param",58.9602176221361,0.0160233646042835,0.0131654952093337,0.0195761458333979
"nec3param",59.4346459113629,0.0159203911576319,0.013075180224064,0.0194570654990073
"nec3param",59.9128917272322,0.0158181815077479,0.012985523180854,0.0193416557644047
"nec3param",60.3949857877892,0.0157166521532841,0.0128964482044973,0.0192269305963489
"nec3param",60.8809590582546,0.0156157744696667,0.0128079928503875,0.019112885934174
"nec3param",61.3708427530131,0.0155153708667864,0.0127201504416071,0.0189968491217633
"nec3param",61.8646683376187,0.0154157321678335,0.0126329104916933,0.0188812036425159
"nec3param",62.3624675308154,0.0153169641474578,0.0125462688687389,0.0187675910392164
"nec3param",62.8642723065749,0.0152191161577782,0.0124602214691748,0.0186552283538826
"nec3param",63.37011489615,0.0151209959602716,0.012374764217576,0.0185435383923518
"nec3param",63.8800277901452,0.0150239728976793,0.0122898930664684,0.018432517126966
"nec3param",64.394043740603,0.0149267884890875,0.012205603996137,0.0183221605541813
"nec3param",64.9121957631082,0.0148301675775421,0.0121218930144357,0.0182124646944236
"nec3param",65.434517138908,0.0147347549444389,0.0120387561565983,0.0181033754467099
"nec3param",65.9610414170501,0.0146401256554707,0.0119561894850503,0.0179949390289831
"nec3param",66.4918024165373,0.0145462426886239,0.0118739808451211,0.0178871521297315
"nec3param",67.0268342285,0.0144532344691727,0.0117922355948124,0.0177800108584266
"nec3param",67.5661712183855,0.0143602997966375,0.0117113933031644,0.0176735113478436
"nec3param",68.1098480281657,0.0142682685182458,0.0116311428568611,0.017567649753922
"nec3param",68.6578995785618,0.0141766834141837,0.0115517729865978,0.0174624222556267
"nec3param",69.2103610712876,0.0140857773626169,0.0114722383481632,0.0173578250548101
"nec3param",69.7672679913105,0.0139962147953292,0.0113935866001637,0.017253854376075
"nec3param",70.3286561091304,0.0139068172403296,0.0113154740766667,0.0171505064666386
"nec3param",70.8945614830778,0.0138167200594869,0.0112378970808216,0.0170477775961964
"nec3param",71.4650204616294,0.0137277462820833,0.0111605830542648,0.0169456640567882
"nec3param",72.0400696857429,0.0136393389713816,0.0110834458860665,0.0168441621626641
"nec3param",72.6197460912106,0.0135514010111847,0.0110074398585092,0.0167432682501513
"nec3param",73.2040869110316,0.0134644053730601,0.0109322132813435,0.0166423106704351
"nec3param",73.7931296778033,0.0133780533294026,0.0108570614923911,0.0165418324770701
"nec3param",74.3869122261328,0.0132922550927412,0.0107824263230993,0.0164419609232841
"nec3param",74.9854726950661,0.0132065593067588,0.010708304222041,0.0163426923464697
"nec3param",75.5888495305381,0.013121623194984,0.0106346916622028,0.0162440231061325
"nec3param",76.1970814878424,0.0130369834506028,0.0105615851408171,0.0161463719856021
"nec3param",76.8102076341201,0.0129529632459123,0.0104889811791958,0.0160497237675192
"nec3param",77.4282673508693,0.0128694577346767,0.0104168763225646,0.0159536540619418
"nec3param",78.0513003364748,0.0127859996126902,0.0103452671398983,0.015858159406036
"nec3param",78.6793466087576,0.0127037795165202,0.0102741502237581,0.0157631720316886
"nec3param",79.3124465075454,0.0126223381602041,0.010203522190129,0.0156669827568926
"nec3param",79.9506406972636,0.0125418564439463,0.010133379678259,0.0155728684261467
"nec3param",80.5939701695475,0.0124612233666432,0.0100637359718156,0.0154800683871324
"nec3param",81.2424762458747,0.0123805941081077,0.009994573104311,0.0153878213516756
"nec3param",81.89620058022,0.0123006668530988,0.0099258855577986,0.0152960124052418
"nec3param",82.5551851617299,0.0122224270663256,0.00985767006563861,0.0152019071416553
"nec3param",83.2194723174201,0.0121438281018821,0.00978975403183287,0.0151083808402544
"nec3param",83.8891047148943,0.0120651817663128,0.00972207606064834,0.0150154299390952
"nec3param",84.5641253650847,0.0119881913707156,0.00965486595830736,0.0149257630463343
"nec3param",85.2445776250141,0.0119112391445361,0.00958812049034721,0.014834666357113
"nec3param",85.9305052005819,0.0118350541066571,0.00952183835422895,0.0147441216117727
"nec3param",86.62195214937,0.0117588153179552,0.00945603023908521,0.0146546368935246
"nec3param",87.3189628834737,0.0116835446450955,0.00939166451206364,0.0145661301747861
"nec3param",88.0215821723536,0.0116080996407155,0.00932774679735354,0.0144784621992
"nec3param",88.7298551457117,0.0115328793239776,0.00926426409359456,0.0143929348022857
"nec3param",89.4438272963896,0.0114586026885977,0.00919974968014242,0.0143067435276903
"nec3param",90.1635444832915,0.0113848101329064,0.009136600352524,0.014219987769271
"nec3param",90.8890529343285,0.0113114899664878,0.00907407308350637,0.0141337581052398
"nec3param",91.6203992493884,0.0112386419984662,0.00901197373074938,0.0140480513452588
"nec3param",92.3576304033292,0.0111666803847953,0.00895030586397559,0.0139628643183375
"nec3param",93.1007937489958,0.0110952400572044,0.00888881519694958,0.013878166545297
"nec3param",93.8499370202616,0.0110236044876469,0.00882772678913863,0.0137939518465504
"nec3param",94.605108335095,0.0109525356836539,0.00876705821181335,0.0137102481746369
"nec3param",95.3663561986491,0.0108819668619748,0.00870680657968439,0.0136274187331053
"nec3param",96.1337295063782,0.0108117093507273,0.00864696902729161,0.0135451153423906
"nec3param",96.9072775471775,0.0107415784711045,0.00858754270886777,0.013463309026918
"nec3param",97.6870500065498,0.0106723080654771,0.0085285247982032,0.0133819967845758
"nec3param",98.473096969796,0.010603359663027,0.00846991248851141,0.0133011756313841
"nec3param",99.2654689252332,0.010534489813208,0.00841170299229557,0.0132208426013847
"nec3param",100.064216767436,0.0104664453019057,0.008353908452333,0.0131410747582406
"nec3param",100.869391800508,0.0103985748589352,0.00829651162665969,0.0130623097727834
"nec3param",101.681045741373,0.0103318575861078,0.00824023880390853,0.0129840168909091
"nec3param",102.499230723101,0.0102659025316925,0.00818445581663041,0.0129061932828994
"nec3param",103.323999298256,0.0102001136895009,0.00812905045923366,0.0128288361359968
"nec3param",104.155404442268,0.0101345000486498,0.00807402017529016,0.0127519426543034
"nec3param",104.993499556841,0.0100696633084637,0.00801884695197925,0.0126755100586795
"nec3param",105.838338473379,0.0100045790239802,0.00796351020481147,0.0125995355866431
"nec3param",106.689975456443,0.0099399231217881,0.00790855532819702,0.0125238376913892
"nec3param",107.548465207242,0.00987579416371604,0.0078539796868997,0.0124478457909763
"nec3param",108.413862867139,0.00981201514921581,0.00779975840379613,0.0123723107776837
"nec3param",109.2862240212,0.00974847518818701,0.00774587456827097,0.0122972105646242
"nec3param",110.165604701759,0.00968574251835189,0.00769236298464163,0.01222256621164
"nec3param",111.052061392018,0.00962344930498708,0.00763928201468926,0.0121483749516494
"nec3param",111.945651029678,0.00956152785636837,0.00758668421382812,0.0120750818657112
"nec3param",112.846431010593,0.00949987303139076,0.00753431661052121,0.0120025008226614
"nec3param",113.754459192457,0.00943878475864114,0.00748231047816567,0.0119295128872299
"nec3param",114.66979389852,0.0093782242121974,0.00743066332168354,0.0118569535496836
"nec3param",115.592493921338,0.00931790914143955,0.0073793827324125,0.0117848965219522
"nec3param",116.522618526542,0.00925762035063268,0.00732893624926176,0.0117132798071836
"nec3param",117.460227456653,0.00919829371747911,0.00727890949511683,0.0116420653633173
"nec3param",118.405380934911,0.00913952591356929,0.00722922422083944,0.011571902420984
"nec3param",119.358139669152,0.009081012414765,0.00717988033937231,0.0115029147955093
"nec3param",120.318564855698,0.00902310724121339,0.00713087624702586,0.0114334913272694
"nec3param",121.286718183295,0.00896508144919425,0.00708220661765271,0.0113632347698047
"nec3param",122.262661837072,0.00890734278581559,0.0070338691684716,0.0112943639732591
"nec3param",123.246458502536,0.00884983681700107,0.00698586163228177,0.0112261830623001
"nec3param",124.238171369597,0.00879240411568526,0.00693818175735657,0.0111586615809045
"nec3param",125.237864136631,0.00873528824620436,0.00689082730733792,0.011092540225299
"nec3param",126.245601014563,0.0086793248686418,0.00684380097166877,0.0110267779188516
"nec3param",127.261446731002,0.00862355262021295,0.00679684890250132,0.0109614054914971
"nec3param",128.28546653439,0.0085680950433898,0.0067498797618363,0.0108964206317566
"nec3param",129.317726198196,0.00851346761150704,0.00670323520026843,0.0108305836698736
"nec3param",130.358292025143,0.00845918410806501,0.0066569129747869,0.0107648190002537
"nec3param",131.407230851461,0.00840496725446838,0.00661091085788135,0.0106994536680333
"nec3param",132.464610051185,0.0083511384221321,0.00656542690637167,0.010634485248313
"nec3param",133.530497540483,0.00829732512800304,0.00652077617555921,0.0105698940516048
"nec3param",134.604961782011,0.00824362141587372,0.00647644854161247,0.0105056624426337
"nec3param",135.688071789321,0.00819034895643412,0.00643242224285085,0.0104418211595649
"nec3param",136.779897131284,0.00813801373534373,0.00638860578050476,0.0103783678304439
"nec3param",137.880507936565,0.0080859135605939,0.0063447127917287,0.0103153000977302
"nec3param",138.989974898123,0.00803369071061833,0.00630164216867846,0.01025261561821
"nec3param",140.108369277757,0.00798204495894047,0.00625886392939071,0.0101903120629085
"nec3param",141.235762910678,0.0079308488859189,0.00621637608901269,0.0101283871170041
"nec3param",142.372228210124,0.00788003770914525,0.00617382432600946,0.0100668384797418
"nec3param",143.517838172014,0.00782925136588958,0.00613136714112028,0.0100071490916168
"nec3param",144.672666379635,0.00777863823798687,0.00608920193295286,0.00994765193179353
"nec3param",145.836787008366,0.00772869021712893,0.00604732669359201,0.00988690229724782
"nec3param",147.010274830445,0.0076790214614889,0.0060057394289309,0.00982771178798253
"nec3param",148.193205219772,0.00762943820080625,0.00596443815857612,0.00976905189030689
"nec3param",149.385654156749,0.00758027559342045,0.00592342091575338,0.0097107421267363
"nec3param",150.587698233161,0.00753128064606878,0.00588268574721382,0.00965278040734107
"nec3param",151.799414657093,0.00748260239080195,0.00584223071314105,0.00959516465466629
"nec3param",153.020881257894,0.00743453004413513,0.00580206431538259,0.00953789280365736
"nec3param",154.252176491172,0.00738671262534862,0.00576217446467504,0.00948095860357761
"nec3param",155.493379443834,0.00733912088619545,0.00572255886160725,0.00942432363738558
"nec3param",156.744569839169,0.00729183578129617,0.00568321562069024,0.00936802698403126
"nec3param",158.005828041962,0.00724501496215772,0.00564414286939805,0.00931206662257305
"nec3param",159.277235063663,0.00719864789438854,0.0056053387480786,0.00925644054414166
"nec3param",160.558872567587,0.00715257757072567,0.00556680140986516,0.00920114675186799
"nec3param",161.850822874158,0.00710706177696936,0.00552852036562387,0.0091461832608115
"nec3param",163.1531689662,0.00706151985305486,0.00549039190797933,0.00909154809788884
"nec3param",164.465994494265,0.0070159469193575,0.00545252641100545,0.00903723930180315
"nec3param",165.789383782004,0.00697067641729261,0.00541518074277709,0.00898325492297353
"nec3param",167.123421831588,0.00692608437395375,0.00537803585497421,0.00892959302346518
"nec3param",168.468194329163,0.00688163232830634,0.00534105122774397,0.00887625167691969
"nec3param",169.823787650357,0.00683763594863806,0.00530432094299738,0.00882322896848601
"nec3param",171.190288865826,0.00679363187684465,0.00526782735505661,0.00877052299475163
"nec3param",172.567785746848,0.00675003908651675,0.00523150716618482,0.00871813186367429
"nec3param",173.956366770959,0.00670664112720663,0.00519543739480798,0.00866605369451405
"nec3param",175.356121127636,0.00666350389188568,0.00515961631436784,0.00861428661776578
"nec3param",176.76713872403,0.00662060210543526,0.00512404221021025,0.008562828775092
"nec3param",178.189510190734,0.0065777794609321,0.00508871337950316,0.0085111488454688
"nec3param",179.623326887608,0.00653568340055881,0.00505362813115503,0.0084597446646578
"nec3param",181.068680909648,0.00649371868136871,0.00501878478573394,0.00840865094702833
"nec3param",182.5256650929,0.00645185710675045,0.00498418167538717,0.00835786581748592
"nec3param",183.994373020421,0.00641022740844538,0.00494981975065745,0.0083073874122611
"nec3param",185.474899028295,0.00636895803589228,0.00491569737451667,0.00825721387884094
"nec3param",186.967338211685,0.006327976654936,0.00488181134649008,0.00820734337590115
"nec3param",188.471786430949,0.00628721266425396,0.00484821226781855,0.00815777407323842
"nec3param",189.988340317792,0.00624697510757322,0.00481522142463224,0.00810850415170334
"nec3param",191.517097281474,0.00620682540685828,0.00478245800234119,0.00805953180313356
"nec3param",193.058155515065,0.00616700422128235,0.00474984515422411,0.00801085523028746
"nec3param",194.611614001757,0.00612755951977352,0.00471701114556879,0.00796244926819554
"nec3param",196.177572521216,0.00608842112764669,0.004684404107253,0.007914335588921
"nec3param",197.756131655994,0.00604935206653742,0.00465202271090042,0.00786651264050594
"nec3param",199.347392797989,0.00601039319795342,0.00462015014780879,0.00781897866618255
"nec3param",200.951458154957,0.00597168523209415,0.00458864265772575,0.0077717319197984
"nec3param",202.568430757078,0.00593337898771698,0.00455724818578922,0.00772477066575243
"nec3param",204.198414463573,0.00589537752033147,0.00452591292071445,0.00767809317893107
"nec3param",205.841513969372,0.00585766467998479,0.00449479311439996,0.00763169774464496
"nec3param",207.497834811846,0.00582005054026653,0.00446388728536833,0.00758558265856589
"nec3param",209.167483377579,0.00578246912654525,0.00443319396232869,0.00754010799995733
"nec3param",210.850566909201,0.00574522098145451,0.0044027106674263,0.00749525977755645
"nec3param",212.547193512284,0.00570804438017969,0.0043724357636945,0.00745025720438726
"nec3param",214.257472162275,0.00567116203524209,0.00434236904302654,0.00740551581180511
"nec3param",215.981512711506,0.00563458098269851,0.00431250907386749,0.00736128025241408
"nec3param",217.71942589624,0.00559813491035398,0.00428285443450638,0.00731730892659534
"nec3param",219.471323343794,0.00556177156647799,0.00425340371300853,0.00727360025599373
"nec3param",221.237317579698,0.00552570287036404,0.00422415127352444,0.00723015267168216
"nec3param",223.017522034931,0.00549026012031721,0.00419510842434244,0.00718696461410526
"nec3param",224.812051053205,0.00545481322066178,0.00416638463398021,0.00714403453302341
"nec3param",226.621019898305,0.00541940637289857,0.0041379405246832,0.00710141540113882
"nec3param",228.444544761497,0.00538450112023073,0.00410969060495578,0.00705940562108653
"nec3param",230.28274276899,0.00534986492295825,0.00408163354905279,0.00701764435806651
"nec3param",232.13573198946,0.00531545152887411,0.00405376804028004,0.00697613014192701
"nec3param",234.003631441629,0.00528125950473782,0.00402604808736896,0.00693485031970951
"nec3param",235.886561101917,0.00524736437522528,0.00399844266858229,0.00689381250846756
"nec3param",237.784641912141,0.00521381978367027,0.00397102817059577,0.00685254233103442
"nec3param",239.697995787287,0.00518060363489983,0.00394380434864839,0.00681129808793925
"nec3param",241.626745623342,0.00514769217435633,0.00391676716267087,0.00677030208856105
"nec3param",243.571015305184,0.00511469461939898,0.0038898367178043,0.00672955283874205
"nec3param",245.530929714541,0.00508171995789448,0.0038630405939384,0.00668904885331778
"nec3param",247.506614738014,0.00504904777270818,0.00383642906226132,0.0066487885042235
"nec3param",249.498197275159,0.00501659304783427,0.00381000085115879,0.00660876574436222
"nec3param",251.505805246639,0.00498427127473478,0.00378384528814896,0.00656925449648656
"nec3param",253.529567602445,0.00495200001895736,0.00375798604796954,0.00653001420132001
"nec3param",255.56961433017,0.00492014137084569,0.00373230353315968,0.00649099899591348
"nec3param",257.626076463368,0.00488855097633501,0.00370679653595342,0.00645220546240551
"nec3param",259.699086089962,0.00485722311189733,0.00368146385683881,0.00641364378042579
"nec3param",261.788776360732,0.00482574247104942,0.00365630430450159,0.00637531256429268
"nec3param",263.895281497866,0.00479456686868142,0.00363128252319021,0.00633721043660629
"nec3param",266.018736803585,0.00476355623697188,0.00360638264573489,0.0062993360281989
"nec3param",268.159278668828,0.00473287715101784,0.00358149019716169,0.0062616879780858
"nec3param",270.317044582015,0.00470271811617585,0.00355660459816323,0.00622426493341643
"nec3param",272.49217313788,0.00467275126462932,0.00353189191438082,0.00618695936246868
"nec3param",274.684804046368,0.00464287318644997,0.00350735098183293,0.00615011494391426
"nec3param",276.895078141615,0.00461303251460619,0.00348298679518315,0.00611337843501338
"nec3param",279.123137390988,0.00458339360806511,0.00345904275805094,0.00607686136460466
"nec3param",281.369124904208,0.00455388991014092,0.00343550468001547,0.0060405624219135
"nec3param",283.633184942539,0.00452465195855629,0.00341212677382071,0.00600448030399499
"nec3param",285.915462928055,0.00449561562175062,0.00338890794952957,0.00596861371568711
"nec3param",288.216105452982,0.00446676562249676,0.00336584712462175,0.00593295874818095
"nec3param",290.535260289112,0.00443800412264485,0.0033429432239433,0.00589750712813455
"nec3param",292.873076397296,0.00440934136861311,0.00332007761629886,0.00586226734500393
"nec3param",295.229703937008,0.00438086035996923,0.00329710072966802,0.00582723813298057
"nec3param",297.605294275997,0.00435270480603452,0.00327452878885644,0.00579225031560774
"nec3param",300,0.00432487307064743,0.00325217137983305,0.00575735344830053
"nec4param",0.1,0.646544735,0.62668040025,0.6663375065
"nec4param",0.100804658307517,0.646544735,0.62668040025,0.6663375065
"nec4param",0.101615791364953,0.646544735,0.62668040025,0.6663375065
"nec4param",0.102433451271921,0.646544735,0.62668040025,0.6663375065
"nec4param",0.103257690547257,0.646544735,0.62668040025,0.6663375065
"nec4param",0.104088562132396,0.646544735,0.62668040025,0.6663375065
"nec4param",0.10492611939477,0.646544735,0.62668040025,0.6663375065
"nec4param",0.105770416131236,0.646544735,0.62668040025,0.6663375065
"nec4param",0.106621506571531,0.646544735,0.62668040025,0.6663375065
"nec4param",0.107479445381759,0.646544735,0.62668040025,0.6663375065
"nec4param",0.108344287667897,0.646544735,0.62668040025,0.6663375065
"nec4param",0.109216088979337,0.646544735,0.62668040025,0.6663375065
"nec4param",0.110094905312455,0.646544735,0.62668040025,0.6663375065
"nec4param",0.110980793114205,0.646544735,0.62668040025,0.6663375065
"nec4param",0.111873809285747,0.646544735,0.62668040025,0.6663375065
"nec4param",0.112774011186101,0.646544735,0.62668040025,0.6663375065
"nec4param",0.113681456635831,0.646544735,0.62668040025,0.6663375065
"nec4param",0.114596203920758,0.646544735,0.62668040025,0.6663375065
"nec4param",0.115518311795706,0.646544735,0.62668040025,0.6663375065
"nec4param",0.116447839488274,0.646544735,0.62668040025,0.6663375065
"nec4param",0.11738484670264,0.646544735,0.62668040025,0.6663375065
"nec4param",0.1183293936234,0.646544735,0.62668040025,0.6663375065
"nec4param",0.119281540919425,0.646544735,0.62668040025,0.6663375065
"nec4param",0.120241349747768,0.646544735,0.62668040025,0.6663375065
"nec4param",0.121208881757585,0.646544735,0.62668040025,0.6663375065
"nec4param",0.122184199094096,0.646544735,0.62668040025,0.6663375065
"nec4param",0.12316736440258,0.646544735,0.62668040025,0.6663375065
"nec4param",0.124158440832396,0.646544735,0.62668040025,0.6663375065
"nec4param",0.125157492041038,0.646544735,0.62668040025,0.6663375065
"nec4param",0.126164582198226,0.646544735,0.62668040025,0.6663375065
"nec4param",0.127179775990029,0.646544735,0.62668040025,0.6663375065
"nec4param",0.128203138623014,0.646544735,0.62668040025,0.6663375065
"nec4param",0.129234735828443,0.646544735,0.62668040025,0.6663375065
"nec4param",0.130274633866484,0.646544735,0.62668040025,0.6663375065
"nec4param",0.131322899530479,0.646544735,0.62668040025,0.6663375065
"nec4param",0.132379600151223,0.646544735,0.62668040025,0.6663375065
"nec4param",0.133444803601298,0.646544735,0.62668040025,0.6663375065
"nec4param",0.134518578299427,0.646544735,0.62668040025,0.6663375065
"nec4param",0.135600993214867,0.646544735,0.62668040025,0.6663375065
"nec4param",0.136692117871847,0.646544735,0.62668040025,0.6663375065
"nec4param",0.137792022354024,0.646544735,0.62668040025,0.6663375065
"nec4param",0.138900777308992,0.646544735,0.62668040025,0.6663375065
"nec4param",0.140018453952815,0.646544735,0.62668040025,0.6663375065
"nec4param",0.141145124074603,0.646544735,0.62668040025,0.6663375065
"nec4param",0.142280860041125,0.646544735,0.62668040025,0.6663375065
"nec4param",0.143425734801453,0.646544735,0.62668040025,0.6663375065
"nec4param",0.144579821891651,0.646544735,0.62668040025,0.6663375065
"nec4param",0.145743195439496,0.646544735,0.62668040025,0.6663375065
"nec4param",0.146915930169241,0.646544735,0.62668040025,0.6663375065
"nec4param",0.148098101406414,0.646544735,0.62668040025,0.6663375065
"nec4param",0.149289785082657,0.646544735,0.62668040025,0.6663375065
"nec4param",0.150491057740599,0.646544735,0.62668040025,0.6663375065
"nec4param",0.151701996538779,0.646544735,0.62668040025,0.6663375065
"nec4param",0.152922679256598,0.646544735,0.62668040025,0.6663375065
"nec4param",0.154153184299315,0.646544735,0.62668040025,0.6663375065
"nec4param",0.155393590703082,0.646544735,0.62668040025,0.6663375065
"nec4param",0.156643978140024,0.646544735,0.62668040025,0.6663375065
"nec4param",0.157904426923353,0.646544735,0.62668040025,0.6663375065
"nec4param",0.15917501801253,0.646544735,0.62668040025,0.6663375065
"nec4param",0.16045583301846,0.646544735,0.62668040025,0.6663375065
"nec4param",0.161746954208739,0.646544735,0.62668040025,0.6663375065
"nec4param",0.163048464512936,0.646544735,0.62668040025,0.6663375065
"nec4param",0.164360447527919,0.646544735,0.62668040025,0.6663375065
"nec4param",0.165682987523225,0.646544735,0.62668040025,0.6663375065
"nec4param",0.167016169446473,0.646544735,0.62668040025,0.6663375065
"nec4param",0.168360078928822,0.646544735,0.62668040025,0.6663375065
"nec4param",0.169714802290465,0.646544735,0.62668040025,0.6663375065
"nec4param",0.171080426546182,0.646544735,0.62668040025,0.6663375065
"nec4param",0.172457039410922,0.646544735,0.62668040025,0.6663375065
"nec4param",0.17384472930544,0.646544735,0.62668040025,0.6663375065
"nec4param",0.175243585361978,0.646544735,0.62668040025,0.6663375065
"nec4param",0.176653697429984,0.646544735,0.62668040025,0.6663375065
"nec4param",0.178075156081891,0.646544735,0.62668040025,0.6663375065
"nec4param",0.179508052618929,0.646544735,0.62668040025,0.6663375065
"nec4param",0.180952479076989,0.646544735,0.62668040025,0.6663375065
"nec4param",0.182408528232541,0.646544735,0.62668040025,0.6663375065
"nec4param",0.183876293608584,0.646544735,0.62668040025,0.6663375065
"nec4param",0.185355869480661,0.646544735,0.62668040025,0.6663375065
"nec4param",0.186847350882908,0.646544735,0.62668040025,0.6663375065
"nec4param",0.188350833614163,0.646544735,0.62668040025,0.6663375065
"nec4param",0.189866414244118,0.646544735,0.62668040025,0.6663375065
"nec4param",0.191394190119519,0.646544735,0.62668040025,0.6663375065
"nec4param",0.192934259370421,0.646544735,0.62668040025,0.6663375065
"nec4param",0.194486720916492,0.646544735,0.62668040025,0.6663375065
"nec4param",0.196051674473365,0.646544735,0.62668040025,0.6663375065
"nec4param",0.197629220559042,0.646544735,0.62668040025,0.6663375065
"nec4param",0.199219460500352,0.646544735,0.62668040025,0.6663375065
"nec4param",0.200822496439459,0.646544735,0.62668040025,0.6663375065
"nec4param",0.202438431340423,0.646544735,0.62668040025,0.6663375065
"nec4param",0.204067368995811,0.646544735,0.62668040025,0.6663375065
"nec4param",0.205709414033368,0.646544735,0.62668040025,0.6663375065
"nec4param",0.207364671922733,0.646544735,0.62668040025,0.6663375065
"nec4param",0.209033248982215,0.646544735,0.62668040025,0.6663375065
"nec4param",0.210715252385624,0.646544735,0.62668040025,0.6663375065
"nec4param",0.212410790169151,0.646544735,0.62668040025,0.6663375065
"nec4param",0.214119971238311,0.646544735,0.62668040025,0.6663375065
"nec4param",0.215842905374934,0.646544735,0.62668040025,0.6663375065
"nec4param",0.21757970324422,0.646544735,0.62668040025,0.6663375065
"nec4param",0.219330476401846,0.646544735,0.62668040025,0.6663375065
"nec4param",0.221095337301131,0.646544735,0.62668040025,0.6663375065
"nec4param",0.222874399300258,0.646544735,0.62668040025,0.6663375065
"nec4param",0.224667776669557,0.646544735,0.62668040025,0.6663375065
"nec4param",0.226475584598843,0.646544735,0.62668040025,0.6663375065
"nec4param",0.228297939204816,0.646544735,0.62668040025,0.6663375065
"nec4param",0.230134957538519,0.646544735,0.62668040025,0.6663375065
"nec4param",0.231986757592854,0.646544735,0.62668040025,0.6663375065
"nec4param",0.233853458310165,0.646544735,0.62668040025,0.6663375065
"nec4param",0.235735179589874,0.646544735,0.62668040025,0.6663375065
"nec4param",0.237632042296185,0.646544735,0.62668040025,0.6663375065
"nec4param",0.239544168265845,0.646544735,0.62668040025,0.6663375065
"nec4param",0.241471680315969,0.646544735,0.62668040025,0.6663375065
"nec4param",0.243414702251933,0.646544735,0.62668040025,0.6663375065
"nec4param",0.245373358875322,0.646544735,0.62668040025,0.6663375065
"nec4param",0.247347775991947,0.646544735,0.62668040025,0.6663375065
"nec4param",0.249338080419926,0.646544735,0.62668040025,0.6663375065
"nec4param",0.251344399997829,0.646544735,0.62668040025,0.6663375065
"nec4param",0.253366863592891,0.646544735,0.62668040025,0.6663375065
"nec4param",0.255405601109287,0.646544735,0.62668040025,0.6663375065
"nec4param",0.257460743496478,0.646544735,0.62668040025,0.6663375065
"nec4param",0.259532422757618,0.646544735,0.62668040025,0.6663375065
"nec4param",0.261620771958038,0.646544735,0.62668040025,0.6663375065
"nec4param",0.26372592523379,0.646544735,0.62668040025,0.6663375065
"nec4param",0.265848017800261,0.646544735,0.62668040025,0.6663375065
"nec4param",0.267987185960861,0.646544735,0.62668040025,0.6663375065
"nec4param",0.270143567115777,0.646544735,0.62668040025,0.6663375065
"nec4param",0.272317299770797,0.646544735,0.62668040025,0.6663375065
"nec4param",0.27450852354621,0.646544735,0.62668040025,0.6663375065
"nec4param",0.276717379185768,0.646544735,0.62668040025,0.6663375065
"nec4param",0.278944008565731,0.646544735,0.62668040025,0.6663375065
"nec4param",0.281188554703977,0.646544735,0.62668040025,0.6663375065
"nec4param",0.28345116176919,0.646544735,0.62668040025,0.6663375065
"nec4param",0.28573197509012,0.646544735,0.62668040025,0.6663375065
"nec4param",0.288031141164917,0.646544735,0.62668040025,0.6663375065
"nec4param",0.290348807670537,0.646544735,0.62668040025,0.6663375065
"nec4param",0.292685123472236,0.646544735,0.62668040025,0.6663375065
"nec4param",0.295040238633122,0.646544735,0.62668040025,0.6663375065
"nec4param",0.297414304423803,0.646544735,0.62668040025,0.6663375065
"nec4param",0.299807473332094,0.646544735,0.62668040025,0.6663375065
"nec4param",0.302219899072819,0.646544735,0.62668040025,0.6663375065
"nec4param",0.304651736597679,0.646544735,0.62668040025,0.6663375065
"nec4param",0.307103142105208,0.646544735,0.62668040025,0.6663375065
"nec4param",0.309574273050804,0.646544735,0.62668040025,0.6663375065
"nec4param",0.312065288156844,0.646544735,0.62668040025,0.6663375065
"nec4param",0.314576347422876,0.646544735,0.62668040025,0.6663375065
"nec4param",0.317107612135899,0.646544735,0.62668040025,0.6663375065
"nec4param",0.31965924488072,0.646544735,0.62668040025,0.6663375065
"nec4param",0.3222314095504,0.646544735,0.62668040025,0.6663375065
"nec4param",0.324824271356778,0.646544735,0.62668040025,0.6663375065
"nec4param",0.327437996841083,0.646544735,0.62668040025,0.6663375065
"nec4param",0.330072753884633,0.646544735,0.62668040025,0.6663375065
"nec4param",0.332728711719617,0.646544735,0.62668040025,0.6663375065
"nec4param",0.335406040939964,0.646544735,0.62668040025,0.6663375065
"nec4param",0.338104913512303,0.646544735,0.62668040025,0.6663375065
"nec4param",0.340825502787004,0.646544735,0.62668040025,0.6663375065
"nec4param",0.343567983509317,0.646544735,0.62668040025,0.6663375065
"nec4param",0.346332531830595,0.646544735,0.62668040025,0.6663375065
"nec4param",0.349119325319605,0.646544735,0.62668040025,0.6663375065
"nec4param",0.351928542973938,0.646544735,0.62668040025,0.6663375065
"nec4param",0.354760365231503,0.646544735,0.62668040025,0.6663375065
"nec4param",0.357614973982117,0.646544735,0.62668040025,0.6663375065
"nec4param",0.36049255257919,0.646544735,0.62668040025,0.6663375065
"nec4param",0.3633932858515,0.646544735,0.62668040025,0.6663375065
"nec4param",0.366317360115064,0.646544735,0.62668040025,0.6663375065
"nec4param",0.369264963185108,0.646544735,0.62668040025,0.6663375065
"nec4param",0.372236284388128,0.646544735,0.62668040025,0.6663375065
"nec4param",0.375231514574051,0.646544735,0.62668040025,0.6663375065
"nec4param",0.378250846128495,0.646544735,0.62668040025,0.6663375065
"nec4param",0.381294472985122,0.646544735,0.62668040025,0.6663375065
"nec4param",0.384362590638102,0.646544735,0.62668040025,0.6663375065
"nec4param",0.38745539615466,0.646544735,0.62668040025,0.6663375065
"nec4param",0.390573088187743,0.646544735,0.62668040025,0.6663375065
"nec4param",0.393715866988772,0.646544735,0.62668040025,0.6663375065
"nec4param",0.396883934420512,0.646544735,0.62668040025,0.6663375065
"nec4param",0.400077493970028,0.646544735,0.62668040025,0.6663375065
"nec4param",0.403296750761765,0.646544735,0.62668040025,0.6663375065
"nec4param",0.406541911570717,0.646544735,0.62668040025,0.6663375065
"nec4param",0.409813184835711,0.646544735,0.62668040025,0.6663375065
"nec4param",0.413110780672793,0.646544735,0.62668040025,0.6663375065
"nec4param",0.416434910888726,0.646544735,0.62668040025,0.6663375065
"nec4param",0.419785788994595,0.646544735,0.62668040025,0.6663375065
"nec4param",0.423163630219517,0.646544735,0.62668040025,0.6663375065
"nec4param",0.426568651524471,0.646544735,0.62668040025,0.6663375065
"nec4param",0.430001071616227,0.646544735,0.62668040025,0.6663375065
"nec4param",0.433461110961401,0.646544735,0.62668040025,0.6663375065
"nec4param",0.436948991800609,0.646544735,0.62668040025,0.6663375065
"nec4param",0.440464938162746,0.646544735,0.62668040025,0.6663375065
"nec4param",0.444009175879373,0.646544735,0.62668040025,0.6663375065
"nec4param",0.447581932599226,0.646544735,0.62668040025,0.6663375065
"nec4param",0.451183437802833,0.646544735,0.62668040025,0.6663375065
"nec4param",0.454813922817255,0.646544735,0.62668040025,0.6663375065
"nec4param",0.45847362083095,0.646544735,0.62668040025,0.6663375065
"nec4param",0.462162766908742,0.646544735,0.62668040025,0.6663375065
"nec4param",0.465881598006925,0.646544735,0.62668040025,0.6663375065
"nec4param",0.469630352988483,0.646544735,0.62668040025,0.6663375065
"nec4param",0.473409272638428,0.646544735,0.62668040025,0.6663375065
"nec4param",0.47721859967927,0.646544735,0.62668040025,0.6663375065
"nec4param",0.481058578786607,0.646544735,0.62668040025,0.6663375065
"nec4param",0.484929456604839,0.646544735,0.62668040025,0.6663375065
"nec4param",0.488831481763009,0.646544735,0.62668040025,0.6663375065
"nec4param",0.492764904890775,0.646544735,0.62668040025,0.6663375065
"nec4param",0.496729978634508,0.646544735,0.62668040025,0.6663375065
"nec4param",0.50072695767352,0.646544735,0.62668040025,0.6663375065
"nec4param",0.504756098736419,0.646544735,0.62668040025,0.6663375065
"nec4param",0.508817660617602,0.646544735,0.62668040025,0.6663375065
"nec4param",0.512911904193877,0.646544735,0.62668040025,0.6663375065
"nec4param",0.517039092441219,0.646544735,0.62668040025,0.6663375065
"nec4param",0.521199490451659,0.646544735,0.62668040025,0.6663375065
"nec4param",0.525393365450317,0.646544735,0.62668040025,0.6663375065
"nec4param",0.529620986812558,0.646544735,0.62668040025,0.6663375065
"nec4param",0.5338826260813,0.646544735,0.62668040025,0.666322669
"nec4param",0.538178556984455,0.646544735,0.62668040025,0.666322669
"nec4param",0.542509055452508,0.64653538,0.62668040025,0.666322669
"nec4param",0.54687439963624,0.64652944,0.62668040025,0.666322669
"nec4param",0.551274869924599,0.646523095,0.62668040025,0.666322669
"nec4param",0.555710748962703,0.64650694,0.62668040025,0.666322669
"nec4param",0.560182321669998,0.64648788,0.62666783225,0.66628604975
"nec4param",0.56468987525856,0.646481225,0.62662213325,0.666246733
"nec4param",0.569233699251537,0.64644812,0.62661460275,0.666238152
"nec4param",0.573814085501753,0.64641021,0.626490284,0.6660612
"nec4param",0.578431328210448,0.646317305,0.62637433825,0.66599986375
"nec4param",0.583085723946176,0.646228285,0.62589925025,0.665916997
"nec4param",0.587777571663857,0.646061235,0.625369219,0.66584996225
"nec4param",0.592507172723973,0.645917905,0.624852138,0.66564564375
"nec4param",0.597274830911933,0.64565643,0.624189216562076,0.66542550625
"nec4param",0.602080852457576,0.64545162,0.62306133575,0.6653209885
"nec4param",0.606925546054847,0.64514854,0.62136572675,0.66514905525
"nec4param",0.611809222881623,0.644739185,0.618979825698492,0.66477813225
"nec4param",0.616732196619697,0.64426235,0.615936777558039,0.6643029325
"nec4param",0.621694783474932,0.643588745,0.611954895135209,0.66398968375
"nec4param",0.626697302197565,0.64280438,0.607921497436425,0.663445122
"nec4param",0.631740074102685,0.641731465,0.603874699450795,0.662806053394132
"nec4param",0.636823423090869,0.640569205,0.599839371410532,0.66225947625
"nec4param",0.641947675668986,0.639160296424037,0.595862819752362,0.661545222591509
"nec4param",0.647113160971171,0.637397647300092,0.591938158683976,0.6606476365
"nec4param",0.652320210779964,0.635298376266953,0.587984557563916,0.6598617465
"nec4param",0.657569159547619,0.632769788270032,0.584079972412034,0.658765250583664
"nec4param",0.662860344417591,0.629643832765697,0.580161308546794,0.65712693025
"nec4param",0.668194105246186,0.626160794231175,0.576317412479764,0.65617547225
"nec4param",0.67357078462439,0.62225998632028,0.572575363985481,0.654763406015081
"nec4param",0.67899072789988,0.61804100048373,0.568856282001474,0.653300307
"nec4param",0.684454283199199,0.613627365092967,0.565083994631201,0.651532591
"nec4param",0.68996180145012,0.609256990339206,0.561257333604439,0.649546685759879
"nec4param",0.695513636404185,0.60493569298922,0.557479024840725,0.647101511105301
"nec4param",0.701110144659427,0.600559599615336,0.553745189395547,0.644186152570399
"nec4param",0.706751685683276,0.596235174956833,0.550036902937316,0.64129065325
"nec4param",0.712438621835646,0.591916508967169,0.546304319892614,0.638162005085447
"nec4param",0.718171318392208,0.587692901496428,0.542555001651843,0.634303502395227
"nec4param",0.723950143567858,0.583516253302631,0.538973472662168,0.629728318184732
"nec4param",0.729775468540361,0.579322377977292,0.535382836883476,0.625260262486546
"nec4param",0.735647667474195,0.575234939387888,0.531758223356472,0.62085559574285
"nec4param",0.741567117544584,0.571136683234699,0.528271416225815,0.616290338167501
"nec4param",0.747534198961723,0.567037481699322,0.524668716677491,0.611639091491731
"nec4param",0.753549294995202,0.563028814862601,0.521164623389604,0.606941964232611
"nec4param",0.759612791998619,0.559029873960902,0.517684239695528,0.602510944295248
"nec4param",0.765725079434401,0.555066125835008,0.514181316200833,0.59780970908664
"nec4param",0.771886549898814,0.551078596015165,0.510793350130484,0.593279451139125
"nec4param",0.778097599147183,0.547140501803555,0.507258021151387,0.588781826971315
"nec4param",0.784358626119314,0.543241849195686,0.503838669160658,0.584326531121598
"nec4param",0.790670032965113,0.539394359630002,0.500327502666045,0.579913084155841
"nec4param",0.797032225070417,0.535529141960733,0.496864463662272,0.575540950015659
"nec4param",0.803445611083036,0.531698318277761,0.493443568038987,0.571127133903079
"nec4param",0.809910602939,0.527885022666329,0.490124481886128,0.566799020625819
"nec4param",0.816427615889012,0.524104364638736,0.486679815336231,0.562612435775902
"nec4param",0.822997068525129,0.520387260522817,0.483366374607602,0.558275876564516
"nec4param",0.829619382807641,0.516661223106627,0.480054961996451,0.55413175247587
"nec4param",0.836294984092177,0.512995911396701,0.476787349516245,0.549981205789015
"nec4param",0.843024301157025,0.509322815616692,0.473612654907533,0.545846253902852
"nec4param",0.849807766230675,0.505667827857664,0.470333840180771,0.541537974284535
"nec4param",0.856645815019578,0.502043916426119,0.467162639508132,0.537558446059296
"nec4param",0.863538886736133,0.498478035067812,0.463975748113942,0.533399849856693
"nec4param",0.870487424126898,0.494950958931803,0.460768339386678,0.529386341941291
"nec4param",0.877491873501029,0.491441156359824,0.45746826341753,0.525435070709428
"nec4param",0.884552684758945,0.487973457512648,0.45434134284535,0.521614021896971
"nec4param",0.891670311421226,0.484519600629272,0.451292218103706,0.517718549366104
"nec4param",0.898845210657742,0.481079463241138,0.448404391365608,0.513863300212764
"nec4param",0.906077843317022,0.477644956387208,0.445357269225682,0.510075200260595
"nec4param",0.913368673955847,0.474250114379491,0.442315682831589,0.506213491438609
"nec4param",0.920718170869093,0.470867643410032,0.439259128215092,0.502474637127601
"nec4param",0.928126806119814,0.467487540411916,0.436194937111891,0.498793495788565
"nec4param",0.935595055569552,0.464173284246714,0.433237485298912,0.495130699148858
"nec4param",0.943123398908914,0.460837988941386,0.430286363446726,0.491556115218345
"nec4param",0.950712319688375,0.457549668117782,0.427304010140503,0.487897282721406
"nec4param",0.958362305349338,0.454276637225249,0.424351719432163,0.484343414269764
"nec4param",0.966073847255446,0.450999984905847,0.421472387416393,0.480799691818348
"nec4param",0.97384744072414,0.447765328978672,0.41864285040728,0.477284726166852
"nec4param",0.981683585058472,0.444567613241643,0.415781686826331,0.473714107054912
"nec4param",0.989582783579179,0.441416540404617,0.413018485099921,0.470214112112225
"nec4param",0.997545543657011,0.438288737885328,0.410216949756488,0.466688937370044
"nec4param",1.00557237674532,0.435149268782586,0.407497475370614,0.463205794507018
"nec4param",1.0136637984129,0.432057516469567,0.404738658284787,0.459676743868694
"nec4param",1.02182032837712,0.42902657921488,0.401817602217168,0.456258330359205
"nec4param",1.03004249053731,0.425959682916472,0.399106304960517,0.452888251660309
"nec4param",1.03833081300838,0.422921438569537,0.39639649578666,0.449603582769673
"nec4param",1.04668582815476,0.419881913552168,0.393609578273029,0.446330207027939
"nec4param",1.05510807262462,0.416916800734488,0.390907283719049,0.443055071926301
"nec4param",1.06359808738428,0.413950529310893,0.388219434913188,0.439855827993614
"nec4param",1.07215641775301,0.410945788334766,0.385579630316814,0.43666937760097
"nec4param",1.08078361343804,0.408001091432965,0.382956087830953,0.433479417929917
"nec4param",1.08948022856986,0.405100678840529,0.380360963815991,0.43038953887212
"nec4param",1.0982468217378,0.402241792731383,0.377898440925689,0.427193353224651
"nec4param",1.10708395602596,0.399369962418854,0.37538292392665,0.424163571784511
"nec4param",1.11599219904932,0.39654038863269,0.372756379644412,0.421043489488002
"nec4param",1.12497212299021,0.393705168484963,0.370263596576208,0.418060012920191
"nec4param",1.13402430463511,0.390936024009487,0.367698235441352,0.414991336632078
"nec4param",1.14314932541162,0.388141363644841,0.365125162763963,0.411885148388538
"nec4param",1.15234777142587,0.385378489806229,0.362612091237667,0.408839456510681
"nec4param",1.16162023350014,0.382612270402157,0.360084769822148,0.405828453916422
"nec4param",1.1709673072108,0.379895027027965,0.35758929522852,0.402919067808865
"nec4param",1.18038959292659,0.377204792966737,0.355093936089569,0.399990174339811
"nec4param",1.18988769584714,0.374539040021074,0.352646456571758,0.39712553967128
"nec4param",1.1994622260419,0.371886055621589,0.350183117012081,0.394188300458158
"nec4param",1.20911379848928,0.369224438506112,0.347749776939336,0.391370846685679
"nec4param",1.21884303311616,0.366616994151197,0.345344205735689,0.388567677491235
"nec4param",1.22865055483773,0.363984365549712,0.34293347577651,0.38572565500297
"nec4param",1.23853699359759,0.361389786931904,0.340584101698953,0.382943620983526
"nec4param",1.24850298440825,0.358841606505793,0.338188034398024,0.380258631933187
"nec4param",1.25854916739189,0.356288234007287,0.335833705277987,0.377529721051073
"nec4param",1.2686761878215,0.353753825606963,0.333480553857017,0.374834737906011
"nec4param",1.2788846961623,0.351254387281218,0.331160991742168,0.372104641211406
"nec4param",1.28917534811354,0.348757853029279,0.328846176579165,0.369461045473649
"nec4param",1.2995488046506,0.346283718194265,0.326579567451072,0.366750828390594
"nec4param",1.31000573206746,0.34381440565662,0.324306879113597,0.364110010104658
"nec4param",1.3205468020195,0.341393459827244,0.321998769519662,0.361482752640024
"nec4param",1.3311726915666,0.33898274962344,0.319705542211468,0.35890535682719
"nec4param",1.3418840832167,0.336579286539946,0.317383743055361,0.356324117472065
"nec4param",1.35268166496955,0.33418456163456,0.315084298166444,0.353799255408304
"nec4param",1.36356613036099,0.33184313969113,0.312848976477026,0.351274752428842
"nec4param",1.37453817850744,0.329490311923252,0.310661796403046,0.348811131625378
"nec4param",1.38559851415079,0.327151522523089,0.308455942290895,0.346308382735773
"nec4param",1.39674784770375,0.324812425071093,0.306269241483634,0.343887040659605
"nec4param",1.40798689529536,0.322534595105311,0.304085787754045,0.341441362867255
"nec4param",1.41931637881711,0.320261952129586,0.301885963603447,0.339098325012927
"nec4param",1.43073702596922,0.317999552681687,0.299673925381433,0.336703859901456
"nec4param",1.44224957030741,0.315700763772036,0.297522318443185,0.334314619796676
"nec4param",1.45385475129002,0.313450071998822,0.295383574159534,0.331996664558817
"nec4param",1.46555331432551,0.311245727784273,0.293316834979195,0.329648350207856
"nec4param",1.47734601082033,0.309068120721651,0.291174925371618,0.327350189673403
"nec4param",1.48923359822717,0.306888459155435,0.289061981548127,0.325022610202867
"nec4param",1.50121684009364,0.304719819864897,0.287031799178296,0.322682273535888
"nec4param",1.51329650611131,0.302571532821814,0.285006301671951,0.320442267219046
"nec4param",1.5254733721651,0.300447104163822,0.283002028948599,0.318201696106062
"nec4param",1.53774822038319,0.298325045254676,0.280986667850668,0.315990351604375
"nec4param",1.55012183918721,0.296194211224216,0.278999211979257,0.313758023514452
"nec4param",1.56259502334287,0.294091348886354,0.276996076846985,0.311574802497028
"nec4param",1.57516857401105,0.292017570119862,0.274988291852026,0.309403423219058
"nec4param",1.58784329879923,0.289964849603717,0.273001509730871,0.307272617087722
"nec4param",1.60062001181338,0.287921798738842,0.27101015991464,0.305066536148861
"nec4param",1.61349953371022,0.285866695376101,0.269055341106763,0.302900156567054
"nec4param",1.62648269174997,0.28383413636462,0.267095416774887,0.300777866184588
"nec4param",1.63957031984947,0.281823904636309,0.265226372747884,0.298690960937014
"nec4param",1.65276325863573,0.279841115555123,0.263388551360858,0.296614623249787
"nec4param",1.66606235549994,0.277858553770605,0.261582537351252,0.294640128338481
"nec4param",1.67946846465188,0.275900817016751,0.259702759873137,0.29262369568221
"nec4param",1.69298244717484,0.273943056412252,0.257838820075189,0.290620580181122
"nec4param",1.70660517108084,0.271984463946015,0.255951206156041,0.288606034644679
"nec4param",1.72033751136647,0.270063415439251,0.254054766766362,0.286632734239938
"nec4param",1.73418035006901,0.268156640873698,0.252252089321578,0.284701579740099
"nec4param",1.74813457632318,0.266270182606721,0.250429493524225,0.282726591889508
"nec4param",1.76220108641815,0.264405936348031,0.248557323247003,0.280767735535498
"nec4param",1.77638078385517,0.262530564409718,0.246746468551507,0.278864717574688
"nec4param",1.7906745794056,0.260673672309882,0.245007020531686,0.276913086574057
"nec4param",1.80508339116939,0.258819770508225,0.243240761483965,0.274981616338141
"nec4param",1.81960814463405,0.25698492721993,0.241443805424881,0.27320133193196
"nec4param",1.83424977273411,0.255185652925562,0.239669603061337,0.271358841208403
"nec4param",1.84900921591104,0.253386236886001,0.237912670698022,0.269493442617987
"nec4param",1.86388742217363,0.251596664334186,0.236164339826998,0.267600565509287
"nec4param",1.87888534715892,0.249823299016962,0.234420491013915,0.265746901588817
"nec4param",1.89400395419356,0.248053707076372,0.232720313005496,0.263853807389333
"nec4param",1.90924421435568,0.246301353321098,0.230990573490288,0.262001807747909
"nec4param",1.92460710653729,0.244586499613338,0.229296321435095,0.260158613884987
"nec4param",1.94009361750711,0.242858313508274,0.227595665670041,0.258392475613379
"nec4param",1.955704741974,0.241130404331211,0.225988289019582,0.256671121042054
"nec4param",1.9714414826508,0.239422158635316,0.224314692627609,0.254959431820811
"nec4param",1.9873048503188,0.237733043172897,0.222653764821322,0.253212741495272
"nec4param",2.00329586389258,0.23605275488667,0.221002204872551,0.251506201473869
"nec4param",2.01941555048554,0.2343988345051,0.219400099212061,0.249756008069872
"nec4param",2.03566494547582,0.232740723976683,0.217847188128398,0.248000558684768
"nec4param",2.05204509257281,0.231097821441669,0.216259959272238,0.246289211706533
"nec4param",2.0685570438842,0.229456024365159,0.214729616230965,0.244672254195975
"nec4param",2.08520185998355,0.22785505882937,0.21320959121852,0.243009102308047
"nec4param",2.10198060997842,0.2262712794781,0.211679335790369,0.24132108755442
"nec4param",2.11889437157901,0.224679682615258,0.210115317573949,0.239671888959866
"nec4param",2.13594423116744,0.22310363665192,0.20856673205339,0.238055062962492
"nec4param",2.15313128386747,0.221550669855057,0.207067244232235,0.236444913206326
"nec4param",2.17045663361486,0.219992483267404,0.205559806317107,0.234852028580712
"nec4param",2.18792139322831,0.218439692866189,0.204064871946151,0.233238884437095
"nec4param",2.20552668448087,0.216912743788461,0.202519899332138,0.231627699066805
"nec4param",2.22327363817206,0.215391342459066,0.201014847575683,0.230087780478185
"nec4param",2.24116339420045,0.213860470476965,0.199557180197056,0.228525952378936
"nec4param",2.25919710163692,0.212360257877016,0.198102704040131,0.226977430178418
"nec4param",2.27737591879844,0.210871954354709,0.19666036056149,0.22542067470654
"nec4param",2.29570101332245,0.209392703397598,0.195177320331416,0.223938197530808
"nec4param",2.31417356224191,0.207918450067318,0.19373888591421,0.222428993089616
"nec4param",2.33279475206086,0.206462628677022,0.192311221471785,0.220949911505106
"nec4param",2.35156577883064,0.205019264780038,0.190899461830347,0.219456643272703
"nec4param",2.37048784822674,0.203596222716593,0.189541627705731,0.21798265314603
"nec4param",2.38956217562618,0.202165850529352,0.188161386553869,0.216493189377221
"nec4param",2.40878998618565,0.200761647518662,0.18677184759205,0.215064564104053
"nec4param",2.42817251492014,0.199352954145899,0.185365040742471,0.213637249627149
"nec4param",2.4477110067823,0.197953587003927,0.183990533384728,0.212173937912286
"nec4param",2.46740671674239,0.196573504483315,0.182623700472862,0.210729167751639
"nec4param",2.4872609098689,0.195193947640127,0.181265860021333,0.209274413880199
"nec4param",2.50727486140979,0.193833712277951,0.17992462617803,0.207886913641014
"nec4param",2.52744985687442,0.192477315176544,0.178611940168179,0.206479269325494
"nec4param",2.5477871921161,0.191121903922763,0.177276153191994,0.205181623074348
"nec4param",2.56828817341532,0.189792477608264,0.175968824326712,0.203819805280154
"nec4param",2.58895411756369,0.188459209792555,0.174710394518802,0.202451121209382
"nec4param",2.60978635194848,0.187135488127117,0.173448925583493,0.201059410800361
"nec4param",2.63078621463789,0.185841357024996,0.17215290320435,0.199704843747323
"nec4param",2.65195505446699,0.184551005292987,0.17091235538635,0.198391691025422
"nec4param",2.67329423112439,0.183264975518857,0.169650567164139,0.197068285458441
"nec4param",2.69480511523952,0.181989338996934,0.16841959181397,0.195746306756186
"nec4param",2.71648908847069,0.180718706303946,0.167186788186007,0.194445974087741
"nec4param",2.73834754359388,0.179456891876799,0.1659407495726,0.193162895948014
"nec4param",2.7603818845921,0.178204586836203,0.164736291466263,0.191886510900747
"nec4param",2.78259352674567,0.176977427837159,0.163532397384597,0.190624879354085
"nec4param",2.80498389672307,0.175732469884772,0.162346581010044,0.189336815618985
"nec4param",2.82755443267258,0.174513794180031,0.161165169187533,0.188039193033741
"nec4param",2.85030658431466,0.173284991440585,0.159980231952182,0.186827796639257
"nec4param",2.87324181303506,0.172081559427535,0.158821736512912,0.185613834347513
"nec4param",2.89636159197871,0.170881167805643,0.157664848626903,0.184384531679392
"nec4param",2.91966740614431,0.169680009741517,0.156513852307093,0.183205939524021
"nec4param",2.94316075247972,0.168507698313993,0.155372472929746,0.182005950306286
"nec4param",2.96684313997814,0.167334858456461,0.154233234856629,0.180801972034701
"nec4param",2.99071608977498,0.166160583545765,0.153076883798184,0.179616383053868
"nec4param",3.01478113524562,0.164997408296888,0.15197218833666,0.178454125870883
"nec4param",3.03903982210384,0.163857633085804,0.150836836401383,0.177308070880777
"nec4param",3.06349370850116,0.162707959633594,0.14976907465976,0.176146124939689
"nec4param",3.08814436512688,0.161583020199453,0.14866983489537,0.174974025042514
"nec4param",3.11299337530901,0.160475560462639,0.147583234967173,0.173791691215098
"nec4param",3.13804233511589,0.159369940149922,0.146499655430536,0.172624453803988
"nec4param",3.16329285345882,0.158261795180325,0.145441337428257,0.171497069253997
"nec4param",3.18874655219527,0.157161646040004,0.144388882615663,0.170356229898199
"nec4param",3.21440506623319,0.156064992835457,0.143342840068307,0.169233836298132
"nec4param",3.24027004363589,0.154973758692655,0.142291686796588,0.168131578358465
"nec4param",3.266343145728,0.153900073304307,0.141258532291846,0.167059341869135
"nec4param",3.29262604720213,0.152829679788382,0.140215310299582,0.165961021941255
"nec4param",3.31912043622642,0.15176775242785,0.139179138393943,0.164844725226034
"nec4param",3.34582801455302,0.150713005211576,0.138150385969203,0.16378655165129
"nec4param",3.37275049762737,0.149668564587111,0.137116616504084,0.162698457503681
"nec4param",3.39988961469836,0.148640955160617,0.136113892608071,0.161643647374925
"nec4param",3.42724710892945,0.147610317589095,0.135093266015482,0.160590860058758
"nec4param",3.4548247375106,0.146591332565676,0.134116263908036,0.15955344890649
"nec4param",3.48262427177114,0.145576627139618,0.133132758763229,0.158543043531848
"nec4param",3.51064749729357,0.144580166281651,0.132153673340204,0.157498453694207
"nec4param",3.53889621402819,0.143586789539927,0.131192748757221,0.156481034480916
"nec4param",3.56737223640878,0.142597781364621,0.130215701669346,0.155444909367905
"nec4param",3.59607739346911,0.141607407399779,0.129237144773171,0.154434641970195
"nec4param",3.62501352896042,0.140624377232011,0.128319532147307,0.153438406577842
"nec4param",3.65418250146983,0.13965502912557,0.127409905562264,0.152412489605084
"nec4param",3.68358618453975,0.138690815058989,0.126482974316757,0.151383476535724
"nec4param",3.71322646678821,0.137744059206314,0.125549918277294,0.150383154141852
"nec4param",3.74310525203015,0.136795901084944,0.12462488148949,0.149394203895082
"nec4param",3.77322445939973,0.135854873382755,0.123728283665879,0.148421956631785
"nec4param",3.80358602347357,0.134918196600586,0.122834883069451,0.147455483303214
"nec4param",3.83419189439502,0.133982153220157,0.121961195689002,0.146496077403446
"nec4param",3.86504403799943,0.133058735491876,0.121063448100658,0.145548839535662
"nec4param",3.89614443594039,0.132148020127914,0.120168613019329,0.144595739454959
"nec4param",3.92749508581706,0.131240131914037,0.119264494712562,0.143641238225171
"nec4param",3.95909800130243,0.130335463101582,0.118394095901072,0.14268579530594
"nec4param",3.99095521227266,0.129443521005224,0.117538978132627,0.141777878927139
"nec4param",4.02306876493751,0.128556069969554,0.116686075058907,0.140868573122705
"nec4param",4.05544072197172,0.127677991855672,0.11582423371595,0.139952183182356
"nec4param",4.0880731626475,0.126799216334832,0.114969696133663,0.139041396909226
"nec4param",4.12096818296813,0.125926473993579,0.114115731947936,0.138136922239193
"nec4param",4.15412789580253,0.125057289736616,0.1132856727759,0.137241069371771
"nec4param",4.187554431021,0.124204344391191,0.112456521947063,0.136361766042432
"nec4param",4.22124993563203,0.123355445738249,0.111633932618953,0.135488658698455
"nec4param",4.25521657392016,0.122505522525948,0.110832833755546,0.134659468029659
"nec4param",4.28945652758506,0.121670095965215,0.11002707982161,0.133759469277635
"nec4param",4.32397199588162,0.120836926550949,0.109219768750086,0.132901957169275
"nec4param",4.35876519576121,0.120012322751558,0.108438374422447,0.132050438450429
"nec4param",4.39383836201408,0.11920436086285,0.107669271413906,0.131186769448774
"nec4param",4.42919374741291,0.118388933862232,0.106912103135994,0.130341857362714
"nec4param",4.46483362285751,0.117573832928538,0.1061476269982,0.129495592995091
"nec4param",4.50076027752066,0.116770714517826,0.105385037320278,0.128651259492699
"nec4param",4.53697601899517,0.115968925357391,0.104634488892648,0.127803353901333
"nec4param",4.57348317344208,0.115180868229105,0.103870354216142,0.126994110027535
"nec4param",4.61028408574009,0.114392728091126,0.103106222967425,0.126181576690194
"nec4param",4.64738111963615,0.113605884955591,0.102352220729379,0.125355254700619
"nec4param",4.6847766578973,0.112831014011515,0.101624180004261,0.124550908261283
"nec4param",4.7224731024637,0.112067342259532,0.100892574970111,0.123747710150085
"nec4param",4.76047287460295,0.111309529133223,0.100145848840579,0.122934790182844
"nec4param",4.79877841506555,0.110555558838665,0.0994175267228183,0.1221438617301
"nec4param",4.83739218424173,0.109798412182604,0.0987012436083109,0.121357534181773
"nec4param",4.87631666231942,0.109047762329209,0.0980049828943963,0.120576276547036
"nec4param",4.91555434944363,0.108304896172962,0.0972881150542026,0.119791729790423
"nec4param",4.95510776587696,0.107575651227204,0.0965913592240844,0.119029989054101
"nec4param",4.99497945216153,0.106847294325585,0.0959172122322792,0.118274363240881
"nec4param",5.03517196928213,0.106116065835867,0.0952265618505317,0.117516730684544
"nec4param",5.07568789883074,0.105397176042073,0.0945402935600513,0.116766472311468
"nec4param",5.11652984317234,0.104696981003039,0.0938597776133997,0.116029016891595
"nec4param",5.15770042561203,0.103988050916471,0.0931867545171015,0.115285910843225
"nec4param",5.19920229056357,0.103281452793372,0.0925188141853302,0.114556171791331
"nec4param",5.24103810371923,0.102586684278809,0.0918668842423051,0.113811322455796
"nec4param",5.28321055222095,0.101900737834246,0.0912130367849151,0.113081171439232
"nec4param",5.32572234483303,0.101207148253668,0.09055597178776,0.11237694816714
"nec4param",5.36857621211604,0.100513495700629,0.0899210459357699,0.111670698089117
"nec4param",5.41177490660223,0.0998303910637813,0.089282442970281,0.110951761574544
"nec4param",5.45532120297235,0.0991525351166938,0.0886489466241401,0.110247282380855
"nec4param",5.49921789823382,0.0984752516386627,0.0880205469625716,0.109554367848763
"nec4param",5.54346781190044,0.0978062071605461,0.0873974969594559,0.108856849072189
"nec4param",5.58807378617345,0.0971473809515391,0.0867607467527923,0.108162394862378
"nec4param",5.63303868612409,0.096492062918612,0.0861479027261593,0.107456042556864
"nec4param",5.67836539987766,0.0958481282708796,0.0855242647295805,0.10675598857193
"nec4param",5.72405683879896,0.0951986542575375,0.0849030249768899,0.106067486266584
"nec4param",5.77011593767938,0.0945533143137429,0.0842996668147125,0.105376479610269
"nec4param",5.8165456549253,0.0939204012447686,0.0837160634946702,0.104695851256892
"nec4param",5.86334897274819,0.093284777159208,0.0831199229600379,0.104048370556859
"nec4param",5.91052889735614,0.0926551062040263,0.082527983400188,0.103399537620873
"nec4param",5.95808845914694,0.0920364858547985,0.0819475214649086,0.102748946901215
"nec4param",6.00603071290269,0.0914114986482147,0.0813731275563013,0.102096445232533
"nec4param",6.05435873798611,0.0908027634953005,0.0807896330978863,0.101449123543669
"nec4param",6.10307563853822,0.0901942554136676,0.080218938801621,0.100805124988545
"nec4param",6.15218454367778,0.0895888832352163,0.0796553351274227,0.100165856384352
"nec4param",6.20168860770229,0.0889865048596306,0.0790779573730735,0.0995123608797526
"nec4param",6.25159101029052,0.0883847610254563,0.0785191874168567,0.0988860256238975
"nec4param",6.30189495670683,0.0877947568515629,0.0779645526384289,0.0982716898477157
"nec4param",6.35260367800699,0.0872035510127654,0.0774165071353514,0.0976446658547469
"nec4param",6.40372043124573,0.08661784031735,0.0768721477882585,0.0970382057425502
"nec4param",6.45524849968593,0.0860397644904908,0.0763317103363525,0.0964361720151437
"nec4param",6.50719119300954,0.085456603127258,0.0757883709954622,0.0958378125102355
"nec4param",6.55955184753014,0.0848833625682238,0.0752509282213674,0.0952324358011329
"nec4param",6.61233382640719,0.0843185314537686,0.0747259662902723,0.0946253277033349
"nec4param",6.66554051986216,0.0837572911971556,0.074205787617694,0.0940399491871043
"nec4param",6.71917534539617,0.0831999696150913,0.0736764658064277,0.093447333701091
"nec4param",6.77324174800955,0.0826444759084986,0.0731585849789853,0.0928678163674325
"nec4param",6.82774320042315,0.0820886948191959,0.0726420512434259,0.0922809238209534
"nec4param",6.88268320330131,0.0815449413947286,0.0721234166040847,0.0916969263544777
"nec4param",6.93806528547677,0.0810020535227769,0.0716157642533257,0.0911190725923255
"nec4param",6.99389300417734,0.0804603934562999,0.0711072004828259,0.0905421079823769
"nec4param",7.05016994525433,0.0799239473992107,0.0706168870442106,0.0899679892036716
"nec4param",7.1068997234129,0.0793928017439469,0.0701342153944007,0.0893992266576652
"nec4param",7.16408598244428,0.0788665744049858,0.0696460729460008,0.0888341181015941
"nec4param",7.2217323954597,0.0783389368328154,0.0691637101512718,0.0882726845146208
"nec4param",7.27984266512644,0.0778213568860221,0.0686869999095207,0.0877076799565812
"nec4param",7.33842052390557,0.0772980943650003,0.0682038624171798,0.0871613779460249
"nec4param",7.39746973429174,0.0767922068846282,0.0677306952195247,0.0866096173539217
"nec4param",7.4569940890548,0.0762770494355569,0.067261454846482,0.0860647808249609
"nec4param",7.51699741148346,0.075774590996485,0.0667907122364902,0.0855193740545273
"nec4param",7.57748355563082,0.0752731843084496,0.0663338302029867,0.0849821587495871
"nec4param",7.63845640656197,0.0747713499001073,0.065875514235346,0.084442452945823
"nec4param",7.69991988060346,0.0742726197932866,0.0654206662446155,0.0839147492527661
"nec4param",7.76187792559492,0.073779802344066,0.0649675455835238,0.0833859245321887
"nec4param",7.82433452114258,0.0732828168560332,0.0645147656703558,0.0828608811752985
"nec4param",7.88729367887489,0.0728008383052264,0.0640560241489996,0.082339233564659
"nec4param",7.95075944270026,0.0723215609197244,0.0636135076679255,0.081826672790639
"nec4param",8.01473588906667,0.0718394128543758,0.0631835668877421,0.0813113842326127
"nec4param",8.07922712722361,0.0713728342226609,0.0627383172749473,0.0808144309812986
"nec4param",8.14423729948602,0.0708941419247072,0.0623115729425916,0.0802977320845633
"nec4param",8.20977058150026,0.0704255830787376,0.0618825429800724,0.0797941644479554
"nec4param",8.27583118251241,0.0699639398181119,0.0614526513938275,0.0792940551616712
"nec4param",8.34242334563861,0.0695105536458013,0.0610254475361358,0.078807521689515
"nec4param",8.40955134813756,0.0690556436924317,0.060598212122862,0.0783198277899476
"nec4param",8.47721950168529,0.0685999018596051,0.0601743683719035,0.0778321811455336
"nec4param",8.54543215265208,0.0681510576509372,0.059753889357881,0.0773462991840956
"nec4param",8.61419368238166,0.0677062178510821,0.0593367483691697,0.0768658176501437
"nec4param",8.68350850747257,0.0672605863841022,0.0589197051595665,0.0763753393350145
"nec4param",8.75338108006193,0.0668248901371857,0.0585111717979535,0.0758984877423008
"nec4param",8.8238158881113,0.0663861657290213,0.0581050896094262,0.0754287935695714
"nec4param",8.89481745569502,0.0659508089310968,0.0577011541274972,0.0749669203636018
"nec4param",8.96639034329078,0.0655253215864514,0.0573110526471748,0.0745045279792048
"nec4param",9.03853914807251,0.0650933451932633,0.0569184519482123,0.074040749168222
"nec4param",9.11126850420567,0.064669907530461,0.0565330743132502,0.0735688465338536
"nec4param",9.18458308314498,0.0642444613270502,0.0561529860698622,0.0730939901661553
"nec4param",9.25848759393434,0.0638268819948375,0.0557803261716005,0.0726442194563462
"nec4param",9.33298678350939,0.0634087291249564,0.0554146661837449,0.0721975202323487
"nec4param",9.4080854370024,0.0629968256793808,0.0550421904073339,0.0717608863859274
"nec4param",9.48378837804958,0.0625924073197389,0.054670544637182,0.0713202958097734
"nec4param",9.56010046910091,0.0621824510287497,0.0542935562589978,0.07088747489246
"nec4param",9.63702661173254,0.0617775000303424,0.053919836616953,0.0704519188883839
"nec4param",9.71457174696151,0.0613769813687171,0.0535488056345,0.0700103925007837
"nec4param",9.79274085556316,0.0609811544668625,0.0531784817017444,0.0695819614754831
"nec4param",9.8715389583911,0.0605830782246366,0.0528119445326511,0.069156309170139
"nec4param",9.95097111669961,0.0601890606121684,0.0524539513495586,0.0687332705549459
"nec4param",10.0310424324688,0.0598038486610274,0.0520951389152698,0.0683072676360908
"nec4param",10.1117580487322,0.0594162175961162,0.0517381664174763,0.067876520607921
"nec4param",10.1931231499074,0.0590331420056955,0.0513903471102856,0.0674507263568384
"nec4param",10.2751429621286,0.0586551848178329,0.0510368890812092,0.067030642180629
"nec4param",10.3578227535827,0.0582743704203046,0.0506874233846549,0.0666170537997851
"nec4param",10.4411678348473,0.05790024831638,0.0503472473207651,0.0661988520238322
"nec4param",10.5251835592322,0.0575284368692208,0.0500099637146099,0.0657833308979167
"nec4param",10.609875323123,0.0571594558808974,0.0496752231647299,0.065370273895717
"nec4param",10.6952485663278,0.0567888419019787,0.0493423475841048,0.0649599037706178
"nec4param",10.7813087724264,0.0564244377105108,0.0490142844304281,0.0645520296165777
"nec4param",10.8680614691228,0.0560634533736997,0.0486819170855638,0.0641659733484774
"nec4param",10.9555122286002,0.0557098468975971,0.0483582619416227,0.0637612240090693
"nec4param",11.0436666678787,0.0553553852157426,0.0480378498791714,0.0633578375682254
"nec4param",11.1325304491763,0.0549968812327165,0.0477200594412199,0.0629663243310203
"nec4param",11.2221092802725,0.0546463246585848,0.0474030047466725,0.0625778739686732
"nec4param",11.3124089148749,0.0543038139728309,0.047074130406866,0.0621920934832931
"nec4param",11.4034351529888,0.0539563214630895,0.0467479447676655,0.0618110329021569
"nec4param",11.4951938412897,0.0536117775249986,0.0464282652532929,0.0614314146647159
"nec4param",11.5876908734988,0.0532693337345183,0.0461206147529183,0.0610508460710767
"nec4param",11.6809321907619,0.0529258893360472,0.0458228667285836,0.0606663262678731
"nec4param",11.7749237820303,0.0525909200739315,0.0455315953290349,0.0602924059231707
"nec4param",11.8696716844462,0.0522498461030893,0.0452405977846291,0.0599241892081287
"nec4param",11.9651819837302,0.0519147052527602,0.0449518382240264,0.0595582305955072
"nec4param",12.0614608145718,0.051586627436298,0.0446521419616184,0.0591954570104914
"nec4param",12.1585143610242,0.0512528418062416,0.0443533627335633,0.0588341160529681
"nec4param",12.2563488569009,0.0509306663704227,0.0440626301976589,0.0584769362494042
"nec4param",12.3549705861763,0.0506086191144423,0.0437699049223168,0.058119335887408
"nec4param",12.4543858833893,0.0502918248278986,0.0434822455725165,0.0577720666033235
"nec4param",12.5546011340502,0.0499680361094086,0.0431996790057951,0.0574226477071079
"nec4param",12.655622775051,0.0496507018841426,0.0429090654659231,0.0570817349220302
"nec4param",12.7574572950785,0.0493343489622824,0.0426192634579592,0.0567460836501635
"nec4param",12.8601112350314,0.0490190601311167,0.0423337911427055,0.0563997483592556
"nec4param",12.96359118844,0.0487095783732656,0.042046258095573,0.0560481213756489
"nec4param",13.0679038018904,0.0484002929380561,0.0417620799381186,0.0557102528579752
"nec4param",13.1730557754507,0.0480988550116796,0.0414819788260923,0.0553747736598244
"nec4param",13.2790538631017,0.0477953083255618,0.0412094659257414,0.0550582233432281
"nec4param",13.3859048731709,0.0474957796003363,0.0409412501997896,0.0547266185665135
"nec4param",13.4936156687692,0.0471973798667115,0.0406811039262364,0.0543856209284217
"nec4param",13.6021931682324,0.0469033897016322,0.040414726060431,0.0540503317246373
"nec4param",13.7116443455652,0.0466046024312807,0.0401555513548315,0.053715331968278
"nec4param",13.821976230889,0.0463133074764429,0.0398983913003247,0.0533954741487346
"nec4param",13.9331959108939,0.0460247448961938,0.0396403456546467,0.0530702153819288
"nec4param",14.0453105292936,0.045736019917401,0.039386329820218,0.0527656129419006
"nec4param",14.1583272872842,0.0454527533128757,0.0391307509330751,0.0524489858740413
"nec4param",14.2722534440068,0.0451671515255965,0.0388776316468298,0.0521307573065387
"nec4param",14.3870963170139,0.0448809205070549,0.038627324887593,0.0518164916428001
"nec4param",14.5028632827393,0.0445965107418831,0.0383810227273613,0.0515118223566737
"nec4param",14.6195617769718,0.0443158151577199,0.0381365482724633,0.0512042550270015
"nec4param",14.7371992953328,0.0440401444593741,0.0378919732055901,0.0509009667533721
"nec4param",14.8557833937581,0.0437651685806311,0.0376511976175762,0.0505929890685633
"nec4param",14.9753216889827,0.0434974753226056,0.037411582737147,0.0502886707756103
"nec4param",15.0958218590306,0.0432279700783618,0.0371768673482535,0.0499842878116841
"nec4param",15.2172916437073,0.0429611764612247,0.0369424907187037,0.0496822817791434
"nec4param",15.3397388450975,0.0426958728759629,0.0367090425721738,0.0493910987805268
"nec4param",15.4631713280661,0.042434346794922,0.0364783441071277,0.0491011056544008
"nec4param",15.587597020763,0.0421739989369799,0.0362477252065665,0.0488146993966358
"nec4param",15.7130239151329,0.0419132863136625,0.0360211726323896,0.0485253227910907
"nec4param",15.8394600674282,0.0416492405012862,0.0357935465589084,0.0482304062097123
"nec4param",15.9669135987267,0.0413910475266658,0.035571358958589,0.0479423548139201
"nec4param",16.0953926954529,0.0411350822780224,0.0353468974016531,0.0476506328871646
"nec4param",16.2249056099044,0.0408810326883175,0.0351241976005359,0.0473609282675203
"nec4param",16.3554606607814,0.0406288797675455,0.0349032457268615,0.0470934444904221
"nec4param",16.4870662337211,0.0403737996495578,0.0346809150451579,0.0468145283466637
"nec4param",16.6197307818366,0.0401279008215411,0.0344589733332237,0.0465438557363634
"nec4param",16.7534628262597,0.0398777766813787,0.034241033588531,0.0462807640651096
"nec4param",16.888270956688,0.0396346842265372,0.0340258985500406,0.0460189780283281
"nec4param",17.0241638319371,0.0393947701387523,0.0338130025813178,0.0457479002071509
"nec4param",17.1611501804961,0.0391599412845118,0.0336047691927778,0.0454787879733591
"nec4param",17.299238801089,0.0389236339339391,0.0334013802596544,0.0452194169717484
"nec4param",17.4384385632392,0.0386865005083507,0.0331931312519032,0.0449612211996313
"nec4param",17.5787584078396,0.0384510287248399,0.0329831345915342,0.0446942961492747
"nec4param",17.7202073477267,0.0382200552910377,0.032772471887684,0.0444292123817305
"nec4param",17.8627944682595,0.0379884321336957,0.0325665816393792,0.0441654755587186
"nec4param",18.0065289279031,0.037752040214207,0.0323599988911166,0.0438949295894674
"nec4param",18.151419958817,0.0375250545782299,0.0321578363694933,0.0436493119036329
"nec4param",18.297476867448,0.0372991446210868,0.0319618162644737,0.0433986338692096
"nec4param",18.444709035128,0.0370744853439969,0.0317615024741546,0.0431464300513377
"nec4param",18.5931259186765,0.0368509372662548,0.0315615125737929,0.0428877977373414
"nec4param",18.7427370510083,0.036629171064985,0.0313692305588311,0.042628105565758
"nec4param",18.8935520417454,0.0364084667958325,0.0311769673301907,0.0423705878051266
"nec4param",19.0455805778344,0.0361857681969333,0.030972549926387,0.0421209048930552
"nec4param",19.1988324241689,0.0359667991475067,0.0307802241913781,0.0418728850252796
"nec4param",19.3533174242163,0.0357545788429589,0.0305916351478661,0.0416427238178472
"nec4param",19.5090455006505,0.0355399833305407,0.0304012742486269,0.0414235796860063
"nec4param",19.6660266559888,0.0353273301838046,0.0302134475479679,0.0411964510134876
"nec4param",19.8242709732348,0.0351113265590731,0.0300264848561544,0.0409582167079979
"nec4param",19.9837886165257,0.0349007360599728,0.0298428634183022,0.040720825523568
"nec4param",20.1445898317852,0.0346903585618636,0.0296479150762214,0.040480012622697
"nec4param",20.306684947382,0.0344854846951247,0.0294637542772314,0.040233922520744
"nec4param",20.4700843747925,0.0342776013540125,0.0292817935624232,0.040018449185021
"nec4param",20.6347986092701,0.034073779007288,0.0290945968987231,0.0397876617809728
"nec4param",20.800838230519,0.0338717722123982,0.0289139268718959,0.0395615442836355
"nec4param",20.9682139033741,0.0336699465591979,0.0287336904404101,0.0393297914694392
"nec4param",21.1369363784857,0.0334702592941899,0.028562722294793,0.0391089609721729
"nec4param",21.3070164930098,0.0332737108242935,0.0283899093578289,0.0388898180047117
"nec4param",21.4784651713049,0.0330737932547233,0.028215282977545,0.0386643401828487
"nec4param",21.651293425633,0.0328798172135712,0.0280468583618792,0.0384483591155085
"nec4param",21.8255123568674,0.0326859672838359,0.0278702721945692,0.0382335976397057
"nec4param",22.0011331552051,0.0324952100127558,0.0276948320435832,0.0380114922483504
"nec4param",22.1781671008864,0.0323057572149657,0.0275201444674907,0.0378018891222389
"nec4param",22.3566255649188,0.0321178051687756,0.0273557731980995,0.0375840892600854
"nec4param",22.5365200098075,0.0319301150027837,0.0271869089928065,0.0373781453486712
"nec4param",22.7178619902917,0.0317418127492742,0.0270225179551567,0.0371697140176676
"nec4param",22.9006631540869,0.0315571278854156,0.0268611574352682,0.0369578270477426
"nec4param",23.0849352426328,0.031377495447739,0.0267030071514343,0.0367453493310434
"nec4param",23.2706900918477,0.0311955229268974,0.0265338380239816,0.0365466529503443
"nec4param",23.4579396328883,0.0310128599375541,0.0263685258887743,0.0363447194118533
"nec4param",23.6466958929168,0.0308342514693705,0.0262094172077683,0.0361440788308292
"nec4param",23.8369709958725,0.0306540301200202,0.026043709314539,0.0359360108747187
"nec4param",24.0287771632513,0.0304789716469751,0.0258960505721646,0.035735037627042
"nec4param",24.2221267148902,0.0303036540485049,0.0257387968607711,0.035537559929118
"nec4param",24.417032069759,0.0301288488011576,0.0255882547795837,0.0353413065209384
"nec4param",24.6135057467575,0.0299541374458989,0.0254405993992925,0.035146233592159
"nec4param",24.81156036552,0.0297823299769776,0.0252901649393882,0.0349530675564734
"nec4param",25.0112086472259,0.0296147733303222,0.0251352645740111,0.0347606675961383
"nec4param",25.2124634154163,0.0294446979446046,0.0249809683244714,0.0345774546333249
"nec4param",25.4153375968182,0.0292760334764681,0.0248299596843402,0.034395551439004
"nec4param",25.6198442221746,0.0291091525110845,0.0246799757840285,0.0342086248988681
"nec4param",25.8259964270813,0.0289456861119533,0.0245356589915626,0.0340261565503264
"nec4param",26.033807452831,0.0287796931229085,0.0243943710491082,0.0338485315115096
"nec4param",26.2432906472632,0.0286165528588119,0.0242557249687731,0.0336584220850681
"nec4param",26.4544594656224,0.0284542940431601,0.024110211838794,0.0334759193601652
"nec4param",26.6673274714213,0.0282923788057593,0.023966715499826,0.0332864700379545
"nec4param",26.8819083373129,0.0281286686947798,0.0238244234531771,0.0331050393020678
"nec4param",27.0982158459683,0.0279629610916455,0.0236833021174775,0.0329123221581513
"nec4param",27.3162638909619,0.0278025878188287,0.0235504059235205,0.0327240324104752
"nec4param",27.5360664776639,0.0276472938586307,0.0234148062160384,0.0325459785799041
"nec4param",27.7576377241399,0.0274953032286116,0.0232798794556069,0.0323696848789885
"nec4param",27.9809918620578,0.0273389127787573,0.0231436247697071,0.0321971380434321
"nec4param",28.2061432376016,0.0271893724977732,0.0230079162161734,0.0320363964583445
"nec4param",28.4331063123932,0.0270352862938449,0.0228742749087645,0.031862254135554
"nec4param",28.6618956644211,0.0268823446100531,0.0227411208403219,0.0316829289065308
"nec4param",28.8925259889768,0.0267345670256317,0.0226090472735529,0.0315080472874027
"nec4param",29.1250120995988,0.0265829753984559,0.0224872666517848,0.0313481955586245
"nec4param",29.3593689290236,0.0264332044417409,0.0223610328696443,0.0311876629317558
"nec4param",29.5956115301457,0.0262861681740763,0.0222294447460441,0.0310142991182779
"nec4param",29.8337550769836,0.0261404790101619,0.0221033877834869,0.030854828665703
"nec4param",30.0738148656549,0.0259924238245616,0.0219717478329497,0.0306965168011744
"nec4param",30.3158063153588,0.0258514582790069,0.0218375890921691,0.0305357624678897
"nec4param",30.5597449693662,0.0257106511080156,0.0217113242099231,0.030378660537711
"nec4param",30.8056464960183,0.0255662035073328,0.0215799766909785,0.030214600819944
"nec4param",31.0535266897329,0.025424513669873,0.0214594056400741,0.0300596096731772
"nec4param",31.303401472019,0.0252835359917995,0.0213400540201248,0.029905547981244
"nec4param",31.5552868924991,0.0251431306816275,0.0212156606006661,0.0297354762961442
"nec4param",31.8091991299405,0.0250050307298894,0.0210957275619999,0.029578581701473
"nec4param",32.0651544932943,0.0248672470470324,0.0209733243882884,0.0294226107137309
"nec4param",32.3231694227429,0.0247316144084694,0.0208493807997563,0.0292699644509497
"nec4param",32.5832604907559,0.0245945502384217,0.0207333522749198,0.0291149686474081
"nec4param",32.8454444031548,0.02446274522885,0.0206174635081682,0.0289614944985491
"nec4param",33.1097380001858,0.0243281220619995,0.0205008114722919,0.0288115411409894
"nec4param",33.3761582576015,0.0241937572401592,0.020383984735475,0.028667795150886
"nec4param",33.6447222877514,0.0240674187792644,0.0202716090483794,0.0285129527726251
"nec4param",33.915447340681,0.0239383061386079,0.0201561537002456,0.0283808993382728
"nec4param",34.1883508052395,0.0238049203259168,0.0200423032203947,0.0282299924958029
"nec4param",34.463450210197,0.023677559766506,0.0199236509868833,0.0280875588058607
"nec4param",34.7407632253705,0.0235481338228378,0.0198122321643976,0.0279437917055982
"nec4param",35.0203076627583,0.0234237490281307,0.0197077895777002,0.0277985344575481
"nec4param",35.3021014776849,0.0233009103530536,0.0196061197564216,0.0276488599349683
"nec4param",35.5861627699533,0.0231706105447134,0.0195016394226932,0.0275096631638618
"nec4param",35.8725097850083,0.0230478328086469,0.0193929361638264,0.0273732126641038
"nec4param",36.1611609151084,0.0229260008135236,0.019289046254465,0.027238308810876
"nec4param",36.4521347005065,0.0228065994094618,0.019184760371764,0.0271028500715899
"nec4param",36.7454498306416,0.0226874260543788,0.0190761571491505,0.026966739291888
"nec4param",37.0411251453384,0.0225676651030878,0.0189745043471514,0.0268322044309276
"nec4param",37.3391796360183,0.0224477859777168,0.0188642213280745,0.0266901802952165
"nec4param",37.6396324469184,0.0223258274249486,0.0187667178487456,0.026554342131613
"nec4param",37.9425028763215,0.0222070267227364,0.0186779538282558,0.0264244367373893
"nec4param",38.2478103777958,0.0220940244560795,0.0185754760882773,0.0262862391249333
"nec4param",38.5555745614443,0.0219765488506579,0.0184755474711571,0.0261645850717554
"nec4param",38.8658151951639,0.0218629816329115,0.0183763998432618,0.0260428711548067
"nec4param",39.1785522059162,0.0217525241640394,0.0182773598253984,0.0259177041741463
"nec4param",39.4938056810061,0.0216409632140266,0.0181753486080872,0.0257980599099305
"nec4param",39.8115958693731,0.0215294312591602,0.0180729152211141,0.0256792892014629
"nec4param",40.1319431828912,0.0214167714191999,0.0179777267496267,0.0255613736122916
"nec4param",40.4548681976805,0.0213054911907323,0.0178777815607382,0.0254442635382131
"nec4param",40.7803916554284,0.0211956546527174,0.017783129583278,0.0253239628912686
"nec4param",41.1085344647219,0.0210885078906791,0.0176910629583744,0.0252088028612928
"nec4param",41.4393177023909,0.0209836657536318,0.0176022820625896,0.0250979596668888
"nec4param",41.7727626148617,0.0208789426337752,0.0175155700562974,0.0249718576423239
"nec4param",42.1088906195217,0.0207696913726566,0.0174157174686472,0.0248497974388333
"nec4param",42.4477233060951,0.0206626545038364,0.0173275552309737,0.024732678097786
"nec4param",42.7892824380295,0.0205565135533032,0.017235059675649,0.0246177087913137
"nec4param",43.1335899538942,0.0204500648918973,0.0171425578137836,0.0244984873381139
"nec4param",43.4806679687887,0.0203465596711188,0.0170498830924861,0.0243819029497006
"nec4param",43.8305387757636,0.0202387130449898,0.0169611200080246,0.0242708617613616
"nec4param",44.1832248472524,0.0201362447049028,0.0168678239956467,0.0241676550786936
"nec4param",44.5387488365149,0.0200350194712657,0.0167778368513339,0.0240432841206423
"nec4param",44.8971335790922,0.0199364812014871,0.0166972241274752,0.0239363281723498
"nec4param",45.2584020942735,0.0198370531560901,0.0166166621411067,0.0238317446070675
"nec4param",45.6225775865747,0.0197404975934796,0.0165287885597819,0.0237172429151897
"nec4param",45.9896834472286,0.0196414055695438,0.0164413968135846,0.023599494281887
"nec4param",46.3597432556877,0.019544446989908,0.0163513804105337,0.0234826729395681
"nec4param",46.7327807811383,0.0194435140430374,0.0162607092486445,0.0233620094967494
"nec4param",47.1088199840276,0.0193475867153195,0.0161721771902211,0.0232695471689911
"nec4param",47.4878850176025,0.0192540692733608,0.0160837241318122,0.0231693522097137
"nec4param",47.8700002294609,0.0191579445584829,0.0159964540118606,0.0230634500960926
"nec4param",48.2551901631159,0.0190620607559199,0.0159137321949818,0.0229492994136374
"nec4param",48.6434795595717,0.01896976500439,0.0158280142252838,0.0228441931575479
"nec4param",49.0348933589133,0.0188753975110935,0.0157477003950003,0.0227374181836063
"nec4param",49.4294567019081,0.0187817347078748,0.0156615626534789,0.0226480185933127
"nec4param",49.8271949316206,0.0186915518235998,0.0155876307224267,0.0225518424796441
"nec4param",50.2281335950408,0.0186030519842606,0.0155044788922434,0.0224447770692235
"nec4param",50.6322984447242,0.0185124078114264,0.0154302967030607,0.0223505868359773
"nec4param",51.0397154404467,0.0184212034407092,0.01535091070589,0.0222470024364824
"nec4param",51.4504107508715,0.0183330477381019,0.0152690593777491,0.0221507680016256
"nec4param",51.8644107552302,0.0182453309795077,0.01519376503656,0.0220642214731509
"nec4param",52.281742045017,0.0181601670124676,0.0151138362602592,0.021964898742041
"nec4param",52.7024314256971,0.0180727316997469,0.0150335988049051,0.0218710971363089
"nec4param",53.1265059184276,0.0179909651927618,0.0149515502184588,0.0217751351818376
"nec4param",53.5539927617939,0.0179051530112655,0.0148702015980271,0.0216880631993361
"nec4param",53.9849194135589,0.0178229146711631,0.0147958408479324,0.0216020373332323
"nec4param",54.4193135524267,0.0177402853242887,0.0147189211004904,0.0215106317082763
"nec4param",54.8572030798202,0.0176559058092004,0.0146362942696674,0.0214096370856052
"nec4param",55.2986161216736,0.0175732036802957,0.0145578727302936,0.021305925778709
"nec4param",55.7435810302388,0.0174894611798493,0.0144785499398915,0.0211974762268707
"nec4param",56.1921263859063,0.0174033797194092,0.014398844594542,0.0211169589387677
"nec4param",56.6442809990412,0.0173217357317289,0.0143212268373071,0.0210227357282118
"nec4param",57.1000739118335,0.0172417376946485,0.0142376617594936,0.02093694119848
"nec4param",57.5595344001635,0.0171614766704853,0.014159978493393,0.0208518293847105
"nec4param",58.0226919754827,0.0170818804715031,0.0140901721935983,0.0207553696524708
"nec4param",58.4895763867087,0.0170028228677165,0.0140178178050932,0.0206706926096359
"nec4param",58.9602176221361,0.0169242205777297,0.013941682047368,0.0205791788864315
"nec4param",59.4346459113629,0.0168457864399909,0.0138699408762492,0.0204928112089106
"nec4param",59.9128917272322,0.0167646761600075,0.0137987976658366,0.020404936211104
"nec4param",60.3949857877892,0.0166842923416627,0.0137281748839068,0.0203292921208473
"nec4param",60.8809590582546,0.0166093310257485,0.0136580740871009,0.0202632925217111
"nec4param",61.3708427530131,0.0165324094563706,0.0135825888792505,0.02017821209419
"nec4param",61.8646683376187,0.0164585163966097,0.013513612921696,0.0200923183437897
"nec4param",62.3624675308154,0.0163832427297026,0.0134450966529098,0.0200054982493351
"nec4param",62.8642723065749,0.0163102947931502,0.0133772272650453,0.0199191914657317
"nec4param",63.37011489615,0.0162393091383783,0.0132978524067746,0.0198336773957744
"nec4param",63.8800277901452,0.0161659229792797,0.0132241131359236,0.0197500759923789
"nec4param",64.394043740603,0.0160961218298959,0.0131554679918846,0.019667827884525
"nec4param",64.9121957631082,0.0160238900472382,0.0130940564098458,0.019588363146142
"nec4param",65.434517138908,0.0159520940027831,0.0130344052351107,0.0195108213854697
"nec4param",65.9610414170501,0.0158795537769688,0.0129732033118756,0.0194332159612624
"nec4param",66.4918024165373,0.0158069810471309,0.012911785153617,0.0193643397124868
"nec4param",67.0268342285,0.0157345288817131,0.0128497819927801,0.0192950257515398
"nec4param",67.5661712183855,0.0156652766841025,0.0127767716440004,0.01921627806476
"nec4param",68.1098480281657,0.0155961758784188,0.0127151156295489,0.0191363728828088
"nec4param",68.6578995785618,0.015527214331917,0.0126618318573835,0.0190602942872114
"nec4param",69.2103610712876,0.0154595419691963,0.0126014716215955,0.0189830129998464
"nec4param",69.7672679913105,0.0153932342536804,0.0125396122071598,0.0189033608388509
"nec4param",70.3286561091304,0.0153263672093391,0.0124828731292329,0.0188234619608265
"nec4param",70.8945614830778,0.0152592403128166,0.0124212939823856,0.0187559846303402
"nec4param",71.4650204616294,0.0151915229472563,0.0123609605007806,0.0186846788933055
"nec4param",72.0400696857429,0.015125588832388,0.0123009795862715,0.0186247078963402
"nec4param",72.6197460912106,0.0150615709134445,0.0122379892097768,0.0185651425736855
"nec4param",73.2040869110316,0.0149977999536426,0.012172248378853,0.0184925896465885
"nec4param",73.7931296778033,0.0149324087339198,0.0121124910639643,0.01841398965216
"nec4param",74.3869122261328,0.0148668247229523,0.0120426581268811,0.0183372252709026
"nec4param",74.9854726950661,0.0148026076447583,0.0119846790181415,0.0182645494662845
"nec4param",75.5888495305381,0.0147406061500216,0.0119212974265953,0.0182025099747007
"nec4param",76.1970814878424,0.0146792754301237,0.0118605673697675,0.0181401089380085
"nec4param",76.8102076341201,0.0146165031556598,0.0117982323019596,0.018072810049468
"nec4param",77.4282673508693,0.0145531194944103,0.0117400137670509,0.0180034678898472
"nec4param",78.0513003364748,0.0144912426269694,0.0116802089788262,0.0179342862181728
"nec4param",78.6793466087576,0.0144327812071038,0.0116198708857613,0.0178763926719048
"nec4param",79.3124465075454,0.0143730319656991,0.0115616478862024,0.0178117536309115
"nec4param",79.9506406972636,0.0143111900249443,0.0115013345444593,0.0177553045179649
"nec4param",80.5939701695475,0.0142542816452902,0.0114505167121003,0.0176939361400225
"nec4param",81.2424762458747,0.0141973862023164,0.0113948545641011,0.0176346490412884
"nec4param",81.89620058022,0.0141410067221599,0.0113346503333291,0.0175711742816966
"nec4param",82.5551851617299,0.0140829747624509,0.0112748555076074,0.0174988891798298
"nec4param",83.2194723174201,0.0140226564815613,0.0112179949395593,0.0174421220284943
"nec4param",83.8891047148943,0.0139640186057817,0.0111555130762475,0.0173794198306041
"nec4param",84.5641253650847,0.0139053141293196,0.0110966071214539,0.0173197498864862
"nec4param",85.2445776250141,0.0138463637965196,0.0110419369730412,0.017270357015518
"nec4param",85.9305052005819,0.0137914986149013,0.0109891361712212,0.0172108752290437
"nec4param",86.62195214937,0.0137350925722623,0.010937377772799,0.0171519545018721
"nec4param",87.3189628834737,0.0136810806095012,0.0108835143158127,0.0170937234851021
"nec4param",88.0215821723536,0.0136272202772468,0.0108285597454271,0.0170426509924149
"nec4param",88.7298551457117,0.0135708248827504,0.010783737196891,0.0169917196190544
"nec4param",89.4438272963896,0.0135137606874156,0.0107287640363929,0.01693326938542
"nec4param",90.1635444832915,0.0134617883607637,0.0106752358925629,0.016879503251429
"nec4param",90.8890529343285,0.0134098678482912,0.0106211987006415,0.0168270272224093
"nec4param",91.6203992493884,0.0133544738834942,0.0105684140753084,0.0167766996342584
"nec4param",92.3576304033292,0.0132992639605876,0.0105189557439456,0.0167176767523831
"nec4param",93.1007937489958,0.0132473931833761,0.0104690378026779,0.0166615520018615
"nec4param",93.8499370202616,0.0131921613215336,0.0104157743590775,0.0166133454684227
"nec4param",94.605108335095,0.0131414726294574,0.0103654068953043,0.0165543988470259
"nec4param",95.3663561986491,0.0130884967142695,0.010319042920611,0.0165044676427991
"nec4param",96.1337295063782,0.0130334565848363,0.0102714886044666,0.0164525972239639
"nec4param",96.9072775471775,0.0129817069653809,0.0102162577764225,0.0164054687880225
"nec4param",97.6870500065498,0.0129314355473279,0.0101612634182742,0.0163566307955377
"nec4param",98.473096969796,0.0128807453355924,0.0101194404904621,0.0163056898084377
"nec4param",99.2654689252332,0.0128311755369914,0.0100653068356495,0.0162597960633456
"nec4param",100.064216767436,0.0127824513427088,0.0100188481366224,0.0162119751791421
"nec4param",100.869391800508,0.0127325780600907,0.00997380581512865,0.0161644567455549
"nec4param",101.681045741373,0.0126834186204469,0.00992689124811317,0.0161172420842991
"nec4param",102.499230723101,0.0126352246924535,0.0098756916998081,0.0160703979284804
"nec4param",103.323999298256,0.0125872281674316,0.00982484448130452,0.0160207892508374
"nec4param",104.155404442268,0.0125403718476243,0.00977642978708826,0.0159684413497785
"nec4param",104.993499556841,0.0124930340406381,0.00972276528614338,0.0159306819453762
"nec4param",105.838338473379,0.0124473948853065,0.00966996632194796,0.0158732007181669
"nec4param",106.689975456443,0.0123988899050886,0.00962025859580841,0.0158287469814137
"nec4param",107.548465207242,0.0123523145872302,0.0095759657403846,0.0157846111104388
"nec4param",108.413862867139,0.0123036099500553,0.00953384303301458,0.0157435157045395
"nec4param",109.2862240212,0.0122581324435313,0.00949196967284521,0.0156988088001117
"nec4param",110.165604701759,0.0122110161808608,0.00945432413287494,0.0156543594930515
"nec4param",111.052061392018,0.0121626204821237,0.00940792935053076,0.015611521815772
"nec4param",111.945651029678,0.0121200867649818,0.00937223399635559,0.0155767172943818
"nec4param",112.846431010593,0.012076309666298,0.00932311577089312,0.0155272229954976
"nec4param",113.754459192457,0.0120336826753809,0.00927892272175168,0.0154911302501301
"nec4param",114.66979389852,0.0119897360055753,0.00923293288397319,0.0154487875120966
"nec4param",115.592493921338,0.0119442922863479,0.00918566259081886,0.0154067229250256
"nec4param",116.522618526542,0.0119036605773008,0.00914277538400029,0.0153649602835742
"nec4param",117.460227456653,0.0118594067854686,0.00910581070855532,0.0153234974203299
"nec4param",118.405380934911,0.0118197719254985,0.00907406781066456,0.0152813981837489
"nec4param",119.358139669152,0.011778582804716,0.00902510938842994,0.0152425469764227
"nec4param",120.318564855698,0.0117399538105721,0.00897887571854717,0.0152009785329153
"nec4param",121.286718183295,0.0117004411419293,0.00893826666434061,0.0151618699614969
"nec4param",122.262661837072,0.0116567429661862,0.00889613841433008,0.015120649658588
"nec4param",123.246458502536,0.0116163009189642,0.0088560429145833,0.0150787226516297
"nec4param",124.238171369597,0.0115769828539706,0.00881600243558686,0.0150351018237549
"nec4param",125.237864136631,0.0115378064031991,0.00877637355689789,0.0149931999151109
"nec4param",126.245601014563,0.0115010785564289,0.00873167629471214,0.0149530246642994
"nec4param",127.261446731002,0.0114583708437152,0.00869185926072884,0.0149104299300348
"nec4param",128.28546653439,0.0114179374636365,0.00865841776317813,0.014872445060813
"nec4param",129.317726198196,0.0113769860391739,0.00862067566442644,0.0148309088385154
"nec4param",130.358292025143,0.0113371692246777,0.00858273978684448,0.0147896261600862
"nec4param",131.407230851461,0.0112986125401716,0.00854035455116521,0.0147487085552761
"nec4param",132.464610051185,0.0112617806399118,0.0084999385346241,0.0147122921705142
"nec4param",133.530497540483,0.0112236264461189,0.00846191907912914,0.0146773238906527
"nec4param",134.604961782011,0.0111869728276059,0.00842197162564,0.014643409859699
"nec4param",135.688071789321,0.0111493188762923,0.00838473192880071,0.0146140266783307
"nec4param",136.779897131284,0.0111118551396325,0.00834978367383373,0.0145810343865878
"nec4param",137.880507936565,0.0110765120463822,0.00830858273859819,0.0145447797618381
"nec4param",138.989974898123,0.0110419765895879,0.00827082714244622,0.014508935987161
"nec4param",140.108369277757,0.0110048440911453,0.00823344072531075,0.0144763219890672
"nec4param",141.235762910678,0.0109702735812571,0.00819632427769804,0.0144393024702332
"nec4param",142.372228210124,0.0109376576721862,0.00816049330619224,0.0144073636654946
"nec4param",143.517838172014,0.0109019070288171,0.00812269488815623,0.0143693290086113
"nec4param",144.672666379635,0.0108673946349078,0.00809271298008627,0.0143318530256748
"nec4param",145.836787008366,0.010832715031918,0.00805638856695392,0.014300471355076
"nec4param",147.010274830445,0.0107959087346497,0.00802021575371805,0.014264513906654
"nec4param",148.193205219772,0.010760595432616,0.00799144065040792,0.0142290981512639
"nec4param",149.385654156749,0.0107275483982812,0.00796132178455638,0.0141949698596933
"nec4param",150.587698233161,0.0106957658669491,0.00793074385933709,0.0141620688561175
"nec4param",151.799414657093,0.0106612536892818,0.00788463197916623,0.0141339026124376
"nec4param",153.020881257894,0.0106291042447543,0.00784872580318987,0.0141076334569333
"nec4param",154.252176491172,0.0105921177383609,0.00781661609319632,0.014078050186563
"nec4param",155.493379443834,0.0105608967077177,0.0077880552107803,0.0140452082626582
"nec4param",156.744569839169,0.0105269943100529,0.00775537542333012,0.0140139010876933
"nec4param",158.005828041962,0.0104951645925669,0.00771617114960979,0.0139823066302374
"nec4param",159.277235063663,0.0104645209248043,0.00767650294111887,0.0139486269571587
"nec4param",160.558872567587,0.0104327338299259,0.00765339728128432,0.0139192825608071
"nec4param",161.850822874158,0.0104001002874483,0.00762506082018275,0.0138883566192619
"nec4param",163.1531689662,0.0103652779249547,0.0075887021786089,0.0138604849554108
"nec4param",164.465994494265,0.0103331474137494,0.00755247929787161,0.0138306130128171
"nec4param",165.789383782004,0.0103020139309021,0.0075147881920037,0.0138039973258851
"nec4param",167.123421831588,0.0102725401583228,0.00748457758225458,0.0137774171620796
"nec4param",168.468194329163,0.010240051655282,0.00744913952362591,0.0137497588730464
"nec4param",169.823787650357,0.0102102133554887,0.00741705326512694,0.0137193747174238
"nec4param",171.190288865826,0.010179210525176,0.00738321798769995,0.0136892037479046
"nec4param",172.567785746848,0.0101473521116625,0.00734939889444021,0.0136590334368997
"nec4param",173.956366770959,0.0101169591296811,0.00732006601522308,0.0136294244768206
"nec4param",175.356121127636,0.0100851343635852,0.00728877265048846,0.0135996810323903
"nec4param",176.76713872403,0.0100552369062598,0.0072575812526655,0.0135755414805605
"nec4param",178.189510190734,0.0100269107420379,0.0072274103365371,0.0135515854839065
"nec4param",179.623326887608,0.00999821891957038,0.00719734001318938,0.0135278116466888
"nec4param",181.068680909648,0.0099699993696867,0.00716767185032524,0.0134999485598112
"nec4param",182.5256650929,0.00993933888998837,0.00713591288208639,0.0134761946468788
"nec4param",183.994373020421,0.00990860201951819,0.0071038882821653,0.0134490244437373
"nec4param",185.474899028295,0.00988096038414652,0.00707722329885143,0.013428998114919
"nec4param",186.967338211685,0.00985158181401622,0.00704291051508791,0.0134059805418477
"nec4param",188.471786430949,0.00982252103742854,0.00701143372064962,0.0133821122600581
"nec4param",189.988340317792,0.00979372350281485,0.00698501684261641,0.0133583566198858
"nec4param",191.517097281474,0.00976627248234314,0.00695891692846957,0.0133361052612518
"nec4param",193.058155515065,0.00973997720562575,0.00693186350421307,0.0133146877266474
"nec4param",194.611614001757,0.00971354132029306,0.00690503961904301,0.0132899534858852
"nec4param",196.177572521216,0.00968532696549891,0.00687792758773018,0.0132654470303923
"nec4param",197.756131655994,0.00965938182880216,0.00684747728369008,0.0132426475633166
"nec4param",199.347392797989,0.00963340229578446,0.00682234494116639,0.0132200150987254
"nec4param",200.951458154957,0.00960835287904523,0.00679508304545195,0.0131975024504832
"nec4param",202.568430757078,0.00958433697586372,0.00676459382502448,0.0131750540837138
"nec4param",204.198414463573,0.00955934180252055,0.00673598165103923,0.0131513324134496
"nec4param",205.841513969372,0.00953261043187737,0.0067076775284118,0.0131241476061479
"nec4param",207.497834811846,0.00950997148193665,0.00668060438313648,0.0130971672787902
"nec4param",209.167483377579,0.00948096213833994,0.00665156060834568,0.0130704656798254
"nec4param",210.850566909201,0.00945536816960807,0.00662774908695613,0.0130439482750433
"nec4param",212.547193512284,0.00942824429019758,0.00660435085801196,0.0130175156784022
"nec4param",214.257472162275,0.00940422421385382,0.00657913647549653,0.0129911831752602
"nec4param",215.981512711506,0.00937735275525767,0.00655230174851634,0.0129648258814385
"nec4param",217.71942589624,0.00935284442515451,0.00652565550140363,0.0129393517451102
"nec4param",219.471323343794,0.009327405245206,0.00649879217649032,0.0129139807939883
"nec4param",221.237317579698,0.00930116462163669,0.00647389692695075,0.0128929789621387
"nec4param",223.017522034931,0.00927817149485685,0.00645099324433279,0.0128723003963309
"nec4param",224.812051053205,0.00925468764040918,0.0064283642088355,0.012851890393063
"nec4param",226.621019898305,0.00923341346635689,0.00640127256937738,0.0128282630380504
"nec4param",228.444544761497,0.00920882910976036,0.00637520820616616,0.012804683542072
"nec4param",230.28274276899,0.00918488127163833,0.00634907674828869,0.0127866757823511
"nec4param",232.13573198946,0.00916015896684267,0.0063227734433177,0.0127688075410876
"nec4param",234.003631441629,0.0091370272923977,0.00629448169418126,0.0127510554356945
"nec4param",235.886561101917,0.00911780660908998,0.00627077740236437,0.0127306029424953
"nec4param",237.784641912141,0.00909595398831109,0.00624502826408687,0.0127126790135035
"nec4param",239.697995787287,0.0090717184422611,0.00622092141746216,0.0126934735118554
"nec4param",241.626745623342,0.00904739583273376,0.00619605949611514,0.0126743998883883
"nec4param",243.571015305184,0.00902529231156362,0.00617314103473228,0.0126554244371634
"nec4param",245.530929714541,0.00900484265586551,0.00615065223528681,0.0126365105125637
"nec4param",247.506614738014,0.00898283483522622,0.00612585772677562,0.0126121272441767
"nec4param",249.498197275159,0.00896183655734181,0.00610367461079005,0.0125822100983341
"nec4param",251.505805246639,0.00894028949941018,0.00608165654917404,0.0125588281570284
"nec4param",253.529567602445,0.00891829061976565,0.00605881036775329,0.0125389589097971
"nec4param",255.56961433017,0.00889629734945699,0.0060346862010909,0.0125217987511867
"nec4param",257.626076463368,0.00887483123896768,0.00601085040009634,0.0125017882033286
"nec4param",259.699086089962,0.00885242834320988,0.00598594487788099,0.0124880755097663
"nec4param",261.788776360732,0.00883055972884376,0.00596184672092624,0.0124714994775868
"nec4param",263.895281497866,0.00880841267858373,0.00593871952988412,0.0124550490065647
"nec4param",266.018736803585,0.00878688224127923,0.00591637666045196,0.0124387231455097
"nec4param",268.159278668828,0.00876769607278056,0.00589502738367843,0.0124223104060674
"nec4param",270.317044582015,0.00874711571843549,0.00587451499352909,0.0124060076813577
"nec4param",272.49217313788,0.0087273112078566,0.00585015063705347,0.012385350928349
"nec4param",274.684804046368,0.00870911338754076,0.00582835305960082,0.0123641736460125
"nec4param",276.895078141615,0.00868873954967576,0.00580673189552774,0.0123471208502379
"nec4param",279.123137390988,0.00867065096966156,0.00578530271166538,0.0123309361621598
"nec4param",281.369124904208,0.00865175860569563,0.00576455081167584,0.012315169565972
"nec4param",283.633184942539,0.00863351331307012,0.00574294502657678,0.0123035159408461
"nec4param",285.915462928055,0.00861394004457463,0.0057218947585866,0.0122829903480593
"nec4param",288.216105452982,0.00859481847771453,0.00570110406829504,0.0122645905560844
"nec4param",290.535260289112,0.00857295510173735,0.00568191710905501,0.0122499776555341
"nec4param",292.873076397296,0.00855107953922582,0.00566363696844527,0.0122354763210701
"nec4param",295.229703937008,0.00853273790589883,0.00564422023356464,0.0122199881447362
"nec4param",297.605294275997,0.00851576145633797,0.00562114247014307,0.0122068369426555
"nec4param",300,0.00849809196282711,0.00559902795790826,0.0121915498697455
"ecxexp",0.1,0.756207255111588,0.703230210944819,0.805235430887237
"ecxexp",0.100804658307517,0.75364648277235,0.700930846778421,0.802421903127799
"ecxexp",0.101615791364953,0.751115855559493,0.698652101083819,0.799662632982104
"ecxexp",0.102433451271921,0.748543830233939,0.696299224500782,0.796857039583993
"ecxexp",0.103257690547257,0.745973967647077,0.694006099523913,0.794085103298626
"ecxexp",0.104088562132396,0.743436199987641,0.691664233742891,0.791259201339926
"ecxexp",0.10492611939477,0.740937926919867,0.689433928066653,0.788441231820194
"ecxexp",0.105770416131236,0.738384622929357,0.687163685608794,0.785613596640266
"ecxexp",0.106621506571531,0.735904741967651,0.684913448207774,0.782908048531718
"ecxexp",0.107479445381759,0.733399571377646,0.682612509035214,0.780208136861014
"ecxexp",0.108344287667897,0.730881511462458,0.680246375212871,0.777524654559443
"ecxexp",0.109216088979337,0.728387894250087,0.678017313921213,0.774873259169113
"ecxexp",0.110094905312455,0.725913975069102,0.675730688793242,0.772078888454658
"ecxexp",0.110980793114205,0.723441428907404,0.673486401065108,0.769335040876068
"ecxexp",0.111873809285747,0.721003920866784,0.671223645011285,0.766568669378804
"ecxexp",0.112774011186101,0.718554309651412,0.668932524196896,0.763945134855142
"ecxexp",0.113681456635831,0.716118713436904,0.666719626524139,0.761339770994914
"ecxexp",0.114596203920758,0.713669205985322,0.664540698469634,0.758618211556326
"ecxexp",0.115518311795706,0.711253991847436,0.662296259636798,0.756008400258328
"ecxexp",0.116447839488274,0.70881084052919,0.660068589783972,0.753343582438858
"ecxexp",0.11738484670264,0.706381062576653,0.657872582348091,0.750671843261491
"ecxexp",0.1183293936234,0.704000608956488,0.655659779509331,0.748044011531689
"ecxexp",0.119281540919425,0.701630666018041,0.653437095926953,0.745425093733146
"ecxexp",0.120241349747768,0.699260884637114,0.651359922051226,0.742820312765759
"ecxexp",0.121208881757585,0.696903763650445,0.649308048662635,0.740140054035297
"ecxexp",0.122184199094096,0.694532913933047,0.647172665957585,0.737653942327008
"ecxexp",0.12316736440258,0.692153353175005,0.645037179486048,0.735145686418547
"ecxexp",0.124158440832396,0.689781408082571,0.642897298755891,0.732532819568209
"ecxexp",0.125157492041038,0.687429578853092,0.640866793191931,0.729994218686606
"ecxexp",0.126164582198226,0.685072742001341,0.638661382592867,0.727501486601912
"ecxexp",0.127179775990029,0.682738562496149,0.636513962473111,0.725010790693239
"ecxexp",0.128203138623014,0.680435203467234,0.634499990625113,0.722517180469078
"ecxexp",0.129234735828443,0.678136566962576,0.632456281233801,0.720008642315419
"ecxexp",0.130274633866484,0.675822699433865,0.630485449835118,0.717532929172512
"ecxexp",0.131322899530479,0.673517065428331,0.628518002016341,0.715046053054686
"ecxexp",0.132379600151223,0.671225744240528,0.626291752850433,0.712622325360914
"ecxexp",0.133444803601298,0.668938669714563,0.624282963217405,0.710171174768991
"ecxexp",0.134518578299427,0.666662112102368,0.622130878684133,0.707730519134047
"ecxexp",0.135600993214867,0.66440577111057,0.620095711338706,0.70532398072554
"ecxexp",0.136692117871847,0.662122205939644,0.618019879726439,0.702871159719638
"ecxexp",0.137792022354024,0.659879454907154,0.615999613557799,0.700454712152175
"ecxexp",0.138900777308992,0.657641678524712,0.613814795358736,0.698030699733206
"ecxexp",0.140018453952815,0.655437416980656,0.611801721423464,0.695447027516191
"ecxexp",0.141145124074603,0.653217997580684,0.609854521542258,0.692977097378288
"ecxexp",0.142280860041125,0.650980370689308,0.607791655276739,0.690608979651442
"ecxexp",0.143425734801453,0.648757767234024,0.605800142213593,0.688315267486006
"ecxexp",0.144579821891651,0.64656928013719,0.603814200405506,0.685957688753788
"ecxexp",0.145743195439496,0.644331665455189,0.601852522901806,0.683579348016638
"ecxexp",0.146915930169241,0.642182865950438,0.599942395054864,0.681265120106636
"ecxexp",0.148098101406414,0.64002806253066,0.598039910000966,0.679004702265425
"ecxexp",0.149289785082657,0.637868228399178,0.596061247909184,0.676738491306147
"ecxexp",0.150491057740599,0.635690080104891,0.594111696172336,0.674412027552733
"ecxexp",0.151701996538779,0.633540120646402,0.592132265721787,0.672158645593957
"ecxexp",0.152922679256598,0.631406843843157,0.590198077352703,0.669829800139906
"ecxexp",0.154153184299315,0.629221148484779,0.588315055749839,0.667551426215891
"ecxexp",0.155393590703082,0.627054648549725,0.586446249841556,0.665248251108089
"ecxexp",0.156643978140024,0.624922573714256,0.584477625704784,0.662990888135056
"ecxexp",0.157904426923353,0.622767495499642,0.582522044516174,0.660655995513009
"ecxexp",0.15917501801253,0.620596769982174,0.580585355020697,0.658348452219627
"ecxexp",0.16045583301846,0.618484743158169,0.578685392970604,0.656109742001488
"ecxexp",0.161746954208739,0.616370615674502,0.576925765129611,0.653826870943679
"ecxexp",0.163048464512936,0.614273510007382,0.575016713425021,0.651583027191482
"ecxexp",0.164360447527919,0.612211132805737,0.573098204712925,0.649337902537567
"ecxexp",0.165682987523225,0.610157967661737,0.571124162144885,0.647155058228044
"ecxexp",0.167016169446473,0.608134014091797,0.569243802091177,0.645026965793373
"ecxexp",0.168360078928822,0.606075043798598,0.567277507170403,0.64282350441116
"ecxexp",0.169714802290465,0.604027843284589,0.56540458013531,0.640599989190391
"ecxexp",0.171080426546182,0.601945740379181,0.563559410888637,0.638385213148545
"ecxexp",0.172457039410922,0.599898644992055,0.561703429450341,0.636195287104008
"ecxexp",0.17384472930544,0.597858710975172,0.559839652374829,0.634043557673237
"ecxexp",0.175243585361978,0.59580273968049,0.557929154586129,0.631862893720362
"ecxexp",0.176653697429984,0.593763666723153,0.556012595614064,0.629617460953366
"ecxexp",0.178075156081891,0.591761501693906,0.554097220737285,0.627431470851915
"ecxexp",0.179508052618929,0.589748150260982,0.552178043598164,0.625330448264707
"ecxexp",0.180952479076989,0.58771686697666,0.55034350545009,0.623227797380186
"ecxexp",0.182408528232541,0.585717223512273,0.548460316713125,0.621078952152595
"ecxexp",0.183876293608584,0.583697698390979,0.546691121685378,0.618937671485944
"ecxexp",0.185355869480661,0.581657133606019,0.544876826689028,0.616869669188269
"ecxexp",0.186847350882908,0.579659238916285,0.543065880875981,0.614833737194266
"ecxexp",0.188350833614163,0.577692907901229,0.541251107411081,0.612745672709583
"ecxexp",0.189866414244118,0.575744214503658,0.539463749699756,0.610584176516371
"ecxexp",0.191394190119519,0.573779143382303,0.537602319802366,0.608423447250915
"ecxexp",0.192934259370421,0.571829384412725,0.535843256992207,0.60638556634287
"ecxexp",0.194486720916492,0.569922252577999,0.534104907938302,0.604352086278099
"ecxexp",0.196051674473365,0.567988758960001,0.532329694269436,0.602326487974158
"ecxexp",0.197629220559042,0.56602231658265,0.530538877021543,0.60030764483109
"ecxexp",0.199219460500352,0.564125003871795,0.528798859971149,0.598182938923401
"ecxexp",0.200822496439459,0.562211689928823,0.526988261676555,0.596168768640208
"ecxexp",0.202438431340423,0.560306878009986,0.525188246441436,0.594110808730296
"ecxexp",0.204067368995811,0.558428865150615,0.523461902306192,0.592075187968019
"ecxexp",0.205709414033368,0.556524797994711,0.521660037541844,0.590073841571969
"ecxexp",0.207364671922733,0.554635850387871,0.519954983421579,0.588079203851039
"ecxexp",0.209033248982215,0.552760908922572,0.518211910532204,0.586093749316275
"ecxexp",0.210715252385624,0.550871283652144,0.516519393299503,0.584189399040201
"ecxexp",0.212410790169151,0.548973676130057,0.5147834194217,0.582138204640001
"ecxexp",0.214119971238311,0.547098393306017,0.513119969150722,0.580095970654866
"ecxexp",0.215842905374934,0.545215526981361,0.511440008941362,0.578059606129013
"ecxexp",0.21757970324422,0.543376715409737,0.509720479577357,0.576064484482446
"ecxexp",0.219330476401846,0.541523488832325,0.508002745811808,0.574097108073093
"ecxexp",0.221095337301131,0.539695012992537,0.50635120788154,0.572115239968979
"ecxexp",0.222874399300258,0.537844451492226,0.504713180100969,0.570153233017376
"ecxexp",0.224667776669557,0.535997717569059,0.503065539897575,0.568158840136894
"ecxexp",0.226475584598843,0.534203249349243,0.501380301138429,0.566347110414572
"ecxexp",0.228297939204816,0.532407191394432,0.499741420866278,0.564524604847326
"ecxexp",0.230134957538519,0.530583046509346,0.498054806023156,0.562627494442097
"ecxexp",0.231986757592854,0.528779608928506,0.496363856882958,0.560720861478257
"ecxexp",0.233853458310165,0.526961867385022,0.494680001427345,0.558760047219432
"ecxexp",0.235735179589874,0.525153646260977,0.493088396334071,0.55686242380505
"ecxexp",0.237632042296185,0.523376445770203,0.491399735648723,0.555065015241189
"ecxexp",0.239544168265845,0.521618930176408,0.489778250392209,0.553238989776852
"ecxexp",0.241471680315969,0.519841097938725,0.488094904828983,0.551410761256143
"ecxexp",0.243414702251933,0.518064334285704,0.486470060565158,0.549492544629652
"ecxexp",0.245373358875322,0.516287851643878,0.484874470913741,0.547607045442499
"ecxexp",0.247347775991947,0.5145185850862,0.483242276680415,0.545711526565168
"ecxexp",0.249338080419926,0.512757778716118,0.481552451999412,0.543910805237109
"ecxexp",0.251344399997829,0.51099889632726,0.479888189089804,0.542172137110908
"ecxexp",0.253366863592891,0.509260374080778,0.478283756487683,0.540367953062936
"ecxexp",0.255405601109287,0.507546285747423,0.476607854563061,0.538541622091721
"ecxexp",0.257460743496478,0.505790316867264,0.474963617527694,0.53672148332486
"ecxexp",0.259532422757618,0.504055325628241,0.473404076473929,0.534860713781511
"ecxexp",0.261620771958038,0.50233297583037,0.471816778125863,0.533025517257696
"ecxexp",0.26372592523379,0.500617385248935,0.470177860888767,0.531268890750851
"ecxexp",0.265848017800261,0.498925509427994,0.468603044210623,0.529504121496941
"ecxexp",0.267987185960861,0.497247580565851,0.466992457296449,0.527714958788348
"ecxexp",0.270143567115777,0.49554568379427,0.465420688887392,0.525932764091485
"ecxexp",0.272317299770797,0.493848847222002,0.463854210761411,0.524248082214778
"ecxexp",0.27450852354621,0.492163713929202,0.46224823861666,0.522471546021479
"ecxexp",0.276717379185768,0.490490110335277,0.460647974885576,0.520672836371249
"ecxexp",0.278944008565731,0.488820985325525,0.459145876378154,0.51895110373962
"ecxexp",0.281188554703977,0.487167903579916,0.457538863269042,0.517249284232012
"ecxexp",0.28345116176919,0.485530747611411,0.455937474895273,0.515546116079953
"ecxexp",0.28573197509012,0.483893780214946,0.454356328282285,0.513897464085453
"ecxexp",0.288031141164917,0.482263981195237,0.452817687725124,0.512188668433047
"ecxexp",0.290348807670537,0.480640370698132,0.451265829204218,0.510487784457445
"ecxexp",0.292685123472236,0.479035415004085,0.449693800724517,0.508789162521754
"ecxexp",0.295040238633122,0.477414767498004,0.448104392201104,0.507114283069181
"ecxexp",0.297414304423803,0.475797519203057,0.446591359015545,0.505469133583125
"ecxexp",0.299807473332094,0.474172264843507,0.445070660277623,0.503810966754749
"ecxexp",0.302219899072819,0.472552016695543,0.443545919599287,0.502120235218892
"ecxexp",0.304651736597679,0.470939136427218,0.442051400791227,0.500467434041918
"ecxexp",0.307103142105208,0.469349061977919,0.440566438027788,0.498836926515852
"ecxexp",0.309574273050804,0.46774600226959,0.439071173644388,0.497229245334802
"ecxexp",0.312065288156844,0.466159626607155,0.437568934618573,0.495563464804501
"ecxexp",0.314576347422876,0.464564972379636,0.43606787991688,0.493916718222468
"ecxexp",0.317107612135899,0.463003265610365,0.434613101265519,0.492329115136147
"ecxexp",0.31965924488072,0.46140823965186,0.433110291767169,0.490741365143745
"ecxexp",0.3222314095504,0.459829000243314,0.431572498339552,0.489146258540761
"ecxexp",0.324824271356778,0.458262393913415,0.430152025589879,0.487511633191474
"ecxexp",0.327437996841083,0.456690533589708,0.428738361969833,0.485919415324641
"ecxexp",0.330072753884633,0.455136734561197,0.42734026065668,0.484353529487849
"ecxexp",0.332728711719617,0.453599009508688,0.425861308451988,0.482772460699798
"ecxexp",0.335406040939964,0.45206445074329,0.424416356514195,0.481103042019512
"ecxexp",0.338104913512303,0.450511914515666,0.422986034552282,0.479542159597096
"ecxexp",0.340825502787004,0.449018208806622,0.421532229215271,0.477976574358774
"ecxexp",0.343567983509317,0.447490424836644,0.420087472557862,0.476424679679632
"ecxexp",0.346332531830595,0.445971184761775,0.418650019203554,0.474853366171726
"ecxexp",0.349119325319605,0.444475007889032,0.417180209767762,0.473287014824438
"ecxexp",0.351928542973938,0.442969385867486,0.415736335671014,0.47169365566817
"ecxexp",0.354760365231503,0.441465580376162,0.414319978911322,0.470103058106438
"ecxexp",0.357614973982117,0.439957908914881,0.412956009151334,0.46853888532317
"ecxexp",0.36049255257919,0.438474089902646,0.411579612822584,0.466988863903304
"ecxexp",0.3633932858515,0.436989495892034,0.410180891744879,0.465455024810804
"ecxexp",0.366317360115064,0.435506897264259,0.408767908194392,0.463906909787867
"ecxexp",0.369264963185108,0.434052422859047,0.407412001938059,0.462375030667992
"ecxexp",0.372236284388128,0.432579059510602,0.40596756341698,0.460851962751286
"ecxexp",0.375231514574051,0.431094299966029,0.404576438335149,0.459291481990758
"ecxexp",0.378250846128495,0.429675573220938,0.403175240352687,0.457821601945318
"ecxexp",0.381294472985122,0.428209432934849,0.401843717614283,0.456314129584604
"ecxexp",0.384362590638102,0.426733585965796,0.400485634166466,0.454811915975093
"ecxexp",0.38745539615466,0.425275767638743,0.399086953812737,0.45333887778192
"ecxexp",0.390573088187743,0.423858701196314,0.397700105221972,0.451830460962244
"ecxexp",0.393715866988772,0.422438098138222,0.396366317805468,0.450387137276451
"ecxexp",0.396883934420512,0.420990372344333,0.395000869407685,0.448881668099982
"ecxexp",0.400077493970028,0.419560089802007,0.393625641296381,0.447381798462133
"ecxexp",0.403296750761765,0.418141097603267,0.392268116706361,0.44590211631558
"ecxexp",0.406541911570717,0.416728342953404,0.39093952231714,0.444437959018788
"ecxexp",0.409813184835711,0.415317023714898,0.389602512693386,0.442953783399578
"ecxexp",0.413110780672793,0.413911829143332,0.388270027586507,0.44149191525565
"ecxexp",0.416434910888726,0.4125022640031,0.386907724156277,0.440002798335197
"ecxexp",0.419785788994595,0.411092696844427,0.385578044953228,0.438530178554095
"ecxexp",0.423163630219517,0.409698418480699,0.384263919896738,0.437102994876655
"ecxexp",0.426568651524471,0.408317627849124,0.382955610907528,0.435721148972538
"ecxexp",0.430001071616227,0.406925491135442,0.38165079344107,0.434240754889501
"ecxexp",0.433461110961401,0.4055433409092,0.380243553478482,0.432766343227291
"ecxexp",0.436948991800609,0.40418511413382,0.378846247148532,0.431358494266186
"ecxexp",0.440464938162746,0.402807005878237,0.377576817008257,0.429997293393085
"ecxexp",0.444009175879373,0.401411070968795,0.376278171948665,0.428594789022226
"ecxexp",0.447581932599226,0.400045842003095,0.37499252398521,0.427182442021726
"ecxexp",0.451183437802833,0.398696792011515,0.373656804729491,0.425765708725212
"ecxexp",0.454813922817255,0.397338787601781,0.372422655984846,0.424342670090443
"ecxexp",0.45847362083095,0.39598757897289,0.371142071205785,0.422961455700719
"ecxexp",0.462162766908742,0.394642227959818,0.369808806691495,0.421602258404124
"ecxexp",0.465881598006925,0.393308208640411,0.368570677620495,0.420242510350622
"ecxexp",0.469630352988483,0.391994316863793,0.367308356267374,0.418858185227733
"ecxexp",0.473409272638428,0.390656030182613,0.366022941360569,0.417508432874144
"ecxexp",0.47721859967927,0.389325880153001,0.364779714452606,0.416133561847292
"ecxexp",0.481058578786607,0.387984690527367,0.363482741852085,0.414731191037725
"ecxexp",0.484929456604839,0.38667414031028,0.362214586968295,0.413363291016232
"ecxexp",0.488831481763009,0.385368806286707,0.360934653303442,0.412007148132124
"ecxexp",0.492764904890775,0.384048218710929,0.359661556748376,0.410641860977739
"ecxexp",0.496729978634508,0.382733353112259,0.358384832264926,0.40927301748337
"ecxexp",0.50072695767352,0.38142805157336,0.357138497080377,0.407910513016233
"ecxexp",0.504756098736419,0.380141241534211,0.355954846648722,0.406561494338135
"ecxexp",0.508817660617602,0.378855030434127,0.354791798763318,0.405253851401037
"ecxexp",0.512911904193877,0.377582878730115,0.353632551037755,0.403919199142554
"ecxexp",0.517039092441219,0.3762938618842,0.352454253991544,0.40262702528864
"ecxexp",0.521199490451659,0.375036338602519,0.351236323703928,0.401313949399543
"ecxexp",0.525393365450317,0.373752217122774,0.350022602059473,0.399987714862312
"ecxexp",0.529620986812558,0.372468943972858,0.348808471040553,0.398664558073051
"ecxexp",0.5338826260813,0.371191528709667,0.347569612917693,0.397407845184003
"ecxexp",0.538178556984455,0.369934560446756,0.346340658506087,0.396133554103457
"ecxexp",0.542509055452508,0.368680172783312,0.345098701055109,0.394860438035224
"ecxexp",0.54687439963624,0.36742865227549,0.343904541262681,0.393571993399693
"ecxexp",0.551274869924599,0.366179405108368,0.342690791813022,0.392267817022583
"ecxexp",0.555710748962703,0.364943906181168,0.341492515067057,0.390989780172357
"ecxexp",0.560182321669998,0.36372084658282,0.340321188303423,0.389686687203103
"ecxexp",0.56468987525856,0.362485413412709,0.339129215898662,0.388384786307215
"ecxexp",0.569233699251537,0.361243693587983,0.337984157428928,0.387091974706451
"ecxexp",0.573814085501753,0.360017456039973,0.336829631719917,0.385880587993111
"ecxexp",0.578431328210448,0.358785322915035,0.335683372467266,0.384618600032918
"ecxexp",0.583085723946176,0.357551925696831,0.334543780849693,0.383376470491141
"ecxexp",0.587777571663857,0.356331794460934,0.333390348709172,0.382119340834917
"ecxexp",0.592507172723973,0.355127998442167,0.332180145865956,0.380874609034548
"ecxexp",0.597274830911933,0.353911873372662,0.331062130308924,0.379674595227154
"ecxexp",0.602080852457576,0.352707144502315,0.32996920026944,0.378378987061998
"ecxexp",0.606925546054847,0.351511976870676,0.328828879398415,0.377128056563626
"ecxexp",0.611809222881623,0.350334912784609,0.327713434592806,0.375949704923887
"ecxexp",0.616732196619697,0.349151462235061,0.3265439610468,0.374715566758385
"ecxexp",0.621694783474932,0.347961959270034,0.325385367360842,0.373438557200602
"ecxexp",0.626697302197565,0.346774049745701,0.324205478663516,0.372197763803567
"ecxexp",0.631740074102685,0.345608562623701,0.323024590698411,0.370976289471736
"ecxexp",0.636823423090869,0.344424677972922,0.321910797381253,0.369771679459944
"ecxexp",0.641947675668986,0.343257343383636,0.320807129665374,0.368544674566474
"ecxexp",0.647113160971171,0.342096383664843,0.319686984382794,0.367334409218549
"ecxexp",0.652320210779964,0.340920549516955,0.318569769243646,0.366128118287107
"ecxexp",0.657569159547619,0.339754500218795,0.317480032285137,0.364926330271404
"ecxexp",0.662860344417591,0.338605675185935,0.316375737794011,0.363735189433139
"ecxexp",0.668194105246186,0.337471667346196,0.315258094471599,0.362534821089948
"ecxexp",0.67357078462439,0.336333480483117,0.31414636930216,0.361342546305854
"ecxexp",0.67899072789988,0.335180264467535,0.313046655399489,0.360107162923655
"ecxexp",0.684454283199199,0.334025558923268,0.311934557524034,0.358875614260701
"ecxexp",0.68996180145012,0.332896546816585,0.310875422971922,0.357741703974649
"ecxexp",0.695513636404185,0.331770430666349,0.30975200574111,0.356584950028995
"ecxexp",0.701110144659427,0.330632853907032,0.308656563263795,0.355445167831795
"ecxexp",0.706751685683276,0.32950996315978,0.307584221834661,0.354281014247088
"ecxexp",0.712438621835646,0.328389363902819,0.306527756296557,0.353117544650398
"ecxexp",0.718171318392208,0.327289291328387,0.305420386133764,0.351963231501391
"ecxexp",0.723950143567858,0.326161450237143,0.304334985152995,0.350807836397105
"ecxexp",0.729775468540361,0.325054207401203,0.303291864430869,0.349626484624961
"ecxexp",0.735647667474195,0.323964909073098,0.302265511746363,0.348498576829642
"ecxexp",0.741567117544584,0.322866383439066,0.301202604244666,0.347365196402115
"ecxexp",0.747534198961723,0.321759145729886,0.30013426426775,0.346280695298874
"ecxexp",0.753549294995202,0.320662849418886,0.299091900945885,0.34514966634711
"ecxexp",0.759612791998619,0.319567865687621,0.298050074313568,0.344016768066858
"ecxexp",0.765725079434401,0.318481598787722,0.296990734016902,0.342903457536476
"ecxexp",0.771886549898814,0.317408531122509,0.2959363823766,0.341830173759168
"ecxexp",0.778097599147183,0.316323971865074,0.29488409594594,0.340720095056559
"ecxexp",0.784358626119314,0.315263315529387,0.293830137139956,0.339640872569015
"ecxexp",0.790670032965113,0.31419225591031,0.292778731731161,0.33856412898959
"ecxexp",0.797032225070417,0.313115873291349,0.291772862756283,0.337467023057855
"ecxexp",0.803445611083036,0.312049993899053,0.29074469066565,0.336331082944631
"ecxexp",0.809910602939,0.310986475576261,0.289727790113301,0.33522419612517
"ecxexp",0.816427615889012,0.309916309625707,0.288733911612958,0.334149742171877
"ecxexp",0.822997068525129,0.308856939825844,0.287659387407721,0.33307849030993
"ecxexp",0.829619382807641,0.307796688761964,0.286605631660828,0.331994169685665
"ecxexp",0.836294984092177,0.306733644937696,0.285586073444706,0.330948910914716
"ecxexp",0.843024301157025,0.305712750551194,0.284571926674767,0.329899268482786
"ecxexp",0.849807766230675,0.304666068117617,0.283561215847386,0.328828279606179
"ecxexp",0.856645815019578,0.303640343967922,0.282541340724459,0.3277543310636
"ecxexp",0.863538886736133,0.30262758508411,0.281546833799996,0.326669444670788
"ecxexp",0.870487424126898,0.301587438385254,0.280558169407307,0.325598816174818
"ecxexp",0.877491873501029,0.300550226161201,0.279572942290484,0.324529329913575
"ecxexp",0.884552684758945,0.299521101706378,0.278586743617659,0.323462840985773
"ecxexp",0.891670311421226,0.298501188810508,0.277603202265651,0.322410296770228
"ecxexp",0.898845210657742,0.297493584926896,0.276623009627033,0.321384882563494
"ecxexp",0.906077843317022,0.296482752494407,0.275627498495774,0.320364466627985
"ecxexp",0.913368673955847,0.295471898839807,0.274648345883494,0.319347023802833
"ecxexp",0.920718170869093,0.29446726728842,0.273695115220246,0.318332135115316
"ecxexp",0.928126806119814,0.293466150964024,0.272749190311378,0.317282642166695
"ecxexp",0.935595055569552,0.292465983383555,0.271758354635596,0.316259317589635
"ecxexp",0.943123398908914,0.291480524354004,0.270801318103666,0.31521060742971
"ecxexp",0.950712319688375,0.290479998467058,0.269824537550531,0.314198044151171
"ecxexp",0.958362305349338,0.289494830370177,0.268845617709989,0.313171863323196
"ecxexp",0.966073847255446,0.288495520043111,0.267870053972877,0.312159919546538
"ecxexp",0.97384744072414,0.287522034380321,0.266921573750968,0.311138910764756
"ecxexp",0.981683585058472,0.286547050726175,0.265961608131589,0.310112109230307
"ecxexp",0.989582783579179,0.285580597593365,0.265016174579405,0.309099202182213
"ecxexp",0.997545543657011,0.284587980313951,0.26407969285191,0.308089065392601
"ecxexp",1.00557237674532,0.283616748695275,0.263144553861878,0.307081061395773
"ecxexp",1.0136637984129,0.282647443800143,0.262221455825499,0.306079638243459
"ecxexp",1.02182032837712,0.281681029350613,0.261289537604444,0.305079487733638
"ecxexp",1.03004249053731,0.28072693475897,0.260344702015216,0.304083406256158
"ecxexp",1.03833081300838,0.279777389385523,0.259416397572324,0.30309071965428
"ecxexp",1.04668582815476,0.278838842459444,0.258484210157734,0.302100348254301
"ecxexp",1.05510807262462,0.277892973013312,0.25753985893733,0.301129256616969
"ecxexp",1.06359808738428,0.276951469672194,0.256594412412597,0.300173938468296
"ecxexp",1.07215641775301,0.276011186876647,0.255694115785278,0.299206735189954
"ecxexp",1.08078361343804,0.275073272839357,0.254791360788239,0.298221947007671
"ecxexp",1.08948022856986,0.274138694480531,0.2538713443406,0.297240252684115
"ecxexp",1.0982468217378,0.273198504170568,0.252963464197129,0.296262083768259
"ecxexp",1.10708395602596,0.272282424558831,0.252054732814851,0.295286987410082
"ecxexp",1.11599219904932,0.271347307615987,0.251149515845324,0.294315100417298
"ecxexp",1.12497212299021,0.270437390221311,0.250259938181338,0.293346412226816
"ecxexp",1.13402430463511,0.269514909012921,0.249364753683065,0.2923783610788
"ecxexp",1.14314932541162,0.268593251269395,0.248475699233434,0.29141879714616
"ecxexp",1.15234777142587,0.267684464990812,0.247609552537449,0.290476087992256
"ecxexp",1.16162023350014,0.266767260395066,0.246727260376458,0.289566621868767
"ecxexp",1.1709673072108,0.26585214174931,0.245828596244562,0.288613416452949
"ecxexp",1.18038959292659,0.264952043807823,0.244983941354933,0.287657337529745
"ecxexp",1.18988769584714,0.264050035530527,0.244111147530892,0.286706099370805
"ecxexp",1.1994622260419,0.26315350344302,0.24323913870149,0.285774498376781
"ecxexp",1.20911379848928,0.26225207359763,0.242374902851868,0.28487577918918
"ecxexp",1.21884303311616,0.261383093617051,0.241537798976588,0.284023709670535
"ecxexp",1.22865055483773,0.260499560446718,0.240634053109806,0.283181271884113
"ecxexp",1.23853699359759,0.25962985948831,0.239780952941373,0.282250967477368
"ecxexp",1.24850298440825,0.258733526435144,0.238947516682175,0.281348782010022
"ecxexp",1.25854916739189,0.257863428567495,0.238086352077216,0.280485691400629
"ecxexp",1.2686761878215,0.256987753293126,0.237250381210836,0.279618548227161
"ecxexp",1.2788846961623,0.256118258185431,0.236417455483753,0.278689616608132
"ecxexp",1.28917534811354,0.255247863723714,0.235604342028113,0.277783631233731
"ecxexp",1.2995488046506,0.254385472281844,0.234786340746172,0.276907668561592
"ecxexp",1.31000573206746,0.253522148132961,0.23393683265758,0.276017191821357
"ecxexp",1.3205468020195,0.252665616900822,0.23309174341255,0.275115506452885
"ecxexp",1.3311726915666,0.251810018114817,0.232268249719881,0.274223352638258
"ecxexp",1.3418840832167,0.250953806100901,0.231424355710026,0.273348801602024
"ecxexp",1.35268166496955,0.250114348359962,0.230617094757605,0.272486762899046
"ecxexp",1.36356613036099,0.249266802993676,0.229813645018969,0.27163560219479
"ecxexp",1.37453817850744,0.248419793195227,0.229001510703611,0.270760409992446
"ecxexp",1.38559851415079,0.247573420441015,0.228197031035941,0.269879905767123
"ecxexp",1.39674784770375,0.246728392353391,0.227402782045263,0.269010561536036
"ecxexp",1.40798689529536,0.245889711497191,0.226574364156725,0.268126233311823
"ecxexp",1.41931637881711,0.245057840501572,0.225746549028044,0.267236566635963
"ecxexp",1.43073702596922,0.244230640133531,0.224918159319281,0.266369139822756
"ecxexp",1.44224957030741,0.243407134943774,0.224082419057617,0.265499322607287
"ecxexp",1.45385475129002,0.242585615451791,0.22327332772012,0.264664697739739
"ecxexp",1.46555331432551,0.241764453387933,0.222467826745011,0.263845791796729
"ecxexp",1.47734601082033,0.240948731780325,0.221658638418017,0.262994643030682
"ecxexp",1.48923359822717,0.24013991597627,0.220864137664831,0.262137801024272
"ecxexp",1.50121684009364,0.239327377377997,0.22007008662491,0.26129901424781
"ecxexp",1.51329650611131,0.238511910425257,0.219274467064759,0.260456469966411
"ecxexp",1.5254733721651,0.237700472996149,0.21849413164813,0.259631817819439
"ecxexp",1.53774822038319,0.236896303336724,0.217725544186569,0.25880977668908
"ecxexp",1.55012183918721,0.236098550496452,0.216952900780754,0.258000256376731
"ecxexp",1.56259502334287,0.235301019823368,0.216165360991298,0.257197360777731
"ecxexp",1.57516857401105,0.234495830047402,0.215417756670827,0.256396688170364
"ecxexp",1.58784329879923,0.233700623736716,0.2146735232601,0.255558261816062
"ecxexp",1.60062001181338,0.232912115262483,0.213925720919188,0.254773576431572
"ecxexp",1.61349953371022,0.232112837163853,0.213173736212954,0.253940760833174
"ecxexp",1.62648269174997,0.231328642397764,0.212398034497153,0.253123574201275
"ecxexp",1.63957031984947,0.230541751835053,0.211655953918281,0.252317275242215
"ecxexp",1.65276325863573,0.229763458767172,0.210896491660625,0.251517153619655
"ecxexp",1.66606235549994,0.228976106103468,0.210138743948383,0.25072417011393
"ecxexp",1.67946846465188,0.228203795935684,0.209372236296688,0.249931554255744
"ecxexp",1.69298244717484,0.227428779168024,0.208619021169163,0.249139922759958
"ecxexp",1.70660517108084,0.226660601759894,0.207854442502289,0.248350798672618
"ecxexp",1.72033751136647,0.225887202769017,0.207102214111668,0.247542725197528
"ecxexp",1.73418035006901,0.22511890138176,0.206387154930608,0.246756972108735
"ecxexp",1.74813457632318,0.224356402700324,0.205678314280501,0.245977766875327
"ecxexp",1.76220108641815,0.223594926255599,0.204918441242307,0.245219147554028
"ecxexp",1.77638078385517,0.222842330070202,0.204161535342522,0.244442512273099
"ecxexp",1.7906745794056,0.222082921102792,0.203417994583572,0.243668266733129
"ecxexp",1.80508339116939,0.221319907177243,0.202707505043587,0.242910853599756
"ecxexp",1.81960814463405,0.220547227282892,0.201984934658487,0.242157696743388
"ecxexp",1.83424977273411,0.219796744593667,0.201270685034778,0.241392089902119
"ecxexp",1.84900921591104,0.219048112757592,0.200526927343653,0.240614604503457
"ecxexp",1.86388742217363,0.218302111219763,0.199811576261674,0.239847661895503
"ecxexp",1.87888534715892,0.217557984957121,0.199078437977156,0.239095803951746
"ecxexp",1.89400395419356,0.216816634984975,0.198318031766991,0.238340231340304
"ecxexp",1.90924421435568,0.216079064800002,0.197595933416276,0.237590638917736
"ecxexp",1.92460710653729,0.215338470577056,0.196883741557399,0.236862984226068
"ecxexp",1.94009361750711,0.214618798091473,0.196174116641276,0.236087809617741
"ecxexp",1.955704741974,0.213889269075561,0.195450414276291,0.235341742675161
"ecxexp",1.9714414826508,0.213160498677358,0.194727733831461,0.234614228666888
"ecxexp",1.9873048503188,0.212432502194122,0.194019522671269,0.2339176658411
"ecxexp",2.00329586389258,0.211707469433661,0.193333739598343,0.233179544204278
"ecxexp",2.01941555048554,0.210984357587575,0.192664900963524,0.232425887616654
"ecxexp",2.03566494547582,0.210271672874037,0.191982728796637,0.23171630098418
"ecxexp",2.05204509257281,0.209557427335479,0.191320000675944,0.23098696758575
"ecxexp",2.0685570438842,0.208852810464034,0.19064093388517,0.230272442483251
"ecxexp",2.08520185998355,0.208140059864203,0.189947939570153,0.229566059323612
"ecxexp",2.10198060997842,0.207428526804613,0.189257599250775,0.22880252771581
"ecxexp",2.11889437157901,0.206727977605984,0.188569973663833,0.2280515892564
"ecxexp",2.13594423116744,0.206031402435117,0.187889491916274,0.227336260681034
"ecxexp",2.15313128386747,0.205337232801866,0.18722545054686,0.226580535493243
"ecxexp",2.17045663361486,0.204642300127001,0.186545469899287,0.225854706910233
"ecxexp",2.18792139322831,0.203928381172728,0.18586355136267,0.225180217648423
"ecxexp",2.20552668448087,0.203230668547057,0.185184125585008,0.224479261316928
"ecxexp",2.22327363817206,0.202540929374378,0.184507183453999,0.223754712137585
"ecxexp",2.24116339420045,0.201863659647566,0.183838220483032,0.223067603137018
"ecxexp",2.25919710163692,0.20117142882567,0.183170382762756,0.222405970983177
"ecxexp",2.27737591879844,0.200481331200288,0.182516564753158,0.221688729827011
"ecxexp",2.29570101332245,0.199796115087478,0.181857466540817,0.220960618756625
"ecxexp",2.31417356224191,0.199112780468008,0.181202169684442,0.220267724518464
"ecxexp",2.33279475206086,0.198432790589584,0.18054259371086,0.219589006233418
"ecxexp",2.35156577883064,0.197759775322235,0.179887758107415,0.218885417162042
"ecxexp",2.37048784822674,0.197090466313665,0.179233895292714,0.218179635737873
"ecxexp",2.38956217562618,0.196410085964189,0.17858246338687,0.2174761301885
"ecxexp",2.40878998618565,0.195746040958454,0.177933432014402,0.216774601443883
"ecxexp",2.42817251492014,0.19508000600211,0.177301157141243,0.216074845964613
"ecxexp",2.4477110067823,0.194425948442983,0.176672925125439,0.215378799149363
"ecxexp",2.46740671674239,0.193765328701864,0.176036077228718,0.214697573672397
"ecxexp",2.4872609098689,0.193104146435716,0.17540194657893,0.214018502885336
"ecxexp",2.50727486140979,0.192444942179009,0.1747800878885,0.213341579972885
"ecxexp",2.52744985687442,0.191777908320615,0.174152577332047,0.212666798141303
"ecxexp",2.5477871921161,0.191124120733961,0.17354611860267,0.21199415061834
"ecxexp",2.56828817341532,0.190479792447838,0.172938167740604,0.211323630653166
"ecxexp",2.58895411756369,0.189826431694982,0.172306697248152,0.210655231516305
"ecxexp",2.60978635194848,0.189186988875253,0.171690668990403,0.209982562453322
"ecxexp",2.63078621463789,0.188548013199973,0.171065313848262,0.209316859639732
"ecxexp",2.65195505446699,0.187906757643981,0.170451621074262,0.208658012049938
"ecxexp",2.67329423112439,0.187268643877961,0.169820711251696,0.207998876868615
"ecxexp",2.69480511523952,0.186629559941123,0.169190987699866,0.207346109707873
"ecxexp",2.71648908847069,0.185998131073764,0.168585192339204,0.206691428510314
"ecxexp",2.73834754359388,0.185365305745429,0.167977576227777,0.20603830598641
"ecxexp",2.7603818845921,0.184736940301844,0.167363058556778,0.205387247269567
"ecxexp",2.78259352674567,0.184114484596816,0.16675868267313,0.204738245838314
"ecxexp",2.80498389672307,0.183489024084937,0.166177170240375,0.204090973720339
"ecxexp",2.82755443267258,0.182865396079098,0.16558546916894,0.203445470464474
"ecxexp",2.85030658431466,0.182248989163377,0.165001522067729,0.202801937195938
"ecxexp",2.87324181303506,0.181637424133545,0.164419809347978,0.202151049752605
"ecxexp",2.89636159197871,0.181021407464771,0.163836950622746,0.201499679291133
"ecxexp",2.91966740614431,0.180396109569107,0.163241737784683,0.200868275383154
"ecxexp",2.94316075247972,0.179783686818224,0.162648687357579,0.200228673008242
"ecxexp",2.96684313997814,0.179177143944287,0.162057791485287,0.199599888263261
"ecxexp",2.99071608977498,0.17858102505879,0.161469198121826,0.198982283621902
"ecxexp",3.01478113524562,0.177970376102993,0.160904873902478,0.198356806171769
"ecxexp",3.03903982210384,0.177363535727297,0.160333234041729,0.197729802984225
"ecxexp",3.06349370850116,0.176761090389624,0.159753905148511,0.197088320491139
"ecxexp",3.08814436512688,0.176161807626554,0.15917768546662,0.196437047773839
"ecxexp",3.11299337530901,0.175560318748279,0.158613723350022,0.195787927176413
"ecxexp",3.13804233511589,0.174956384097541,0.158045228826295,0.19516680738567
"ecxexp",3.16329285345882,0.174360229574148,0.157487110134883,0.194530464692395
"ecxexp",3.18874655219527,0.173766766478523,0.156913879244676,0.193945068027905
"ecxexp",3.21440506623319,0.173177724205661,0.156335046652882,0.193335828164024
"ecxexp",3.24027004363589,0.172593247732093,0.155775277988675,0.192714590890225
"ecxexp",3.266343145728,0.172014595978896,0.155213077052112,0.192094803778995
"ecxexp",3.29262604720213,0.171434512084865,0.154647464451322,0.191485756630784
"ecxexp",3.31912043622642,0.170842913942426,0.154083913003955,0.190905770607036
"ecxexp",3.34582801455302,0.170261328717784,0.153525602318833,0.190296946046241
"ecxexp",3.37275049762737,0.169679851807119,0.152969704153177,0.189685155449482
"ecxexp",3.39988961469836,0.169101169674452,0.15241587403832,0.189071851521984
"ecxexp",3.42724710892945,0.168518190440322,0.151865093706844,0.188461192419264
"ecxexp",3.4548247375106,0.167950157392367,0.151324796977596,0.187852842434195
"ecxexp",3.48262427177114,0.167383953323325,0.150768222367575,0.187257785332172
"ecxexp",3.51064749729357,0.166815914070515,0.150220765282288,0.186664467384707
"ecxexp",3.53889621402819,0.166242450718455,0.149676945707269,0.186073029344623
"ecxexp",3.56737223640878,0.165682172422467,0.149135094833086,0.185494620973445
"ecxexp",3.59607739346911,0.16512273636566,0.148595205532776,0.184896881478121
"ecxexp",3.62501352896042,0.164572645100851,0.148057270705172,0.184310283488306
"ecxexp",3.65418250146983,0.164007998709002,0.147521283274819,0.183726390577421
"ecxexp",3.68358618453975,0.163440619235557,0.146989706619007,0.183144213247128
"ecxexp",3.71322646678821,0.162887149177708,0.146477099230283,0.182555845804107
"ecxexp",3.74310525203015,0.162334438166347,0.145947726456869,0.181969309509948
"ecxexp",3.77322445939973,0.161788350915818,0.145414407948281,0.181384657716287
"ecxexp",3.80358602347357,0.161246505820779,0.14487309142019,0.18080717229152
"ecxexp",3.83419189439502,0.160700576148416,0.144356515906881,0.180243380943647
"ecxexp",3.86504403799943,0.160155125469998,0.143846390113614,0.179681347616337
"ecxexp",3.89614443594039,0.159623588697089,0.143338331360062,0.179122118134234
"ecxexp",3.92749508581706,0.159081055428354,0.142831776529036,0.178564143791214
"ecxexp",3.95909800130243,0.158543370932258,0.142326803345485,0.178008381492712
"ecxexp",3.99095521227266,0.157999022536366,0.141823850133987,0.177454173006074
"ecxexp",4.02306876493751,0.15745440219182,0.141322674254461,0.176900084689255
"ecxexp",4.05544072197172,0.156922004616545,0.140823269426185,0.176346973713099
"ecxexp",4.0880731626475,0.156389628495834,0.140325629390631,0.17578476825213
"ecxexp",4.12096818296813,0.155853054441448,0.139829747911388,0.175223910234339
"ecxexp",4.15412789580253,0.155324395920834,0.139329668068205,0.174661269380451
"ecxexp",4.187554431021,0.154804646054851,0.138824193554269,0.174100365956196
"ecxexp",4.22124993563203,0.154279466103879,0.138331359338078,0.173541263805359
"ecxexp",4.25521657392016,0.153756640311386,0.137819551941538,0.172989015263041
"ecxexp",4.28945652758506,0.153241535738357,0.137332631689467,0.172434222178924
"ecxexp",4.32397199588162,0.152725059262593,0.136849220094877,0.171883961148577
"ecxexp",4.35876519576121,0.152211309416052,0.136338981091074,0.171335573032
"ecxexp",4.39383836201408,0.15169779799333,0.135825379629236,0.17079763200793
"ecxexp",4.42919374741291,0.151172306556988,0.135343667774136,0.170257064432594
"ecxexp",4.46483362285751,0.15065588718798,0.134863488734594,0.169717714616817
"ecxexp",4.50076027752066,0.150139148559584,0.134365834933587,0.169179767731346
"ecxexp",4.53697601899517,0.149630247774447,0.133870017515321,0.168643525982008
"ecxexp",4.57348317344208,0.149126687437087,0.13338025817313,0.168109569610835
"ecxexp",4.61028408574009,0.148615615833723,0.132895872468071,0.167577383968336
"ecxexp",4.64738111963615,0.148105825573737,0.132413245877558,0.167053868984178
"ecxexp",4.6847766578973,0.147593734005439,0.131922929551027,0.166525680851475
"ecxexp",4.7224731024637,0.14709024740589,0.131433471143588,0.166005248027595
"ecxexp",4.76047287460295,0.146585538768168,0.130968414546859,0.165470590165527
"ecxexp",4.79877841506555,0.146085939632411,0.130501262840915,0.164939489039709
"ecxexp",4.83739218424173,0.14559039474494,0.130027660472376,0.164408243034383
"ecxexp",4.87631666231942,0.145100462581567,0.129555776859885,0.163878131961494
"ecxexp",4.91555434944363,0.144600482720872,0.129090322823199,0.163354953010927
"ecxexp",4.95510776587696,0.144107302606901,0.128626624171177,0.162839290967041
"ecxexp",4.99497945216153,0.143618184201646,0.128164591151816,0.16232410013516
"ecxexp",5.03517196928213,0.143132060274956,0.127704315949749,0.161816240381777
"ecxexp",5.07568789883074,0.142645048736055,0.127245761228518,0.161314921497678
"ecxexp",5.11652984317234,0.142157420294817,0.126792426895275,0.160805943506129
"ecxexp",5.15770042561203,0.141672419144014,0.12635418918781,0.160296540530483
"ecxexp",5.19920229056357,0.141183096364989,0.12590966390549,0.15978777294917
"ecxexp",5.24103810371923,0.140695062176159,0.125442141669901,0.159282778679799
"ecxexp",5.28321055222095,0.140211399675029,0.124977683601978,0.158787070177022
"ecxexp",5.32572234483303,0.139733111991239,0.124528488393094,0.158296313450432
"ecxexp",5.36857621211604,0.13925858210286,0.124076283941224,0.157806942373098
"ecxexp",5.41177490660223,0.138786077935929,0.123617674190246,0.157318859215258
"ecxexp",5.45532120297235,0.138320444335853,0.123170186381753,0.156832285656252
"ecxexp",5.49921789823382,0.137851986897137,0.122718616404612,0.156346842912836
"ecxexp",5.54346781190044,0.137391362731028,0.122271532323514,0.155861061577284
"ecxexp",5.58807378617345,0.136936366155391,0.12183707028995,0.15535035480853
"ecxexp",5.63303868612409,0.136467524161298,0.121404152051379,0.154858954544961
"ecxexp",5.67836539987766,0.136004786242147,0.12097279184081,0.154375139154065
"ecxexp",5.72405683879896,0.135546120717839,0.120540131119821,0.153893115123197
"ecxexp",5.77011593767938,0.13508329094934,0.12010691372692,0.153412855403176
"ecxexp",5.8165456549253,0.134617998526473,0.119675253303839,0.152926493557016
"ecxexp",5.86334897274819,0.134161723981659,0.119240866941815,0.152431529943882
"ecxexp",5.91052889735614,0.133700749189103,0.118802887994985,0.151938034911534
"ecxexp",5.95808845914694,0.13325006492506,0.118366517786041,0.151447516429234
"ecxexp",6.00603071290269,0.13279584887553,0.117931750405884,0.150973120803176
"ecxexp",6.05435873798611,0.132342044507828,0.117498579967122,0.150500504882637
"ecxexp",6.10307563853822,0.131889273928512,0.117064532118377,0.15002936847834
"ecxexp",6.15218454367778,0.131439715449178,0.116626896996429,0.149559706958656
"ecxexp",6.20168860770229,0.13099478228101,0.116189497302857,0.149090894938472
"ecxexp",6.25159101029052,0.13054860984791,0.115770192892611,0.148612162342483
"ecxexp",6.30189495670683,0.130098654567845,0.115355556309579,0.148131979612233
"ecxexp",6.35260367800699,0.12966106250501,0.11493666319225,0.147682924022736
"ecxexp",6.40372043124573,0.129217136101741,0.114512475555568,0.147207119677869
"ecxexp",6.45524849968593,0.128776795044215,0.114099195500431,0.146733003182147
"ecxexp",6.50719119300954,0.128337655114832,0.113702203320464,0.14628552501102
"ecxexp",6.55955184753014,0.127907248836852,0.113302268893899,0.145833975817281
"ecxexp",6.61233382640719,0.1274745399014,0.112885923733932,0.145394231653715
"ecxexp",6.66554051986216,0.127033270398212,0.112471135450911,0.144941190806389
"ecxexp",6.71917534539617,0.126603164986059,0.112057871277118,0.144487705011447
"ecxexp",6.77324174800955,0.126175324542457,0.111646125612288,0.144035073299656
"ecxexp",6.82774320042315,0.125740737433569,0.11123608245924,0.143583537702982
"ecxexp",6.88268320330131,0.12531244139776,0.110832461812863,0.143123721389974
"ecxexp",6.93806528547677,0.124888376221203,0.110435749097882,0.142657684964968
"ecxexp",6.99389300417734,0.124462964955595,0.110026604453556,0.142222321172663
"ecxexp",7.05016994525433,0.124040698792696,0.109619080596648,0.141789302066501
"ecxexp",7.1068997234129,0.123617279787518,0.109222486282261,0.141346880795398
"ecxexp",7.16408598244428,0.123198350568157,0.108825935254479,0.140898394782105
"ecxexp",7.2217323954597,0.122781570937167,0.1084247185769,0.140451326087021
"ecxexp",7.27984266512644,0.122365142851455,0.108025074543046,0.140005370401905
"ecxexp",7.33842052390557,0.12194539099471,0.107626910956124,0.139560830705594
"ecxexp",7.39746973429174,0.121530054236521,0.107235820101576,0.139112369228617
"ecxexp",7.4569940890548,0.121117293323535,0.106852590486482,0.138664541679739
"ecxexp",7.51699741148346,0.120704324047044,0.106463660075272,0.13821815577496
"ecxexp",7.57748355563082,0.120297741113504,0.106079840033918,0.137773206873324
"ecxexp",7.63845640656197,0.1198920996129,0.105698888878005,0.137329690348815
"ecxexp",7.69991988060346,0.119484129439478,0.105322985110472,0.13688760159031
"ecxexp",7.76187792559492,0.119077619633619,0.104948418200434,0.136452947072858
"ecxexp",7.82433452114258,0.11867344140881,0.104575183393489,0.136033502867495
"ecxexp",7.88729367887489,0.118272615234848,0.104199416815215,0.135615348031321
"ecxexp",7.95075944270026,0.11787670372628,0.10382277449283,0.135193998877075
"ecxexp",8.01473588906667,0.117472862174245,0.103447493593219,0.134764813708017
"ecxexp",8.07922712722361,0.117073589259764,0.103073569195343,0.134332678179157
"ecxexp",8.14423729948602,0.11668080242066,0.102700996395947,0.133900472861032
"ecxexp",8.20977058150026,0.116285902360366,0.102329770309502,0.133474174111707
"ecxexp",8.27583118251241,0.115888439716116,0.101959886068139,0.133056542724254
"ecxexp",8.34242334563861,0.115493322181349,0.101586485094749,0.132639605618784
"ecxexp",8.40955134813756,0.115101718162755,0.101219743104264,0.132214713457401
"ecxexp",8.47721950168529,0.1147069120297,0.100858235999383,0.131786809929307
"ecxexp",8.54543215265208,0.114319464249991,0.1004936708106,0.131360291293796
"ecxexp",8.61419368238166,0.113935944335207,0.100130423390211,0.130944347617516
"ecxexp",8.68350850747257,0.113547868778443,0.0997625536476525,0.130533819784227
"ecxexp",8.75338108006193,0.113167820668834,0.0994011456726518,0.130124579015017
"ecxexp",8.8238158881113,0.112781783762043,0.0990345211548875,0.12971662127474
"ecxexp",8.89481745569502,0.112392914748776,0.0986676843120357,0.129308809749904
"ecxexp",8.96639034329078,0.11201354508805,0.0983012395820644,0.128898512038266
"ecxexp",9.03853914807251,0.111636914750749,0.0979347130984372,0.128489516209
"ecxexp",9.11126850420567,0.111261355037064,0.0975730770782291,0.128092368109791
"ecxexp",9.18458308314498,0.110883483229959,0.0972138748228817,0.127696641084649
"ecxexp",9.25848759393434,0.110512031152688,0.096859145964122,0.127296727705318
"ecxexp",9.33298678350939,0.110135428918279,0.0965074222710474,0.126898066781349
"ecxexp",9.4080854370024,0.109763568791778,0.0961493776227167,0.126500372198384
"ecxexp",9.48378837804958,0.109391622164356,0.0957991300968331,0.126103817808429
"ecxexp",9.56010046910091,0.10902440369205,0.0954391451784646,0.125708506542617
"ecxexp",9.63702661173254,0.108656767063533,0.0950823172705947,0.1253144032531
"ecxexp",9.71457174696151,0.108284433124223,0.094739658595441,0.124921520544504
"ecxexp",9.79274085556316,0.107917346788439,0.094398339633071,0.124530079470229
"ecxexp",9.8715389583911,0.107550320594535,0.0940582503426333,0.12414005382439
"ecxexp",9.95097111669961,0.107187594099364,0.0937199394286586,0.123749265548593
"ecxexp",10.0310424324688,0.106818457909663,0.0933838286942129,0.123358922166306
"ecxexp",10.1117580487322,0.106456596116408,0.0930451543445342,0.122972966423237
"ecxexp",10.1931231499074,0.106086830548188,0.0927096529954312,0.122587884886937
"ecxexp",10.2751429621286,0.105722830580996,0.0923753614195541,0.122200479098399
"ecxexp",10.3578227535827,0.105360991225386,0.0920422752545266,0.121814297604014
"ecxexp",10.4411678348473,0.105003382731448,0.0917085758637702,0.121429336534715
"ecxexp",10.5251835592322,0.104643979144758,0.0913754849818401,0.121045578989929
"ecxexp",10.609875323123,0.104289064136067,0.0910360910023172,0.120663008671659
"ecxexp",10.6952485663278,0.103931637970802,0.0906931677585565,0.12028149233372
"ecxexp",10.7813087724264,0.103578707574949,0.0903517697281169,0.119901069573303
"ecxexp",10.8680614691228,0.10322744694138,0.0900118852040296,0.119522074725966
"ecxexp",10.9555122286002,0.102880185545808,0.089693768070935,0.11914416583997
"ecxexp",11.0436666678787,0.102526974449905,0.0893706735371345,0.118766204310952
"ecxexp",11.1325304491763,0.102178947605932,0.0890405981877134,0.118387106887053
"ecxexp",11.2221092802725,0.101832977986041,0.0887120391987209,0.118009219531317
"ecxexp",11.3124089148749,0.101487486860238,0.0883846926092118,0.117632538381232
"ecxexp",11.4034351529888,0.101138227219825,0.0880585539452986,0.117257059586614
"ecxexp",11.4951938412897,0.100792284824163,0.087733618749603,0.116882779309571
"ecxexp",11.5876908734988,0.100449892683168,0.0874123863177949,0.116513806134865
"ecxexp",11.6809321907619,0.100108818026113,0.0870977755643275,0.116160129359697
"ecxexp",11.7749237820303,0.0997663435433375,0.0867842971632993,0.11579734174275
"ecxexp",11.8696716844462,0.0994275822377002,0.0864720207972981,0.115431674470726
"ecxexp",11.9651819837302,0.0990895508614201,0.0861609540224062,0.11506716195728
"ecxexp",12.0614608145718,0.0987510587669524,0.0858510062525357,0.114703515953369
"ecxexp",12.1585143610242,0.0984172406530754,0.0855421734622701,0.114340939689588
"ecxexp",12.2563488569009,0.0980880817864205,0.0852298027391103,0.11397950952449
"ecxexp",12.3549705861763,0.0977569349010625,0.0849132039265909,0.113619221835272
"ecxexp",12.4543858833893,0.0974307145819231,0.0845977811877201,0.113260073010584
"ecxexp",12.5546011340502,0.0970981618389609,0.0842835301536492,0.112902059450489
"ecxexp",12.655622775051,0.0967688308596291,0.083978208570259,0.112545177566433
"ecxexp",12.7574572950785,0.0964409445071872,0.08367823694572,0.112189423781201
"ecxexp",12.8601112350314,0.0961107192788574,0.0833713031989557,0.111834794528889
"ecxexp",12.96359118844,0.0957818841909301,0.0830685017771998,0.111481045538181
"ecxexp",13.0679038018904,0.0954531726023875,0.0827679636620524,0.11112835382285
"ecxexp",13.1730557754507,0.0951246782542308,0.0824693621562154,0.110776777946115
"ecxexp",13.2790538631017,0.0947983408115689,0.0821742928660741,0.110425776005981
"ecxexp",13.3859048731709,0.0944752811309112,0.0818802793155738,0.110069283235562
"ecxexp",13.4936156687692,0.0941518251184618,0.0815873177273309,0.109729315781126
"ecxexp",13.6021931682324,0.0938342612253591,0.0812925831830932,0.109379758169802
"ecxexp",13.7116443455652,0.0935142636432909,0.0809961298723993,0.109036899393418
"ecxexp",13.821976230889,0.0931952870859633,0.0807004262762692,0.108692750315141
"ecxexp",13.9331959108939,0.0928748943153093,0.0804021459456554,0.108351776335325
"ecxexp",14.0453105292936,0.092559108211116,0.0801110969280758,0.108011807397504
"ecxexp",14.1583272872842,0.092247618171047,0.0798199739336213,0.107669021205448
"ecxexp",14.2722534440068,0.0919316159374257,0.0795315121350231,0.107324470764296
"ecxexp",14.3870963170139,0.0916200264608738,0.0792373523141578,0.106985207150133
"ecxexp",14.5028632827393,0.0913111063892096,0.0789436924033955,0.106646960456815
"ecxexp",14.6195617769718,0.09100258912216,0.078652975106792,0.106309783172802
"ecxexp",14.7371992953328,0.0906934994556711,0.0783734292895707,0.105973671917019
"ecxexp",14.8557833937581,0.090382809179623,0.0780872404380128,0.105638623319078
"ecxexp",14.9753216889827,0.0900761845494661,0.0778020966412237,0.10530280737458
"ecxexp",15.0958218590306,0.0897694400004849,0.0775179940830316,0.10496755630581
"ecxexp",15.2172916437073,0.0894617464010417,0.0772349289612005,0.104634057206709
"ecxexp",15.3397388450975,0.0891580294290003,0.0769528974873784,0.104309283576098
"ecxexp",15.4631713280661,0.0888532319231586,0.0766720139768471,0.103979773896152
"ecxexp",15.587597020763,0.0885512322695911,0.0763922093139351,0.103651305144186
"ecxexp",15.7130239151329,0.0882496610012433,0.0761134257642851,0.103323874031832
"ecxexp",15.8394600674282,0.0879513826768339,0.0758356596014602,0.102997477281112
"ecxexp",15.9669135987267,0.0876545201771089,0.0755589071126227,0.102672111624402
"ecxexp",16.0953926954529,0.0873554708089316,0.0752831645984846,0.102347599788438
"ecxexp",16.2249056099044,0.0870574417046552,0.0750084283732579,0.102023974633437
"ecxexp",16.3554606607814,0.0867604517660407,0.0747347619606634,0.101704271578196
"ecxexp",16.4870662337211,0.0864670794200429,0.0744622039846063,0.101392181351312
"ecxexp",16.6197307818366,0.0861712338923483,0.0741958168926092,0.101081048851209
"ecxexp",16.7534628262597,0.0858794658927695,0.0739342626231098,0.100765316157202
"ecxexp",16.888270956688,0.0855869307523807,0.073665211753891,0.100445927929735
"ecxexp",17.0241638319371,0.0852944623236618,0.0733929586433773,0.100138368190408
"ecxexp",17.1611501804961,0.0850029965752653,0.0731217117343498,0.0998238455794692
"ecxexp",17.299238801089,0.0847126698908831,0.0728514956799972,0.0995034425469688
"ecxexp",17.4384385632392,0.0844226771343047,0.07258223082449,0.0991840076514955
"ecxexp",17.5787584078396,0.0841324588992552,0.072315422687843,0.0988730062961165
"ecxexp",17.7202073477267,0.0838440835797635,0.0720513717110385,0.0985742855843838
"ecxexp",17.8627944682595,0.0835612122467205,0.07178828488814,0.0982674998578553
"ecxexp",18.0065289279031,0.0832738232617462,0.0715249016213023,0.0979569333145154
"ecxexp",18.151419958817,0.0829868841129232,0.0712611187805799,0.0976418144867101
"ecxexp",18.297476867448,0.0827037454810068,0.0709984965949729,0.0973275246909797
"ecxexp",18.444709035128,0.0824271654390415,0.0707412986635,0.0970196050502072
"ecxexp",18.5931259186765,0.0821482059479422,0.0704875553567324,0.0967234122610242
"ecxexp",18.7427370510083,0.0818699195774212,0.0702303866099181,0.096419720919158
"ecxexp",18.8935520417454,0.0815926576098427,0.0699741880008258,0.0961154042875997
"ecxexp",19.0455805778344,0.0813180294175029,0.0697228182388072,0.0958120481575689
"ecxexp",19.1988324241689,0.0810403785582597,0.0694667495522312,0.0955094213985663
"ecxexp",19.3533174242163,0.0807652362519939,0.0692116402324801,0.0952076213264993
"ecxexp",19.5090455006505,0.080492317881777,0.0689610328287726,0.0949067749158486
"ecxexp",19.6660266559888,0.0802242232475835,0.0687115459869247,0.0946068791531164
"ecxexp",19.8242709732348,0.0799516632117048,0.0684629617390465,0.0943090813173512
"ecxexp",19.9837886165257,0.0796783947439925,0.0682106936075399,0.0940141262225598
"ecxexp",20.1445898317852,0.079406812545258,0.0679577507653426,0.0937202849024643
"ecxexp",20.306684947382,0.0791350166316326,0.0677085951199869,0.0934272074271043
"ecxexp",20.4700843747925,0.0788656517958746,0.067466110153513,0.0931231635297288
"ecxexp",20.6347986092701,0.0785970133095034,0.0672190910295331,0.0928278163760449
"ecxexp",20.800838230519,0.0783292945458971,0.0669766554477964,0.0925370987866871
"ecxexp",20.9682139033741,0.0780646937418715,0.0667318093831553,0.0922528880058586
"ecxexp",21.1369363784857,0.077798911881831,0.0664867734026128,0.091969550133499
"ecxexp",21.3070164930098,0.0775346514254803,0.0662446982277149,0.0916870824885861
"ecxexp",21.4784651713049,0.0772718618675878,0.0660018830467028,0.091402139422631
"ecxexp",21.651293425633,0.0770108740869717,0.0657600363901069,0.0911179651962472
"ecxexp",21.8255123568674,0.0767463141113466,0.0655221169828692,0.0908318446087756
"ecxexp",22.0011331552051,0.0764845692507034,0.0652796612082916,0.0905518148961324
"ecxexp",22.1781671008864,0.0762240720430451,0.0650396004085147,0.090274279734152
"ecxexp",22.3566255649188,0.0759622418226698,0.0648016561577515,0.0899975951986495
"ecxexp",22.5365200098075,0.0757022636793594,0.0645650922568016,0.0897217586825121
"ecxexp",22.7178619902917,0.0754459414033441,0.0643293919526422,0.0894465426725519
"ecxexp",22.9006631540869,0.0751880463770971,0.0640945520926378,0.0891617259708722
"ecxexp",23.0849352426328,0.0749328614236029,0.0638605695356622,0.0888740999803025
"ecxexp",23.2706900918477,0.0746777224992196,0.0636274411520559,0.0885873060442534
"ecxexp",23.4579396328883,0.0744256645685188,0.0633951638235844,0.0883088586133609
"ecxexp",23.6466958929168,0.0741716096897258,0.0631637344433969,0.0880328086137172
"ecxexp",23.8369709958725,0.073918285534297,0.0629332112811049,0.0877576215357044
"ecxexp",24.0287771632513,0.0736696712461601,0.062703580543269,0.0874832946818619
"ecxexp",24.2221267148902,0.0734188184002048,0.0624762643777464,0.0872098253631615
"ecxexp",24.417032069759,0.0731742973286116,0.0622516451339249,0.0869372108989808
"ecxexp",24.6135057467575,0.0729276858999297,0.0620278334625028,0.0866654486170766
"ecxexp",24.81156036552,0.0726787030118277,0.0618048264600017,0.0863944493559235
"ecxexp",25.0112086472259,0.0724318646032292,0.0615826838153269,0.0861242483586551
"ecxexp",25.2124634154163,0.0721831014536296,0.0613614541417259,0.0858548924337291
"ecxexp",25.4153375968182,0.0719378204625043,0.061141019218898,0.0855863789380867
"ecxexp",25.6198442221746,0.0716938815978932,0.0609213761917433,0.0853144988566586
"ecxexp",25.8259964270813,0.0714519818960938,0.060703947494867,0.0850417254535348
"ecxexp",26.033807452831,0.0712085344866964,0.0604846324667936,0.0847698241915673
"ecxexp",26.2432906472632,0.0709639816307918,0.060266861057063,0.0844987922822151
"ecxexp",26.4544594656224,0.0707235202118177,0.0600501680717888,0.0842348284005197
"ecxexp",26.6673274714213,0.0704859618471904,0.059834254225417,0.0839780480780072
"ecxexp",26.8819083373129,0.0702492014538344,0.0596175280757023,0.0837220505341011
"ecxexp",27.0982158459683,0.0700089077402967,0.0593999889845445,0.0834668333825099
"ecxexp",27.3162638909619,0.0697716386015745,0.0591807203463454,0.08320866599775
"ecxexp",27.5360664776639,0.0695334213721688,0.0589613350651214,0.0829487463187612
"ecxexp",27.7576377241399,0.069299835129262,0.0587493261190406,0.0826894844754777
"ecxexp",27.9809918620578,0.0690658418070623,0.058537798019612,0.0824310004220686
"ecxexp",28.2061432376016,0.0688327881893216,0.058324117555746,0.0821733243798059
"ecxexp",28.4331063123932,0.0685991645700438,0.0581112522793688,0.0819164538228772
"ecxexp",28.6618956644211,0.068365602428389,0.0578964034428118,0.0816603862333659
"ecxexp",28.8925259889768,0.0681347846313703,0.0576816264340355,0.0814051191012261
"ecxexp",29.1250120995988,0.0679019768432057,0.0574676461822149,0.0811506499242584
"ecxexp",29.3593689290236,0.0676716824024945,0.0572544597316131,0.080896976208085
"ecxexp",29.5956115301457,0.0674395509562452,0.057042064137458,0.0806440954661257
"ecxexp",29.8337550769836,0.0672072798893545,0.0568304564659019,0.080392005219573
"ecxexp",30.0738148656549,0.0669767799135998,0.056619853151068,0.0801407029973681
"ecxexp",30.3158063153588,0.0667473242317323,0.056412464392527,0.0798901863361768
"ecxexp",30.5597449693662,0.0665205008423928,0.0562058446665559,0.079640452780365
"ecxexp",30.8056464960183,0.066296969851192,0.0560001417686115,0.0793908564692503
"ecxexp",31.0535266897329,0.066073022627666,0.0557976648529561,0.0791418727644327
"ecxexp",31.303401472019,0.0658493971441398,0.0555943499989515,0.0788936699165775
"ecxexp",31.5552868924991,0.0656259516722752,0.0553919330348063,0.0786462454767785
"ecxexp",31.8091991299405,0.0654019819453552,0.0551929005869845,0.0783995970038095
"ecxexp",32.0651544932943,0.0651773394033781,0.0549942583242111,0.0781537220641005
"ecxexp",32.3231694227429,0.0649550096544333,0.0547925561285841,0.0779086182317137
"ecxexp",32.5832604907559,0.0647328398165643,0.0545945805925227,0.0776642830883192
"ecxexp",32.8454444031548,0.0645133218553556,0.0543987643272067,0.0774207142231719
"ecxexp",33.1097380001858,0.0642964225950368,0.0542036504125079,0.0771779092330866
"ecxexp",33.3761582576015,0.0640802525785051,0.0540092363292113,0.0769358316202774
"ecxexp",33.6447222877514,0.0638643600192365,0.0538155195671375,0.0766944665822115
"ecxexp",33.915447340681,0.0636477473735547,0.0536207778550582,0.0764538587624786
"ecxexp",34.1883508052395,0.0634341340407145,0.0534251000832269,0.0762140057855027
"ecxexp",34.463450210197,0.0632212376543427,0.0532301363969236,0.0759749687963319
"ecxexp",34.7407632253705,0.0630076929754661,0.0530358841902388,0.0757367686990859
"ecxexp",35.0203076627583,0.0627931091974854,0.0528423408667727,0.0754993080852516
"ecxexp",35.3021014776849,0.0625819611277749,0.0526495995675406,0.0752623978496494
"ecxexp",35.5861627699533,0.0623711133025575,0.0524575679690585,0.0750249151300764
"ecxexp",35.8725097850083,0.062159952276532,0.0522662367814213,0.0747853094156741
"ecxexp",36.1611609151084,0.0619507162890253,0.0520756034499548,0.0745464689320103
"ecxexp",36.4521347005065,0.0617428638372095,0.0518856654293027,0.0743150099909255
"ecxexp",36.7454498306416,0.0615368188449335,0.0516964201833927,0.0740894483719308
"ecxexp",37.0411251453384,0.0613281351968414,0.0515078651854025,0.0738572890996086
"ecxexp",37.3391796360183,0.061120754871971,0.0513199979177264,0.0736258573233839
"ecxexp",37.6396324469184,0.0609127210181171,0.0511328158719411,0.073402911254168
"ecxexp",37.9425028763215,0.0607055502160486,0.0509475357568571,0.0731807898255442
"ecxexp",38.2478103777958,0.0605007437781474,0.0507644475324717,0.0729510451764836
"ecxexp",38.5555745614443,0.0602962814452814,0.0505785416151816,0.0727167884779711
"ecxexp",38.8658151951639,0.0600927657778697,0.0503927271545371,0.0724832840263566
"ecxexp",39.1785522059162,0.0598893845477374,0.0502075953362491,0.0722512826317117
"ecxexp",39.4938056810061,0.0596857451793524,0.0500235763186932,0.0720246898936953
"ecxexp",39.8115958693731,0.0594814983081803,0.0498410200195412,0.0717988077905877
"ecxexp",40.1319431828912,0.0592804535840256,0.0496591299430979,0.0715736340937114
"ecxexp",40.4548681976805,0.05907890148147,0.0494779036580408,0.0713491665813786
"ecxexp",40.7803916554284,0.0588761051526818,0.0492973387419204,0.0711254030388689
"ecxexp",41.1085344647219,0.0586740049566232,0.0491174327811276,0.0709023412584079
"ecxexp",41.4393177023909,0.0584725985036772,0.0489381833708616,0.070679979039145
"ecxexp",41.7727626148617,0.0582712670117267,0.0487593906985292,0.070458314187132
"ecxexp",42.1088906195217,0.058070802370111,0.0485788635484635,0.0702373445153011
"ecxexp",42.4477233060951,0.05787334362748,0.0483990047845113,0.0700170678434437
"ecxexp",42.7892824380295,0.0576766814931163,0.0482198582094361,0.0697974819981888
"ecxexp",43.1335899538942,0.0574793117280825,0.0480448754676121,0.0695785848129813
"ecxexp",43.4806679687887,0.057285482820491,0.0478732745646845,0.0693603741280609
"ecxexp",43.8305387757636,0.0570898137464465,0.0477016354821409,0.0691428477904406
"ecxexp",44.1832248472524,0.0568946645287561,0.047527538212985,0.0689260036538857
"ecxexp",44.5387488365149,0.0567037128678289,0.0473540909789708,0.0687098395788923
"ecxexp",44.8971335790922,0.0565118200598538,0.0471812767249163,0.0684943534326666
"ecxexp",45.2584020942735,0.0563186496587788,0.0470090931408157,0.0682795430891034
"ecxexp",45.6225775865747,0.0561256322090005,0.0468375393755041,0.0680674336698421
"ecxexp",45.9896834472286,0.0559371070434376,0.0466667192793827,0.0678565644906496
"ecxexp",46.3597432556877,0.0557464265781264,0.0464965221824467,0.067647956787147
"ecxexp",46.7327807811383,0.0555573699913441,0.0463269458125325,0.0674399903994392
"ecxexp",47.1088199840276,0.0553695674912062,0.0461579879057639,0.067232663355936
"ecxexp",47.4878850176025,0.055181811212421,0.045989646206521,0.0670259736911081
"ecxexp",47.8700002294609,0.0549932651661388,0.0458219184674108,0.0668199194454691
"ecxexp",48.2551901631159,0.0548058230529562,0.0456549286000774,0.0666144986655565
"ecxexp",48.6434795595717,0.0546192266171521,0.0454913498770546,0.0664097094039135
"ecxexp",49.0348933589133,0.0544328533407568,0.0453283572513281,0.0662055497190702
"ecxexp",49.4294567019081,0.0542477429027383,0.0451659486229116,0.0660019589588224
"ecxexp",49.8271949316206,0.0540633241114613,0.0450041218993432,0.0657921342202051
"ecxexp",50.2281335950408,0.0538811547780334,0.0448428749956584,0.0655829523148718
"ecxexp",50.6322984447242,0.0536975787175087,0.0446822058343631,0.0653776331889514
"ecxexp",51.0397154404467,0.0535134666761561,0.0445221123454069,0.0651721601413694
"ecxexp",51.4504107508715,0.0533297569016748,0.0443625924661566,0.0649686219018606
"ecxexp",51.8644107552302,0.0531472646852533,0.0441986952657501,0.0647671819466967
"ecxexp",52.281742045017,0.0529654060046715,0.04403514279947,0.0645663408191457
"ecxexp",52.7024314256971,0.0527841696089726,0.0438721955443282,0.0643660950734044
"ecxexp",53.1265059184276,0.0526033679040447,0.0437098730290263,0.0641664703698544
"ecxexp",53.5539927617939,0.052422168860028,0.0435481982942885,0.0639674647823924
"ecxexp",53.9849194135589,0.0522429422457914,0.0433871215788222,0.0637679626845426
"ecxexp",54.4193135524267,0.0520652795826393,0.0432279037258928,0.0635688530376106
"ecxexp",54.8572030798202,0.051889286891116,0.0430727759269351,0.0633725906640854
"ecxexp",55.2986161216736,0.0517125541047889,0.0429182048342928,0.0631769342309848
"ecxexp",55.7435810302388,0.0515361355928557,0.0427641884500645,0.0629818439591796
"ecxexp",56.1921263859063,0.0513592821982584,0.042610734802317,0.0627865732019779
"ecxexp",56.6442809990412,0.0511871175423436,0.0424542330476874,0.0625910635648686
"ecxexp",57.1000739118335,0.0510121861244397,0.0422983060971829,0.0623939088080925
"ecxexp",57.5595344001635,0.0508377113572797,0.0421429518396443,0.0621973750703281
"ecxexp",58.0226919754827,0.0506638333404252,0.0419881681716661,0.0620014603954116
"ecxexp",58.4895763867087,0.0504905500328245,0.0418339529975683,0.0618061628333412
"ecxexp",58.9602176221361,0.0503178594004069,0.0416803042293682,0.0616114804402574
"ecxexp",59.4346459113629,0.0501455490039933,0.0415272553439322,0.0614174112784237
"ecxexp",59.9128917272322,0.0499742480596,0.0413747966333028,0.0612253555642188
"ecxexp",60.3949857877892,0.0498032751329691,0.0412228976507075,0.0610340221443114
"ecxexp",60.8809590582546,0.0496329831841532,0.0410717173603886,0.0608432866553428
"ecxexp",61.3708427530131,0.0494640176659063,0.0409243489046042,0.0606531472287321
"ecxexp",61.8646683376187,0.0492972518560568,0.0407775311121807,0.0604636020017381
"ecxexp",62.3624675308154,0.0491289660066028,0.0406312400346593,0.0602746491174406
"ecxexp",62.8642723065749,0.0489591415166007,0.0404854737824285,0.0600862867247225
"ecxexp",63.37011489615,0.0487921653615615,0.0403402304726558,0.0598984926076272
"ecxexp",63.8800277901452,0.0486249633371192,0.0401955082292634,0.0597112557465302
"ecxexp",64.394043740603,0.0484592561453372,0.0400513051829042,0.0595246041697512
"ecxexp",64.9121957631082,0.0482942612106005,0.0399058302037965,0.0593385360477475
"ecxexp",65.434517138908,0.0481298922549576,0.0397625079832031,0.0591549792654071
"ecxexp",65.9610414170501,0.0479660360639581,0.0396177848791113,0.0589736819176325
"ecxexp",66.4918024165373,0.0478027657732784,0.0394726778155346,0.058792903604992
"ecxexp",67.0268342285,0.0476418733601533,0.0393281022320714,0.0586126794689572
"ecxexp",67.5661712183855,0.0474786185324344,0.039183430092707,0.058433007810642
"ecxexp",68.1098480281657,0.047317118082182,0.0390388422031322,0.0582540212489804
"ecxexp",68.6578995785618,0.0471567385634693,0.0388962252267792,0.0580756100563384
"ecxexp",69.2103610712876,0.0469957359485498,0.0387541477820896,0.0578940974825354
"ecxexp",69.7672679913105,0.0468348628903846,0.0386126601634716,0.0577127530311755
"ecxexp",70.3286561091304,0.0466761777331379,0.0384716316504274,0.05753197662093
"ecxexp",70.8945614830778,0.0465184461604089,0.038330750772843,0.0573561610151491
"ecxexp",71.4650204616294,0.0463612476194467,0.0381907739340077,0.05718145383396
"ecxexp",72.0400696857429,0.046204580308899,0.0380518074652673,0.0570072788122106
"ecxexp",72.6197460912106,0.0460478880201024,0.0379128453623864,0.0568336343289379
"ecxexp",73.2040869110316,0.0458926112204503,0.0377743907379106,0.0566605187681162
"ecxexp",73.7931296778033,0.0457382876785827,0.0376364417385692,0.0564879305186424
"ecxexp",74.3869122261328,0.0455848168253484,0.0374989040590718,0.0563158297887432
"ecxexp",74.9854726950661,0.045430449284695,0.0373610785078692,0.0561442377775733
"ecxexp",75.5888495305381,0.0452754477135062,0.0372237595284898,0.055971075938404
"ecxexp",76.1970814878424,0.045121770772295,0.0370869452590503,0.0557975996123134
"ecxexp",76.8102076341201,0.044968352075158,0.0369506338445106,0.0556246609615818
"ecxexp",77.4282673508693,0.0448160468259738,0.036814823436649,0.0554522583197166
"ecxexp",78.0513003364748,0.044663721353623,0.0366795121940366,0.0552803842212842
"ecxexp",78.6793466087576,0.044511195900142,0.036546965006619,0.0551090250490975
"ecxexp",79.3124465075454,0.0443589958949252,0.036415898244959,0.0549380872863636
"ecxexp",79.9506406972636,0.0442088668023632,0.0362843847354521,0.0547676379622708
"ecxexp",80.5939701695475,0.0440591065392123,0.0361519024473255,0.0545977174762633
"ecxexp",81.2424762458747,0.0439095634098933,0.0360199038814845,0.0544283241875398
"ecxexp",81.89620058022,0.0437597482914428,0.0358883872717506,0.0542576291876913
"ecxexp",82.5551851617299,0.0436114905332538,0.035757350858394,0.0540861054781329
"ecxexp",83.2194723174201,0.0434639750886682,0.0356267928881102,0.0539184998252583
"ecxexp",83.8891047148943,0.0433144281882791,0.0354967330738038,0.0537468794018413
"ecxexp",84.5641253650847,0.0431671716022677,0.0353676757251157,0.0535757635596334
"ecxexp",85.2445776250141,0.0430201900123312,0.0352383078737844,0.0534051925144759
"ecxexp",85.9305052005819,0.042874440417389,0.0351095126101491,0.0532351645318193
"ecxexp",86.62195214937,0.0427307544034351,0.0349822322033035,0.0530656778826371
"ecxexp",87.3189628834737,0.042587549938072,0.0348554168076012,0.0529030295616925
"ecxexp",88.0215821723536,0.0424448254074047,0.0347290611352112,0.0527419682662698
"ecxexp",88.7298551457117,0.042301776978132,0.0346031635195726,0.0525813973202421
"ecxexp",89.4438272963896,0.0421583440960739,0.0344777223001663,0.0524213152307325
"ecxexp",90.1635444832915,0.0420155062832649,0.0343527137943518,0.0522617205094092
"ecxexp",90.8890529343285,0.0418733682126201,0.0342258757639925,0.0521025894694956
"ecxexp",91.6203992493884,0.0417304714734401,0.0341012863509634,0.0519439288750082
"ecxexp",92.3576304033292,0.0415872962398896,0.0339776953757523,0.05178575143633
"ecxexp",93.1007937489958,0.0414442468089921,0.0338545523230176,0.0516241707076622
"ecxexp",93.8499370202616,0.0413016399532779,0.0337318555693836,0.0514627237965181
"ecxexp",94.605108335095,0.0411612699321064,0.0336096034973579,0.0513017541816664
"ecxexp",95.3663561986491,0.0410201155192373,0.0334878130040835,0.0511412880626449
"ecxexp",96.1337295063782,0.0408806655449218,0.0333664659888644,0.0509813238645692
"ecxexp",96.9072775471775,0.0407407098393301,0.0332455586889261,0.0508218600174809
"ecxexp",97.6870500065498,0.0406011091896493,0.0331251239361462,0.0506628949563324
"ecxexp",98.473096969796,0.0404631081627616,0.0330055166225626,0.0505044271209715
"ecxexp",99.2654689252332,0.0403248722970782,0.0328861352990795,0.0503464549561258
"ecxexp",100.064216767436,0.0401871086927204,0.0327662058580551,0.0501889769113877
"ecxexp",100.869391800508,0.0400500556874924,0.0326472907405878,0.0500319433818952
"ecxexp",101.681045741373,0.0399146778894891,0.0325256120177567,0.0498753665577471
"ecxexp",102.499230723101,0.0397798904924952,0.0324060338602345,0.0497192797483587
"ecxexp",103.323999298256,0.0396455582574455,0.0322881604752343,0.0495636814201994
"ecxexp",104.155404442268,0.0395116796473091,0.0321701981140679,0.0494085700445381
"ecxexp",104.993499556841,0.0393782531302453,0.0320505305126978,0.0492539440974276
"ecxexp",105.838338473379,0.0392438603879659,0.0319313106837136,0.0490998020596903
"ecxexp",106.689975456443,0.0391102778700072,0.0318125937892363,0.0489461424169029
"ecxexp",107.548465207242,0.0389788201879931,0.0316943182739397,0.0487929636593815
"ecxexp",108.413862867139,0.0388467727332927,0.0315764824968008,0.0486403002177818
"ecxexp",109.2862240212,0.0387159877356799,0.0314605253234832,0.0484882304704017
"ecxexp",110.165604701759,0.0385832954561965,0.0313470201058555,0.0483366361650265
"ecxexp",111.052061392018,0.0384531760453886,0.0312339244008766,0.0481855158151725
"ecxexp",111.945651029678,0.0383230206350788,0.0311212367310703,0.0480347985774067
"ecxexp",112.846431010593,0.0381937071258622,0.0310089556242911,0.0478845048077181
"ecxexp",113.754459192457,0.038063584284484,0.0308970796137049,0.0477346743442437
"ecxexp",114.66979389852,0.037933904809925,0.0307856072377696,0.0475853127001335
"ecxexp",115.592493921338,0.0378059246519207,0.0306745748895569,0.0474364184084512
"ecxexp",116.522618526542,0.0376776244153257,0.0305639534399982,0.0472879900068505
"ecxexp",117.460227456653,0.0375498416653129,0.0304517381868895,0.0471404898632476
"ecxexp",118.405380934911,0.0374223251822048,0.0303399111456654,0.046994380819015
"ecxexp",119.358139669152,0.0372935417510389,0.0302284947691014,0.0468487246332885
"ecxexp",120.318564855698,0.0371655350081779,0.0301197081990457,0.0467035199024451
"ecxexp",121.286718183295,0.0370390109065482,0.0300115495873179,0.0465587652272125
"ecxexp",122.262661837072,0.0369143631431979,0.0299037793740169,0.0464134744546004
"ecxexp",123.246458502536,0.0367892681935786,0.0297939170586964,0.0462675522678897
"ecxexp",124.238171369597,0.0366653927152458,0.0296833728529527,0.0461220888574322
"ecxexp",125.237864136631,0.0365410501969825,0.0295732387997478,0.0459770827808375
"ecxexp",126.245601014563,0.0364162211561333,0.0294635133772878,0.0458325163375185
"ecxexp",127.261446731002,0.0362925274118192,0.0293541950694251,0.0456883823447252
"ecxexp",128.28546653439,0.036170219715091,0.0292452928137283,0.045544701624385
"ecxexp",129.317726198196,0.036048720986538,0.0291374521317736,0.0454014727510464
"ecxexp",130.358292025143,0.0359277968223735,0.0290314381994146,0.0452586943037407
"ecxexp",131.407230851461,0.0358063131488622,0.0289258432830919,0.045117357673719
"ecxexp",132.464610051185,0.0356857266456184,0.0288206324430416,0.0449820540633856
"ecxexp",133.530497540483,0.0355647483108015,0.0287158042822779,0.0448457823894867
"ecxexp",134.604961782011,0.0354436708309548,0.0286113574088965,0.0447054911769642
"ecxexp",135.688071789321,0.0353223171895865,0.0285072904360554,0.0445656388581904
"ecxexp",136.779897131284,0.0352011318166127,0.0284036019819574,0.0444261213809722
"ecxexp",137.880507936565,0.0350808549881281,0.0283002906698308,0.0442870288880173
"ecxexp",138.989974898123,0.0349619130904356,0.0281973551279119,0.0441483718770449
"ecxexp",140.108369277757,0.0348434784676627,0.0280947939894264,0.0440101489846093
"ecxexp",141.235762910678,0.0347243943233686,0.0279926058925711,0.0438723588515334
"ecxexp",142.372228210124,0.0346051404230936,0.0278907894804963,0.0437350001228956
"ecxexp",143.517838172014,0.0344881475734619,0.0277893434012874,0.0435980609147963
"ecxexp",144.672666379635,0.0343723241754612,0.0276882663079471,0.0434615288005935
"ecxexp",145.836787008366,0.0342570415408391,0.0275875568583774,0.043325424251712
"ecxexp",147.010274830445,0.0341426714881847,0.0274869131951156,0.0431897459291841
"ecxexp",148.193205219772,0.0340278184927094,0.0273868039875106,0.043054492498235
"ecxexp",149.385654156749,0.0339123601129732,0.0272872276147387,0.0429196626282699
"ecxexp",150.587698233161,0.0337974721523278,0.0271880132976423,0.0427852549928611
"ecxexp",151.799414657093,0.0336824137773633,0.0270888161327224,0.0426514250036903
"ecxexp",153.020881257894,0.0335681765071586,0.026989067464747,0.0425193671009525
"ecxexp",154.252176491172,0.0334545792407042,0.0268896860999085,0.0423877180851523
"ecxexp",155.493379443834,0.0333417165701831,0.0267906902614471,0.0422564766902411
"ecxexp",156.744569839169,0.0332284306115386,0.0266920756227548,0.0421256416540908
"ecxexp",158.005828041962,0.033115136714028,0.0265938239781719,0.0419952117184815
"ecxexp",159.277235063663,0.0330026276279593,0.0264959339915385,0.0418651856290889
"ecxexp",160.558872567587,0.0328906492538121,0.0263984043316127,0.0417329135979264
"ecxexp",161.850822874158,0.0327790508442882,0.0263012336720534,0.0416003279303268
"ecxexp",163.1531689662,0.0326678311100236,0.026204420691401,0.0414681634953899
"ecxexp",164.465994494265,0.0325569887660299,0.0261079640730607,0.0413364189548113
"ecxexp",165.789383782004,0.032446982706959,0.0260118625052838,0.0412050929745386
"ecxexp",167.123421831588,0.0323374909561185,0.02591611468115,0.0410756199711283
"ecxexp",168.468194329163,0.0322279848666099,0.0258207192985497,0.0409470217672382
"ecxexp",169.823787650357,0.0321199111778606,0.0257261717934045,0.0408188261758051
"ecxexp",171.190288865826,0.0320112454334263,0.0256322098672474,0.0406910319363344
"ecxexp",172.567785746848,0.0319037426685243,0.0255385911269401,0.0405636377922776
"ecxexp",173.956366770959,0.0317958993324514,0.0254453143190311,0.0404366321352127
"ecxexp",175.356121127636,0.0316878806392766,0.0253523781946469,0.0403100003826805
"ecxexp",176.76713872403,0.0315806895216134,0.0252597815094753,0.0401837651913979
"ecxexp",178.189510190734,0.0314730693915834,0.0251675230237493,0.0400579253194897
"ecxexp",179.623326887608,0.0313660076938756,0.0250756015022294,0.0399324795289696
"ecxexp",181.068680909648,0.0312590413833331,0.0249840157141881,0.0398074265857286
"ecxexp",182.5256650929,0.031153280378272,0.0248927728257044,0.0396827652595222
"ecxexp",183.994373020421,0.0310486629605149,0.0248018752785334,0.0395588813383465
"ecxexp",185.474899028295,0.0309443930850294,0.0247108688683512,0.0394365787156587
"ecxexp",186.967338211685,0.0308399411171465,0.0246195627311105,0.0393146542124571
"ecxexp",188.471786430949,0.0307356938188466,0.0245285939694666,0.0391931066597163
"ecxexp",189.988340317792,0.0306319351075345,0.0244379613368137,0.0390719348920255
"ecxexp",191.517097281474,0.0305286069630219,0.0243476709298664,0.0389511377475768
"ecxexp",193.058155515065,0.0304240301487527,0.0242577093809299,0.0388307140681542
"ecxexp",194.611614001757,0.0303205602868078,0.0241687878672043,0.0387115009031189
"ecxexp",196.177572521216,0.0302178096743182,0.0240806165192503,0.0385933776807401
"ecxexp",197.756131655994,0.0301150466695419,0.0239932547906916,0.0384756149021497
"ecxexp",199.347392797989,0.0300128709004688,0.0239062839910693,0.0383582114674637
"ecxexp",200.951458154957,0.0299110531435936,0.0238196284437347,0.0382411662801541
"ecxexp",202.568430757078,0.0298095703389898,0.0237332870059581,0.0381236901738507
"ecxexp",204.198414463573,0.0297085927457187,0.0236471541849153,0.038004522555939
"ecxexp",205.841513969372,0.0296071396215207,0.0235611684714669,0.037885727439709
"ecxexp",207.497834811846,0.029506536758807,0.0234755077766628,0.0377672825762882
"ecxexp",209.167483377579,0.029406069550161,0.0233901813152847,0.0376491270460805
"ecxexp",210.850566909201,0.0293056400040904,0.0233051649913777,0.0375345352723646
"ecxexp",212.547193512284,0.0292057173102892,0.0232209206865783,0.0374149141721814
"ecxexp",214.257472162275,0.0291061353224918,0.0231366375437139,0.037298919038214
"ecxexp",215.981512711506,0.0290078405919665,0.0230521600918094,0.0371836855730152
"ecxexp",217.71942589624,0.0289092022715585,0.0229680829479959,0.0370688081191981
"ecxexp",219.471323343794,0.0288107096040461,0.0228845648216229,0.0369542855768657
"ecxexp",221.237317579698,0.0287125628227154,0.022801350389757,0.0368401168495192
"ecxexp",223.017522034931,0.0286148167313973,0.0227175763936869,0.0367263008440476
"ecxexp",224.812051053205,0.0285168266522504,0.0226343322737571,0.0366127353219175
"ecxexp",226.621019898305,0.0284196926485561,0.022551666158185,0.0364995019443295
"ecxexp",228.444544761497,0.0283231874644491,0.0224693019598063,0.0363866187729296
"ecxexp",230.28274276899,0.0282269605839714,0.0223872385759431,0.0362740847245884
"ecxexp",232.13573198946,0.0281308172914788,0.0223054749079448,0.0361618987195262
"ecxexp",234.003631441629,0.0280349257031383,0.0222240098611736,0.0360500596813031
"ecxexp",235.886561101917,0.027939054611079,0.0221428423449893,0.0359361452509723
"ecxexp",237.784641912141,0.0278434602356085,0.022061971272735,0.0358222766815714
"ecxexp",239.697995787287,0.0277482415169022,0.0219814104291285,0.0357087689258299
"ecxexp",241.626745623342,0.0276538028483232,0.0219011439075318,0.0355956208404253
"ecxexp",243.571015305184,0.0275589834734994,0.0218211704842606,0.0354828312856585
"ecxexp",245.530929714541,0.0274649724694245,0.0217414890890474,0.0353703991254416
"ecxexp",247.506614738014,0.0273721493986331,0.0216620986555334,0.0352583232272869
"ecxexp",249.498197275159,0.0272801206705185,0.0215829981212531,0.0351466024622949
"ecxexp",251.505805246639,0.0271870791045302,0.021504186427621,0.0350352357051439
"ecxexp",253.529567602445,0.0270938052239662,0.0214256625199171,0.0349242218340777
"ecxexp",255.56961433017,0.0270014485762345,0.0213474253472727,0.0348136002578204
"ecxexp",257.626076463368,0.0269096549037425,0.0212694738626563,0.0347056649802597
"ecxexp",259.699086089962,0.0268190161639667,0.0211918070228599,0.0345980643507073
"ecxexp",261.788776360732,0.0267284134996864,0.0211144237884848,0.0344907973315778
"ecxexp",263.895281497866,0.0266372809681106,0.0210373231239277,0.0343838628885035
"ecxexp",266.018736803585,0.0265464591599519,0.0209605039973668,0.0342772599903234
"ecxexp",268.159278668828,0.0264559470157738,0.0208839653807481,0.0341709876090739
"ecxexp",270.317044582015,0.0263661740372805,0.0208077062497717,0.0340650447199788
"ecxexp",272.49217313788,0.0262771917557268,0.020731725583878,0.0339591378243188
"ecxexp",274.684804046368,0.0261891225921036,0.0206560223662338,0.0338507242495406
"ecxexp",276.895078141615,0.0261003877628956,0.0205805955837191,0.0337426567897739
"ecxexp",279.123137390988,0.026011416503795,0.0205054442269136,0.0336349343400073
"ecxexp",281.369124904208,0.0259228930848303,0.0204305672900825,0.033528794809333
"ecxexp",283.633184942539,0.0258351213856584,0.0203551847007937,0.0334239493077652
"ecxexp",285.915462928055,0.0257478468604704,0.0202793453465074,0.0333194316618105
"ecxexp",288.216105452982,0.0256599082773595,0.020205307090657,0.0332152408462505
"ecxexp",290.535260289112,0.0255721666237659,0.0201315937392428,0.0331113288703851
"ecxexp",292.873076397296,0.0254853723682855,0.0200581889385478,0.0330077330609222
"ecxexp",295.229703937008,0.0253985880867568,0.0199854288086462,0.032904461374038
"ecxexp",297.605294275997,0.0253120509177263,0.0199121965089356,0.0328015127956393
"ecxexp",300,0.0252260561815192,0.0198404317964884,0.0326988863148054
"ecx4param",0.1,0.679811526206981,0.657182290981875,0.702516561220145
"ecx4param",0.100804658307517,0.679585470975176,0.656979780434626,0.702270071223049
"ecx4param",0.101615791364953,0.679359174667049,0.656807839040373,0.701989009132212
"ecx4param",0.102433451271921,0.679115978934834,0.656603727824941,0.701714564910237
"ecx4param",0.103257690547257,0.678864962157243,0.656389988000879,0.701437526288108
"ecx4param",0.104088562132396,0.678608171866912,0.656224006222926,0.701155314858734
"ecx4param",0.10492611939477,0.678361633739176,0.656014666580951,0.700863579796941
"ecx4param",0.105770416131236,0.678109032685016,0.655803616082863,0.700569480923108
"ecx4param",0.106621506571531,0.677871082122385,0.655589600641113,0.700217111620384
"ecx4param",0.107479445381759,0.677606876513481,0.655370825284536,0.699917093010603
"ecx4param",0.108344287667897,0.677359672603242,0.655155940273731,0.699577955223887
"ecx4param",0.109216088979337,0.677098763945966,0.654955055260998,0.699227159134296
"ecx4param",0.110094905312455,0.676839069141141,0.654771285222601,0.698869030803126
"ecx4param",0.110980793114205,0.676544060038509,0.654565520987051,0.698565162843315
"ecx4param",0.111873809285747,0.67625723941101,0.654370877499784,0.698181053533218
"ecx4param",0.112774011186101,0.675980834813775,0.65418450694608,0.697850303058027
"ecx4param",0.113681456635831,0.675685715353849,0.653980261814072,0.697500950409951
"ecx4param",0.114596203920758,0.675436033861218,0.653784157247334,0.697153678170296
"ecx4param",0.115518311795706,0.675160501997881,0.653558070396431,0.696859971106522
"ecx4param",0.116447839488274,0.674890088885215,0.653291989217412,0.696503720957423
"ecx4param",0.11738484670264,0.674603989891967,0.653070418647883,0.696161806122102
"ecx4param",0.1183293936234,0.67429776477227,0.652860070808128,0.695828299673459
"ecx4param",0.119281540919425,0.674004479473526,0.652630556568151,0.695466497076587
"ecx4param",0.120241349747768,0.673728674432122,0.652359904956093,0.695146750712008
"ecx4param",0.121208881757585,0.673438275562468,0.65210800211993,0.694783701422582
"ecx4param",0.122184199094096,0.673147255495308,0.6518903409739,0.694414172091694
"ecx4param",0.12316736440258,0.672863630471832,0.651630069151774,0.693997387551718
"ecx4param",0.124158440832396,0.67256743737128,0.651354460064889,0.693620556479327
"ecx4param",0.125157492041038,0.672257302505197,0.651103845777156,0.693271550990135
"ecx4param",0.126164582198226,0.67194763479283,0.650808809332501,0.692884761827173
"ecx4param",0.127179775990029,0.671622333418992,0.650540032694997,0.692559324378991
"ecx4param",0.128203138623014,0.671298092414329,0.650269479053439,0.692195915428212
"ecx4param",0.129234735828443,0.670988565893874,0.649968811974991,0.691840628439273
"ecx4param",0.130274633866484,0.67066215710655,0.649642277962513,0.691472368527787
"ecx4param",0.131322899530479,0.670319541302158,0.64939551893132,0.691107226868478
"ecx4param",0.132379600151223,0.669999379125091,0.649148412723208,0.690703778771203
"ecx4param",0.133444803601298,0.669660653095133,0.64887749466982,0.690299426405802
"ecx4param",0.134518578299427,0.669318102350552,0.648573510971269,0.689921452314522
"ecx4param",0.135600993214867,0.668979765536817,0.648266509630849,0.689508108481433
"ecx4param",0.136692117871847,0.668641393770432,0.647977589788832,0.689099777336069
"ecx4param",0.137792022354024,0.668301950699992,0.647675755588573,0.688663950086083
"ecx4param",0.138900777308992,0.667953466194545,0.647382491118687,0.688278812150637
"ecx4param",0.140018453952815,0.667620291563,0.64707161903516,0.687864144839819
"ecx4param",0.141145124074603,0.667267529227548,0.646733233003386,0.687358194436824
"ecx4param",0.142280860041125,0.666894410886138,0.646399298930891,0.686940062636416
"ecx4param",0.143425734801453,0.666514476405099,0.646087431923699,0.686523587080742
"ecx4param",0.144579821891651,0.666133466874887,0.645770414583199,0.68608702041304
"ecx4param",0.145743195439496,0.665753677285341,0.645477561225525,0.685638658379721
"ecx4param",0.146915930169241,0.665378671277377,0.645191098536198,0.685240119882649
"ecx4param",0.148098101406414,0.665010308737703,0.644895909840672,0.684800604061453
"ecx4param",0.149289785082657,0.664625125487348,0.644593401833152,0.684400137825016
"ecx4param",0.150491057740599,0.664250332700513,0.644274057849177,0.684036931018532
"ecx4param",0.151701996538779,0.66387607231843,0.643942973621923,0.683549858002844
"ecx4param",0.152922679256598,0.663462415203815,0.643631265804004,0.683124065741587
"ecx4param",0.154153184299315,0.663087684380192,0.643316544035522,0.682689483289064
"ecx4param",0.155393590703082,0.662696519756158,0.643032461243397,0.682266910096028
"ecx4param",0.156643978140024,0.662304558015802,0.642659823968336,0.68180983268023
"ecx4param",0.157904426923353,0.661890375097909,0.642294357259753,0.681428179043814
"ecx4param",0.15917501801253,0.661489320464905,0.641895564120203,0.681010976669888
"ecx4param",0.16045583301846,0.661085122599654,0.641553870083814,0.680544813437843
"ecx4param",0.161746954208739,0.660682106665338,0.641207140921685,0.680082248023689
"ecx4param",0.163048464512936,0.660246750754129,0.640860908337595,0.679607730904394
"ecx4param",0.164360447527919,0.659821217402033,0.640455047926951,0.679144264895703
"ecx4param",0.165682987523225,0.659414785125879,0.640115674495093,0.678590740941847
"ecx4param",0.167016169446473,0.658967256832178,0.639738073580026,0.678148331911899
"ecx4param",0.168360078928822,0.65854007629449,0.639331378620119,0.677635405177184
"ecx4param",0.169714802290465,0.658107163584205,0.638882812569202,0.677203394685045
"ecx4param",0.171080426546182,0.657655202751092,0.638461006649008,0.676813057465652
"ecx4param",0.172457039410922,0.657206485584047,0.638103855495229,0.676388394132036
"ecx4param",0.17384472930544,0.65676592970043,0.637778518205617,0.675897312431547
"ecx4param",0.175243585361978,0.656319476220757,0.63739631515591,0.675352349740901
"ecx4param",0.176653697429984,0.655865032246187,0.637006627392704,0.67487648831444
"ecx4param",0.178075156081891,0.655410468340232,0.636603173242467,0.674366803258847
"ecx4param",0.179508052618929,0.654946704039753,0.636196852097961,0.673821096807197
"ecx4param",0.180952479076989,0.654475496988632,0.635789366432655,0.67334868020365
"ecx4param",0.182408528232541,0.654003611008291,0.63537577818832,0.672843552739202
"ecx4param",0.183876293608584,0.653516662528922,0.634959016468208,0.67227596876455
"ecx4param",0.185355869480661,0.653043728317616,0.63452392120235,0.671778570633078
"ecx4param",0.186847350882908,0.65254820448333,0.634066234389052,0.671240379333694
"ecx4param",0.188350833614163,0.652071876875727,0.63364864146395,0.670642696331247
"ecx4param",0.189866414244118,0.651597573877305,0.633182156980974,0.670114313568266
"ecx4param",0.191394190119519,0.651096188061911,0.63268798327104,0.669548877760057
"ecx4param",0.192934259370421,0.650611752149801,0.632262896293268,0.669031877811842
"ecx4param",0.194486720916492,0.650103853252402,0.631787880028794,0.668460558955403
"ecx4param",0.196051674473365,0.649588679538886,0.631342535880303,0.667936966806077
"ecx4param",0.197629220559042,0.649077506068397,0.630843621358564,0.667410913257203
"ecx4param",0.199219460500352,0.648546271251142,0.630360362388702,0.666814698050758
"ecx4param",0.200822496439459,0.648029912982306,0.629889540131162,0.666275982658313
"ecx4param",0.202438431340423,0.647492640287949,0.629430992932228,0.66572249119122
"ecx4param",0.204067368995811,0.646955249593529,0.628981985739612,0.665134668403818
"ecx4param",0.205709414033368,0.646423762006067,0.628448557663128,0.664564297188869
"ecx4param",0.207364671922733,0.645872838534688,0.62794795726595,0.663956287857255
"ecx4param",0.209033248982215,0.645331289209953,0.627480822070968,0.663390133624988
"ecx4param",0.210715252385624,0.64479942962571,0.626907291946249,0.662816344498047
"ecx4param",0.212410790169151,0.6442320368574,0.626342046423498,0.662249510447522
"ecx4param",0.214119971238311,0.643674959719724,0.625838867526663,0.661639464413056
"ecx4param",0.215842905374934,0.64310866880114,0.625284028703736,0.661001851030693
"ecx4param",0.21757970324422,0.642548446665212,0.624720953621984,0.66040995947448
"ecx4param",0.219330476401846,0.641972247091231,0.62417612719361,0.659828585760345
"ecx4param",0.221095337301131,0.641385990155623,0.62360737097489,0.659242958767491
"ecx4param",0.222874399300258,0.640784882239266,0.623033635725602,0.658660755051771
"ecx4param",0.224667776669557,0.640196021776482,0.622477735169918,0.658078593178277
"ecx4param",0.226475584598843,0.639597686483409,0.621862313099229,0.657449798034399
"ecx4param",0.228297939204816,0.638995198912872,0.621242930104851,0.656753328636373
"ecx4param",0.230134957538519,0.638401747690154,0.620636352614636,0.65618272961441
"ecx4param",0.231986757592854,0.637800064725967,0.620036595146902,0.655569963916732
"ecx4param",0.233853458310165,0.637183001604708,0.619430689314399,0.654890847069953
"ecx4param",0.235735179589874,0.636569263352658,0.618814276806692,0.654215685520095
"ecx4param",0.237632042296185,0.635946710581787,0.618170244086094,0.65359416728598
"ecx4param",0.239544168265845,0.635307381726751,0.61755808515013,0.652950511302791
"ecx4param",0.241471680315969,0.634673925171691,0.616952284597903,0.652276265859051
"ecx4param",0.243414702251933,0.63403450152349,0.616320384200635,0.651627028274782
"ecx4param",0.245373358875322,0.633368252132775,0.615693913361473,0.650883472585756
"ecx4param",0.247347775991947,0.632717306259442,0.615043866597153,0.650163312503837
"ecx4param",0.249338080419926,0.632065771622924,0.614407010216665,0.64947129806381
"ecx4param",0.251344399997829,0.631408760684545,0.613765332255577,0.648811429092876
"ecx4param",0.253366863592891,0.630740305002367,0.61311658855301,0.648158770696375
"ecx4param",0.255405601109287,0.630048170180068,0.612436637613724,0.64750968353055
"ecx4param",0.257460743496478,0.629384063133849,0.611761581139531,0.646799645472414
"ecx4param",0.259532422757618,0.628710710385201,0.611080656717805,0.646114948653574
"ecx4param",0.261620771958038,0.628031253793925,0.610366858759731,0.645427318659197
"ecx4param",0.26372592523379,0.627327367975719,0.609623985439699,0.644712065943534
"ecx4param",0.265848017800261,0.626614454418421,0.60882515025659,0.643958495038457
"ecx4param",0.267987185960861,0.625904863577188,0.608119446287203,0.643252917013873
"ecx4param",0.270143567115777,0.625182184321121,0.607374436934795,0.642563346590571
"ecx4param",0.272317299770797,0.624460110366083,0.60666997684876,0.641855579457387
"ecx4param",0.27450852354621,0.623747488499631,0.605947449634909,0.641160637297938
"ecx4param",0.276717379185768,0.622995488112476,0.605167394280251,0.640435665030604
"ecx4param",0.278944008565731,0.622256330456793,0.6044125826817,0.639683205559335
"ecx4param",0.281188554703977,0.621543305429008,0.603618059559279,0.638902512860399
"ecx4param",0.28345116176919,0.620762743713563,0.602836078831418,0.638156294142586
"ecx4param",0.28573197509012,0.620014451641726,0.60207959821006,0.637387548852539
"ecx4param",0.288031141164917,0.619226137181536,0.601357209542198,0.636642481922092
"ecx4param",0.290348807670537,0.618458495411257,0.60053804001609,0.635906915351875
"ecx4param",0.292685123472236,0.617688025147533,0.599763975712744,0.635137830801299
"ecx4param",0.295040238633122,0.616934075859237,0.598986507295731,0.634367793717464
"ecx4param",0.297414304423803,0.616149515466423,0.598204808357708,0.633568588491835
"ecx4param",0.299807473332094,0.615357069329852,0.597406430300667,0.632849016912084
"ecx4param",0.302219899072819,0.614562266952959,0.596555475631341,0.632050713405916
"ecx4param",0.304651736597679,0.613755904958264,0.59569908520675,0.631193619537237
"ecx4param",0.307103142105208,0.612940084354013,0.594926857249168,0.630426342193861
"ecx4param",0.309574273050804,0.612122561563343,0.59418727657255,0.629617412750349
"ecx4param",0.312065288156844,0.611293798301819,0.593442302373163,0.628857712626467
"ecx4param",0.314576347422876,0.61046753768692,0.592581669675056,0.628049456342847
"ecx4param",0.317107612135899,0.60965208272081,0.591738639798715,0.627235065048876
"ecx4param",0.31965924488072,0.608799035274434,0.590834781204783,0.626400563793033
"ecx4param",0.3222314095504,0.60796695675948,0.590008111336427,0.625591563894997
"ecx4param",0.324824271356778,0.607108933779737,0.589109650660745,0.624767899516789
"ecx4param",0.327437996841083,0.606237544587915,0.588239895985552,0.623877473984589
"ecx4param",0.330072753884633,0.605362757818383,0.587349520802063,0.623000884064702
"ecx4param",0.332728711719617,0.604506939157147,0.586459776463129,0.622123597908069
"ecx4param",0.335406040939964,0.603643397595212,0.585511790700489,0.621303001329264
"ecx4param",0.338104913512303,0.602748910614407,0.584605907344699,0.620464762459833
"ecx4param",0.340825502787004,0.601844691642569,0.583721081509762,0.619664175096917
"ecx4param",0.343567983509317,0.600955059134189,0.582761739816289,0.618775209963702
"ecx4param",0.346332531830595,0.600051890552325,0.581821989130385,0.617932360190476
"ecx4param",0.349119325319605,0.599151116360363,0.580867639415394,0.617032055005906
"ecx4param",0.351928542973938,0.598242311844155,0.579901984152623,0.616098806542488
"ecx4param",0.354760365231503,0.59730851595747,0.57899631151613,0.615205028890787
"ecx4param",0.357614973982117,0.596389719162808,0.578003626327258,0.614269876250808
"ecx4param",0.36049255257919,0.595445267154398,0.576968519779124,0.613391163332451
"ecx4param",0.3633932858515,0.594509515985018,0.575930997571424,0.612499682129627
"ecx4param",0.366317360115064,0.593562321916489,0.574949188919137,0.611588255852999
"ecx4param",0.369264963185108,0.592584263073722,0.573949224500986,0.610689123578338
"ecx4param",0.372236284388128,0.591634901314824,0.5729057373222,0.609780380122656
"ecx4param",0.375231514574051,0.590675152304637,0.571814082558396,0.608756083537981
"ecx4param",0.378250846128495,0.589716551801785,0.570771922763074,0.607745996048115
"ecx4param",0.381294472985122,0.588713945017806,0.569776745501135,0.606752362548305
"ecx4param",0.384362590638102,0.587723218731689,0.568724797621826,0.605815663942816
"ecx4param",0.38745539615466,0.586717736134312,0.567684816161668,0.604793178705964
"ecx4param",0.390573088187743,0.585727742422494,0.566651720731947,0.6038173643594
"ecx4param",0.393715866988772,0.584731581820717,0.56563099028077,0.602798350125454
"ecx4param",0.396883934420512,0.583743810036002,0.564575254455669,0.60182114634339
"ecx4param",0.400077493970028,0.582724685808993,0.563505310165391,0.600786597878405
"ecx4param",0.403296750761765,0.581675243672332,0.562378842173679,0.599807742701939
"ecx4param",0.406541911570717,0.580643606247664,0.561262869872427,0.598846051688529
"ecx4param",0.409813184835711,0.579597338259808,0.560160203135577,0.597737693282687
"ecx4param",0.413110780672793,0.578538641881938,0.559010624953002,0.596622235656486
"ecx4param",0.416434910888726,0.577464164398022,0.557934978957019,0.595638049211699
"ecx4param",0.419785788994595,0.576386690721786,0.556833286064993,0.594626840545925
"ecx4param",0.423163630219517,0.575307246632395,0.5557222150282,0.593617095058251
"ecx4param",0.426568651524471,0.574207675635741,0.554668335421068,0.592557770755398
"ecx4param",0.430001071616227,0.573111552840667,0.553572172374268,0.591525565601528
"ecx4param",0.433461110961401,0.572023855623822,0.55246233353031,0.590444411423667
"ecx4param",0.436948991800609,0.570949039297456,0.551353289284621,0.589408781764519
"ecx4param",0.440464938162746,0.56985783306677,0.550222591895081,0.588382717173423
"ecx4param",0.444009175879373,0.56872343670609,0.549073894652325,0.587344872103108
"ecx4param",0.447581932599226,0.567583992449479,0.547967463856255,0.586353370981361
"ecx4param",0.451183437802833,0.566440789511165,0.546767085595771,0.585240500427272
"ecx4param",0.454813922817255,0.565316844736864,0.545561412842624,0.584193973852479
"ecx4param",0.45847362083095,0.564178442019463,0.544333511011537,0.583128147066382
"ecx4param",0.462162766908742,0.563011156177514,0.543153773327998,0.582055584033162
"ecx4param",0.465881598006925,0.561856925942796,0.541941140074938,0.580941791410633
"ecx4param",0.469630352988483,0.560690316998759,0.540726272202332,0.579813565299291
"ecx4param",0.473409272638428,0.559523580208905,0.53944005046845,0.578674347980083
"ecx4param",0.47721859967927,0.558341050553647,0.538177148366549,0.577580695461306
"ecx4param",0.481058578786607,0.557152725806815,0.536918603711288,0.576408495505385
"ecx4param",0.484929456604839,0.555987356256411,0.535709448594768,0.575244724270612
"ecx4param",0.488831481763009,0.554763360837678,0.534414053251679,0.574044322844623
"ecx4param",0.492764904890775,0.553582919549856,0.533112295876741,0.57288058522051
"ecx4param",0.496729978634508,0.552354749149466,0.531830505598256,0.571678483426723
"ecx4param",0.50072695767352,0.551104838363447,0.530539835012233,0.570487508223438
"ecx4param",0.504756098736419,0.54987347917593,0.529209345245028,0.56927399157453
"ecx4param",0.508817660617602,0.548654490554588,0.527957199330501,0.568028959629674
"ecx4param",0.512911904193877,0.547405370069334,0.526658101345433,0.566834496221242
"ecx4param",0.517039092441219,0.546150365338786,0.525338024904892,0.565640578772361
"ecx4param",0.521199490451659,0.544874310810338,0.524014070787164,0.564416435632416
"ecx4param",0.525393365450317,0.543621557184117,0.522699700554769,0.563171452762467
"ecx4param",0.529620986812558,0.542375629370657,0.521374878102867,0.561929056709084
"ecx4param",0.5338826260813,0.541085269347264,0.520068655881797,0.560662628226039
"ecx4param",0.538178556984455,0.539801430445665,0.518738297410254,0.559437923018049
"ecx4param",0.542509055452508,0.538492130048529,0.517408392684609,0.558183863974137
"ecx4param",0.54687439963624,0.537177743085878,0.51605676927936,0.556906792896403
"ecx4param",0.551274869924599,0.535859887694338,0.514704176791502,0.555597597257456
"ecx4param",0.555710748962703,0.534531188258177,0.513328830745737,0.55436573465873
"ecx4param",0.560182321669998,0.533198773170772,0.511947623057618,0.553084062555732
"ecx4param",0.56468987525856,0.531865285568458,0.510578540469896,0.551812469669791
"ecx4param",0.569233699251537,0.530527901858668,0.509204529490821,0.550488133559959
"ecx4param",0.573814085501753,0.52916285572647,0.507816918058407,0.549170235206403
"ecx4param",0.578431328210448,0.527800426729048,0.506489982968358,0.547847976980706
"ecx4param",0.583085723946176,0.526428834103144,0.505057392737155,0.54648653144953
"ecx4param",0.587777571663857,0.525048150593779,0.503592267997316,0.545178713379365
"ecx4param",0.592507172723973,0.523674663163801,0.502110375163523,0.543853778390685
"ecx4param",0.597274830911933,0.522282448580141,0.500712958298712,0.542524294475966
"ecx4param",0.602080852457576,0.520879956942889,0.499288248945332,0.541175365260225
"ecx4param",0.606925546054847,0.519485899795965,0.497862963847704,0.539865674510631
"ecx4param",0.611809222881623,0.51807670707128,0.496385993000708,0.538504379705645
"ecx4param",0.616732196619697,0.516652252529117,0.494919094827317,0.537138768043804
"ecx4param",0.621694783474932,0.515234634778289,0.493439319233992,0.535757632802655
"ecx4param",0.626697302197565,0.513816198842702,0.491935414248001,0.534382333621696
"ecx4param",0.631740074102685,0.51237023011055,0.490450548071416,0.533014740587573
"ecx4param",0.636823423090869,0.510909107451326,0.488954247286856,0.531686785380912
"ecx4param",0.641947675668986,0.509462888803246,0.487500368295543,0.530308613897901
"ecx4param",0.647113160971171,0.508007227311708,0.486049689208875,0.528858828469558
"ecx4param",0.652320210779964,0.50653982628388,0.484580433913644,0.527505273040024
"ecx4param",0.657569159547619,0.505060677326346,0.483080646690528,0.526150753539622
"ecx4param",0.662860344417591,0.503595847230619,0.481606080343536,0.524709157779096
"ecx4param",0.668194105246186,0.502119552256556,0.48012640146538,0.523267978901312
"ecx4param",0.67357078462439,0.500640911987077,0.478634100423911,0.521791882901055
"ecx4param",0.67899072789988,0.499133119393912,0.477109670432082,0.520281460702759
"ecx4param",0.684454283199199,0.497617427772947,0.475585938187442,0.518829849847873
"ecx4param",0.68996180145012,0.496091255405243,0.474101186511696,0.51735687847705
"ecx4param",0.695513636404185,0.494586087474817,0.472540307560788,0.515929429666753
"ecx4param",0.701110144659427,0.493055227035583,0.471008773138923,0.514416509186486
"ecx4param",0.706751685683276,0.491516213630793,0.469480685253306,0.512908026975894
"ecx4param",0.712438621835646,0.489978921406316,0.467944849711446,0.51142212976181
"ecx4param",0.718171318392208,0.488435084285767,0.466323735604282,0.509879591051007
"ecx4param",0.723950143567858,0.486876453819368,0.464749718836545,0.508283128078007
"ecx4param",0.729775468540361,0.485332283456323,0.463186108138037,0.506737887094297
"ecx4param",0.735647667474195,0.483796429949772,0.461580697795754,0.505210281563446
"ecx4param",0.741567117544584,0.482230803164131,0.46000638566145,0.503676305124812
"ecx4param",0.747534198961723,0.480664415290863,0.458427609197262,0.502139718862971
"ecx4param",0.753549294995202,0.479084029338161,0.456833777704534,0.500605352666453
"ecx4param",0.759612791998619,0.477511143088007,0.455227792504747,0.499049152917257
"ecx4param",0.765725079434401,0.475926430119348,0.453638604458101,0.497438466998353
"ecx4param",0.771886549898814,0.474356016609012,0.452037955423435,0.495848879780513
"ecx4param",0.778097599147183,0.47278974099378,0.450494900285347,0.494226063619372
"ecx4param",0.784358626119314,0.471182998633588,0.448827782854494,0.492611381995467
"ecx4param",0.790670032965113,0.46960112043466,0.447243440550991,0.490993478075985
"ecx4param",0.797032225070417,0.467983569742064,0.445686894733713,0.489430806474572
"ecx4param",0.803445611083036,0.466376643191082,0.444098460089417,0.487858761056621
"ecx4param",0.809910602939,0.464758272912277,0.442478395009205,0.486255442177246
"ecx4param",0.816427615889012,0.463125329010969,0.440841426662182,0.484619766401567
"ecx4param",0.822997068525129,0.461515752645582,0.439209143348458,0.48300167653577
"ecx4param",0.829619382807641,0.459860556850662,0.437570005621364,0.481400427600911
"ecx4param",0.836294984092177,0.45821329541776,0.43596986280026,0.479762442847284
"ecx4param",0.843024301157025,0.456534569689768,0.4343511019875,0.478090411817899
"ecx4param",0.849807766230675,0.454870200744799,0.432665061158795,0.476430103370302
"ecx4param",0.856645815019578,0.453214540745899,0.430998334073984,0.474726593131116
"ecx4param",0.863538886736133,0.451532210270789,0.429348284640382,0.473049246997423
"ecx4param",0.870487424126898,0.449837839674524,0.427683517926711,0.471409863624185
"ecx4param",0.877491873501029,0.448155491759221,0.426015677051486,0.469712880663835
"ecx4param",0.884552684758945,0.446476460506793,0.424346955643455,0.46798865326375
"ecx4param",0.891670311421226,0.444805270049842,0.42266390926751,0.466322465622726
"ecx4param",0.898845210657742,0.443116664226265,0.42098377674713,0.464606589295309
"ecx4param",0.906077843317022,0.441461203612891,0.419329671355554,0.462980613669149
"ecx4param",0.913368673955847,0.439763574991044,0.41764808785107,0.461229447282146
"ecx4param",0.920718170869093,0.438073888804473,0.415945588251753,0.459492627292344
"ecx4param",0.928126806119814,0.436365804945575,0.414272542647468,0.457746278352066
"ecx4param",0.935595055569552,0.4346541952995,0.412622846384997,0.456024791860156
"ecx4param",0.943123398908914,0.432950835956844,0.410933035762471,0.454252668602354
"ecx4param",0.950712319688375,0.431236571538559,0.409238386243681,0.452487487980599
"ecx4param",0.958362305349338,0.4295200847496,0.407549375443958,0.450806338482123
"ecx4param",0.966073847255446,0.427765110474257,0.405841275733113,0.449035867229906
"ecx4param",0.97384744072414,0.42601036234122,0.404133049226575,0.447306545329141
"ecx4param",0.981683585058472,0.424301377513481,0.402430088276519,0.445530450150258
"ecx4param",0.989582783579179,0.422552847496458,0.40069602850692,0.443747210429387
"ecx4param",0.997545543657011,0.420836745434398,0.399049379764471,0.441953187229424
"ecx4param",1.00557237674532,0.419089673387205,0.397365722007801,0.440118912920458
"ecx4param",1.0136637984129,0.417346954384295,0.39567151627656,0.4383501854328
"ecx4param",1.02182032837712,0.415597090556538,0.393975297168632,0.436584608462811
"ecx4param",1.03004249053731,0.413862077918364,0.392268347075098,0.43481648092779
"ecx4param",1.03833081300838,0.412101743308989,0.390534246463277,0.433039068465377
"ecx4param",1.04668582815476,0.410329541779021,0.388748474612754,0.431255021319759
"ecx4param",1.05510807262462,0.408577861829376,0.387035537508616,0.429463653613481
"ecx4param",1.06359808738428,0.406793684499763,0.385344060390296,0.42767359844797
"ecx4param",1.07215641775301,0.40500783510747,0.383581163544114,0.425904277404898
"ecx4param",1.08078361343804,0.40326103291944,0.381874958676767,0.424089984116099
"ecx4param",1.08948022856986,0.401476959105308,0.380049636728937,0.422355660703932
"ecx4param",1.0982468217378,0.39972619192218,0.378275806087314,0.420521753927549
"ecx4param",1.10708395602596,0.397952155536884,0.37654337468448,0.418754500678345
"ecx4param",1.11599219904932,0.396179621852897,0.374813030554293,0.4169888635437
"ecx4param",1.12497212299021,0.394415288711857,0.373082426833335,0.415148053375052
"ecx4param",1.13402430463511,0.392621582995775,0.371324785395242,0.413359000507371
"ecx4param",1.14314932541162,0.390832385134378,0.369590725802716,0.411556339421429
"ecx4param",1.15234777142587,0.389075089015734,0.367870672471026,0.409758869067751
"ecx4param",1.16162023350014,0.387282082513396,0.366141654435972,0.407954948694794
"ecx4param",1.1709673072108,0.385505533274903,0.364405518479616,0.406110625534806
"ecx4param",1.18038959292659,0.383720127345914,0.362654647538668,0.404284876836304
"ecx4param",1.18988769584714,0.381916839864394,0.360949907694071,0.402502755210695
"ecx4param",1.1994622260419,0.380133553286701,0.359197848996874,0.40067170032673
"ecx4param",1.20911379848928,0.378336732820986,0.357484632175936,0.398820566242975
"ecx4param",1.21884303311616,0.376531685240209,0.355742618161793,0.396965208519365
"ecx4param",1.22865055483773,0.374729027298277,0.353987586705756,0.395132802253523
"ecx4param",1.23853699359759,0.372932357618198,0.352226317953986,0.393283338564133
"ecx4param",1.24850298440825,0.371146223549279,0.350522101166829,0.391405136419928
"ecx4param",1.25854916739189,0.3693504199377,0.348786732118517,0.38952950166223
"ecx4param",1.2686761878215,0.367523281905876,0.347080165632387,0.387624134947177
"ecx4param",1.2788846961623,0.365695751852384,0.345339462596655,0.385741690704842
"ecx4param",1.28917534811354,0.36388671366381,0.343610684281533,0.38389039544055
"ecx4param",1.2995488046506,0.362071729539659,0.341875333560758,0.382087413318494
"ecx4param",1.31000573206746,0.360271865059358,0.340090201197319,0.380303054665852
"ecx4param",1.3205468020195,0.358474552106086,0.338336615776819,0.378459183176335
"ecx4param",1.3311726915666,0.356674421069406,0.336584423022865,0.376626336172952
"ecx4param",1.3418840832167,0.354860946689537,0.334849818694302,0.37476955870838
"ecx4param",1.35268166496955,0.353041693359909,0.333143467666254,0.372963776332533
"ecx4param",1.36356613036099,0.351249952525061,0.331448680366055,0.371165950572722
"ecx4param",1.37453817850744,0.349464185683146,0.329725968415725,0.369343959820193
"ecx4param",1.38559851415079,0.347658060065733,0.328010638210392,0.367492056804807
"ecx4param",1.39674784770375,0.345841890405062,0.326289053358459,0.365579076122048
"ecx4param",1.40798689529536,0.344025295454515,0.324560876118206,0.363713566174968
"ecx4param",1.41931637881711,0.342216141624962,0.322871830703812,0.361868708081313
"ecx4param",1.43073702596922,0.340408540633373,0.321108709962824,0.360041803020546
"ecx4param",1.44224957030741,0.338592870352592,0.319384616014928,0.358182842944854
"ecx4param",1.45385475129002,0.336786156027491,0.317658277030077,0.356371764483067
"ecx4param",1.46555331432551,0.334986222264179,0.315904905223089,0.354523344131483
"ecx4param",1.47734601082033,0.333175958956533,0.314137377475652,0.352697066825328
"ecx4param",1.48923359822717,0.33140320262431,0.31236920308345,0.350831060548689
"ecx4param",1.50121684009364,0.329584512382804,0.310633178089304,0.349016665720424
"ecx4param",1.51329650611131,0.327774769294424,0.308877827081232,0.34715962668112
"ecx4param",1.5254733721651,0.326001510460309,0.307146876094703,0.345310624402052
"ecx4param",1.53774822038319,0.324210303878996,0.305414709327417,0.343499489232992
"ecx4param",1.55012183918721,0.322413990815401,0.303701890408793,0.341593079907709
"ecx4param",1.56259502334287,0.320624342011608,0.301950127997324,0.339706969345809
"ecx4param",1.57516857401105,0.318853733587358,0.300250942624394,0.33787449527344
"ecx4param",1.58784329879923,0.317065070085119,0.298503095379864,0.336044054559977
"ecx4param",1.60062001181338,0.315282620312736,0.29678896487144,0.334186894989586
"ecx4param",1.61349953371022,0.313477769345086,0.29512992862068,0.332325572300866
"ecx4param",1.62648269174997,0.311723714331509,0.293393312307304,0.330503260965855
"ecx4param",1.63957031984947,0.309929819688539,0.291669691269555,0.328714783322734
"ecx4param",1.65276325863573,0.308151055170425,0.290049327125181,0.326893082300381
"ecx4param",1.66606235549994,0.30637230381842,0.288314468716201,0.325074618835558
"ecx4param",1.67946846465188,0.304610446171295,0.286614513419523,0.323255470369074
"ecx4param",1.69298244717484,0.302837679992479,0.284957426293186,0.321415634303582
"ecx4param",1.70660517108084,0.301045691229069,0.283296195769369,0.319561209335319
"ecx4param",1.72033751136647,0.299308493258492,0.28159698780561,0.317717566886052
"ecx4param",1.73418035006901,0.297564639413691,0.279897704037308,0.315891404349899
"ecx4param",1.74813457632318,0.295823547219164,0.278143207795866,0.314050220705474
"ecx4param",1.76220108641815,0.29407830774456,0.276487994373491,0.312240843492917
"ecx4param",1.77638078385517,0.292317154496497,0.274807654734932,0.310414022262498
"ecx4param",1.7906745794056,0.290577422997365,0.273099692368435,0.308611819751798
"ecx4param",1.80508339116939,0.288823243138973,0.271378385600179,0.306833214304818
"ecx4param",1.81960814463405,0.287082035996749,0.269700187033153,0.305066743976923
"ecx4param",1.83424977273411,0.285343255903787,0.268024016569588,0.303313528786639
"ecx4param",1.84900921591104,0.283608281528594,0.26639308062985,0.301544984385246
"ecx4param",1.86388742217363,0.281909841217693,0.26476300892356,0.299725212078024
"ecx4param",1.87888534715892,0.280194008321055,0.263073064966982,0.29799953256079
"ecx4param",1.89400395419356,0.278484356885432,0.26131629769521,0.296252971052264
"ecx4param",1.90924421435568,0.276777590194356,0.259696027181062,0.294514698769543
"ecx4param",1.92460710653729,0.275066306628425,0.258102536925932,0.292753558101537
"ecx4param",1.94009361750711,0.273341614091284,0.256451855377025,0.29104430793914
"ecx4param",1.955704741974,0.271616323491208,0.254819564290352,0.289302549815186
"ecx4param",1.9714414826508,0.26990884983217,0.25324089079931,0.287575185472225
"ecx4param",1.9873048503188,0.268200421975769,0.251636626136949,0.285798391430022
"ecx4param",2.00329586389258,0.26650407738996,0.250019165638092,0.284107245859201
"ecx4param",2.01941555048554,0.264816535167957,0.248376652283966,0.282358956984084
"ecx4param",2.03566494547582,0.263153703613942,0.246695392028852,0.280650635912402
"ecx4param",2.05204509257281,0.261479629766735,0.245094755346929,0.278935643520019
"ecx4param",2.0685570438842,0.2598127610124,0.243451873351128,0.27714038759457
"ecx4param",2.08520185998355,0.258165256771177,0.241833331513698,0.27540033861839
"ecx4param",2.10198060997842,0.256515403998237,0.240274597944199,0.273661023144151
"ecx4param",2.11889437157901,0.254869519374878,0.2386901216417,0.271955203930865
"ecx4param",2.13594423116744,0.253228449440587,0.237041609250263,0.270227137599431
"ecx4param",2.15313128386747,0.251599033057196,0.235476357054769,0.268542928110001
"ecx4param",2.17045663361486,0.249962269805734,0.233924894993019,0.266863716342224
"ecx4param",2.18792139322831,0.248320755528017,0.232331459027895,0.265169238300409
"ecx4param",2.20552668448087,0.246694383592702,0.230760085326064,0.263484412177485
"ecx4param",2.22327363817206,0.245089674116404,0.229166066642174,0.261786332174736
"ecx4param",2.24116339420045,0.243484274560321,0.227577864972577,0.260077831207663
"ecx4param",2.25919710163692,0.241886212253723,0.226008145528729,0.258349481032066
"ecx4param",2.27737591879844,0.240278741094719,0.224442878257842,0.256721699900026
"ecx4param",2.29570101332245,0.238687271683126,0.222916146291932,0.255057608448337
"ecx4param",2.31417356224191,0.237077087490633,0.221352848953569,0.253428941055093
"ecx4param",2.33279475206086,0.235471777993317,0.21982654421104,0.251712412873251
"ecx4param",2.35156577883064,0.233906036083851,0.218341790560464,0.250061856180594
"ecx4param",2.37048784822674,0.232337861452205,0.216794919977866,0.248485174567834
"ecx4param",2.38956217562618,0.230779109467945,0.215244398443489,0.246894153446752
"ecx4param",2.40878998618565,0.229220910396481,0.213734518871725,0.245257250353957
"ecx4param",2.42817251492014,0.227647052895694,0.212247271988347,0.243623751092915
"ecx4param",2.4477110067823,0.226101134196849,0.210735033259078,0.241994511685693
"ecx4param",2.46740671674239,0.224546894141387,0.20927302071573,0.240370768625681
"ecx4param",2.4872609098689,0.223004360491938,0.207802382154757,0.2388038531315
"ecx4param",2.50727486140979,0.221476373223091,0.206333851988664,0.237247493511632
"ecx4param",2.52744985687442,0.219942070034401,0.204851023335211,0.235646476557886
"ecx4param",2.5477871921161,0.218406236671783,0.203334366356781,0.234027807206044
"ecx4param",2.56828817341532,0.216871934368948,0.201873109527287,0.23245555379528
"ecx4param",2.58895411756369,0.215349734420737,0.200400688562197,0.230913236694428
"ecx4param",2.60978635194848,0.21383908854414,0.198951341393318,0.229387033425216
"ecx4param",2.63078621463789,0.212331402049662,0.197516985595228,0.227861746895615
"ecx4param",2.65195505446699,0.210835296684193,0.19606982703712,0.226327653773123
"ecx4param",2.67329423112439,0.209349220807344,0.194629932125685,0.224800460169298
"ecx4param",2.69480511523952,0.207874130582829,0.193140870374115,0.223277546582277
"ecx4param",2.71648908847069,0.206385481850273,0.191710180227898,0.221768720432373
"ecx4param",2.73834754359388,0.20491386786756,0.190248385487617,0.220265223384318
"ecx4param",2.7603818845921,0.203459042522644,0.188835930537125,0.218767669724145
"ecx4param",2.78259352674567,0.202005463972431,0.187408278253069,0.217284149253446
"ecx4param",2.80498389672307,0.200561043287964,0.186027944199815,0.215801676487606
"ecx4param",2.82755443267258,0.199130286418719,0.184581095401163,0.214325446579473
"ecx4param",2.85030658431466,0.197708196930171,0.183193523691829,0.212851235886244
"ecx4param",2.87324181303506,0.196278061405047,0.181790363476014,0.211415438182948
"ecx4param",2.89636159197871,0.19486131730774,0.180407066843296,0.20995365888111
"ecx4param",2.91966740614431,0.193444342921664,0.17905252127676,0.208449306191675
"ecx4param",2.94316075247972,0.192032736103551,0.17768561196743,0.207036332089227
"ecx4param",2.96684313997814,0.190633544077461,0.176287528220227,0.205571158886251
"ecx4param",2.99071608977498,0.189246368064568,0.174898449332697,0.204131544017019
"ecx4param",3.01478113524562,0.187873282779862,0.173573045861015,0.202702146641452
"ecx4param",3.03903982210384,0.18649414247991,0.172194207718032,0.20128555265132
"ecx4param",3.06349370850116,0.18511684093638,0.170864731146564,0.19986242973147
"ecx4param",3.08814436512688,0.183741002120975,0.169482730207031,0.198426666303415
"ecx4param",3.11299337530901,0.182378467970976,0.168120078794719,0.197025541129316
"ecx4param",3.13804233511589,0.18102374867861,0.166810214047047,0.195639164909907
"ecx4param",3.16329285345882,0.179681670348563,0.165447830286152,0.19427436934687
"ecx4param",3.18874655219527,0.178343040683715,0.164181260897004,0.192924351291234
"ecx4param",3.21440506623319,0.177019577365604,0.162892564607371,0.191567352087986
"ecx4param",3.24027004363589,0.175705983857356,0.161647568766184,0.190226299109654
"ecx4param",3.266343145728,0.174401323075119,0.16033193095095,0.188844334774976
"ecx4param",3.29262604720213,0.173109464959138,0.159052704534815,0.187513625213193
"ecx4param",3.31912043622642,0.17181414503313,0.157756508101129,0.18620976596554
"ecx4param",3.34582801455302,0.170521452365321,0.156514511619344,0.184904034874123
"ecx4param",3.37275049762737,0.169228370433343,0.155213405413901,0.18354844572114
"ecx4param",3.39988961469836,0.16795516194371,0.154010185753265,0.182255176267627
"ecx4param",3.42724710892945,0.166672162895205,0.152728123634085,0.180970915799596
"ecx4param",3.4548247375106,0.165412271054393,0.151512768273693,0.179691846935702
"ecx4param",3.48262427177114,0.164157884954837,0.150276243983241,0.178448511767892
"ecx4param",3.51064749729357,0.162905244720767,0.149060600762455,0.177150288203632
"ecx4param",3.53889621402819,0.161664769246587,0.147856772084367,0.175857310880189
"ecx4param",3.56737223640878,0.160415467600614,0.146682441578243,0.174591804191524
"ecx4param",3.59607739346911,0.159188718904645,0.14549147157793,0.1733019513289
"ecx4param",3.62501352896042,0.157982296663208,0.144290885466245,0.17205535822132
"ecx4param",3.65418250146983,0.156769685230169,0.143115465676377,0.170811663426782
"ecx4param",3.68358618453975,0.155562407082903,0.14195239414795,0.169588560141591
"ecx4param",3.71322646678821,0.154362342341818,0.140797323128459,0.168342437299092
"ecx4param",3.74310525203015,0.153163931006517,0.139653698562927,0.167103928355685
"ecx4param",3.77322445939973,0.151964472787058,0.1384982098701,0.165874040661108
"ecx4param",3.80358602347357,0.150783821344713,0.137341428360855,0.164668813301928
"ecx4param",3.83419189439502,0.149614398302101,0.136186615820434,0.163454598368763
"ecx4param",3.86504403799943,0.148452150824201,0.135066573493361,0.162281746096769
"ecx4param",3.89614443594039,0.147283949425732,0.133931538495824,0.161117657158256
"ecx4param",3.92749508581706,0.14612743200662,0.132811794175564,0.159954409813206
"ecx4param",3.95909800130243,0.14499440663761,0.131690935261602,0.158821484471042
"ecx4param",3.99095521227266,0.143870749616433,0.130548416972251,0.157665787559087
"ecx4param",4.02306876493751,0.142757943283479,0.129471422080339,0.156464129549609
"ecx4param",4.05544072197172,0.141645137204534,0.128397194354456,0.1552890808204
"ecx4param",4.0880731626475,0.140532938707031,0.127348098886445,0.154170136777085
"ecx4param",4.12096818296813,0.13942705095741,0.126258435214158,0.153046797493155
"ecx4param",4.15412789580253,0.138333326083879,0.125185856008293,0.151937555276966
"ecx4param",4.187554431021,0.137238015831104,0.124111803761127,0.150824889584998
"ecx4param",4.22124993563203,0.136155321400603,0.123046616806102,0.149734104882999
"ecx4param",4.25521657392016,0.135093324666796,0.122020602402415,0.148652894234519
"ecx4param",4.28945652758506,0.134020403029641,0.120993507314685,0.147576348626368
"ecx4param",4.32397199588162,0.132959991238081,0.120000790495477,0.146482469782989
"ecx4param",4.35876519576121,0.131884535536776,0.11896253917732,0.145395403869755
"ecx4param",4.39383836201408,0.130834493251603,0.117950385791246,0.144350678835701
"ecx4param",4.42919374741291,0.129795503720004,0.116939272040528,0.143290117912882
"ecx4param",4.46483362285751,0.128767097143345,0.115969762094572,0.142229355156762
"ecx4param",4.50076027752066,0.127728097195044,0.115007456414325,0.141169325640643
"ecx4param",4.53697601899517,0.126706679511779,0.114012024785861,0.140115196889659
"ecx4param",4.57348317344208,0.125698247515134,0.113043350234823,0.139068003156982
"ecx4param",4.61028408574009,0.124701021966184,0.112060044386387,0.138033704109878
"ecx4param",4.64738111963615,0.123710581301912,0.111087013190529,0.136979044115312
"ecx4param",4.6847766578973,0.122719999942243,0.110120416480236,0.135951480393646
"ecx4param",4.7224731024637,0.121735312932466,0.109160961663215,0.134930228744961
"ecx4param",4.76047287460295,0.120756195891463,0.108236681340114,0.133890255993357
"ecx4param",4.79877841506555,0.119792625630797,0.107280008893928,0.132855356010048
"ecx4param",4.83739218424173,0.118815974147105,0.10633579504183,0.131860233717664
"ecx4param",4.87631666231942,0.11785483082914,0.105400972959727,0.130853240836454
"ecx4param",4.91555434944363,0.116913806185643,0.104520500833998,0.129845535485478
"ecx4param",4.95510776587696,0.115967894610525,0.103624557838452,0.12887052279161
"ecx4param",4.99497945216153,0.115031970327644,0.102700816981955,0.127898491958681
"ecx4param",5.03517196928213,0.114103735602361,0.101807085241922,0.126932509806263
"ecx4param",5.07568789883074,0.113174306083698,0.100910071672857,0.125972316380192
"ecx4param",5.11652984317234,0.112256692912978,0.100013983589428,0.125019161848767
"ecx4param",5.15770042561203,0.1113441815708,0.0991157458668753,0.124089566860967
"ecx4param",5.19920229056357,0.110438874154441,0.098254016998832,0.12316101914135
"ecx4param",5.24103810371923,0.109539298913591,0.0973689098029336,0.122223499138013
"ecx4param",5.28321055222095,0.108648951530504,0.0965221758567286,0.121296016636862
"ecx4param",5.32572234483303,0.107776649074799,0.0956841212014818,0.120368357412402
"ecx4param",5.36857621211604,0.106893611871884,0.0948586356696653,0.119437718289317
"ecx4param",5.41177490660223,0.106013502893101,0.0940211488151286,0.118528574499501
"ecx4param",5.45532120297235,0.105150026399526,0.0931955485740932,0.117616771729564
"ecx4param",5.49921789823382,0.104290520777402,0.0923733511709538,0.116725478219472
"ecx4param",5.54346781190044,0.103435940522339,0.0915681813326035,0.115829060017946
"ecx4param",5.58807378617345,0.102591667984581,0.0907686517567246,0.114938544596549
"ecx4param",5.63303868612409,0.101749357368454,0.0899397229536589,0.114059004131226
"ecx4param",5.67836539987766,0.100920666107869,0.0891447910811406,0.113181976390198
"ecx4param",5.72405683879896,0.100093047654724,0.088374161499352,0.112304724055233
"ecx4param",5.77011593767938,0.0992815231981346,0.0876176023051745,0.111438873905199
"ecx4param",5.8165456549253,0.0984628142995337,0.0868289747931063,0.110579267895516
"ecx4param",5.86334897274819,0.0976541159776049,0.0860627874467974,0.109725346256356
"ecx4param",5.91052889735614,0.0968560381980729,0.085307881549453,0.108889770988922
"ecx4param",5.95808845914694,0.0960704042197147,0.0845296189228655,0.108034664681144
"ecx4param",6.00603071290269,0.0952733192245949,0.0837769269401521,0.107200453987293
"ecx4param",6.05435873798611,0.0944889288895181,0.0830519116535319,0.106380200580201
"ecx4param",6.10307563853822,0.0937138067914308,0.082329751504448,0.105553025973842
"ecx4param",6.15218454367778,0.0929464636008166,0.0816271721332123,0.104744944726644
"ecx4param",6.20168860770229,0.0921830655099803,0.080914570334996,0.103928390364218
"ecx4param",6.25159101029052,0.0914342501184866,0.0802013900455176,0.103142752976875
"ecx4param",6.30189495670683,0.0906833792588427,0.0794996054751674,0.102378660549317
"ecx4param",6.35260367800699,0.0899330688186748,0.0787913997046846,0.101628822779938
"ecx4param",6.40372043124573,0.0891979023422064,0.0781074881393294,0.100831790956226
"ecx4param",6.45524849968593,0.0884725762579704,0.0774186216968354,0.100032102807355
"ecx4param",6.50719119300954,0.0877379571285515,0.0767533053602127,0.0992416689023768
"ecx4param",6.55955184753014,0.0870189427540725,0.0760827402532832,0.0984737104990443
"ecx4param",6.61233382640719,0.0863054073745003,0.0754320809178716,0.0977198145284822
"ecx4param",6.66554051986216,0.0855918324464702,0.0747640850770619,0.0969707077293681
"ecx4param",6.71917534539617,0.0848868013784253,0.0741160613213447,0.0962101590664671
"ecx4param",6.77324174800955,0.0841861033020951,0.0734561627372903,0.0954478827782667
"ecx4param",6.82774320042315,0.0834848640087759,0.0728079966484336,0.0947067806794568
"ecx4param",6.88268320330131,0.0827897382611466,0.0721741595657423,0.0939750163505651
"ecx4param",6.93806528547677,0.0821109784912015,0.0715783792683739,0.0932644725110459
"ecx4param",6.99389300417734,0.0814327665125678,0.0709331482899164,0.0925640603353017
"ecx4param",7.05016994525433,0.0807594338802333,0.0702938943566456,0.091842149062991
"ecx4param",7.1068997234129,0.0800830188966792,0.0696781321107045,0.0911060358460509
"ecx4param",7.16408598244428,0.0794249469552661,0.0690724724727377,0.0904092982559528
"ecx4param",7.2217323954597,0.0787790574916078,0.0684680984492801,0.0897139537945525
"ecx4param",7.27984266512644,0.0781311204894102,0.0678675976465792,0.0890225624489949
"ecx4param",7.33842052390557,0.0774879084428095,0.0672642266360849,0.0883444650963267
"ecx4param",7.39746973429174,0.0768497600556642,0.0666878486561795,0.0876902765855391
"ecx4param",7.4569940890548,0.0762156463935216,0.0661039708251133,0.0870049031737818
"ecx4param",7.51699741148346,0.0755843086209224,0.065517238776502,0.0863198212025907
"ecx4param",7.57748355563082,0.0749598209951534,0.0649332399419848,0.0856372668577668
"ecx4param",7.63845640656197,0.0743402376732862,0.0643478376728909,0.0849747652111277
"ecx4param",7.69991988060346,0.0737171393138246,0.0637732495872777,0.0843170062245469
"ecx4param",7.76187792559492,0.0731070626700917,0.063208524039469,0.0836637609296585
"ecx4param",7.82433452114258,0.0725145136234255,0.0626433866459272,0.0830208368127593
"ecx4param",7.88729367887489,0.0719283600969095,0.0620841647927379,0.0823890720791284
"ecx4param",7.95075944270026,0.0713292078107249,0.0615383834668235,0.0817313244352888
"ecx4param",8.01473588906667,0.0707406808128159,0.0609977186674882,0.0811153188518363
"ecx4param",8.07922712722361,0.0701624438320778,0.0604627592582527,0.0805072882735387
"ecx4param",8.14423729948602,0.0695871655714373,0.0599333594480974,0.0799046152824676
"ecx4param",8.20977058150026,0.0690170705040806,0.0594055587374652,0.0792855236768302
"ecx4param",8.27583118251241,0.0684456641790397,0.0588946945936813,0.078671076697857
"ecx4param",8.34242334563861,0.067881093459601,0.0584099199868299,0.0780723940823528
"ecx4param",8.40955134813756,0.0673119640498379,0.0578991318621457,0.0774803257130164
"ecx4param",8.47721950168529,0.0667532366618059,0.057413979494816,0.0768848080352356
"ecx4param",8.54543215265208,0.0662008028814206,0.0569272743189602,0.0763063277254432
"ecx4param",8.61419368238166,0.0656567687388403,0.0564348299739695,0.0757323875920906
"ecx4param",8.68350850747257,0.0651190276502637,0.055946973806915,0.075159738508772
"ecx4param",8.75338108006193,0.0645889718097085,0.0554638189231968,0.0745831490261183
"ecx4param",8.8238158881113,0.0640534079749893,0.0549851785388543,0.074009734990051
"ecx4param",8.89481745569502,0.0635345332462257,0.0544773332503029,0.0734405753252424
"ecx4param",8.96639034329078,0.0630164149647205,0.0539909770283578,0.0728756298857434
"ecx4param",9.03853914807251,0.0625064379169347,0.0535220400691078,0.0723193659597196
"ecx4param",9.11126850420567,0.061992831231572,0.0530637408888718,0.0717593298217081
"ecx4param",9.18458308314498,0.0614737209363597,0.052610203543213,0.0712073419190101
"ecx4param",9.25848759393434,0.0609716638847109,0.0521667330418734,0.0706544249494349
"ecx4param",9.33298678350939,0.0604727645609934,0.0517120383912682,0.0700974065269054
"ecx4param",9.4080854370024,0.0599807905802987,0.0512633152604773,0.0695688164647982
"ecx4param",9.48378837804958,0.05949210126948,0.0508149112918438,0.0690337630661045
"ecx4param",9.56010046910091,0.059001775221637,0.0503717604118392,0.0685114052335954
"ecx4param",9.63702661173254,0.0585161230680206,0.0499664373868335,0.0679865146503633
"ecx4param",9.71457174696151,0.0580383797698856,0.0495508815998223,0.06746431926371
"ecx4param",9.79274085556316,0.0575646277208881,0.0491271315809505,0.0669463365296599
"ecx4param",9.8715389583911,0.0571012525614565,0.0487170191869056,0.0664395117420757
"ecx4param",9.95097111669961,0.0566371199930708,0.0482983773718715,0.0659342869891638
"ecx4param",10.0310424324688,0.0561803702521526,0.0478996361899566,0.065424074269756
"ecx4param",10.1117580487322,0.055725425344861,0.0474702460790275,0.0649421139791978
"ecx4param",10.1931231499074,0.0552776733059749,0.0470798546048796,0.0644598677637517
"ecx4param",10.2751429621286,0.0548254498295213,0.0466894165438161,0.0639663247212306
"ecx4param",10.3578227535827,0.0543792572140916,0.0462898456051278,0.0634816535749178
"ecx4param",10.4411678348473,0.0539353129386344,0.0458943018639516,0.0629934372084732
"ecx4param",10.5251835592322,0.0534979790869823,0.0455031453522511,0.0625055028826685
"ecx4param",10.609875323123,0.0530643266908997,0.045148523357866,0.0620292993084112
"ecx4param",10.6952485663278,0.0526344305013276,0.0447772539600131,0.0615449486401309
"ecx4param",10.7813087724264,0.0522138828047878,0.0443874730277061,0.0610726284459068
"ecx4param",10.8680614691228,0.0517938821596304,0.0439981307734914,0.0606104955476365
"ecx4param",10.9555122286002,0.0513769592283845,0.0436245252296495,0.0601427712915798
"ecx4param",11.0436666678787,0.0509669952165123,0.0432673128975958,0.0596853005738121
"ecx4param",11.1325304491763,0.0505562441953267,0.0429224787311577,0.0592398452930443
"ecx4param",11.2221092802725,0.0501458133647021,0.0425778561650641,0.0587938302418966
"ecx4param",11.3124089148749,0.0497456614011452,0.042227953075323,0.0583333341031087
"ecx4param",11.4034351529888,0.049345318075615,0.0418843344708545,0.0578762402452521
"ecx4param",11.4951938412897,0.048945726786527,0.0415321604639022,0.0574293498069378
"ecx4param",11.5876908734988,0.0485547642262202,0.0411918556337783,0.0569907705627738
"ecx4param",11.6809321907619,0.048169171193176,0.0408569195190248,0.0565557960261973
"ecx4param",11.7749237820303,0.0477838087349562,0.0405122497339378,0.0561241041537199
"ecx4param",11.8696716844462,0.0474099952122327,0.0401935719825898,0.0557084534243423
"ecx4param",11.9651819837302,0.047028327395618,0.0398647932344372,0.0552985980818004
"ecx4param",12.0614608145718,0.0466551762978282,0.0395371037509222,0.0548761817328493
"ecx4param",12.1585143610242,0.0462848356538493,0.0392110197649736,0.0544709592948595
"ecx4param",12.2563488569009,0.0459202712956095,0.0388932838756793,0.0540691176785195
"ecx4param",12.3549705861763,0.045559489427103,0.0385761569488434,0.053670757978245
"ecx4param",12.4543858833893,0.0451984283749772,0.0382622510110027,0.0532700825388507
"ecx4param",12.5546011340502,0.0448399223435103,0.0379591221004899,0.0528814926089325
"ecx4param",12.655622775051,0.0444895304340765,0.0376496192018431,0.0524963494780302
"ecx4param",12.7574572950785,0.0441374947923313,0.037339681455456,0.0520951050546883
"ecx4param",12.8601112350314,0.0437968665103476,0.037027034451929,0.0516972938279708
"ecx4param",12.96359118844,0.04345005921121,0.0367260946651798,0.0513119946638309
"ecx4param",13.0679038018904,0.0431090370772747,0.0364236720511478,0.0509292372556017
"ecx4param",13.1730557754507,0.0427808793586957,0.0361300338670735,0.0505221849047438
"ecx4param",13.2790538631017,0.0424522847149599,0.0358275298435308,0.0501477305226117
"ecx4param",13.3859048731709,0.0421185029431809,0.0355379255475771,0.0497763831420963
"ecx4param",13.4936156687692,0.0417951878937945,0.035245657137901,0.0494074909806746
"ecx4param",13.6021931682324,0.0414665575995419,0.0349602830823234,0.0490257614113282
"ecx4param",13.7116443455652,0.0411473486938296,0.0346795861524169,0.0486719884234295
"ecx4param",13.821976230889,0.04082357616129,0.0343983244066936,0.0483211042602979
"ecx4param",13.9331959108939,0.0405143168280737,0.0341429424501548,0.047976234450427
"ecx4param",14.0453105292936,0.0402074258291876,0.0338779974828818,0.0476329491693508
"ecx4param",14.1583272872842,0.0398929554623858,0.0336009464593892,0.0472810008064012
"ecx4param",14.2722534440068,0.0395844347044003,0.0333370452956349,0.046932586247842
"ecx4param",14.3870963170139,0.0392809434438975,0.0330916802135549,0.0465813783730367
"ecx4param",14.5028632827393,0.0389852966130863,0.0328324084942857,0.04623357756111
"ecx4param",14.6195617769718,0.0386832292034913,0.0325750039109922,0.0458900807324442
"ecx4param",14.7371992953328,0.0383806493389521,0.0323326871561861,0.0455542499483407
"ecx4param",14.8557833937581,0.0380899130163123,0.0320745526522232,0.0452202496551946
"ecx4param",14.9753216889827,0.0377999960227703,0.0318232269747056,0.0448912493302478
"ecx4param",15.0958218590306,0.0375133040586356,0.0315723226365858,0.0445639821466126
"ecx4param",15.2172916437073,0.0372286095621458,0.0313335247645288,0.044243746555608
"ecx4param",15.3397388450975,0.0369487516849386,0.0310989958815324,0.043917676934838
"ecx4param",15.4631713280661,0.0366662542668421,0.0308543746117765,0.0435943196306006
"ecx4param",15.587597020763,0.0363863710459492,0.0306091117652221,0.0432822213801782
"ecx4param",15.7130239151329,0.036111839505362,0.0303772096164535,0.0429772555864129
"ecx4param",15.8394600674282,0.0358423378017158,0.0301442842791817,0.0426625524929415
"ecx4param",15.9669135987267,0.0355755673363254,0.0299142818949579,0.0423572795218616
"ecx4param",16.0953926954529,0.0353062614891574,0.0296905119886657,0.042051546655246
"ecx4param",16.2249056099044,0.0350460904673272,0.0294615019309687,0.0417563621535776
"ecx4param",16.3554606607814,0.0347869195114503,0.0292340274308735,0.0414550724576001
"ecx4param",16.4870662337211,0.0345306258421883,0.029009137601196,0.0411646175773562
"ecx4param",16.6197307818366,0.0342730690572982,0.0287867788655575,0.0408676148250777
"ecx4param",16.7534628262597,0.0340174442335643,0.028566403689304,0.0405802204791809
"ecx4param",16.888270956688,0.0337661010408479,0.0283473961020803,0.0402898564325847
"ecx4param",17.0241638319371,0.0335162858244434,0.0281324736634319,0.0400068210022762
"ecx4param",17.1611501804961,0.0332709949386501,0.0279188748282887,0.0397209897525185
"ecx4param",17.299238801089,0.0330290939773359,0.0277145264900555,0.0394417202829815
"ecx4param",17.4384385632392,0.0327865619457166,0.0275077425032094,0.0391580665406128
"ecx4param",17.5787584078396,0.0325471096948979,0.0273086901416318,0.0388750148501607
"ecx4param",17.7202073477267,0.032309366046456,0.027107757831075,0.0386050489810357
"ecx4param",17.8627944682595,0.0320737202417837,0.0269160108944812,0.0383415969832211
"ecx4param",18.0065289279031,0.0318394151795336,0.0267166450086751,0.0380719920556859
"ecx4param",18.151419958817,0.0316094214937355,0.0265173997445327,0.0378083751439562
"ecx4param",18.297476867448,0.0313842759474408,0.0263244114536736,0.0375448713210245
"ecx4param",18.444709035128,0.0311627763362323,0.0261252499720498,0.0372845461205339
"ecx4param",18.5931259186765,0.0309413231580602,0.0259345914768941,0.037027674195235
"ecx4param",18.7427370510083,0.0307214517920278,0.0257434053204414,0.0367709789206228
"ecx4param",18.8935520417454,0.0305019038273062,0.0255616746314707,0.0365110221415401
"ecx4param",19.0455805778344,0.030284099526163,0.0253818683878889,0.0362608268246844
"ecx4param",19.1988324241689,0.0300703925447177,0.0252040319036922,0.0360213108220325
"ecx4param",19.3533174242163,0.0298576336729999,0.0250285108102541,0.0357832161539605
"ecx4param",19.5090455006505,0.0296503974713085,0.0248547082143756,0.0355380286245773
"ecx4param",19.6660266559888,0.0294450048603286,0.0246796163335891,0.0352866696242878
"ecx4param",19.8242709732348,0.0292408651990343,0.0244983566390772,0.0350467429029171
"ecx4param",19.9837886165257,0.0290369158531783,0.0243197034013972,0.0348071752454798
"ecx4param",20.1445898317852,0.0288328949437788,0.0241434250704434,0.0345627847780513
"ecx4param",20.306684947382,0.0286325871222946,0.0239726743928436,0.0343238603107526
"ecx4param",20.4700843747925,0.0284363487414182,0.0238029976642489,0.0340866297607697
"ecx4param",20.6347986092701,0.0282423008747778,0.0236337179194287,0.0338524581323348
"ecx4param",20.800838230519,0.0280492877466056,0.0234652796835573,0.0336199978709492
"ecx4param",20.9682139033741,0.0278544410257465,0.0233129802617466,0.0333922557781243
"ecx4param",21.1369363784857,0.027661667006361,0.023149350111058,0.0331678531076668
"ecx4param",21.3070164930098,0.0274723669832624,0.0229798047238284,0.0329456129151258
"ecx4param",21.4784651713049,0.0272856077054321,0.0228149484686288,0.0327220758352049
"ecx4param",21.651293425633,0.0270971136945627,0.0226608590414067,0.0325046121977672
"ecx4param",21.8255123568674,0.0269099982463725,0.0224958631117347,0.0322969481243124
"ecx4param",22.0011331552051,0.0267268673526743,0.0223353974095124,0.0320846801068097
"ecx4param",22.1781671008864,0.0265525434863635,0.0221834202573831,0.0318771944642671
"ecx4param",22.3566255649188,0.0263748414910556,0.0220336877620751,0.0316670669363943
"ecx4param",22.5365200098075,0.0261961423485498,0.0218854118211323,0.031475346653743
"ecx4param",22.7178619902917,0.0260188991509536,0.0217293623001168,0.0312684172329644
"ecx4param",22.9006631540869,0.0258434260201547,0.0215942490284988,0.0310713357782824
"ecx4param",23.0849352426328,0.0256706074455085,0.0214481857320128,0.0308816217461898
"ecx4param",23.2706900918477,0.0255059199754998,0.0212961457687243,0.0306707392129502
"ecx4param",23.4579396328883,0.0253366287038497,0.021157166596017,0.0304733469816783
"ecx4param",23.6466958929168,0.0251706431558554,0.021012648790276,0.0302764917867113
"ecx4param",23.8369709958725,0.0250061299870414,0.0208695561853341,0.030077586566122
"ecx4param",24.0287771632513,0.0248391622661439,0.02072468869263,0.0298897702917104
"ecx4param",24.2221267148902,0.0246779263857991,0.0205902878521773,0.0297019172636792
"ecx4param",24.417032069759,0.0245189974800923,0.0204546223692717,0.0295024394124214
"ecx4param",24.6135057467575,0.024361610539308,0.0203167651063501,0.0293219153994275
"ecx4param",24.81156036552,0.0242080164684248,0.0201836682486505,0.0291453543466324
"ecx4param",25.0112086472259,0.0240548733896827,0.0200529823274361,0.0289654741721732
"ecx4param",25.2124634154163,0.0238971293976609,0.0199140183572143,0.0287908200385689
"ecx4param",25.4153375968182,0.0237481873793531,0.0197822779208587,0.0286146778550404
"ecx4param",25.6198442221746,0.0235963153537364,0.0196633139664434,0.0284416739005244
"ecx4param",25.8259964270813,0.0234465711227175,0.0195393637028317,0.0282700649099723
"ecx4param",26.033807452831,0.0233013054879213,0.0194196595921646,0.0280948787672655
"ecx4param",26.2432906472632,0.0231546553985658,0.0192955492453569,0.0279286896497338
"ecx4param",26.4544594656224,0.0230133492908187,0.0191724810803086,0.0277639932262829
"ecx4param",26.6673274714213,0.0228735386751385,0.0190484657638331,0.0275977794341735
"ecx4param",26.8819083373129,0.0227321339977617,0.0189256875946582,0.0274350875351227
"ecx4param",27.0982158459683,0.0225908550951651,0.0188021977881304,0.0272731879688678
"ecx4param",27.3162638909619,0.0224532990594022,0.0186818042012641,0.0271159290677237
"ecx4param",27.5360664776639,0.0223139959680984,0.0185645048950289,0.0269583575962015
"ecx4param",27.7576377241399,0.0221721446318544,0.0184457358518678,0.0267987924168215
"ecx4param",27.9809918620578,0.0220389154801102,0.0183428892057927,0.0266387900191115
"ecx4param",28.2061432376016,0.0219110988554573,0.0182253087901782,0.0264812397753212
"ecx4param",28.4331063123932,0.0217804962477807,0.0181146832866718,0.0263381643661373
"ecx4param",28.6618956644211,0.0216484435911652,0.0180055930958236,0.0261799010751917
"ecx4param",28.8925259889768,0.0215167623756025,0.0178945078684003,0.0260189206076079
"ecx4param",29.1250120995988,0.0213863230183258,0.0177890141414914,0.0258761990327361
"ecx4param",29.3593689290236,0.0212594792404817,0.0176780503409161,0.0257204783310656
"ecx4param",29.5956115301457,0.0211364521953871,0.0175709358311771,0.0255669389432667
"ecx4param",29.8337550769836,0.0210128145999067,0.0174587653702379,0.0254158876608687
"ecx4param",30.0738148656549,0.0208881248241584,0.0173510293630927,0.0252751765640673
"ecx4param",30.3158063153588,0.0207648096841678,0.0172504707392395,0.0251370574069609
"ecx4param",30.5597449693662,0.0206459491379942,0.0171375154174249,0.0249955054809505
"ecx4param",30.8056464960183,0.0205264499578038,0.017028996311065,0.0248593023630177
"ecx4param",31.0535266897329,0.0204039152071337,0.0169259496091854,0.0247148601287398
"ecx4param",31.303401472019,0.020287421200405,0.0168239709030184,0.0245720504093562
"ecx4param",31.5552868924991,0.0201746036314107,0.0167207319655741,0.0244449349324598
"ecx4param",31.8091991299405,0.0200603238290912,0.0166300184593347,0.0243151082758585
"ecx4param",32.0651544932943,0.0199488063868802,0.0165321078983937,0.0241798902577663
"ecx4param",32.3231694227429,0.0198346001651974,0.0164350765397631,0.0240445317852216
"ecx4param",32.5832604907559,0.0197220417060005,0.0163298032156816,0.0239055998020601
"ecx4param",32.8454444031548,0.0196103018903474,0.0162293122553267,0.0237827781055853
"ecx4param",33.1097380001858,0.0195017826216545,0.0161221495738324,0.0236547817997977
"ecx4param",33.3761582576015,0.0193918858099517,0.0160325376673075,0.0235273830846307
"ecx4param",33.6447222877514,0.0192831325164935,0.015938808837785,0.0234084460368031
"ecx4param",33.915447340681,0.0191784402839347,0.0158458806461021,0.0232963909227345
"ecx4param",34.1883508052395,0.0190733604558805,0.0157578220262261,0.0231800704276479
"ecx4param",34.463450210197,0.0189711266658182,0.0156747888017244,0.0230628447235685
"ecx4param",34.7407632253705,0.0188682451269848,0.0155895173630461,0.0229388079684964
"ecx4param",35.0203076627583,0.0187690880275705,0.0155041700354489,0.0228121205408028
"ecx4param",35.3021014776849,0.0186664808762941,0.0154125599748601,0.0226858415469434
"ecx4param",35.5861627699533,0.0185696827194862,0.0153211057923946,0.0225649095586069
"ecx4param",35.8725097850083,0.018467826589332,0.0152361446913145,0.0224568671186456
"ecx4param",36.1611609151084,0.0183699358954713,0.0151554642304549,0.0223564493431683
"ecx4param",36.4521347005065,0.018275983032887,0.0150755561151538,0.0222404979934409
"ecx4param",36.7454498306416,0.0181775907507198,0.0149963312542675,0.0221247085684733
"ecx4param",37.0411251453384,0.018083910864657,0.0149094671225847,0.0220153267030113
"ecx4param",37.3391796360183,0.0179903698054612,0.014829736448733,0.0219196192573709
"ecx4param",37.6396324469184,0.0178976866998078,0.0147459609167558,0.0218135059936356
"ecx4param",37.9425028763215,0.0178052091704223,0.0146704489988572,0.021699135391626
"ecx4param",38.2478103777958,0.0177155285735581,0.014592589154582,0.0215957454789861
"ecx4param",38.5555745614443,0.0176241206865616,0.0145048117444052,0.0214846171313637
"ecx4param",38.8658151951639,0.0175348210476288,0.0144223930805546,0.0213870580832067
"ecx4param",39.1785522059162,0.0174437289545405,0.0143536457223523,0.0212849105245454
"ecx4param",39.4938056810061,0.0173574310875688,0.0142776710461677,0.021187877513707
"ecx4param",39.8115958693731,0.0172709391141368,0.0142086149106765,0.0210909274637657
"ecx4param",40.1319431828912,0.0171861579314302,0.0141324550568298,0.0209894469006909
"ecx4param",40.4548681976805,0.017106848203767,0.0140555142006331,0.0208943605914138
"ecx4param",40.7803916554284,0.0170219193279741,0.0139762120226237,0.0208047999537626
"ecx4param",41.1085344647219,0.0169373186734727,0.0138945838167764,0.0207126682832376
"ecx4param",41.4393177023909,0.0168512939963499,0.013828081359611,0.0206203432319349
"ecx4param",41.7727626148617,0.0167695645507144,0.0137482137381953,0.0205289975082868
"ecx4param",42.1088906195217,0.016690446354868,0.013671533302738,0.0204351954615903
"ecx4param",42.4477233060951,0.0166109738227871,0.01361814755008,0.0203488279602164
"ecx4param",42.7892824380295,0.0165309939072639,0.0135464961924215,0.0202447011555631
"ecx4param",43.1335899538942,0.0164496386510536,0.0134736422889337,0.0201624383842231
"ecx4param",43.4806679687887,0.0163708428321944,0.01339983042516,0.0200816621586727
"ecx4param",43.8305387757636,0.0162925929495672,0.0133302162208923,0.019998526019254
"ecx4param",44.1832248472524,0.0162199536785076,0.0132602960346348,0.0199125826317103
"ecx4param",44.5387488365149,0.0161418373446892,0.0131917917809984,0.0198292710715603
"ecx4param",44.8971335790922,0.0160711329548794,0.0131279967980017,0.0197457566957625
"ecx4param",45.2584020942735,0.0159975673231503,0.0130611599046594,0.0196627060279135
"ecx4param",45.6225775865747,0.0159235067100777,0.0129946000065252,0.0195772702491741
"ecx4param",45.9896834472286,0.0158534289357466,0.0129276792393126,0.0194991435728547
"ecx4param",46.3597432556877,0.0157815938357947,0.012858284382388,0.0194189515515155
"ecx4param",46.7327807811383,0.0157110472673142,0.0127932996368352,0.0193349480851994
"ecx4param",47.1088199840276,0.0156404117152398,0.0127291699950316,0.0192602501208546
"ecx4param",47.4878850176025,0.015570930830599,0.012662171638217,0.0191768677268646
"ecx4param",47.8700002294609,0.0155039683327162,0.0126018519125971,0.019104700134382
"ecx4param",48.2551901631159,0.0154355281428775,0.0125423594056616,0.0190255903998444
"ecx4param",48.6434795595717,0.0153714735296007,0.0124802264679429,0.0189488903735215
"ecx4param",49.0348933589133,0.0153065564999994,0.0124249949357086,0.0188661128218412
"ecx4param",49.4294567019081,0.0152369182967558,0.0123666746191216,0.0187842292186638
"ecx4param",49.8271949316206,0.0151726397623196,0.0123009639231209,0.0187053648086638
"ecx4param",50.2281335950408,0.0151079762361199,0.012240120908084,0.0186468330437666
"ecx4param",50.6322984447242,0.0150427435500518,0.0121800757508747,0.0185659809510851
"ecx4param",51.0397154404467,0.0149807684322965,0.012124083180313,0.0185103780200366
"ecx4param",51.4504107508715,0.0149164102663203,0.0120653837397184,0.0184376899420065
"ecx4param",51.8644107552302,0.0148527885961351,0.0120131652605465,0.0183638574428751
"ecx4param",52.281742045017,0.0147918030334054,0.0119558654076524,0.0183003968161754
"ecx4param",52.7024314256971,0.0147313347247512,0.0118990547601732,0.018241251115268
"ecx4param",53.1265059184276,0.014667120005656,0.0118428646323959,0.018173447321383
"ecx4param",53.5539927617939,0.0146058919501363,0.0117902238944114,0.0181178743852579
"ecx4param",53.9849194135589,0.0145453072394797,0.011737430413896,0.0180534318922316
"ecx4param",54.4193135524267,0.0144865595143659,0.0116775616496483,0.017981031348371
"ecx4param",54.8572030798202,0.0144253770213362,0.0116270315244042,0.0179204776503903
"ecx4param",55.2986161216736,0.0143711181183028,0.0115701745558902,0.0178477413336312
"ecx4param",55.7435810302388,0.0143162055778049,0.0115176406048974,0.0177852892801338
"ecx4param",56.1921263859063,0.0142598793808404,0.0114735664789271,0.017725319325653
"ecx4param",56.6442809990412,0.0142020901582246,0.011423050406908,0.0176641674323467
"ecx4param",57.1000739118335,0.0141471180972063,0.0113704824293499,0.0176005059126076
"ecx4param",57.5595344001635,0.014091279865847,0.0113160065037678,0.0175444556663
"ecx4param",58.0226919754827,0.014036067516459,0.0112661247854261,0.0174768807621425
"ecx4param",58.4895763867087,0.0139820320421972,0.0112174626768114,0.0174268310715241
"ecx4param",58.9602176221361,0.0139295678782113,0.0111678478564093,0.0173733943381759
"ecx4param",59.4346459113629,0.0138774995405032,0.0111222783059242,0.0173065583838785
"ecx4param",59.9128917272322,0.0138289888333549,0.0110795853158477,0.0172443014424675
"ecx4param",60.3949857877892,0.0137777421316651,0.0110353369202813,0.0171933852648565
"ecx4param",60.8809590582546,0.0137264486575319,0.0109857970121525,0.0171310857624525
"ecx4param",61.3708427530131,0.01367614144853,0.0109307600284217,0.0170760464475098
"ecx4param",61.8646683376187,0.0136262435314947,0.0108911990980803,0.017021695287084
"ecx4param",62.3624675308154,0.013574847511685,0.0108438566344005,0.0169691452498592
"ecx4param",62.8642723065749,0.0135264957722619,0.0107979001466973,0.0169157379043529
"ecx4param",63.37011489615,0.0134761240994505,0.0107506013972623,0.0168700549374088
"ecx4param",63.8800277901452,0.0134268223943464,0.0107046309677428,0.0168166973719524
"ecx4param",64.394043740603,0.0133802945453895,0.0106547837490282,0.0167698857133124
"ecx4param",64.9121957631082,0.0133346117588297,0.0106116408346211,0.0167220353352437
"ecx4param",65.434517138908,0.013289144886274,0.0105679802123103,0.0166733345550926
"ecx4param",65.9610414170501,0.0132414624917104,0.0105224573534282,0.0166204639136583
"ecx4param",66.4918024165373,0.0131954055753148,0.0104801161621489,0.0165829525454332
"ecx4param",67.0268342285,0.0131464233874243,0.0104343014932397,0.0165492884457696
"ecx4param",67.5661712183855,0.0131009546001468,0.0103884053186741,0.0164992551559736
"ecx4param",68.1098480281657,0.0130566508784143,0.010341153737252,0.0164463694509661
"ecx4param",68.6578995785618,0.0130136417616525,0.0102998719074299,0.0164004729459383
"ecx4param",69.2103610712876,0.0129711496171483,0.0102614224875056,0.0163586532268125
"ecx4param",69.7672679913105,0.0129274620322232,0.010214820020618,0.0163205955048705
"ecx4param",70.3286561091304,0.0128851504642459,0.0101742229988603,0.0162762947927937
"ecx4param",70.8945614830778,0.0128424947657541,0.0101355905185353,0.0162356747786685
"ecx4param",71.4650204616294,0.0128017971978606,0.0100881387179788,0.0161874779893909
"ecx4param",72.0400696857429,0.0127592883827782,0.0100483552614107,0.0161397674275708
"ecx4param",72.6197460912106,0.0127195273249208,0.0100040584926702,0.0160903484898661
"ecx4param",73.2040869110316,0.0126794544307552,0.00995291489216115,0.0160486915970638
"ecx4param",73.7931296778033,0.012638699858584,0.0099105163762162,0.0160112470615469
"ecx4param",74.3869122261328,0.0125976663103168,0.0098689312612338,0.0159671750530061
"ecx4param",74.9854726950661,0.0125592408812122,0.00982785811479464,0.015929070127415
"ecx4param",75.5888495305381,0.0125215053477837,0.00979003267006469,0.0158921694932131
"ecx4param",76.1970814878424,0.0124818354908799,0.00975037266015436,0.015852653532453
"ecx4param",76.8102076341201,0.0124448239923634,0.00970980898958966,0.0158128994999707
"ecx4param",77.4282673508693,0.0124091523532772,0.00967598051528731,0.0157707313867639
"ecx4param",78.0513003364748,0.0123748392013981,0.00964258436217224,0.0157291040107583
"ecx4param",78.6793466087576,0.0123380302082367,0.0096034406516909,0.0156880932499348
"ecx4param",79.3124465075454,0.0123019597533857,0.00956942006580137,0.0156570241646951
"ecx4param",79.9506406972636,0.0122646251240132,0.00953258268388879,0.0156250631872051
"ecx4param",80.5939701695475,0.0122267780371103,0.00949352617798764,0.0155832086132368
"ecx4param",81.2424762458747,0.0121909030799545,0.00945084589076156,0.0155399365354878
"ecx4param",81.89620058022,0.0121584017475715,0.00941368783598474,0.015505088184851
"ecx4param",82.5551851617299,0.012124193774138,0.00937691772391285,0.0154700665593956
"ecx4param",83.2194723174201,0.0120902752749835,0.00934086529087312,0.0154391754571449
"ecx4param",83.8891047148943,0.0120551856270724,0.009310317250772,0.0154074582926618
"ecx4param",84.5641253650847,0.0120247165854735,0.00927916148020406,0.0153798947785337
"ecx4param",85.2445776250141,0.0119935276199379,0.00924796272890757,0.0153514448367851
"ecx4param",85.9305052005819,0.0119604117265437,0.00921541252109505,0.0153120458210077
"ecx4param",86.62195214937,0.011927411577716,0.00918758367311432,0.0152718201178508
"ecx4param",87.3189628834737,0.0118956912141837,0.00915376111996806,0.0152333097683187
"ecx4param",88.0215821723536,0.0118646290151763,0.00912228670637594,0.0152027862666065
"ecx4param",88.7298551457117,0.0118345626801034,0.00908780176207936,0.015175334173445
"ecx4param",89.4438272963896,0.01180335965534,0.00905999777756411,0.015139162004961
"ecx4param",90.1635444832915,0.0117752754760195,0.00902675671731202,0.0151039994842287
"ecx4param",90.8890529343285,0.0117443060387374,0.008995739596069,0.0150736862984468
"ecx4param",91.6203992493884,0.0117152128240956,0.00896717129259586,0.0150392670850792
"ecx4param",92.3576304033292,0.01168561984891,0.00893915629480427,0.0150121318467056
"ecx4param",93.1007937489958,0.0116566396838261,0.0089130456344097,0.0149824605018087
"ecx4param",93.8499370202616,0.0116269043067085,0.008886570486288,0.0149530876989347
"ecx4param",94.605108335095,0.0115959563838733,0.00885339547381434,0.0149306731264615
"ecx4param",95.3663561986491,0.0115670887666167,0.00881946907581042,0.0149103304156625
"ecx4param",96.1337295063782,0.0115398477732251,0.00878749750130396,0.0148904650085627
"ecx4param",96.9072775471775,0.0115106291032328,0.00875778188567564,0.0148715376357123
"ecx4param",97.6870500065498,0.0114810031221416,0.00873066633198049,0.0148509404604405
"ecx4param",98.473096969796,0.0114536654167505,0.00870657226142156,0.0148315308898562
"ecx4param",99.2654689252332,0.0114267064767938,0.00867593112927477,0.014806013931542
"ecx4param",100.064216767436,0.0114005940998392,0.00864766651747843,0.0147830519197299
"ecx4param",100.869391800508,0.0113747291503096,0.00862194255944072,0.0147634644141816
"ecx4param",101.681045741373,0.0113485603181692,0.00859671784282628,0.0147439361448385
"ecx4param",102.499230723101,0.0113212760490716,0.00857384966117473,0.0147245066724148
"ecx4param",103.323999298256,0.0112951862946706,0.00854662397539904,0.0146978077963462
"ecx4param",104.155404442268,0.0112698302459654,0.00852307195785303,0.0146739004833496
"ecx4param",104.993499556841,0.0112441956744009,0.00849762960161819,0.0146512121064395
"ecx4param",105.838338473379,0.0112166359747518,0.00847134438547202,0.0146312097378702
"ecx4param",106.689975456443,0.0111912938427084,0.008443377470628,0.0146083478663085
"ecx4param",107.548465207242,0.011165259689118,0.00841956969094466,0.0145897469393068
"ecx4param",108.413862867139,0.0111400700249055,0.00839089134768261,0.0145724057694082
"ecx4param",109.2862240212,0.0111164484568262,0.0083689766722088,0.0145537995516114
"ecx4param",110.165604701759,0.0110946375056038,0.00835228130739914,0.014530000455781
"ecx4param",111.052061392018,0.0110703920948779,0.00833234874052039,0.0145032079988709
"ecx4param",111.945651029678,0.0110482211469922,0.00830744155504081,0.0144754914902518
"ecx4param",112.846431010593,0.0110257310055382,0.00828183424056977,0.0144501190079571
"ecx4param",113.754459192457,0.0110033057383371,0.00825462997271628,0.0144241589905291
"ecx4param",114.66979389852,0.0109798729300379,0.00823001107636974,0.014404561636074
"ecx4param",115.592493921338,0.0109553476505604,0.00820589998017072,0.0143902364333851
"ecx4param",116.522618526542,0.0109336407877128,0.00818437549390518,0.0143625028646591
"ecx4param",117.460227456653,0.0109108503613601,0.00816115654285778,0.0143410462998104
"ecx4param",118.405380934911,0.0108882300902318,0.00813765067662134,0.0143256981647987
"ecx4param",119.358139669152,0.0108662880812636,0.008112450542289,0.0143065557428518
"ecx4param",120.318564855698,0.0108441284581062,0.00808895379496586,0.0142900281280713
"ecx4param",121.286718183295,0.0108203995638826,0.00806730011054071,0.014277626615683
"ecx4param",122.262661837072,0.0108007999088067,0.00804431920415749,0.0142595567112369
"ecx4param",123.246458502536,0.0107826295351003,0.00802156904508721,0.0142445339398024
"ecx4param",124.238171369597,0.0107621572292693,0.00799904733147669,0.0142210139584633
"ecx4param",125.237864136631,0.0107412258233923,0.00797920008157099,0.0142005644917402
"ecx4param",126.245601014563,0.0107201089051887,0.00796118271561573,0.0141849247251876
"ecx4param",127.261446731002,0.0107001126916613,0.00793407298336068,0.0141670547233772
"ecx4param",128.28546653439,0.0106795984612313,0.00791482453657806,0.0141524664428986
"ecx4param",129.317726198196,0.0106605163512413,0.00789783407772372,0.0141371768975643
"ecx4param",130.358292025143,0.0106394433904674,0.00788014652676206,0.0141221169385789
"ecx4param",131.407230851461,0.0106192447719475,0.00786264122653718,0.0141050995388166
"ecx4param",132.464610051185,0.010602424938786,0.00784517654938257,0.0140896728935256
"ecx4param",133.530497540483,0.0105830808035557,0.00782789929083685,0.0140697760343294
"ecx4param",134.604961782011,0.010563744700768,0.00780880845149198,0.0140514967319439
"ecx4param",135.688071789321,0.0105422357802387,0.00778827631846134,0.0140398986072993
"ecx4param",136.779897131284,0.01052411408329,0.00777155147328244,0.0140259207309935
"ecx4param",137.880507936565,0.0105082862587715,0.00774923225437111,0.0140063714978225
"ecx4param",138.989974898123,0.0104875290537587,0.00773385611489222,0.0139863943845862
"ecx4param",140.108369277757,0.010469313257757,0.00771265256029332,0.0139700896697867
"ecx4param",141.235762910678,0.0104502049316192,0.00769050515513782,0.0139522025577093
"ecx4param",142.372228210124,0.0104310329785174,0.00767561587076032,0.0139381878716065
"ecx4param",143.517838172014,0.0104134241656328,0.00766150990468261,0.0139215251816121
"ecx4param",144.672666379635,0.0103972005150793,0.00764188465555828,0.013903889043623
"ecx4param",145.836787008366,0.0103782938904809,0.00762124816136482,0.0138894769220524
"ecx4param",147.010274830445,0.0103613397573729,0.007602283548045,0.0138712143960694
"ecx4param",148.193205219772,0.010345145533926,0.00758367492910527,0.0138582223096725
"ecx4param",149.385654156749,0.0103276639135241,0.0075687647852747,0.0138465672635269
"ecx4param",150.587698233161,0.0103121608709628,0.00754993671261713,0.0138341409781197
"ecx4param",151.799414657093,0.0102958882289894,0.00752977606981636,0.0138217985495635
"ecx4param",153.020881257894,0.01028179896786,0.00751523494836135,0.0138095888462064
"ecx4param",154.252176491172,0.0102659024913534,0.00750098710605901,0.0137975104453921
"ecx4param",155.493379443834,0.0102487671943615,0.00748112848070318,0.0137855037505185
"ecx4param",156.744569839169,0.010234046370858,0.00746125844432022,0.0137734698327541
"ecx4param",158.005828041962,0.0102174890673575,0.00744612825263092,0.0137615647455738
"ecx4param",159.277235063663,0.0102012831492557,0.00742631026089813,0.0137483396495143
"ecx4param",160.558872567587,0.0101868457573083,0.00740630634558327,0.0137357827098655
"ecx4param",161.850822874158,0.0101734723407281,0.0073917983651942,0.0137242551451915
"ecx4param",163.1531689662,0.0101590138217029,0.00737752625932194,0.0137121249351462
"ecx4param",164.465994494265,0.0101447061094812,0.00736031687183812,0.0137015067918912
"ecx4param",165.789383782004,0.0101319538824129,0.00734009101164509,0.0136909173201294
"ecx4param",167.123421831588,0.0101179892916072,0.00732015754583908,0.0136793473313163
"ecx4param",168.468194329163,0.0101037713534002,0.00730835740367504,0.0136684274785348
"ecx4param",169.823787650357,0.0100878879119489,0.00729670981915219,0.0136525664034844
"ecx4param",171.190288865826,0.0100736094893204,0.00728434635971605,0.0136349283151537
"ecx4param",172.567785746848,0.010059434488175,0.00727050878556551,0.0136246088957899
"ecx4param",173.956366770959,0.0100441600668324,0.00725302777550164,0.0136123048565634
"ecx4param",175.356121127636,0.0100309895739326,0.00723890254428934,0.0136039897001337
"ecx4param",176.76713872403,0.0100182007953696,0.00722146496794225,0.0135923809645821
"ecx4param",178.189510190734,0.0100045471143579,0.00720765099968962,0.0135827922294042
"ecx4param",179.623326887608,0.00999250687581649,0.00719615046761121,0.0135733013156764
"ecx4param",181.068680909648,0.00998037311487332,0.00718131314627166,0.013563751451085
"ecx4param",182.5256650929,0.00996857165032355,0.00716438815142171,0.0135549903586817
"ecx4param",183.994373020421,0.00995572504603398,0.00714953941725244,0.013547910293144
"ecx4param",185.474899028295,0.00994318806475347,0.00713433968949764,0.0135409091692792
"ecx4param",186.967338211685,0.0099317708410735,0.00712368563311659,0.0135322165241488
"ecx4param",188.471786430949,0.00992222189091713,0.00711319983892941,0.0135226534351074
"ecx4param",189.988340317792,0.00991021415356863,0.00709898992927628,0.0135111973598547
"ecx4param",191.517097281474,0.00989639007358212,0.0070816634751055,0.0135006587532721
"ecx4param",193.058155515065,0.0098846878062222,0.00706455472212399,0.0134920548237032
"ecx4param",194.611614001757,0.00987254141012905,0.00705399745186957,0.0134835436851166
"ecx4param",196.177572521216,0.00986176521734194,0.00704436212118054,0.0134751474959959
"ecx4param",197.756131655994,0.00985060747854744,0.00703482923493363,0.0134674495421441
"ecx4param",199.347392797989,0.00983903762819427,0.00702539770662161,0.0134598368370586
"ecx4param",200.951458154957,0.00982881572965805,0.00701425356811918,0.0134523084385535
"ecx4param",202.568430757078,0.00981741654043217,0.00699496004163987,0.0134448634148142
"ecx4param",204.198414463573,0.00980670101728337,0.00698060030223075,0.0134375008442846
"ecx4param",205.841513969372,0.00979728372116939,0.00696868446646305,0.0134302198155553
"ecx4param",207.497834811846,0.00978617422677114,0.00695326465209868,0.0134218932984562
"ecx4param",209.167483377579,0.00977686295095226,0.00693799035247717,0.0134119787014932
"ecx4param",210.850566909201,0.00976534522896139,0.00692304533297292,0.0134029314192063
"ecx4param",212.547193512284,0.00975513133818662,0.00691172232381795,0.0133953374083371
"ecx4param",214.257472162275,0.0097453952806531,0.00690052856152368,0.013387825267895
"ecx4param",215.981512711506,0.0097356606388499,0.00688944961234859,0.0133803941169817
"ecx4param",217.71942589624,0.0097258675381276,0.00687848430229413,0.01337304308414
"ecx4param",219.471323343794,0.00971630701648452,0.0068676314692915,0.0133657713072533
"ecx4param",221.237317579698,0.00970702254681699,0.00685688996308233,0.013359456667188
"ecx4param",223.017522034931,0.00969750926677154,0.00684625864510096,0.0133522856375815
"ecx4param",224.812051053205,0.00968851500318363,0.00683523183780065,0.0133433522643956
"ecx4param",226.621019898305,0.00967987208820731,0.00682302608167365,0.0133327651641049
"ecx4param",228.444544761497,0.00967058806919147,0.0068109409661753,0.0133222771857731
"ecx4param",230.28274276899,0.00965922789525098,0.00679988345050956,0.0133162056867224
"ecx4param",232.13573198946,0.00965166692680175,0.00678960486070374,0.0133106303221826
"ecx4param",234.003631441629,0.00964295144685806,0.0067771990330144,0.0133050265588392
"ecx4param",235.886561101917,0.00963277430662357,0.006763633191508,0.0132930152488005
"ecx4param",237.784641912141,0.00962392967999032,0.00675207989052961,0.0132805395411908
"ecx4param",239.697995787287,0.00961614526223353,0.00674201229772436,0.0132681836894107
"ecx4param",241.626745623342,0.00960795597837827,0.00673268928383341,0.0132620018907188
"ecx4param",243.571015305184,0.00959635203124426,0.00672139506710739,0.0132563473206723
"ecx4param",245.530929714541,0.00958735846772801,0.00670738554416367,0.0132507559066852
"ecx4param",247.506614738014,0.00957852783063379,0.00669606528470072,0.0132435779215018
"ecx4param",249.498197275159,0.00957055563579867,0.00668661894677173,0.0132348088936839
"ecx4param",251.505805246639,0.00956381651985233,0.00667908594426955,0.0132261295751976
"ecx4param",253.529567602445,0.00955512679398651,0.00667168591930042,0.0132175096663119
"ecx4param",255.56961433017,0.0095457243721187,0.00666436357265288,0.0132089050478602
"ecx4param",257.626076463368,0.00953764573405208,0.00665610663285772,0.013200388279047
"ecx4param",259.699086089962,0.00952873507981772,0.00664594353635371,0.0131928279513918
"ecx4param",261.788776360732,0.00952204589442279,0.00663587838357646,0.0131868468893088
"ecx4param",263.895281497866,0.00951406967176327,0.00662515246405448,0.0131809303440422
"ecx4param",266.018736803585,0.00950500752118749,0.00661592990695748,0.0131751241645443
"ecx4param",268.159278668828,0.00949728090755297,0.00660613307231929,0.0131694389395196
"ecx4param",270.317044582015,0.00948883309026899,0.00659790680878087,0.0131637894232045
"ecx4param",272.49217313788,0.00948090136381324,0.0065872849790117,0.0131579374969269
"ecx4param",274.684804046368,0.00947396502108477,0.0065772020135931,0.0131504251795819
"ecx4param",276.895078141615,0.00946683332159609,0.00656775333400281,0.0131429908379477
"ecx4param",279.123137390988,0.00945825553950863,0.0065584376962181,0.0131360377378126
"ecx4param",281.369124904208,0.00944968183039291,0.00655050690549081,0.0131305490477051
"ecx4param",283.633184942539,0.00944186115990298,0.00654179056616347,0.0131250756611134
"ecx4param",285.915462928055,0.00943617518551149,0.00653262692579344,0.0131192465513964
"ecx4param",288.216105452982,0.00942757035186209,0.00652355356394546,0.0131113358760853
"ecx4param",290.535260289112,0.00942106489112621,0.00651343705674192,0.0131035808587463
"ecx4param",292.873076397296,0.00941516972489054,0.00650534472770249,0.0130958836848584
"ecx4param",295.229703937008,0.00940885944122094,0.00649688404336251,0.0130882505109891
"ecx4param",297.605294275997,0.00940229970310458,0.00649020045172435,0.0130806932854848
"ecx4param",300,0.00939446919368719,0.00648350953616431,0.0130738718652904
"ecxwb1",0.1,0.695831213207276,0.670120230518782,0.718988460412046
"ecxwb1",0.100804658307517,0.695219083998171,0.669664950649693,0.718287141467878
"ecxwb1",0.101615791364953,0.694618997725093,0.669156976688986,0.717606039592121
"ecxwb1",0.102433451271921,0.693994231483349,0.668670881129174,0.716946765041923
"ecxwb1",0.103257690547257,0.693381555586598,0.668164214375122,0.716242917346262
"ecxwb1",0.104088562132396,0.69276354908027,0.667648691999163,0.715558542869988
"ecxwb1",0.10492611939477,0.69215127022379,0.667146692457082,0.714910496722737
"ecxwb1",0.105770416131236,0.691533531696284,0.666656630212269,0.71423314721271
"ecxwb1",0.106621506571531,0.690903309863194,0.666052157820306,0.71349970882674
"ecxwb1",0.107479445381759,0.690269601130625,0.665533662120616,0.712824930397953
"ecxwb1",0.108344287667897,0.689610672692063,0.664923257677626,0.712100108032282
"ecxwb1",0.109216088979337,0.688962572036028,0.664408132615095,0.711404690950956
"ecxwb1",0.110094905312455,0.688319618979525,0.663793346076779,0.710710474893335
"ecxwb1",0.110980793114205,0.687663995877714,0.663236360685914,0.710046426221732
"ecxwb1",0.111873809285747,0.687021446482727,0.662680257126412,0.709371105760622
"ecxwb1",0.112774011186101,0.68639478712434,0.662162435151698,0.708676082532521
"ecxwb1",0.113681456635831,0.685784174653209,0.661672028931924,0.70800749588337
"ecxwb1",0.114596203920758,0.685118698223548,0.660989784058557,0.707325697813511
"ecxwb1",0.115518311795706,0.684464903009767,0.660433536209222,0.706579640713946
"ecxwb1",0.116447839488274,0.683810523133233,0.659841814580605,0.705880653465887
"ecxwb1",0.11738484670264,0.683133772328889,0.659347685570029,0.705180097184547
"ecxwb1",0.1183293936234,0.68245857340797,0.658742986716535,0.704476011732725
"ecxwb1",0.119281540919425,0.681771932061624,0.65819096540052,0.703768637229236
"ecxwb1",0.120241349747768,0.681089084851011,0.657667440514552,0.703058520249592
"ecxwb1",0.121208881757585,0.680435745561769,0.657020210400013,0.702261163083684
"ecxwb1",0.122184199094096,0.679765423065767,0.656446916610019,0.701584148589568
"ecxwb1",0.12316736440258,0.679097655789163,0.655893797360549,0.700803369675128
"ecxwb1",0.124158440832396,0.678422062611349,0.655336523347848,0.700037369700552
"ecxwb1",0.125157492041038,0.677737592009799,0.654754421519287,0.699255237269533
"ecxwb1",0.126164582198226,0.67706815756641,0.654149945684481,0.698520096670206
"ecxwb1",0.127179775990029,0.676367544854682,0.65354435513046,0.69778862359838
"ecxwb1",0.128203138623014,0.675669654509684,0.652903349068347,0.69705158226376
"ecxwb1",0.129234735828443,0.674992179070074,0.652342050807378,0.696291138504967
"ecxwb1",0.130274633866484,0.674305131286323,0.651767779298845,0.695489570996198
"ecxwb1",0.131322899530479,0.673605272563065,0.651183350665179,0.694732665270055
"ecxwb1",0.132379600151223,0.672904966021094,0.650578049051474,0.693960823936141
"ecxwb1",0.133444803601298,0.672223754676976,0.649984872970544,0.693225026327587
"ecxwb1",0.134518578299427,0.671513977049597,0.649401793221468,0.692512531627928
"ecxwb1",0.135600993214867,0.670802743441,0.648726096990188,0.691762925808325
"ecxwb1",0.136692117871847,0.670100056528428,0.648123436804872,0.690982784080839
"ecxwb1",0.137792022354024,0.669376824605285,0.647501381451298,0.690239887431898
"ecxwb1",0.138900777308992,0.668677880448771,0.646807799327179,0.689486600192848
"ecxwb1",0.140018453952815,0.667956769429892,0.64612866841425,0.688707622457208
"ecxwb1",0.141145124074603,0.667249531928883,0.645462992676901,0.687984007853049
"ecxwb1",0.142280860041125,0.666556838658865,0.644816356479305,0.687178445170828
"ecxwb1",0.143425734801453,0.665840138630111,0.644220762070402,0.686361693608318
"ecxwb1",0.144579821891651,0.66510471690604,0.643599057199588,0.685603714659071
"ecxwb1",0.145743195439496,0.664378854155041,0.642949709362824,0.684829636081699
"ecxwb1",0.146915930169241,0.663655799160974,0.642275598834527,0.684087663353368
"ecxwb1",0.148098101406414,0.662934956758518,0.641592901122411,0.683302609847964
"ecxwb1",0.149289785082657,0.66221329013113,0.640909234406961,0.682501165322502
"ecxwb1",0.150491057740599,0.661480630277641,0.640203701844528,0.68172901898847
"ecxwb1",0.151701996538779,0.660735179824622,0.639530711506041,0.680966993806258
"ecxwb1",0.152922679256598,0.659996148736539,0.638841118175504,0.68017153414531
"ecxwb1",0.154153184299315,0.659271210075089,0.638160417118005,0.679379824619512
"ecxwb1",0.155393590703082,0.658510666289648,0.637481334455971,0.67860249354119
"ecxwb1",0.156643978140024,0.657769541659359,0.636861731174728,0.677776378162328
"ecxwb1",0.157904426923353,0.657009101948127,0.636195385392456,0.676971661780545
"ecxwb1",0.15917501801253,0.656256267138257,0.635512660227684,0.676132800758574
"ecxwb1",0.16045583301846,0.655490508895434,0.63484231180981,0.675342517892562
"ecxwb1",0.161746954208739,0.654734763185661,0.634080831502919,0.674579432801342
"ecxwb1",0.163048464512936,0.653961323866552,0.633426447173472,0.673780847654988
"ecxwb1",0.164360447527919,0.653179182794154,0.632767706129328,0.673041777042804
"ecxwb1",0.165682987523225,0.652414604597545,0.632090512859526,0.672276072818566
"ecxwb1",0.167016169446473,0.651660427782733,0.631392146458938,0.671510046537014
"ecxwb1",0.168360078928822,0.650880384137066,0.630657043157089,0.670712226538429
"ecxwb1",0.169714802290465,0.650115961490915,0.629936422166074,0.669919653952578
"ecxwb1",0.171080426546182,0.649334393144433,0.629259407211942,0.669107391287923
"ecxwb1",0.172457039410922,0.648580079403201,0.628506147524931,0.668279192098791
"ecxwb1",0.17384472930544,0.647791194917308,0.627745485104239,0.667463309505183
"ecxwb1",0.175243585361978,0.647010812373222,0.627017301583605,0.666588716646524
"ecxwb1",0.176653697429984,0.646202066329823,0.62630053262012,0.66573356810003
"ecxwb1",0.178075156081891,0.645417378852705,0.6256083100206,0.664912340580539
"ecxwb1",0.179508052618929,0.644622785376147,0.624920580551087,0.664114163511328
"ecxwb1",0.180952479076989,0.643833888678846,0.624100098894194,0.663265947555664
"ecxwb1",0.182408528232541,0.643018296412,0.623239638946587,0.662391050526169
"ecxwb1",0.183876293608584,0.642211620881668,0.62248751696408,0.661604313555224
"ecxwb1",0.185355869480661,0.64140208002034,0.621738410107346,0.660780598446233
"ecxwb1",0.186847350882908,0.640599495860399,0.620900992249387,0.659890473964991
"ecxwb1",0.188350833614163,0.6397563344372,0.620125022672348,0.658986323713202
"ecxwb1",0.189866414244118,0.63895141762734,0.619425629045847,0.658119182878855
"ecxwb1",0.191394190119519,0.638137783507148,0.618657031457503,0.657294496717463
"ecxwb1",0.192934259370421,0.637295208934506,0.61791397027153,0.656465262391949
"ecxwb1",0.194486720916492,0.636462471274367,0.617212574981952,0.655613591681513
"ecxwb1",0.196051674473365,0.635617928950859,0.61636902476639,0.654734511567472
"ecxwb1",0.197629220559042,0.63476159290923,0.615606719528016,0.653914579969087
"ecxwb1",0.199219460500352,0.633919572899797,0.614847936869666,0.653103689950619
"ecxwb1",0.200822496439459,0.633095828995472,0.614072328132126,0.652244986936433
"ecxwb1",0.202438431340423,0.632264129293351,0.613215180310879,0.651405405920765
"ecxwb1",0.204067368995811,0.631411743938746,0.612405737365513,0.65055645760606
"ecxwb1",0.205709414033368,0.630551482795217,0.611613759958949,0.649686419764796
"ecxwb1",0.207364671922733,0.629681183725329,0.610760561321305,0.648829909647736
"ecxwb1",0.209033248982215,0.628836005761914,0.609977616060824,0.648011901794261
"ecxwb1",0.210715252385624,0.627965166873624,0.609119389286563,0.647200318037925
"ecxwb1",0.212410790169151,0.627093105929889,0.608266107298395,0.646325591468846
"ecxwb1",0.214119971238311,0.626236924559283,0.607440045866299,0.645477098802067
"ecxwb1",0.215842905374934,0.625391285019703,0.606653572676706,0.644592824477369
"ecxwb1",0.21757970324422,0.624547810290667,0.605802988985804,0.643682938800279
"ecxwb1",0.219330476401846,0.623677131635178,0.604915280601699,0.642855219391893
"ecxwb1",0.221095337301131,0.6227971993381,0.604055808281743,0.641907557798551
"ecxwb1",0.222874399300258,0.621945393327595,0.603308222492367,0.64099248784188
"ecxwb1",0.224667776669557,0.621079506471255,0.602445971037028,0.640143459490926
"ecxwb1",0.226475584598843,0.620192236111734,0.601570245439631,0.639311347784022
"ecxwb1",0.228297939204816,0.619322412836609,0.600759240117546,0.638408637674164
"ecxwb1",0.230134957538519,0.618457043513806,0.599893485572527,0.637518245271679
"ecxwb1",0.231986757592854,0.617572610963857,0.599058065093847,0.636635788205064
"ecxwb1",0.233853458310165,0.616671305689644,0.598226148726338,0.635756129604045
"ecxwb1",0.235735179589874,0.61578646411817,0.597306682527118,0.634915140924381
"ecxwb1",0.237632042296185,0.614876243152436,0.596399489777601,0.634079471658438
"ecxwb1",0.239544168265845,0.6140036214865,0.595460829007861,0.633180375408837
"ecxwb1",0.241471680315969,0.61309763106704,0.594577199584329,0.632245418235017
"ecxwb1",0.243414702251933,0.612207347455288,0.593671726059895,0.631322262228378
"ecxwb1",0.245373358875322,0.611308395936762,0.592788245075984,0.630386529416993
"ecxwb1",0.247347775991947,0.610394367957826,0.591882497140282,0.629448180815642
"ecxwb1",0.249338080419926,0.609492375625606,0.591008961660327,0.628549766008002
"ecxwb1",0.251344399997829,0.60855396557466,0.59009415943243,0.6276316218335
"ecxwb1",0.253366863592891,0.607614604227306,0.589136002909559,0.626749343477638
"ecxwb1",0.255405601109287,0.606706406491947,0.588231610259722,0.625876630709139
"ecxwb1",0.257460743496478,0.605793530740147,0.587319802040781,0.624909511887286
"ecxwb1",0.259532422757618,0.60487271764873,0.586418177896765,0.624010063246997
"ecxwb1",0.261620771958038,0.603929658430882,0.585495556324782,0.623103748116121
"ecxwb1",0.26372592523379,0.602975166063861,0.58459900967459,0.622147675517678
"ecxwb1",0.265848017800261,0.602056110805502,0.583649275025607,0.621186650139077
"ecxwb1",0.267987185960861,0.601113889759131,0.582728464980801,0.620223276467848
"ecxwb1",0.270143567115777,0.600197682694932,0.58182023934462,0.619257351918365
"ecxwb1",0.272317299770797,0.599253384115839,0.580895267105009,0.618287636904996
"ecxwb1",0.27450852354621,0.598291263043354,0.579947213414651,0.617413433545795
"ecxwb1",0.276717379185768,0.597317981028809,0.578996933828246,0.616537810874093
"ecxwb1",0.278944008565731,0.596347525741656,0.578037245337226,0.615621012470475
"ecxwb1",0.281188554703977,0.595379734981664,0.577037886174917,0.614604285533655
"ecxwb1",0.28345116176919,0.5944267311485,0.576094949707679,0.613624508444413
"ecxwb1",0.28573197509012,0.593472938932728,0.57512095691787,0.612590321076826
"ecxwb1",0.288031141164917,0.592495083707767,0.574139431336413,0.611611579349172
"ecxwb1",0.290348807670537,0.591516444139941,0.573234855353455,0.610703213859987
"ecxwb1",0.292685123472236,0.590554548083628,0.57227035306725,0.60970235928557
"ecxwb1",0.295040238633122,0.589577239902668,0.571277224135579,0.608707751836265
"ecxwb1",0.297414304423803,0.588606453968525,0.570275879288125,0.60775386616025
"ecxwb1",0.299807473332094,0.587614808360045,0.56926785501663,0.60677862040406
"ecxwb1",0.302219899072819,0.586652355896149,0.568253124995122,0.6057631248147
"ecxwb1",0.304651736597679,0.585673116037148,0.567238722808049,0.604791185285848
"ecxwb1",0.307103142105208,0.584664527134908,0.566266050790548,0.603849327887848
"ecxwb1",0.309574273050804,0.583669663119643,0.565255072634285,0.60286577858963
"ecxwb1",0.312065288156844,0.582671667883633,0.564197960750312,0.601900028925564
"ecxwb1",0.314576347422876,0.581667418261827,0.56319709932701,0.600956685276508
"ecxwb1",0.317107612135899,0.580674408059254,0.562174652463275,0.599963095649383
"ecxwb1",0.31965924488072,0.579668228591871,0.561181217502132,0.598916631178364
"ecxwb1",0.3222314095504,0.578666911974834,0.560156220130814,0.597949459081805
"ecxwb1",0.324824271356778,0.577662494891561,0.55914193916648,0.597008252121616
"ecxwb1",0.327437996841083,0.576674506595747,0.558129298312505,0.596016847600249
"ecxwb1",0.330072753884633,0.575664900796992,0.557101387621439,0.59503409660274
"ecxwb1",0.332728711719617,0.574633815559101,0.556071123919078,0.593997228710657
"ecxwb1",0.335406040939964,0.573607762997657,0.555007195422726,0.593000728828762
"ecxwb1",0.338104913512303,0.572605093128673,0.553955423695906,0.591981317725027
"ecxwb1",0.340825502787004,0.571566102696661,0.552896212102963,0.590936196409601
"ecxwb1",0.343567983509317,0.570550152774068,0.551804666715658,0.589902656004375
"ecxwb1",0.346332531830595,0.569515169892055,0.550752818384508,0.588874445907203
"ecxwb1",0.349119325319605,0.568454021504173,0.549697278719626,0.587833896314367
"ecxwb1",0.351928542973938,0.56742027098901,0.548672347320963,0.586786692069489
"ecxwb1",0.354760365231503,0.566386044609735,0.5476241750317,0.585737470906325
"ecxwb1",0.357614973982117,0.565329215182666,0.546564370358352,0.584717068463172
"ecxwb1",0.36049255257919,0.56426406070725,0.545492510081901,0.583647118871939
"ecxwb1",0.3633932858515,0.563226166458799,0.544365457215018,0.582624349447191
"ecxwb1",0.366317360115064,0.562179050621156,0.543279622078686,0.581599719015438
"ecxwb1",0.369264963185108,0.561105364855367,0.542246407686299,0.580563499682437
"ecxwb1",0.372236284388128,0.560047559378792,0.541165889405137,0.579579050118715
"ecxwb1",0.375231514574051,0.559000473309229,0.540020487705659,0.578550568359416
"ecxwb1",0.378250846128495,0.55793192125319,0.538950429277907,0.577456043495076
"ecxwb1",0.381294472985122,0.556866904363314,0.537876561692229,0.57635668303573
"ecxwb1",0.384362590638102,0.555804217195575,0.536793816397975,0.575349002293475
"ecxwb1",0.38745539615466,0.554728737563029,0.535688380134663,0.574261620982485
"ecxwb1",0.390573088187743,0.553635514828334,0.534579843454513,0.573217768654483
"ecxwb1",0.393715866988772,0.552556634164631,0.533467869793678,0.57211374216194
"ecxwb1",0.396883934420512,0.55147720246412,0.532379149482539,0.571019702986599
"ecxwb1",0.400077493970028,0.5503935316019,0.53131758339454,0.569893320099242
"ecxwb1",0.403296750761765,0.549290347690774,0.530261816670599,0.568854304776306
"ecxwb1",0.406541911570717,0.548194886544947,0.529119641257728,0.567741202651638
"ecxwb1",0.409813184835711,0.547114782704755,0.527954534649476,0.566634894044892
"ecxwb1",0.413110780672793,0.546011584974606,0.526861733049771,0.565578286076215
"ecxwb1",0.416434910888726,0.544916451737465,0.525755280802801,0.564501491647957
"ecxwb1",0.419785788994595,0.543800701658022,0.524653251526371,0.563496496424836
"ecxwb1",0.423163630219517,0.542691929527061,0.523509829051087,0.562392183985675
"ecxwb1",0.426568651524471,0.541570391288302,0.522429332146435,0.561346910072493
"ecxwb1",0.430001071616227,0.540436092824552,0.521322985472007,0.560283862588896
"ecxwb1",0.433461110961401,0.53929436313654,0.520177402756776,0.559161511019386
"ecxwb1",0.436948991800609,0.538188551207742,0.519001827977411,0.558073271297297
"ecxwb1",0.440464938162746,0.537075191264914,0.517886272531242,0.556949314514627
"ecxwb1",0.444009175879373,0.535959549906088,0.516735729700733,0.555779749831398
"ecxwb1",0.447581932599226,0.53484936770921,0.515596441727767,0.554725303390273
"ecxwb1",0.451183437802833,0.53370109806511,0.514435334350095,0.553655677003652
"ecxwb1",0.454813922817255,0.532547446730111,0.513313712264947,0.552550653043637
"ecxwb1",0.45847362083095,0.531423275152742,0.512174250663321,0.551349810659225
"ecxwb1",0.462162766908742,0.530276232553636,0.511033400709831,0.550295829193975
"ecxwb1",0.465881598006925,0.529137711267668,0.509858666075735,0.549189012326193
"ecxwb1",0.469630352988483,0.52800803052091,0.508719766256286,0.548071181191591
"ecxwb1",0.473409272638428,0.526856011273985,0.507547072631214,0.546921023798885
"ecxwb1",0.47721859967927,0.525711736666199,0.506362905148601,0.54581450714737
"ecxwb1",0.481058578786607,0.524557577685148,0.505146183789516,0.544659945824762
"ecxwb1",0.484929456604839,0.523379101556585,0.503945706731075,0.543525709381047
"ecxwb1",0.488831481763009,0.522218638154404,0.502728056034558,0.542390446307005
"ecxwb1",0.492764904890775,0.521062741921705,0.501516239896587,0.54121088411674
"ecxwb1",0.496729978634508,0.519889330268298,0.500301627192085,0.540076710331856
"ecxwb1",0.50072695767352,0.518719223773709,0.499085822343518,0.538892895280121
"ecxwb1",0.504756098736419,0.517549437447302,0.497867914207359,0.53769472776793
"ecxwb1",0.508817660617602,0.51638146725376,0.496678075633402,0.536534888537012
"ecxwb1",0.512911904193877,0.515206829810969,0.495422597520067,0.535395687006628
"ecxwb1",0.517039092441219,0.514033712141468,0.494196764434548,0.53426086985828
"ecxwb1",0.521199490451659,0.512850439643619,0.492992189321758,0.533168666261438
"ecxwb1",0.525393365450317,0.511655686652126,0.491808956538406,0.531974883696037
"ecxwb1",0.529620986812558,0.510459007327797,0.490585097331209,0.530756491861607
"ecxwb1",0.5338826260813,0.509267792828311,0.489349288385597,0.529551286384266
"ecxwb1",0.538178556984455,0.508079531793614,0.488157265734119,0.528387970877707
"ecxwb1",0.542509055452508,0.506882067081989,0.486955885088143,0.527246228039373
"ecxwb1",0.54687439963624,0.505659110520472,0.485741795074392,0.526109137259585
"ecxwb1",0.551274869924599,0.50446417281884,0.484525408868204,0.524953557519315
"ecxwb1",0.555710748962703,0.50323556677626,0.483306736029597,0.523770338673755
"ecxwb1",0.560182321669998,0.502031688534416,0.482040131503278,0.522570199255146
"ecxwb1",0.56468987525856,0.500814552441225,0.480829625863832,0.521415662361952
"ecxwb1",0.569233699251537,0.499609492431357,0.479586195109414,0.520214575560417
"ecxwb1",0.573814085501753,0.498415829607395,0.478357956609332,0.519058587979068
"ecxwb1",0.578431328210448,0.497185826787145,0.477117997675661,0.517858912808194
"ecxwb1",0.583085723946176,0.495952797142753,0.475886167677468,0.516680962416809
"ecxwb1",0.587777571663857,0.494727639352149,0.474623751429149,0.515478886141517
"ecxwb1",0.592507172723973,0.493480125274675,0.473400331639042,0.514260093294628
"ecxwb1",0.597274830911933,0.492256732644733,0.472134336450216,0.513063520590137
"ecxwb1",0.602080852457576,0.491028568792365,0.470853756085781,0.51186596963579
"ecxwb1",0.606925546054847,0.489785659975298,0.469565697714677,0.510671862699527
"ecxwb1",0.611809222881623,0.488559677083725,0.468354141330878,0.509436775290125
"ecxwb1",0.616732196619697,0.487317554338676,0.467101630096555,0.508216852385949
"ecxwb1",0.621694783474932,0.486062117870126,0.465859521872072,0.506991545017099
"ecxwb1",0.626697302197565,0.484812978447973,0.464574318069162,0.505764221981164
"ecxwb1",0.631740074102685,0.48357657591458,0.463264907396011,0.504496814798521
"ecxwb1",0.636823423090869,0.482329889544039,0.462031924298096,0.503275179192051
"ecxwb1",0.641947675668986,0.481069901772583,0.460834556088843,0.502027585101898
"ecxwb1",0.647113160971171,0.479795869656048,0.459575784513685,0.500745264128021
"ecxwb1",0.652320210779964,0.478516347047831,0.458275663357352,0.499459113043488
"ecxwb1",0.657569159547619,0.477258624089622,0.456994045846782,0.498219665246453
"ecxwb1",0.662860344417591,0.475994955599786,0.455704193452156,0.497001852202556
"ecxwb1",0.668194105246186,0.474732965596239,0.45441233933829,0.495725800454019
"ecxwb1",0.67357078462439,0.473465515063819,0.453118214393126,0.494432193077936
"ecxwb1",0.67899072789988,0.472185944368852,0.451821231926707,0.493202898341362
"ecxwb1",0.684454283199199,0.470889848256097,0.450523523003538,0.491962163111044
"ecxwb1",0.68996180145012,0.469605213764086,0.449252657107038,0.490729821475112
"ecxwb1",0.695513636404185,0.468329491890323,0.447938736494959,0.48945715157793
"ecxwb1",0.701110144659427,0.467041428287125,0.446607406440621,0.488225402159489
"ecxwb1",0.706751685683276,0.465757549387983,0.445273852913607,0.486947246756938
"ecxwb1",0.712438621835646,0.464461635259796,0.443910909441802,0.48566558439023
"ecxwb1",0.718171318392208,0.463154492866203,0.442601772327197,0.484379997014032
"ecxwb1",0.723950143567858,0.461851188326716,0.441264883904267,0.48309280422173
"ecxwb1",0.729775468540361,0.46053000867042,0.439946499256759,0.481800515014907
"ecxwb1",0.735647667474195,0.459228556610411,0.438653765224328,0.480505787633702
"ecxwb1",0.741567117544584,0.457913819927965,0.437359621271768,0.479215711426498
"ecxwb1",0.747534198961723,0.456619558127976,0.436041857961468,0.477906991764214
"ecxwb1",0.753549294995202,0.455310017841964,0.43474620750524,0.476602761823587
"ecxwb1",0.759612791998619,0.454000592568691,0.433437147387104,0.47529463122312
"ecxwb1",0.765725079434401,0.452690430787041,0.43211152727352,0.473984262300482
"ecxwb1",0.771886549898814,0.451374127718245,0.430746051115786,0.472679828109805
"ecxwb1",0.778097599147183,0.450040107475859,0.42946996947053,0.471352710639274
"ecxwb1",0.784358626119314,0.448735407890535,0.428182556337331,0.470023669456424
"ecxwb1",0.790670032965113,0.447420178768537,0.4268364484466,0.468709242037558
"ecxwb1",0.797032225070417,0.446098838591607,0.425513891058566,0.467396408324825
"ecxwb1",0.803445611083036,0.444774313253947,0.424215149633207,0.466029289554441
"ecxwb1",0.809910602939,0.443437875267425,0.422895005580884,0.464705284296263
"ecxwb1",0.816427615889012,0.442092078281459,0.42160673348631,0.463381524521868
"ecxwb1",0.822997068525129,0.440755413422776,0.420245907199198,0.462010448693015
"ecxwb1",0.829619382807641,0.439389152309581,0.418907058364943,0.460672298752856
"ecxwb1",0.836294984092177,0.438041001287262,0.417588361283415,0.459303240755978
"ecxwb1",0.843024301157025,0.43669829778076,0.416227711974311,0.457926243938935
"ecxwb1",0.849807766230675,0.435351379690805,0.414917813451703,0.456551674337611
"ecxwb1",0.856645815019578,0.434015774456662,0.413551448851481,0.455233106858219
"ecxwb1",0.863538886736133,0.432665534278084,0.412203641876534,0.453934308128825
"ecxwb1",0.870487424126898,0.431322923091138,0.410859641759037,0.452601989740607
"ecxwb1",0.877491873501029,0.429958191945725,0.409539046952563,0.451220924343621
"ecxwb1",0.884552684758945,0.428595732642854,0.408223619481167,0.449852121582145
"ecxwb1",0.891670311421226,0.427228808071362,0.40691929506025,0.448529976387726
"ecxwb1",0.898845210657742,0.425857478661456,0.405555665097228,0.447157031552265
"ecxwb1",0.906077843317022,0.424475274810545,0.404202969789213,0.44575654291337
"ecxwb1",0.913368673955847,0.423103427308849,0.402891919019173,0.444381731653856
"ecxwb1",0.920718170869093,0.421738726958543,0.401464431452658,0.442973647011819
"ecxwb1",0.928126806119814,0.420374769041563,0.400097929032952,0.441588991205678
"ecxwb1",0.935595055569552,0.419022859198025,0.398743356022311,0.44019973845435
"ecxwb1",0.943123398908914,0.417644038845995,0.397373321850762,0.438767895950748
"ecxwb1",0.950712319688375,0.416279403328072,0.396027669108659,0.437395645779105
"ecxwb1",0.958362305349338,0.4149043438438,0.394639769794074,0.436022698820252
"ecxwb1",0.966073847255446,0.413530006596594,0.393310784270987,0.434633795247486
"ecxwb1",0.97384744072414,0.412165609807686,0.391954836909072,0.433280838529335
"ecxwb1",0.981683585058472,0.410786817862008,0.390524330855907,0.431898398966508
"ecxwb1",0.989582783579179,0.409410953378902,0.38916906321473,0.430557857129174
"ecxwb1",0.997545543657011,0.408010573615736,0.387774376133082,0.429113411314722
"ecxwb1",1.00557237674532,0.406606742757509,0.386378518675635,0.427723109605479
"ecxwb1",1.0136637984129,0.40519775289211,0.384998325809366,0.426331585096124
"ecxwb1",1.02182032837712,0.403797837016986,0.383621120553508,0.424893225549006
"ecxwb1",1.03004249053731,0.402408798999695,0.382256061961951,0.423494252621787
"ecxwb1",1.03833081300838,0.401014556136495,0.380823882409103,0.422045109667372
"ecxwb1",1.04668582815476,0.399628136800953,0.379417896093591,0.420653485397265
"ecxwb1",1.05510807262462,0.398217749969845,0.378059113023079,0.419243999998926
"ecxwb1",1.06359808738428,0.396801289082363,0.376715383993069,0.417838374432969
"ecxwb1",1.07215641775301,0.395420924321987,0.375364661818756,0.416396013304851
"ecxwb1",1.08078361343804,0.394026668203335,0.373954978400368,0.41500387772546
"ecxwb1",1.08948022856986,0.392627177135476,0.372526763902292,0.413574922057165
"ecxwb1",1.0982468217378,0.391220981800402,0.371063666944648,0.412176931253054
"ecxwb1",1.10708395602596,0.389831582273699,0.369669966766932,0.410754027801709
"ecxwb1",1.11599219904932,0.3884216405224,0.368275615121967,0.409304812710229
"ecxwb1",1.12497212299021,0.386999510829212,0.366885422818569,0.407874015526983
"ecxwb1",1.13402430463511,0.385584635734524,0.365490309791433,0.406412575747466
"ecxwb1",1.14314932541162,0.384163388970566,0.364102081083277,0.404947816391539
"ecxwb1",1.15234777142587,0.382750199403143,0.362713130762957,0.403519477361826
"ecxwb1",1.16162023350014,0.381345246192282,0.361337609850457,0.402049192143109
"ecxwb1",1.1709673072108,0.379923544015821,0.35997294327903,0.400598367589499
"ecxwb1",1.18038959292659,0.378506080512148,0.3585473294611,0.39914721009375
"ecxwb1",1.18988769584714,0.377068453844798,0.35718463296434,0.397705442722944
"ecxwb1",1.1994622260419,0.375646361776596,0.355815869926982,0.396264949560599
"ecxwb1",1.20911379848928,0.374250629120756,0.354407641039895,0.394852258611766
"ecxwb1",1.21884303311616,0.372843648295939,0.353024715385973,0.393400203613071
"ecxwb1",1.22865055483773,0.371410524265058,0.351596975799731,0.39195919462959
"ecxwb1",1.23853699359759,0.369978374258007,0.350260919256522,0.390493123531144
"ecxwb1",1.24850298440825,0.368542794815406,0.348856621571682,0.389021686299572
"ecxwb1",1.25854916739189,0.367125030656601,0.347426785138285,0.387549112156969
"ecxwb1",1.2686761878215,0.365676203836328,0.346023764674565,0.38614135127552
"ecxwb1",1.2788846961623,0.364248728311217,0.344634738104482,0.384690296687674
"ecxwb1",1.28917534811354,0.362816037538762,0.343248087202901,0.383215090092445
"ecxwb1",1.2995488046506,0.361372082550074,0.341898932210321,0.381717136896796
"ecxwb1",1.31000573206746,0.359932391003326,0.340532769818412,0.380272940511248
"ecxwb1",1.3205468020195,0.358481181148543,0.33911256539256,0.378861532198945
"ecxwb1",1.3311726915666,0.357044939292453,0.33768212486209,0.377428868989469
"ecxwb1",1.3418840832167,0.355616043459681,0.336283906310469,0.375919018820766
"ecxwb1",1.35268166496955,0.354191602242823,0.334865367264011,0.374480316215692
"ecxwb1",1.36356613036099,0.352753831465248,0.333487916652677,0.373057018454751
"ecxwb1",1.37453817850744,0.351313944269701,0.332066437043329,0.371573228108157
"ecxwb1",1.38559851415079,0.349893279499473,0.330660332499958,0.370098064005121
"ecxwb1",1.39674784770375,0.348440983566676,0.329244335846201,0.368645850696594
"ecxwb1",1.40798689529536,0.346986204540473,0.327837704971248,0.36714722172473
"ecxwb1",1.41931637881711,0.345541635768626,0.326428086206486,0.365652459489944
"ecxwb1",1.43073702596922,0.344095619142793,0.324989186377217,0.364141079794325
"ecxwb1",1.44224957030741,0.342655224006241,0.323612353502644,0.362741053857995
"ecxwb1",1.45385475129002,0.341219021105958,0.322204889672261,0.361234104612362
"ecxwb1",1.46555331432551,0.339775879728564,0.320770298377007,0.359781469229809
"ecxwb1",1.47734601082033,0.338320876935726,0.319339510960079,0.358262901555024
"ecxwb1",1.48923359822717,0.336894778517024,0.317966770882397,0.3567986975402
"ecxwb1",1.50121684009364,0.335437965037662,0.316591480607002,0.355356418340022
"ecxwb1",1.51329650611131,0.334000380586857,0.315179281302204,0.353872311954479
"ecxwb1",1.5254733721651,0.33253879014303,0.31377807872659,0.352403928597777
"ecxwb1",1.53774822038319,0.331080696803435,0.312384579971571,0.350933682210996
"ecxwb1",1.55012183918721,0.329654225564588,0.31096559628512,0.349461496565676
"ecxwb1",1.56259502334287,0.328204741269669,0.309545406474382,0.347988961818243
"ecxwb1",1.57516857401105,0.326771830026578,0.308111361271555,0.346461021707304
"ecxwb1",1.58784329879923,0.325299611504307,0.306671655526006,0.34495082992329
"ecxwb1",1.60062001181338,0.323860231119846,0.305290306840981,0.343425118248887
"ecxwb1",1.61349953371022,0.322403778581283,0.303907126700338,0.341944250055478
"ecxwb1",1.62648269174997,0.320963401243056,0.302475184525552,0.34045715329804
"ecxwb1",1.63957031984947,0.319503758251256,0.301069633235415,0.33896471543154
"ecxwb1",1.65276325863573,0.318055240799821,0.299674624085277,0.337495317422806
"ecxwb1",1.66606235549994,0.316603718157143,0.298276485636637,0.336013298331763
"ecxwb1",1.67946846465188,0.315155999966444,0.296870732185291,0.334530834187161
"ecxwb1",1.69298244717484,0.313699551921208,0.295482278394697,0.333047241862533
"ecxwb1",1.70660517108084,0.312252973953626,0.294087497534625,0.331569250308
"ecxwb1",1.72033751136647,0.310794775283667,0.292655627598113,0.330122847905851
"ecxwb1",1.73418035006901,0.309347849683816,0.291182140488219,0.328620036345525
"ecxwb1",1.74813457632318,0.3078909476602,0.28980110391513,0.327095332093837
"ecxwb1",1.76220108641815,0.306445954729676,0.288447424476129,0.325509261226284
"ecxwb1",1.77638078385517,0.304995521937901,0.287003489107143,0.323981389713801
"ecxwb1",1.7906745794056,0.303556051832137,0.285558367708081,0.3224735070988
"ecxwb1",1.80508339116939,0.302104830814219,0.284115481176032,0.320997704381304
"ecxwb1",1.81960814463405,0.300652309394287,0.282702324804333,0.319521055180322
"ecxwb1",1.83424977273411,0.299210218021063,0.281305817833957,0.318062029081461
"ecxwb1",1.84900921591104,0.297761878420664,0.279931399553836,0.316594869487999
"ecxwb1",1.86388742217363,0.296338848409936,0.278528196259666,0.315127819056707
"ecxwb1",1.87888534715892,0.294886523815143,0.277106112284354,0.313654428456059
"ecxwb1",1.89400395419356,0.293456369434496,0.275709901353981,0.312125407327197
"ecxwb1",1.90924421435568,0.292010831466706,0.274315976982443,0.310643541065379
"ecxwb1",1.92460710653729,0.290566462912896,0.272905702475335,0.309160820360713
"ecxwb1",1.94009361750711,0.289115927280275,0.271531529807732,0.307650145300755
"ecxwb1",1.955704741974,0.287682248093475,0.270142600158426,0.306140203490935
"ecxwb1",1.9714414826508,0.286244211139325,0.268778804330929,0.304631400626784
"ecxwb1",1.9873048503188,0.284814122860282,0.267360651758312,0.303210920154904
"ecxwb1",2.00329586389258,0.28338207276347,0.265924472342027,0.301734213710194
"ecxwb1",2.01941555048554,0.281943131328798,0.264505249978347,0.300278426765426
"ecxwb1",2.03566494547582,0.280494800010714,0.26310809819495,0.298840380309799
"ecxwb1",2.05204509257281,0.279063481446496,0.261739806735913,0.297315853627784
"ecxwb1",2.0685570438842,0.277603872305996,0.260370300617821,0.295861370352894
"ecxwb1",2.08520185998355,0.276151838899777,0.25895903808114,0.294383454157889
"ecxwb1",2.10198060997842,0.274711962222142,0.257565860955001,0.292912589088509
"ecxwb1",2.11889437157901,0.273268013949416,0.256178178441741,0.291427664540411
"ecxwb1",2.13594423116744,0.271840614352831,0.254782447371498,0.289923873534692
"ecxwb1",2.15313128386747,0.27037777795147,0.253419518045314,0.288452573462132
"ecxwb1",2.17045663361486,0.268950962404721,0.252028681391764,0.286928827328591
"ecxwb1",2.18792139322831,0.267530174220131,0.25059549995458,0.285451234697971
"ecxwb1",2.20552668448087,0.266113915444977,0.249193647700558,0.283942226334772
"ecxwb1",2.22327363817206,0.264702673912805,0.247779177502641,0.282448157264184
"ecxwb1",2.24116339420045,0.263273150600615,0.246364945488622,0.281006521388636
"ecxwb1",2.25919710163692,0.2618482717621,0.244935352944524,0.279608443756269
"ecxwb1",2.27737591879844,0.260439068115507,0.243496413225712,0.278072890704442
"ecxwb1",2.29570101332245,0.259029642961159,0.242145480691126,0.276631329368513
"ecxwb1",2.31417356224191,0.257596360515494,0.240703781373096,0.275123728440644
"ecxwb1",2.33279475206086,0.256182240525894,0.239318191699657,0.273609817942262
"ecxwb1",2.35156577883064,0.254767971547602,0.237928287980254,0.272107681601947
"ecxwb1",2.37048784822674,0.25333975860285,0.236517384209777,0.270664818191145
"ecxwb1",2.38956217562618,0.251918579229449,0.235160744346619,0.269257540512023
"ecxwb1",2.40878998618565,0.250493077898448,0.233764012876334,0.267846815296378
"ecxwb1",2.42817251492014,0.249079229768862,0.232371099996217,0.266376054234686
"ecxwb1",2.4477110067823,0.247678262507496,0.230937630698997,0.264919610129043
"ecxwb1",2.46740671674239,0.246288742187714,0.229565637197219,0.263471264145338
"ecxwb1",2.4872609098689,0.244857085072037,0.228157977733792,0.262050278491245
"ecxwb1",2.50727486140979,0.243455071260329,0.226795216035746,0.260601673244664
"ecxwb1",2.52744985687442,0.242058486728214,0.225422385069735,0.259159312377663
"ecxwb1",2.5477871921161,0.240649406409226,0.224031341498914,0.2577427207251
"ecxwb1",2.56828817341532,0.239243279551608,0.222670440998748,0.256323747279481
"ecxwb1",2.58895411756369,0.23784036123479,0.221335327916176,0.254881944144178
"ecxwb1",2.60978635194848,0.236442067040942,0.219978067100017,0.253395743607275
"ecxwb1",2.63078621463789,0.23505699326568,0.218630384318837,0.251945433049707
"ecxwb1",2.65195505446699,0.233669484404636,0.21727870163244,0.250566155730942
"ecxwb1",2.67329423112439,0.23229135656104,0.215923118378138,0.249128122123949
"ecxwb1",2.69480511523952,0.230891966133274,0.214582725786144,0.247686507831596
"ecxwb1",2.71648908847069,0.229501065075179,0.213224987316445,0.246276727731078
"ecxwb1",2.73834754359388,0.228098245367248,0.21187114387083,0.244862384187438
"ecxwb1",2.7603818845921,0.226720358952298,0.210488179649766,0.243427297057492
"ecxwb1",2.78259352674567,0.225328874643548,0.209112501389348,0.242004447485842
"ecxwb1",2.80498389672307,0.223966487344485,0.207788612571048,0.240587835510302
"ecxwb1",2.82755443267258,0.22258347673228,0.206496749640208,0.239185446571591
"ecxwb1",2.85030658431466,0.221225968189821,0.205115603734788,0.23777336587352
"ecxwb1",2.87324181303506,0.219835042515705,0.203782187433142,0.236392399643877
"ecxwb1",2.89636159197871,0.218465468205687,0.202448206886784,0.235023768670987
"ecxwb1",2.91966740614431,0.217081499106882,0.201038567817434,0.23362426839296
"ecxwb1",2.94316075247972,0.215718940323024,0.199688342575778,0.232235994763302
"ecxwb1",2.96684313997814,0.214341650744631,0.198298148261236,0.230799916078244
"ecxwb1",2.99071608977498,0.212998760748716,0.196961916137057,0.229375948487017
"ecxwb1",3.01478113524562,0.211636230994089,0.19558509468311,0.228042019049828
"ecxwb1",3.03903982210384,0.210285426801384,0.194269133808922,0.226715697103838
"ecxwb1",3.06349370850116,0.208951730639549,0.192979460672769,0.225354947231568
"ecxwb1",3.08814436512688,0.207624830217184,0.191635143984928,0.223976070128211
"ecxwb1",3.11299337530901,0.206293810045083,0.190316889757251,0.222643562792697
"ecxwb1",3.13804233511589,0.204963703185236,0.189032326055658,0.2212875231868
"ecxwb1",3.16329285345882,0.2036184731211,0.187715062711502,0.219915081335095
"ecxwb1",3.18874655219527,0.202285638234173,0.186370887461218,0.218555525693948
"ecxwb1",3.21440506623319,0.200953844134796,0.185078602085469,0.217230177467562
"ecxwb1",3.24027004363589,0.199635717002226,0.183759144116405,0.215874418533211
"ecxwb1",3.266343145728,0.198327371233025,0.18244348484368,0.214505057204064
"ecxwb1",3.29262604720213,0.196995779434383,0.181150835320826,0.213137231987143
"ecxwb1",3.31912043622642,0.195666073352672,0.179809885896707,0.211780800683371
"ecxwb1",3.34582801455302,0.194347839310037,0.178504178653626,0.210438796494632
"ecxwb1",3.37275049762737,0.193061782704024,0.177227310295572,0.209108591442721
"ecxwb1",3.39988961469836,0.191757976657814,0.175919111881343,0.207781111698858
"ecxwb1",3.42724710892945,0.190461746203609,0.174610288790784,0.206423841519081
"ecxwb1",3.4548247375106,0.189159186381162,0.173312331184615,0.205119212024571
"ecxwb1",3.48262427177114,0.187860372814136,0.171987099249939,0.203814439662374
"ecxwb1",3.51064749729357,0.186550741976879,0.170683569636767,0.202519162890605
"ecxwb1",3.53889621402819,0.185256576080735,0.169372936006106,0.201212159430024
"ecxwb1",3.56737223640878,0.183964846422359,0.168096346259063,0.199922181230325
"ecxwb1",3.59607739346911,0.182683804038953,0.166851812859308,0.198635548697193
"ecxwb1",3.62501352896042,0.181389528029084,0.165533808358076,0.197345399401728
"ecxwb1",3.65418250146983,0.180109151670055,0.164288054760647,0.196016476651648
"ecxwb1",3.68358618453975,0.178824136402907,0.163059456159983,0.19470066189866
"ecxwb1",3.71322646678821,0.177545711563913,0.161828549439596,0.193435700080033
"ecxwb1",3.74310525203015,0.176278730582957,0.160585684080444,0.192137470080269
"ecxwb1",3.77322445939973,0.175002867374675,0.159286887511098,0.190851568646847
"ecxwb1",3.80358602347357,0.173742605006004,0.158063234651288,0.189607791954075
"ecxwb1",3.83419189439502,0.172511137369462,0.156844795415372,0.188326477093393
"ecxwb1",3.86504403799943,0.171267101491786,0.155617306660516,0.187115265109844
"ecxwb1",3.89614443594039,0.170026106750759,0.154369597494444,0.185851687315877
"ecxwb1",3.92749508581706,0.168771887603527,0.153120183801899,0.184597756552697
"ecxwb1",3.95909800130243,0.167535467285446,0.151866241293092,0.183366602103576
"ecxwb1",3.99095521227266,0.166301438525347,0.150611712556438,0.182134712863412
"ecxwb1",4.02306876493751,0.165070945909239,0.149384007472099,0.180864563177259
"ecxwb1",4.05544072197172,0.16382819729713,0.148141454750055,0.179668380240588
"ecxwb1",4.0880731626475,0.162606535516522,0.146891916564182,0.178415686227731
"ecxwb1",4.12096818296813,0.16139780678468,0.145638815828969,0.177196183515873
"ecxwb1",4.15412789580253,0.16017685160428,0.14444396891164,0.175995327058546
"ecxwb1",4.187554431021,0.158988403999305,0.143219634685516,0.174758185892109
"ecxwb1",4.22124993563203,0.157798469052795,0.142026056112136,0.173562992212757
"ecxwb1",4.25521657392016,0.156586536815865,0.140837279990501,0.172296181245688
"ecxwb1",4.28945652758506,0.155404769606087,0.139633542388562,0.171112420392201
"ecxwb1",4.32397199588162,0.15421396086506,0.138415764034406,0.169863519818122
"ecxwb1",4.35876519576121,0.153031898894498,0.13720167014604,0.168644866987105
"ecxwb1",4.39383836201408,0.15185007795936,0.136044971606064,0.167451688363109
"ecxwb1",4.42919374741291,0.150669780826878,0.134898882682347,0.166268765888075
"ecxwb1",4.46483362285751,0.149503269444259,0.133721495262605,0.165076441086424
"ecxwb1",4.50076027752066,0.14833033664058,0.132558276280799,0.163922487295051
"ecxwb1",4.53697601899517,0.147149052187828,0.131394994101272,0.162756025229285
"ecxwb1",4.57348317344208,0.145988623653613,0.13022709617486,0.161527648518304
"ecxwb1",4.61028408574009,0.144809872083282,0.129015020043,0.160393918628251
"ecxwb1",4.64738111963615,0.143663895227525,0.127852586469385,0.159276820240945
"ecxwb1",4.6847766578973,0.142521751440619,0.126670828512761,0.158139487105264
"ecxwb1",4.7224731024637,0.141367874245704,0.125518978093,0.157004156279483
"ecxwb1",4.76047287460295,0.140236606848966,0.124416100538412,0.155865939155571
"ecxwb1",4.79877841506555,0.139088457616477,0.123243424860147,0.154729024175007
"ecxwb1",4.83739218424173,0.137943312027323,0.122112465523448,0.153579805534403
"ecxwb1",4.87631666231942,0.136808992532027,0.120963144597133,0.152427112226169
"ecxwb1",4.91555434944363,0.135678461859991,0.119813871145115,0.151315068593593
"ecxwb1",4.95510776587696,0.134574239665628,0.118740567428999,0.15021993234645
"ecxwb1",4.99497945216153,0.133458658603785,0.117627389436508,0.149107203850594
"ecxwb1",5.03517196928213,0.132352109519587,0.116496179075986,0.148009014412687
"ecxwb1",5.07568789883074,0.13124384653494,0.11540479188616,0.146902161228208
"ecxwb1",5.11652984317234,0.130148935577763,0.114313184330218,0.145695814479781
"ecxwb1",5.15770042561203,0.129063773561151,0.113261715592483,0.144568953319225
"ecxwb1",5.19920229056357,0.127985767333499,0.112142161083434,0.143493327001843
"ecxwb1",5.24103810371923,0.126895962117033,0.111138797748718,0.1424379996378
"ecxwb1",5.28321055222095,0.125813590197293,0.110023023979819,0.141333492674103
"ecxwb1",5.32572234483303,0.124743358036732,0.108914737119078,0.140227927858065
"ecxwb1",5.36857621211604,0.1236781012433,0.107793630599369,0.139124334269742
"ecxwb1",5.41177490660223,0.122621031746027,0.10676019302674,0.138048425529144
"ecxwb1",5.45532120297235,0.121555685942101,0.105688048851245,0.13695720665056
"ecxwb1",5.49921789823382,0.120506290773348,0.104710742591545,0.135909279324427
"ecxwb1",5.54346781190044,0.119456260634665,0.103676162894286,0.134821457768686
"ecxwb1",5.58807378617345,0.11842651668137,0.102596111659433,0.133787919233853
"ecxwb1",5.63303868612409,0.117386870179692,0.101564086805052,0.132731592503897
"ecxwb1",5.67836539987766,0.116351422686222,0.100576090069411,0.131728562510396
"ecxwb1",5.72405683879896,0.11531811730197,0.0995847393836582,0.130677337103892
"ecxwb1",5.77011593767938,0.114298903677491,0.0985667912988168,0.129610868542149
"ecxwb1",5.8165456549253,0.113284423856939,0.0976046511731914,0.128658911284572
"ecxwb1",5.86334897274819,0.112271715953782,0.0966633822001883,0.127598484731639
"ecxwb1",5.91052889735614,0.111279582244757,0.0956399672541951,0.126570243144892
"ecxwb1",5.95808845914694,0.110276129849087,0.0946734452397531,0.125575360438274
"ecxwb1",6.00603071290269,0.109290315798147,0.0936864461495423,0.12459294583043
"ecxwb1",6.05435873798611,0.108311749359122,0.0927202869070113,0.123597682536419
"ecxwb1",6.10307563853822,0.107328395273006,0.0917653158170364,0.122604340224475
"ecxwb1",6.15218454367778,0.106356665343075,0.0908118296262381,0.121613899476691
"ecxwb1",6.20168860770229,0.105393541712451,0.0898855454151211,0.12062226931973
"ecxwb1",6.25159101029052,0.104431875722714,0.0889629898712156,0.119643404274951
"ecxwb1",6.30189495670683,0.103471453114807,0.0880167593068461,0.11864066713542
"ecxwb1",6.35260367800699,0.102531544589326,0.087078141719163,0.117656991926759
"ecxwb1",6.40372043124573,0.101578566004753,0.0861357495945906,0.116648736757281
"ecxwb1",6.45524849968593,0.100636156926255,0.0852147519481402,0.115703394395883
"ecxwb1",6.50719119300954,0.0997050766410114,0.0842981098452973,0.114739541051879
"ecxwb1",6.55955184753014,0.0987726875345029,0.0834269222195416,0.11376954253792
"ecxwb1",6.61233382640719,0.0978324579849897,0.0825612381320692,0.112814519200814
"ecxwb1",6.66554051986216,0.0968934643379685,0.0816909512795254,0.11188060161363
"ecxwb1",6.71917534539617,0.0959825751403579,0.0808449973978065,0.110928889723543
"ecxwb1",6.77324174800955,0.0950739371487743,0.0799535180234413,0.109987606495974
"ecxwb1",6.82774320042315,0.09416450918812,0.0790805371756763,0.109037978646737
"ecxwb1",6.88268320330131,0.0932647348094136,0.0782245271965496,0.108106612064116
"ecxwb1",6.93806528547677,0.0923584949103171,0.0773765282497508,0.107183100551644
"ecxwb1",6.99389300417734,0.0914654414119834,0.0765129833733909,0.106308925720722
"ecxwb1",7.05016994525433,0.0905808198352336,0.0756151154174192,0.105385107940863
"ecxwb1",7.1068997234129,0.0897111307607135,0.0747495023465261,0.10448771722668
"ecxwb1",7.16408598244428,0.0888423855204231,0.0739180596397599,0.10360962103075
"ecxwb1",7.2217323954597,0.0879762562070485,0.073096386754925,0.102725957939951
"ecxwb1",7.27984266512644,0.0871292164180583,0.0722802048260743,0.101846780756629
"ecxwb1",7.33842052390557,0.086279056848013,0.071469663804706,0.100979366666125
"ecxwb1",7.39746973429174,0.0854170648993963,0.0706517128302126,0.100102165609245
"ecxwb1",7.4569940890548,0.0845757010988597,0.0698291576123049,0.0992467552918045
"ecxwb1",7.51699741148346,0.0837474518927088,0.0689964441456607,0.0983701191219972
"ecxwb1",7.57748355563082,0.0829190590599619,0.0681642055203503,0.097535929696411
"ecxwb1",7.63845640656197,0.0820708054798954,0.0674219829480687,0.0966899913929972
"ecxwb1",7.69991988060346,0.0812566146257617,0.0666534350437813,0.0958419431319095
"ecxwb1",7.76187792559492,0.0804531345788035,0.0658730883106202,0.0949992121413803
"ecxwb1",7.82433452114258,0.0796502630494557,0.065092447847242,0.0941618461188344
"ecxwb1",7.88729367887489,0.0788555956676155,0.0643515183318061,0.0933370244222593
"ecxwb1",7.95075944270026,0.0780659582976943,0.0636004295793671,0.0925000101658198
"ecxwb1",8.01473588906667,0.0772821873505092,0.0628816215477554,0.0916765933201023
"ecxwb1",8.07922712722361,0.0764988063599752,0.0621070830574679,0.090864845627802
"ecxwb1",8.14423729948602,0.0757082675603876,0.0613974649269486,0.0900474110614649
"ecxwb1",8.20977058150026,0.0749358135567637,0.0607117343058436,0.0892191404754782
"ecxwb1",8.27583118251241,0.0741775899481485,0.0600048103250446,0.0884297529397729
"ecxwb1",8.34242334563861,0.0734248874566171,0.0593180332509865,0.087630009788885
"ecxwb1",8.40955134813756,0.0726687879351928,0.0586005680958351,0.086835472029547
"ecxwb1",8.47721950168529,0.0719240247452451,0.0579283106986242,0.086054720087035
"ecxwb1",8.54543215265208,0.0711725461339229,0.0572643096784798,0.0852687035280363
"ecxwb1",8.61419368238166,0.0704326474350274,0.0566009010337956,0.0844870346465977
"ecxwb1",8.68350850747257,0.0696939221319096,0.0559319139673656,0.0837075326282499
"ecxwb1",8.75338108006193,0.0689640822211464,0.0552667382266272,0.0829343090867099
"ecxwb1",8.8238158881113,0.0682377908008362,0.0545961043304378,0.082169127036825
"ecxwb1",8.89481745569502,0.0675261718665275,0.053944073669633,0.0814099736714042
"ecxwb1",8.96639034329078,0.0668255944854801,0.0532751798393506,0.0806558928606917
"ecxwb1",9.03853914807251,0.0661302840881429,0.0526253266729353,0.079903619189486
"ecxwb1",9.11126850420567,0.0654285487939174,0.0520029138213498,0.0791551646475039
"ecxwb1",9.18458308314498,0.0647415494559702,0.0513870313234839,0.0784244128690428
"ecxwb1",9.25848759393434,0.0640739708853545,0.0507783491479197,0.0777129305333091
"ecxwb1",9.33298678350939,0.0634049147859913,0.0501767815289423,0.0769914139590078
"ecxwb1",9.4080854370024,0.0627400078877327,0.0495816101150982,0.0762836655822393
"ecxwb1",9.48378837804958,0.0620694541706914,0.0489723011230716,0.0755733439197918
"ecxwb1",9.56010046910091,0.0614186039785143,0.0483648705046031,0.0748756760480469
"ecxwb1",9.63702661173254,0.0607591734857323,0.0477677201152408,0.0741882421947352
"ecxwb1",9.71457174696151,0.0601107332253206,0.0471791961392908,0.0734866916967609
"ecxwb1",9.79274085556316,0.0594690266584462,0.0465878755580389,0.0727807108054032
"ecxwb1",9.8715389583911,0.058835094749727,0.0460438983286834,0.0720955862515146
"ecxwb1",9.95097111669961,0.0582080579370422,0.0454968382920916,0.0714509858817379
"ecxwb1",10.0310424324688,0.0575778498479639,0.0449530236576581,0.0707746782234127
"ecxwb1",10.1117580487322,0.0569452450533761,0.0444315053275133,0.0700701159758076
"ecxwb1",10.1931231499074,0.056321927686868,0.04388625187794,0.0694241312814637
"ecxwb1",10.2751429621286,0.0557159406107326,0.0433504078331642,0.0687437234108846
"ecxwb1",10.3578227535827,0.0551152769457867,0.0428445484126186,0.068087775878061
"ecxwb1",10.4411678348473,0.0545158877752376,0.0422979195191956,0.067437051426793
"ecxwb1",10.5251835592322,0.0539209085464242,0.0417789229048903,0.0668026512187992
"ecxwb1",10.609875323123,0.0533310699616405,0.0412594587620052,0.0661762970607922
"ecxwb1",10.6952485663278,0.0527513183910296,0.0407605297052798,0.0655530011424942
"ecxwb1",10.7813087724264,0.0521869079233888,0.0402638900089538,0.0649359874658763
"ecxwb1",10.8680614691228,0.0516147553419288,0.0397747643448336,0.0643236299867285
"ecxwb1",10.9555122286002,0.0510463787008177,0.03928907845257,0.0637150292265424
"ecxwb1",11.0436666678787,0.0504796392623938,0.0388186993879341,0.0630978357314754
"ecxwb1",11.1325304491763,0.0499198983339764,0.0383552168408888,0.0624853789441764
"ecxwb1",11.2221092802725,0.0493798407950131,0.0379075736127045,0.0618688487374826
"ecxwb1",11.3124089148749,0.0488367800547936,0.0374657928137129,0.0612754325719125
"ecxwb1",11.4034351529888,0.0483029785028752,0.0370168199533762,0.0606906192074432
"ecxwb1",11.4951938412897,0.0477765753500754,0.036587830599552,0.0600996999378896
"ecxwb1",11.5876908734988,0.0472482043428625,0.0361532484166198,0.0595068878958525
"ecxwb1",11.6809321907619,0.0467288559581919,0.035734918837084,0.0589186851917869
"ecxwb1",11.7749237820303,0.0462163757849196,0.0353368361509208,0.0583293830215033
"ecxwb1",11.8696716844462,0.0456991535248124,0.0349032944649685,0.0577588517792472
"ecxwb1",11.9651819837302,0.0451935022968537,0.034488690445365,0.0571891392059635
"ecxwb1",12.0614608145718,0.0447004791346093,0.0340879382816935,0.0566245419984017
"ecxwb1",12.1585143610242,0.0442084477991204,0.0336824231135834,0.0560684873928627
"ecxwb1",12.2563488569009,0.0437224545649186,0.0332841149962657,0.055510755723641
"ecxwb1",12.3549705861763,0.0432351575635861,0.0328867246896713,0.0549592085888034
"ecxwb1",12.4543858833893,0.0427649341092131,0.0325072069329104,0.0544354563936839
"ecxwb1",12.5546011340502,0.0422947389604526,0.0321211392837564,0.0539171110219032
"ecxwb1",12.655622775051,0.041824806387355,0.0317476306265986,0.0533919790888768
"ecxwb1",12.7574572950785,0.0413585429991204,0.0313803757355256,0.0528467159636708
"ecxwb1",12.8601112350314,0.0409026295936055,0.0310154803678554,0.0523107719724469
"ecxwb1",12.96359118844,0.0404481982961103,0.0306417547510059,0.0517999887739032
"ecxwb1",13.0679038018904,0.0400022100935656,0.0302850188057668,0.0512897414794867
"ecxwb1",13.1730557754507,0.0395649854119759,0.0299307015401942,0.0507891317503865
"ecxwb1",13.2790538631017,0.0391365765193376,0.0295774272081531,0.0502733562643527
"ecxwb1",13.3859048731709,0.038708355271378,0.0292335716215443,0.0497440692606901
"ecxwb1",13.4936156687692,0.0382869891756285,0.0289004107386975,0.0492284930442182
"ecxwb1",13.6021931682324,0.0378639716514371,0.0285584501162969,0.0487404137547806
"ecxwb1",13.7116443455652,0.0374545508215786,0.0282305797839924,0.0482686141220712
"ecxwb1",13.821976230889,0.0370410835317353,0.0279115815699809,0.0477879800073621
"ecxwb1",13.9331959108939,0.0366327558495472,0.0276015467522057,0.0472944161467093
"ecxwb1",14.0453105292936,0.0362364853948981,0.0272896663886996,0.0468204346979888
"ecxwb1",14.1583272872842,0.0358410589812125,0.0269745313131981,0.0463387535679349
"ecxwb1",14.2722534440068,0.0354482620181385,0.0266617290531464,0.0458823520048913
"ecxwb1",14.3870963170139,0.0350693852169723,0.0263558118156686,0.0454379296492094
"ecxwb1",14.5028632827393,0.0346764429373288,0.0260718188240184,0.0449857303198376
"ecxwb1",14.6195617769718,0.0343040063116368,0.0257686794855842,0.0445452486922187
"ecxwb1",14.7371992953328,0.0339265386288021,0.0254642387793759,0.0440927185917302
"ecxwb1",14.8557833937581,0.0335606261578868,0.0251953381759942,0.0436527556592382
"ecxwb1",14.9753216889827,0.0331966426656687,0.024934343722792,0.0432017766556425
"ecxwb1",15.0958218590306,0.0328329597411197,0.0246688599037432,0.042762340674329
"ecxwb1",15.2172916437073,0.0324767231523346,0.0244128269586989,0.0423474289425349
"ecxwb1",15.3397388450975,0.0321369951770578,0.0241745775555945,0.0419367320197742
"ecxwb1",15.4631713280661,0.03179584884633,0.0238895998097433,0.041512297151532
"ecxwb1",15.587597020763,0.0314575266749457,0.0236290953656108,0.041104498600771
"ecxwb1",15.7130239151329,0.031121229433878,0.0233934688257566,0.0406828182755188
"ecxwb1",15.8394600674282,0.0308013992635181,0.0231397871612954,0.040267476109887
"ecxwb1",15.9669135987267,0.0304703408421382,0.0228952296633989,0.0398639433160653
"ecxwb1",16.0953926954529,0.0301485933157047,0.0226710849181942,0.0394767273992047
"ecxwb1",16.2249056099044,0.0298361235127378,0.0224302503580513,0.039097636120146
"ecxwb1",16.3554606607814,0.0295152686819479,0.0222057928187302,0.0387136928036153
"ecxwb1",16.4870662337211,0.0292035900998369,0.0219858136108176,0.0383268239333413
"ecxwb1",16.6197307818366,0.0288996923287968,0.0217707893689081,0.0379558207914794
"ecxwb1",16.7534628262597,0.0286029780260669,0.0215462333114227,0.0375762857381259
"ecxwb1",16.888270956688,0.0283097698435714,0.0213328513714519,0.0372163246581052
"ecxwb1",17.0241638319371,0.0280185522023148,0.021140341587524,0.0368350893870242
"ecxwb1",17.1611501804961,0.0277358163705881,0.0209183413357498,0.0364579790752555
"ecxwb1",17.299238801089,0.0274559561041692,0.0207105156435191,0.0360951562227341
"ecxwb1",17.4384385632392,0.0271897829450541,0.0205087436723699,0.0357452626076938
"ecxwb1",17.5787584078396,0.0269158701248612,0.0203109795051849,0.0353919570067486
"ecxwb1",17.7202073477267,0.0266416084281581,0.0201059068402215,0.0350433381522019
"ecxwb1",17.8627944682595,0.0263717362578086,0.0199215704423841,0.0346836247263324
"ecxwb1",18.0065289279031,0.0261070491647696,0.0197578353450865,0.0343310087818734
"ecxwb1",18.151419958817,0.0258453422183739,0.0195685342410905,0.0339851869519952
"ecxwb1",18.297476867448,0.0255924813724314,0.0193760980803566,0.0336434374198241
"ecxwb1",18.444709035128,0.0253365904041514,0.0192094689083559,0.0333295872292691
"ecxwb1",18.5931259186765,0.0250882386442471,0.019041263458109,0.0330066076377712
"ecxwb1",18.7427370510083,0.0248432634234996,0.0188719800485174,0.0326874866860237
"ecxwb1",18.8935520417454,0.0246039875340208,0.0187057263455842,0.0323803132907839
"ecxwb1",19.0455805778344,0.0243690452882162,0.0185307841593966,0.0320793676819953
"ecxwb1",19.1988324241689,0.024133681148632,0.0183438522715942,0.0317829651300963
"ecxwb1",19.3533174242163,0.0239090294919731,0.0181876800567578,0.0314902158200425
"ecxwb1",19.5090455006505,0.0236839527592637,0.0180212929481112,0.0311858654276824
"ecxwb1",19.6660266559888,0.0234661165442442,0.0178541908939695,0.0308920525916762
"ecxwb1",19.8242709732348,0.0232522866541627,0.017689443421453,0.0306176911491293
"ecxwb1",19.9837886165257,0.02303714728394,0.0175279280766281,0.0303467393513854
"ecxwb1",20.1445898317852,0.0228264881739254,0.017360195773274,0.0300458445119708
"ecxwb1",20.306684947382,0.022624277651075,0.0172030724828248,0.0297928788723538
"ecxwb1",20.4700843747925,0.0224201469131127,0.0170626749759889,0.0295138911146419
"ecxwb1",20.6347986092701,0.0222246765884466,0.0169199085842671,0.0292279638940176
"ecxwb1",20.800838230519,0.0220259233200975,0.0167939412458061,0.0289604018767647
"ecxwb1",20.9682139033741,0.0218309528016132,0.0166477675185333,0.0287195806535835
"ecxwb1",21.1369363784857,0.0216292832764397,0.0165107016528857,0.0284776079450066
"ecxwb1",21.3070164930098,0.0214378643763265,0.0163703959971761,0.0282262409649417
"ecxwb1",21.4784651713049,0.0212543687644775,0.0162443059613018,0.027956097543224
"ecxwb1",21.651293425633,0.0210712524606049,0.0161216413256424,0.0277095599490328
"ecxwb1",21.8255123568674,0.0208984971547907,0.0160123797569909,0.027466968022396
"ecxwb1",22.0011331552051,0.020718365011861,0.0159168190870394,0.0272187561465605
"ecxwb1",22.1781671008864,0.0205521669191055,0.015790616281129,0.0269748796301711
"ecxwb1",22.3566255649188,0.020385450102239,0.0156635540152551,0.0267438757431558
"ecxwb1",22.5365200098075,0.0202262494653512,0.0155453650480802,0.0265135399198571
"ecxwb1",22.7178619902917,0.0200607561015121,0.0154379890013712,0.0262787650047636
"ecxwb1",22.9006631540869,0.019901920327598,0.0153200930261058,0.0260541881934088
"ecxwb1",23.0849352426328,0.0197401282955717,0.0152223073003751,0.0258512609980959
"ecxwb1",23.2706900918477,0.0195869206201552,0.0151069595720071,0.0256386363179801
"ecxwb1",23.4579396328883,0.0194373930730436,0.0149895838746418,0.025427388899161
"ecxwb1",23.6466958929168,0.0192869058069366,0.0148733811966559,0.0252194194327706
"ecxwb1",23.8369709958725,0.019146778173357,0.0147593894300297,0.0250080788179125
"ecxwb1",24.0287771632513,0.0190073722974979,0.0146604695948829,0.024812664295714
"ecxwb1",24.2221267148902,0.0188657268656588,0.0145536637042974,0.0245938175960422
"ecxwb1",24.417032069759,0.0187244253884433,0.0144556893177629,0.0244185656751897
"ecxwb1",24.6135057467575,0.0185876965699112,0.01436050018557,0.0242274044629392
"ecxwb1",24.81156036552,0.0184535499203143,0.014264174476577,0.0240309153240317
"ecxwb1",25.0112086472259,0.0183263428746731,0.0141561958270616,0.0238497084985916
"ecxwb1",25.2124634154163,0.0181951204562025,0.0140624704332366,0.0236613691347799
"ecxwb1",25.4153375968182,0.0180670752055237,0.0139632126973594,0.0234698563617213
"ecxwb1",25.6198442221746,0.0179433498650651,0.0138804884420917,0.023283554027324
"ecxwb1",25.8259964270813,0.0178162733748407,0.0138046149858298,0.0231313097444269
"ecxwb1",26.033807452831,0.0176955450104923,0.0137226245589176,0.0229324525899165
"ecxwb1",26.2432906472632,0.0175773285459745,0.0136406555639001,0.0227800137879899
"ecxwb1",26.4544594656224,0.0174680023865023,0.0135556331532949,0.02262465634953
"ecxwb1",26.6673274714213,0.0173597884817584,0.0134670537711971,0.0224420545568362
"ecxwb1",26.8819083373129,0.0172566551567326,0.0133982810068595,0.0222915213388094
"ecxwb1",27.0982158459683,0.0171452732570003,0.0133203948304174,0.0221410638806924
"ecxwb1",27.3162638909619,0.0170378883220664,0.0132357278730524,0.0219716904616053
"ecxwb1",27.5360664776639,0.0169324819663611,0.0131580493878701,0.0218342309550445
"ecxwb1",27.7576377241399,0.0168271157179137,0.0130895786776857,0.0216822845284866
"ecxwb1",27.9809918620578,0.0167234337471637,0.0130249234805719,0.021579267262826
"ecxwb1",28.2061432376016,0.0166271025821866,0.012943275385096,0.0214341867525236
"ecxwb1",28.4331063123932,0.0165345522619736,0.0128693702430138,0.0213053286833345
"ecxwb1",28.6618956644211,0.0164452250358408,0.0127960448924176,0.0211565806487488
"ecxwb1",28.8925259889768,0.0163606582165422,0.0127243440657741,0.0210058469612032
"ecxwb1",29.1250120995988,0.0162709841549467,0.0126629514048788,0.0208899781358926
"ecxwb1",29.3593689290236,0.0161877138258826,0.0125990491920073,0.0207669346509635
"ecxwb1",29.5956115301457,0.0161023637277061,0.0125411239012889,0.0206471283871871
"ecxwb1",29.8337550769836,0.0160275205957601,0.0124742738738903,0.0205504154220322
"ecxwb1",30.0738148656549,0.0159408775491747,0.0124063244502746,0.0204567810248174
"ecxwb1",30.3158063153588,0.0158611433340111,0.0123465879015298,0.0203307410103455
"ecxwb1",30.5597449693662,0.0157775159351249,0.0122891565264967,0.0202202203669869
"ecxwb1",30.8056464960183,0.0156984429266189,0.0122307450167637,0.0201210093096883
"ecxwb1",31.0535266897329,0.0156221697734637,0.0121646981545478,0.0200211426536952
"ecxwb1",31.303401472019,0.0155483480335208,0.0121133092676007,0.0199294723929187
"ecxwb1",31.5552868924991,0.0154744657248805,0.0120564644288922,0.0198291720378257
"ecxwb1",31.8091991299405,0.0153992336805056,0.0119945683056222,0.0197428826863697
"ecxwb1",32.0651544932943,0.01532620774666,0.0119351166276736,0.0196441663178363
"ecxwb1",32.3231694227429,0.0152644984211662,0.011882606021721,0.0195864387098135
"ecxwb1",32.5832604907559,0.0151984961889918,0.0118323251038214,0.0195099539803332
"ecxwb1",32.8454444031548,0.015127603918708,0.0117720632961326,0.0194104434336275
"ecxwb1",33.1097380001858,0.0150636098893707,0.0117289572021209,0.0193194136730589
"ecxwb1",33.3761582576015,0.0150057767859763,0.0116727626999598,0.0192139843849064
"ecxwb1",33.6447222877514,0.0149455753039317,0.0116199785379832,0.0191452509475357
"ecxwb1",33.915447340681,0.0148861238235314,0.0115767618889541,0.0190676224439365
"ecxwb1",34.1883508052395,0.0148289766065876,0.0115309758770234,0.0189840475606557
"ecxwb1",34.463450210197,0.0147696229320527,0.0114796233710152,0.0189283671529174
"ecxwb1",34.7407632253705,0.0147151394912287,0.0114354395035315,0.0188697079853262
"ecxwb1",35.0203076627583,0.0146625985730488,0.0113846471676306,0.018806232662371
"ecxwb1",35.3021014776849,0.0146109514255261,0.0113373764661325,0.0187400250379201
"ecxwb1",35.5861627699533,0.0145550100266675,0.0112827152272691,0.0186768585596852
"ecxwb1",35.8725097850083,0.0145001717977698,0.0112308468102068,0.0186181401163861
"ecxwb1",36.1611609151084,0.0144549915442307,0.0111815688057584,0.0185659854722734
"ecxwb1",36.4521347005065,0.0144027468344441,0.0111456938543082,0.0185109623263555
"ecxwb1",36.7454498306416,0.0143597694801356,0.0110949885709148,0.0184643901213769
"ecxwb1",37.0411251453384,0.0143100825882328,0.0110443515238969,0.018425076862937
"ecxwb1",37.3391796360183,0.0142604597050215,0.0109945691925211,0.0183557478201642
"ecxwb1",37.6396324469184,0.0142193260764733,0.0109513867013898,0.0182941577600899
"ecxwb1",37.9425028763215,0.014172290282276,0.0109154057893858,0.0182517533064332
"ecxwb1",38.2478103777958,0.0141264338001756,0.0108852280558628,0.0181973325121668
"ecxwb1",38.5555745614443,0.0140852940991008,0.0108491442347706,0.0181639896673141
"ecxwb1",38.8658151951639,0.0140414839801364,0.0108122739880675,0.0181367516611333
"ecxwb1",39.1785522059162,0.0140034505039937,0.0107733586083201,0.0180888651285608
"ecxwb1",39.4938056810061,0.0139658016740943,0.0107374164882067,0.0180487687105354
"ecxwb1",39.8115958693731,0.0139269582395043,0.0106960642544404,0.0180144434583555
"ecxwb1",40.1319431828912,0.0138900611828598,0.0106671009596288,0.0179763431632655
"ecxwb1",40.4548681976805,0.0138542054710968,0.0106314332952462,0.0179323119215987
"ecxwb1",40.7803916554284,0.0138274867316671,0.0106011455488059,0.0179108275179177
"ecxwb1",41.1085344647219,0.013793005000988,0.0105628193475639,0.0178793109149836
"ecxwb1",41.4393177023909,0.0137563674860793,0.0105285702440724,0.0178358942046892
"ecxwb1",41.7727626148617,0.0137264477990189,0.0104834469059126,0.0178033011732066
"ecxwb1",42.1088906195217,0.0136962799480629,0.0104491638844496,0.017765586509347
"ecxwb1",42.4477233060951,0.0136637186558882,0.0104211189666239,0.017743964922987
"ecxwb1",42.7892824380295,0.0136357610613911,0.0103918566840804,0.0177224834851378
"ecxwb1",43.1335899538942,0.0136089092480755,0.0103649939419597,0.0177004287900112
"ecxwb1",43.4806679687887,0.0135808617376882,0.0103288433781355,0.0176567928221633
"ecxwb1",43.8305387757636,0.0135589795893097,0.0102940907632031,0.0176404080528816
"ecxwb1",44.1832248472524,0.0135370476430653,0.0102631050546798,0.0176153776106506
"ecxwb1",44.5387488365149,0.0135124600707089,0.0102348853706372,0.0175976880275314
"ecxwb1",44.8971335790922,0.0134884803522263,0.0102086456091336,0.0175864169956714
"ecxwb1",45.2584020942735,0.0134634233251523,0.0101865353874705,0.0175664015909384
"ecxwb1",45.6225775865747,0.0134434326022652,0.0101578657647757,0.0175398599566578
"ecxwb1",45.9896834472286,0.0134196734174001,0.0101377616708501,0.017506879034449
"ecxwb1",46.3597432556877,0.0134002444238846,0.010095315080238,0.0174902798455734
"ecxwb1",46.7327807811383,0.0133752261745653,0.0100763519630849,0.0174821920820037
"ecxwb1",47.1088199840276,0.0133515629544969,0.0100531497207704,0.0174657397381955
"ecxwb1",47.4878850176025,0.0133312000830651,0.0100243651477069,0.017452905566063
"ecxwb1",47.8700002294609,0.0133144602455374,0.00999626691586303,0.0174375318833316
"ecxwb1",48.2551901631159,0.0132905679704819,0.00997344245238881,0.017415258515876
"ecxwb1",48.6434795595717,0.0132668989739386,0.00995340356649249,0.0174087691383754
"ecxwb1",49.0348933589133,0.0132510879607253,0.00993416306552466,0.0173969041138947
"ecxwb1",49.4294567019081,0.0132315231167196,0.00991325247606245,0.0173766271145095
"ecxwb1",49.8271949316206,0.0132115580788481,0.00988713941240032,0.017359754225692
"ecxwb1",50.2281335950408,0.0131925646966245,0.00986993224080288,0.0173532202171359
"ecxwb1",50.6322984447242,0.0131763156074666,0.00984714062628517,0.0173431078518602
"ecxwb1",51.0397154404467,0.0131608423084328,0.00982833317719732,0.0173350131836835
"ecxwb1",51.4504107508715,0.0131455444457942,0.00980631222496753,0.0173216166165983
"ecxwb1",51.8644107552302,0.0131287024972473,0.00978489675964111,0.0173081775684702
"ecxwb1",52.281742045017,0.0131130292806014,0.00976409604393149,0.0172893977370447
"ecxwb1",52.7024314256971,0.0130974074556839,0.00974592022763149,0.0172816471906666
"ecxwb1",53.1265059184276,0.0130827696800121,0.00972946162805939,0.0172762252919292
"ecxwb1",53.5539927617939,0.0130671455118625,0.00971603382079998,0.0172722477486858
"ecxwb1",53.9849194135589,0.0130569585363799,0.00970552000845447,0.0172562178852059
"ecxwb1",54.4193135524267,0.013045788395344,0.00969203648875855,0.0172439616281839
"ecxwb1",54.8572030798202,0.0130332419051658,0.0096769045160516,0.0172393439431847
"ecxwb1",55.2986161216736,0.0130218151820096,0.00966465029348658,0.017236275240079
"ecxwb1",55.7435810302388,0.0130090202036796,0.00964854222342234,0.0172331935650986
"ecxwb1",56.1921263859063,0.0129957595813364,0.00963631680063486,0.0172283590616105
"ecxwb1",56.6442809990412,0.012984350165871,0.00962430180722823,0.0172216210874959
"ecxwb1",57.1000739118335,0.0129744676355709,0.00961103738480526,0.0172153843310034
"ecxwb1",57.5595344001635,0.0129654968492102,0.00959536506216417,0.017211354211641
"ecxwb1",58.0226919754827,0.0129549408178161,0.00958362719767343,0.0172073981543446
"ecxwb1",58.4895763867087,0.0129434691347809,0.00957294825985117,0.0172028764699398
"ecxwb1",58.9602176221361,0.0129333764110639,0.00956281835298227,0.0171922515229578
"ecxwb1",59.4346459113629,0.0129237040712429,0.00955301928117297,0.0171879132259696
"ecxwb1",59.9128917272322,0.0129165722970099,0.00954354192995676,0.0171824576268295
"ecxwb1",60.3949857877892,0.0129088910446714,0.00952888234013788,0.0171758644832534
"ecxwb1",60.8809590582546,0.0129008743448282,0.00952362516005051,0.0171698793780198
"ecxwb1",61.3708427530131,0.012892211407625,0.00951695195178027,0.0171651818897749
"ecxwb1",61.8646683376187,0.012883065620353,0.00950867418333689,0.017160657099864
"ecxwb1",62.3624675308154,0.012873302553045,0.00950067542558413,0.0171560576600684
"ecxwb1",62.8642723065749,0.0128678056238927,0.00949294769185343,0.0171518353264868
"ecxwb1",63.37011489615,0.0128580181380652,0.00947843129080248,0.0171407180750789
"ecxwb1",63.8800277901452,0.0128522106135871,0.00946641212619127,0.0171355836179174
"ecxwb1",64.394043740603,0.0128466481252425,0.00945965919222826,0.017134267728818
"ecxwb1",64.9121957631082,0.0128428523410391,0.00944861125288475,0.0171336779646254
"ecxwb1",65.434517138908,0.0128324018314163,0.0094365065239215,0.0171328223831199
"ecxwb1",65.9610414170501,0.0128260832631714,0.00942714505202822,0.0171295203094712
"ecxwb1",66.4918024165373,0.0128202242399621,0.00941617992308355,0.0171263453477142
"ecxwb1",67.0268342285,0.0128143857837205,0.00941114456456423,0.0171231638645152
"ecxwb1",67.5661712183855,0.0128096019031417,0.00940160399045209,0.0171200800527643
"ecxwb1",68.1098480281657,0.0128063077500723,0.00939420673701115,0.0171141769850505
"ecxwb1",68.6578995785618,0.0127993495797535,0.00938957824311964,0.0171083074633448
"ecxwb1",69.2103610712876,0.0127944376892806,0.00937652033653906,0.0171052025982513
"ecxwb1",69.7672679913105,0.0127905861698869,0.00937298440003549,0.0171029396599866
"ecxwb1",70.3286561091304,0.0127852943153436,0.00936776471402788,0.0171014253066101
"ecxwb1",70.8945614830778,0.012781149634413,0.00935648101068063,0.0171004251349807
"ecxwb1",71.4650204616294,0.0127767326446379,0.00934809061985496,0.0170980711049556
"ecxwb1",72.0400696857429,0.012772456347342,0.00934428911432919,0.0170970692896998
"ecxwb1",72.6197460912106,0.0127680125657389,0.00934100136974996,0.0170961118060904
"ecxwb1",73.2040869110316,0.0127639345738067,0.00933285098462282,0.0170951722518856
"ecxwb1",73.7931296778033,0.0127593907902963,0.00932619027781491,0.0170939969136667
"ecxwb1",74.3869122261328,0.0127559888489899,0.00932291700850532,0.0170921883055281
"ecxwb1",74.9854726950661,0.0127531264203071,0.00931780130077367,0.0170904549393537
"ecxwb1",75.5888495305381,0.0127506909093159,0.0093128815128791,0.0170887940543841
"ecxwb1",76.1970814878424,0.012747790996263,0.0093057305978701,0.0170872029753974
"ecxwb1",76.8102076341201,0.0127434231889706,0.00929761875481588,0.0170856791106682
"ecxwb1",77.4282673508693,0.0127404890451622,0.00929165807672945,0.0170842199499542
"ecxwb1",78.0513003364748,0.0127397255411435,0.00928554448285807,0.0170828230625106
"ecxwb1",78.6793466087576,0.0127379874518465,0.00927939635181206,0.0170814860951321
"ecxwb1",79.3124465075454,0.0127361530585999,0.00927520419242908,0.017080206770224
"ecxwb1",79.9506406972636,0.0127334355660805,0.00927010965654385,0.0170789828839015
"ecxwb1",80.5939701695475,0.012731493479028,0.00926843168697763,0.0170777937252714
"ecxwb1",81.2424762458747,0.0127301272028381,0.00926225762775787,0.0170766505428971
"ecxwb1",81.89620058022,0.0127277208332835,0.00925628089034255,0.0170755575107417
"ecxwb1",82.5551851617299,0.0127262393420052,0.00925124899171598,0.017074512673221
"ecxwb1",83.2194723174201,0.0127246234535362,0.0092474360532053,0.0170735141400305
"ecxwb1",83.8891047148943,0.0127219777854141,0.00924621593492033,0.0170725600844141
"ecxwb1",84.5641253650847,0.0127187736408872,0.00924523082561242,0.0170716487414635
"ecxwb1",85.2445776250141,0.0127165870178056,0.00924411971261997,0.0170707784064462
"ecxwb1",85.9305052005819,0.0127152368502112,0.00924048500302427,0.0170699474331634
"ecxwb1",86.62195214937,0.0127142793298929,0.00923698552766503,0.0170691542323372
"ecxwb1",87.3189628834737,0.0127127697253214,0.00923404301158642,0.0170683972700267
"ecxwb1",88.0215821723536,0.0127118072500583,0.00923019278321412,0.0170676750660746
"ecxwb1",88.7298551457117,0.0127115798997019,0.00922627982715703,0.0170669861925821
"ecxwb1",89.4438272963896,0.0127105177938669,0.00922420295686919,0.0170663292724142
"ecxwb1",90.1635444832915,0.012709370798535,0.00922095499040901,0.0170657029777331
"ecxwb1",90.8890529343285,0.0127072082818795,0.00921450247764857,0.0170651060285618
"ecxwb1",91.6203992493884,0.0127062103028445,0.00921341687764835,0.0170645371913764
"ecxwb1",92.3576304033292,0.0127057725883009,0.00921102721958437,0.0170639952777268
"ecxwb1",93.1007937489958,0.0127039454597946,0.00920742418124828,0.0170634791428873
"ecxwb1",93.8499370202616,0.0127016716465357,0.00920593690154673,0.0170629829126066
"ecxwb1",94.605108335095,0.0127005197544111,0.00920490502926759,0.017062503307531
"ecxwb1",95.3663561986491,0.012699864534719,0.00920309940521674,0.0170620467153433
"ecxwb1",96.1337295063782,0.0126993962254559,0.00920173569587671,0.0170616121410198
"ecxwb1",96.9072775471775,0.0126991682555939,0.00919935549593638,0.0170611986271907
"ecxwb1",97.6870500065498,0.0126989526044939,0.00919675262959469,0.017060805252957
"ecxwb1",98.473096969796,0.0126982170774487,0.00919439618735244,0.0170604311327355
"ecxwb1",99.2654689252332,0.0126972821686211,0.00919324618336904,0.0170600754151299
"ecxwb1",100.064216767436,0.0126959909635994,0.00919213337912178,0.0170597372818291
"ecxwb1",100.869391800508,0.0126953831519919,0.00919118729700854,0.0170594159465321
"ecxwb1",101.681045741373,0.0126948712407083,0.00919046563438985,0.0170590241570514
"ecxwb1",102.499230723101,0.0126944311270023,0.0091902670481674,0.0170580761942002
"ecxwb1",103.323999298256,0.0126936243649083,0.00919007937091679,0.0170574258101377
"ecxwb1",104.155404442268,0.0126934181150978,0.00918903490972928,0.01705680456972
"ecxwb1",104.993499556841,0.0126929730684659,0.00918762075675117,0.0170562105130509
"ecxwb1",105.838338473379,0.012692667864179,0.00918626305108175,0.0170556429618372
"ecxwb1",106.689975456443,0.0126922333525542,0.00918497742121621,0.0170551008549616
"ecxwb1",107.548465207242,0.0126918199940425,0.00918424189902228,0.0170545831682494
"ecxwb1",108.413862867139,0.012691426860555,0.00918354053721457,0.0170540889134135
"ecxwb1",109.2862240212,0.012691053059666,0.00918287191533813,0.0170540088329246
"ecxwb1",110.165604701759,0.0126906977334742,0.00918223466409262,0.0170539623883482
"ecxwb1",111.052061392018,0.012690360057489,0.009179525639539,0.0170539189704302
"ecxwb1",111.945651029678,0.012689990748561,0.00917854512396435,0.0170538783965789
"ecxwb1",112.846431010593,0.0126895805066944,0.00917815617736512,0.0170538404942299
"ecxwb1",113.754459192457,0.0126884399900776,0.0091777905796133,0.0170538051003578
"ecxwb1",114.66979389852,0.0126875569624596,0.00917749056624699,0.0170537720610074
"ecxwb1",115.592493921338,0.0126874092080526,0.00917720631746382,0.0170537412308457
"ecxwb1",116.522618526542,0.0126872152167288,0.00917693708306945,0.0170537124727314
"ecxwb1",117.460227456653,0.0126865725059059,0.00917668214437282,0.0170536856573038
"ecxwb1",118.405380934911,0.0126860798713969,0.00917644081307066,0.0170536606625885
"ecxwb1",119.358139669152,0.012685106441091,0.00917621243016209,0.0170536373736211
"ecxwb1",120.318564855698,0.0126849619464338,0.00917599636489302,0.0170536156820863
"ecxwb1",121.286718183295,0.0126846675301642,0.00917579201372966,0.0170535954859739
"ecxwb1",122.262661837072,0.0126844962951129,0.00917559879936106,0.0170535766892499
"ecxwb1",123.246458502536,0.012683978987608,0.00917541616972988,0.017053559201542
"ecxwb1",124.238171369597,0.0126839599240735,0.00917524359709114,0.0170535429378398
"ecxwb1",125.237864136631,0.0126838664898534,0.00917508057709837,0.0170535278182087
"ecxwb1",126.245601014563,0.0126837561053858,0.0091749266279168,0.0170535137675171
"ecxwb1",127.261446731002,0.0126836516544902,0.00917478128936296,0.0170535007151764
"ecxwb1",128.28546653439,0.0126835528441267,0.00917464412207037,0.0170534885948927
"ecxwb1",129.317726198196,0.0126834593943318,0.00917451470668064,0.0170534773444312
"ecxwb1",130.358292025143,0.0126832738326675,0.00917435834138876,0.0170534669053915
"ecxwb1",131.407230851461,0.0126830509388143,0.00917415800485139,0.0170534572229936
"ecxwb1",132.464610051185,0.0126829677286752,0.00917396830405662,0.0170534482458746
"ecxwb1",133.530497540483,0.0126829526394371,0.00917378872545487,0.0170534399258955
"ecxwb1",134.604961782011,0.0126827751961634,0.00917341709583771,0.0170534322179576
"ecxwb1",135.688071789321,0.0126826887905211,0.00917306122639813,0.0170534250798277
"ecxwb1",136.779897131284,0.0126826151948921,0.00917293882703626,0.0170534184719729
"ecxwb1",137.880507936565,0.0126825146208787,0.00917138398873287,0.0170534123574032
"ecxwb1",138.989974898123,0.0126824196547522,0.00917064206036829,0.0170534067015225
"ecxwb1",140.108369277757,0.0126823300101885,0.00916999901689397,0.0170534014719872
"ecxwb1",141.235762910678,0.0126822454139842,0.00916942422689464,0.0170533966385727
"ecxwb1",142.372228210124,0.0126821717240753,0.00916887436856665,0.017053392173046
"ecxwb1",143.517838172014,0.0126821385185659,0.00916834847181146,0.0170533880490462
"ecxwb1",144.672666379635,0.0126821072321289,0.0091678455993491,0.0170533842419704
"ecxwb1",145.836787008366,0.0126820777623231,0.00916736484580746,0.0170533807288666
"ecxwb1",147.010274830445,0.0126820500116882,0.00916704341829739,0.0170533774883322
"ecxwb1",148.193205219772,0.0126820238875285,0.00916698465459736,0.0170533745004175
"ecxwb1",149.385654156749,0.012681984153974,0.00916692925419612,0.0170533717465357
"ecxwb1",150.587698233161,0.0126817902519453,0.00916687772492861,0.017053369209377
"ecxwb1",151.799414657093,0.0126816459340081,0.00916683709162791,0.0170533668728278
"ecxwb1",153.020881257894,0.0126816445011011,0.00916679894181047,0.0170533647218947
"ecxwb1",154.252176491172,0.0126816431869162,0.00916676313535826,0.0170533627426328
"ecxwb1",155.493379443834,0.0126816419821642,0.00916672953933238,0.0170533609220778
"ecxwb1",156.744569839169,0.0126816334688439,0.00916669802764743,0.0170533592481825
"ecxwb1",158.005828041962,0.0126816167318253,0.00916666848075835,0.0170533577097571
"ecxwb1",159.277235063663,0.0126816010335668,0.00916664078535939,0.0170533562964123
"ecxwb1",160.558872567587,0.01268158631398,0.00916661483409486,0.0170533549985065
"ecxwb1",161.850822874158,0.0126815725161794,0.00916659052528133,0.0170533538070961
"ecxwb1",163.1531689662,0.0126815595863286,0.00916656776264085,0.0170533527138885
"ecxwb1",164.465994494265,0.0126815474734909,0.00916654645504493,0.0170533517111982
"ecxwb1",165.789383782004,0.0126815361294887,0.00916652651626887,0.0170533507919055
"ecxwb1",167.123421831588,0.0126815255087665,0.00916650786475623,0.0170533499494179
"ecxwb1",168.468194329163,0.0126814812459708,0.00916649042339286,0.0170533491776336
"ecxwb1",169.823787650357,0.0126814211389076,0.00916647411929056,0.0170533484709078
"ecxwb1",171.190288865826,0.0126813641529413,0.00916645888357962,0.0170533478240205
"ecxwb1",172.567785746848,0.0126813101394518,0.00916644465121032,0.0170533472321471
"ecxwb1",173.956366770959,0.0126811547994047,0.00916643136076281,0.0170533466908298
"ecxwb1",175.356121127636,0.012680954715291,0.00916641895426522,0.0170533461959526
"ecxwb1",176.76713872403,0.0126808353907393,0.00916640737701973,0.0170533457437158
"ecxwb1",178.189510190734,0.0126807843428316,0.00916639657743618,0.0170533453306139
"ecxwb1",179.623326887608,0.0126807361020173,0.00916638650687314,0.0170533449534141
"ecxwb1",181.068680909648,0.0126806905255499,0.00916637711948599,0.0170533446091363
"ecxwb1",182.5256650929,0.0126806474772915,0.00916636837208184,0.017053344295035
"ecxwb1",183.994373020421,0.0126806068274406,0.00916636022398112,0.0170533440085815
"ecxwb1",185.474899028295,0.0126805684522706,0.00916635263688539,0.0170533437474482
"ecxwb1",186.967338211685,0.012680532233876,0.00916634557475132,0.0170533435094935
"ecxwb1",188.471786430949,0.0126804980599288,0.00916633900367049,0.0170533432927477
"ecxwb1",189.988340317792,0.0126804658234428,0.00916633289175484,0.0170533430954002
"ecxwb1",191.517097281474,0.0126804354225474,0.00916632720902756,0.0170533429157873
"ecxwb1",193.058155515065,0.0126804067602684,0.0091663219273191,0.017053342752381
"ecxwb1",194.611614001757,0.0126803797443181,0.00916631702016829,0.0170533426037787
"ecxwb1",196.177572521216,0.012680354286892,0.00916631246272814,0.0170533424686933
"ecxwb1",197.756131655994,0.0126803303044743,0.00916630823167629,0.0170533423459442
"ecxwb1",199.347392797989,0.0126803077176494,0.00916630430512986,0.0170533422344495
"ecxwb1",200.951458154957,0.0126802864509219,0.00916630066256454,0.0170533421332173
"ecxwb1",202.568430757078,0.0126802664325422,0.00916629728473766,0.0170533420413395
"ecxwb1",204.198414463573,0.0126802475943399,0.00916629415361519,0.0170533419579846
"ecxwb1",205.841513969372,0.0126802298715627,0.00916629125230246,0.0170533418823917
"ecxwb1",207.497834811846,0.0126802132027225,0.00916628856497835,0.0170533418138649
"ecxwb1",209.167483377579,0.0126801975294469,0.00916628607683293,0.017053341751768
"ecxwb1",210.850566909201,0.0126801827963366,0.00916628377400835,0.0170533416955194
"ecxwb1",212.547193512284,0.0126801689508291,0.00916628164354276,0.0170533416445882
"ecxwb1",214.257472162275,0.0126801559430674,0.00916627967331726,0.0170533415984895
"ecxwb1",215.981512711506,0.0126801437257737,0.0091662778520056,0.0170533415567807
"ecxwb1",217.71942589624,0.0126801322541294,0.00916627616902664,0.0170533415190583
"ecxwb1",219.471323343794,0.0126801214856586,0.00916627461449932,0.0170533414849542
"ecxwb1",221.237317579698,0.0126801113801175,0.00916627317920012,0.017053341454133
"ecxwb1",223.017522034931,0.0126801018993879,0.00916627185452282,0.0170533414262892
"ecxwb1",224.812051053205,0.0126800930073755,0.00916627063244046,0.0170533414011447
"ecxwb1",226.621019898305,0.0126800846699122,0.00916626950546952,0.0170533413784461
"ecxwb1",228.444544761497,0.0126800768546627,0.00916626846663593,0.0170533413579632
"ecxwb1",230.28274276899,0.0126800695310349,0.00916626750944318,0.0170533413394865
"ecxwb1",232.13573198946,0.0126800626700949,0.0091662666278421,0.0170533413228257
"ecxwb1",234.003631441629,0.0126800562444847,0.00916626581620246,0.0170533413078076
"ecxwb1",235.886561101917,0.0126800502283442,0.00916626506928616,0.0170533412942753
"ecxwb1",237.784641912141,0.0126800445972362,0.00916626438222199,0.0170533412820862
"ecxwb1",239.697995787287,0.0126800393280752,0.00916626375048188,0.0170533412711109
"ecxwb1",241.626745623342,0.0126800343990591,0.00916626316985848,0.017053341261232
"ecxwb1",243.571015305184,0.012680029789604,0.00916626263644422,0.0170533412523431
"ecxwb1",245.530929714541,0.0126800254802818,0.00916626214661144,0.0170533412443478
"ecxwb1",247.506614738014,0.0126800214527611,0.00916626169699385,0.0170533412371588
"ecxwb1",249.498197275159,0.0126800176897505,0.00916626128446903,0.0170533412306971
"ecxwb1",251.505805246639,0.0126800160381071,0.00916626090614207,0.017053341224891
"ecxwb1",253.529567602445,0.0126800156908678,0.00916626055933016,0.0170533412196759
"ecxwb1",255.56961433017,0.012680015372069,0.00916626024154814,0.0170533412149931
"ecxwb1",257.626076463368,0.0126800150795046,0.00916625995049497,0.0170533412107898
"ecxwb1",259.699086089962,0.0126800148111295,0.00916625968404108,0.0170533412070181
"ecxwb1",261.788776360732,0.0126800145650484,0.0091662594402164,0.0170533412036348
"ecxwb1",263.895281497866,0.0126800143395057,0.00916625921719932,0.017053341200601
"ecxwb1",266.018736803585,0.0126800141328761,0.0091662590133062,0.0170533411978814
"ecxwb1",268.159278668828,0.0126800139436553,0.00916625882698168,0.0170533411954444
"ecxwb1",270.317044582015,0.0126800137704517,0.00916625865678953,0.0170533411932612
"ecxwb1",272.49217313788,0.0126800136119784,0.00916625850140414,0.017053341191306
"ecxwb1",274.684804046368,0.0126800134670462,0.00916625835960259,0.0170533411895557
"ecxwb1",276.895078141615,0.0126800133345563,0.00916625823025719,0.0170533411879892
"ecxwb1",279.123137390988,0.0126800132134939,0.00916625811232857,0.0170533411865876
"ecxwb1",281.369124904208,0.0126800131029227,0.00916625800485918,0.0170533411853341
"ecxwb1",283.633184942539,0.0126800130019784,0.00916625790696732,0.0170533411842134
"ecxwb1",285.915462928055,0.0126800129098641,0.00916625781784147,0.0170533411832116
"ecxwb1",288.216105452982,0.0126800128258452,0.00916625773673505,0.0170533411823165
"ecxwb1",290.535260289112,0.012680012749245,0.00916625766296161,0.0170533411815169
"ecxwb1",292.873076397296,0.0126800126794402,0.00916625759589024,0.0170533411808029
"ecxwb1",295.229703937008,0.0126800126158568,0.00916625753494136,0.0170533411801655
"ecxwb1",297.605294275997,0.0126800125579671,0.00916625747958282,0.0170533411795966
"ecxwb1",300,0.0126800125052853,0.00916625742932624,0.0170533411790891
"ecxwb2",0.1,0.658210640862572,0.63653983396335,0.681627167401373
"ecxwb2",0.100804658307517,0.658207601446097,0.636539831313598,0.681623480784501
"ecxwb2",0.101615791364953,0.658205241148444,0.6365398282312,0.68161291468102
"ecxwb2",0.102433451271921,0.658204886714712,0.63653982465022,0.681610395610612
"ecxwb2",0.103257690547257,0.658204496701567,0.636539820495452,0.681608392438163
"ecxwb2",0.104088562132396,0.658204067916267,0.636539815681244,0.681606154611766
"ecxwb2",0.10492611939477,0.658203596917066,0.636539810110177,0.681598893869079
"ecxwb2",0.105770416131236,0.658199502590545,0.636539803671611,0.681589679795576
"ecxwb2",0.106621506571531,0.658199324361333,0.636539796240062,0.681579907302591
"ecxwb2",0.107479445381759,0.658199126971312,0.636539787673406,0.681569547960372
"ecxwb2",0.108344287667897,0.658198908555487,0.636539495439518,0.681558572218438
"ecxwb2",0.109216088979337,0.658198667087971,0.636538865609863,0.681546949378667
"ecxwb2",0.110094905312455,0.658198400370114,0.636538174881465,0.681539200211061
"ecxwb2",0.110980793114205,0.658193771613676,0.636537418037505,0.681533634274451
"ecxwb2",0.111873809285747,0.658189018758568,0.636536589478189,0.681527685495144
"ecxwb2",0.112774011186101,0.658184031540433,0.636535683198117,0.681521331432698
"ecxwb2",0.113681456635831,0.658178249895391,0.636534692762719,0.681513941498925
"ecxwb2",0.114596203920758,0.658175240650818,0.636533611283777,0.681491332601918
"ecxwb2",0.115518311795706,0.65816651308685,0.636532431393996,0.681473530212321
"ecxwb2",0.116447839488274,0.658156120075303,0.636531145220643,0.68143596932377
"ecxwb2",0.11738484670264,0.658153364654775,0.636529744358239,0.681406296254869
"ecxwb2",0.1183293936234,0.6581442700968,0.636528219840305,0.681402068676696
"ecxwb2",0.119281540919425,0.658140965907945,0.636526562110167,0.681396957096029
"ecxwb2",0.120241349747768,0.658137966597274,0.636524760990823,0.68137791761472
"ecxwb2",0.121208881757585,0.658135901959391,0.63652280565387,0.681343094472687
"ecxwb2",0.122184199094096,0.658132080163776,0.636520684587518,0.681331645473652
"ecxwb2",0.12316736440258,0.658129311967566,0.636518385563687,0.68131846063176
"ecxwb2",0.124158440832396,0.658126146595777,0.636515895604209,0.681281863599293
"ecxwb2",0.125157492041038,0.658119633251124,0.63651320094615,0.68121071899201
"ecxwb2",0.126164582198226,0.658113710599875,0.636510287006279,0.681177815759563
"ecxwb2",0.127179775990029,0.658108777816571,0.636507138344694,0.681146338162653
"ecxwb2",0.128203138623014,0.658100571196813,0.636503738627651,0.681113318937094
"ecxwb2",0.129234735828443,0.658091995399973,0.636500070589606,0.681078697682352
"ecxwb2",0.130274633866484,0.658084786034265,0.63649611599452,0.681042152768404
"ecxwb2",0.131322899530479,0.658069797329631,0.636491855596451,0.68101326688877
"ecxwb2",0.132379600151223,0.658060084835393,0.636487269099475,0.680990987229668
"ecxwb2",0.133444803601298,0.658046841837264,0.636482335116985,0.680967455690185
"ecxwb2",0.134518578299427,0.65803539946705,0.636477031130412,0.680941508166192
"ecxwb2",0.135600993214867,0.658029292728029,0.636471333447403,0.680915113421383
"ecxwb2",0.136692117871847,0.658025067032483,0.636469759258334,0.680886460358316
"ecxwb2",0.137792022354024,0.658012195608868,0.636468097147548,0.680852281226101
"ecxwb2",0.138900777308992,0.657991641503284,0.636460432102458,0.680804200711477
"ecxwb2",0.140018453952815,0.657965343775397,0.636451865926058,0.68078126002586
"ecxwb2",0.141145124074603,0.657938723162987,0.636439249376996,0.680757019995726
"ecxwb2",0.142280860041125,0.657913549718473,0.636433025996547,0.680703217669469
"ecxwb2",0.143425734801453,0.657898116556441,0.636422689599324,0.680638847208666
"ecxwb2",0.144579821891651,0.657881469551332,0.636411698273395,0.680616797568814
"ecxwb2",0.145743195439496,0.657871722342785,0.636404276090218,0.680565367804722
"ecxwb2",0.146915930169241,0.657863800925517,0.636387610668577,0.680502102880765
"ecxwb2",0.148098101406414,0.65785360341196,0.636378171415812,0.680402798466491
"ecxwb2",0.149289785082657,0.657830517246824,0.636376449706626,0.680381280839541
"ecxwb2",0.150491057740599,0.657805469239417,0.636374584803155,0.680337099344296
"ecxwb2",0.151701996538779,0.657785560616435,0.636372785604258,0.680319877523039
"ecxwb2",0.152922679256598,0.657750678053961,0.636366381287616,0.680274767031358
"ecxwb2",0.154153184299315,0.657734433704285,0.636342448041621,0.680138588196682
"ecxwb2",0.155393590703082,0.657713400509255,0.636336549503492,0.680115220303552
"ecxwb2",0.156643978140024,0.657702216873267,0.636319717845548,0.680066134407155
"ecxwb2",0.157904426923353,0.657659704246457,0.636295610923253,0.680008148145941
"ecxwb2",0.15917501801253,0.657637539082206,0.636277298856387,0.679909806580203
"ecxwb2",0.16045583301846,0.657596260747686,0.636272479893214,0.679837689268364
"ecxwb2",0.161746954208739,0.657569529565903,0.636247710015472,0.679720284928614
"ecxwb2",0.163048464512936,0.657531151112801,0.636183434482142,0.679658986161446
"ecxwb2",0.164360447527919,0.657484343094952,0.636152958979422,0.679571560086044
"ecxwb2",0.165682987523225,0.657446038240746,0.636145891786389,0.679510180151611
"ecxwb2",0.167016169446473,0.657395316451872,0.636138661529109,0.679360847291357
"ecxwb2",0.168360078928822,0.657350786962133,0.636106747158578,0.679275221612238
"ecxwb2",0.169714802290465,0.657306754471101,0.636092356033143,0.679226309372812
"ecxwb2",0.171080426546182,0.657253491489098,0.636089738589206,0.679165102316505
"ecxwb2",0.172457039410922,0.657190652950004,0.636039810798038,0.679047309173622
"ecxwb2",0.17384472930544,0.657130370893026,0.636005950865797,0.67887499947683
"ecxwb2",0.175243585361978,0.65705985480704,0.635978184737269,0.678715260133457
"ecxwb2",0.176653697429984,0.65698704960967,0.635959001605223,0.678639915731339
"ecxwb2",0.178075156081891,0.656913526315612,0.635950911960556,0.678483233374454
"ecxwb2",0.179508052618929,0.656856308192729,0.635930487506725,0.678330292769476
"ecxwb2",0.180952479076989,0.656763795331249,0.635875421794851,0.678212638810136
"ecxwb2",0.182408528232541,0.656696819848331,0.635821674599484,0.678086664221946
"ecxwb2",0.183876293608584,0.656615857133088,0.635793300562258,0.677968148829298
"ecxwb2",0.185355869480661,0.65653141846781,0.635759116311709,0.677831065944379
"ecxwb2",0.186847350882908,0.656452095157788,0.635707416549533,0.67765771753883
"ecxwb2",0.188350833614163,0.656353129592666,0.635634644747728,0.677469686889876
"ecxwb2",0.189866414244118,0.656239756861067,0.635582961845344,0.67733179181058
"ecxwb2",0.191394190119519,0.656124871830504,0.635529858576775,0.677198671333497
"ecxwb2",0.192934259370421,0.65601267967184,0.635487974068882,0.677043007557048
"ecxwb2",0.194486720916492,0.65591490353995,0.635453785417637,0.676868360143999
"ecxwb2",0.196051674473365,0.655815301969274,0.635421226903921,0.676724165475733
"ecxwb2",0.197629220559042,0.655679284484696,0.635353219350815,0.6765417892141
"ecxwb2",0.199219460500352,0.655558531883125,0.635268298393792,0.67631689547165
"ecxwb2",0.200822496439459,0.655430829482727,0.63520280369196,0.67607629883924
"ecxwb2",0.202438431340423,0.655292082575221,0.635090800751455,0.675860878105173
"ecxwb2",0.204067368995811,0.655154293856314,0.634994639372744,0.675645797251514
"ecxwb2",0.205709414033368,0.655016663849191,0.634909597907371,0.675447009014976
"ecxwb2",0.207364671922733,0.654850112441997,0.634809154397561,0.675168631387519
"ecxwb2",0.209033248982215,0.65470006335006,0.634708570137774,0.674987615575997
"ecxwb2",0.210715252385624,0.654539515467511,0.634636837324249,0.674848547108491
"ecxwb2",0.212410790169151,0.654360039054579,0.634544491853482,0.674589371688526
"ecxwb2",0.214119971238311,0.654211926340707,0.634448138111493,0.674288248903926
"ecxwb2",0.215842905374934,0.654050291151325,0.634337396564274,0.674004735535779
"ecxwb2",0.21757970324422,0.653884841890366,0.634208957755431,0.673783438566456
"ecxwb2",0.219330476401846,0.653690817485112,0.634050986000494,0.673510574640008
"ecxwb2",0.221095337301131,0.653507207585491,0.633880415801352,0.673274931162058
"ecxwb2",0.222874399300258,0.653288369393961,0.633680457431263,0.672951204876347
"ecxwb2",0.224667776669557,0.653084172872643,0.633536337110381,0.672645065258679
"ecxwb2",0.226475584598843,0.652875430374571,0.633433042692296,0.672498471493524
"ecxwb2",0.228297939204816,0.652631530113673,0.633272499419601,0.672180172326146
"ecxwb2",0.230134957538519,0.652423239265982,0.633109487489831,0.671903454345301
"ecxwb2",0.231986757592854,0.652177978143466,0.632938151486469,0.67157610602697
"ecxwb2",0.233853458310165,0.651954506902503,0.632773538311285,0.671297062322433
"ecxwb2",0.235735179589874,0.651694686168188,0.632576695707528,0.671013186402122
"ecxwb2",0.237632042296185,0.651451664639511,0.632387513744523,0.670709363155922
"ecxwb2",0.239544168265845,0.651191126011676,0.632191957070662,0.670437742486704
"ecxwb2",0.241471680315969,0.650923574752734,0.632033888497582,0.670126564373521
"ecxwb2",0.243414702251933,0.650652954553398,0.631829555597991,0.669770928060051
"ecxwb2",0.245373358875322,0.650365925480519,0.631577279696661,0.669498319748916
"ecxwb2",0.247347775991947,0.650061883994829,0.631356483400109,0.669138768202813
"ecxwb2",0.249338080419926,0.649773865243414,0.631117244479155,0.668843301937528
"ecxwb2",0.251344399997829,0.649488489779437,0.630819962490108,0.668545951176766
"ecxwb2",0.253366863592891,0.64919315987676,0.630511184634152,0.668149993147928
"ecxwb2",0.255405601109287,0.648837202855683,0.630157398501574,0.667720978023997
"ecxwb2",0.257460743496478,0.648519546665779,0.62989905235404,0.667383821999203
"ecxwb2",0.259532422757618,0.648182653001814,0.62956707139867,0.667011282790759
"ecxwb2",0.261620771958038,0.647816398105121,0.629242541125259,0.66653378669783
"ecxwb2",0.26372592523379,0.647461811180088,0.628923324063639,0.666104169427451
"ecxwb2",0.265848017800261,0.647075912885934,0.628590520047146,0.665749622172806
"ecxwb2",0.267987185960861,0.646715102963921,0.628258176566676,0.665411302399669
"ecxwb2",0.270143567115777,0.64633860312485,0.62789905099715,0.665018813326231
"ecxwb2",0.272317299770797,0.645921304736897,0.627565519690968,0.664576224183266
"ecxwb2",0.27450852354621,0.64549749511079,0.627110445531406,0.66416602801411
"ecxwb2",0.276717379185768,0.645101439966945,0.626626621522252,0.663654634288264
"ecxwb2",0.278944008565731,0.644682236373065,0.626121375740034,0.66323269984708
"ecxwb2",0.281188554703977,0.644258816587579,0.625766263614608,0.662836690121562
"ecxwb2",0.28345116176919,0.643795521829135,0.625340389299801,0.662336141297683
"ecxwb2",0.28573197509012,0.643365293833777,0.624774656214437,0.661866915351876
"ecxwb2",0.288031141164917,0.642900666795229,0.624322136998966,0.66138738588015
"ecxwb2",0.290348807670537,0.642444969372135,0.623836458463018,0.660895789603561
"ecxwb2",0.292685123472236,0.641995629218761,0.623290007017047,0.660396395085834
"ecxwb2",0.295040238633122,0.641512247657283,0.622736324692134,0.65989839023576
"ecxwb2",0.297414304423803,0.640984387616524,0.622224927967819,0.659350041824507
"ecxwb2",0.299807473332094,0.640460382861229,0.621697084013572,0.658902075341015
"ecxwb2",0.302219899072819,0.639959414563864,0.62109539769126,0.658348901061376
"ecxwb2",0.304651736597679,0.639467593898651,0.620466688924593,0.657839979329123
"ecxwb2",0.307103142105208,0.638904221032516,0.619884797623364,0.657298120536417
"ecxwb2",0.309574273050804,0.638321776390209,0.619304657991837,0.656766777214076
"ecxwb2",0.312065288156844,0.637689291889791,0.618704837838932,0.656221696867087
"ecxwb2",0.314576347422876,0.637140645817838,0.617999196863602,0.655640276476368
"ecxwb2",0.317107612135899,0.63656285292667,0.617331757120128,0.655043315735858
"ecxwb2",0.31965924488072,0.635979417425182,0.616645497704527,0.654479625009309
"ecxwb2",0.3222314095504,0.635352211870748,0.615851680275974,0.653852166128076
"ecxwb2",0.324824271356778,0.634721227115702,0.615086133670104,0.653273953587831
"ecxwb2",0.327437996841083,0.634065955761348,0.614353737523205,0.652654194108431
"ecxwb2",0.330072753884633,0.633405432588001,0.61350905948004,0.652041657678255
"ecxwb2",0.332728711719617,0.632719465052196,0.61274666518791,0.651383917137146
"ecxwb2",0.335406040939964,0.632049670713038,0.612043083329994,0.6507661426604
"ecxwb2",0.338104913512303,0.63133836332037,0.61121046565897,0.650095077888773
"ecxwb2",0.340825502787004,0.630644429677751,0.610326482727095,0.649425023200683
"ecxwb2",0.343567983509317,0.629920074710825,0.609432000360638,0.648831241538008
"ecxwb2",0.346332531830595,0.629184217935226,0.608611232973427,0.648246857968282
"ecxwb2",0.349119325319605,0.628424749907511,0.60771447381263,0.647575222672435
"ecxwb2",0.351928542973938,0.627653912530596,0.606801352844422,0.6468990394618
"ecxwb2",0.354760365231503,0.626851477714686,0.605921090850891,0.646217310982162
"ecxwb2",0.357614973982117,0.626061597568946,0.604954613591995,0.645515959591839
"ecxwb2",0.36049255257919,0.625264435202973,0.604041243032504,0.644773571859923
"ecxwb2",0.3633932858515,0.62441815988987,0.60313408540752,0.644099590615747
"ecxwb2",0.366317360115064,0.623568645999691,0.602207093313546,0.643440194979939
"ecxwb2",0.369264963185108,0.62269095626522,0.60127218568027,0.642710173916156
"ecxwb2",0.372236284388128,0.621845342266928,0.600226930364109,0.641969110720745
"ecxwb2",0.375231514574051,0.620948982093164,0.599081990616954,0.641260100083028
"ecxwb2",0.378250846128495,0.620065336692276,0.598071024458302,0.640522086354578
"ecxwb2",0.381294472985122,0.61916072855298,0.59707422030261,0.639748561228971
"ecxwb2",0.384362590638102,0.618228348758925,0.595998840951675,0.638907312500767
"ecxwb2",0.38745539615466,0.617270486973032,0.594878975775448,0.638094287528171
"ecxwb2",0.390573088187743,0.616321206111715,0.593638207139334,0.637286359083635
"ecxwb2",0.393715866988772,0.615352637131166,0.592517577977665,0.636380839389036
"ecxwb2",0.396883934420512,0.614384228629173,0.591276554213645,0.635475982302344
"ecxwb2",0.400077493970028,0.613379973736569,0.59006358460692,0.63459636326316
"ecxwb2",0.403296750761765,0.612374525199015,0.58883302294966,0.633729207820882
"ecxwb2",0.406541911570717,0.61132999976873,0.587599448134392,0.632815925180327
"ecxwb2",0.409813184835711,0.61026248060843,0.586329492335106,0.63189235103556
"ecxwb2",0.413110780672793,0.609224977496299,0.585109928661822,0.631022160027248
"ecxwb2",0.416434910888726,0.608160013954232,0.583921469260053,0.630151892512486
"ecxwb2",0.419785788994595,0.60708005632072,0.582719678561103,0.629243905906033
"ecxwb2",0.423163630219517,0.605990116754221,0.581453715528437,0.628279032470557
"ecxwb2",0.426568651524471,0.604885667301359,0.58020801493991,0.627273926086339
"ecxwb2",0.430001071616227,0.60374025815952,0.578919273422716,0.62631715348092
"ecxwb2",0.433461110961401,0.602596735813032,0.577619636947961,0.625260695688542
"ecxwb2",0.436948991800609,0.60146438332612,0.576281537380863,0.624224824006959
"ecxwb2",0.440464938162746,0.600285579788289,0.575029717897655,0.62320076013225
"ecxwb2",0.444009175879373,0.599071475811817,0.573696701466213,0.622211248893736
"ecxwb2",0.447581932599226,0.597841026346076,0.572360563898916,0.621104131732219
"ecxwb2",0.451183437802833,0.596622767486922,0.570927552833555,0.62001878752543
"ecxwb2",0.454813922817255,0.595409516722235,0.569369410515631,0.618910606542186
"ecxwb2",0.45847362083095,0.594188103954962,0.567980399141988,0.617828917471299
"ecxwb2",0.462162766908742,0.592933894342322,0.566502335092534,0.616722481037446
"ecxwb2",0.465881598006925,0.591648123995962,0.565100400469186,0.615548953032244
"ecxwb2",0.469630352988483,0.5903483611766,0.563685848475361,0.614338242254008
"ecxwb2",0.473409272638428,0.58902672388546,0.562227844402191,0.613153787489494
"ecxwb2",0.47721859967927,0.587690470481465,0.560776097309886,0.611950434738519
"ecxwb2",0.481058578786607,0.586353215115734,0.559293026444335,0.61071624990141
"ecxwb2",0.484929456604839,0.585014718748153,0.557847565387423,0.609475678734834
"ecxwb2",0.488831481763009,0.583653348778877,0.556263705045411,0.608271343303091
"ecxwb2",0.492764904890775,0.582253497388872,0.554687590476545,0.607053995324361
"ecxwb2",0.496729978634508,0.580867090391494,0.553250857036462,0.605805243433104
"ecxwb2",0.50072695767352,0.579441401496959,0.55165586723545,0.604485758930871
"ecxwb2",0.504756098736419,0.578011173191557,0.550121455881941,0.603239057513591
"ecxwb2",0.508817660617602,0.576562948548225,0.548551109498801,0.60196874253156
"ecxwb2",0.512911904193877,0.575084145417305,0.546948902641361,0.600591497554501
"ecxwb2",0.517039092441219,0.573603050621917,0.545371449151495,0.599299205942477
"ecxwb2",0.521199490451659,0.572125742725459,0.543765956764307,0.597990829477194
"ecxwb2",0.525393365450317,0.570663174768329,0.542164837330152,0.596693999087807
"ecxwb2",0.529620986812558,0.56917150084962,0.540550615914395,0.595297993226992
"ecxwb2",0.5338826260813,0.567660678433654,0.538899953033593,0.593850020174935
"ecxwb2",0.538178556984455,0.56613445345053,0.537200825794063,0.592410553953608
"ecxwb2",0.542509055452508,0.564546476687366,0.535598332253585,0.59099120472452
"ecxwb2",0.54687439963624,0.563001436190743,0.533884145718604,0.589548013658788
"ecxwb2",0.551274869924599,0.561448048106347,0.532206774816168,0.588112580294128
"ecxwb2",0.555710748962703,0.559831869994255,0.530583525955446,0.586657775238333
"ecxwb2",0.560182321669998,0.558213516839993,0.528859759885989,0.585279031220044
"ecxwb2",0.56468987525856,0.556609899205933,0.527263334420994,0.583746661688374
"ecxwb2",0.569233699251537,0.554953351670891,0.525565880738315,0.582268106548197
"ecxwb2",0.573814085501753,0.553286986767654,0.523855757711739,0.580810250875002
"ecxwb2",0.578431328210448,0.551664590967631,0.522135403627736,0.579237674999232
"ecxwb2",0.583085723946176,0.549979919885031,0.52040418272223,0.577723414641384
"ecxwb2",0.587777571663857,0.548312222244599,0.518662517415704,0.576198162214011
"ecxwb2",0.592507172723973,0.546634369781498,0.516912870334456,0.574560848228855
"ecxwb2",0.597274830911933,0.544922099200957,0.515155699430496,0.572972120566373
"ecxwb2",0.602080852457576,0.543229401897182,0.513462325037957,0.571503798295808
"ecxwb2",0.606925546054847,0.541489285335549,0.511723015433343,0.569816169553102
"ecxwb2",0.611809222881623,0.539738902565853,0.50994014433919,0.568206233694278
"ecxwb2",0.616732196619697,0.537960184006531,0.508211335254208,0.566603004693024
"ecxwb2",0.621694783474932,0.536173331560783,0.506426011225871,0.565007237920908
"ecxwb2",0.626697302197565,0.534410295186678,0.504695540337244,0.563341282197408
"ecxwb2",0.631740074102685,0.532615818603239,0.502924987969508,0.561659893682792
"ecxwb2",0.636823423090869,0.530796414666254,0.501173008334659,0.55993428271867
"ecxwb2",0.641947675668986,0.528999544893839,0.499357513475498,0.558235651011557
"ecxwb2",0.647113160971171,0.527228673537358,0.49753730604723,0.556482876026338
"ecxwb2",0.652320210779964,0.525433934615461,0.495752477804116,0.554754881609895
"ecxwb2",0.657569159547619,0.523592964686968,0.493925325877298,0.553043916493825
"ecxwb2",0.662860344417591,0.521751320119638,0.492072040381369,0.551278005440971
"ecxwb2",0.668194105246186,0.519916419449945,0.490263151042938,0.549456187338964
"ecxwb2",0.67357078462439,0.518098420259279,0.488402887865538,0.547660921949493
"ecxwb2",0.67899072789988,0.516234048568553,0.486547713130173,0.545850576630974
"ecxwb2",0.684454283199199,0.514344311720607,0.484670306334706,0.544032658270747
"ecxwb2",0.68996180145012,0.512469114434265,0.482791592474995,0.542241810843644
"ecxwb2",0.695513636404185,0.510575157234216,0.480951718169391,0.540483854297514
"ecxwb2",0.701110144659427,0.508678017083184,0.479062375506057,0.538676480854536
"ecxwb2",0.706751685683276,0.506793462568789,0.477206962085395,0.536723100828488
"ecxwb2",0.712438621835646,0.504872097927767,0.475332213321326,0.534815748459227
"ecxwb2",0.718171318392208,0.502972753174556,0.473422661074783,0.532980672229785
"ecxwb2",0.723950143567858,0.501029263229521,0.471569078717566,0.531169098572308
"ecxwb2",0.729775468540361,0.499097888864688,0.469667401896354,0.529216941697406
"ecxwb2",0.735647667474195,0.497157437488821,0.467804715633189,0.527135334293323
"ecxwb2",0.741567117544584,0.495236014752473,0.465897964552455,0.5252404266062
"ecxwb2",0.747534198961723,0.493312578851142,0.464000957655873,0.523361443973853
"ecxwb2",0.753549294995202,0.491367150852301,0.462095418930351,0.521431371826405
"ecxwb2",0.759612791998619,0.489404534402734,0.460199977312917,0.519465158571872
"ecxwb2",0.765725079434401,0.487430811493129,0.458318270090691,0.51741985131906
"ecxwb2",0.771886549898814,0.485447400875306,0.456453413185148,0.515313246964478
"ecxwb2",0.778097599147183,0.483446174957572,0.454554964532877,0.513263704577302
"ecxwb2",0.784358626119314,0.481455878103677,0.452652198309663,0.511259107951967
"ecxwb2",0.790670032965113,0.479476027136734,0.450734840852328,0.509213465210516
"ecxwb2",0.797032225070417,0.477483145389276,0.448767767549866,0.50719290512849
"ecxwb2",0.803445611083036,0.475495739949888,0.446940939827407,0.505177001463738
"ecxwb2",0.809910602939,0.473498584916888,0.445006579070354,0.503142257107071
"ecxwb2",0.816427615889012,0.471481186262099,0.443031277836336,0.501166865654273
"ecxwb2",0.822997068525129,0.46946917418576,0.441164922153231,0.499094138481412
"ecxwb2",0.829619382807641,0.467451919680801,0.439220374206457,0.496919544494166
"ecxwb2",0.836294984092177,0.465443357929117,0.437282740569074,0.494829422214635
"ecxwb2",0.843024301157025,0.463429049202403,0.435401290832282,0.492793531696242
"ecxwb2",0.849807766230675,0.461395229890276,0.433529638465643,0.490704278637809
"ecxwb2",0.856645815019578,0.459411956025148,0.431582420001997,0.488583934076277
"ecxwb2",0.863538886736133,0.457385743714699,0.429567894918161,0.486524873322348
"ecxwb2",0.870487424126898,0.455362675361924,0.427624790629264,0.484489230630354
"ecxwb2",0.877491873501029,0.453316429006601,0.425699262741624,0.482377984304306
"ecxwb2",0.884552684758945,0.451285324531525,0.423774401692725,0.480276133102676
"ecxwb2",0.891670311421226,0.449230838880822,0.421797903970285,0.478110780940146
"ecxwb2",0.898845210657742,0.447171024773391,0.419871565256835,0.476108969037572
"ecxwb2",0.906077843317022,0.44514106898101,0.417944527025139,0.473981473883496
"ecxwb2",0.913368673955847,0.443104717009311,0.416005374745351,0.471842194310857
"ecxwb2",0.920718170869093,0.441063137617642,0.414073747173375,0.469760844824428
"ecxwb2",0.928126806119814,0.43901352366666,0.412220956841398,0.46760224178184
"ecxwb2",0.935595055569552,0.436969307971983,0.410315011131546,0.465455358744772
"ecxwb2",0.943123398908914,0.434920743077817,0.408257383767232,0.463297345150264
"ecxwb2",0.950712319688375,0.432851169011351,0.406253738026956,0.46120312164409
"ecxwb2",0.958362305349338,0.430768912421799,0.404286994286691,0.459080239725669
"ecxwb2",0.966073847255446,0.428685370840858,0.402382588112923,0.456972289290519
"ecxwb2",0.97384744072414,0.426615877709678,0.400410174823106,0.454852798978336
"ecxwb2",0.981683585058472,0.424510177866519,0.398432654105064,0.452674958315063
"ecxwb2",0.989582783579179,0.422470520398064,0.396524848184991,0.450418610964909
"ecxwb2",0.997545543657011,0.420441623783479,0.394534976947602,0.448194840911961
"ecxwb2",1.00557237674532,0.418380668012812,0.392597373330096,0.445957498253275
"ecxwb2",1.0136637984129,0.416312403090618,0.390661294439555,0.443783083588076
"ecxwb2",1.02182032837712,0.414222819755573,0.388690345920012,0.441643746374411
"ecxwb2",1.03004249053731,0.41217598202421,0.386706500985682,0.439441622717784
"ecxwb2",1.03833081300838,0.41011462602441,0.384727483600892,0.437290745311444
"ecxwb2",1.04668582815476,0.408043372082734,0.382836075174891,0.435149900211068
"ecxwb2",1.05510807262462,0.405972108344028,0.380923959712007,0.433054552982848
"ecxwb2",1.06359808738428,0.40394816253127,0.379024413337863,0.430996067279379
"ecxwb2",1.07215641775301,0.401874947786274,0.37701143202072,0.428868387431554
"ecxwb2",1.08078361343804,0.399814410597368,0.375140116666063,0.426686631474267
"ecxwb2",1.08948022856986,0.397773064559616,0.373104223293793,0.424491397470775
"ecxwb2",1.0982468217378,0.39574583317695,0.371196691098868,0.422337747478786
"ecxwb2",1.10708395602596,0.393728919238761,0.369229533940855,0.420114268617937
"ecxwb2",1.11599219904932,0.391663885639652,0.367291865900627,0.417924848082339
"ecxwb2",1.12497212299021,0.389632582223172,0.365377637466207,0.415706442130136
"ecxwb2",1.13402430463511,0.387581697978177,0.363490173705441,0.413574013894751
"ecxwb2",1.14314932541162,0.385537472132674,0.361545635035699,0.411432620732471
"ecxwb2",1.15234777142587,0.383511244688182,0.359663896021604,0.40922605376542
"ecxwb2",1.16162023350014,0.381487960865699,0.357735952781462,0.407055631117428
"ecxwb2",1.1709673072108,0.379447905269506,0.355787746864389,0.404942705267206
"ecxwb2",1.18038959292659,0.37741986449595,0.353878243278756,0.402686482095213
"ecxwb2",1.18988769584714,0.375392918952742,0.352032581417778,0.400476977709025
"ecxwb2",1.1994622260419,0.373338663857116,0.35011889305875,0.39831107735364
"ecxwb2",1.20911379848928,0.371321040399214,0.348220747570369,0.396148972230309
"ecxwb2",1.21884303311616,0.369301670369424,0.346339291522519,0.394006177727461
"ecxwb2",1.22865055483773,0.367309012575572,0.344487780998723,0.391838325436708
"ecxwb2",1.23853699359759,0.365309544265682,0.342584016481597,0.38962161760722
"ecxwb2",1.24850298440825,0.363291242767,0.340713299690908,0.387439509761195
"ecxwb2",1.25854916739189,0.361277676877701,0.338787392478228,0.385279510618885
"ecxwb2",1.2686761878215,0.359266799159051,0.336950950186697,0.383149633494256
"ecxwb2",1.2788846961623,0.35725534698281,0.33504458602288,0.381030004209902
"ecxwb2",1.28917534811354,0.355247324198012,0.333182155269327,0.378912540762626
"ecxwb2",1.2995488046506,0.353251708798957,0.331362611227387,0.37678709601995
"ecxwb2",1.31000573206746,0.351259242852646,0.329469498708281,0.374678768464112
"ecxwb2",1.3205468020195,0.34928462700145,0.327621109012687,0.372568864132772
"ecxwb2",1.3311726915666,0.347294176499384,0.32574070229624,0.370462499849305
"ecxwb2",1.3418840832167,0.345337191530434,0.323917920745741,0.368339968328565
"ecxwb2",1.35268166496955,0.343353458809428,0.322123134870368,0.366272768453506
"ecxwb2",1.36356613036099,0.341374288892015,0.32030249164455,0.364181428884312
"ecxwb2",1.37453817850744,0.339416330421272,0.31848935607886,0.362066870123348
"ecxwb2",1.38559851415079,0.337453217069868,0.316621972046914,0.35995771893012
"ecxwb2",1.39674784770375,0.335478765719119,0.314834849227107,0.357902690510022
"ecxwb2",1.40798689529536,0.333533443335711,0.312977220751932,0.355804924792773
"ecxwb2",1.41931637881711,0.331633271230808,0.311125492607312,0.353739668471627
"ecxwb2",1.43073702596922,0.329694879460465,0.309299375669219,0.351649323791174
"ecxwb2",1.44224957030741,0.32775132593541,0.307481717907257,0.349605498768166
"ecxwb2",1.45385475129002,0.325808263658967,0.305658180071118,0.347542080558172
"ecxwb2",1.46555331432551,0.32388990298726,0.303910397466399,0.34547310477126
"ecxwb2",1.47734601082033,0.321959347066015,0.302098669761957,0.343403334557556
"ecxwb2",1.48923359822717,0.320066589791536,0.30024962159067,0.341378559175168
"ecxwb2",1.50121684009364,0.318186503484084,0.298471806922321,0.339333657255553
"ecxwb2",1.51329650611131,0.316279588269072,0.296707871737174,0.337301162269502
"ecxwb2",1.5254733721651,0.314377952003243,0.294923988059906,0.335209791348195
"ecxwb2",1.53774822038319,0.312515126923048,0.293083867889101,0.333150694607517
"ecxwb2",1.55012183918721,0.310628771442829,0.291299094709757,0.33107521287815
"ecxwb2",1.56259502334287,0.30874904418741,0.289508487895104,0.329038894368991
"ecxwb2",1.57516857401105,0.306888073616632,0.287706706653385,0.327076781240355
"ecxwb2",1.58784329879923,0.305021821769665,0.286007821020392,0.325118181492189
"ecxwb2",1.60062001181338,0.303135783154694,0.284284364219073,0.323165344785387
"ecxwb2",1.61349953371022,0.301266908799398,0.282528393526426,0.321218922767
"ecxwb2",1.62648269174997,0.299419772646877,0.280778631129254,0.319245152878431
"ecxwb2",1.63957031984947,0.297578978094122,0.279083631987029,0.317287930324481
"ecxwb2",1.65276325863573,0.295782491610862,0.277361792645317,0.315299700725324
"ecxwb2",1.66606235549994,0.293955703438639,0.27561940497714,0.313382908793705
"ecxwb2",1.67946846465188,0.292167591704959,0.274006102721853,0.311488559011514
"ecxwb2",1.69298244717484,0.290336790675355,0.272185278088259,0.309578628964365
"ecxwb2",1.70660517108084,0.288526635495177,0.270394901693227,0.307637987928926
"ecxwb2",1.72033751136647,0.286708332320708,0.268695840980249,0.305711079759221
"ecxwb2",1.73418035006901,0.284881716725688,0.267041271849544,0.30383801653848
"ecxwb2",1.74813457632318,0.283120391813316,0.265317862530057,0.302012818367446
"ecxwb2",1.76220108641815,0.281330763976826,0.263653526666876,0.300091984003993
"ecxwb2",1.77638078385517,0.279559164413181,0.261963995546082,0.298264599799344
"ecxwb2",1.7906745794056,0.277792956521202,0.260342533518391,0.296408123153607
"ecxwb2",1.80508339116939,0.276027250133334,0.258665125497796,0.294529376758874
"ecxwb2",1.81960814463405,0.274253438369398,0.256934198844049,0.29266420401436
"ecxwb2",1.83424977273411,0.272502612244377,0.255222811983225,0.290849277107276
"ecxwb2",1.84900921591104,0.270758006589982,0.253611829249637,0.288986492529691
"ecxwb2",1.86388742217363,0.269019717854229,0.251992686431758,0.287154844593164
"ecxwb2",1.87888534715892,0.267278602749092,0.250351282294944,0.285265557742528
"ecxwb2",1.89400395419356,0.265559241349711,0.248611408302482,0.283482596300455
"ecxwb2",1.90924421435568,0.263843287836667,0.247029472114104,0.281650980033747
"ecxwb2",1.92460710653729,0.262133260420271,0.245463462060157,0.27992811713068
"ecxwb2",1.94009361750711,0.260449115500189,0.243803633754221,0.278153859836036
"ecxwb2",1.955704741974,0.25877065209177,0.242199808070993,0.276343194427751
"ecxwb2",1.9714414826508,0.257117545055451,0.240585150357905,0.274593897322973
"ecxwb2",1.9873048503188,0.255450339763753,0.239016867728243,0.272815979820408
"ecxwb2",2.00329586389258,0.253791311708845,0.237425166423658,0.271044427715182
"ecxwb2",2.01941555048554,0.252119719270527,0.235878315251477,0.26924782127677
"ecxwb2",2.03566494547582,0.250461269192447,0.234350460162464,0.267523344453635
"ecxwb2",2.05204509257281,0.248808842943866,0.232752866786787,0.2658397308823
"ecxwb2",2.0685570438842,0.247164909010276,0.231210920267971,0.264105464520556
"ecxwb2",2.08520185998355,0.245526643962446,0.229614185495999,0.262458116326671
"ecxwb2",2.10198060997842,0.243895451929284,0.228027902762694,0.260815203883012
"ecxwb2",2.11889437157901,0.242297205551953,0.226501527110348,0.259117755614658
"ecxwb2",2.13594423116744,0.240689550302724,0.224934796683342,0.25741169406685
"ecxwb2",2.15313128386747,0.239093083587785,0.223431584974622,0.25574133426949
"ecxwb2",2.17045663361486,0.237500134575713,0.221906889091599,0.254021605427908
"ecxwb2",2.18792139322831,0.235917101473201,0.220275884026517,0.252427499888941
"ecxwb2",2.20552668448087,0.234360941515843,0.218767984446608,0.250840314632986
"ecxwb2",2.22327363817206,0.232808485903233,0.217298069975359,0.249231620256103
"ecxwb2",2.24116339420045,0.231239361795821,0.215806480915019,0.247579957196523
"ecxwb2",2.25919710163692,0.229687567311176,0.214288879338295,0.245955787683765
"ecxwb2",2.27737591879844,0.228163357272409,0.212806455636208,0.244372295134304
"ecxwb2",2.29570101332245,0.226641568463724,0.211385530702289,0.242760032978736
"ecxwb2",2.31417356224191,0.225093306207716,0.20991876975979,0.241154194815969
"ecxwb2",2.33279475206086,0.223567509410924,0.208404822858977,0.239569047447271
"ecxwb2",2.35156577883064,0.222053399905646,0.206970906676804,0.238007801312109
"ecxwb2",2.37048784822674,0.220551618903603,0.205522740005463,0.23645877811868
"ecxwb2",2.38956217562618,0.219068232786391,0.204067774044543,0.234869992421651
"ecxwb2",2.40878998618565,0.217600156466412,0.20259324733757,0.233348391672019
"ecxwb2",2.42817251492014,0.216121984607957,0.201147813239442,0.231772677926382
"ecxwb2",2.4477110067823,0.214656962702195,0.199736745221051,0.23018023313241
"ecxwb2",2.46740671674239,0.213190860044823,0.198345782954836,0.22858952986648
"ecxwb2",2.4872609098689,0.211748631818398,0.19688397241579,0.227040652275193
"ecxwb2",2.50727486140979,0.210312167961739,0.195472316658138,0.225502554810982
"ecxwb2",2.52744985687442,0.208882670039648,0.194066195108672,0.224034304831937
"ecxwb2",2.5477871921161,0.207451979409905,0.192715529466081,0.222568455587261
"ecxwb2",2.56828817341532,0.206010967094009,0.191325817738163,0.221090970254715
"ecxwb2",2.58895411756369,0.204613306254826,0.18998142405317,0.21966470224233
"ecxwb2",2.60978635194848,0.203204949253905,0.188616259356893,0.218158522808622
"ecxwb2",2.63078621463789,0.201815221155444,0.18727512945987,0.21666404758545
"ecxwb2",2.65195505446699,0.200424956632123,0.185944287048821,0.215238867587651
"ecxwb2",2.67329423112439,0.199052933582992,0.184623075196844,0.213753070872768
"ecxwb2",2.69480511523952,0.197673728381271,0.183308810378337,0.212318713836959
"ecxwb2",2.71648908847069,0.196296754103603,0.181942470204325,0.210924585268446
"ecxwb2",2.73834754359388,0.194936202725323,0.180679495509172,0.209510631505855
"ecxwb2",2.7603818845921,0.193581350721049,0.179394590574419,0.208136258363738
"ecxwb2",2.78259352674567,0.192246467520354,0.178089595587445,0.206808871555611
"ecxwb2",2.80498389672307,0.190903180077486,0.176795033303085,0.205420448894599
"ecxwb2",2.82755443267258,0.189554808578619,0.175520157426472,0.203991724817366
"ecxwb2",2.85030658431466,0.188219228683899,0.17419831281351,0.202649274959081
"ecxwb2",2.87324181303506,0.186886614564732,0.172838523231055,0.201286987326163
"ecxwb2",2.89636159197871,0.185567662067699,0.171540958473905,0.199886350186951
"ecxwb2",2.91966740614431,0.184270643678299,0.170232683604852,0.198554360350252
"ecxwb2",2.94316075247972,0.183011374636199,0.169004629267261,0.197177380345864
"ecxwb2",2.96684313997814,0.18173084886696,0.167752780235699,0.195852862356534
"ecxwb2",2.99071608977498,0.180447781198934,0.166502193977749,0.194555307555159
"ecxwb2",3.01478113524562,0.179182086608543,0.165272494937511,0.193224037233021
"ecxwb2",3.03903982210384,0.17793889720813,0.163987486513767,0.191946992155183
"ecxwb2",3.06349370850116,0.176683405066459,0.162776466246053,0.190618247409992
"ecxwb2",3.08814436512688,0.175428192586415,0.161567675589408,0.189296244717733
"ecxwb2",3.11299337530901,0.174205442396611,0.160378161650799,0.188016792396157
"ecxwb2",3.13804233511589,0.172983787381048,0.159143335426966,0.186732262455998
"ecxwb2",3.16329285345882,0.171740383602278,0.157934592145763,0.185479245075826
"ecxwb2",3.18874655219527,0.170526070691167,0.156765263828347,0.184249588896232
"ecxwb2",3.21440506623319,0.169318027226721,0.155609800896649,0.183032581905977
"ecxwb2",3.24027004363589,0.168109976438478,0.15445567372956,0.181822806349907
"ecxwb2",3.266343145728,0.16694213169248,0.153283855698107,0.180594785488704
"ecxwb2",3.29262604720213,0.165760846778794,0.152161959702491,0.17932886871715
"ecxwb2",3.31912043622642,0.16457919838616,0.15098443881095,0.178080922888017
"ecxwb2",3.34582801455302,0.163397574320576,0.149862798194921,0.176863669331217
"ecxwb2",3.37275049762737,0.162220313606275,0.148702052060205,0.175609955692369
"ecxwb2",3.39988961469836,0.161066614288981,0.147585443059405,0.174458154283436
"ecxwb2",3.42724710892945,0.15990136752495,0.146439977267119,0.17327986299877
"ecxwb2",3.4548247375106,0.158766374791009,0.145308406599847,0.172055253057072
"ecxwb2",3.48262427177114,0.1576294226027,0.144223684859209,0.17093683902252
"ecxwb2",3.51064749729357,0.156512590819791,0.143123612748111,0.169775808355963
"ecxwb2",3.53889621402819,0.155385648044034,0.141998517712442,0.168627884632195
"ecxwb2",3.56737223640878,0.154284712318953,0.140956416601495,0.167499106814985
"ecxwb2",3.59607739346911,0.153168709308538,0.139887638881733,0.166367653721128
"ecxwb2",3.62501352896042,0.152070544245553,0.138844865014899,0.165265114017851
"ecxwb2",3.65418250146983,0.150984333067985,0.137778440088147,0.164097545218687
"ecxwb2",3.68358618453975,0.149907608323704,0.136732759094494,0.162967388198673
"ecxwb2",3.71322646678821,0.148828192469283,0.135685735863972,0.161870052723855
"ecxwb2",3.74310525203015,0.147763560066307,0.134639235343221,0.160786734516616
"ecxwb2",3.77322445939973,0.146698998671518,0.133613348632344,0.159699541803295
"ecxwb2",3.80358602347357,0.145649634844633,0.132587384831185,0.158624480558786
"ecxwb2",3.83419189439502,0.144593027838922,0.131559086847563,0.157501903506231
"ecxwb2",3.86504403799943,0.14356048280675,0.130523682430473,0.156470016304881
"ecxwb2",3.89614443594039,0.142526390024055,0.129466093941705,0.155400180238439
"ecxwb2",3.92749508581706,0.141497244146595,0.12848949437886,0.154293797932588
"ecxwb2",3.95909800130243,0.14046808155955,0.127441031984568,0.15325004665584
"ecxwb2",3.99095521227266,0.139446277059545,0.126442876602984,0.152221238989634
"ecxwb2",4.02306876493751,0.138439031353511,0.125478527159728,0.151158468480346
"ecxwb2",4.05544072197172,0.137442464453406,0.12447438524063,0.150089790963709
"ecxwb2",4.0880731626475,0.13643442859534,0.123495535321663,0.149032405274478
"ecxwb2",4.12096818296813,0.135448560123834,0.1225199373555,0.147994070227722
"ecxwb2",4.15412789580253,0.134456024803226,0.121556855787238,0.14699546646071
"ecxwb2",4.187554431021,0.133477459996085,0.12060132245249,0.146021115075258
"ecxwb2",4.22124993563203,0.132518596447107,0.119661810150685,0.145035562413306
"ecxwb2",4.25521657392016,0.131538600837854,0.118746216578194,0.144040298665329
"ecxwb2",4.28945652758506,0.130582423748176,0.117814276044274,0.143076576669186
"ecxwb2",4.32397199588162,0.129635767088356,0.116906710277608,0.142080488268018
"ecxwb2",4.35876519576121,0.128696123640641,0.11596622934565,0.14109579598086
"ecxwb2",4.39383836201408,0.127761409444998,0.115048913987342,0.140130322179223
"ecxwb2",4.42919374741291,0.126835812947951,0.114130200329258,0.139157723633178
"ecxwb2",4.46483362285751,0.125905370752791,0.113198238527385,0.138223733330719
"ecxwb2",4.50076027752066,0.124983808959649,0.112341055330275,0.137291516209178
"ecxwb2",4.53697601899517,0.124067768380837,0.111453640327288,0.136356125255284
"ecxwb2",4.57348317344208,0.123173824629033,0.110571943705744,0.135409167550254
"ecxwb2",4.61028408574009,0.122278463015234,0.109700631684999,0.134475828565516
"ecxwb2",4.64738111963615,0.121399117304406,0.108831500935642,0.133523996500682
"ecxwb2",4.6847766578973,0.120520121184555,0.107984287255654,0.132627941451132
"ecxwb2",4.7224731024637,0.119639075289941,0.107163400436601,0.131734069164304
"ecxwb2",4.76047287460295,0.118762827817969,0.106327959107416,0.130838563410084
"ecxwb2",4.79877841506555,0.117891432029643,0.105483434728403,0.129929173683567
"ecxwb2",4.83739218424173,0.117027229221212,0.104640975354574,0.129033546772513
"ecxwb2",4.87631666231942,0.116165876234663,0.103805960390756,0.128151317562806
"ecxwb2",4.91555434944363,0.115317240490169,0.102977051694995,0.127272219419189
"ecxwb2",4.95510776587696,0.114473183610873,0.102154692652316,0.126427072712555
"ecxwb2",4.99497945216153,0.113623301926587,0.101335970666215,0.125572074300726
"ecxwb2",5.03517196928213,0.112782891280672,0.100529717403145,0.124726976697366
"ecxwb2",5.07568789883074,0.111946991363765,0.099727831998626,0.123891220577686
"ecxwb2",5.11652984317234,0.111132120923095,0.0989302899958462,0.123056725245337
"ecxwb2",5.15770042561203,0.110318725253932,0.0981566298349232,0.122189584975882
"ecxwb2",5.19920229056357,0.109517958608062,0.0973800269228827,0.121315495313494
"ecxwb2",5.24103810371923,0.108703645700396,0.0966098790272044,0.120468135782927
"ecxwb2",5.28321055222095,0.107907446821885,0.0958630813291922,0.119627383967109
"ecxwb2",5.32572234483303,0.1071114122728,0.0951007326288117,0.118792745823319
"ecxwb2",5.36857621211604,0.10632515598301,0.0943445329559308,0.117959727916639
"ecxwb2",5.41177490660223,0.105529131638521,0.0935900697056444,0.117151095519285
"ecxwb2",5.45532120297235,0.104749521062478,0.0928426808100181,0.116354219040701
"ecxwb2",5.49921789823382,0.103979628593739,0.0920855432462121,0.115562488940565
"ecxwb2",5.54346781190044,0.103201187524504,0.0913742849486784,0.114766069005721
"ecxwb2",5.58807378617345,0.102437455857343,0.0906535511560362,0.113993286402322
"ecxwb2",5.63303868612409,0.101687326654538,0.0899231176373449,0.113211316180621
"ecxwb2",5.67836539987766,0.100938082103983,0.0892211507517652,0.11240426140586
"ecxwb2",5.72405683879896,0.100190307998358,0.0885106735871292,0.11163176472931
"ecxwb2",5.77011593767938,0.0994457428302901,0.0878253525429255,0.110867850508279
"ecxwb2",5.8165456549253,0.0987163894927839,0.0871111749830665,0.110118875591574
"ecxwb2",5.86334897274819,0.0979976081258117,0.0864218609728774,0.109352813114686
"ecxwb2",5.91052889735614,0.0972815032674359,0.085739634710766,0.108607520440868
"ecxwb2",5.95808845914694,0.096559169192204,0.0850822651648496,0.107855991350633
"ecxwb2",6.00603071290269,0.0958501473455242,0.0843969911686758,0.107122851012531
"ecxwb2",6.05435873798611,0.0951395226780623,0.0837159581653197,0.106379188290593
"ecxwb2",6.10307563853822,0.0944336240666561,0.0830608637278212,0.105601152106649
"ecxwb2",6.15218454367778,0.09374352699382,0.0824080418557669,0.104882282413291
"ecxwb2",6.20168860770229,0.0930554505403675,0.0817634857702848,0.104135286157775
"ecxwb2",6.25159101029052,0.0923626883262238,0.081124361512201,0.103435470370265
"ecxwb2",6.30189495670683,0.0916853715651516,0.0804904436545451,0.102723224682372
"ecxwb2",6.35260367800699,0.0910074920702269,0.0798311766486705,0.102015731911182
"ecxwb2",6.40372043124573,0.0903270104613763,0.0792105830960405,0.101321271249334
"ecxwb2",6.45524849968593,0.0896628367706111,0.078607836971419,0.100624878659947
"ecxwb2",6.50719119300954,0.088996639381247,0.077978234364571,0.0999255305442786
"ecxwb2",6.55955184753014,0.0883361540624762,0.0773411997886024,0.0992622281119284
"ecxwb2",6.61233382640719,0.0876817222089685,0.0767368007742802,0.0985829626510068
"ecxwb2",6.66554051986216,0.0870371731308519,0.0761073410899601,0.0979112065903198
"ecxwb2",6.71917534539617,0.0863929911798415,0.0755110528307225,0.0972357504273176
"ecxwb2",6.77324174800955,0.0857617137129671,0.0749196119440705,0.0965806894894032
"ecxwb2",6.82774320042315,0.0851281118722905,0.0743269696492883,0.0959297004504746
"ecxwb2",6.88268320330131,0.0845012300054852,0.0737271430684285,0.0952703889677567
"ecxwb2",6.93806528547677,0.0838796982130355,0.0731459528559791,0.0946291457076744
"ecxwb2",6.99389300417734,0.083259319510939,0.0725782357874473,0.0939877249257677
"ecxwb2",7.05016994525433,0.0826412886497981,0.072008305495015,0.0933547183177117
"ecxwb2",7.1068997234129,0.0820295078626554,0.0714431898360758,0.0927155233505246
"ecxwb2",7.16408598244428,0.0814205296168883,0.0708854592780522,0.0920710251240982
"ecxwb2",7.2217323954597,0.0808197556572529,0.0703462746651236,0.0914274664354236
"ecxwb2",7.27984266512644,0.0802253431358827,0.0697753279651412,0.0907908081332829
"ecxwb2",7.33842052390557,0.0796349952154201,0.0692212415408477,0.0901607301220615
"ecxwb2",7.39746973429174,0.0790505507217515,0.0686864779727074,0.0895362083607416
"ecxwb2",7.4569940890548,0.0784679367172204,0.0681492485955146,0.0889286923987367
"ecxwb2",7.51699741148346,0.077895782841832,0.0676199162035863,0.0883165211740243
"ecxwb2",7.57748355563082,0.0773315148695658,0.0670876142978716,0.0877058965795408
"ecxwb2",7.63845640656197,0.0767522179323895,0.0665628969580136,0.0871044154801616
"ecxwb2",7.69991988060346,0.0761903037805055,0.0660401685488505,0.0865149702987976
"ecxwb2",7.76187792559492,0.0756334627742172,0.0655165915380592,0.0859212250159637
"ecxwb2",7.82433452114258,0.0750742714912248,0.0649972797463223,0.0853325188606305
"ecxwb2",7.88729367887489,0.0745305790924211,0.0644825758292026,0.08475121633346
"ecxwb2",7.95075944270026,0.0739881219952731,0.0639723195195103,0.0841618127194139
"ecxwb2",8.01473588906667,0.073448467387541,0.0634654776809332,0.0835836421175423
"ecxwb2",8.07922712722361,0.0729048950673799,0.0629609819382472,0.0830058723409334
"ecxwb2",8.14423729948602,0.0723728524916069,0.0624611338667073,0.0824320045177441
"ecxwb2",8.20977058150026,0.0718456479229782,0.0619675172785562,0.0818624918800437
"ecxwb2",8.27583118251241,0.0713206647907382,0.0614912268744209,0.0813184562887814
"ecxwb2",8.34242334563861,0.0707972333378899,0.0610445160468754,0.0807613312187087
"ecxwb2",8.40955134813756,0.0702828420264324,0.0605797678965664,0.0802083102237381
"ecxwb2",8.47721950168529,0.0697707328574959,0.0600990561246908,0.0796600281825011
"ecxwb2",8.54543215265208,0.0692591658612017,0.0596277967491007,0.079119745045544
"ecxwb2",8.61419368238166,0.0687557499089963,0.0591637731525808,0.0785743190193767
"ecxwb2",8.68350850747257,0.0682530334211806,0.0587131957906591,0.0780389026870144
"ecxwb2",8.75338108006193,0.0677512861677912,0.0582673496093876,0.077500451617663
"ecxwb2",8.8238158881113,0.0672628134576531,0.0578265954418479,0.076967243185673
"ecxwb2",8.89481745569502,0.0667680631948538,0.0573890679658562,0.0764383256795516
"ecxwb2",8.96639034329078,0.0662770900510082,0.0569501707297903,0.0759088235828818
"ecxwb2",9.03853914807251,0.0657922162533349,0.0565091065728245,0.0753768755920476
"ecxwb2",9.11126850420567,0.0653128731277753,0.0560605518198065,0.0748597215406785
"ecxwb2",9.18458308314498,0.0648305595999973,0.0556333627082522,0.0743406301686669
"ecxwb2",9.25848759393434,0.0643593317950069,0.055218285946777,0.0738256801278068
"ecxwb2",9.33298678350939,0.063891943266952,0.0547972836476964,0.0733139038883834
"ecxwb2",9.4080854370024,0.0634197555990209,0.0543631160485936,0.0728194061585476
"ecxwb2",9.48378837804958,0.0629570277440464,0.0539526919849627,0.0723114729584889
"ecxwb2",9.56010046910091,0.0624982912822435,0.0535463122297122,0.071800844859562
"ecxwb2",9.63702661173254,0.0620448493692664,0.0531221338791835,0.0713021022790933
"ecxwb2",9.71457174696151,0.0615955210504476,0.0527185652161484,0.0708139274676644
"ecxwb2",9.79274085556316,0.0611545282753345,0.0523313233076539,0.0703372112997435
"ecxwb2",9.8715389583911,0.0607216291420215,0.0519336112646189,0.0698513358373459
"ecxwb2",9.95097111669961,0.0602866082208766,0.0515326476421683,0.0693852709246769
"ecxwb2",10.0310424324688,0.0598447592596362,0.0511442660024074,0.0689158372087741
"ecxwb2",10.1117580487322,0.0594120647581127,0.0507595298957094,0.0684465320249601
"ecxwb2",10.1931231499074,0.0589886213113053,0.0503827458867921,0.0679809766530405
"ecxwb2",10.2751429621286,0.058562512715487,0.0500123097301109,0.0675272340391408
"ecxwb2",10.3578227535827,0.0581372124335962,0.0496420898257002,0.067065339860269
"ecxwb2",10.4411678348473,0.0577166878493689,0.0492572408864142,0.0666145690195374
"ecxwb2",10.5251835592322,0.0573036720636182,0.0488754911410005,0.0661608878825567
"ecxwb2",10.609875323123,0.0568913143508136,0.0485141426586259,0.0657149381914501
"ecxwb2",10.6952485663278,0.0564821225279732,0.0481597617496023,0.0652553715290423
"ecxwb2",10.7813087724264,0.0560692949828401,0.0478083058246476,0.06480603609871
"ecxwb2",10.8680614691228,0.0556664774508707,0.0474413362848399,0.0643635326805966
"ecxwb2",10.9555122286002,0.0552667885100981,0.0470774647197304,0.0639333487872113
"ecxwb2",11.0436666678787,0.0548688741575908,0.0467318499568067,0.0635009418126
"ecxwb2",11.1325304491763,0.0544745786830713,0.0463839492943773,0.0630581694114308
"ecxwb2",11.2221092802725,0.0540785663347871,0.0460379072959076,0.0626399885452127
"ecxwb2",11.3124089148749,0.0536858015601574,0.0456876629943142,0.0622192272515009
"ecxwb2",11.4034351529888,0.0533081850501498,0.0453327472009587,0.0617943158085044
"ecxwb2",11.4951938412897,0.0529283140253268,0.044976803708791,0.0613729567894809
"ecxwb2",11.5876908734988,0.0525516150512052,0.0446457311398666,0.0609584291745829
"ecxwb2",11.6809321907619,0.0521777534336126,0.0443004382602544,0.0605495377726926
"ecxwb2",11.7749237820303,0.0518050428749518,0.043948967727477,0.0601435690119385
"ecxwb2",11.8696716844462,0.0514331229880879,0.0436219814968004,0.0597446703914095
"ecxwb2",11.9651819837302,0.051068153226702,0.0432996287950077,0.0593489988758038
"ecxwb2",12.0614608145718,0.0507068781489459,0.0429753529479668,0.0589561440244161
"ecxwb2",12.1585143610242,0.0503499555091576,0.0426424093086667,0.0585707920246695
"ecxwb2",12.2563488569009,0.0499910100347887,0.0423351827233468,0.0581935007673223
"ecxwb2",12.3549705861763,0.0496345300079408,0.0420205506445346,0.0578168391903676
"ecxwb2",12.4543858833893,0.0492821944182625,0.0417252195434239,0.0574391640495467
"ecxwb2",12.5546011340502,0.0489302863157442,0.0414123327270335,0.0570639004150686
"ecxwb2",12.655622775051,0.0485863148967268,0.0410965169745856,0.0566711065724411
"ecxwb2",12.7574572950785,0.0482395354747331,0.0407827802286118,0.0562869283581133
"ecxwb2",12.8601112350314,0.0478994743047213,0.0404855099749552,0.0559070812078285
"ecxwb2",12.96359118844,0.0475674590639743,0.0401967302346791,0.0555277767302421
"ecxwb2",13.0679038018904,0.0472327656663451,0.0399041671706202,0.0551517765984885
"ecxwb2",13.1730557754507,0.0469031792363836,0.0396067167322986,0.0547740296960879
"ecxwb2",13.2790538631017,0.0465760767950275,0.03931387539581,0.0544190762994013
"ecxwb2",13.3859048731709,0.0462533209765339,0.0390215735848875,0.0540612474466663
"ecxwb2",13.4936156687692,0.0459308710410669,0.0387324321225489,0.0536886465935705
"ecxwb2",13.6021931682324,0.045605570392558,0.0384516850887367,0.0533249605070253
"ecxwb2",13.7116443455652,0.0452833926686717,0.0381788339791733,0.0529780032987651
"ecxwb2",13.821976230889,0.0449702139318713,0.037911970678546,0.0526335377112429
"ecxwb2",13.9331959108939,0.0446578143499,0.0376283739996469,0.0522913532779466
"ecxwb2",14.0453105292936,0.044343209453875,0.0373505051928421,0.0519432448441658
"ecxwb2",14.1583272872842,0.0440340721353601,0.0370961040689765,0.0515851594322061
"ecxwb2",14.2722534440068,0.0437325688261101,0.0368494052213749,0.0512419337883228
"ecxwb2",14.3870963170139,0.0434297109001898,0.0366049959914426,0.0509068283091393
"ecxwb2",14.5028632827393,0.0431296287651879,0.0363379828231239,0.0505722741311449
"ecxwb2",14.6195617769718,0.0428252975500712,0.0360623882158107,0.0502385041219191
"ecxwb2",14.7371992953328,0.0425339524705575,0.035803511662373,0.0499135232989415
"ecxwb2",14.8557833937581,0.0422358691986735,0.0355570559679981,0.0495864589573925
"ecxwb2",14.9753216889827,0.0419438132047001,0.0353123286453525,0.0492642397607518
"ecxwb2",15.0958218590306,0.0416539173384717,0.0350523521360601,0.048942119155683
"ecxwb2",15.2172916437073,0.0413701752801318,0.0347942075222605,0.0486273167142561
"ecxwb2",15.3397388450975,0.0410865375991936,0.0345379870078822,0.0483125506852736
"ecxwb2",15.4631713280661,0.0408065036558761,0.0342890164098716,0.0479861822260196
"ecxwb2",15.587597020763,0.0405262607879529,0.0340702011800089,0.0476613640756131
"ecxwb2",15.7130239151329,0.0402485274017903,0.0338279817603523,0.0473389264634231
"ecxwb2",15.8394600674282,0.0399759324610596,0.0335845406669595,0.0470298276166054
"ecxwb2",15.9669135987267,0.0397059077469715,0.0333563138535129,0.0467173547722602
"ecxwb2",16.0953926954529,0.0394385532856622,0.0331287468199197,0.0464168411875082
"ecxwb2",16.2249056099044,0.0391672942281265,0.032896295756386,0.046120640528018
"ecxwb2",16.3554606607814,0.0389005748852066,0.0326695391038377,0.0458265494025004
"ecxwb2",16.4870662337211,0.0386342049886168,0.0324362175957772,0.045521070375251
"ecxwb2",16.6197307818366,0.0383670277693535,0.0322114701421516,0.0452114701736978
"ecxwb2",16.7534628262597,0.0381076135716237,0.0319904536429458,0.0449155589665219
"ecxwb2",16.888270956688,0.0378505253277338,0.0317621268135668,0.0446257579236078
"ecxwb2",17.0241638319371,0.0375911513759888,0.0315392979486911,0.044324290061421
"ecxwb2",17.1611501804961,0.0373386546959834,0.0313195296405858,0.0440318924228738
"ecxwb2",17.299238801089,0.0370856564707267,0.0310994651169373,0.043745201482755
"ecxwb2",17.4384385632392,0.0368350432719787,0.0308886701322869,0.0434615433191679
"ecxwb2",17.5787584078396,0.036586968493428,0.0306714056964507,0.0431795590107439
"ecxwb2",17.7202073477267,0.0363425303537701,0.0304602118381122,0.0428893991633471
"ecxwb2",17.8627944682595,0.0360975532244434,0.0302556463519171,0.0426218970717045
"ecxwb2",18.0065289279031,0.0358526394922498,0.0300528255269904,0.0423430597664402
"ecxwb2",18.151419958817,0.0356123175217489,0.0298518357177042,0.0420725318308132
"ecxwb2",18.297476867448,0.0353698258879976,0.0296395668046011,0.0418010412279761
"ecxwb2",18.444709035128,0.0351297357167819,0.0294324231130672,0.0415313165189546
"ecxwb2",18.5931259186765,0.0348959985025111,0.0292260864479855,0.0412693052063703
"ecxwb2",18.7427370510083,0.0346649634779329,0.0290263187181665,0.0410027768996755
"ecxwb2",18.8935520417454,0.0344369265054149,0.0288173881691742,0.0407436262654485
"ecxwb2",19.0455805778344,0.0342105267779064,0.0286123377538689,0.0404824820460808
"ecxwb2",19.1988324241689,0.0339783443196112,0.0284227108478786,0.0402311947611897
"ecxwb2",19.3533174242163,0.0337536709516757,0.0282319013800204,0.0399818727915679
"ecxwb2",19.5090455006505,0.0335324253067081,0.0280447285534841,0.0397257223904108
"ecxwb2",19.6660266559888,0.033313681598858,0.0278641342141215,0.0394762545675269
"ecxwb2",19.8242709732348,0.0330956464557844,0.0276665736379362,0.0392275866685073
"ecxwb2",19.9837886165257,0.0328784593564382,0.0274887213935371,0.0389720439315991
"ecxwb2",20.1445898317852,0.0326662593370889,0.0272927876673029,0.038732340807769
"ecxwb2",20.306684947382,0.0324522536540105,0.0271116864835918,0.0384840596779443
"ecxwb2",20.4700843747925,0.0322440510892356,0.026943816323038,0.0382360437321687
"ecxwb2",20.6347986092701,0.0320317896911619,0.0267608065904151,0.0379930372242926
"ecxwb2",20.800838230519,0.0318218036182122,0.0265799328566534,0.0377502113033127
"ecxwb2",20.9682139033741,0.0316127502477103,0.026419459198234,0.0375105183079764
"ecxwb2",21.1369363784857,0.0314097773985641,0.0262505294527617,0.0372703857335238
"ecxwb2",21.3070164930098,0.0312053510044042,0.0260779159845826,0.0370374357781433
"ecxwb2",21.4784651713049,0.0310018113163604,0.0259113516013134,0.0368080362706801
"ecxwb2",21.651293425633,0.0307993543473184,0.0257483968743969,0.0365797709928657
"ecxwb2",21.8255123568674,0.0306018197273434,0.0255752720308766,0.0363537864377475
"ecxwb2",22.0011331552051,0.0304104701247144,0.0254042499560779,0.0361271509726792
"ecxwb2",22.1781671008864,0.0302128643622821,0.0252409299612323,0.0359019935997932
"ecxwb2",22.3566255649188,0.0300181816321553,0.0250789464502578,0.0356802662516429
"ecxwb2",22.5365200098075,0.0298318808802936,0.0249166576094003,0.0354572055921592
"ecxwb2",22.7178619902917,0.0296417073083194,0.024751028996459,0.0352367538916842
"ecxwb2",22.9006631540869,0.0294493792813457,0.0245917288446705,0.0350183557384134
"ecxwb2",23.0849352426328,0.0292605195070261,0.0244327807518755,0.0348016432593765
"ecxwb2",23.2706900918477,0.0290715736890297,0.024269817245598,0.034594381103145
"ecxwb2",23.4579396328883,0.0288860733930939,0.0241083364384231,0.0343725312684197
"ecxwb2",23.6466958929168,0.028698813459489,0.0239568498502824,0.0341626613349557
"ecxwb2",23.8369709958725,0.0285174605765639,0.0237952771432108,0.0339684377351248
"ecxwb2",24.0287771632513,0.0283336858186137,0.0236363684953233,0.0337723013379479
"ecxwb2",24.2221267148902,0.0281596455952797,0.0234894839337842,0.0335611368441054
"ecxwb2",24.417032069759,0.0279858456775599,0.0233397025521659,0.0333707733735343
"ecxwb2",24.6135057467575,0.0278149293847693,0.0232020276699905,0.0331670408229442
"ecxwb2",24.81156036552,0.0276424888372052,0.0230477335792232,0.0329654608273686
"ecxwb2",25.0112086472259,0.0274689317440254,0.02291182763069,0.0327670342738871
"ecxwb2",25.2124634154163,0.0272994718041291,0.022768479716449,0.0325715145831157
"ecxwb2",25.4153375968182,0.0271322653461506,0.0226261013872091,0.0323613842221896
"ecxwb2",25.6198442221746,0.0269648179101699,0.0224885754447967,0.0321679735982039
"ecxwb2",25.8259964270813,0.0267996136137874,0.0223416797098271,0.0319753713086196
"ecxwb2",26.033807452831,0.0266364615685272,0.0222107956341491,0.0317814592504301
"ecxwb2",26.2432906472632,0.0264740387773765,0.0220727195792296,0.0315891854695982
"ecxwb2",26.4544594656224,0.0263159927053002,0.021926854018721,0.031386358270673
"ecxwb2",26.6673274714213,0.026154334097278,0.0217907228735045,0.031194112101845
"ecxwb2",26.8819083373129,0.0259903243639043,0.0216546937188328,0.0310002780002848
"ecxwb2",27.0982158459683,0.0258300798441947,0.0215272587999852,0.0308169574851403
"ecxwb2",27.3162638909619,0.0256753022738635,0.0213864474487947,0.030633874178877
"ecxwb2",27.5360664776639,0.0255164579437887,0.0212465363556141,0.030445139618366
"ecxwb2",27.7576377241399,0.0253653663377955,0.0211128129392155,0.0302773782169074
"ecxwb2",27.9809918620578,0.025211042941841,0.0209804189637361,0.0300985564012004
"ecxwb2",28.2061432376016,0.0250570723551468,0.0208502369995339,0.029918690479252
"ecxwb2",28.4331063123932,0.0249090234112421,0.0207235966431066,0.0297470301810651
"ecxwb2",28.6618956644211,0.0247608213555359,0.0206107374416187,0.0295768780284098
"ecxwb2",28.8925259889768,0.0246093108088938,0.0204921345522977,0.0294103190003333
"ecxwb2",29.1250120995988,0.0244660001850903,0.0203524859084583,0.0292399133417617
"ecxwb2",29.3593689290236,0.0243198951295365,0.0202364218812407,0.0290735469648778
"ecxwb2",29.5956115301457,0.0241768287494011,0.020115227791504,0.0289083789543459
"ecxwb2",29.8337550769836,0.0240377485577062,0.0199981312312518,0.0287497699630586
"ecxwb2",30.0738148656549,0.0238971001019941,0.019870603628201,0.028594137628113
"ecxwb2",30.3158063153588,0.0237542718191638,0.0197481656521554,0.0284386098631666
"ecxwb2",30.5597449693662,0.0236102954281427,0.019619591614318,0.0282752144195179
"ecxwb2",30.8056464960183,0.0234671059414036,0.0195010884357576,0.0281039915071505
"ecxwb2",31.0535266897329,0.0233269423033768,0.0193782217680566,0.0279465631573609
"ecxwb2",31.303401472019,0.023192034485269,0.0192564230581779,0.0277918385951682
"ecxwb2",31.5552868924991,0.0230545712871011,0.0191403652280185,0.0276319763893096
"ecxwb2",31.8091991299405,0.0229233248762133,0.0190163498934764,0.0274798491163941
"ecxwb2",32.0651544932943,0.0227938075071126,0.0188980344243189,0.0273314253216305
"ecxwb2",32.3231694227429,0.0226586054836167,0.0187875337478055,0.027183381981109
"ecxwb2",32.5832604907559,0.0225249132285659,0.0186806489144048,0.0270484073114367
"ecxwb2",32.8454444031548,0.0223964693079164,0.018567978475856,0.0268994695412877
"ecxwb2",33.1097380001858,0.0222684973783952,0.0184660458244947,0.0267536911368068
"ecxwb2",33.3761582576015,0.0221381826084386,0.0183649595377604,0.0266012740591084
"ecxwb2",33.6447222877514,0.0220147226757852,0.018259342236739,0.0264599093847513
"ecxwb2",33.915447340681,0.0218909991404382,0.0181591596376212,0.026323433586598
"ecxwb2",34.1883508052395,0.0217662300269594,0.0180494665449233,0.0261946038927649
"ecxwb2",34.463450210197,0.0216435312395819,0.0179383848672351,0.0260365515677031
"ecxwb2",34.7407632253705,0.0215230438861149,0.0178370396778372,0.0258993427376547
"ecxwb2",35.0203076627583,0.0214014128936872,0.017736726738759,0.0257568625531568
"ecxwb2",35.3021014776849,0.0212804273290006,0.0176279326771832,0.0256097890704551
"ecxwb2",35.5861627699533,0.0211609941479061,0.0175336700246411,0.0254689115483321
"ecxwb2",35.8725097850083,0.0210444782015607,0.0174305999203035,0.0253331062742101
"ecxwb2",36.1611609151084,0.0209276716488769,0.0173280705324931,0.0252031586988854
"ecxwb2",36.4521347005065,0.0208175315180553,0.0172271472173633,0.0250737167432389
"ecxwb2",36.7454498306416,0.020703329815388,0.0171269251254274,0.0249428307304362
"ecxwb2",37.0411251453384,0.0205884456974828,0.0170331400903516,0.0248048106573062
"ecxwb2",37.3391796360183,0.0204764738152198,0.0169348463429433,0.0246728998188129
"ecxwb2",37.6396324469184,0.0203655229800335,0.016838668071569,0.0245463371537912
"ecxwb2",37.9425028763215,0.0202532617727477,0.0167432363790908,0.0244181809903139
"ecxwb2",38.2478103777958,0.0201440602553005,0.0166456444018576,0.0242908262367288
"ecxwb2",38.5555745614443,0.0200346923176869,0.0165498839510495,0.0241666602507627
"ecxwb2",38.8658151951639,0.0199267287780305,0.0164552880239218,0.0240390690865259
"ecxwb2",39.1785522059162,0.0198186931410358,0.0163562088090382,0.0239148313412803
"ecxwb2",39.4938056810061,0.0197071883425381,0.016261901125895,0.0237913796819497
"ecxwb2",39.8115958693731,0.0195975867687623,0.016171028755501,0.0236712575375011
"ecxwb2",40.1319431828912,0.0194921781394327,0.0160767085828581,0.023548443551053
"ecxwb2",40.4548681976805,0.0193915370486825,0.0159832776584271,0.0234336510410759
"ecxwb2",40.7803916554284,0.0192854472046405,0.0158906925389966,0.0233201958750561
"ecxwb2",41.1085344647219,0.0191835033667603,0.0158042625707256,0.0232073517155051
"ecxwb2",41.4393177023909,0.0190786482876507,0.0157201745942104,0.0230887428151811
"ecxwb2",41.7727626148617,0.0189786481881034,0.015638502225954,0.0229769776678654
"ecxwb2",42.1088906195217,0.0188807781344832,0.0155545066289504,0.0228452853044924
"ecxwb2",42.4477233060951,0.0187761532326376,0.0154657818257575,0.0227279077719337
"ecxwb2",42.7892824380295,0.018683218209059,0.0153783771151726,0.0226136816272355
"ecxwb2",43.1335899538942,0.0185834028979106,0.0152877425968618,0.0224956051516199
"ecxwb2",43.4806679687887,0.018485800620335,0.0152091815865778,0.0223828629676147
"ecxwb2",43.8305387757636,0.0183895071544231,0.0151195576440409,0.022269753442956
"ecxwb2",44.1832248472524,0.0182970528128122,0.0150356794740324,0.0221621187872534
"ecxwb2",44.5387488365149,0.0182054054390287,0.0149544521915811,0.0220540735664184
"ecxwb2",44.8971335790922,0.0181103540903732,0.0148759547032003,0.0219477910180993
"ecxwb2",45.2584020942735,0.0180154753131866,0.0147873061262683,0.0218393967527425
"ecxwb2",45.6225775865747,0.0179216265202414,0.0147065692852888,0.0217361415600306
"ecxwb2",45.9896834472286,0.0178324567032054,0.0146277868269905,0.0216402214254141
"ecxwb2",46.3597432556877,0.0177390753695431,0.0145495983677955,0.0215459318220976
"ecxwb2",46.7327807811383,0.017653111317998,0.0144693886849565,0.0214500217907297
"ecxwb2",47.1088199840276,0.0175667737694271,0.014390665445093,0.0213594049102079
"ecxwb2",47.4878850176025,0.0174800402971371,0.0143137705950115,0.0212653943006758
"ecxwb2",47.8700002294609,0.0173943139413341,0.0142274770797242,0.0211572601407769
"ecxwb2",48.2551901631159,0.0173081694016278,0.0141480336411361,0.0210587030278474
"ecxwb2",48.6434795595717,0.0172224084179827,0.0140761278621366,0.0209663306231585
"ecxwb2",49.0348933589133,0.0171340788399323,0.01400215516083,0.0208688107108297
"ecxwb2",49.4294567019081,0.0170499962958632,0.0139303192786031,0.0207799528758608
"ecxwb2",49.8271949316206,0.016965866043305,0.0138547910356943,0.0206923133434651
"ecxwb2",50.2281335950408,0.0168829814633186,0.0137801493214811,0.0206074495746243
"ecxwb2",50.6322984447242,0.0167984913881672,0.0137164778396493,0.0205084806357711
"ecxwb2",51.0397154404467,0.0167162538362241,0.0136483901593824,0.0204249476125595
"ecxwb2",51.4504107508715,0.0166361427841502,0.0135803542485775,0.0203329648272969
"ecxwb2",51.8644107552302,0.0165587976777996,0.0135076429552229,0.0202357391845971
"ecxwb2",52.281742045017,0.0164792661792679,0.0134299048637756,0.02014963069053
"ecxwb2",52.7024314256971,0.016404664419111,0.0133543103721504,0.0200578412508504
"ecxwb2",53.1265059184276,0.016322047949662,0.0132818815701622,0.0199716340675941
"ecxwb2",53.5539927617939,0.016245653041431,0.0132122111436023,0.0198802956135511
"ecxwb2",53.9849194135589,0.0161700285304096,0.013136011728388,0.0197777221949962
"ecxwb2",54.4193135524267,0.0160974292857417,0.0130650623229268,0.0196884052001396
"ecxwb2",54.8572030798202,0.0160227022969788,0.0129967951246714,0.0196067554722788
"ecxwb2",55.2986161216736,0.0159457612999199,0.0129294381102816,0.0195257982438142
"ecxwb2",55.7435810302388,0.0158702623143357,0.0128637557756156,0.0194411892404435
"ecxwb2",56.1921263859063,0.0157966611127443,0.0127949725267009,0.019361231881185
"ecxwb2",56.6442809990412,0.0157220549130672,0.0127250581171321,0.0192963342964815
"ecxwb2",57.1000739118335,0.0156474219059319,0.0126631710596629,0.0192204055435992
"ecxwb2",57.5595344001635,0.0155737522554982,0.0125954697030745,0.0191413510210682
"ecxwb2",58.0226919754827,0.0155000117959083,0.0125376540541538,0.0190605980398144
"ecxwb2",58.4895763867087,0.0154310624866127,0.0124748368188257,0.0189803263620058
"ecxwb2",58.9602176221361,0.0153621597499109,0.0124105885177886,0.0189071685011046
"ecxwb2",59.4346459113629,0.0152920464909357,0.0123502828199657,0.0188313203351415
"ecxwb2",59.9128917272322,0.0152220007021528,0.0122944934449186,0.0187526437977433
"ecxwb2",60.3949857877892,0.0151526337060759,0.012233804783813,0.0186747005516662
"ecxwb2",60.8809590582546,0.0150899281351041,0.0121651522756134,0.0186030893957161
"ecxwb2",61.3708427530131,0.0150232779613185,0.0120992070054711,0.0185333700965526
"ecxwb2",61.8646683376187,0.0149561627884319,0.0120391439440284,0.0184579508031793
"ecxwb2",62.3624675308154,0.0148896065649268,0.0119807814291965,0.0183872281861977
"ecxwb2",62.8642723065749,0.0148266442289375,0.0119224948565037,0.018317202394479
"ecxwb2",63.37011489615,0.0147642183267653,0.0118638998624146,0.0182489025854257
"ecxwb2",63.8800277901452,0.0147022109328997,0.0118095854891943,0.0181839870522416
"ecxwb2",64.394043740603,0.0146384218733029,0.0117501695004712,0.0181197565297355
"ecxwb2",64.9121957631082,0.0145745677004555,0.0116817956671828,0.018059860258016
"ecxwb2",65.434517138908,0.0145095338006265,0.0116264953775915,0.0179964431502509
"ecxwb2",65.9610414170501,0.0144461944314301,0.0115734325422323,0.0179320008501356
"ecxwb2",66.4918024165373,0.0143855893152609,0.0115134926846493,0.0178658663049654
"ecxwb2",67.0268342285,0.0143225135315212,0.0114522533314493,0.0178054955251212
"ecxwb2",67.5661712183855,0.0142578530066313,0.0114000375691423,0.0177469370342012
"ecxwb2",68.1098480281657,0.0141999535106355,0.0113442045017211,0.0176888635573585
"ecxwb2",68.6578995785618,0.0141373217361367,0.0112908100503791,0.0176266876979792
"ecxwb2",69.2103610712876,0.0140756361893051,0.0112438376179429,0.0175687023390151
"ecxwb2",69.7672679913105,0.0140181971398221,0.0111945674394458,0.0175080577757293
"ecxwb2",70.3286561091304,0.0139631618820858,0.0111440437103597,0.0174449220028197
"ecxwb2",70.8945614830778,0.0139057563412307,0.0110956467268342,0.0173889102918506
"ecxwb2",71.4650204616294,0.0138493291873147,0.0110431190474649,0.0173261689448509
"ecxwb2",72.0400696857429,0.0137952170862327,0.0109899619345177,0.0172603180969535
"ecxwb2",72.6197460912106,0.0137369303151714,0.0109372599021591,0.0172029703777598
"ecxwb2",73.2040869110316,0.0136829184162612,0.0108870325011141,0.0171525794552873
"ecxwb2",73.7931296778033,0.0136284839520174,0.0108324272956412,0.0171008004198517
"ecxwb2",74.3869122261328,0.0135717055898085,0.0107785366442806,0.0170518551094555
"ecxwb2",74.9854726950661,0.0135194006783612,0.0107278251032085,0.0170008674249077
"ecxwb2",75.5888495305381,0.0134620706891895,0.0106756039023927,0.0169423008505539
"ecxwb2",76.1970814878424,0.0134114139604487,0.0106224220404561,0.0168931988649561
"ecxwb2",76.8102076341201,0.013359253227434,0.0105688522239037,0.0168354083149267
"ecxwb2",77.4282673508693,0.013306232239466,0.0105212179226542,0.0167745964338199
"ecxwb2",78.0513003364748,0.0132544334410895,0.0104712781081638,0.0167170162723946
"ecxwb2",78.6793466087576,0.0132040046005287,0.0104288142398744,0.0166632189859035
"ecxwb2",79.3124465075454,0.0131521430325372,0.0103750098399874,0.0166135151845109
"ecxwb2",79.9506406972636,0.0131045465910241,0.0103260900364569,0.0165629692924949
"ecxwb2",80.5939701695475,0.0130565201249287,0.0102748485186931,0.0165008760822733
"ecxwb2",81.2424762458747,0.0130062752110407,0.0102273011844065,0.0164497504466083
"ecxwb2",81.89620058022,0.0129567995977313,0.0101832762513167,0.0163943067179047
"ecxwb2",82.5551851617299,0.0129088826135249,0.0101347937170494,0.0163538222915559
"ecxwb2",83.2194723174201,0.0128586654363591,0.0100868335802138,0.0163096572401295
"ecxwb2",83.8891047148943,0.0128088158626953,0.0100431815591898,0.0162506559881636
"ecxwb2",84.5641253650847,0.0127612189096532,0.00999814072560665,0.0162017726569081
"ecxwb2",85.2445776250141,0.0127175250931635,0.00995112326888221,0.0161532992184878
"ecxwb2",85.9305052005819,0.0126702989578943,0.00990820085182283,0.0161057107734541
"ecxwb2",86.62195214937,0.0126218253975307,0.00986499502881118,0.0160576957050438
"ecxwb2",87.3189628834737,0.012575120370116,0.00981484795112422,0.0160225323647359
"ecxwb2",88.0215821723536,0.0125277962088783,0.00978109637094586,0.0159829185389228
"ecxwb2",88.7298551457117,0.0124820501254988,0.00973953855790412,0.0159269980168879
"ecxwb2",89.4438272963896,0.0124361984613997,0.00970237193748402,0.0158844681828469
"ecxwb2",90.1635444832915,0.012391572970637,0.00965647876264844,0.0158400027737127
"ecxwb2",90.8890529343285,0.0123461971687711,0.009612802081202,0.0157960426305287
"ecxwb2",91.6203992493884,0.0123041466916496,0.00957226916313254,0.015755677779811
"ecxwb2",92.3576304033292,0.0122605095096332,0.00952509441267761,0.0157174980856107
"ecxwb2",93.1007937489958,0.012218186236658,0.00948356272433852,0.0156744212795755
"ecxwb2",93.8499370202616,0.0121730759995363,0.00944484476049005,0.0156342280886123
"ecxwb2",94.605108335095,0.0121271258649845,0.00940102907970248,0.0155903399360452
"ecxwb2",95.3663561986491,0.0120862837697377,0.00935361201421186,0.0155563665771517
"ecxwb2",96.1337295063782,0.0120411188035134,0.00931402496834025,0.0155093041203259
"ecxwb2",96.9072775471775,0.0119993924338534,0.00927254571487019,0.0154756922777944
"ecxwb2",97.6870500065498,0.0119568879400042,0.00923281190414151,0.0154422188142135
"ecxwb2",98.473096969796,0.0119176084189406,0.00918458774831383,0.0153960472995006
"ecxwb2",99.2654689252332,0.0118760543025095,0.00915076175502923,0.0153545830965551
"ecxwb2",100.064216767436,0.0118386289722849,0.00910649272707945,0.0153189099358543
"ecxwb2",100.869391800508,0.0117989332402864,0.00906582289977755,0.0152835945234268
"ecxwb2",101.681045741373,0.0117600310969714,0.00902784341616594,0.0152486096472119
"ecxwb2",102.499230723101,0.0117205208526171,0.00899020159215262,0.0152104655011413
"ecxwb2",103.323999298256,0.0116823046776041,0.00895277969120751,0.0151674879196559
"ecxwb2",104.155404442268,0.0116418106231584,0.00891522056250535,0.0151267009462282
"ecxwb2",104.993499556841,0.0116053053180962,0.0088737959581079,0.0150879258856409
"ecxwb2",105.838338473379,0.011567688833918,0.00883910643163629,0.0150468219453989
"ecxwb2",106.689975456443,0.011530331506535,0.00880590087687495,0.0150058690491368
"ecxwb2",107.548465207242,0.0114926793892158,0.00877072143371713,0.0149728651042948
"ecxwb2",108.413862867139,0.0114526805448868,0.00873347052948418,0.0149446638660289
"ecxwb2",109.2862240212,0.0114183734076091,0.00869958324507456,0.014912097563804
"ecxwb2",110.165604701759,0.0113801697722357,0.00866530741086479,0.0148760523159084
"ecxwb2",111.052061392018,0.0113443101302533,0.00863037131519943,0.0148400825544325
"ecxwb2",111.945651029678,0.0113084243025231,0.00859386505425359,0.0148000716048854
"ecxwb2",112.846431010593,0.0112735260175083,0.00855846517294011,0.0147603197678824
"ecxwb2",113.754459192457,0.0112371810877433,0.00852216454793103,0.0147232201138425
"ecxwb2",114.66979389852,0.0111992027385153,0.00848922507823542,0.0146817748866844
"ecxwb2",115.592493921338,0.0111641312648574,0.00845231240810953,0.0146503626859706
"ecxwb2",116.522618526542,0.0111300728517443,0.00842297473341595,0.0146160895443222
"ecxwb2",117.460227456653,0.011095437883111,0.00839025545440194,0.014579013498344
"ecxwb2",118.405380934911,0.0110622063092875,0.00835521082945847,0.0145491870229102
"ecxwb2",119.358139669152,0.0110287026618193,0.00831258798686674,0.0145139816996304
"ecxwb2",120.318564855698,0.010995260845609,0.00827875498409738,0.014483395418043
"ecxwb2",121.286718183295,0.010961959285818,0.00825158970214544,0.0144567686323783
"ecxwb2",122.262661837072,0.0109252019018703,0.008220487552175,0.0144159091411637
"ecxwb2",123.246458502536,0.0108927504693179,0.00818726333766073,0.0143830815545787
"ecxwb2",124.238171369597,0.0108615494740289,0.0081542730975791,0.0143586259354968
"ecxwb2",125.237864136631,0.0108309780041323,0.00812055027561243,0.0143295650610667
"ecxwb2",126.245601014563,0.0107982202884842,0.00808534803129725,0.0143064902534647
"ecxwb2",127.261446731002,0.0107674065734209,0.00805229702956674,0.01428078613496
"ecxwb2",128.28546653439,0.0107347113892355,0.00801992518309514,0.0142554283609382
"ecxwb2",129.317726198196,0.0107035286789958,0.00798729371182908,0.0142302146057732
"ecxwb2",130.358292025143,0.0106717512974988,0.00795484601358552,0.0142042223043869
"ecxwb2",131.407230851461,0.0106417088307745,0.00792647006093323,0.0141680003034164
"ecxwb2",132.464610051185,0.0106134366134224,0.00789705886505945,0.0141347280053281
"ecxwb2",133.530497540483,0.010584085869163,0.00786310813854052,0.0141050948013393
"ecxwb2",134.604961782011,0.0105555176411268,0.00783388382813158,0.0140765164365335
"ecxwb2",135.688071789321,0.0105291015266698,0.00780139965686347,0.0140402167875659
"ecxwb2",136.779897131284,0.0105017851705914,0.00777371232452495,0.0140083152995127
"ecxwb2",137.880507936565,0.0104731976557204,0.00774131110970737,0.0139830521649339
"ecxwb2",138.989974898123,0.0104456193159548,0.00771162454743895,0.0139496043025291
"ecxwb2",140.108369277757,0.0104169738457713,0.00768219968123369,0.0139238107626842
"ecxwb2",141.235762910678,0.0103906796276004,0.00765301119595086,0.0139013152721533
"ecxwb2",142.372228210124,0.010363358509238,0.0076240540667269,0.01388029986947
"ecxwb2",143.517838172014,0.0103360218533749,0.00759641927427822,0.0138556416457173
"ecxwb2",144.672666379635,0.010308269019994,0.00757016234064851,0.0138283478271056
"ecxwb2",145.836787008366,0.010281667604144,0.00754261960785824,0.0138057982862151
"ecxwb2",147.010274830445,0.0102524248249439,0.00751072861884915,0.0137833727939917
"ecxwb2",148.193205219772,0.010225651907202,0.00748502155078977,0.0137612405047863
"ecxwb2",149.385654156749,0.0101985860140833,0.00745659546128539,0.0137406223482446
"ecxwb2",150.587698233161,0.0101701649884288,0.00742885812862915,0.0137175164414884
"ecxwb2",151.799414657093,0.0101451955119589,0.00740113397266018,0.0136942529460187
"ecxwb2",153.020881257894,0.0101179410058937,0.00737618343546574,0.0136687021743171
"ecxwb2",154.252176491172,0.0100912018112947,0.00735006194205831,0.0136489661511602
"ecxwb2",155.493379443834,0.0100645653655995,0.00732661236582111,0.0136289633469871
"ecxwb2",156.744569839169,0.0100369078758745,0.00730363239607796,0.013605180355794
"ecxwb2",158.005828041962,0.0100103074522824,0.00727822601593117,0.0135809236487909
"ecxwb2",159.277235063663,0.00998584523408037,0.00725283211362351,0.013556843775679
"ecxwb2",160.558872567587,0.00996115457163842,0.00722847261866889,0.0135339057128016
"ecxwb2",161.850822874158,0.00993703783324328,0.00720399519860098,0.0135130064337838
"ecxwb2",163.1531689662,0.00991321013313346,0.00717813283727926,0.0134931905730718
"ecxwb2",164.465994494265,0.00988894901731554,0.00715328379962273,0.0134705193902021
"ecxwb2",165.789383782004,0.00986590561706836,0.00712823975857011,0.0134475784961094
"ecxwb2",167.123421831588,0.00984165961866317,0.00710180509195893,0.0134247430936323
"ecxwb2",168.468194329163,0.00981882873005398,0.00707563128129662,0.0134013855020206
"ecxwb2",169.823787650357,0.00979684758529897,0.00705246383803392,0.0133820523176954
"ecxwb2",171.190288865826,0.00977499573092369,0.00703165083401001,0.01336317242131
"ecxwb2",172.567785746848,0.00975207049756928,0.00700420758598508,0.0133444826713338
"ecxwb2",173.956366770959,0.00972982151986898,0.00697675197351508,0.013326023405552
"ecxwb2",175.356121127636,0.00970788030272883,0.00695237080297725,0.0133091705734975
"ecxwb2",176.76713872403,0.00968547965047659,0.00693103927420294,0.0132911289535489
"ecxwb2",178.189510190734,0.00966427501014869,0.00690859116095413,0.0132714555936393
"ecxwb2",179.623326887608,0.00964166261586514,0.00688583140945012,0.0132564349916707
"ecxwb2",181.068680909648,0.00962123492916583,0.00686157061202226,0.0132419826292369
"ecxwb2",182.5256650929,0.0096008729023957,0.00683787406009396,0.013222519477934
"ecxwb2",183.994373020421,0.00957932644915135,0.00681559435665324,0.0132008174383279
"ecxwb2",185.474899028295,0.00955646932712749,0.00679253813637477,0.0131813378007866
"ecxwb2",186.967338211685,0.0095376305559366,0.00676961378311055,0.0131583818401124
"ecxwb2",188.471786430949,0.0095187586296309,0.00674687840205837,0.0131393991642833
"ecxwb2",189.988340317792,0.00949879466957757,0.00672408277812854,0.0131270698084781
"ecxwb2",191.517097281474,0.00948048219362231,0.00670133125269487,0.0131148586943682
"ecxwb2",193.058155515065,0.0094602316981743,0.00667832818274119,0.0130986830608879
"ecxwb2",194.611614001757,0.00944058709751205,0.00665860135374087,0.0130846775919637
"ecxwb2",196.177572521216,0.00942277169146885,0.00663865438518805,0.0130698126379959
"ecxwb2",197.756131655994,0.00940485271879683,0.00661479977094304,0.013051809118872
"ecxwb2",199.347392797989,0.00938641792218422,0.00659332701494494,0.0130351329365235
"ecxwb2",200.951458154957,0.00936500054738518,0.00657220730916611,0.0130191780782099
"ecxwb2",202.568430757078,0.00934594680423491,0.00655119681331711,0.013000738040082
"ecxwb2",204.198414463573,0.00932860395561709,0.00653222545279451,0.0129827679421208
"ecxwb2",205.841513969372,0.00930787710036481,0.00650970035705329,0.0129634836014727
"ecxwb2",207.497834811846,0.00929025341240456,0.00648917826690322,0.0129463077491851
"ecxwb2",209.167483377579,0.00927187632291458,0.0064673915870149,0.0129292786829481
"ecxwb2",210.850566909201,0.00925472973690555,0.00644641246920984,0.0129123783886255
"ecxwb2",212.547193512284,0.00923653036446018,0.00642369614538471,0.0128993972490998
"ecxwb2",214.257472162275,0.00921983715303993,0.00640151660022995,0.0128898856779567
"ecxwb2",215.981512711506,0.00920305043841249,0.00638520933336317,0.0128747680207063
"ecxwb2",217.71942589624,0.00918648149102195,0.00636605341766911,0.0128576930670319
"ecxwb2",219.471323343794,0.00916999440102717,0.00634283697754271,0.0128407370452573
"ecxwb2",221.237317579698,0.00915340332926886,0.00632448182301275,0.0128211380853705
"ecxwb2",223.017522034931,0.00913562011930841,0.00630694016970854,0.0128035309505352
"ecxwb2",224.812051053205,0.00911894622100582,0.00628920114831233,0.0127844129416363
"ecxwb2",226.621019898305,0.00910223627946876,0.00627049068924393,0.0127698328396993
"ecxwb2",228.444544761497,0.00908414382919325,0.00625164927218437,0.0127548629587828
"ecxwb2",230.28274276899,0.00906816850227579,0.0062350356019248,0.0127426220188576
"ecxwb2",232.13573198946,0.00905340236485283,0.00621576991139827,0.0127293019173617
"ecxwb2",234.003631441629,0.00903509630310601,0.0061963875715668,0.0127177682084477
"ecxwb2",235.886561101917,0.00901856968652662,0.00617682066747314,0.0127030084960848
"ecxwb2",237.784641912141,0.0090034499436858,0.00615272629270062,0.0126898398672129
"ecxwb2",239.697995787287,0.0089873852808815,0.00613309039479134,0.0126770371176891
"ecxwb2",241.626745623342,0.00897230229070927,0.00611720027238729,0.0126639786297388
"ecxwb2",243.571015305184,0.00895584873404347,0.00609882135570026,0.0126515378927923
"ecxwb2",245.530929714541,0.00894062439828404,0.0060819552679025,0.0126372271001703
"ecxwb2",247.506614738014,0.00892438680861663,0.00606549033135479,0.012622759227959
"ecxwb2",249.498197275159,0.00890913093484314,0.006047980420179,0.01260993674589
"ecxwb2",251.505805246639,0.00889426692596954,0.00602928395644647,0.0126019910690696
"ecxwb2",253.529567602445,0.00887931681935785,0.0060113482903249,0.0125899204814748
"ecxwb2",255.56961433017,0.0088643530210186,0.00599432256374899,0.0125735816727428
"ecxwb2",257.626076463368,0.00884898777472902,0.00597832769293028,0.0125588057711654
"ecxwb2",259.699086089962,0.00883477962954996,0.00595865468645719,0.0125468188842164
"ecxwb2",261.788776360732,0.00882052825217187,0.00594137711685886,0.0125371473987
"ecxwb2",263.895281497866,0.00880670544563767,0.00592419954105024,0.0125290861857678
"ecxwb2",266.018736803585,0.00879371410048593,0.00590583531661258,0.0125175738456812
"ecxwb2",268.159278668828,0.00877984501948075,0.00589033319948534,0.0125043749360111
"ecxwb2",270.317044582015,0.00876555871366459,0.00587365295698716,0.0124931877674905
"ecxwb2",272.49217313788,0.00875088609077616,0.00585741373653562,0.0124835942487639
"ecxwb2",274.684804046368,0.00873777030527454,0.00584243984847292,0.0124724347303305
"ecxwb2",276.895078141615,0.00872442494584549,0.00582800876234554,0.0124596513967584
"ecxwb2",279.123137390988,0.00871076055316907,0.005813524809723,0.0124469509461758
"ecxwb2",281.369124904208,0.00869767532659368,0.00579779745135818,0.0124378586256284
"ecxwb2",283.633184942539,0.00868579889797677,0.00578156042877058,0.0124284213073369
"ecxwb2",285.915462928055,0.00867146642946211,0.00576555949029863,0.0124152574481367
"ecxwb2",288.216105452982,0.00865842572001633,0.00575121126925623,0.0124021995339268
"ecxwb2",290.535260289112,0.00864502612005981,0.00573538195730527,0.0123900573486126
"ecxwb2",292.873076397296,0.00863183707539006,0.00571898843047758,0.01238125897125
"ecxwb2",295.229703937008,0.00861959870195155,0.00570272897698158,0.0123701588265716
"ecxwb2",297.605294275997,0.00860776478537514,0.00568879937813109,0.0123625169520871
"ecxwb2",300,0.0085954140538295,0.00567618925109812,0.0123549327560314
"ecxwb1p3",0.1,0.636230480323549,0.602506333756644,0.664506710355191
"ecxwb1p3",0.100804658307517,0.635501991611971,0.601841043051917,0.663739910878075
"ecxwb1p3",0.101615791364953,0.63476946477608,0.601118954451457,0.66299174248962
"ecxwb1p3",0.102433451271921,0.63403579860596,0.600393471327102,0.662243918047743
"ecxwb1p3",0.103257690547257,0.633303568700506,0.599667210862195,0.661494849414402
"ecxwb1p3",0.104088562132396,0.632566654885669,0.59896747550071,0.660744536890608
"ecxwb1p3",0.10492611939477,0.631838670373887,0.598235609151845,0.65999334570319
"ecxwb1p3",0.105770416131236,0.631092155864031,0.597522153455555,0.659230474548807
"ecxwb1p3",0.106621506571531,0.630351867054418,0.596809732425171,0.658486865506991
"ecxwb1p3",0.107479445381759,0.629611600286548,0.596100503000273,0.657715279090043
"ecxwb1p3",0.108344287667897,0.628867263287633,0.595387323505786,0.656965095801774
"ecxwb1p3",0.109216088979337,0.628115829384624,0.594685882793016,0.656208568015019
"ecxwb1p3",0.110094905312455,0.627361357376014,0.593986875348062,0.655459597985151
"ecxwb1p3",0.110980793114205,0.626616789408729,0.593264049172039,0.654699546449447
"ecxwb1p3",0.111873809285747,0.625858373743158,0.592525449999541,0.653931039120344
"ecxwb1p3",0.112774011186101,0.625115700912342,0.591807660349416,0.653153649566631
"ecxwb1p3",0.113681456635831,0.624372933743105,0.591096897730035,0.652374951083034
"ecxwb1p3",0.114596203920758,0.623610526393725,0.590385542084218,0.651594944139452
"ecxwb1p3",0.115518311795706,0.622858123430949,0.589673154587423,0.650820056655436
"ecxwb1p3",0.116447839488274,0.622085806768636,0.588959787527928,0.650098917788924
"ecxwb1p3",0.11738484670264,0.621330297826389,0.588246578548119,0.64935007112289
"ecxwb1p3",0.1183293936234,0.620570919369021,0.587532341134753,0.648614492564747
"ecxwb1p3",0.119281540919425,0.619809100637113,0.586849704838504,0.64785302041946
"ecxwb1p3",0.120241349747768,0.61902384590337,0.586133440793222,0.647092285253001
"ecxwb1p3",0.121208881757585,0.61828920344915,0.585405881873953,0.646282140374087
"ecxwb1p3",0.122184199094096,0.61753029296541,0.584675596779729,0.645495233140736
"ecxwb1p3",0.12316736440258,0.616756364179195,0.583932876811934,0.64471141877728
"ecxwb1p3",0.124158440832396,0.616004951490232,0.583167360212627,0.643937337040281
"ecxwb1p3",0.125157492041038,0.615243462700334,0.582424935122387,0.643148769522114
"ecxwb1p3",0.126164582198226,0.614477051251885,0.581705653297298,0.642346499932601
"ecxwb1p3",0.127179775990029,0.613691791880155,0.580985442111925,0.641564072927139
"ecxwb1p3",0.128203138623014,0.612934295243945,0.580269915638758,0.640793114558246
"ecxwb1p3",0.129234735828443,0.612172640847714,0.579564100179874,0.640004343466356
"ecxwb1p3",0.130274633866484,0.611403498150825,0.578818948134077,0.639241033862592
"ecxwb1p3",0.131322899530479,0.610637763508598,0.578114676519365,0.638455898990562
"ecxwb1p3",0.132379600151223,0.609852654885901,0.57741061927754,0.637669212099353
"ecxwb1p3",0.133444803601298,0.609071469041497,0.576672798835451,0.636889567390313
"ecxwb1p3",0.134518578299427,0.608293618536188,0.575931180240929,0.636156581405266
"ecxwb1p3",0.135600993214867,0.607528389526518,0.575188574006679,0.635391526329015
"ecxwb1p3",0.136692117871847,0.606762951549434,0.574458013852101,0.634612050340527
"ecxwb1p3",0.137792022354024,0.605979801551001,0.573727363731443,0.633801419399947
"ecxwb1p3",0.138900777308992,0.605194383369078,0.572995830236493,0.632988844913531
"ecxwb1p3",0.140018453952815,0.604403770741421,0.572256106627783,0.63220358373365
"ecxwb1p3",0.141145124074603,0.60363153109572,0.571488614383449,0.631394169523648
"ecxwb1p3",0.142280860041125,0.60286411277798,0.570735601859358,0.630580168872204
"ecxwb1p3",0.143425734801453,0.602087221980406,0.569978089101443,0.629764414986902
"ecxwb1p3",0.144579821891651,0.601295727971825,0.569272220036432,0.628961547012138
"ecxwb1p3",0.145743195439496,0.600512515094045,0.568537867561004,0.62817653941584
"ecxwb1p3",0.146915930169241,0.599726549991845,0.567797803593538,0.627366332446731
"ecxwb1p3",0.148098101406414,0.598944921026978,0.567056791249346,0.626571980373708
"ecxwb1p3",0.149289785082657,0.5981517776784,0.566304412814072,0.625786498229567
"ecxwb1p3",0.150491057740599,0.597361120536811,0.565532708337194,0.624999752701438
"ecxwb1p3",0.151701996538779,0.596557497202012,0.564760144687975,0.6242117445957
"ecxwb1p3",0.152922679256598,0.595763295141517,0.563986723530059,0.623422474737278
"ecxwb1p3",0.154153184299315,0.594969605992803,0.563211943716528,0.622631943969731
"ecxwb1p3",0.155393590703082,0.594181148063446,0.562435816029888,0.62184007083884
"ecxwb1p3",0.156643978140024,0.593394594719648,0.561654648065478,0.621011351773912
"ecxwb1p3",0.157904426923353,0.592602875802827,0.560886099877034,0.620194161361817
"ecxwb1p3",0.15917501801253,0.591808888047491,0.560123253195116,0.619387060126831
"ecxwb1p3",0.16045583301846,0.591006243904666,0.559359450441433,0.618552209974783
"ecxwb1p3",0.161746954208739,0.590192983781704,0.558594693146397,0.617715396317919
"ecxwb1p3",0.163048464512936,0.589394276286967,0.557816821615597,0.616921063253101
"ecxwb1p3",0.164360447527919,0.588584750426932,0.55703800554572,0.616086170317036
"ecxwb1p3",0.165682987523225,0.587775849862257,0.556250209929346,0.61524992813184
"ecxwb1p3",0.167016169446473,0.58696666316295,0.555478492296838,0.614412419417559
"ecxwb1p3",0.168360078928822,0.586169689778177,0.554696489536529,0.613573645538894
"ecxwb1p3",0.169714802290465,0.5853620161571,0.553914231129379,0.612733607881985
"ecxwb1p3",0.171080426546182,0.584550509693025,0.553131169061315,0.611892307854497
"ecxwb1p3",0.172457039410922,0.583732477385384,0.552347263287482,0.611064433254635
"ecxwb1p3",0.17384472930544,0.582909902023672,0.551562810470634,0.61023142407134
"ecxwb1p3",0.175243585361978,0.582093844650746,0.550777670558446,0.609389146062859
"ecxwb1p3",0.176653697429984,0.581283255224291,0.549991691360828,0.60854544124658
"ecxwb1p3",0.178075156081891,0.580466319135562,0.549204874783602,0.607698865039472
"ecxwb1p3",0.179508052618929,0.579675229655,0.548473753413441,0.606862495455398
"ecxwb1p3",0.180952479076989,0.578850958508957,0.547676069207273,0.606029930593532
"ecxwb1p3",0.182408528232541,0.578021739841643,0.546878340574067,0.605194601171225
"ecxwb1p3",0.183876293608584,0.577202784867326,0.54608368004423,0.604357460926219
"ecxwb1p3",0.185355869480661,0.57637908938664,0.545306923021933,0.603514522460386
"ecxwb1p3",0.186847350882908,0.575563244891011,0.544528881229462,0.602672990440114
"ecxwb1p3",0.188350833614163,0.574739918512588,0.543750935163299,0.601832327079925
"ecxwb1p3",0.189866414244118,0.573908767443828,0.542971168360978,0.600999667555943
"ecxwb1p3",0.191394190119519,0.573076168008659,0.542189963021267,0.600152928234297
"ecxwb1p3",0.192934259370421,0.572241305635456,0.541404946431773,0.599302539503099
"ecxwb1p3",0.194486720916492,0.571425085638155,0.540597188916784,0.598456682765453
"ecxwb1p3",0.196051674473365,0.570604709829865,0.539788509870546,0.597601449566943
"ecxwb1p3",0.197629220559042,0.569772797287356,0.538978894876395,0.596760940796805
"ecxwb1p3",0.199219460500352,0.56894746684998,0.53815983415297,0.595887989128933
"ecxwb1p3",0.200822496439459,0.568121484732277,0.537329324378744,0.595009423898944
"ecxwb1p3",0.202438431340423,0.567306711970005,0.53651237154823,0.594174458580373
"ecxwb1p3",0.204067368995811,0.566472804057819,0.535728387318772,0.593312406551115
"ecxwb1p3",0.205709414033368,0.565644143634463,0.534935314802189,0.592420129672477
"ecxwb1p3",0.207364671922733,0.564802150173503,0.534145071962175,0.591565590627064
"ecxwb1p3",0.209033248982215,0.563980464555895,0.533332947876875,0.590735656717389
"ecxwb1p3",0.210715252385624,0.563162779928324,0.532517220034866,0.589904598109093
"ecxwb1p3",0.212410790169151,0.562331180924926,0.531701203498822,0.589061247636808
"ecxwb1p3",0.214119971238311,0.561496445440067,0.530880605974712,0.588156664280205
"ecxwb1p3",0.215842905374934,0.56065906153135,0.530067007621295,0.587271687692567
"ecxwb1p3",0.21757970324422,0.559815634536798,0.529248419742639,0.58642010870455
"ecxwb1p3",0.219330476401846,0.558984691983767,0.528451044391746,0.585567037536529
"ecxwb1p3",0.221095337301131,0.558130506186681,0.527641763018928,0.584679826681605
"ecxwb1p3",0.222874399300258,0.557286148557677,0.526818611414618,0.583784165084051
"ecxwb1p3",0.224667776669557,0.556461565567294,0.526032891372379,0.582887917851487
"ecxwb1p3",0.226475584598843,0.555622490560305,0.525232079441645,0.582033603999028
"ecxwb1p3",0.228297939204816,0.554762287508316,0.524411267453438,0.581158746780548
"ecxwb1p3",0.230134957538519,0.553918692084959,0.523612618833206,0.580263345037535
"ecxwb1p3",0.231986757592854,0.553072975872057,0.522801188800085,0.579393670187852
"ecxwb1p3",0.233853458310165,0.552214494857434,0.522002228143761,0.578522826468174
"ecxwb1p3",0.235735179589874,0.551351376432016,0.521212340374011,0.577650816039302
"ecxwb1p3",0.237632042296185,0.550485204069512,0.520402960953887,0.576777641085571
"ecxwb1p3",0.239544168265845,0.549618719866473,0.519566258703135,0.575903303814925
"ecxwb1p3",0.241471680315969,0.548752993407564,0.518751623650088,0.575027806458998
"ecxwb1p3",0.243414702251933,0.547901126977446,0.517913232622588,0.574157979834309
"ecxwb1p3",0.245373358875322,0.547041284627563,0.517067732742662,0.573304007206166
"ecxwb1p3",0.247347775991947,0.546178871724559,0.516235850656069,0.572414992932387
"ecxwb1p3",0.249338080419926,0.545323918033787,0.515415654375185,0.571514886627672
"ecxwb1p3",0.251344399997829,0.544459759067418,0.51459410638995,0.570630426663785
"ecxwb1p3",0.253366863592891,0.543595814558001,0.513772277185848,0.569736674479376
"ecxwb1p3",0.255405601109287,0.542734854241311,0.512950051353641,0.568868428046444
"ecxwb1p3",0.257460743496478,0.541887328258011,0.51213472942679,0.567983795779701
"ecxwb1p3",0.259532422757618,0.541027989104891,0.511316280816898,0.567081738872587
"ecxwb1p3",0.261620771958038,0.540153678672147,0.510477888728026,0.566202178963728
"ecxwb1p3",0.26372592523379,0.539293527956296,0.509651879871471,0.565321591409871
"ecxwb1p3",0.265848017800261,0.538434704793602,0.508810702651332,0.56443538601357
"ecxwb1p3",0.267987185960861,0.537569636425884,0.507964058332333,0.563545094049316
"ecxwb1p3",0.270143567115777,0.536688562322706,0.507117338356027,0.562653672951935
"ecxwb1p3",0.272317299770797,0.535817143586349,0.50629511564768,0.561761125313742
"ecxwb1p3",0.27450852354621,0.534963174061567,0.50547391097085,0.560879786527935
"ecxwb1p3",0.276717379185768,0.534110686151949,0.504651739996777,0.559979027476442
"ecxwb1p3",0.278944008565731,0.533240278726409,0.503834426682607,0.559077190583571
"ecxwb1p3",0.281188554703977,0.532367764992109,0.503022261363339,0.558178473000113
"ecxwb1p3",0.28345116176919,0.531496928701825,0.502190546997132,0.557267420255684
"ecxwb1p3",0.28573197509012,0.530617581628447,0.50133109765326,0.556377239906897
"ecxwb1p3",0.288031141164917,0.529736781879788,0.50047012313684,0.555454548028809
"ecxwb1p3",0.290348807670537,0.528868637638161,0.499649626662703,0.554549419616466
"ecxwb1p3",0.292685123472236,0.528006395521195,0.498783291966095,0.5536529439376
"ecxwb1p3",0.295040238633122,0.527130309476633,0.497961201151356,0.552755379201656
"ecxwb1p3",0.297414304423803,0.526236891396096,0.497113715155231,0.551824082225063
"ecxwb1p3",0.299807473332094,0.525351300840902,0.4962555133467,0.550905872362073
"ecxwb1p3",0.302219899072819,0.524465686098134,0.49540135297417,0.550004998922906
"ecxwb1p3",0.304651736597679,0.523587785742434,0.494621865257573,0.549115859753904
"ecxwb1p3",0.307103142105208,0.522710337681559,0.493831376382951,0.548199935773355
"ecxwb1p3",0.309574273050804,0.521807122100473,0.49299302354059,0.547295447958005
"ecxwb1p3",0.312065288156844,0.520917537480738,0.492154003156877,0.546385476506863
"ecxwb1p3",0.314576347422876,0.52002651195756,0.491337110892475,0.545461374485548
"ecxwb1p3",0.317107612135899,0.519152791918309,0.490480311095362,0.544567169451683
"ecxwb1p3",0.31965924488072,0.518274799047265,0.489629919040482,0.543667779869346
"ecxwb1p3",0.3222314095504,0.517379676483797,0.488786648011793,0.542765769720384
"ecxwb1p3",0.324824271356778,0.516485388950261,0.48793375445525,0.541848453683217
"ecxwb1p3",0.327437996841083,0.51560591952846,0.4870795989825,0.540931911814374
"ecxwb1p3",0.330072753884633,0.514723093859977,0.486245508967581,0.540013475011148
"ecxwb1p3",0.332728711719617,0.513823204439751,0.485368923986685,0.5391112022784
"ecxwb1p3",0.335406040939964,0.512930790058508,0.484527501701158,0.538173100014064
"ecxwb1p3",0.338104913512303,0.512038799746837,0.483683262106192,0.53722679524286
"ecxwb1p3",0.340825502787004,0.511144850266733,0.482844345210244,0.536293407541327
"ecxwb1p3",0.343567983509317,0.510241915257945,0.481979250915064,0.535405293546412
"ecxwb1p3",0.346332531830595,0.509343606832913,0.481097749393461,0.534481008630977
"ecxwb1p3",0.349119325319605,0.508435283883477,0.480220555417437,0.533555670454258
"ecxwb1p3",0.351928542973938,0.507526194840709,0.479369694396018,0.532628660522978
"ecxwb1p3",0.354760365231503,0.506634075672944,0.478531710558549,0.531700043732762
"ecxwb1p3",0.357614973982117,0.505738563628763,0.477660736014289,0.530758851574366
"ecxwb1p3",0.36049255257919,0.504843715497246,0.476817260186071,0.529812020332381
"ecxwb1p3",0.3633932858515,0.503942112664243,0.475967691101645,0.528894394756408
"ecxwb1p3",0.366317360115064,0.503030151068909,0.47511086518025,0.527979670167014
"ecxwb1p3",0.369264963185108,0.502116666503104,0.474246907647626,0.52709247413004
"ecxwb1p3",0.372236284388128,0.501205453201158,0.473384602956571,0.526206662726016
"ecxwb1p3",0.375231514574051,0.500296024658229,0.472528992280781,0.525286519511395
"ecxwb1p3",0.378250846128495,0.499392682608228,0.471672776204627,0.524387623096179
"ecxwb1p3",0.381294472985122,0.498493716132784,0.470816119991933,0.52347054787073
"ecxwb1p3",0.384362590638102,0.497576670363472,0.469959367383543,0.522545640767162
"ecxwb1p3",0.38745539615466,0.496656327203341,0.469089632067361,0.521617334408557
"ecxwb1p3",0.390573088187743,0.495772296083113,0.46822216421204,0.520706022888283
"ecxwb1p3",0.393715866988772,0.494861238751835,0.46734819546644,0.519762073969068
"ecxwb1p3",0.396883934420512,0.493955058220587,0.466459380953875,0.518813535586529
"ecxwb1p3",0.400077493970028,0.493036730023375,0.465580771766854,0.517876743863608
"ecxwb1p3",0.403296750761765,0.492116540917357,0.464702603726556,0.516939870208215
"ecxwb1p3",0.406541911570717,0.491195702927698,0.463823819584069,0.515988922294804
"ecxwb1p3",0.409813184835711,0.490280351050239,0.462952725057568,0.515041564615562
"ecxwb1p3",0.413110780672793,0.489362891104495,0.462065623178042,0.51412114165151
"ecxwb1p3",0.416434910888726,0.488448546550694,0.461178270068086,0.513182367440953
"ecxwb1p3",0.419785788994595,0.487530970962108,0.460303102000395,0.512242679467395
"ecxwb1p3",0.423163630219517,0.486613748444666,0.459420938514443,0.511295016703142
"ecxwb1p3",0.426568651524471,0.485708723971698,0.458538395364388,0.510350944746836
"ecxwb1p3",0.430001071616227,0.484799647921772,0.45765540831579,0.509412936326664
"ecxwb1p3",0.433461110961401,0.483886570996924,0.456786423980857,0.50846080697402
"ecxwb1p3",0.436948991800609,0.482980167320398,0.455977685054181,0.507513719389477
"ecxwb1p3",0.440464938162746,0.482074118085276,0.455111732593251,0.506565026430276
"ecxwb1p3",0.444009175879373,0.481164191882028,0.454245069433273,0.505616782139288
"ecxwb1p3",0.447581932599226,0.480247296796691,0.453377906214213,0.504690486158401
"ecxwb1p3",0.451183437802833,0.479328293007716,0.452509896082328,0.503764176690889
"ecxwb1p3",0.454813922817255,0.47840871778225,0.451662909593541,0.502811163050173
"ecxwb1p3",0.45847362083095,0.477486649767637,0.450811045773029,0.501857298573726
"ecxwb1p3",0.462162766908742,0.476566593725512,0.449913300930237,0.500902587557463
"ecxwb1p3",0.465881598006925,0.475627030970396,0.449049436857632,0.499976186497626
"ecxwb1p3",0.469630352988483,0.474679023574912,0.448200282010394,0.499054526099551
"ecxwb1p3",0.473409272638428,0.473751007445148,0.44728936785789,0.498074769094571
"ecxwb1p3",0.47721859967927,0.472841127302683,0.446418767669625,0.497143805689541
"ecxwb1p3",0.481058578786607,0.471895530287365,0.445582213411559,0.496195897908259
"ecxwb1p3",0.484929456604839,0.470971914988581,0.444744967075248,0.495223957793975
"ecxwb1p3",0.488831481763009,0.470016306208485,0.443840905919666,0.494277615132907
"ecxwb1p3",0.492764904890775,0.469084013651039,0.442983558939572,0.493333170029324
"ecxwb1p3",0.496729978634508,0.468167998218085,0.442113769368857,0.492387000376131
"ecxwb1p3",0.50072695767352,0.467237193931538,0.441178484179595,0.491439093428775
"ecxwb1p3",0.504756098736419,0.466317371124022,0.44030259710944,0.490490235294762
"ecxwb1p3",0.508817660617602,0.465392851000001,0.439366877219897,0.489538124161624
"ecxwb1p3",0.512911904193877,0.46445466956051,0.438421543068266,0.48857477244761
"ecxwb1p3",0.517039092441219,0.463507621753077,0.437562637428063,0.487621544855239
"ecxwb1p3",0.521199490451659,0.462570760107277,0.436722552376653,0.486631606364696
"ecxwb1p3",0.525393365450317,0.461644621352581,0.435841022872664,0.485682845201496
"ecxwb1p3",0.529620986812558,0.460705126002804,0.43497137845087,0.484676598740591
"ecxwb1p3",0.5338826260813,0.459771177962346,0.434069959089227,0.48370262219482
"ecxwb1p3",0.538178556984455,0.458836599326184,0.433139940372261,0.482747278033397
"ecxwb1p3",0.542509055452508,0.457908247203688,0.432240612741526,0.481769303085421
"ecxwb1p3",0.54687439963624,0.456964801998224,0.43136273034747,0.480774195656353
"ecxwb1p3",0.551274869924599,0.456043052516967,0.43047119882612,0.47979702767209
"ecxwb1p3",0.555710748962703,0.45510378662636,0.429555959081869,0.478819114162917
"ecxwb1p3",0.560182321669998,0.454177361777595,0.428701689327174,0.47783982872667
"ecxwb1p3",0.56468987525856,0.453228657142148,0.427829696340262,0.476897306766977
"ecxwb1p3",0.569233699251537,0.452286755065687,0.426965777959778,0.475975764125798
"ecxwb1p3",0.573814085501753,0.451344349739367,0.426040130262808,0.475001183636407
"ecxwb1p3",0.578431328210448,0.450387714642196,0.425171660185567,0.474015042682368
"ecxwb1p3",0.583085723946176,0.449451940140387,0.424302683955973,0.473026753487602
"ecxwb1p3",0.587777571663857,0.448506746605791,0.423426690964791,0.472063027443358
"ecxwb1p3",0.592507172723973,0.447565082749534,0.422525085001592,0.471107304547494
"ecxwb1p3",0.597274830911933,0.446619486496227,0.421624690957907,0.470124360423815
"ecxwb1p3",0.602080852457576,0.445665656297356,0.42072395629947,0.46912516726801
"ecxwb1p3",0.606925546054847,0.444729011585004,0.419837120944545,0.468124533187642
"ecxwb1p3",0.611809222881623,0.443776756698653,0.418981450664852,0.467150103414483
"ecxwb1p3",0.616732196619697,0.44283503575652,0.418056981596818,0.466145273915871
"ecxwb1p3",0.621694783474932,0.441880276909598,0.417168782680967,0.465152027389832
"ecxwb1p3",0.626697302197565,0.440917327154998,0.416318175289224,0.464204029704253
"ecxwb1p3",0.631740074102685,0.439973019938106,0.415418808362998,0.463223566380939
"ecxwb1p3",0.636823423090869,0.439032240028061,0.41450461325057,0.462247567953338
"ecxwb1p3",0.641947675668986,0.438099250747283,0.413611414203896,0.461337525993636
"ecxwb1p3",0.647113160971171,0.437155284150583,0.412680625576433,0.460379351887845
"ecxwb1p3",0.652320210779964,0.436206044420454,0.411741244842369,0.459392637416677
"ecxwb1p3",0.657569159547619,0.435236568876196,0.410855952383386,0.458403193719993
"ecxwb1p3",0.662860344417591,0.434289042419191,0.409907359255312,0.457414063435531
"ecxwb1p3",0.668194105246186,0.433339431227819,0.408968534370238,0.45643797548409
"ecxwb1p3",0.67357078462439,0.432373858350783,0.408076793542142,0.455500277287982
"ecxwb1p3",0.67899072789988,0.431408675944461,0.4071584425369,0.454496078800953
"ecxwb1p3",0.684454283199199,0.430454403650591,0.406248093523649,0.453473569738721
"ecxwb1p3",0.68996180145012,0.429513724035167,0.405347314947875,0.452516120327079
"ecxwb1p3",0.695513636404185,0.428558222569534,0.404434676356248,0.451564263139783
"ecxwb1p3",0.701110144659427,0.427607321739699,0.403536150526582,0.450610678520882
"ecxwb1p3",0.706751685683276,0.426661078958169,0.402617804479491,0.449631835988382
"ecxwb1p3",0.712438621835646,0.425706147701553,0.401691914949065,0.448657828925108
"ecxwb1p3",0.718171318392208,0.424757244361655,0.400743530413513,0.447660736760309
"ecxwb1p3",0.723950143567858,0.423783302185041,0.399859380161637,0.446683220286193
"ecxwb1p3",0.729775468540361,0.422822997014706,0.398947735553596,0.445699523950043
"ecxwb1p3",0.735647667474195,0.421866418318928,0.398056993433765,0.444682618470011
"ecxwb1p3",0.741567117544584,0.42091685848535,0.397105264918691,0.443686170039805
"ecxwb1p3",0.747534198961723,0.419967963543001,0.3962480312908,0.442723806468338
"ecxwb1p3",0.753549294995202,0.419021544998149,0.395306317091124,0.441705013049392
"ecxwb1p3",0.759612791998619,0.418069098923804,0.394403511818256,0.440694989388444
"ecxwb1p3",0.765725079434401,0.417100273816135,0.393527129048265,0.439666070257914
"ecxwb1p3",0.771886549898814,0.416150003841665,0.392655311518125,0.438690637569341
"ecxwb1p3",0.778097599147183,0.415183096406878,0.391742317460079,0.437737913656092
"ecxwb1p3",0.784358626119314,0.414215691422128,0.390798582839162,0.436742785405203
"ecxwb1p3",0.790670032965113,0.413259487030146,0.389912602737086,0.435736422283357
"ecxwb1p3",0.797032225070417,0.412303785335328,0.388992030167397,0.434748093923578
"ecxwb1p3",0.803445611083036,0.411342844636363,0.388085326075775,0.433761575004575
"ecxwb1p3",0.809910602939,0.410382850779902,0.387155282640769,0.432784650863019
"ecxwb1p3",0.816427615889012,0.409408062853656,0.386262384325416,0.43178551216214
"ecxwb1p3",0.822997068525129,0.408421474925412,0.385328833285456,0.430813064200229
"ecxwb1p3",0.829619382807641,0.407440809783843,0.384426448979849,0.429783736745266
"ecxwb1p3",0.836294984092177,0.406486853321922,0.383528839205906,0.428756880710395
"ecxwb1p3",0.843024301157025,0.405523937388028,0.382605475970137,0.427852470959787
"ecxwb1p3",0.849807766230675,0.404555292836719,0.381728529418506,0.426811670323981
"ecxwb1p3",0.856645815019578,0.403596752328835,0.380808823866606,0.425842210366214
"ecxwb1p3",0.863538886736133,0.402633156883128,0.379909334187237,0.424904981235455
"ecxwb1p3",0.870487424126898,0.401659265063575,0.379027802278585,0.423913700103191
"ecxwb1p3",0.877491873501029,0.400693004740713,0.378082784109007,0.422934817004129
"ecxwb1p3",0.884552684758945,0.399753837736728,0.377158989642629,0.421970225018584
"ecxwb1p3",0.891670311421226,0.398802919306477,0.376265171216394,0.420997926762682
"ecxwb1p3",0.898845210657742,0.397832149497718,0.375329003642606,0.42002310699254
"ecxwb1p3",0.906077843317022,0.396876755725074,0.374477479241168,0.41901997093545
"ecxwb1p3",0.913368673955847,0.395923235240706,0.373521807950398,0.418015776149479
"ecxwb1p3",0.920718170869093,0.394932526809684,0.372606238060975,0.417010607435533
"ecxwb1p3",0.928126806119814,0.393977712303545,0.371698612852237,0.4160314110756
"ecxwb1p3",0.935595055569552,0.392998453766511,0.370791958546901,0.415015233979107
"ecxwb1p3",0.943123398908914,0.392006244565154,0.369891773137817,0.414042975725646
"ecxwb1p3",0.950712319688375,0.391041510061019,0.368959052540596,0.413052028816304
"ecxwb1p3",0.958362305349338,0.390060808741939,0.368036318449895,0.412035248046042
"ecxwb1p3",0.966073847255446,0.389089080983303,0.367083605025338,0.411009547448311
"ecxwb1p3",0.97384744072414,0.388113622959544,0.366163337258995,0.409998541337757
"ecxwb1p3",0.981683585058472,0.387125538520584,0.365249289491469,0.408978973798395
"ecxwb1p3",0.989582783579179,0.386162041278503,0.364310850226369,0.407961898051983
"ecxwb1p3",0.997545543657011,0.38518736824209,0.363360450790895,0.406977467604958
"ecxwb1p3",1.00557237674532,0.384214350248439,0.362483072744667,0.406031448085052
"ecxwb1p3",1.0136637984129,0.383222391500999,0.361562146689838,0.405004303337745
"ecxwb1p3",1.02182032837712,0.382252752296566,0.360619662448396,0.404003795177189
"ecxwb1p3",1.03004249053731,0.381282773692186,0.359710771728817,0.403043904331955
"ecxwb1p3",1.03833081300838,0.380301714317279,0.358779459025728,0.402073313439795
"ecxwb1p3",1.04668582815476,0.379318790964307,0.357882559806434,0.401041865789072
"ecxwb1p3",1.05510807262462,0.378363402916229,0.356977218403413,0.400022033631857
"ecxwb1p3",1.06359808738428,0.377385032164365,0.356070459360675,0.399006576013976
"ecxwb1p3",1.07215641775301,0.376418100428791,0.355163669039863,0.397971798773266
"ecxwb1p3",1.08078361343804,0.375445458922338,0.354260399967162,0.396995115796432
"ecxwb1p3",1.08948022856986,0.374467234462088,0.353378150810867,0.396025024521005
"ecxwb1p3",1.0982468217378,0.373487059676391,0.352492392899269,0.395048798647701
"ecxwb1p3",1.10708395602596,0.372520367453875,0.351614375684712,0.394071477535576
"ecxwb1p3",1.11599219904932,0.37155309631026,0.350671489279902,0.393084637929847
"ecxwb1p3",1.12497212299021,0.370596757467911,0.34976350003155,0.392074676295503
"ecxwb1p3",1.13402430463511,0.369635288212667,0.348814321522054,0.391099748179321
"ecxwb1p3",1.14314932541162,0.368656954587192,0.347864014625057,0.390106208555058
"ecxwb1p3",1.15234777142587,0.367686361684901,0.346956176041612,0.389129126575016
"ecxwb1p3",1.16162023350014,0.366706822891255,0.346046904380966,0.388067702376461
"ecxwb1p3",1.1709673072108,0.365719620785501,0.34508185335661,0.387046308390672
"ecxwb1p3",1.18038959292659,0.364739697034258,0.344116902933014,0.386015111189016
"ecxwb1p3",1.18988769584714,0.363779024787752,0.343152060373526,0.385019643222819
"ecxwb1p3",1.1994622260419,0.362822276085164,0.342219201358289,0.383982205109441
"ecxwb1p3",1.20911379848928,0.361856317064772,0.341269025846198,0.382944585240399
"ecxwb1p3",1.21884303311616,0.360868978129385,0.340372371886317,0.381921474589089
"ecxwb1p3",1.22865055483773,0.359885313183816,0.339438115384596,0.380953948474057
"ecxwb1p3",1.23853699359759,0.358912674242421,0.33853570876871,0.380007186044687
"ecxwb1p3",1.24850298440825,0.357942640233569,0.337632475895072,0.379060273293343
"ecxwb1p3",1.25854916739189,0.356947472435102,0.336732003325011,0.3781131833717
"ecxwb1p3",1.2686761878215,0.355969416530016,0.335819000060531,0.377106083089076
"ecxwb1p3",1.2788846961623,0.354997670838927,0.334886707801522,0.376059939446465
"ecxwb1p3",1.28917534811354,0.354028440606938,0.333932828797284,0.37508266132019
"ecxwb1p3",1.2995488046506,0.353071199866023,0.333038410989492,0.374105299753127
"ecxwb1p3",1.31000573206746,0.352120105455924,0.332098619695283,0.373127861600886
"ecxwb1p3",1.3205468020195,0.351149641339815,0.331133700228773,0.372149762397665
"ecxwb1p3",1.3311726915666,0.350158159010138,0.33021653042488,0.37117099113006
"ecxwb1p3",1.3418840832167,0.349186306388864,0.329306186577425,0.370099523074962
"ecxwb1p3",1.35268166496955,0.34821591759555,0.328377216338269,0.369105022691656
"ecxwb1p3",1.36356613036099,0.347266565433575,0.327466286479706,0.368139174172778
"ecxwb1p3",1.37453817850744,0.346300406331944,0.326556569792046,0.367149369267198
"ecxwb1p3",1.38559851415079,0.345311684371199,0.32562620274205,0.366130047695277
"ecxwb1p3",1.39674784770375,0.344342031016521,0.324678228597046,0.365125214161944
"ecxwb1p3",1.40798689529536,0.343374855031312,0.323743911105601,0.364146689367177
"ecxwb1p3",1.41931637881711,0.342410385922029,0.322823990151178,0.36316770434735
"ecxwb1p3",1.43073702596922,0.341435329688027,0.321897401836549,0.362255417323381
"ecxwb1p3",1.44224957030741,0.340476230338349,0.320942174839565,0.361240579678399
"ecxwb1p3",1.45385475129002,0.33950331273535,0.320016543609234,0.360288509736086
"ecxwb1p3",1.46555331432551,0.338535412769202,0.319072231600889,0.359263175347383
"ecxwb1p3",1.47734601082033,0.337558822311278,0.318131834111414,0.358232482478472
"ecxwb1p3",1.48923359822717,0.336598134449781,0.317179438343774,0.357250309042141
"ecxwb1p3",1.50121684009364,0.335617975358943,0.31624447756119,0.356286441885089
"ecxwb1p3",1.51329650611131,0.334644730299281,0.315272203954172,0.355298431861686
"ecxwb1p3",1.5254733721651,0.333679283169182,0.31432298599105,0.354285758760413
"ecxwb1p3",1.53774822038319,0.332717949191246,0.313448577315099,0.353274372008779
"ecxwb1p3",1.55012183918721,0.331744098308051,0.312576481512819,0.352298962414692
"ecxwb1p3",1.56259502334287,0.330771198446645,0.31169030589198,0.351304664505005
"ecxwb1p3",1.57516857401105,0.329802141358624,0.310718595621153,0.350309316713404
"ecxwb1p3",1.58784329879923,0.328836318519031,0.309760816920587,0.34933737109324
"ecxwb1p3",1.60062001181338,0.327881336200429,0.308791114319754,0.348335815773596
"ecxwb1p3",1.61349953371022,0.326920246931255,0.307880826093147,0.347335059137998
"ecxwb1p3",1.62648269174997,0.325944381237227,0.306968875995151,0.346372577972853
"ecxwb1p3",1.63957031984947,0.324960497834868,0.306061707527576,0.345464519015046
"ecxwb1p3",1.65276325863573,0.323999883252604,0.305156719843205,0.344456484241686
"ecxwb1p3",1.66606235549994,0.323026670118262,0.304215069740107,0.343494925303733
"ecxwb1p3",1.67946846465188,0.322074680204648,0.303245166042265,0.342514558871291
"ecxwb1p3",1.69298244717484,0.321109389972773,0.302275814824167,0.341543986858835
"ecxwb1p3",1.70660517108084,0.32014603867065,0.301324817899207,0.340572183341574
"ecxwb1p3",1.72033751136647,0.319178341218528,0.300369867600767,0.339584796432674
"ecxwb1p3",1.73418035006901,0.318202661474914,0.299412888081512,0.33863133243709
"ecxwb1p3",1.74813457632318,0.317241885519356,0.298453638847441,0.337625576733787
"ecxwb1p3",1.76220108641815,0.31626232079747,0.297547838484297,0.336683048073876
"ecxwb1p3",1.77638078385517,0.315285638711357,0.296661184210328,0.335670999616407
"ecxwb1p3",1.7906745794056,0.314319437573148,0.295752824610522,0.334651389924063
"ecxwb1p3",1.80508339116939,0.313343673191044,0.294824399922728,0.333632534044108
"ecxwb1p3",1.81960814463405,0.312392458570463,0.293880654570718,0.332679672831279
"ecxwb1p3",1.83424977273411,0.31142898357251,0.292929996944873,0.331736077201704
"ecxwb1p3",1.84900921591104,0.310453540824679,0.291976378272267,0.33073252152301
"ecxwb1p3",1.86388742217363,0.309487543456049,0.291051836288654,0.329787186976244
"ecxwb1p3",1.87888534715892,0.308530670933238,0.290117173078399,0.328804726493165
"ecxwb1p3",1.89400395419356,0.307568160085384,0.289198536097099,0.327838503924866
"ecxwb1p3",1.90924421435568,0.306609472593342,0.288288169307106,0.326880119355378
"ecxwb1p3",1.92460710653729,0.305644594089114,0.287394064504009,0.325915455161372
"ecxwb1p3",1.94009361750711,0.304692992629418,0.286485590224724,0.324965210351693
"ecxwb1p3",1.955704741974,0.303739564170006,0.285558788746834,0.323988009430694
"ecxwb1p3",1.9714414826508,0.302780159863092,0.284577333091214,0.323035706276671
"ecxwb1p3",1.9873048503188,0.30180767472953,0.283671874356949,0.322053966401701
"ecxwb1p3",2.00329586389258,0.300856149824022,0.282735619889068,0.321057256506037
"ecxwb1p3",2.01941555048554,0.299903546863031,0.281783119628535,0.320095123605124
"ecxwb1p3",2.03566494547582,0.298940426821124,0.280843750495231,0.319130702863927
"ecxwb1p3",2.05204509257281,0.297985246327671,0.279945365066857,0.318155037482484
"ecxwb1p3",2.0685570438842,0.297025484011058,0.278994014021721,0.317236319523243
"ecxwb1p3",2.08520185998355,0.296066142007464,0.278066587490245,0.316280158785993
"ecxwb1p3",2.10198060997842,0.295118401693394,0.277130213759729,0.315319218551805
"ecxwb1p3",2.11889437157901,0.294151440597291,0.276215816169393,0.314317431620473
"ecxwb1p3",2.13594423116744,0.293197988970045,0.275239750287299,0.313325121582024
"ecxwb1p3",2.15313128386747,0.292240063018476,0.274300300703058,0.312394676775296
"ecxwb1p3",2.17045663361486,0.291270107910548,0.273361969800533,0.311443893098126
"ecxwb1p3",2.18792139322831,0.290305549628334,0.27247419545921,0.310488282368439
"ecxwb1p3",2.20552668448087,0.289367689810462,0.271486592106436,0.309500266413885
"ecxwb1p3",2.22327363817206,0.288411910542068,0.270553499554149,0.30853077696845
"ecxwb1p3",2.24116339420045,0.287449978054547,0.269644351259738,0.307577269098416
"ecxwb1p3",2.25919710163692,0.286516210538663,0.268706896736304,0.306623462221105
"ecxwb1p3",2.27737591879844,0.285582303069374,0.267806157952439,0.305641280301631
"ecxwb1p3",2.29570101332245,0.284628602510204,0.266906116840677,0.304653055111665
"ecxwb1p3",2.31417356224191,0.283677550174033,0.265940157662373,0.303671574726018
"ecxwb1p3",2.33279475206086,0.28272396687034,0.265018383004003,0.302715020179146
"ecxwb1p3",2.35156577883064,0.281789554111966,0.264099995995851,0.301786009117997
"ecxwb1p3",2.37048784822674,0.280839950467613,0.263172204473271,0.300811647989011
"ecxwb1p3",2.38956217562618,0.279888893460143,0.262250355578251,0.299822806149435
"ecxwb1p3",2.40878998618565,0.278956411110966,0.261344752625995,0.29888029677526
"ecxwb1p3",2.42817251492014,0.278024917613664,0.260398700304065,0.297929160316098
"ecxwb1p3",2.4477110067823,0.277070976876803,0.259507183476254,0.297032629268651
"ecxwb1p3",2.46740671674239,0.27615172193533,0.258598095047328,0.296038383047011
"ecxwb1p3",2.4872609098689,0.275209648902603,0.257684165900648,0.295054454412598
"ecxwb1p3",2.50727486140979,0.274282615087227,0.256771513680885,0.294133750152835
"ecxwb1p3",2.52744985687442,0.273345408498413,0.255858518740411,0.293215303685796
"ecxwb1p3",2.5477871921161,0.272414678407232,0.254930458826734,0.29230200081162
"ecxwb1p3",2.56828817341532,0.271466234412167,0.2539840492234,0.291398879261482
"ecxwb1p3",2.58895411756369,0.270517960245201,0.253089997202561,0.290469075385902
"ecxwb1p3",2.60978635194848,0.269582066900747,0.252195320283561,0.289528675330243
"ecxwb1p3",2.63078621463789,0.268632562795925,0.251301497114021,0.288577554711799
"ecxwb1p3",2.65195505446699,0.267683348213425,0.25036008019179,0.287626851111767
"ecxwb1p3",2.67329423112439,0.266729801523327,0.249486797683462,0.2866758352789
"ecxwb1p3",2.69480511523952,0.265790498322393,0.248588936943899,0.285719771806106
"ecxwb1p3",2.71648908847069,0.264857848349214,0.247683335174683,0.284743073830435
"ecxwb1p3",2.73834754359388,0.263917543975032,0.246760801224226,0.28379837298424
"ecxwb1p3",2.7603818845921,0.262987684787789,0.24585590566569,0.282886539446309
"ecxwb1p3",2.78259352674567,0.262061389572361,0.244958247459582,0.28196986631133
"ecxwb1p3",2.80498389672307,0.261124706484748,0.244053236983372,0.281024853993213
"ecxwb1p3",2.82755443267258,0.260206368137123,0.243163172548923,0.280074918566321
"ecxwb1p3",2.85030658431466,0.25927234906409,0.242264078880518,0.279125243039404
"ecxwb1p3",2.87324181303506,0.25835994968536,0.241370774987986,0.278154666998169
"ecxwb1p3",2.89636159197871,0.257412267711793,0.24043163590349,0.277213906351241
"ecxwb1p3",2.91966740614431,0.256486638136939,0.239509825435252,0.276282888467007
"ecxwb1p3",2.94316075247972,0.255545007772062,0.23861832895569,0.275369578380152
"ecxwb1p3",2.96684313997814,0.254607359868008,0.237727443548952,0.27444221585484
"ecxwb1p3",2.99071608977498,0.253677428872582,0.236856476638868,0.273498878769874
"ecxwb1p3",3.01478113524562,0.252751161981579,0.235953479814367,0.272554799545454
"ecxwb1p3",3.03903982210384,0.251828612067547,0.235054524651624,0.271628767827253
"ecxwb1p3",3.06349370850116,0.250920133951683,0.234160414844815,0.270677630460869
"ecxwb1p3",3.08814436512688,0.249994870637821,0.233223032758664,0.269726158768173
"ecxwb1p3",3.11299337530901,0.249074832081122,0.232331928712607,0.268763255745871
"ecxwb1p3",3.13804233511589,0.248156435156054,0.231455504554374,0.267845786818329
"ecxwb1p3",3.16329285345882,0.247227310799807,0.23051883260819,0.266940019329198
"ecxwb1p3",3.18874655219527,0.246313202336512,0.22958075465539,0.265985024226233
"ecxwb1p3",3.21440506623319,0.245395254557146,0.228676845280196,0.26506049216559
"ecxwb1p3",3.24027004363589,0.24450025497527,0.227764688087937,0.264148516541162
"ecxwb1p3",3.266343145728,0.24358424802559,0.22683204164596,0.263199374202013
"ecxwb1p3",3.29262604720213,0.242677800923729,0.225901379512006,0.262251326879644
"ecxwb1p3",3.31912043622642,0.241769449357671,0.224968899494624,0.26131686506297
"ecxwb1p3",3.34582801455302,0.240854186363933,0.224046735376048,0.26036349635676
"ecxwb1p3",3.37275049762737,0.239955994299868,0.223222952678022,0.259431305635386
"ecxwb1p3",3.39988961469836,0.239045071762365,0.222297681647931,0.258500000353207
"ecxwb1p3",3.42724710892945,0.238147226523891,0.221402274574427,0.257573879823938
"ecxwb1p3",3.4548247375106,0.237252553319168,0.220554538984551,0.256691579771381
"ecxwb1p3",3.48262427177114,0.236351243823847,0.219658894255627,0.255723689502428
"ecxwb1p3",3.51064749729357,0.235446739362425,0.21874175005605,0.254797339938491
"ecxwb1p3",3.53889621402819,0.234546228779748,0.217829253527326,0.253864839245578
"ecxwb1p3",3.56737223640878,0.233635928186531,0.216926102928085,0.252964616477421
"ecxwb1p3",3.59607739346911,0.232737462935087,0.216018127769503,0.252076766329354
"ecxwb1p3",3.62501352896042,0.231838668600365,0.215133105309415,0.251178353216315
"ecxwb1p3",3.65418250146983,0.230950653136124,0.214233289417573,0.250241309340386
"ecxwb1p3",3.68358618453975,0.230039048674581,0.2133271200062,0.249308044303315
"ecxwb1p3",3.71322646678821,0.229145421684299,0.212448894569536,0.248438291997735
"ecxwb1p3",3.74310525203015,0.228251537264502,0.211573776192264,0.247518841793941
"ecxwb1p3",3.77322445939973,0.227357307171306,0.210686644050733,0.246635926823731
"ecxwb1p3",3.80358602347357,0.226457408316719,0.209822215485848,0.245784176536345
"ecxwb1p3",3.83419189439502,0.225560691157987,0.208948742318779,0.244879489564479
"ecxwb1p3",3.86504403799943,0.224674316390815,0.208077148379127,0.244028863873748
"ecxwb1p3",3.89614443594039,0.223783956081841,0.207209360779632,0.243113327334651
"ecxwb1p3",3.92749508581706,0.222895232174842,0.206347221333195,0.242209316788736
"ecxwb1p3",3.95909800130243,0.221993117730137,0.205492502624262,0.241348888213784
"ecxwb1p3",3.99095521227266,0.221075592708533,0.204617874322283,0.240428050119473
"ecxwb1p3",4.02306876493751,0.220210506533699,0.203718862761579,0.23950593878912
"ecxwb1p3",4.05544072197172,0.219322785201404,0.202882459079018,0.238591835764027
"ecxwb1p3",4.0880731626475,0.218452587762941,0.202003905905201,0.237708605006914
"ecxwb1p3",4.12096818296813,0.217554186305813,0.201089119317606,0.236758974429324
"ecxwb1p3",4.15412789580253,0.216674989787055,0.200264434178463,0.235870703712269
"ecxwb1p3",4.187554431021,0.215792365031363,0.199367812010982,0.234982188864124
"ecxwb1p3",4.22124993563203,0.214910770996989,0.198482179773709,0.234107857729515
"ecxwb1p3",4.25521657392016,0.214037728034144,0.19761422363881,0.233235979218663
"ecxwb1p3",4.28945652758506,0.213151394112594,0.196763751351555,0.232359680592121
"ecxwb1p3",4.32397199588162,0.21227716660367,0.195910874503822,0.231465692733411
"ecxwb1p3",4.35876519576121,0.211399590607494,0.195045934753702,0.230606761786466
"ecxwb1p3",4.39383836201408,0.210536476203145,0.194217396325676,0.229762319143835
"ecxwb1p3",4.42919374741291,0.209664644839629,0.19333543608787,0.228875289769803
"ecxwb1p3",4.46483362285751,0.20879028527139,0.192481138037188,0.227982943821695
"ecxwb1p3",4.50076027752066,0.207919516548347,0.191595694817367,0.227118027846452
"ecxwb1p3",4.53697601899517,0.207050577920265,0.19073931304368,0.226254041982244
"ecxwb1p3",4.57348317344208,0.206197660863852,0.189856119057799,0.225408018185962
"ecxwb1p3",4.61028408574009,0.205344399874868,0.188970192274787,0.224550286560054
"ecxwb1p3",4.64738111963615,0.204474431012882,0.188115332842799,0.223686951292709
"ecxwb1p3",4.6847766578973,0.20362382577445,0.187249842951779,0.222810313828479
"ecxwb1p3",4.7224731024637,0.202750612378193,0.186384476043109,0.221908512224598
"ecxwb1p3",4.76047287460295,0.20188092058607,0.185542255240255,0.221057280894615
"ecxwb1p3",4.79877841506555,0.20102661581512,0.184695209341118,0.220178063863408
"ecxwb1p3",4.83739218424173,0.200177927251539,0.183868804785134,0.219355077890695
"ecxwb1p3",4.87631666231942,0.199325156615268,0.183051369672352,0.218476615291898
"ecxwb1p3",4.91555434944363,0.198470595669841,0.182204461222106,0.217610847053485
"ecxwb1p3",4.95510776587696,0.197613038631683,0.181360639668163,0.216735388734564
"ecxwb1p3",4.99497945216153,0.196756442536984,0.180497192110404,0.215852065179473
"ecxwb1p3",5.03517196928213,0.195885920431704,0.1796360185732,0.214985408356342
"ecxwb1p3",5.07568789883074,0.195031056376863,0.178769057970196,0.214134790689428
"ecxwb1p3",5.11652984317234,0.194158902754996,0.177919660866227,0.213286765040073
"ecxwb1p3",5.15770042561203,0.193305794234676,0.177102987953619,0.212439322874916
"ecxwb1p3",5.19920229056357,0.19245920933474,0.176276337485744,0.211593821999759
"ecxwb1p3",5.24103810371923,0.19161324151314,0.175479636378601,0.210794845649653
"ecxwb1p3",5.28321055222095,0.190771961739311,0.174617322237279,0.209985619294555
"ecxwb1p3",5.32572234483303,0.189924483393569,0.173781356660203,0.209175897572088
"ecxwb1p3",5.36857621211604,0.189083983686205,0.172922039389129,0.208332227763626
"ecxwb1p3",5.41177490660223,0.188242886063926,0.172106300547015,0.207489981416495
"ecxwb1p3",5.45532120297235,0.187405060111489,0.171255998504665,0.20664805580835
"ecxwb1p3",5.49921789823382,0.186565857195313,0.170433780165508,0.205808177739752
"ecxwb1p3",5.54346781190044,0.185732291218668,0.169609299778769,0.20496006244828
"ecxwb1p3",5.58807378617345,0.184885557071646,0.168793902672207,0.204140220666556
"ecxwb1p3",5.63303868612409,0.184051718850086,0.167983616051852,0.203294794727983
"ecxwb1p3",5.67836539987766,0.183227499735019,0.16716483040902,0.20246848983982
"ecxwb1p3",5.72405683879896,0.182403791896023,0.166335562935415,0.201717001926048
"ecxwb1p3",5.77011593767938,0.181579561435861,0.1655110052301,0.200880190547065
"ecxwb1p3",5.8165456549253,0.180762848138151,0.164717329399271,0.200027744003585
"ecxwb1p3",5.86334897274819,0.179944794760174,0.163908181583785,0.199202928944551
"ecxwb1p3",5.91052889735614,0.179134286663166,0.163118467006336,0.198361253714079
"ecxwb1p3",5.95808845914694,0.178315689535926,0.16229200719683,0.197534770975178
"ecxwb1p3",6.00603071290269,0.177490995830885,0.161486102918025,0.196758067701865
"ecxwb1p3",6.05435873798611,0.176685726196816,0.160689710053667,0.19595201445969
"ecxwb1p3",6.10307563853822,0.175864001633784,0.159877300814949,0.195167167691174
"ecxwb1p3",6.15218454367778,0.17502424553179,0.159066377251016,0.194353886221007
"ecxwb1p3",6.20168860770229,0.174214028251301,0.158268102131173,0.193529197115294
"ecxwb1p3",6.25159101029052,0.173415842838859,0.157473632673462,0.192731550775312
"ecxwb1p3",6.30189495670683,0.172597900439671,0.156650556086161,0.19189405656604
"ecxwb1p3",6.35260367800699,0.171789898534773,0.155844454157698,0.191122901643989
"ecxwb1p3",6.40372043124573,0.170979950622949,0.155044327218772,0.190346307609233
"ecxwb1p3",6.45524849968593,0.170176390748751,0.154248571144046,0.189519344053531
"ecxwb1p3",6.50719119300954,0.169374054824586,0.153449957786408,0.188693488160892
"ecxwb1p3",6.55955184753014,0.168565924719664,0.152619587271549,0.187884474384021
"ecxwb1p3",6.61233382640719,0.167774160130273,0.151821338406514,0.1871000571928
"ecxwb1p3",6.66554051986216,0.16698023321705,0.151022929567975,0.186299591472256
"ecxwb1p3",6.71917534539617,0.166181850798208,0.150234154417931,0.18549236918908
"ecxwb1p3",6.77324174800955,0.165384776068551,0.149460651261747,0.184682109510299
"ecxwb1p3",6.82774320042315,0.164601118779457,0.148663281135527,0.183876132580286
"ecxwb1p3",6.88268320330131,0.163810414497723,0.147868646932487,0.183077905937976
"ecxwb1p3",6.93806528547677,0.16303078567952,0.147127532526823,0.182321233778074
"ecxwb1p3",6.99389300417734,0.162256100828768,0.146326420688599,0.181551579772222
"ecxwb1p3",7.05016994525433,0.161475340399193,0.145568655424235,0.180773117166915
"ecxwb1p3",7.1068997234129,0.160697288182367,0.144798842110513,0.179994735461719
"ecxwb1p3",7.16408598244428,0.159910993580565,0.144024554695062,0.179208703794616
"ecxwb1p3",7.2217323954597,0.159119802849739,0.143267657861598,0.178412701687874
"ecxwb1p3",7.27984266512644,0.158341014488629,0.142492297174515,0.177653962188
"ecxwb1p3",7.33842052390557,0.157555042795021,0.141692158173333,0.176891769945702
"ecxwb1p3",7.39746973429174,0.156778471359685,0.140934996729354,0.176120073267841
"ecxwb1p3",7.4569940890548,0.155980498459819,0.140187562739105,0.17535972160212
"ecxwb1p3",7.51699741148346,0.155207050699953,0.139417291469228,0.174596299096626
"ecxwb1p3",7.57748355563082,0.154436475657806,0.138638314056143,0.173812142515712
"ecxwb1p3",7.63845640656197,0.153647837188474,0.137882074569511,0.173044700110528
"ecxwb1p3",7.69991988060346,0.152875122943539,0.137117346966055,0.172278796732094
"ecxwb1p3",7.76187792559492,0.152105268087003,0.136346747166599,0.171494916894492
"ecxwb1p3",7.82433452114258,0.151328905210283,0.135594124870419,0.17070753481188
"ecxwb1p3",7.88729367887489,0.150564938951494,0.134821235443713,0.16992352976432
"ecxwb1p3",7.95075944270026,0.149810061325623,0.134041309384253,0.169136090498779
"ecxwb1p3",8.01473588906667,0.149042481670034,0.133276386123553,0.168368417127226
"ecxwb1p3",8.07922712722361,0.148300405717591,0.132509236882321,0.167651427677995
"ecxwb1p3",8.14423729948602,0.147549935801604,0.131776715548639,0.166863972457096
"ecxwb1p3",8.20977058150026,0.146798906238379,0.131060416107404,0.166094980256893
"ecxwb1p3",8.27583118251241,0.146036679622692,0.130333519810161,0.165335599861832
"ecxwb1p3",8.34242334563861,0.145275018143354,0.129577699087863,0.164582103748692
"ecxwb1p3",8.40955134813756,0.144523288331062,0.128817513005073,0.163842387157457
"ecxwb1p3",8.47721950168529,0.143767743529516,0.128092288147778,0.163070190651376
"ecxwb1p3",8.54543215265208,0.143029246226273,0.127375677474827,0.162302608939422
"ecxwb1p3",8.61419368238166,0.142280602743864,0.126650910007376,0.161538588203075
"ecxwb1p3",8.68350850747257,0.141532324456098,0.125910943592719,0.160812274820656
"ecxwb1p3",8.75338108006193,0.140792435589104,0.125173482298198,0.160043641551218
"ecxwb1p3",8.8238158881113,0.14004899256323,0.124437368424236,0.159292894836454
"ecxwb1p3",8.89481745569502,0.13931210546667,0.123724930589966,0.15851919662154
"ecxwb1p3",8.96639034329078,0.138573880258498,0.123007656608439,0.157796327381459
"ecxwb1p3",9.03853914807251,0.137836896794691,0.122299077848901,0.157054301141195
"ecxwb1p3",9.11126850420567,0.137119131786478,0.121584939368901,0.156310553938018
"ecxwb1p3",9.18458308314498,0.136401366269513,0.120872405921374,0.155568422207273
"ecxwb1p3",9.25848759393434,0.135689586078478,0.12018438469438,0.154829167185616
"ecxwb1p3",9.33298678350939,0.134957716105484,0.119489939076632,0.154089362921463
"ecxwb1p3",9.4080854370024,0.13422829404943,0.118781662649531,0.153368408012969
"ecxwb1p3",9.48378837804958,0.133506764629579,0.118089577700881,0.152658092387951
"ecxwb1p3",9.56010046910091,0.132784420488967,0.117402614674491,0.151931139430798
"ecxwb1p3",9.63702661173254,0.132079314261611,0.116698576996909,0.151186809985356
"ecxwb1p3",9.71457174696151,0.131356485541852,0.115993198353247,0.150471057743894
"ecxwb1p3",9.79274085556316,0.130640027723597,0.115281651156639,0.149734004903124
"ecxwb1p3",9.8715389583911,0.129928241144512,0.11458960722615,0.149012800919447
"ecxwb1p3",9.95097111669961,0.129220970319816,0.11388336776493,0.148293238508707
"ecxwb1p3",10.0310424324688,0.128519629721396,0.11317809042773,0.147574909422854
"ecxwb1p3",10.1117580487322,0.127816012276002,0.112477309127401,0.146857970628079
"ecxwb1p3",10.1931231499074,0.127116261787142,0.111777864428453,0.146133051783122
"ecxwb1p3",10.2751429621286,0.126410882915348,0.111104118407816,0.14538397097588
"ecxwb1p3",10.3578227535827,0.125713600740854,0.110425174123704,0.144682688221004
"ecxwb1p3",10.4411678348473,0.125021748953396,0.109734133876827,0.143966572165566
"ecxwb1p3",10.5251835592322,0.12431817112347,0.109045465010281,0.143229772606064
"ecxwb1p3",10.609875323123,0.123636593189604,0.108359592979786,0.142504019785436
"ecxwb1p3",10.6952485663278,0.122955613427851,0.107695205246868,0.14183049933545
"ecxwb1p3",10.7813087724264,0.122266595885288,0.107000827374107,0.141156375626306
"ecxwb1p3",10.8680614691228,0.121582422728749,0.106315598643657,0.140464019110043
"ecxwb1p3",10.9555122286002,0.120895664458379,0.105638752610762,0.139779234746324
"ecxwb1p3",11.0436666678787,0.120214648662434,0.104959285192756,0.139097527782869
"ecxwb1p3",11.1325304491763,0.119532581436027,0.104281742062078,0.138409203166646
"ecxwb1p3",11.2221092802725,0.118841582887031,0.103614869695386,0.137744367933973
"ecxwb1p3",11.3124089148749,0.118159579969505,0.102933084179429,0.137115823134772
"ecxwb1p3",11.4034351529888,0.117480485959139,0.102290849169055,0.136425040820534
"ecxwb1p3",11.4951938412897,0.116807321160439,0.101628698847439,0.135718062740578
"ecxwb1p3",11.5876908734988,0.116139324075718,0.100969147133776,0.135012595668378
"ecxwb1p3",11.6809321907619,0.115468948770825,0.100319292711306,0.134308249026783
"ecxwb1p3",11.7749237820303,0.114800301138703,0.0996605289232911,0.133599858694797
"ecxwb1p3",11.8696716844462,0.114137434794668,0.0990370887305564,0.132906908066256
"ecxwb1p3",11.9651819837302,0.113472414376217,0.0984207692196842,0.132213907554931
"ecxwb1p3",12.0614608145718,0.112814710022746,0.0977861848513558,0.131560336844714
"ecxwb1p3",12.1585143610242,0.112150304807283,0.0971406767347223,0.130903256464377
"ecxwb1p3",12.2563488569009,0.111490622466934,0.0964996956622583,0.130246765929091
"ecxwb1p3",12.3549705861763,0.110834594425149,0.0958809399183947,0.129544438905553
"ecxwb1p3",12.4543858833893,0.110174618425262,0.0952512476522046,0.1288913911673
"ecxwb1p3",12.5546011340502,0.10953472661488,0.0946240972571566,0.128191036284767
"ecxwb1p3",12.655622775051,0.108904844123744,0.0939986619527514,0.127566475963544
"ecxwb1p3",12.7574572950785,0.10826239567329,0.09337853149873,0.126919088340226
"ecxwb1p3",12.8601112350314,0.107611254085049,0.0927217997557024,0.126238878308798
"ecxwb1p3",12.96359118844,0.106980679112384,0.0920917888951442,0.125560890966621
"ecxwb1p3",13.0679038018904,0.106341050050492,0.0914764015924638,0.12488460844787
"ecxwb1p3",13.1730557754507,0.105703411031931,0.0908575766888057,0.124217510641697
"ecxwb1p3",13.2790538631017,0.105073666319327,0.0902304420669531,0.123550961341685
"ecxwb1p3",13.3859048731709,0.1044421843399,0.0896224684204563,0.122905113184831
"ecxwb1p3",13.4936156687692,0.103810145005338,0.0890163276640562,0.12225415843516
"ecxwb1p3",13.6021931682324,0.103184640259763,0.088402320312285,0.121604974485381
"ecxwb1p3",13.7116443455652,0.102564847674184,0.0878138285950042,0.120964649184696
"ecxwb1p3",13.821976230889,0.1019406013655,0.0872026276590591,0.120377438103539
"ecxwb1p3",13.9331959108939,0.101329078308395,0.0865732743390437,0.119728279819792
"ecxwb1p3",14.0453105292936,0.100702781943252,0.0859735645513273,0.119030587888364
"ecxwb1p3",14.1583272872842,0.100079203205778,0.0853741353649029,0.118411392140748
"ecxwb1p3",14.2722534440068,0.099461889540892,0.0847726785730561,0.117793892800027
"ecxwb1p3",14.3870963170139,0.098846160719201,0.0841700355525579,0.117167173033274
"ecxwb1p3",14.5028632827393,0.09823173679031,0.0835787268323248,0.116542630051005
"ecxwb1p3",14.6195617769718,0.0976165403231981,0.0829904028848711,0.115904208787901
"ecxwb1p3",14.7371992953328,0.0970113931126635,0.0824015589806166,0.11526757433253
"ecxwb1p3",14.8557833937581,0.0964081010416519,0.0818013867979863,0.114648581305088
"ecxwb1p3",14.9753216889827,0.0957949506406386,0.0812260252159021,0.114051155005654
"ecxwb1p3",15.0958218590306,0.0951980038963512,0.0806369220619356,0.11345404126097
"ecxwb1p3",15.2172916437073,0.094605029745851,0.0800500884563212,0.112803043413359
"ecxwb1p3",15.3397388450975,0.094006064512504,0.0794663641243802,0.112141163380198
"ecxwb1p3",15.4631713280661,0.0934080284768223,0.0789062183227951,0.111481096219872
"ecxwb1p3",15.587597020763,0.0928169038964685,0.0783475727035761,0.110855912527868
"ecxwb1p3",15.7130239151329,0.0922229302752668,0.0777847888265005,0.110232561766083
"ecxwb1p3",15.8394600674282,0.0916349008264772,0.0772124222082386,0.109611048007007
"ecxwb1p3",15.9669135987267,0.0910487595024111,0.0766819557963977,0.109000202715665
"ecxwb1p3",16.0953926954529,0.09046791051831,0.0761052087501302,0.108378222250455
"ecxwb1p3",16.2249056099044,0.0898861477603131,0.0755555332312512,0.107801789394785
"ecxwb1p3",16.3554606607814,0.0892965486526096,0.075010426070388,0.107173423094452
"ecxwb1p3",16.4870662337211,0.0887271724154599,0.0744625444875995,0.106547106881007
"ecxwb1p3",16.6197307818366,0.0881519038984499,0.0739104181161584,0.105942239575461
"ecxwb1p3",16.7534628262597,0.087578403330423,0.0733480752395417,0.1053247940065
"ecxwb1p3",16.888270956688,0.0870138401442866,0.0728044649028657,0.104739307814184
"ecxwb1p3",17.0241638319371,0.0864565860810477,0.0722672238254006,0.104151413900013
"ecxwb1p3",17.1611501804961,0.0858935576474291,0.0717279506770128,0.103561587612125
"ecxwb1p3",17.299238801089,0.0853306139329454,0.0711816867871942,0.102982380187426
"ecxwb1p3",17.4384385632392,0.0847634322762716,0.0706382155872962,0.102404982528854
"ecxwb1p3",17.5787584078396,0.084197008230102,0.0700968080057695,0.101829397027409
"ecxwb1p3",17.7202073477267,0.0836509469282653,0.0695511946671939,0.101255261474465
"ecxwb1p3",17.8627944682595,0.0830934849950881,0.0690211722503598,0.100681205115223
"ecxwb1p3",18.0065289279031,0.0825443510776467,0.0684910954143118,0.100085643963766
"ecxwb1p3",18.151419958817,0.0819826207111908,0.0679603968248404,0.0995100916142562
"ecxwb1p3",18.297476867448,0.0814299630538249,0.0674324135989667,0.0989315114757916
"ecxwb1p3",18.444709035128,0.0808869314635195,0.0669139164251673,0.0983697687017402
"ecxwb1p3",18.5931259186765,0.0803429626415315,0.0663870016645072,0.0978204704562506
"ecxwb1p3",18.7427370510083,0.0797966523290731,0.0658751846606275,0.0972480522322875
"ecxwb1p3",18.8935520417454,0.0792482640080353,0.0653475521326482,0.0966720707012921
"ecxwb1p3",19.0455805778344,0.0787119559611736,0.0648412051745411,0.0960987378740037
"ecxwb1p3",19.1988324241689,0.0781690555252076,0.0643373676980374,0.0954814693369307
"ecxwb1p3",19.3533174242163,0.0776365956285529,0.0638360217607089,0.0948869281360592
"ecxwb1p3",19.5090455006505,0.0771172364586347,0.0633375793824493,0.0943308394723109
"ecxwb1p3",19.6660266559888,0.0765907991818948,0.0628416899382057,0.0937962059014238
"ecxwb1p3",19.8242709732348,0.0760684325726395,0.0623482837095433,0.0932611926856226
"ecxwb1p3",19.9837886165257,0.0755454905078354,0.0618570452229751,0.0926998627859645
"ecxwb1p3",20.1445898317852,0.0750282189513712,0.0613681597548509,0.0921400227844094
"ecxwb1p3",20.306684947382,0.0745134059326444,0.0608812768617108,0.0915924200038376
"ecxwb1p3",20.4700843747925,0.0739994186720667,0.060396997229028,0.0910356924682805
"ecxwb1p3",20.6347986092701,0.0734758630503569,0.0599170249641523,0.0904797209465255
"ecxwb1p3",20.800838230519,0.0729614879925937,0.0594384419230621,0.0899237161728387
"ecxwb1p3",20.9682139033741,0.0724426503103354,0.0589687437562977,0.0893713048366745
"ecxwb1p3",21.1369363784857,0.0719276012592333,0.0585023075082296,0.0888506170130202
"ecxwb1p3",21.3070164930098,0.0714168337756209,0.0580261426480906,0.0883377879116169
"ecxwb1p3",21.4784651713049,0.0709152959822291,0.0575597466458069,0.0877873397370334
"ecxwb1p3",21.651293425633,0.0704170346786415,0.0571038940910414,0.0872355156049475
"ecxwb1p3",21.8255123568674,0.069912895254056,0.0566503825291951,0.0866888207976934
"ecxwb1p3",22.0011331552051,0.0694213932145968,0.0561818854355289,0.0862015036070096
"ecxwb1p3",22.1781671008864,0.0689262029698847,0.0557299356214166,0.0856894050493623
"ecxwb1p3",22.3566255649188,0.0684272379821762,0.0552668816287042,0.0851662486569388
"ecxwb1p3",22.5365200098075,0.0679377637638198,0.0548194117313598,0.0846448272744944
"ecxwb1p3",22.7178619902917,0.0674399236758372,0.0543673248751194,0.0841237983566352
"ecxwb1p3",22.9006631540869,0.0669503980453067,0.0539182566642193,0.0836046519359382
"ecxwb1p3",23.0849352426328,0.066464665097236,0.0534722777091063,0.0830873894186379
"ecxwb1p3",23.2706900918477,0.0659800474683562,0.0530357447644828,0.0825720121671704
"ecxwb1p3",23.4579396328883,0.065512166092305,0.0526015614344859,0.0820573902119794
"ecxwb1p3",23.6466958929168,0.0650318686064882,0.0521680794253185,0.0815409009680401
"ecxwb1p3",23.8369709958725,0.0645577171486253,0.0517286086666651,0.081012933213452
"ecxwb1p3",24.0287771632513,0.0640899678746937,0.0512890698234056,0.0804890363880586
"ecxwb1p3",24.2221267148902,0.0636209313528351,0.0508554335707611,0.0799902399831
"ecxwb1p3",24.417032069759,0.0631549010214136,0.0504244569154263,0.0794932931969023
"ecxwb1p3",24.6135057467575,0.0626956942477327,0.0499946783317378,0.0789980123475561
"ecxwb1p3",24.81156036552,0.0622294400713549,0.0495673959684232,0.0784670076391568
"ecxwb1p3",25.0112086472259,0.0617628179057388,0.0491434765004776,0.0779741971768564
"ecxwb1p3",25.2124634154163,0.0613058092914646,0.0487272176062406,0.0774735518853346
"ecxwb1p3",25.4153375968182,0.0608528571097117,0.0483133140739001,0.0769549821167591
"ecxwb1p3",25.6198442221746,0.0603933835859436,0.0478910510785766,0.076459699606895
"ecxwb1p3",25.8259964270813,0.0599312087795994,0.0474901104231783,0.0759703284462268
"ecxwb1p3",26.033807452831,0.0594816150824124,0.0470859352166867,0.0754828741575942
"ecxwb1p3",26.2432906472632,0.0590354016961028,0.0466817970540896,0.0749976633013893
"ecxwb1p3",26.4544594656224,0.0585979626142333,0.0462752629888282,0.0745207020668261
"ecxwb1p3",26.6673274714213,0.0581520730024651,0.0458740564214034,0.0740333239933785
"ecxwb1p3",26.8819083373129,0.057710739434459,0.0454641757864748,0.0735463715350381
"ecxwb1p3",27.0982158459683,0.0572742204857977,0.0450602991392884,0.0730584991716278
"ecxwb1p3",27.3162638909619,0.0568346495265299,0.0446676228529716,0.0725710147564954
"ecxwb1p3",27.5360664776639,0.056389090765208,0.0442775420765672,0.0721002404694439
"ecxwb1p3",27.7576377241399,0.0559575693145619,0.0438899328802712,0.0716327099282628
"ecxwb1p3",27.9809918620578,0.0555188930879498,0.0435000259906666,0.0711611379527441
"ecxwb1p3",28.2061432376016,0.0550924246708108,0.0431197483514384,0.0706839771334367
"ecxwb1p3",28.4331063123932,0.0546611425165575,0.0427404328825279,0.0702112148500173
"ecxwb1p3",28.6618956644211,0.0542387171034623,0.0423521216205998,0.0697368308859801
"ecxwb1p3",28.8925259889768,0.0538138463889184,0.0419653047388573,0.0692618072855544
"ecxwb1p3",29.1250120995988,0.0533919270647727,0.0415810428465046,0.0688146595401526
"ecxwb1p3",29.3593689290236,0.0529722292976339,0.0412001888748899,0.0683560963404799
"ecxwb1p3",29.5956115301457,0.0525602951324606,0.0408190184880936,0.0678869968083629
"ecxwb1p3",29.8337550769836,0.052154162291722,0.0404417658175346,0.0674347357580139
"ecxwb1p3",30.0738148656549,0.0517459824243047,0.0400666514654001,0.0669890217391038
"ecxwb1p3",30.3158063153588,0.0513397294929728,0.0396879039028425,0.0665457785700188
"ecxwb1p3",30.5597449693662,0.0509318194841802,0.0393241766486211,0.0660973365584321
"ecxwb1p3",30.8056464960183,0.0505221065643948,0.0389566428416184,0.0656540794495694
"ecxwb1p3",31.0535266897329,0.0501174200285848,0.0385967985151699,0.0652130481051722
"ecxwb1p3",31.303401472019,0.049713482305137,0.0382387750613629,0.0647912495144388
"ecxwb1p3",31.5552868924991,0.0493105710946116,0.0378736882178308,0.064357997201749
"ecxwb1p3",31.8091991299405,0.0489123946556814,0.0375110135430738,0.0639291847728022
"ecxwb1p3",32.0651544932943,0.0485265452449454,0.0371572331373099,0.0634919138529118
"ecxwb1p3",32.3231694227429,0.0481412377799515,0.0368080348284891,0.0630567111716163
"ecxwb1p3",32.5832604907559,0.0477526344742249,0.0364611275296913,0.0626234130054436
"ecxwb1p3",32.8454444031548,0.0473661885315378,0.0361140659643751,0.0622122902024591
"ecxwb1p3",33.1097380001858,0.0469770889945828,0.035765260258895,0.0617908407494543
"ecxwb1p3",33.3761582576015,0.046591432160215,0.0354317818752884,0.0613452428370101
"ecxwb1p3",33.6447222877514,0.0462030780013685,0.0350775438854034,0.0609082867633363
"ecxwb1p3",33.915447340681,0.0458235524847473,0.0347330513391594,0.0604734697690652
"ecxwb1p3",34.1883508052395,0.0454439460257421,0.0344176706539619,0.0600361948927819
"ecxwb1p3",34.463450210197,0.0450650213693274,0.0340964703110936,0.0596006450526409
"ecxwb1p3",34.7407632253705,0.0446872877189093,0.0337634827601852,0.0591778615413083
"ecxwb1p3",35.0203076627583,0.0443069554494047,0.0334281908187877,0.0587427633570636
"ecxwb1p3",35.3021014776849,0.0439372858466787,0.0331152464749729,0.0583252779551488
"ecxwb1p3",35.5861627699533,0.0435732888103366,0.0327952845936258,0.057913358627711
"ecxwb1p3",35.8725097850083,0.0432114642201657,0.0324752777231314,0.0575017411464545
"ecxwb1p3",36.1611609151084,0.0428553545181307,0.0321574856116905,0.0570953710037346
"ecxwb1p3",36.4521347005065,0.0424905090891908,0.0318388622698592,0.0567045742860028
"ecxwb1p3",36.7454498306416,0.0421349212784974,0.0315183569441691,0.0563118432425774
"ecxwb1p3",37.0411251453384,0.041777417930275,0.0311972133064676,0.0559099217265518
"ecxwb1p3",37.3391796360183,0.041423979417051,0.0308763461248509,0.0555092938356344
"ecxwb1p3",37.6396324469184,0.0410695374302348,0.0305727774766049,0.055110468358802
"ecxwb1p3",37.9425028763215,0.0407170373026886,0.0302817585337893,0.0547141572009568
"ecxwb1p3",38.2478103777958,0.0403664848630636,0.0299926047583058,0.0543197107771095
"ecxwb1p3",38.5555745614443,0.0400183583428931,0.029695036147557,0.0539267972095799
"ecxwb1p3",38.8658151951639,0.0396754256282026,0.0293899228654192,0.0535356562807576
"ecxwb1p3",39.1785522059162,0.039330504964902,0.0290952439095885,0.0531548408621629
"ecxwb1p3",39.4938056810061,0.0389877856398657,0.028808380154382,0.0527824778472288
"ecxwb1p3",39.8115958693731,0.0386510480316371,0.0285129553521073,0.0523959352185082
"ecxwb1p3",40.1319431828912,0.0383156117461873,0.0282147372838596,0.0520098385197976
"ecxwb1p3",40.4548681976805,0.0379779335411923,0.0279206761077665,0.0516254793740237
"ecxwb1p3",40.7803916554284,0.0376398447691157,0.02764142099791,0.0512352141344361
"ecxwb1p3",41.1085344647219,0.0373106682313361,0.0273641790495058,0.0508497118575483
"ecxwb1p3",41.4393177023909,0.0369823934436047,0.0270822073345674,0.050483819296745
"ecxwb1p3",41.7727626148617,0.0366572862038757,0.0268021213458694,0.050107888929693
"ecxwb1p3",42.1088906195217,0.0363325389321943,0.02652424884472,0.049732164278656
"ecxwb1p3",42.4477233060951,0.0360113099536469,0.0262484645477795,0.0493591525937468
"ecxwb1p3",42.7892824380295,0.0356880463184682,0.0259747610404098,0.0489877121925476
"ecxwb1p3",43.1335899538942,0.0353701787344708,0.025705671907266,0.0486181783399769
"ecxwb1p3",43.4806679687887,0.0350506164521785,0.0254447071639034,0.0482506797741823
"ecxwb1p3",43.8305387757636,0.0347337221580472,0.025182684121825,0.0478850290466929
"ecxwb1p3",44.1832248472524,0.0344228432543312,0.0249181617765645,0.0475212226186843
"ecxwb1p3",44.5387488365149,0.0341110429940265,0.0246556688530488,0.0471700402433028
"ecxwb1p3",44.8971335790922,0.0338012860138213,0.024395388377718,0.0468158204928575
"ecxwb1p3",45.2584020942735,0.0334942907606473,0.0241376348271285,0.0464562252616335
"ecxwb1p3",45.6225775865747,0.0331859967855586,0.0238944586156492,0.0461021779132087
"ecxwb1p3",45.9896834472286,0.0328863563767936,0.0236422422215616,0.0457497907657091
"ecxwb1p3",46.3597432556877,0.0325876009261581,0.023381789667666,0.0454074989321031
"ecxwb1p3",46.7327807811383,0.0322877506976528,0.0231252992062544,0.0450649075698118
"ecxwb1p3",47.1088199840276,0.031991438846754,0.0228749641966343,0.0447121444527074
"ecxwb1p3",47.4878850176025,0.0316938969800608,0.0226284487032689,0.0443655914107566
"ecxwb1p3",47.8700002294609,0.0313976656481711,0.0223829093818546,0.0440307552035486
"ecxwb1p3",48.2551901631159,0.0311056390733035,0.0221413380027891,0.0436890368025051
"ecxwb1p3",48.6434795595717,0.0308093602690898,0.0218988773908016,0.0433566391175095
"ecxwb1p3",49.0348933589133,0.0305171324386154,0.0216572519726661,0.043010422617729
"ecxwb1p3",49.4294567019081,0.0302324859825139,0.021417778918538,0.0426670585518733
"ecxwb1p3",49.8271949316206,0.0299492714115085,0.0211802891257964,0.0423252385531319
"ecxwb1p3",50.2281335950408,0.0296681994181939,0.0209479888689173,0.0419926727732919
"ecxwb1p3",50.6322984447242,0.0293897314635755,0.0207188767312031,0.0416618933381433
"ecxwb1p3",51.0397154404467,0.029111004949485,0.0204916247911239,0.0413328971894131
"ecxwb1p3",51.4504107508715,0.0288363023745797,0.0202589439915298,0.0410056546718191
"ecxwb1p3",51.8644107552302,0.0285612071770406,0.0200258973554674,0.0406801455828555
"ecxwb1p3",52.281742045017,0.0282909487203056,0.0197954441547346,0.0403591336144568
"ecxwb1p3",52.7024314256971,0.0280170568154843,0.0195712265622412,0.0400363179306149
"ecxwb1p3",53.1265059184276,0.0277510433782065,0.0193489080320903,0.0397157209074699
"ecxwb1p3",53.5539927617939,0.0274837961103223,0.0191286341427556,0.039406322851541
"ecxwb1p3",53.9849194135589,0.0272172029673418,0.0189102463963888,0.0390894438662837
"ecxwb1p3",54.4193135524267,0.0269521653528665,0.0186937285461812,0.0387666613046725
"ecxwb1p3",54.8572030798202,0.0266918998936339,0.0184790717502397,0.0384508374749925
"ecxwb1p3",55.2986161216736,0.0264336719038225,0.0182662727057946,0.0381285039620905
"ecxwb1p3",55.7435810302388,0.0261773028370247,0.0180567428891398,0.0378118378938639
"ecxwb1p3",56.1921263859063,0.0259202994841845,0.0178522023759228,0.0375009738719222
"ecxwb1p3",56.6442809990412,0.0256694619440943,0.0176494181371675,0.0371918182897104
"ecxwb1p3",57.1000739118335,0.0254152820760272,0.0174483904501485,0.0368753295844386
"ecxwb1p3",57.5595344001635,0.025160997603298,0.0172433886411373,0.0365733061083127
"ecxwb1p3",58.0226919754827,0.0249146691083505,0.0170350262782241,0.0362739723595064
"ecxwb1p3",58.4895763867087,0.0246665446211786,0.0168391225583131,0.0359737984478753
"ecxwb1p3",58.9602176221361,0.0244223211293043,0.0166458576770469,0.0356740744692959
"ecxwb1p3",59.4346459113629,0.0241813465594814,0.0164542730525177,0.0353887800314472
"ecxwb1p3",59.9128917272322,0.0239334616291971,0.0162643602935246,0.0351004205476762
"ecxwb1p3",60.3949857877892,0.0236907704023944,0.0160756776751628,0.0348056747918767
"ecxwb1p3",60.8809590582546,0.0234593306094317,0.0158766562596253,0.0345196599951799
"ecxwb1p3",61.3708427530131,0.0232238879300825,0.0156795032200745,0.0342382897579917
"ecxwb1p3",61.8646683376187,0.0229913481680121,0.0154918796188191,0.0339411903766877
"ecxwb1p3",62.3624675308154,0.0227582452404143,0.0153092386923271,0.0336457080940757
"ecxwb1p3",62.8642723065749,0.0225273132703827,0.0151282373073947,0.0333748657541012
"ecxwb1p3",63.37011489615,0.0223007166317674,0.0149488668456109,0.0331057129151967
"ecxwb1p3",63.8800277901452,0.0220737044905937,0.01477111867311,0.0328314417902292
"ecxwb1p3",64.394043740603,0.0218483733679039,0.0145949841411665,0.0325526365891536
"ecxwb1p3",64.9121957631082,0.0216227118151681,0.0144117323806027,0.0322729469131806
"ecxwb1p3",65.434517138908,0.0213974388456903,0.0142291813184345,0.0319923254936269
"ecxwb1p3",65.9610414170501,0.0211744211543083,0.0140555104974543,0.0317263640474782
"ecxwb1p3",66.4918024165373,0.0209553207309401,0.0138837473170933,0.0314542690789761
"ecxwb1p3",67.0268342285,0.0207400585849958,0.013715131346399,0.0311838253424881
"ecxwb1p3",67.5661712183855,0.0205253854591587,0.0135462387244733,0.0309150353153027
"ecxwb1p3",68.1098480281657,0.0203118181610767,0.01337612808243,0.0306478946956737
"ecxwb1p3",68.6578995785618,0.020104568710796,0.0132122082552682,0.0303869005133535
"ecxwb1p3",69.2103610712876,0.0198961087045694,0.0130481832401374,0.0301314954162998
"ecxwb1p3",69.7672679913105,0.0196905808853708,0.0128858946922628,0.0298823532423326
"ecxwb1p3",70.3286561091304,0.0194832845134355,0.0127251751833074,0.0296349184966022
"ecxwb1p3",70.8945614830778,0.0192772967253252,0.0125650250325522,0.0293842898528573
"ecxwb1p3",71.4650204616294,0.019071078984146,0.0124020121073931,0.0291340340914334
"ecxwb1p3",72.0400696857429,0.0188669460027359,0.0122474919971488,0.028885218818073
"ecxwb1p3",72.6197460912106,0.0186678793980949,0.0120927531800027,0.0286308248073652
"ecxwb1p3",73.2040869110316,0.0184674628667192,0.0119371233446432,0.02838596704353
"ecxwb1p3",73.7931296778033,0.0182676789270434,0.0117827892596224,0.0281366555117325
"ecxwb1p3",74.3869122261328,0.018073773235729,0.0116299986645071,0.0278837392862716
"ecxwb1p3",74.9854726950661,0.0178794946707097,0.0114787420091077,0.0276324618552239
"ecxwb1p3",75.5888495305381,0.0176896881069408,0.0113290097377241,0.0273885502083137
"ecxwb1p3",76.1970814878424,0.017498287214072,0.0111807039055827,0.027150232035148
"ecxwb1p3",76.8102076341201,0.0173094020938371,0.0110339967413724,0.0269134144135345
"ecxwb1p3",77.4282673508693,0.0171195333051628,0.0108886661886079,0.0266780916289987
"ecxwb1p3",78.0513003364748,0.0169336133612321,0.0107448240868557,0.0264442403841039
"ecxwb1p3",78.6793466087576,0.0167496442380377,0.0106025240751947,0.0262118765964265
"ecxwb1p3",79.3124465075454,0.016566342348411,0.0104635910733197,0.0259809957645174
"ecxwb1p3",79.9506406972636,0.0163847906706413,0.0103274619908019,0.025751593364156
"ecxwb1p3",80.5939701695475,0.0162044391761178,0.0101927382109437,0.0255236648485841
"ecxwb1p3",81.2424762458747,0.0160255926587136,0.0100594772546446,0.0252970697992566
"ecxwb1p3",81.89620058022,0.015847922977556,0.00992579932267008,0.0250718418832722
"ecxwb1p3",82.5551851617299,0.0156732669731366,0.00979298577442044,0.0248480771553677
"ecxwb1p3",83.2194723174201,0.0154996736174806,0.00966146612163223,0.0246257709665295
"ecxwb1p3",83.8891047148943,0.015327586416229,0.00953127055126831,0.0244004255350707
"ecxwb1p3",84.5641253650847,0.0151561418103455,0.00940249098580426,0.0241704493814276
"ecxwb1p3",85.2445776250141,0.0149864793676989,0.00927513829369077,0.0239459789549973
"ecxwb1p3",85.9305052005819,0.0148151670948832,0.00914914251833223,0.0237182360936917
"ecxwb1p3",86.62195214937,0.0146460056475823,0.00902450510966642,0.023488483219747
"ecxwb1p3",87.3189628834737,0.0144785723058096,0.00890274861463727,0.023273600127494
"ecxwb1p3",88.0215821723536,0.0143137149575903,0.00878442988590857,0.0230546675530641
"ecxwb1p3",88.7298551457117,0.0141508870906863,0.00866735364919788,0.0228355116007394
"ecxwb1p3",89.4438272963896,0.0139873013121492,0.00855152748755443,0.0226196534034955
"ecxwb1p3",90.1635444832915,0.0138260206317663,0.00843429812393317,0.0224051453170662
"ecxwb1p3",90.8890529343285,0.0136693930033522,0.00831758351043,0.0221904480838759
"ecxwb1p3",91.6203992493884,0.0135121943534183,0.0082021467601445,0.0219777030697321
"ecxwb1p3",92.3576304033292,0.013357320951724,0.00808797858337406,0.021766829571606
"ecxwb1p3",93.1007937489958,0.0132020580160337,0.00797231742516224,0.021557449258411
"ecxwb1p3",93.8499370202616,0.0130479389773931,0.00785664683028841,0.0213505296271348
"ecxwb1p3",94.605108335095,0.0128971659860617,0.00774537996672368,0.0211530748190576
"ecxwb1p3",95.3663561986491,0.0127441767496773,0.00763677145557389,0.0209610815956394
"ecxwb1p3",96.1337295063782,0.0125963187811986,0.00752949155232442,0.0207703810346881
"ecxwb1p3",96.9072775471775,0.0124469572756648,0.00742341822379672,0.0205685286497105
"ecxwb1p3",97.6870500065498,0.0122987926327558,0.00731853771639099,0.0203726208304515
"ecxwb1p3",98.473096969796,0.0121548133179158,0.00721446111669431,0.0201810957569676
"ecxwb1p3",99.2654689252332,0.0120106662892325,0.00711246935320562,0.019986454571912
"ecxwb1p3",100.064216767436,0.0118674522131928,0.00701271610832799,0.0197993359550691
"ecxwb1p3",100.869391800508,0.0117264998697544,0.00691326249735684,0.0196059560214602
"ecxwb1p3",101.681045741373,0.0115859000207201,0.00681482977359705,0.0194202891151192
"ecxwb1p3",102.499230723101,0.0114480028820045,0.00671797878533679,0.0192359008145456
"ecxwb1p3",103.323999298256,0.0113097455030881,0.0066222308602349,0.0190528224809958
"ecxwb1p3",104.155404442268,0.0111737369226993,0.00652670350291303,0.0188710490178178
"ecxwb1p3",104.993499556841,0.0110398967844145,0.00643175837355796,0.0186905753145951
"ecxwb1p3",105.838338473379,0.0109073391458785,0.00633792871166595,0.0185074297772304
"ecxwb1p3",106.689975456443,0.0107758852711633,0.00624526030185287,0.0183175517931074
"ecxwb1p3",107.548465207242,0.0106454795875201,0.0061554972155323,0.0181434602082125
"ecxwb1p3",108.413862867139,0.0105154657321071,0.00606313059211095,0.0179713452681292
"ecxwb1p3",109.2862240212,0.0103870201325797,0.00597515647971121,0.0178004573246442
"ecxwb1p3",110.165604701759,0.0102597162931756,0.00589071097360469,0.0176307915026455
"ecxwb1p3",111.052061392018,0.0101324767243329,0.00580722858508537,0.0174623429154971
"ecxwb1p3",111.945651029678,0.0100083591269053,0.00572145406922301,0.0172928722128828
"ecxwb1p3",112.846431010593,0.00988423507311577,0.0056343878502411,0.0171205672711891
"ecxwb1p3",113.754459192457,0.0097600188267017,0.00554841770211638,0.0169477016911883
"ecxwb1p3",114.66979389852,0.00963739103744153,0.00546350901195269,0.0167761293196773
"ecxwb1p3",115.592493921338,0.00951637418282586,0.0053799150267159,0.0166055683604081
"ecxwb1p3",116.522618526542,0.00939757802969919,0.00529971757913966,0.0164361878032898
"ecxwb1p3",117.460227456653,0.00928054097670119,0.00521983010332567,0.0162688457938829
"ecxwb1p3",118.405380934911,0.00916447074755256,0.00514029246495216,0.016102282706424
"ecxwb1p3",119.358139669152,0.00904963004725046,0.00506076720591736,0.0159370118655405
"ecxwb1p3",120.318564855698,0.00893691630073263,0.00498319250401548,0.0157691814672514
"ecxwb1p3",121.286718183295,0.00882506214674195,0.00490747662723689,0.0156026486347328
"ecxwb1p3",122.262661837072,0.00871422697013344,0.00483272221042525,0.0154402070004154
"ecxwb1p3",123.246458502536,0.00860323352305769,0.00475890440537414,0.0152837912291455
"ecxwb1p3",124.238171369597,0.00849299184254056,0.00468600440143169,0.0151287109104001
"ecxwb1p3",125.237864136631,0.00838478513575623,0.00461401401406169,0.0149742192719897
"ecxwb1p3",126.245601014563,0.00827742872364355,0.00454179341158915,0.0148220758050577
"ecxwb1p3",127.261446731002,0.00817076258809738,0.00447013473035582,0.0146705987613077
"ecxwb1p3",128.28546653439,0.0080647824315459,0.00439906623695128,0.0145203032746807
"ecxwb1p3",129.317726198196,0.00796060018652265,0.00432897820881584,0.0143711153901249
"ecxwb1p3",130.358292025143,0.00785660010980927,0.00426108764238207,0.0142229748228742
"ecxwb1p3",131.407230851461,0.00775343656799674,0.00419379020193905,0.014076139661416
"ecxwb1p3",132.464610051185,0.00765101905230359,0.00412837875225642,0.0139304881008445
"ecxwb1p3",133.530497540483,0.00755111370111573,0.00406390408486842,0.0137859912470813
"ecxwb1p3",134.604961782011,0.00745348801289294,0.00399882928817053,0.013642643614637
"ecxwb1p3",135.688071789321,0.00735565271499902,0.00393428517649873,0.0135004397120029
"ecxwb1p3",136.779897131284,0.00725937008732144,0.00387057949871587,0.0133593740419259
"ecxwb1p3",137.880507936565,0.00716324760022108,0.00380776626867463,0.0132194411016838
"ecxwb1p3",138.989974898123,0.00706814160570743,0.00374579088532549,0.0130806353833603
"ecxwb1p3",140.108369277757,0.00697418640620845,0.00368463277930733,0.0129429513741193
"ecxwb1p3",141.235762910678,0.00688052261543656,0.00362501141630039,0.0128063835564799
"ecxwb1p3",142.372228210124,0.00678671778384668,0.00356612456578507,0.0126709264085895
"ecxwb1p3",143.517838172014,0.00669480488610252,0.00350802629504966,0.0125365744044987
"ecxwb1p3",144.672666379635,0.00660427416091083,0.00345070879306775,0.012403322014434
"ecxwb1p3",145.836787008366,0.00651514484472377,0.00339416428732239,0.0122711637050711
"ecxwb1p3",147.010274830445,0.00642718714949583,0.00333838504409989,0.0121400939398077
"ecxwb1p3",148.193205219772,0.00634150446895976,0.00328336336877761,0.0120101071790356
"ecxwb1p3",149.385654156749,0.00625631395810195,0.00322909160610565,0.0118811978804131
"ecxwb1p3",150.587698233161,0.00617107294859812,0.00317556214048238,0.0117532453007836
"ecxwb1p3",151.799414657093,0.00608600156580786,0.00312276739622388,0.0116263575345667
"ecxwb1p3",153.020881257894,0.00600212259012326,0.00307069983782725,0.0115005325868003
"ecxwb1p3",154.252176491172,0.00591986587259916,0.00301935197022774,0.0113751353349122
"ecxwb1p3",155.493379443834,0.00583842160611653,0.00296871633904979,0.0112478810964469
"ecxwb1p3",156.744569839169,0.0057580532859207,0.00291878553085186,0.0111216509639024
"ecxwb1p3",158.005828041962,0.00567764389002591,0.00286957031516303,0.0109964124603088
"ecxwb1p3",159.277235063663,0.00559900483685296,0.0028210530213687,0.010869057239353
"ecxwb1p3",160.558872567587,0.00552144896961593,0.00277321783276498,0.0107422514948196
"ecxwb1p3",161.850822874158,0.00544378975165198,0.00272605751326978,0.0106166012317659
"ecxwb1p3",163.1531689662,0.00536654210300122,0.00267956486878632,0.0104920997250567
"ecxwb1p3",164.465994494265,0.00529010048354224,0.00263373274741038,0.010368740250965
"ecxwb1p3",165.789383782004,0.00521616155287281,0.00258855403963111,0.0102465153811921
"ecxwb1p3",167.123421831588,0.00514375558517929,0.00254402845690217,0.010125403988739
"ecxwb1p3",168.468194329163,0.00507211632485717,0.00250016704442458,0.0100054147583141
"ecxwb1p3",169.823787650357,0.00500065772560708,0.00245693708498842,0.00988654097278253
"ecxwb1p3",171.190288865826,0.00493001694249733,0.00241591090358393,0.00976877591818687
"ecxwb1p3",172.567785746848,0.00485985356625235,0.00237546675106242,0.00965211288409748
"ecxwb1p3",173.956366770959,0.00479034273487562,0.00233558914321521,0.00953654516396065
"ecxwb1p3",175.356121127636,0.00472101318200522,0.00229627200722957,0.00942206605544581
"ecxwb1p3",176.76713872403,0.00465187429150689,0.00225638666264225,0.00930866886079126
"ecxwb1p3",178.189510190734,0.00458494631789063,0.00221648154748471,0.00920004066329476
"ecxwb1p3",179.623326887608,0.00451851884372085,0.00217717536308593,0.00909850812649096
"ecxwb1p3",181.068680909648,0.00445218313302211,0.00213845724896858,0.00899785839273511
"ecxwb1p3",182.5256650929,0.00438749463990096,0.00210031931474706,0.00889808642645705
"ecxwb1p3",183.994373020421,0.00432323120218805,0.00206275229256609,0.00879918719597023
"ecxwb1p3",185.474899028295,0.00425935526216666,0.0020257495988254,0.00870115567368651
"ecxwb1p3",186.967338211685,0.00419589131326086,0.00198930469509608,0.00860398683633011
"ecxwb1p3",188.471786430949,0.00413510069058738,0.00195341108823216,0.0085013751097312
"ecxwb1p3",189.988340317792,0.0040751576100686,0.0019180695011931,0.00839952698354778
"ecxwb1p3",191.517097281474,0.00401501805285465,0.00188435405811485,0.00830137525821884
"ecxwb1p3",193.058155515065,0.00395435869654764,0.00185148482970514,0.00820855295915821
"ecxwb1p3",194.611614001757,0.00389513691773057,0.00181872422220601,0.00811013590348611
"ecxwb1p3",196.177572521216,0.00383667277730489,0.00178572025576506,0.00801265463308043
"ecxwb1p3",197.756131655994,0.00377971279516104,0.00175322197432319,0.00791610319795049
"ecxwb1p3",199.347392797989,0.00372343201704557,0.00172122333385045,0.00782047565571974
"ecxwb1p3",200.951458154957,0.00366693701668108,0.00168971833530759,0.0077257660719011
"ecxwb1p3",202.568430757078,0.00361158134250409,0.00165870102469231,0.00763196852017088
"ecxwb1p3",204.198414463573,0.00355722313372588,0.00162816549307984,0.00753887381576057
"ecxwb1p3",205.841513969372,0.00350375273565875,0.00159826491060848,0.0074466822135226
"ecxwb1p3",207.497834811846,0.00345034037598664,0.00156896715263699,0.00735538864567057
"ecxwb1p3",209.167483377579,0.00339796482090525,0.00154012439589805,0.00726498718707417
"ecxwb1p3",210.850566909201,0.00334544383631425,0.00151140499093474,0.00717789177906958
"ecxwb1p3",212.547193512284,0.00329447981089153,0.00148303428792478,0.00709274983504268
"ecxwb1p3",214.257472162275,0.00324373187098439,0.00145511547228265,0.00700841474480935
"ecxwb1p3",215.981512711506,0.00319334989848277,0.00142764287147074,0.00692488128633367
"ecxwb1p3",217.71942589624,0.00314386933666966,0.00140061085885936,0.00684214424673538
"ecxwb1p3",219.471323343794,0.00309561507567113,0.00137401413555857,0.00676019842250135
"ecxwb1p3",221.237317579698,0.00304801175871185,0.00134819457034379,0.0066790386196959
"ecxwb1p3",223.017522034931,0.00300110754840311,0.00132300314034016,0.0065974226629438
"ecxwb1p3",224.812051053205,0.00295461873943734,0.00129821348998231,0.00651358546686697
"ecxwb1p3",226.621019898305,0.00290895056205361,0.00127381946226268,0.00643060042379526
"ecxwb1p3",228.444544761497,0.00286360216320233,0.00124981604300868,0.00634836798846058
"ecxwb1p3",230.28274276899,0.00281911495616114,0.00122619826003432,0.00626736454132744
"ecxwb1p3",232.13573198946,0.00277412081418951,0.00120296118310181,0.00619056308148451
"ecxwb1p3",234.003631441629,0.00273037843104125,0.00118009992387851,0.00611451910968814
"ecxwb1p3",235.886561101917,0.00268744558010041,0.0011576096358895,0.00603603222231297
"ecxwb1p3",237.784641912141,0.00264480454600188,0.00113507604448719,0.00595751956872176
"ecxwb1p3",239.697995787287,0.00260304254592782,0.00111210994850273,0.00587982833462073
"ecxwb1p3",241.626745623342,0.00256185025376075,0.00108960217724416,0.00580625275258921
"ecxwb1p3",243.571015305184,0.00252051489252869,0.00106834577616959,0.0057343187986923
"ecxwb1p3",245.530929714541,0.00247963544698013,0.00104745077687815,0.00566305629931274
"ecxwb1p3",247.506614738014,0.00243955220056604,0.00102691962730765,0.00559249007173589
"ecxwb1p3",249.498197275159,0.00240035910898092,0.00100673331428738,0.00552263470033996
"ecxwb1p3",251.505805246639,0.00236145105268381,0.000986887183063511,0.0054534851363784
"ecxwb1p3",253.529567602445,0.00232324465487168,0.000967376621905465,0.00538461951726916
"ecxwb1p3",255.56961433017,0.00228556829760863,0.000948197062010698,0.00531713097607742
"ecxwb1p3",257.626076463368,0.00224797482553972,0.000929035980848097,0.00525032731611377
"ecxwb1p3",259.699086089962,0.0022110015003234,0.000910169071685726,0.00518391023045798
"ecxwb1p3",261.788776360732,0.00217468015788217,0.000891631278163291,0.00511432988365083
"ecxwb1p3",263.895281497866,0.00213831994069822,0.000873418487856623,0.00504548841804476
"ecxwb1p3",266.018736803585,0.00210288084373102,0.000855529326968687,0.00497739966065773
"ecxwb1p3",268.159278668828,0.00206842223083269,0.000837955361421801,0.00491005773773048
"ecxwb1p3",270.317044582015,0.0020339311673152,0.000820721262303911,0.00484345679396336
"ecxwb1p3",272.49217313788,0.00200017509427316,0.000804116631136429,0.00477759099274135
"ecxwb1p3",274.684804046368,0.00196718993379017,0.000787801579618024,0.00471245451635671
"ecxwb1p3",276.895078141615,0.0019345386641677,0.000771604024635616,0.00464909785652758
"ecxwb1p3",279.123137390988,0.00190179550773868,0.000755361984256306,0.00458657805294639
"ecxwb1p3",281.369124904208,0.00186972583714358,0.000739414769211886,0.00452474363545037
"ecxwb1p3",283.633184942539,0.00183870402298271,0.000724048111506428,0.00446358919282693
"ecxwb1p3",285.915462928055,0.00180819618613949,0.000708878278797422,0.00440310933214603
"ecxwb1p3",288.216105452982,0.00177809080068969,0.000693876034305906,0.00434362746792911
"ecxwb1p3",290.535260289112,0.00174805732835834,0.00067914951463909,0.00428596683813864
"ecxwb1p3",292.873076397296,0.00171769158607494,0.000664695473569722,0.00422893229671583
"ecxwb1p3",295.229703937008,0.00168806109659502,0.000650507494232178,0.00417249503078701
"ecxwb1p3",297.605294275997,0.00165880752270519,0.000636589535126698,0.00411505972805719
"ecxwb1p3",300,0.00163028117914143,0.000623169660405051,0.00405827259578653
"ecxwb2p3",0.1,0.672038150168708,0.648985491753643,0.696613586861447
"ecxwb2p3",0.100804658307517,0.672010092931611,0.648983618946577,0.696572210423866
"ecxwb2p3",0.101615791364953,0.671969897314067,0.648981604490467,0.696524385048712
"ecxwb2p3",0.102433451271921,0.671939198344165,0.648979439052789,0.696474478814952
"ecxwb2p3",0.103257690547257,0.67191336709854,0.648971708501543,0.696441535878711
"ecxwb2p3",0.104088562132396,0.671887285366004,0.648955620801588,0.696367177330962
"ecxwb2p3",0.10492611939477,0.671848667021848,0.648938887989858,0.696300731405697
"ecxwb2p3",0.105770416131236,0.671810195503655,0.648921241944123,0.69618774698766
"ecxwb2p3",0.106621506571531,0.671773150096999,0.648891994090413,0.696079958109931
"ecxwb2p3",0.107479445381759,0.671743028915578,0.648863988097492,0.696000279761075
"ecxwb2p3",0.108344287667897,0.671708472397624,0.648835789044116,0.695908198619218
"ecxwb2p3",0.109216088979337,0.671677339756368,0.648824514336243,0.695837379532187
"ecxwb2p3",0.110094905312455,0.671632833835281,0.648817651347,0.69573646160775
"ecxwb2p3",0.110980793114205,0.671594575035268,0.648788111228219,0.69566380973361
"ecxwb2p3",0.111873809285747,0.671547448421604,0.648769807485744,0.695613997873022
"ecxwb2p3",0.112774011186101,0.671501532480722,0.648749079577968,0.695511389175434
"ecxwb2p3",0.113681456635831,0.671449104220693,0.648731698331512,0.695436210660456
"ecxwb2p3",0.114596203920758,0.671399893218023,0.648703788909437,0.695375260754673
"ecxwb2p3",0.115518311795706,0.671346431898786,0.648674584317543,0.695294595768554
"ecxwb2p3",0.116447839488274,0.671310269510507,0.648641218523843,0.69518275758186
"ecxwb2p3",0.11738484670264,0.67125709717337,0.648596692908182,0.695106503002965
"ecxwb2p3",0.1183293936234,0.671202608251643,0.648565111279654,0.695016611917953
"ecxwb2p3",0.119281540919425,0.671144879294458,0.648526083464906,0.694909279005495
"ecxwb2p3",0.120241349747768,0.671105289600094,0.648470271077562,0.694800502233433
"ecxwb2p3",0.121208881757585,0.671045320508649,0.648404805615624,0.694728972239901
"ecxwb2p3",0.122184199094096,0.670969576688877,0.648382338817283,0.694606487523035
"ecxwb2p3",0.12316736440258,0.670918864628858,0.648344361258951,0.694478000535749
"ecxwb2p3",0.124158440832396,0.670833852360963,0.648321294138027,0.694342131739535
"ecxwb2p3",0.125157492041038,0.670757239324302,0.648281191645595,0.694182834574142
"ecxwb2p3",0.126164582198226,0.670692075979024,0.648233227143863,0.693996680167658
"ecxwb2p3",0.127179775990029,0.670610339454311,0.648192381304995,0.693853142918391
"ecxwb2p3",0.128203138623014,0.670538639417047,0.648153462175441,0.693708049243699
"ecxwb2p3",0.129234735828443,0.670459067752021,0.64811199808488,0.69357376982606
"ecxwb2p3",0.130274633866484,0.67037524766331,0.648035982261017,0.693471092002913
"ecxwb2p3",0.131322899530479,0.670292418859612,0.647966970436001,0.693322029556416
"ecxwb2p3",0.132379600151223,0.670200877554617,0.647907310253346,0.693122125516046
"ecxwb2p3",0.133444803601298,0.67010346618116,0.647845147731827,0.692931614322205
"ecxwb2p3",0.134518578299427,0.670005896484108,0.647788035939549,0.692781218858602
"ecxwb2p3",0.135600993214867,0.669905515713135,0.647706232477583,0.692638381666065
"ecxwb2p3",0.136692117871847,0.66981075582835,0.647615775862157,0.692493301809585
"ecxwb2p3",0.137792022354024,0.669701303990829,0.647572340340347,0.692323969051016
"ecxwb2p3",0.138900777308992,0.669600543407878,0.647503819629003,0.69214886885314
"ecxwb2p3",0.140018453952815,0.669492950210968,0.647441199811686,0.691969253622535
"ecxwb2p3",0.141145124074603,0.669386122337607,0.647360698673366,0.69177154634011
"ecxwb2p3",0.142280860041125,0.669264406931895,0.647277560994726,0.691590839074603
"ecxwb2p3",0.143425734801453,0.669149458755501,0.64719114409766,0.691384858447674
"ecxwb2p3",0.144579821891651,0.669007675688748,0.647126183297236,0.69119118260131
"ecxwb2p3",0.145743195439496,0.668870860625419,0.647063360807863,0.691019470920283
"ecxwb2p3",0.146915930169241,0.668742155157053,0.646998385756702,0.690801045844272
"ecxwb2p3",0.148098101406414,0.668604777649626,0.646921010488754,0.690576744797014
"ecxwb2p3",0.149289785082657,0.66846191868634,0.646852632119927,0.690322476950522
"ecxwb2p3",0.150491057740599,0.668285752647456,0.646719299191567,0.690096691339067
"ecxwb2p3",0.151701996538779,0.668136361287874,0.646666583497804,0.689874089916386
"ecxwb2p3",0.152922679256598,0.667968349135304,0.646612505557169,0.689637020633489
"ecxwb2p3",0.154153184299315,0.667818527855242,0.646504555865099,0.689409785727467
"ecxwb2p3",0.155393590703082,0.667635964805487,0.646382027907176,0.689162125745774
"ecxwb2p3",0.156643978140024,0.667463670258686,0.646275153889195,0.688871059211082
"ecxwb2p3",0.157904426923353,0.667288698307526,0.646176175295259,0.688553216356222
"ecxwb2p3",0.15917501801253,0.667117654501978,0.646065892099928,0.688290630597955
"ecxwb2p3",0.16045583301846,0.666956561385617,0.645906653433873,0.688027223529098
"ecxwb2p3",0.161746954208739,0.666766952618103,0.645733427700771,0.687757727729428
"ecxwb2p3",0.163048464512936,0.666560773245812,0.645626301554291,0.687451200111619
"ecxwb2p3",0.164360447527919,0.666374863905473,0.645463636962018,0.687144711508497
"ecxwb2p3",0.165682987523225,0.66616646560881,0.645316610859269,0.686842913207654
"ecxwb2p3",0.167016169446473,0.665961349039884,0.645168068247199,0.686544123889449
"ecxwb2p3",0.168360078928822,0.665733393463749,0.645056010213334,0.686227631260003
"ecxwb2p3",0.169714802290465,0.665510654276895,0.644935677732817,0.685943507408622
"ecxwb2p3",0.171080426546182,0.665284238929887,0.644828163027611,0.685637162494135
"ecxwb2p3",0.172457039410922,0.665033601244607,0.644670116108667,0.685333898743385
"ecxwb2p3",0.17384472930544,0.664777720201338,0.644393006744286,0.685022459400552
"ecxwb2p3",0.175243585361978,0.664522184020497,0.644223816086713,0.684704784085329
"ecxwb2p3",0.176653697429984,0.664260272103549,0.644001474201344,0.684390735809856
"ecxwb2p3",0.178075156081891,0.663998874695297,0.643785053740185,0.68409112825186
"ecxwb2p3",0.179508052618929,0.663723556911535,0.643628253181088,0.683741770011236
"ecxwb2p3",0.180952479076989,0.663445856815461,0.643454153788059,0.683389555139364
"ecxwb2p3",0.182408528232541,0.663167868423444,0.643281741035182,0.683041749436404
"ecxwb2p3",0.183876293608584,0.662898696776119,0.643011973755425,0.682676656794249
"ecxwb2p3",0.185355869480661,0.662600945007202,0.642717881318318,0.682265242326907
"ecxwb2p3",0.186847350882908,0.662264792135292,0.642470002614155,0.681845053643244
"ecxwb2p3",0.188350833614163,0.66195749547541,0.642177379293737,0.681417983744362
"ecxwb2p3",0.189866414244118,0.661644645492768,0.641970645782952,0.681029203834992
"ecxwb2p3",0.191394190119519,0.661312286620945,0.641717327094805,0.680603336538581
"ecxwb2p3",0.192934259370421,0.660987126086126,0.641456461822054,0.680145874744516
"ecxwb2p3",0.194486720916492,0.660646386295313,0.641189754109615,0.67968104247309
"ecxwb2p3",0.196051674473365,0.660324830328472,0.640889933662214,0.67920670595722
"ecxwb2p3",0.197629220559042,0.659964560312668,0.640549034972849,0.678784876190666
"ecxwb2p3",0.199219460500352,0.659591003232957,0.640233000130125,0.678333454511648
"ecxwb2p3",0.200822496439459,0.65919395491372,0.639893490618632,0.677911765472262
"ecxwb2p3",0.202438431340423,0.658818303490368,0.639566921464438,0.677500124403061
"ecxwb2p3",0.204067368995811,0.658423670512993,0.639209259390095,0.677081001199178
"ecxwb2p3",0.205709414033368,0.658052195670367,0.638936797781155,0.676647731609643
"ecxwb2p3",0.207364671922733,0.657667939939915,0.638655270563441,0.676165448633005
"ecxwb2p3",0.209033248982215,0.657245168944945,0.63832410404874,0.675630904141309
"ecxwb2p3",0.210715252385624,0.656829822283997,0.637962065490385,0.675107966762972
"ecxwb2p3",0.212410790169151,0.656382701851866,0.637598164719766,0.674610937059811
"ecxwb2p3",0.214119971238311,0.655945047784695,0.637254353029283,0.674193189268731
"ecxwb2p3",0.215842905374934,0.655521433217665,0.636896145059322,0.673689199949593
"ecxwb2p3",0.21757970324422,0.655049277208693,0.636433080182102,0.673158799275686
"ecxwb2p3",0.219330476401846,0.654593812124655,0.636027437959499,0.672623193207363
"ecxwb2p3",0.221095337301131,0.654135005729796,0.635614491463985,0.672116912607144
"ecxwb2p3",0.222874399300258,0.65365272618562,0.63512763601515,0.671543470231422
"ecxwb2p3",0.224667776669557,0.65314980712968,0.634637445925168,0.671044026606999
"ecxwb2p3",0.226475584598843,0.652645192600652,0.634214994934488,0.670468732499297
"ecxwb2p3",0.228297939204816,0.652141779709051,0.633791018136384,0.669934920829599
"ecxwb2p3",0.230134957538519,0.651601711377513,0.633342175792825,0.669488870908199
"ecxwb2p3",0.231986757592854,0.651065322038113,0.632766206740031,0.668885305624389
"ecxwb2p3",0.233853458310165,0.65054484243772,0.63223807054197,0.668390876921888
"ecxwb2p3",0.235735179589874,0.650031149420539,0.631679539640548,0.667823392987135
"ecxwb2p3",0.237632042296185,0.649472499424459,0.6310894700846,0.66723309692469
"ecxwb2p3",0.239544168265845,0.648902896292412,0.630567359086084,0.666710555443697
"ecxwb2p3",0.241471680315969,0.648317038055976,0.630066036090305,0.666080071318838
"ecxwb2p3",0.243414702251933,0.647738387038509,0.629476576950169,0.665487144481141
"ecxwb2p3",0.245373358875322,0.647140630104187,0.628835920477088,0.66489873855692
"ecxwb2p3",0.247347775991947,0.646544341431588,0.62818696808028,0.664247833146726
"ecxwb2p3",0.249338080419926,0.645925657952635,0.627648328601959,0.663629745139205
"ecxwb2p3",0.251344399997829,0.645292354601364,0.627056511386508,0.662959895111835
"ecxwb2p3",0.253366863592891,0.644659355702595,0.62649972894391,0.662338232512161
"ecxwb2p3",0.255405601109287,0.644010210038484,0.625856966010583,0.661667558506882
"ecxwb2p3",0.257460743496478,0.643357617858301,0.625154032535055,0.660973592485074
"ecxwb2p3",0.259532422757618,0.642683668878511,0.624519388596151,0.660290773881969
"ecxwb2p3",0.261620771958038,0.642002738439398,0.623727001343796,0.659602276487209
"ecxwb2p3",0.26372592523379,0.641315302895939,0.622976020837234,0.658913984719163
"ecxwb2p3",0.265848017800261,0.640607619087685,0.622229542968002,0.65824403380251
"ecxwb2p3",0.267987185960861,0.63987025891576,0.621573139609824,0.657596301316306
"ecxwb2p3",0.270143567115777,0.639141957927231,0.620779880642341,0.656873664546474
"ecxwb2p3",0.272317299770797,0.638434889986237,0.620034543795862,0.656098767588373
"ecxwb2p3",0.27450852354621,0.637701825154118,0.61926291246187,0.655380968586512
"ecxwb2p3",0.276717379185768,0.636965180089127,0.618381488131793,0.654714252828957
"ecxwb2p3",0.278944008565731,0.636227384100964,0.617585036274058,0.653910184534294
"ecxwb2p3",0.281188554703977,0.635428249348148,0.616845139606024,0.653208347299835
"ecxwb2p3",0.28345116176919,0.63464663166661,0.616006673732538,0.652475865096462
"ecxwb2p3",0.28573197509012,0.633865890917651,0.615210423910979,0.651639675243608
"ecxwb2p3",0.288031141164917,0.633075511994379,0.614363082679614,0.650827825188398
"ecxwb2p3",0.290348807670537,0.632220350680923,0.613521528073141,0.650006251305887
"ecxwb2p3",0.292685123472236,0.63140747402566,0.612599203932379,0.649170902424144
"ecxwb2p3",0.295040238633122,0.630546232484311,0.611755137000929,0.648327462386136
"ecxwb2p3",0.297414304423803,0.629701365497906,0.610801805218827,0.647569024502329
"ecxwb2p3",0.299807473332094,0.628870056638476,0.609880602642659,0.646765884684481
"ecxwb2p3",0.302219899072819,0.62796808346263,0.608998330979945,0.64590967704261
"ecxwb2p3",0.304651736597679,0.627090564934091,0.608090524340827,0.645037499114335
"ecxwb2p3",0.307103142105208,0.62622508485257,0.607099670527192,0.644138640152584
"ecxwb2p3",0.309574273050804,0.625347142012764,0.606145333779188,0.643263995284278
"ecxwb2p3",0.312065288156844,0.624440133377281,0.60509940331338,0.642352849621312
"ecxwb2p3",0.314576347422876,0.623522074828644,0.604108713171053,0.641431475994723
"ecxwb2p3",0.317107612135899,0.622616930758233,0.603116928995995,0.640602530171766
"ecxwb2p3",0.31965924488072,0.621671991258628,0.602079053828783,0.639704260508542
"ecxwb2p3",0.3222314095504,0.620697720727925,0.601021182403531,0.638822678067613
"ecxwb2p3",0.324824271356778,0.619710805324035,0.599918879139726,0.637939965070438
"ecxwb2p3",0.327437996841083,0.618721473611899,0.59887854849261,0.636992328537111
"ecxwb2p3",0.330072753884633,0.61773377051952,0.597712061733796,0.636046132298053
"ecxwb2p3",0.332728711719617,0.616743369105031,0.596642285922223,0.635111467171192
"ecxwb2p3",0.335406040939964,0.615760294927078,0.595594200751265,0.634155318476756
"ecxwb2p3",0.338104913512303,0.614732063320062,0.594480368424644,0.633200014202358
"ecxwb2p3",0.340825502787004,0.613683945117129,0.593347592130675,0.632213655946689
"ecxwb2p3",0.343567983509317,0.612647180887934,0.59217155979385,0.631218384468493
"ecxwb2p3",0.346332531830595,0.61158733084309,0.591048212371125,0.630242210273519
"ecxwb2p3",0.349119325319605,0.610546991313447,0.589880978405672,0.629288834399733
"ecxwb2p3",0.351928542973938,0.609466888094073,0.588676857759518,0.628318239701032
"ecxwb2p3",0.354760365231503,0.608362473770459,0.587462903029875,0.627269108703157
"ecxwb2p3",0.357614973982117,0.607272059005591,0.586256039493538,0.626198614696016
"ecxwb2p3",0.36049255257919,0.606168150661568,0.585044288022748,0.625125500583225
"ecxwb2p3",0.3633932858515,0.605045476902056,0.583812578599744,0.624082044129748
"ecxwb2p3",0.366317360115064,0.603891522932606,0.582557052636614,0.623069287845757
"ecxwb2p3",0.369264963185108,0.602744502465078,0.581357916788136,0.621997569318815
"ecxwb2p3",0.372236284388128,0.601596744308489,0.580110980287091,0.620879921129254
"ecxwb2p3",0.375231514574051,0.600418564152286,0.578861358574662,0.619746645430703
"ecxwb2p3",0.378250846128495,0.599234954243402,0.577569721414507,0.618668220425675
"ecxwb2p3",0.381294472985122,0.598025714006128,0.576323940838712,0.617520587232092
"ecxwb2p3",0.384362590638102,0.596854676521556,0.57500136282837,0.616379017310488
"ecxwb2p3",0.38745539615466,0.595637918940715,0.573747464852967,0.61533725500682
"ecxwb2p3",0.390573088187743,0.594440632261942,0.572378312369436,0.614181930640984
"ecxwb2p3",0.393715866988772,0.593176512063033,0.571039874348291,0.61301294550512
"ecxwb2p3",0.396883934420512,0.591939514181679,0.5697120258696,0.611819755800999
"ecxwb2p3",0.400077493970028,0.590677563805034,0.568378602907121,0.610693153714475
"ecxwb2p3",0.403296750761765,0.589421117808568,0.567029944428651,0.609565259105241
"ecxwb2p3",0.406541911570717,0.588174117483488,0.565613096081494,0.60835737858106
"ecxwb2p3",0.409813184835711,0.586905799519641,0.56425526537301,0.607160979050691
"ecxwb2p3",0.413110780672793,0.585597946965306,0.562814424154988,0.605974460192835
"ecxwb2p3",0.416434910888726,0.584304864716131,0.561405438163003,0.604778667453618
"ecxwb2p3",0.419785788994595,0.582977795392501,0.55995818461165,0.603490575431256
"ecxwb2p3",0.423163630219517,0.581664235503625,0.558594970311852,0.602208136964754
"ecxwb2p3",0.426568651524471,0.580332906131011,0.557207132811013,0.60092160947704
"ecxwb2p3",0.430001071616227,0.578985022484828,0.555796342559058,0.599618732338322
"ecxwb2p3",0.433461110961401,0.577629794836811,0.554331496117601,0.598331715657276
"ecxwb2p3",0.436948991800609,0.576252360339897,0.552847458675621,0.597007976448014
"ecxwb2p3",0.440464938162746,0.574870664546692,0.551386420779186,0.595725398602573
"ecxwb2p3",0.444009175879373,0.573475289142897,0.549868347928369,0.594452466678719
"ecxwb2p3",0.447581932599226,0.572066568950043,0.548383278267303,0.593173183858108
"ecxwb2p3",0.451183437802833,0.570681713053777,0.546917041444462,0.591815442787105
"ecxwb2p3",0.454813922817255,0.569292782509149,0.545461387838817,0.590460338818766
"ecxwb2p3",0.45847362083095,0.567892448891934,0.543999822020579,0.589157209944322
"ecxwb2p3",0.462162766908742,0.566501029787857,0.542523319839638,0.587764915799208
"ecxwb2p3",0.465881598006925,0.565053525318243,0.541039350425016,0.586411163984628
"ecxwb2p3",0.469630352988483,0.563623240487732,0.539549149795815,0.585052198670292
"ecxwb2p3",0.473409272638428,0.562189424868816,0.538023324006796,0.583683104727713
"ecxwb2p3",0.47721859967927,0.560733610551557,0.536511777118361,0.582296025680255
"ecxwb2p3",0.481058578786607,0.55926121500168,0.535007168231465,0.580910520827695
"ecxwb2p3",0.484929456604839,0.557794642403173,0.533506739761368,0.579551276721067
"ecxwb2p3",0.488831481763009,0.556291250828344,0.531977798307379,0.578127908547902
"ecxwb2p3",0.492764904890775,0.554813459714896,0.530442906565945,0.576701114171115
"ecxwb2p3",0.496729978634508,0.553326025169667,0.528901482697787,0.575242057900413
"ecxwb2p3",0.50072695767352,0.551811435657492,0.527354681221737,0.573823261300124
"ecxwb2p3",0.504756098736419,0.550287157127174,0.525802147960155,0.572351056447727
"ecxwb2p3",0.508817660617602,0.548755931902157,0.524240199595838,0.570905529300821
"ecxwb2p3",0.512911904193877,0.547197720510706,0.522671867449746,0.569410581122972
"ecxwb2p3",0.517039092441219,0.545654922587049,0.521093945679226,0.56794742473607
"ecxwb2p3",0.521199490451659,0.544088393879569,0.5195104037846,0.566469005829183
"ecxwb2p3",0.525393365450317,0.542508542738925,0.517897015987405,0.565020048724819
"ecxwb2p3",0.529620986812558,0.540941901172073,0.516248758122679,0.563527948460988
"ecxwb2p3",0.5338826260813,0.539375739848334,0.514626019149458,0.561956440069819
"ecxwb2p3",0.538178556984455,0.53781476001035,0.51303473789706,0.56048252448813
"ecxwb2p3",0.542509055452508,0.536229379381419,0.511399510593673,0.559018188400305
"ecxwb2p3",0.54687439963624,0.534643381472621,0.509849006810961,0.557480113616714
"ecxwb2p3",0.551274869924599,0.533034860421975,0.508264646836421,0.555960209615873
"ecxwb2p3",0.555710748962703,0.531428481847318,0.506651563667643,0.554446848387937
"ecxwb2p3",0.560182321669998,0.529787964300544,0.505011094680108,0.552915590634084
"ecxwb2p3",0.56468987525856,0.52817394903892,0.503402917772021,0.551348912474373
"ecxwb2p3",0.569233699251537,0.526561331137209,0.501722320965273,0.549773219762852
"ecxwb2p3",0.573814085501753,0.524940585262134,0.500033596873761,0.548137088568556
"ecxwb2p3",0.578431328210448,0.523291071127119,0.498435690303601,0.546560722571179
"ecxwb2p3",0.583085723946176,0.52162828223181,0.496744202573587,0.544975191910208
"ecxwb2p3",0.587777571663857,0.519956934029041,0.49507557026389,0.543361177223983
"ecxwb2p3",0.592507172723973,0.518308976568561,0.493414018538844,0.541782989462674
"ecxwb2p3",0.597274830911933,0.516639362712845,0.491730097903979,0.54016997583897
"ecxwb2p3",0.602080852457576,0.514983862890247,0.49007336973476,0.53852147882469
"ecxwb2p3",0.606925546054847,0.513294460408751,0.488341254798825,0.53690111481939
"ecxwb2p3",0.611809222881623,0.511590962967269,0.48667084638367,0.535211643770561
"ecxwb2p3",0.616732196619697,0.509902379613143,0.485019474565808,0.533513285711791
"ecxwb2p3",0.621694783474932,0.508184191940499,0.483336122584685,0.531866825702293
"ecxwb2p3",0.626697302197565,0.506471125043119,0.481627920330447,0.53023686090963
"ecxwb2p3",0.631740074102685,0.504760347537538,0.47998511318384,0.528560623634588
"ecxwb2p3",0.636823423090869,0.50303096110803,0.478238009550867,0.526823361462178
"ecxwb2p3",0.641947675668986,0.501300994777645,0.47648934050034,0.52508110278822
"ecxwb2p3",0.647113160971171,0.499572375954589,0.474761702221905,0.523329399019957
"ecxwb2p3",0.652320210779964,0.497848294857184,0.472981052404721,0.521609811025774
"ecxwb2p3",0.657569159547619,0.4961030206929,0.471223483478901,0.519928605836003
"ecxwb2p3",0.662860344417591,0.494365783496738,0.469484448180287,0.51825492748366
"ecxwb2p3",0.668194105246186,0.492635922417912,0.467795164324516,0.516574543690951
"ecxwb2p3",0.67357078462439,0.490888503479157,0.466071534362935,0.514879592480856
"ecxwb2p3",0.67899072789988,0.489172692056922,0.464315075659971,0.513071642620847
"ecxwb2p3",0.684454283199199,0.487446271079231,0.462619395314393,0.511319728140437
"ecxwb2p3",0.68996180145012,0.485692872516867,0.460971911348476,0.509606022335383
"ecxwb2p3",0.695513636404185,0.483932647403943,0.459315692627029,0.507920985556555
"ecxwb2p3",0.701110144659427,0.482175492309421,0.457588248848869,0.506148498919693
"ecxwb2p3",0.706751685683276,0.480407888278684,0.455847525101014,0.504380426548363
"ecxwb2p3",0.712438621835646,0.478641807308957,0.454098171662914,0.502577316842572
"ecxwb2p3",0.718171318392208,0.476859021427242,0.452373063637836,0.50080429553437
"ecxwb2p3",0.723950143567858,0.475092526622271,0.450634728934024,0.499040506005728
"ecxwb2p3",0.729775468540361,0.473309574827481,0.448898040841038,0.497256729599354
"ecxwb2p3",0.735647667474195,0.471544453590754,0.447189196730281,0.495443211778825
"ecxwb2p3",0.741567117544584,0.46977438093373,0.445419641546444,0.493652492211596
"ecxwb2p3",0.747534198961723,0.46798079161504,0.443678471457204,0.491838301750124
"ecxwb2p3",0.753549294995202,0.466224027088256,0.441937252802782,0.490020087369584
"ecxwb2p3",0.759612791998619,0.464451674701331,0.440195742269587,0.488274376603816
"ecxwb2p3",0.765725079434401,0.462646374725056,0.438420180147585,0.486411162478095
"ecxwb2p3",0.771886549898814,0.460857942869174,0.436671548741215,0.48461338921299
"ecxwb2p3",0.778097599147183,0.459074157202328,0.43493126739842,0.482801458312373
"ecxwb2p3",0.784358626119314,0.45728911852421,0.433214392981481,0.480940025341516
"ecxwb2p3",0.790670032965113,0.455490234864822,0.431464653193158,0.47908543813234
"ecxwb2p3",0.797032225070417,0.453664389878563,0.429709306826837,0.477232826118153
"ecxwb2p3",0.803445611083036,0.451851866504899,0.427981280719395,0.475373873311517
"ecxwb2p3",0.809910602939,0.450021062033027,0.426194283602818,0.47357135726971
"ecxwb2p3",0.816427615889012,0.448202185632535,0.424504983003595,0.471741330228478
"ecxwb2p3",0.822997068525129,0.446398018125155,0.422774784013226,0.469902938563201
"ecxwb2p3",0.829619382807641,0.444608040799822,0.421033153324539,0.468063516249088
"ecxwb2p3",0.836294984092177,0.442807497360483,0.419274125430265,0.466216255834502
"ecxwb2p3",0.843024301157025,0.4410209956782,0.417486097126385,0.464381397142272
"ecxwb2p3",0.849807766230675,0.439203326057502,0.415697950798314,0.462523786892743
"ecxwb2p3",0.856645815019578,0.437391940847636,0.413993036730144,0.460679430210215
"ecxwb2p3",0.863538886736133,0.435578317260349,0.412283848582171,0.458833267917244
"ecxwb2p3",0.870487424126898,0.433760251841046,0.410516195665242,0.4569423120183
"ecxwb2p3",0.877491873501029,0.431929815175565,0.408729262322372,0.455078876678399
"ecxwb2p3",0.884552684758945,0.430121131596343,0.406944182451746,0.453202736846007
"ecxwb2p3",0.891670311421226,0.428309915503863,0.405234300567742,0.451320402868661
"ecxwb2p3",0.898845210657742,0.426478024393291,0.403497070348365,0.449474104849996
"ecxwb2p3",0.906077843317022,0.424666261993825,0.401751510836334,0.447601208530501
"ecxwb2p3",0.913368673955847,0.422861470366828,0.400040754781983,0.445752136401929
"ecxwb2p3",0.920718170869093,0.421028529539278,0.398373141597323,0.443890034261663
"ecxwb2p3",0.928126806119814,0.419213606614105,0.396710974680399,0.442013472246142
"ecxwb2p3",0.935595055569552,0.417420727463793,0.395032148299093,0.440151826070289
"ecxwb2p3",0.943123398908914,0.415617684763548,0.393310342789036,0.438303639942671
"ecxwb2p3",0.950712319688375,0.41380678206291,0.391555122773359,0.436448594076244
"ecxwb2p3",0.958362305349338,0.411987234620642,0.389846200998236,0.434560638858169
"ecxwb2p3",0.966073847255446,0.410177984459881,0.388154509555694,0.432714679409908
"ecxwb2p3",0.97384744072414,0.408377772698448,0.38645783279845,0.430867763042146
"ecxwb2p3",0.981683585058472,0.40656321793157,0.3847252354954,0.429020205004356
"ecxwb2p3",0.989582783579179,0.404753722339729,0.382994362197144,0.427216578258727
"ecxwb2p3",0.997545543657011,0.402949453987201,0.381266308162324,0.425382657660799
"ecxwb2p3",1.00557237674532,0.401136731530938,0.379538651397662,0.423535516065577
"ecxwb2p3",1.0136637984129,0.399344929887932,0.377804708803914,0.421659368887875
"ecxwb2p3",1.02182032837712,0.39752473228994,0.376036262662668,0.419806441018899
"ecxwb2p3",1.03004249053731,0.395715945680398,0.374351367639389,0.417971289401236
"ecxwb2p3",1.03833081300838,0.393897232260825,0.372570434432057,0.416177687289898
"ecxwb2p3",1.04668582815476,0.392082277070495,0.370784807340135,0.41431902666357
"ecxwb2p3",1.05510807262462,0.390289575801562,0.36903965069315,0.412524133927637
"ecxwb2p3",1.06359808738428,0.388491256780758,0.367298036199866,0.410690152094857
"ecxwb2p3",1.07215641775301,0.386706301972043,0.36560216144811,0.408854290077482
"ecxwb2p3",1.08078361343804,0.384916535629391,0.363920130907415,0.407014788883734
"ecxwb2p3",1.08948022856986,0.383144875300227,0.362241212065522,0.405155987195441
"ecxwb2p3",1.0982468217378,0.381351194762338,0.360586587402726,0.403306105160921
"ecxwb2p3",1.10708395602596,0.379561403353067,0.3588903835796,0.401466552819511
"ecxwb2p3",1.11599219904932,0.377779726046278,0.357168197990927,0.399508310215906
"ecxwb2p3",1.12497212299021,0.376005471997192,0.355479082244448,0.397599526772652
"ecxwb2p3",1.13402430463511,0.374226312117627,0.353786117430946,0.395707314553168
"ecxwb2p3",1.14314932541162,0.37244312410045,0.352064048182594,0.393831437568651
"ecxwb2p3",1.15234777142587,0.37063952183069,0.350347117182691,0.39198069786026
"ecxwb2p3",1.16162023350014,0.368863349041038,0.348660584019604,0.390135489743059
"ecxwb2p3",1.1709673072108,0.3670961126803,0.346966524442133,0.38832262323788
"ecxwb2p3",1.18038959292659,0.365335323770101,0.345270047332735,0.386499019971435
"ecxwb2p3",1.18988769584714,0.363575906165642,0.343577344931099,0.384684767599776
"ecxwb2p3",1.1994622260419,0.361816766910194,0.341915813099349,0.382868692275357
"ecxwb2p3",1.20911379848928,0.36005645126257,0.340263730310305,0.38104810005087
"ecxwb2p3",1.21884303311616,0.358297661744634,0.338560053840332,0.37918165933044
"ecxwb2p3",1.22865055483773,0.356542108120061,0.336879779726624,0.377304847529814
"ecxwb2p3",1.23853699359759,0.354816849596724,0.335223873453749,0.375428059549334
"ecxwb2p3",1.24850298440825,0.353054580652294,0.333563620165037,0.373594517702266
"ecxwb2p3",1.25854916739189,0.351309528510117,0.331908784579338,0.371799035488535
"ecxwb2p3",1.2686761878215,0.349575459046,0.330249872111952,0.369941833912503
"ecxwb2p3",1.2788846961623,0.347854656283491,0.328692976962994,0.368124206547988
"ecxwb2p3",1.28917534811354,0.346107553812982,0.32709804768414,0.366277405931032
"ecxwb2p3",1.2995488046506,0.344384797891912,0.325454556681402,0.364482340866317
"ecxwb2p3",1.31000573206746,0.342665114475187,0.323817021033495,0.362700495784886
"ecxwb2p3",1.3205468020195,0.340926606952923,0.322175676693519,0.360902139259198
"ecxwb2p3",1.3311726915666,0.339198278806513,0.32054226697747,0.359109548440567
"ecxwb2p3",1.3418840832167,0.337491929516663,0.318896662910632,0.357345082496494
"ecxwb2p3",1.35268166496955,0.335774454913,0.317286305672621,0.355473606299897
"ecxwb2p3",1.36356613036099,0.334060786029103,0.31566456529014,0.35365049020272
"ecxwb2p3",1.37453817850744,0.332366690688223,0.314017003011173,0.351857202357613
"ecxwb2p3",1.38559851415079,0.330671104697868,0.312390829958388,0.350093362225744
"ecxwb2p3",1.39674784770375,0.328968714041647,0.310768868349842,0.348348892751843
"ecxwb2p3",1.40798689529536,0.327273848514905,0.309155296063506,0.346565810960265
"ecxwb2p3",1.41931637881711,0.325588739244782,0.307573158697454,0.344801915152809
"ecxwb2p3",1.43073702596922,0.323928591211884,0.305990144251134,0.343105642541645
"ecxwb2p3",1.44224957030741,0.32226830619625,0.304392670987224,0.341338167792281
"ecxwb2p3",1.45385475129002,0.320588158255907,0.302800490383012,0.339612519530567
"ecxwb2p3",1.46555331432551,0.31890985597806,0.301251230211122,0.337938710560983
"ecxwb2p3",1.47734601082033,0.317251054653116,0.29970339355881,0.336234794930613
"ecxwb2p3",1.48923359822717,0.31559226339019,0.298108997889078,0.334518268460755
"ecxwb2p3",1.50121684009364,0.313943574946962,0.296566773161892,0.33278914524654
"ecxwb2p3",1.51329650611131,0.312287282800147,0.294995258355071,0.331046348840382
"ecxwb2p3",1.5254733721651,0.31064274279557,0.293427520897649,0.329333556564194
"ecxwb2p3",1.53774822038319,0.308992139511737,0.291910552907071,0.327633456676266
"ecxwb2p3",1.55012183918721,0.307338985263467,0.290376962860354,0.325908252922917
"ecxwb2p3",1.56259502334287,0.305706173108402,0.288831355102608,0.324152284108124
"ecxwb2p3",1.57516857401105,0.304097115980172,0.287315468379781,0.322414825038631
"ecxwb2p3",1.58784329879923,0.302487140150981,0.285788706175577,0.320696410760939
"ecxwb2p3",1.60062001181338,0.300862343371023,0.284169243080573,0.318982586849576
"ecxwb2p3",1.61349953371022,0.299252450078951,0.282595683762749,0.317296353969156
"ecxwb2p3",1.62648269174997,0.297642530178335,0.281091833895092,0.315624388701357
"ecxwb2p3",1.63957031984947,0.296038259047767,0.279548014389453,0.313938407825442
"ecxwb2p3",1.65276325863573,0.294455198475099,0.278041550506604,0.312265056557857
"ecxwb2p3",1.66606235549994,0.292867382348776,0.276536279903972,0.310555311882567
"ecxwb2p3",1.67946846465188,0.291282379888145,0.275041387350952,0.308920891932462
"ecxwb2p3",1.69298244717484,0.289694190269667,0.273506554626978,0.307278142108218
"ecxwb2p3",1.70660517108084,0.288106975297907,0.272030345036237,0.305601856593231
"ecxwb2p3",1.72033751136647,0.286528840216467,0.270502468759073,0.303938121059851
"ecxwb2p3",1.73418035006901,0.284963587813423,0.268991620862644,0.302307042349992
"ecxwb2p3",1.74813457632318,0.283394158298792,0.267528727312286,0.300657007995504
"ecxwb2p3",1.76220108641815,0.281838717554008,0.266056894795065,0.298981325399816
"ecxwb2p3",1.77638078385517,0.280296829034258,0.264589916260766,0.297326760026463
"ecxwb2p3",1.7906745794056,0.278756816751158,0.263152412183835,0.29568430832964
"ecxwb2p3",1.80508339116939,0.277206521184619,0.261683204574634,0.294085110857835
"ecxwb2p3",1.81960814463405,0.275649262355938,0.260222299443696,0.292482016358804
"ecxwb2p3",1.83424977273411,0.274139815581241,0.258777215446124,0.290918325353281
"ecxwb2p3",1.84900921591104,0.272602479354417,0.257336471891607,0.28931486185103
"ecxwb2p3",1.86388742217363,0.271086409610833,0.255897293578047,0.287753600398163
"ecxwb2p3",1.87888534715892,0.269572572335724,0.254414958396717,0.286160812506788
"ecxwb2p3",1.89400395419356,0.268066869561503,0.253000511665603,0.284579906236634
"ecxwb2p3",1.90924421435568,0.266564565046538,0.251572329343858,0.283002010595106
"ecxwb2p3",1.92460710653729,0.265053347441106,0.250169863676246,0.2813985501934
"ecxwb2p3",1.94009361750711,0.263562093302376,0.24873148503524,0.2798812276667
"ecxwb2p3",1.955704741974,0.262071529527413,0.247345693267804,0.278271375494925
"ecxwb2p3",1.9714414826508,0.260593308683504,0.245957981752054,0.276724524994352
"ecxwb2p3",1.9873048503188,0.259117214261648,0.244555289631569,0.275163650900775
"ecxwb2p3",2.00329586389258,0.257659953440246,0.243149012458926,0.273604430669111
"ecxwb2p3",2.01941555048554,0.256190212379283,0.24175272595184,0.272061518685597
"ecxwb2p3",2.03566494547582,0.254724490094897,0.240353700237112,0.270514832022425
"ecxwb2p3",2.05204509257281,0.253262031379455,0.238980008085257,0.268978494926616
"ecxwb2p3",2.0685570438842,0.2517975111116,0.237634351826702,0.267451115682535
"ecxwb2p3",2.08520185998355,0.250342098578342,0.236245789245703,0.265906300628037
"ecxwb2p3",2.10198060997842,0.248908523733383,0.234850039701286,0.264358662467702
"ecxwb2p3",2.11889437157901,0.247443819598443,0.233508403273705,0.262830279131572
"ecxwb2p3",2.13594423116744,0.246028922531088,0.232133320280216,0.261353882968585
"ecxwb2p3",2.15313128386747,0.244599624268153,0.230754808748366,0.259846680596398
"ecxwb2p3",2.17045663361486,0.243189613634864,0.229386477737609,0.258357443719094
"ecxwb2p3",2.18792139322831,0.241787686324351,0.228062366305883,0.256847241697288
"ecxwb2p3",2.20552668448087,0.240396018912975,0.226695819242094,0.255348227202553
"ecxwb2p3",2.22327363817206,0.23899247055722,0.225324388409823,0.253864380435362
"ecxwb2p3",2.24116339420045,0.237599832557334,0.223996258968633,0.25244472947123
"ecxwb2p3",2.25919710163692,0.236204831748935,0.222682555134021,0.250956981998284
"ecxwb2p3",2.27737591879844,0.234830218475828,0.22138629901706,0.249506708904811
"ecxwb2p3",2.29570101332245,0.233460441089227,0.220039787200472,0.248101492052481
"ecxwb2p3",2.31417356224191,0.232082541326574,0.218733699188914,0.246666027465019
"ecxwb2p3",2.33279475206086,0.230723802238034,0.21743265472577,0.245236046032638
"ecxwb2p3",2.35156577883064,0.229357913160342,0.216142818506429,0.243832469550169
"ecxwb2p3",2.37048784822674,0.228012415565066,0.214877470906634,0.242451726423937
"ecxwb2p3",2.38956217562618,0.226660557155914,0.213590269038221,0.241059343121867
"ecxwb2p3",2.40878998618565,0.225315546994967,0.212299291152466,0.239665254726273
"ecxwb2p3",2.42817251492014,0.22399643862292,0.211060222628071,0.238224261693371
"ecxwb2p3",2.4477110067823,0.222657305361593,0.209765808257611,0.236826447586002
"ecxwb2p3",2.46740671674239,0.221324570987156,0.208471609332081,0.235416457031571
"ecxwb2p3",2.4872609098689,0.219998254762789,0.207209894360931,0.234004891273183
"ecxwb2p3",2.50727486140979,0.218684921496318,0.20592835512165,0.232598105784753
"ecxwb2p3",2.52744985687442,0.217375114352922,0.204698346515356,0.231208203954325
"ecxwb2p3",2.5477871921161,0.21607480837928,0.20346126385993,0.229820392638956
"ecxwb2p3",2.56828817341532,0.214772586728479,0.202191707447946,0.228443205451379
"ecxwb2p3",2.58895411756369,0.213486677341384,0.200931170984439,0.227115531014796
"ecxwb2p3",2.60978635194848,0.212204251544703,0.199721803269322,0.22579646916638
"ecxwb2p3",2.63078621463789,0.210929062434763,0.198499259110952,0.224466898247518
"ecxwb2p3",2.65195505446699,0.209658796404721,0.197271874731113,0.223134737970919
"ecxwb2p3",2.67329423112439,0.20840720515057,0.196055225026417,0.22183049423821
"ecxwb2p3",2.69480511523952,0.207139912821933,0.194822064038606,0.220543090900796
"ecxwb2p3",2.71648908847069,0.20588175639114,0.193628313095351,0.219218117835628
"ecxwb2p3",2.73834754359388,0.204621716124773,0.192421750662958,0.217960407974372
"ecxwb2p3",2.7603818845921,0.203376161796724,0.191210704893906,0.216681264532332
"ecxwb2p3",2.78259352674567,0.202131235058301,0.190028745163063,0.215411340656677
"ecxwb2p3",2.80498389672307,0.20090071259993,0.188853261442974,0.214153917456867
"ecxwb2p3",2.82755443267258,0.199672913412179,0.187694281544124,0.212840506482824
"ecxwb2p3",2.85030658431466,0.198446541445643,0.186540423109257,0.211514811538067
"ecxwb2p3",2.87324181303506,0.19723624248221,0.185381424756162,0.210228572332765
"ecxwb2p3",2.89636159197871,0.196019776887001,0.184241162552466,0.208968365414809
"ecxwb2p3",2.91966740614431,0.194819880454713,0.183140677933607,0.207714877587078
"ecxwb2p3",2.94316075247972,0.193620596154684,0.181994680667292,0.206509895777309
"ecxwb2p3",2.96684313997814,0.192427573140117,0.18082873719999,0.205279912114518
"ecxwb2p3",2.99071608977498,0.191253357950413,0.179693457065632,0.204050278777026
"ecxwb2p3",3.01478113524562,0.190067234412312,0.178558309355223,0.202838660645085
"ecxwb2p3",3.03903982210384,0.188876151103849,0.177417801723597,0.201617292503589
"ecxwb2p3",3.06349370850116,0.18770511344755,0.176272117402888,0.200389111259053
"ecxwb2p3",3.08814436512688,0.186532301616977,0.175181898164856,0.199182081613136
"ecxwb2p3",3.11299337530901,0.185388886072246,0.17406079176862,0.197988029907769
"ecxwb2p3",3.13804233511589,0.184244582469495,0.172962013917477,0.196789483347846
"ecxwb2p3",3.16329285345882,0.183095871720919,0.171823087202892,0.195555858214656
"ecxwb2p3",3.18874655219527,0.181950317066422,0.170748373707025,0.194402750779549
"ecxwb2p3",3.21440506623319,0.180818211414504,0.169672740733498,0.193220694344903
"ecxwb2p3",3.24027004363589,0.179695855630886,0.168587065750828,0.192043886603282
"ecxwb2p3",3.266343145728,0.178572588910919,0.167482541506439,0.190893155642328
"ecxwb2p3",3.29262604720213,0.177458475917285,0.166389982184969,0.189748549171561
"ecxwb2p3",3.31912043622642,0.176349093653918,0.165342480588086,0.188608745851829
"ecxwb2p3",3.34582801455302,0.175252627759609,0.164289178078387,0.187456073377755
"ecxwb2p3",3.37275049762737,0.174158665515881,0.163207691265885,0.186315360407693
"ecxwb2p3",3.39988961469836,0.173056049136328,0.162165642869629,0.18519303038231
"ecxwb2p3",3.42724710892945,0.171967191692696,0.161112676114824,0.184099575366965
"ecxwb2p3",3.4548247375106,0.170885578387521,0.160085283091997,0.182968812453707
"ecxwb2p3",3.48262427177114,0.169807807675603,0.159026857362369,0.18186331724891
"ecxwb2p3",3.51064749729357,0.168734798196711,0.157977395497239,0.180766918313866
"ecxwb2p3",3.53889621402819,0.167666724219732,0.156940569006245,0.179680983589883
"ecxwb2p3",3.56737223640878,0.166598773165676,0.15593529229121,0.17859973427616
"ecxwb2p3",3.59607739346911,0.165558717766234,0.154942914558257,0.177514975392879
"ecxwb2p3",3.62501352896042,0.164534007264697,0.153960686527532,0.176438981215767
"ecxwb2p3",3.65418250146983,0.163494099231479,0.152960036818967,0.175361007111333
"ecxwb2p3",3.68358618453975,0.162460311026536,0.151957358273646,0.174287775356418
"ecxwb2p3",3.71322646678821,0.161431451881941,0.150962202945021,0.173218030108019
"ecxwb2p3",3.74310525203015,0.160415742531302,0.149963765489147,0.17216378300933
"ecxwb2p3",3.77322445939973,0.159402658043408,0.148993741474337,0.17115846557252
"ecxwb2p3",3.80358602347357,0.158395125235452,0.148014217323165,0.170086459614772
"ecxwb2p3",3.83419189439502,0.157395521703774,0.147016018603656,0.169026527676277
"ecxwb2p3",3.86504403799943,0.15639927856592,0.146040566311177,0.167991661543616
"ecxwb2p3",3.89614443594039,0.155392304624463,0.145099524192207,0.166947297948861
"ecxwb2p3",3.92749508581706,0.154398651449937,0.144128766708669,0.165939134973187
"ecxwb2p3",3.95909800130243,0.153398876337611,0.1431683672004,0.16493142165832
"ecxwb2p3",3.99095521227266,0.15240966862623,0.142236032611589,0.163948573757633
"ecxwb2p3",4.02306876493751,0.151425169636076,0.141307532475578,0.162941757928773
"ecxwb2p3",4.05544072197172,0.150457158698898,0.140348459653226,0.161954373640037
"ecxwb2p3",4.0880731626475,0.149483694898324,0.139418103870539,0.160927327303241
"ecxwb2p3",4.12096818296813,0.148521918901825,0.138486750793441,0.159921486424559
"ecxwb2p3",4.15412789580253,0.147567704785672,0.137550382274527,0.158934320420023
"ecxwb2p3",4.187554431021,0.146623250829116,0.136624347019482,0.157959864792214
"ecxwb2p3",4.22124993563203,0.145686302210934,0.135703772770658,0.156965485567819
"ecxwb2p3",4.25521657392016,0.144735617603379,0.134788669939304,0.155988370285124
"ecxwb2p3",4.28945652758506,0.143799319643384,0.133878293282116,0.155016714983425
"ecxwb2p3",4.32397199588162,0.142866444757551,0.132973619066358,0.154050176328002
"ecxwb2p3",4.35876519576121,0.141945195365281,0.132074981628409,0.153084466270655
"ecxwb2p3",4.39383836201408,0.141032862126341,0.131181285494864,0.152118616002718
"ecxwb2p3",4.42919374741291,0.140111352299065,0.130287694644869,0.151167504712259
"ecxwb2p3",4.46483362285751,0.139206549288148,0.129365389092368,0.150224605946002
"ecxwb2p3",4.50076027752066,0.138304854268877,0.128502975378415,0.149289623239182
"ecxwb2p3",4.53697601899517,0.137408222210662,0.12764337667472,0.148355029969994
"ecxwb2p3",4.57348317344208,0.136508904049219,0.126777407079944,0.147417108929667
"ecxwb2p3",4.61028408574009,0.135619543549626,0.12589925589422,0.146488095563614
"ecxwb2p3",4.64738111963615,0.134729878651328,0.125045485199432,0.145575072997575
"ecxwb2p3",4.6847766578973,0.133850139213174,0.124197703170048,0.144662875923512
"ecxwb2p3",4.7224731024637,0.132970101552944,0.12335893476112,0.143757843891824
"ecxwb2p3",4.76047287460295,0.132093167825703,0.122528418854895,0.142871366112859
"ecxwb2p3",4.79877841506555,0.131232265636091,0.121691502736263,0.142021685337754
"ecxwb2p3",4.83739218424173,0.130364924000438,0.12086291800909,0.141147697495674
"ecxwb2p3",4.87631666231942,0.129513208145067,0.120016381346638,0.14025270642665
"ecxwb2p3",4.91555434944363,0.12866578934678,0.119204216887862,0.139375673721177
"ecxwb2p3",4.95510776587696,0.127827205297806,0.118367940781667,0.138501353727642
"ecxwb2p3",4.99497945216153,0.126988476516019,0.117578754878878,0.137633201304379
"ecxwb2p3",5.03517196928213,0.126152236616297,0.116770011299144,0.136769435452291
"ecxwb2p3",5.07568789883074,0.125329611195303,0.115946775002451,0.135908782191054
"ecxwb2p3",5.11652984317234,0.124498403527486,0.11515335032276,0.13505125680979
"ecxwb2p3",5.15770042561203,0.123673167337323,0.114378987013386,0.134207062234612
"ecxwb2p3",5.19920229056357,0.122854106657378,0.113560578077382,0.133364394816365
"ecxwb2p3",5.24103810371923,0.122045104577713,0.11277218041052,0.132521194575837
"ecxwb2p3",5.28321055222095,0.121237442356217,0.111999660767551,0.131668401146702
"ecxwb2p3",5.32572234483303,0.120433975757392,0.111214689589525,0.13083748310511
"ecxwb2p3",5.36857621211604,0.119650057099618,0.110454424088406,0.130018873007644
"ecxwb2p3",5.41177490660223,0.118847420163991,0.109686655019221,0.129185256440669
"ecxwb2p3",5.45532120297235,0.11806942107312,0.108914613564119,0.128345939757608
"ecxwb2p3",5.49921789823382,0.117292021875353,0.10814805398832,0.127520235977982
"ecxwb2p3",5.54346781190044,0.116516066888446,0.107398599979979,0.126712810838057
"ecxwb2p3",5.58807378617345,0.115744063593696,0.106657939237673,0.125926285053616
"ecxwb2p3",5.63303868612409,0.114983027148549,0.105910279138115,0.125136586789426
"ecxwb2p3",5.67836539987766,0.114216616387255,0.105161310364268,0.124361394393911
"ecxwb2p3",5.72405683879896,0.113462543638336,0.104419141810174,0.123549583058225
"ecxwb2p3",5.77011593767938,0.112695832358724,0.103686933164022,0.122752656511284
"ecxwb2p3",5.8165456549253,0.11194235748469,0.102953732104316,0.121962200006012
"ecxwb2p3",5.86334897274819,0.111200118524935,0.102224273256864,0.121183193975579
"ecxwb2p3",5.91052889735614,0.11045907608068,0.101511045430232,0.1204145134751
"ecxwb2p3",5.95808845914694,0.109721748060528,0.100815693633923,0.11964737301408
"ecxwb2p3",6.00603071290269,0.108992447507003,0.100099493425188,0.118884736221063
"ecxwb2p3",6.05435873798611,0.108261374389363,0.0993882147598436,0.118131249729808
"ecxwb2p3",6.10307563853822,0.107541788408679,0.0986892939862239,0.117371194562388
"ecxwb2p3",6.15218454367778,0.106818267975279,0.0979911506978928,0.116632203372658
"ecxwb2p3",6.20168860770229,0.106097350108803,0.097297840828029,0.115897946784542
"ecxwb2p3",6.25159101029052,0.105392604635491,0.096621301346949,0.115163343915005
"ecxwb2p3",6.30189495670683,0.10469462511587,0.0959296304759871,0.114404925877535
"ecxwb2p3",6.35260367800699,0.103986807298054,0.0952517356921757,0.113663083195094
"ecxwb2p3",6.40372043124573,0.103285666316634,0.0945819341779848,0.112934204094305
"ecxwb2p3",6.45524849968593,0.102590913764003,0.0939156778635047,0.112211592668414
"ecxwb2p3",6.50719119300954,0.101908296069992,0.0932548988752001,0.111526076039234
"ecxwb2p3",6.55955184753014,0.101229435260211,0.0925936013072628,0.110812560906517
"ecxwb2p3",6.61233382640719,0.100552600327632,0.0919358989634373,0.110107597972111
"ecxwb2p3",6.66554051986216,0.0998735218860809,0.0912821573894688,0.109416475961126
"ecxwb2p3",6.71917534539617,0.0992034123421189,0.0906393098190408,0.108730788939157
"ecxwb2p3",6.77324174800955,0.0985324529326496,0.0899924309395581,0.108038323463321
"ecxwb2p3",6.82774320042315,0.0978681420791995,0.0893478631379573,0.107356861921794
"ecxwb2p3",6.88268320330131,0.0972065324681065,0.088702569682501,0.106662926078892
"ecxwb2p3",6.93806528547677,0.0965485614235934,0.0880665490990088,0.105986624012195
"ecxwb2p3",6.99389300417734,0.0958932336563781,0.0874341495588522,0.105325147253358
"ecxwb2p3",7.05016994525433,0.0952395259118934,0.0868110380789784,0.104655706532236
"ecxwb2p3",7.1068997234129,0.094598070019076,0.0861954627901468,0.103983146876579
"ecxwb2p3",7.16408598244428,0.0939551924721355,0.0855841934224795,0.103311195178545
"ecxwb2p3",7.2217323954597,0.0933126475848666,0.0849790399948955,0.102641091643201
"ecxwb2p3",7.27984266512644,0.0926812468795052,0.0843733388841573,0.101973333680755
"ecxwb2p3",7.33842052390557,0.0920484371097568,0.0837740626114908,0.10131750827628
"ecxwb2p3",7.39746973429174,0.0914267909465794,0.0831878174535149,0.10066749141499
"ecxwb2p3",7.4569940890548,0.0908037517585982,0.0825967507584395,0.100015491799932
"ecxwb2p3",7.51699741148346,0.0901844490761965,0.0820045542906717,0.0993642613111202
"ecxwb2p3",7.57748355563082,0.089573384799336,0.0814032850875977,0.0987187552873622
"ecxwb2p3",7.63845640656197,0.0889634861601351,0.0807940223145612,0.0981023708745323
"ecxwb2p3",7.69991988060346,0.0883636175269016,0.0801938605915073,0.0974567734934582
"ecxwb2p3",7.76187792559492,0.0877632297134986,0.0796112740414002,0.0968298428733332
"ecxwb2p3",7.82433452114258,0.0871732812539429,0.0790371384916752,0.096206353393133
"ecxwb2p3",7.88729367887489,0.0865753686406768,0.0784651617882367,0.0955849225043888
"ecxwb2p3",7.95075944270026,0.0859788323032632,0.0778936603456997,0.0949773377170132
"ecxwb2p3",8.01473588906667,0.085389201651635,0.0773180193731004,0.0943732986042806
"ecxwb2p3",8.07922712722361,0.0848054397112584,0.0767498883342169,0.0937694496720722
"ecxwb2p3",8.14423729948602,0.0842222057972852,0.0762029810195624,0.0931534668164278
"ecxwb2p3",8.20977058150026,0.083646505094995,0.0756408326158107,0.0925522635383711
"ecxwb2p3",8.27583118251241,0.0830695839698475,0.075097225776796,0.0919342751079735
"ecxwb2p3",8.34242334563861,0.0824960942228775,0.0745569144746943,0.0913487654538958
"ecxwb2p3",8.40955134813756,0.0819333535029426,0.0740173094138474,0.0907741776415285
"ecxwb2p3",8.47721950168529,0.0813672277513127,0.0734693013332317,0.0901593203848414
"ecxwb2p3",8.54543215265208,0.0808069307132795,0.0729388133623686,0.089575629660044
"ecxwb2p3",8.61419368238166,0.0802477677350924,0.0724123872788216,0.0890114314514962
"ecxwb2p3",8.68350850747257,0.0797048432759526,0.0718784725525512,0.0884366268922201
"ecxwb2p3",8.75338108006193,0.0791522592280842,0.0713504039832707,0.0878459426287418
"ecxwb2p3",8.8238158881113,0.0786058445813896,0.0708309057529927,0.0872703519824576
"ecxwb2p3",8.89481745569502,0.0780739473265226,0.0703184300185223,0.0867206999644502
"ecxwb2p3",8.96639034329078,0.0775326959157921,0.0698001535894454,0.0861573045180948
"ecxwb2p3",9.03853914807251,0.0769968651201252,0.0692867057714117,0.0856122343888963
"ecxwb2p3",9.11126850420567,0.0764708691349401,0.0687772760777513,0.0850505386184871
"ecxwb2p3",9.18458308314498,0.0759447717782603,0.068273996112715,0.0844903639130815
"ecxwb2p3",9.25848759393434,0.0754233920123605,0.0677889713622947,0.0839379387498714
"ecxwb2p3",9.33298678350939,0.0749070101749311,0.0672885401285219,0.0833860854530928
"ecxwb2p3",9.4080854370024,0.0743948701063444,0.0667943309472665,0.0828401337584224
"ecxwb2p3",9.48378837804958,0.0738835394511767,0.0663086428036898,0.0823101372836615
"ecxwb2p3",9.56010046910091,0.0733766487171971,0.0658275097218063,0.0817825163847771
"ecxwb2p3",9.63702661173254,0.0728737480295111,0.06534732514779,0.0812392052588362
"ecxwb2p3",9.71457174696151,0.0723718639898252,0.0648699827832668,0.0806962726608288
"ecxwb2p3",9.79274085556316,0.0718695316376643,0.0643933212617333,0.0801871323618838
"ecxwb2p3",9.8715389583911,0.0713710375271449,0.063924283516043,0.0796612235803392
"ecxwb2p3",9.95097111669961,0.0708790454208742,0.0634637114887597,0.0791451634442699
"ecxwb2p3",10.0310424324688,0.0703903916842131,0.0629979229959683,0.0786221336129608
"ecxwb2p3",10.1117580487322,0.0699022312209126,0.0625478318067822,0.0781026942518685
"ecxwb2p3",10.1931231499074,0.0694216759659207,0.0620815009519483,0.0775911770764487
"ecxwb2p3",10.2751429621286,0.0689409014299582,0.0616213580576361,0.0770897428341058
"ecxwb2p3",10.3578227535827,0.0684661328020761,0.0611692856666305,0.076587466095152
"ecxwb2p3",10.4411678348473,0.0679917131198319,0.0607149437732426,0.0760854439992468
"ecxwb2p3",10.5251835592322,0.0675255901127763,0.0602634994543475,0.0755943000493582
"ecxwb2p3",10.609875323123,0.0670556431270903,0.0598157719768026,0.0750901292632273
"ecxwb2p3",10.6952485663278,0.0665939526223899,0.059381476202792,0.0746054188527805
"ecxwb2p3",10.7813087724264,0.0661382173503471,0.0589455516786906,0.0741237270746113
"ecxwb2p3",10.8680614691228,0.0656839087366927,0.0584979319582717,0.0736505811857794
"ecxwb2p3",10.9555122286002,0.0652287574588475,0.0580777851855982,0.0731852485217981
"ecxwb2p3",11.0436666678787,0.0647737901525638,0.057647471768203,0.072713145163704
"ecxwb2p3",11.1325304491763,0.0643225652958736,0.0572238704646323,0.0722322595523738
"ecxwb2p3",11.2221092802725,0.0638737271460125,0.0568158534337998,0.0717616272253385
"ecxwb2p3",11.3124089148749,0.0634274113432376,0.0564044170775717,0.0712911097882529
"ecxwb2p3",11.4034351529888,0.0629847839831263,0.056007913792027,0.0708292051648036
"ecxwb2p3",11.4951938412897,0.0625441052085281,0.05560307490602,0.0703768691976512
"ecxwb2p3",11.5876908734988,0.0621079935460584,0.0551935471255037,0.0699214365174387
"ecxwb2p3",11.6809321907619,0.0616732843367061,0.0547801557849227,0.0694707719623859
"ecxwb2p3",11.7749237820303,0.0612446839648128,0.054369723832835,0.0690200263565729
"ecxwb2p3",11.8696716844462,0.0608188620077574,0.0539597332143485,0.0685710864410589
"ecxwb2p3",11.9651819837302,0.0603892142495519,0.0535574444220009,0.0681249059461091
"ecxwb2p3",12.0614608145718,0.0599663811815118,0.0531559277154327,0.0676838166185406
"ecxwb2p3",12.1585143610242,0.0595471588740216,0.0527619578713776,0.0672407640613729
"ecxwb2p3",12.2563488569009,0.0591307341684257,0.0523681959784429,0.0667979653752811
"ecxwb2p3",12.3549705861763,0.0587141374294449,0.0519796079672986,0.0663607843228306
"ecxwb2p3",12.4543858833893,0.0583085729944544,0.0515928482239705,0.065922073430805
"ecxwb2p3",12.5546011340502,0.0579048653524381,0.0512016910152149,0.0654961033646001
"ecxwb2p3",12.655622775051,0.0574959659736384,0.050815932528107,0.0650747674483955
"ecxwb2p3",12.7574572950785,0.0570944078075468,0.0504327183656712,0.0646513636213127
"ecxwb2p3",12.8601112350314,0.056692873814066,0.0500582937254579,0.0642237362267094
"ecxwb2p3",12.96359118844,0.0562934028574613,0.0496812393857152,0.0638047778501155
"ecxwb2p3",13.0679038018904,0.055896776459938,0.0493058554706302,0.0633942952180548
"ecxwb2p3",13.1730557754507,0.0555021303947552,0.0489331957058238,0.0629800526041263
"ecxwb2p3",13.2790538631017,0.0551124013843248,0.0485689603399677,0.0625590213649097
"ecxwb2p3",13.3859048731709,0.0547255542296,0.0482063271796853,0.0621399354347946
"ecxwb2p3",13.4936156687692,0.0543410565601033,0.0478441848026146,0.0617341904703342
"ecxwb2p3",13.6021931682324,0.053965798406761,0.0474894463789153,0.0613309033675911
"ecxwb2p3",13.7116443455652,0.0535846514463288,0.0471359327980237,0.0609311468791088
"ecxwb2p3",13.821976230889,0.0532055281603782,0.0467866821595254,0.0605370950927759
"ecxwb2p3",13.9331959108939,0.052829975420462,0.0464326267231594,0.0601445445063219
"ecxwb2p3",14.0453105292936,0.052466088615375,0.0460864514694091,0.0597518553652963
"ecxwb2p3",14.1583272872842,0.0520969993649356,0.0457442248836311,0.0593617816870355
"ecxwb2p3",14.2722534440068,0.0517330774473611,0.04540462981774,0.0589684575515944
"ecxwb2p3",14.3870963170139,0.051368615654252,0.0450627007096238,0.0585798477889335
"ecxwb2p3",14.5028632827393,0.0510077749755477,0.0447240598611948,0.0581926184956763
"ecxwb2p3",14.6195617769718,0.0506485810995364,0.0443909702778333,0.057811084098796
"ecxwb2p3",14.7371992953328,0.0502942067119647,0.0440602714778852,0.0574332004822916
"ecxwb2p3",14.8557833937581,0.0499394739188544,0.0437233100469619,0.0570566716413397
"ecxwb2p3",14.9753216889827,0.0495862037687517,0.0433947421860406,0.056678184100774
"ecxwb2p3",15.0958218590306,0.0492352248103429,0.0430685853172829,0.056299313378205
"ecxwb2p3",15.2172916437073,0.0488865566946885,0.0427462801645489,0.0559220947485373
"ecxwb2p3",15.3397388450975,0.0485390953637237,0.0424338997603336,0.055544283070814
"ecxwb2p3",15.4631713280661,0.048200046792919,0.0421130152381178,0.0551689525457432
"ecxwb2p3",15.587597020763,0.0478649816305755,0.041797318991708,0.0548047631981063
"ecxwb2p3",15.7130239151329,0.0475236984982453,0.0414821272934319,0.0544437654329908
"ecxwb2p3",15.8394600674282,0.0471871212900318,0.0411693607933038,0.0540932631130567
"ecxwb2p3",15.9669135987267,0.0468603373191777,0.0408613619911072,0.0537420399366443
"ecxwb2p3",16.0953926954529,0.0465282887582843,0.0405536520501172,0.0533866496329585
"ecxwb2p3",16.2249056099044,0.0461961333790245,0.0402548550153272,0.0530422655034514
"ecxwb2p3",16.3554606607814,0.0458738366953029,0.0399548414568358,0.0526936488820723
"ecxwb2p3",16.4870662337211,0.0455466899048791,0.0396514643487778,0.0523431241164107
"ecxwb2p3",16.6197307818366,0.0452241513091978,0.039356676225554,0.0519968638030223
"ecxwb2p3",16.7534628262597,0.0449038120398247,0.039062341525803,0.0516514094692287
"ecxwb2p3",16.888270956688,0.0445878105704976,0.0387640154213083,0.0513078956879987
"ecxwb2p3",17.0241638319371,0.0442749513215198,0.0384709209389566,0.0509665660547919
"ecxwb2p3",17.1611501804961,0.0439620534837294,0.0381868246231534,0.0506275805013756
"ecxwb2p3",17.299238801089,0.0436525368679954,0.0379039939400691,0.0502880545080378
"ecxwb2p3",17.4384385632392,0.0433431670691244,0.0376197596163057,0.0499533702991391
"ecxwb2p3",17.5787584078396,0.0430374718805166,0.0373303304683603,0.0496234125121697
"ecxwb2p3",17.7202073477267,0.0427317761006658,0.03705110277837,0.0492929618845322
"ecxwb2p3",17.8627944682595,0.0424315683898355,0.0367752141461011,0.0489646265024238
"ecxwb2p3",18.0065289279031,0.0421313735994163,0.0364957342819595,0.0486383939871425
"ecxwb2p3",18.151419958817,0.0418319105925166,0.0362139511608073,0.0483142520163699
"ecxwb2p3",18.297476867448,0.0415332687218445,0.0359363128193609,0.04799218832415
"ecxwb2p3",18.444709035128,0.0412407681276347,0.0356565692816744,0.0476741097247063
"ecxwb2p3",18.5931259186765,0.0409480508923769,0.0353804776889229,0.0473542469931921
"ecxwb2p3",18.7427370510083,0.040658760684498,0.0351183937957971,0.0470403832559639
"ecxwb2p3",18.8935520417454,0.0403687302246096,0.0348594561048187,0.0467223482143954
"ecxwb2p3",19.0455805778344,0.0400835815475035,0.0346023822511112,0.0464090859096683
"ecxwb2p3",19.1988324241689,0.0398001840533463,0.0343471535234679,0.0461027560178443
"ecxwb2p3",19.3533174242163,0.0395188614215967,0.0340937574371018,0.0457950385984365
"ecxwb2p3",19.5090455006505,0.039237851103256,0.0338421815802378,0.0454890434744925
"ecxwb2p3",19.6660266559888,0.0389580589810581,0.0335883736821683,0.0451851416047676
"ecxwb2p3",19.8242709732348,0.0386820951381959,0.0333335792055495,0.0448831984461852
"ecxwb2p3",19.9837886165257,0.0384076122030204,0.0330806670534086,0.0445832023501647
"ecxwb2p3",20.1445898317852,0.0381356509916721,0.0328275662153322,0.0442880680682979
"ecxwb2p3",20.306684947382,0.0378655578375451,0.0325743186317171,0.0439927030183355
"ecxwb2p3",20.4700843747925,0.0375976136568992,0.0323230042779905,0.0437049408370847
"ecxwb2p3",20.6347986092701,0.0373330148256295,0.0320804110097418,0.0434162354305002
"ecxwb2p3",20.800838230519,0.037069715576553,0.0318414446993618,0.0431293689506355
"ecxwb2p3",20.9682139033741,0.036803999484791,0.0315995119799343,0.042839477102955
"ecxwb2p3",21.1369363784857,0.0365440769384826,0.0313566184760779,0.0425435482010294
"ecxwb2p3",21.3070164930098,0.036286639902021,0.0311157723920154,0.042256498711706
"ecxwb2p3",21.4784651713049,0.0360308378120677,0.0308811108292413,0.0419813479963267
"ecxwb2p3",21.651293425633,0.0357744157953243,0.0306501849909259,0.0417132472334137
"ecxwb2p3",21.8255123568674,0.0355234369792834,0.0304184080838635,0.0414373641960467
"ecxwb2p3",22.0011331552051,0.0352707670826166,0.0301870512696202,0.0411581148381473
"ecxwb2p3",22.1781671008864,0.0350218238122003,0.0299572478363209,0.040880687255998
"ecxwb2p3",22.3566255649188,0.0347715734721217,0.0297291866921587,0.0406050703892443
"ecxwb2p3",22.5365200098075,0.0345267024774485,0.02950225911441,0.0403373618468611
"ecxwb2p3",22.7178619902917,0.0342815244991315,0.0292784088730499,0.0400664325619851
"ecxwb2p3",22.9006631540869,0.0340381164438774,0.0290554225947086,0.0397971956261535
"ecxwb2p3",23.0849352426328,0.0337939020518904,0.02883409619742,0.0395295465423458
"ecxwb2p3",23.2706900918477,0.0335503080615355,0.0286138938214357,0.039263640754484
"ecxwb2p3",23.4579396328883,0.0333118239095808,0.0283940961471173,0.0389994676843605
"ecxwb2p3",23.6466958929168,0.0330756896835881,0.028176992811577,0.038737016807196
"ecxwb2p3",23.8369709958725,0.0328401005533689,0.0279633800920069,0.0384789343570341
"ecxwb2p3",24.0287771632513,0.0326076110740413,0.0277521028514073,0.0382232091173233
"ecxwb2p3",24.2221267148902,0.0323713623918898,0.027541152141336,0.0379691319927569
"ecxwb2p3",24.417032069759,0.0321387422473997,0.0273338542351955,0.0377166930561442
"ecxwb2p3",24.6135057467575,0.0319102582313601,0.0271280835702561,0.0374659649368663
"ecxwb2p3",24.81156036552,0.0316801438893901,0.0269179731412689,0.0372169041092143
"ecxwb2p3",25.0112086472259,0.0314517104494265,0.0267098712408279,0.0369693995813862
"ecxwb2p3",25.2124634154163,0.0312292613954959,0.0265128945113898,0.0367287066520744
"ecxwb2p3",25.4153375968182,0.0310063343392351,0.0263186354473427,0.036486107445321
"ecxwb2p3",25.6198442221746,0.0307851806311205,0.0261186113600225,0.0362370709669668
"ecxwb2p3",25.8259964270813,0.0305629844705996,0.0259169389807977,0.0359971881976393
"ecxwb2p3",26.033807452831,0.030343106552331,0.0257192840982204,0.0357618957707649
"ecxwb2p3",26.2432906472632,0.0301249878429747,0.0255281489425279,0.0355280982025072
"ecxwb2p3",26.4544594656224,0.0299099313099592,0.0253356266716073,0.0352957075703731
"ecxwb2p3",26.6673274714213,0.0296942722878449,0.0251410619957285,0.0350601170370766
"ecxwb2p3",26.8819083373129,0.0294809393719834,0.0249479613242398,0.034822849738743
"ecxwb2p3",27.0982158459683,0.0292733248540802,0.0247566734816078,0.0345870260511753
"ecxwb2p3",27.3162638909619,0.0290647467686278,0.0245696175496797,0.0343527315324147
"ecxwb2p3",27.5360664776639,0.0288560196707205,0.0243817230616549,0.0341199534706875
"ecxwb2p3",27.7576377241399,0.0286494087126847,0.0241925271452494,0.0338888446172785
"ecxwb2p3",27.9809918620578,0.0284444382228046,0.0240069306080533,0.0336591819609755
"ecxwb2p3",28.2061432376016,0.0282421967731047,0.023821335086599,0.033431035651186
"ecxwb2p3",28.4331063123932,0.0280421574278077,0.0236371714393301,0.0332049091280218
"ecxwb2p3",28.6618956644211,0.0278428606627872,0.0234544058038848,0.0329809438416586
"ecxwb2p3",28.8925259889768,0.0276433009640699,0.0232756390472873,0.0327571114588645
"ecxwb2p3",29.1250120995988,0.0274452445621212,0.0230990934230834,0.0325368599852689
"ecxwb2p3",29.3593689290236,0.0272507087083811,0.0229249682233796,0.0323159735870127
"ecxwb2p3",29.5956115301457,0.0270564290315987,0.0227540062495737,0.0321003701624865
"ecxwb2p3",29.8337550769836,0.0268633619545146,0.0225762456219688,0.0318843029142411
"ecxwb2p3",30.0738148656549,0.0266714675464116,0.0224005988803734,0.0316664991673704
"ecxwb2p3",30.3158063153588,0.0264805282721006,0.0222288418099602,0.0314499885205662
"ecxwb2p3",30.5597449693662,0.0262904400232536,0.0220564833489869,0.0312376098124854
"ecxwb2p3",30.8056464960183,0.0261013330846361,0.0218853674301566,0.0310304463591737
"ecxwb2p3",31.0535266897329,0.0259134660441842,0.0217155332673283,0.0308178387259187
"ecxwb2p3",31.303401472019,0.0257269535485204,0.0215470270701058,0.0306108561873146
"ecxwb2p3",31.5552868924991,0.0255440990712611,0.021384749055472,0.0304077066841342
"ecxwb2p3",31.8091991299405,0.0253618132075308,0.0212247594139651,0.0302001315450957
"ecxwb2p3",32.0651544932943,0.0251810954934834,0.0210648171176599,0.029997642511319
"ecxwb2p3",32.3231694227429,0.0249989717260123,0.0209040106211281,0.0297982946476984
"ecxwb2p3",32.5832604907559,0.0248198335568381,0.0207444119292526,0.0296002417465939
"ecxwb2p3",32.8454444031548,0.0246406535887885,0.0205860122743496,0.0294034757965696
"ecxwb2p3",33.1097380001858,0.0244640932074548,0.020428802947679,0.0292079633836803
"ecxwb2p3",33.3761582576015,0.024288946106861,0.0202668965966193,0.0290136257274265
"ecxwb2p3",33.6447222877514,0.0241165081118589,0.0201061648701247,0.0288199521910051
"ecxwb2p3",33.915447340681,0.0239428791000644,0.0199490805994815,0.0286239018109665
"ecxwb2p3",34.1883508052395,0.02377098554334,0.0197960295171315,0.02842915600415
"ecxwb2p3",34.463450210197,0.0236003595897168,0.0196442083747081,0.0282371834206443
"ecxwb2p3",34.7407632253705,0.0234309444846462,0.0194935340942899,0.0280508268391794
"ecxwb2p3",35.0203076627583,0.0232614200751827,0.0193444328476954,0.0278656734516279
"ecxwb2p3",35.3021014776849,0.0230946961919836,0.0191973895455283,0.0276815868848388
"ecxwb2p3",35.5861627699533,0.0229290938735617,0.0190514593539674,0.0274936120864325
"ecxwb2p3",35.8725097850083,0.0227639648495166,0.0189066968116252,0.0273052773393556
"ecxwb2p3",36.1611609151084,0.022600411888059,0.0187642664389705,0.0271231487123971
"ecxwb2p3",36.4521347005065,0.0224384527731015,0.0186235832670627,0.0269422093807563
"ecxwb2p3",36.7454498306416,0.0222784585039267,0.0184839398162726,0.0267624408605196
"ecxwb2p3",37.0411251453384,0.0221196184653873,0.0183453286293657,0.0265838203817619
"ecxwb2p3",37.3391796360183,0.0219600391403731,0.0182077422991537,0.0264063675629956
"ecxwb2p3",37.6396324469184,0.021804031276544,0.0180687703611182,0.0262300751016485
"ecxwb2p3",37.9425028763215,0.0216472314508463,0.0179278145431229,0.0260553350444624
"ecxwb2p3",38.2478103777958,0.0214919825728201,0.0177869886396027,0.0258817697324469
"ecxwb2p3",38.5555745614443,0.0213389227739335,0.0176528949489207,0.0257093375984309
"ecxwb2p3",38.8658151951639,0.0211856779458405,0.0175198889500281,0.025536021039999
"ecxwb2p3",39.1785522059162,0.0210333802821865,0.0173878718290287,0.0253668058041357
"ecxwb2p3",39.4938056810061,0.0208806198585458,0.017254943166046,0.0251986905799208
"ecxwb2p3",39.8115958693731,0.0207294518754522,0.017122866805858,0.0250312923203231
"ecxwb2p3",40.1319431828912,0.0205815478482913,0.0169917881564907,0.0248645797023688
"ecxwb2p3",40.4548681976805,0.0204349169054549,0.0168614766516856,0.0246989562148989
"ecxwb2p3",40.7803916554284,0.0202873351297459,0.0167318919222993,0.0245344150277666
"ecxwb2p3",41.1085344647219,0.0201421115113179,0.0166043257677173,0.0243709493497968
"ecxwb2p3",41.4393177023909,0.0199978773862986,0.0164770824915325,0.0242085524286178
"ecxwb2p3",41.7727626148617,0.0198555864089957,0.0163508557748903,0.024047217550492
"ecxwb2p3",42.1088906195217,0.0197117644228704,0.0162256339857158,0.0238869380401467
"ecxwb2p3",42.4477233060951,0.0195694317466726,0.0161013593134554,0.0237276601201639
"ecxwb2p3",42.7892824380295,0.0194286217640579,0.0159780247774697,0.0235694224958238
"ecxwb2p3",43.1335899538942,0.0192868857192207,0.0158556323571558,0.023412221085816
"ecxwb2p3",43.4806679687887,0.0191474367651304,0.0157342857940771,0.0232560493609578
"ecxwb2p3",43.8305387757636,0.0190095560293295,0.015615579506467,0.0231008932294512
"ecxwb2p3",44.1832248472524,0.0188704231044764,0.0154966499162189,0.0229456636140311
"ecxwb2p3",44.5387488365149,0.0187331175366873,0.015378799415635,0.0227914222555197
"ecxwb2p3",44.8971335790922,0.0185988742967488,0.0152623222078325,0.0226367403936538
"ecxwb2p3",45.2584020942735,0.0184661036083101,0.0151459889352459,0.0224832497849999
"ecxwb2p3",45.6225775865747,0.0183350253911612,0.0150288232673421,0.0223319248653066
"ecxwb2p3",45.9896834472286,0.018204010640737,0.0149089551576926,0.0221797790129702
"ecxwb2p3",46.3597432556877,0.0180727938687736,0.014794493981875,0.0220326278558653
"ecxwb2p3",46.7327807811383,0.0179431467200169,0.0146785413564186,0.0218872186476838
"ecxwb2p3",47.1088199840276,0.0178142768175717,0.0145632200863995,0.0217400716517771
"ecxwb2p3",47.4878850176025,0.0176866012846654,0.0144488396618081,0.0215938493699768
"ecxwb2p3",47.8700002294609,0.017559249208874,0.0143360355428203,0.0214485639153664
"ecxwb2p3",48.2551901631159,0.0174321160430396,0.0142264550552578,0.0213042310192873
"ecxwb2p3",48.6434795595717,0.0173069294196337,0.0141177712551863,0.0211624381392933
"ecxwb2p3",49.0348933589133,0.0171818325113258,0.014009908853299,0.0210248820423032
"ecxwb2p3",49.4294567019081,0.0170577979844454,0.0139028617781413,0.0208832949212523
"ecxwb2p3",49.8271949316206,0.016935329270828,0.0137966240010367,0.0207426096946092
"ecxwb2p3",50.2281335950408,0.016811377230649,0.0136905942378247,0.0206010645870334
"ecxwb2p3",50.6322984447242,0.0166901614777598,0.013584581271947,0.0204593754298256
"ecxwb2p3",51.0397154404467,0.0165699429521489,0.0134793808388144,0.0203221062069502
"ecxwb2p3",51.4504107508715,0.0164512315764726,0.0133759684271751,0.020185191847312
"ecxwb2p3",51.8644107552302,0.0163322499444676,0.0132736306848827,0.0200479832582128
"ecxwb2p3",52.281742045017,0.0162145747656938,0.0131704613185741,0.0199143192933452
"ecxwb2p3",52.7024314256971,0.0160970921003229,0.0130674857244492,0.0197822290018315
"ecxwb2p3",53.1265059184276,0.0159802664725876,0.0129667515380546,0.0196494645191622
"ecxwb2p3",53.5539927617939,0.0158643254492184,0.0128671756677747,0.0195179538049216
"ecxwb2p3",53.9849194135589,0.0157493645852287,0.012767480421351,0.0193866577493926
"ecxwb2p3",54.4193135524267,0.0156357073342698,0.012668519799591,0.0192565858880995
"ecxwb2p3",54.8572030798202,0.0155227179039854,0.0125703189173648,0.0191273371417199
"ecxwb2p3",55.2986161216736,0.0154103560650075,0.0124728957043248,0.0189989432436302
"ecxwb2p3",55.7435810302388,0.0152982057468025,0.0123762208180783,0.0188713987109316
"ecxwb2p3",56.1921263859063,0.0151874853692437,0.0122802882788244,0.0187446926659144
"ecxwb2p3",56.6442809990412,0.0150776120942768,0.0121850924943885,0.0186187847402727
"ecxwb2p3",57.1000739118335,0.0149681441144138,0.0120906279130357,0.0184937105379725
"ecxwb2p3",57.5595344001635,0.0148590078454753,0.011996889023206,0.0183694647005527
"ecxwb2p3",58.0226919754827,0.0147511705629227,0.0119038703532485,0.0182460419017879
"ecxwb2p3",58.4895763867087,0.0146440382996179,0.0118115664711591,0.0181234368475251
"ecxwb2p3",58.9602176221361,0.0145372159717167,0.0117199719843182,0.0180016442755205
"ecxwb2p3",59.4346459113629,0.0144319032993592,0.0116290815392299,0.0178806589552767
"ecxwb2p3",59.9128917272322,0.014326871786548,0.0115385158772979,0.0177604756878807
"ecxwb2p3",60.3949857877892,0.0142222342827132,0.0114479315108815,0.0176410893058417
"ecxwb2p3",60.8809590582546,0.0141177297538517,0.0113580521209776,0.0175224946729298
"ecxwb2p3",61.3708427530131,0.0140157325825696,0.0112698735240518,0.0174046866840148
"ecxwb2p3",61.8646683376187,0.0139153127577651,0.0111824008923165,0.017287169554021
"ecxwb2p3",62.3624675308154,0.0138146300405841,0.0110956366785279,0.0171701844501386
"ecxwb2p3",62.8642723065749,0.0137147274902004,0.0110095400801717,0.0170539810442385
"ecxwb2p3",63.37011489615,0.0136154586487458,0.0109240958571679,0.0169385542484751
"ecxwb2p3",63.8800277901452,0.0135175078150298,0.010839276980334,0.016823899006267
"ecxwb2p3",64.394043740603,0.0134193713803893,0.0107560346560841,0.0167099148240981
"ecxwb2p3",64.9121957631082,0.0133214506657868,0.010673619304044,0.0165957909037989
"ecxwb2p3",65.434517138908,0.0132253905626866,0.0105906440733393,0.016484291796383
"ecxwb2p3",65.9610414170501,0.0131302994682365,0.0105083087397388,0.0163727363344045
"ecxwb2p3",66.4918024165373,0.0130357371887903,0.0104266374237387,0.0162618547578167
"ecxwb2p3",67.0268342285,0.0129406975792178,0.0103465534012584,0.016151760800709
"ecxwb2p3",67.5661712183855,0.0128473479273342,0.0102663976402151,0.0160423722252303
"ecxwb2p3",68.1098480281657,0.0127550912782172,0.0101866905008341,0.0159337157985119
"ecxwb2p3",68.6578995785618,0.012663845488281,0.0101075974845771,0.0158257867384627
"ecxwb2p3",69.2103610712876,0.0125733488769137,0.0100291407788849,0.0157185802926102
"ecxwb2p3",69.7672679913105,0.0124824989799339,0.00995316512705397,0.0156120917379398
"ecxwb2p3",70.3286561091304,0.0123919169987617,0.00987823436408628,0.015506316380734
"ecxwb2p3",70.8945614830778,0.0123017735762192,0.00980091359350929,0.0154012495564123
"ecxwb2p3",71.4650204616294,0.0122128321753713,0.0097241934179123,0.0152968736827093
"ecxwb2p3",72.0400696857429,0.0121243082663565,0.00964806924462695,0.0151931605206963
"ecxwb2p3",72.6197460912106,0.0120364810419195,0.00957254090297249,0.0150901427392093
"ecxwb2p3",73.2040869110316,0.011948762216216,0.00949761394432173,0.0149878157820092
"ecxwb2p3",73.7931296778033,0.0118615446083682,0.0094247715027883,0.0148861751212587
"ecxwb2p3",74.3869122261328,0.0117751204374875,0.00935358120631577,0.014785216257365
"ecxwb2p3",74.9854726950661,0.0116901156697363,0.00928292477185649,0.0146849336350215
"ecxwb2p3",75.5888495305381,0.0116053921112712,0.00921279825458711,0.0145853198113654
"ecxwb2p3",76.1970814878424,0.0115213470151698,0.00914319773794371,0.0144846149165304
"ecxwb2p3",76.8102076341201,0.0114374498358783,0.00907341378549552,0.0143864976120877
"ecxwb2p3",77.4282673508693,0.0113552810801293,0.0090034580350253,0.0142891587007922
"ecxwb2p3",78.0513003364748,0.0112734002507242,0.00893403800174208,0.0141924280510795
"ecxwb2p3",78.6793466087576,0.0111915021691368,0.00886469374488599,0.0140963451816897
"ecxwb2p3",79.3124465075454,0.0111101453880667,0.00879535435957626,0.0140008906923008
"ecxwb2p3",79.9506406972636,0.0110293386327509,0.00872655369943114,0.0139053701305366
"ecxwb2p3",80.5939701695475,0.0109488403602046,0.00865828763598261,0.0138108688207428
"ecxwb2p3",81.2424762458747,0.0108690905476483,0.00859055207150481,0.0137174046340695
"ecxwb2p3",81.89620058022,0.0107896620062944,0.00852425463853599,0.0136245665758766
"ecxwb2p3",82.5551851617299,0.0107123509541442,0.00845863591426031,0.0135323467844139
"ecxwb2p3",83.2194723174201,0.010634579058775,0.00839351929918767,0.0134407440379298
"ecxwb2p3",83.8891047148943,0.0105578585645875,0.00832892531653286,0.0133497552424679
"ecxwb2p3",84.5641253650847,0.0104807722667366,0.00826482539527637,0.013259376008343
"ecxwb2p3",85.2445776250141,0.0104043118401126,0.00820121580319704,0.0131693746449269
"ecxwb2p3",85.9305052005819,0.0103284423694715,0.00813809751894681,0.0130809709494907
"ecxwb2p3",86.62195214937,0.0102534072865873,0.00807546816536717,0.0129924208099889
"ecxwb2p3",87.3189628834737,0.0101786191030503,0.0080133179483495,0.012904412758742
"ecxwb2p3",88.0215821723536,0.0101045188231293,0.00795164324617235,0.0128169487027368
"ecxwb2p3",88.7298551457117,0.0100317451453121,0.0078904404638142,0.0127300685470553
"ecxwb2p3",89.4438272963896,0.00995912604523607,0.00782970603276675,0.0126437840837807
"ecxwb2p3",90.1635444832915,0.00988689428689203,0.00776929507772902,0.0125581339322523
"ecxwb2p3",90.8890529343285,0.00981567039434277,0.00770902508662602,0.0124730584809521
"ecxwb2p3",91.6203992493884,0.00974446189363176,0.00764924981936845,0.0123885539485326
"ecxwb2p3",92.3576304033292,0.00967411201502022,0.00758984175744577,0.0123046165775059
"ecxwb2p3",93.1007937489958,0.00960330171500434,0.00753092424650494,0.0122212542606403
"ecxwb2p3",93.8499370202616,0.00953385614895192,0.00747196204731601,0.0121384939672372
"ecxwb2p3",94.605108335095,0.00946489315056483,0.00741312653688136,0.0120562474465684
"ecxwb2p3",95.3663561986491,0.00939619552393661,0.00735543359925304,0.0119745491475874
"ecxwb2p3",96.1337295063782,0.00932820427932944,0.00729867461282603,0.0118933996094031
"ecxwb2p3",96.9072775471775,0.00925999637202548,0.00724235114394228,0.0118127952120947
"ecxwb2p3",97.6870500065498,0.00919264048698873,0.00718651682865292,0.0117327323587198
"ecxwb2p3",98.473096969796,0.00912614488782247,0.00713109820167564,0.0116532074751812
"ecxwb2p3",99.2654689252332,0.00906005170541442,0.007075789602226,0.0115753797166018
"ecxwb2p3",100.064216767436,0.008994457228192,0.00702085166905775,0.0114986468352474
"ecxwb2p3",100.869391800508,0.00892907834219436,0.00696633808117137,0.0114224183685822
"ecxwb2p3",101.681045741373,0.00886434364289622,0.00691225605863268,0.0113466910572383
"ecxwb2p3",102.499230723101,0.00879995374784703,0.00685908642957792,0.0112711777887663
"ecxwb2p3",103.323999298256,0.00873591515778101,0.00680635629689563,0.0111946375955786
"ecxwb2p3",104.155404442268,0.00867238785792707,0.00675404535705435,0.0111186128484065
"ecxwb2p3",104.993499556841,0.00860944582568827,0.00670230521656976,0.0110430960955622
"ecxwb2p3",105.838338473379,0.00854673836577883,0.00665055059497608,0.0109680170242468
"ecxwb2p3",106.689975456443,0.00848495075609359,0.00659918823484709,0.0108934442357524
"ecxwb2p3",107.548465207242,0.00842358097993854,0.00654822697874198,0.0108202424971933
"ecxwb2p3",108.413862867139,0.00836266170027205,0.00649766843480832,0.0107469569170783
"ecxwb2p3",109.2862240212,0.00830207780176952,0.00644749829345179,0.0106728544779232
"ecxwb2p3",110.165604701759,0.00824145752149761,0.00639774789499326,0.0106002812341317
"ecxwb2p3",111.052061392018,0.00818177573484887,0.00634863398597963,0.0105282441127622
"ecxwb2p3",111.945651029678,0.00812240942516483,0.00629989529755332,0.0104566927085694
"ecxwb2p3",112.846431010593,0.00806349942128351,0.0062515289909504,0.0103856237987451
"ecxwb2p3",113.754459192457,0.00800490569800865,0.00620247247451318,0.0103150341811523
"ecxwb2p3",114.66979389852,0.00794718274772051,0.00615441682857411,0.0102449042048851
"ecxwb2p3",115.592493921338,0.00788948684049679,0.0061068896039216,0.0101752227930831
"ecxwb2p3",116.522618526542,0.00783178174620716,0.00606008865313912,0.0101060117390762
"ecxwb2p3",117.460227456653,0.00777429663558007,0.0060131171874382,0.0100375534260501
"ecxwb2p3",118.405380934911,0.00771782535473849,0.00596645119104068,0.00996986520927997
"ecxwb2p3",119.358139669152,0.00766122470914826,0.00592034777206409,0.0099026301436051
"ecxwb2p3",120.318564855698,0.0076059157760303,0.00587459897368892,0.00983584523997932
"ecxwb2p3",121.286718183295,0.00755079566466874,0.00582921031493753,0.00977013135355376
"ecxwb2p3",122.262661837072,0.0074952697287319,0.00578417192093796,0.00970447253941615
"ecxwb2p3",123.246458502536,0.00744055086290664,0.00573947995706884,0.00963821872092302
"ecxwb2p3",124.238171369597,0.00738604650676253,0.00569513178258131,0.00957324958294753
"ecxwb2p3",125.237864136631,0.00733226139721825,0.00565112477648575,0.00950871534614291
"ecxwb2p3",126.245601014563,0.00727887131988483,0.00560745633740993,0.00944461314036503
"ecxwb2p3",127.261446731002,0.00722568816078301,0.00556412388345767,0.00938094011385508
"ecxwb2p3",128.28546653439,0.00717258095223226,0.00552112485206861,0.00931769343313031
"ecxwb2p3",129.317726198196,0.00712052156797107,0.00547845669987905,0.00925487028287354
"ecxwb2p3",130.358292025143,0.00706843482803507,0.00543611690258346,0.00919246786582457
"ecxwb2p3",131.407230851461,0.00701625988118655,0.0053941029547969,0.00913048340267161
"ecxwb2p3",132.464610051185,0.00696446801020632,0.00535241236991864,0.00906891345844429
"ecxwb2p3",133.530497540483,0.0069130799271611,0.00531089777740962,0.00900772970615204
"ecxwb2p3",134.604961782011,0.00686344149280218,0.00526947011829385,0.0089469560329791
"ecxwb2p3",135.688071789321,0.00681384037272427,0.00522875626692375,0.00888658972686772
"ecxwb2p3",136.779897131284,0.0067637820304625,0.00518835816266001,0.0088267946038119
"ecxwb2p3",137.880507936565,0.00671444260253868,0.00514827096573106,0.0087681949477302
"ecxwb2p3",138.989974898123,0.0066655590835926,0.00510849230210442,0.00870998178853191
"ecxwb2p3",140.108369277757,0.00661742166565816,0.00506847709179967,0.00865215261081511
"ecxwb2p3",141.235762910678,0.00656917122808477,0.00502928978870054,0.00859470491509873
"ecxwb2p3",142.372228210124,0.00652174335303673,0.00499042284796673,0.00853634568724101
"ecxwb2p3",143.517838172014,0.00647407703977969,0.0049518551575491,0.00847833893788584
"ecxwb2p3",144.672666379635,0.00642695318903417,0.00491375313024864,0.0084217692538805
"ecxwb2p3",145.836787008366,0.00638046463615874,0.00487603456411594,0.00836419404451856
"ecxwb2p3",147.010274830445,0.00633408502719181,0.00483848488399228,0.0083069916652287
"ecxwb2p3",148.193205219772,0.00628806943515227,0.00480077375424996,0.00825017797579847
"ecxwb2p3",149.385654156749,0.00624269051702464,0.00476339239612442,0.00819391634229852
"ecxwb2p3",150.587698233161,0.00619747792853522,0.00472655701817964,0.00813772360778838
"ecxwb2p3",151.799414657093,0.00615234913030333,0.00469000548468146,0.0080827570976836
"ecxwb2p3",153.020881257894,0.00610786786782486,0.00465373562390513,0.00802811486965862
"ecxwb2p3",154.252176491172,0.00606359796527621,0.00461774528050213,0.00797354762421328
"ecxwb2p3",155.493379443834,0.00601936910062159,0.00458182222116777,0.00791934899504932
"ecxwb2p3",156.744569839169,0.00597547471347993,0.00454612621224067,0.00786551652306399
"ecxwb2p3",158.005828041962,0.00593190685250475,0.00451069159502345,0.00781202324332174
"ecxwb2p3",159.277235063663,0.00588865135068739,0.00447552337115822,0.00775889728483247
"ecxwb2p3",160.558872567587,0.00584570989032536,0.00444062841786721,0.00770614931951915
"ecxwb2p3",161.850822874158,0.00580308021151553,0.00440600462611127,0.0076537578259368
"ecxwb2p3",163.1531689662,0.00576074070877198,0.00437164990290384,0.00760172042401455
"ecxwb2p3",164.465994494265,0.00571864844607199,0.00433756217119302,0.00755003474917807
"ecxwb2p3",165.789383782004,0.00567684991510486,0.00430373936974306,0.00749869845225327
"ecxwb2p3",167.123421831588,0.00563528012818068,0.00427017966836811,0.00744770919937192
"ecxwb2p3",168.468194329163,0.00559481637084232,0.00423688598149403,0.00739706467187698
"ecxwb2p3",169.823787650357,0.00555424485199756,0.00420385105029979,0.00734676256622878
"ecxwb2p3",171.190288865826,0.00551365501810685,0.00417107287665007,0.00729686712203306
"ecxwb2p3",172.567785746848,0.00547368844623272,0.00413821756042989,0.00724777824533665
"ecxwb2p3",173.956366770959,0.00543414588606804,0.00410531873061435,0.00719901782212989
"ecxwb2p3",175.356121127636,0.00539454808320832,0.0040726806082764,0.00715055868461778
"ecxwb2p3",176.76713872403,0.00535536157782605,0.00404030114075454,0.00710241500967092
"ecxwb2p3",178.189510190734,0.00531630966179228,0.00400883441293829,0.00705405027548591
"ecxwb2p3",179.623326887608,0.00527772593683144,0.00397806492184515,0.00700672216230379
"ecxwb2p3",181.068680909648,0.00523903385326865,0.00394733182052162,0.00695971000252075
"ecxwb2p3",182.5256650929,0.00520062911557971,0.00391590041968377,0.00691301170819731
"ecxwb2p3",183.994373020421,0.00516267545363738,0.00388495093643944,0.00686662520490574
"ecxwb2p3",185.474899028295,0.00512488456392303,0.00385492197186582,0.00682038445935317
"ecxwb2p3",186.967338211685,0.00508762383763893,0.00382513250917528,0.00677376022606835
"ecxwb2p3",188.471786430949,0.00505049132168268,0.00379557421275085,0.00672742079725328
"ecxwb2p3",189.988340317792,0.00501398533742539,0.00376624368938094,0.00668033460444957
"ecxwb2p3",191.517097281474,0.00497744903506397,0.00373713919367348,0.00663331938366956
"ecxwb2p3",193.058155515065,0.00494148753498678,0.00370825899345948,0.00658825829137951
"ecxwb2p3",194.611614001757,0.00490585598496492,0.00367960136969572,0.00654368863579425
"ecxwb2p3",196.177572521216,0.00487012296359164,0.00365116461636707,0.00649941908314094
"ecxwb2p3",197.756131655994,0.00483456382613638,0.00362282373548435,0.00645544763182163
"ecxwb2p3",199.347392797989,0.00479928329324995,0.00359456891085462,0.00641177229332969
"ecxwb2p3",200.951458154957,0.00476411550181419,0.00356653385324001,0.00636799135494779
"ecxwb2p3",202.568430757078,0.00472902936615685,0.00353871686255823,0.00632498588634278
"ecxwb2p3",204.198414463573,0.00469461588131632,0.00351111625173404,0.00628254402072756
"ecxwb2p3",205.841513969372,0.0046606773527816,0.00348373034660199,0.00624005990004962
"ecxwb2p3",207.497834811846,0.0046268726152392,0.00345655748580991,0.00619786178811359
"ecxwb2p3",209.167483377579,0.00459312250210202,0.00342959602072299,0.00615593663617656
"ecxwb2p3",210.850566909201,0.00455984637109451,0.0034028443153287,0.00611428327656927
"ecxwb2p3",212.547193512284,0.00452661669616962,0.00337630074614198,0.00607291052671691
"ecxwb2p3",214.257472162275,0.00449356433500755,0.0033499833540438,0.00603181651288488
"ecxwb2p3",215.981512711506,0.00446092707727213,0.00332398512154148,0.0059909993736244
"ecxwb2p3",217.71942589624,0.00442852608243707,0.00329799281766459,0.00595045725969479
"ecxwb2p3",219.471323343794,0.00439635965157147,0.00327217311834288,0.00590995661251752
"ecxwb2p3",221.237317579698,0.00436431106500819,0.00324658192046791,0.00586969278906406
"ecxwb2p3",223.017522034931,0.00433268193414575,0.00322130155937647,0.00582970206946135
"ecxwb2p3",224.812051053205,0.00430110231899843,0.00319626359215615,0.00578998261775001
"ecxwb2p3",226.621019898305,0.0042699458536957,0.00317148265105507,0.00575052817396798
"ecxwb2p3",228.444544761497,0.00423898733316236,0.00314689338472596,0.0057115997435465
"ecxwb2p3",230.28274276899,0.00420830621581713,0.00312249431763892,0.00567240114036327
"ecxwb2p3",232.13573198946,0.00417762222642551,0.00309828398551386,0.0056337491172218
"ecxwb2p3",234.003631441629,0.00414727257465551,0.00307426093523659,0.00559535935652167
"ecxwb2p3",235.886561101917,0.00411712188937172,0.00305042372477532,0.00555723009393586
"ecxwb2p3",237.784641912141,0.00408720243596931,0.00302675736701792,0.00551935957679931
"ecxwb2p3",239.697995787287,0.00405753499097517,0.00300306566413497,0.0054817460640348
"ecxwb2p3",241.626745623342,0.00402762719607623,0.00297955898519743,0.00544438782607918
"ecxwb2p3",243.571015305184,0.00399842069445863,0.00295623589180781,0.00540728314481004
"ecxwb2p3",245.530929714541,0.00396926558105921,0.00293309495664822,0.00537043031347266
"ecxwb2p3",247.506614738014,0.0039404300165584,0.00291013476339631,0.00533400447811684
"ecxwb2p3",249.498197275159,0.00391162692911902,0.00288735390664259,0.00529789396610374
"ecxwb2p3",251.505805246639,0.00388299474191219,0.00286475099180759,0.00526202697397337
"ecxwb2p3",253.529567602445,0.00385454411824288,0.00284232463505998,0.00522640187225694
"ecxwb2p3",255.56961433017,0.00382652975346897,0.00282007346323539,0.00519101704221571
"ecxwb2p3",257.626076463368,0.00379872801102289,0.00279799611375556,0.00515587087577317
"ecxwb2p3",259.699086089962,0.00377124031857836,0.00277609123454824,0.00512096177544688
"ecxwb2p3",261.788776360732,0.00374407662493302,0.00275435748396763,0.005086288154281
"ecxwb2p3",263.895281497866,0.00371705047587374,0.00273279353071529,0.00505184843577926
"ecxwb2p3",266.018736803585,0.00369010291207289,0.00271139805376188,0.00501764105383821
"ecxwb2p3",268.159278668828,0.003663298928625,0.00269016974226924,0.00498366445268083
"ecxwb2p3",270.317044582015,0.00363662649100471,0.00266912875769335,0.00494991708679086
"ecxwb2p3",272.49217313788,0.00360989564275225,0.00264835672681742,0.0049163974208468
"ecxwb2p3",274.684804046368,0.00358378542063653,0.00262777444153135,0.00488310392965731
"ecxwb2p3",276.895078141615,0.00355792206183478,0.00260735180415648,0.00485003509809604
"ecxwb2p3",279.123137390988,0.00353206048894461,0.00258708758120806,0.00481718254242925
"ecxwb2p3",281.369124904208,0.00350638409996818,0.0025669805486564,0.00478454855841768
"ecxwb2p3",283.633184942539,0.00348097762112623,0.00254702949185596,0.00475213488420574
"ecxwb2p3",285.915462928055,0.00345540886358049,0.00252723320547418,0.00471994004291072
"ecxwb2p3",288.216105452982,0.00342997869172472,0.00250759049342136,0.00468796256740917
"ecxwb2p3",290.535260289112,0.00340476463703202,0.00248810016878098,0.0046562010002746
"ecxwb2p3",292.873076397296,0.00338002799624771,0.00246876391290964,0.00462465389371485
"ecxwb2p3",295.229703937008,0.00335550515287762,0.00244958088145721,0.00459300726353847
"ecxwb2p3",297.605294275997,0.00333115978806223,0.00243054663746777,0.00456153503815288
"ecxwb2p3",300,0.00330686885386121,0.00241166003110882,0.00453027093019292
"ecxll4",0.1,0.679519233714386,0.657179188756093,0.701680489742188
"ecxll4",0.100804658307517,0.679292676313949,0.657006836098653,0.701390161132429
"ecxll4",0.101615791364953,0.67905288632259,0.65682791152671,0.701120195612099
"ecxll4",0.102433451271921,0.6788142751595,0.65662593580804,0.70085916079613
"ecxll4",0.103257690547257,0.678576224149836,0.65645265842264,0.700575865752503
"ecxll4",0.104088562132396,0.678339043769198,0.656269834627643,0.700315836475373
"ecxll4",0.10492611939477,0.678098800611822,0.656071204437479,0.700024925633603
"ecxll4",0.105770416131236,0.677854079949771,0.655842038276478,0.699737235852307
"ecxll4",0.106621506571531,0.677581591904698,0.65561740930378,0.699445801671346
"ecxll4",0.107479445381759,0.677312754892059,0.655401275440301,0.699160395127331
"ecxll4",0.108344287667897,0.67703883996482,0.655183276708888,0.698819470255558
"ecxll4",0.109216088979337,0.676780271231015,0.654962910713742,0.698518443538474
"ecxll4",0.110094905312455,0.676531124892277,0.654775007577368,0.698209136301165
"ecxll4",0.110980793114205,0.676258893343907,0.654589831839397,0.697873156343417
"ecxll4",0.111873809285747,0.675972382511657,0.654370012097565,0.697560712880932
"ecxll4",0.112774011186101,0.675704609289483,0.654147957099969,0.697235216896826
"ecxll4",0.113681456635831,0.675427990543155,0.653934243154151,0.696906339117711
"ecxll4",0.114596203920758,0.675142437091919,0.653713411290812,0.696545384472958
"ecxll4",0.115518311795706,0.674851355359611,0.653521113884454,0.696209052064488
"ecxll4",0.116447839488274,0.674580406771351,0.653293670908975,0.6958497404698
"ecxll4",0.11738484670264,0.674308947888007,0.653069502034474,0.695511867955709
"ecxll4",0.1183293936234,0.674017480649879,0.652818210771044,0.695150316761866
"ecxll4",0.119281540919425,0.673734159886149,0.652544329700417,0.694821469098555
"ecxll4",0.120241349747768,0.673438541124546,0.65232030741297,0.694449341118159
"ecxll4",0.121208881757585,0.673135877136653,0.652046787568151,0.694102693849816
"ecxll4",0.122184199094096,0.672848546456337,0.651824000672181,0.693736680038485
"ecxll4",0.12316736440258,0.67253764566377,0.651572253059083,0.693394116714433
"ecxll4",0.124158440832396,0.672220693777042,0.651308968664947,0.692988634349345
"ecxll4",0.125157492041038,0.671909321045111,0.651051902793739,0.692628641722433
"ecxll4",0.126164582198226,0.671618950942301,0.650798271649774,0.69232037805821
"ecxll4",0.127179775990029,0.671316749779315,0.650555614504613,0.692003066916576
"ecxll4",0.128203138623014,0.671004883172757,0.65033358078738,0.691629218624279
"ecxll4",0.129234735828443,0.67069459975623,0.650072264243736,0.691257011158877
"ecxll4",0.130274633866484,0.67037239885235,0.649804113645905,0.690854312087786
"ecxll4",0.131322899530479,0.670063717211394,0.649530601828768,0.690475463637125
"ecxll4",0.132379600151223,0.669729331962109,0.649268574570449,0.690077246676247
"ecxll4",0.133444803601298,0.669404051525,0.649003676807879,0.689717785697106
"ecxll4",0.134518578299427,0.669088514860469,0.648751426955077,0.689350872009595
"ecxll4",0.135600993214867,0.668773005691009,0.648465343520805,0.689017672008245
"ecxll4",0.136692117871847,0.668451455138971,0.648173995808016,0.688611877513236
"ecxll4",0.137792022354024,0.668108964498221,0.647852070028133,0.688274982692137
"ecxll4",0.138900777308992,0.667762031189163,0.647588594961244,0.687869330994883
"ecxll4",0.140018453952815,0.667418409646855,0.6472910951732,0.687393412612158
"ecxll4",0.141145124074603,0.667061854767458,0.646991651300114,0.686988889966024
"ecxll4",0.142280860041125,0.666720899597471,0.646689340476874,0.686565748010468
"ecxll4",0.143425734801453,0.666364464325233,0.646411467660049,0.686185621682
"ecxll4",0.144579821891651,0.666001332231708,0.64608296171013,0.685765801775191
"ecxll4",0.145743195439496,0.665613826704311,0.645762529980758,0.685289106862417
"ecxll4",0.146915930169241,0.665250146080887,0.645457427669524,0.684903769703939
"ecxll4",0.148098101406414,0.664880077928957,0.645144100426736,0.68446308215396
"ecxll4",0.149289785082657,0.664528708515904,0.644842809647834,0.684039840187671
"ecxll4",0.150491057740599,0.664157583306802,0.64448463088589,0.683571881746473
"ecxll4",0.151701996538779,0.663785110117204,0.644157830359554,0.683083811013678
"ecxll4",0.152922679256598,0.663403057686171,0.643816548028396,0.682583010984757
"ecxll4",0.154153184299315,0.663011423820129,0.643484171935798,0.682109621295526
"ecxll4",0.155393590703082,0.662618124767672,0.643153811435277,0.681726157152498
"ecxll4",0.156643978140024,0.662217816497893,0.642818179698681,0.681217488462327
"ecxll4",0.157904426923353,0.661808460582169,0.642475759343094,0.680798854289495
"ecxll4",0.15917501801253,0.661411360654588,0.642129750324235,0.680379932252669
"ecxll4",0.16045583301846,0.6609846320799,0.641795118410902,0.679903125633768
"ecxll4",0.161746954208739,0.660588779613989,0.641456056700768,0.679481076048076
"ecxll4",0.163048464512936,0.660163249906119,0.641108437550627,0.679040386864873
"ecxll4",0.164360447527919,0.659766041195353,0.640743490139649,0.678546785641465
"ecxll4",0.165682987523225,0.659359606535341,0.640367072187884,0.678066147652011
"ecxll4",0.167016169446473,0.658940907502107,0.640014009631341,0.677595626318474
"ecxll4",0.168360078928822,0.658481796609816,0.639615453652728,0.677155446070649
"ecxll4",0.169714802290465,0.658051735894106,0.639242281006681,0.676691499197066
"ecxll4",0.171080426546182,0.657609908419707,0.638805753927586,0.676237898028586
"ecxll4",0.172457039410922,0.657178304027166,0.638385149975874,0.675753440312128
"ecxll4",0.17384472930544,0.656734425128042,0.638015590078624,0.675250095833203
"ecxll4",0.175243585361978,0.656275637423319,0.637661278295926,0.674714797891903
"ecxll4",0.176653697429984,0.655816231468066,0.637215401212028,0.674210784567144
"ecxll4",0.178075156081891,0.655355908395212,0.636776383602398,0.67368415155968
"ecxll4",0.179508052618929,0.65488749508092,0.636386548646455,0.673147215001958
"ecxll4",0.180952479076989,0.654420359295547,0.635992547470193,0.672624389145893
"ecxll4",0.182408528232541,0.653956451180126,0.635583539390185,0.672130454113828
"ecxll4",0.183876293608584,0.653484103170635,0.635180098182778,0.671649711222366
"ecxll4",0.185355869480661,0.653006358150992,0.63477540479238,0.671142136837277
"ecxll4",0.186847350882908,0.652525969776653,0.634329859968987,0.670626559212558
"ecxll4",0.188350833614163,0.652057269265662,0.633934216026103,0.670086940964802
"ecxll4",0.189866414244118,0.651548849190565,0.633516766723284,0.669550425802162
"ecxll4",0.191394190119519,0.65104725718637,0.632971800683753,0.668987893918466
"ecxll4",0.192934259370421,0.650540536050911,0.632508397041535,0.668467886817675
"ecxll4",0.194486720916492,0.650026520617937,0.632061456781857,0.667905442642691
"ecxll4",0.196051674473365,0.649520401182155,0.631537036407011,0.667353868478874
"ecxll4",0.197629220559042,0.649006900068219,0.631139309181608,0.666795445585047
"ecxll4",0.199219460500352,0.648487529265751,0.630689286737696,0.666200952770654
"ecxll4",0.200822496439459,0.647962467464138,0.630236979231943,0.665607876243141
"ecxll4",0.202438431340423,0.647428519641668,0.629733250106538,0.665037905278494
"ecxll4",0.204067368995811,0.646875946368869,0.629305171490504,0.664468019864098
"ecxll4",0.205709414033368,0.646338341962195,0.628795488862293,0.663888265839049
"ecxll4",0.207364671922733,0.645781821514963,0.628315386253536,0.663290436476987
"ecxll4",0.209033248982215,0.645245649212445,0.62782190165985,0.662727249686576
"ecxll4",0.210715252385624,0.64470152578355,0.627302033451729,0.66216434099998
"ecxll4",0.212410790169151,0.644173543136424,0.626753567218976,0.661586135555313
"ecxll4",0.214119971238311,0.643621230494558,0.626209868345645,0.660982995630779
"ecxll4",0.215842905374934,0.64305580310992,0.625684527155436,0.660336192333231
"ecxll4",0.21757970324422,0.642489225269476,0.62517411621301,0.659748570301634
"ecxll4",0.219330476401846,0.641910500886056,0.624600017843596,0.659158156857505
"ecxll4",0.221095337301131,0.641327547184939,0.624001380227714,0.658571891657097
"ecxll4",0.222874399300258,0.640753620401924,0.623510914315199,0.657945450655238
"ecxll4",0.224667776669557,0.640151683423554,0.623058128038476,0.657308136999418
"ecxll4",0.226475584598843,0.639556715387577,0.62237865117773,0.656704689789474
"ecxll4",0.228297939204816,0.638948607126007,0.62179570684376,0.656096306370413
"ecxll4",0.230134957538519,0.638329582066989,0.621197738669999,0.655555310038334
"ecxll4",0.231986757592854,0.63773521861763,0.62060637757796,0.654873133795294
"ecxll4",0.233853458310165,0.637119924294929,0.619974114956459,0.654276081197767
"ecxll4",0.235735179589874,0.636480005829742,0.619364529170845,0.653648597208545
"ecxll4",0.237632042296185,0.635856617492038,0.618759404598408,0.653018272991671
"ecxll4",0.239544168265845,0.635229004862538,0.618163798166391,0.652366791464246
"ecxll4",0.241471680315969,0.634596015265635,0.617570276020403,0.651693972258021
"ecxll4",0.243414702251933,0.633946866820373,0.616929729333036,0.651033556781558
"ecxll4",0.245373358875322,0.633307950489926,0.616310542033204,0.650389147490225
"ecxll4",0.247347775991947,0.632656803913739,0.615674252500551,0.649704590387113
"ecxll4",0.249338080419926,0.632005012241026,0.614996818363447,0.649034320000298
"ecxll4",0.251344399997829,0.631349472935153,0.614326091537255,0.648360013817153
"ecxll4",0.253366863592891,0.630681896946608,0.613663951854129,0.64771727656727
"ecxll4",0.255405601109287,0.630013688124433,0.613007781614862,0.647039449482715
"ecxll4",0.257460743496478,0.629348483503936,0.612351639115159,0.64634894954438
"ecxll4",0.259532422757618,0.628652507418633,0.611617853417505,0.645706535406888
"ecxll4",0.261620771958038,0.627965790310489,0.610895081132531,0.645018990459492
"ecxll4",0.26372592523379,0.627292072042831,0.610195508940257,0.644374174166833
"ecxll4",0.265848017800261,0.626590836243149,0.609447030080656,0.643636350691
"ecxll4",0.267987185960861,0.625897884709454,0.608756501785095,0.642930803123799
"ecxll4",0.270143567115777,0.625169157838755,0.608105732401891,0.642220685781914
"ecxll4",0.272317299770797,0.624465398885123,0.607427118374934,0.641568758457475
"ecxll4",0.27450852354621,0.623736905717392,0.606677783022524,0.640858369837205
"ecxll4",0.276717379185768,0.622984414625118,0.605872724476788,0.640064256048126
"ecxll4",0.278944008565731,0.622250955674227,0.60510681385616,0.639365447536482
"ecxll4",0.281188554703977,0.621517690550191,0.604392627872587,0.638687089320724
"ecxll4",0.28345116176919,0.62079161892053,0.603613099440767,0.637931239537973
"ecxll4",0.28573197509012,0.620027923810052,0.602883635439871,0.637171260227123
"ecxll4",0.288031141164917,0.619270408015452,0.602155886148873,0.636399054859221
"ecxll4",0.290348807670537,0.618514197171722,0.601381664099853,0.635593006232445
"ecxll4",0.292685123472236,0.617738531547573,0.600562588554934,0.634828151765468
"ecxll4",0.295040238633122,0.616963382883896,0.59978889273103,0.63410604803988
"ecxll4",0.297414304423803,0.616178065816865,0.599028568356487,0.633370117065795
"ecxll4",0.299807473332094,0.615395568564673,0.598215638114341,0.632629766478784
"ecxll4",0.302219899072819,0.614592302876418,0.597364150217692,0.631839464671278
"ecxll4",0.304651736597679,0.613781065404317,0.596544307956353,0.631108943927125
"ecxll4",0.307103142105208,0.612961776774672,0.595695101358685,0.630312064817814
"ecxll4",0.309574273050804,0.612126245957684,0.594896601796456,0.629515027346194
"ecxll4",0.312065288156844,0.611298001316031,0.594074149492488,0.628701036695548
"ecxll4",0.314576347422876,0.610454263777375,0.593180438183288,0.627885322064685
"ecxll4",0.317107612135899,0.609620532976968,0.592324636878649,0.627081102800543
"ecxll4",0.31965924488072,0.608800083614642,0.591433628586093,0.626248341476487
"ecxll4",0.3222314095504,0.607970757482004,0.590630166777054,0.625374126176872
"ecxll4",0.324824271356778,0.607113777964667,0.589802749809814,0.624597712821224
"ecxll4",0.327437996841083,0.606252241266482,0.588951617191611,0.623738708514055
"ecxll4",0.330072753884633,0.605384312506317,0.588051797799956,0.622835869916819
"ecxll4",0.332728711719617,0.604539191167127,0.587151003106085,0.621990189689102
"ecxll4",0.335406040939964,0.603660579020689,0.586228904770708,0.621158432836385
"ecxll4",0.338104913512303,0.602761777450459,0.58529548211335,0.620316082399701
"ecxll4",0.340825502787004,0.601854123841635,0.584349278901194,0.619417040428189
"ecxll4",0.343567983509317,0.600961523890434,0.583431101599187,0.618517113229252
"ecxll4",0.346332531830595,0.600074937880052,0.582471531697005,0.617595952924085
"ecxll4",0.349119325319605,0.599177704432334,0.581510677539822,0.616736992371972
"ecxll4",0.351928542973938,0.598249651267966,0.580530735903061,0.615830300660381
"ecxll4",0.354760365231503,0.59731660964216,0.579561828475338,0.614912389544579
"ecxll4",0.357614973982117,0.596389410334262,0.578582952552608,0.614007658435762
"ecxll4",0.36049255257919,0.595453238196925,0.577618757198832,0.613125272104434
"ecxll4",0.3633932858515,0.594495955031711,0.576629847503408,0.612227002786233
"ecxll4",0.366317360115064,0.59356222105724,0.575679225019628,0.611348710626876
"ecxll4",0.369264963185108,0.592626368866602,0.574702671028924,0.610455055759403
"ecxll4",0.372236284388128,0.591667518988428,0.573755869769109,0.609559418310948
"ecxll4",0.375231514574051,0.590702397414989,0.57272758438525,0.608630292408577
"ecxll4",0.378250846128495,0.589696190780197,0.571703392710806,0.607693507363371
"ecxll4",0.381294472985122,0.58870275930952,0.570677687651442,0.606786392630243
"ecxll4",0.384362590638102,0.587715395217808,0.569684983268558,0.605850690016246
"ecxll4",0.38745539615466,0.586719436192862,0.568661189281547,0.60491283279423
"ecxll4",0.390573088187743,0.585706036447707,0.567612410755819,0.603923910018349
"ecxll4",0.393715866988772,0.584696497741709,0.5665789670454,0.602927614188351
"ecxll4",0.396883934420512,0.583712345054286,0.565558006309433,0.601926070347208
"ecxll4",0.400077493970028,0.58270653351559,0.564514385600327,0.600964056952975
"ecxll4",0.403296750761765,0.581682017660034,0.563441411734821,0.600020656648306
"ecxll4",0.406541911570717,0.580621914395086,0.562353360882742,0.599001646758987
"ecxll4",0.409813184835711,0.57956751727571,0.561281399872762,0.597984604180892
"ecxll4",0.413110780672793,0.578507471887448,0.560170883953292,0.597009625945076
"ecxll4",0.416434910888726,0.577435334406952,0.559040251275133,0.596024241846859
"ecxll4",0.419785788994595,0.57632844438151,0.557907763105853,0.594996837846193
"ecxll4",0.423163630219517,0.575232492675176,0.556764474222957,0.593923270980194
"ecxll4",0.426568651524471,0.574149232583528,0.555616094879067,0.592886265609881
"ecxll4",0.430001071616227,0.573058588813452,0.554474261613228,0.591781479306353
"ecxll4",0.433461110961401,0.571937770494217,0.553314675234327,0.590731728749922
"ecxll4",0.436948991800609,0.57083719202003,0.552164228188548,0.589701136238729
"ecxll4",0.440464938162746,0.569736489027345,0.551041450097476,0.588693611560152
"ecxll4",0.444009175879373,0.56862124627408,0.549845479121286,0.587610200616732
"ecxll4",0.447581932599226,0.567483187529182,0.548653602380627,0.586538961143828
"ecxll4",0.451183437802833,0.566355381234065,0.547482076937664,0.585463633849068
"ecxll4",0.454813922817255,0.565221574720236,0.546294884387518,0.58437929598818
"ecxll4",0.45847362083095,0.564077620230373,0.545111581025434,0.583270505776243
"ecxll4",0.462162766908742,0.562939240260534,0.543948227037233,0.582223687884207
"ecxll4",0.465881598006925,0.561787869554506,0.542704310283819,0.581131585745033
"ecxll4",0.469630352988483,0.560634864454662,0.541499443666927,0.580036797924462
"ecxll4",0.473409272638428,0.559456140039136,0.540351954276365,0.578922564525884
"ecxll4",0.47721859967927,0.558271341465572,0.539062607477834,0.577764512961923
"ecxll4",0.481058578786607,0.557094175669399,0.537771365961247,0.576621699043941
"ecxll4",0.484929456604839,0.555910136277724,0.536545703994821,0.575465657520941
"ecxll4",0.488831481763009,0.554695420655151,0.535232098088223,0.574333513360574
"ecxll4",0.492764904890775,0.553465967274013,0.533975476178968,0.573199560157469
"ecxll4",0.496729978634508,0.552236228006057,0.532717502151758,0.572044107007817
"ecxll4",0.50072695767352,0.5510217754278,0.531442899594941,0.570864945054652
"ecxll4",0.504756098736419,0.549785576779139,0.530152794294766,0.569702231159073
"ecxll4",0.508817660617602,0.548569947177098,0.528852074799768,0.568518808755603
"ecxll4",0.512911904193877,0.547315780814729,0.52754401234539,0.567309289501402
"ecxll4",0.517039092441219,0.546064944173466,0.526222774508036,0.566111235135044
"ecxll4",0.521199490451659,0.544808480920528,0.524897131610598,0.564835929552807
"ecxll4",0.525393365450317,0.543521737933083,0.523587924492065,0.56360738830987
"ecxll4",0.529620986812558,0.542230659649594,0.522272270294317,0.562362512336936
"ecxll4",0.5338826260813,0.540946199803339,0.52090991290972,0.561184563460171
"ecxll4",0.538178556984455,0.539648742642542,0.519584934280442,0.559957401815088
"ecxll4",0.542509055452508,0.538337452507919,0.518234317959501,0.558713609171564
"ecxll4",0.54687439963624,0.537020394910931,0.516854387617124,0.55749433630607
"ecxll4",0.551274869924599,0.535709708044046,0.515439181926211,0.556221534838805
"ecxll4",0.555710748962703,0.534400480040195,0.514054509070178,0.55491044857077
"ecxll4",0.560182321669998,0.533062823500958,0.512676563497245,0.553598054192348
"ecxll4",0.56468987525856,0.5317569798102,0.511273068595594,0.552281047627506
"ecxll4",0.569233699251537,0.5304243429337,0.509796142784637,0.550957016783781
"ecxll4",0.573814085501753,0.529086264028107,0.508405503410691,0.549624689971957
"ecxll4",0.578431328210448,0.527730533871094,0.507041561567384,0.548314092217907
"ecxll4",0.583085723946176,0.526380261179356,0.505643877798409,0.54695998515888
"ecxll4",0.587777571663857,0.525002226755276,0.504216597187154,0.545602209341767
"ecxll4",0.592507172723973,0.523628384786889,0.502804633596666,0.544278424667536
"ecxll4",0.597274830911933,0.522238777426177,0.501440826972029,0.542909793917564
"ecxll4",0.602080852457576,0.520850966052764,0.500011050530929,0.54158432626979
"ecxll4",0.606925546054847,0.519490645476422,0.498576275775169,0.540248491350729
"ecxll4",0.611809222881623,0.518098255934403,0.497126610410146,0.53890570708671
"ecxll4",0.616732196619697,0.516692437970498,0.495638174444127,0.537550334233142
"ecxll4",0.621694783474932,0.515272146191896,0.49421094634452,0.536195955980276
"ecxll4",0.626697302197565,0.513838129547368,0.492777177351599,0.53483866136845
"ecxll4",0.631740074102685,0.51241518826248,0.491286551203888,0.53346228184217
"ecxll4",0.636823423090869,0.510984794495306,0.489835586162912,0.532082761756882
"ecxll4",0.641947675668986,0.509534537903224,0.488381373436859,0.530652487729205
"ecxll4",0.647113160971171,0.508056470218661,0.486905010959921,0.52929941021288
"ecxll4",0.652320210779964,0.506616893003029,0.485442644642519,0.527898376731717
"ecxll4",0.657569159547619,0.505156247247651,0.483945549046497,0.526485796352429
"ecxll4",0.662860344417591,0.503666869731163,0.482546853856242,0.525062718829962
"ecxll4",0.668194105246186,0.502190341310377,0.481089197474491,0.52363377527718
"ecxll4",0.67357078462439,0.500712938448058,0.479568700799235,0.522137772944482
"ecxll4",0.67899072789988,0.499238265487253,0.478085955292247,0.520657980405624
"ecxll4",0.684454283199199,0.497743952798213,0.476608930612777,0.519193181053551
"ecxll4",0.68996180145012,0.49624519626233,0.475044075165195,0.517695761898807
"ecxll4",0.695513636404185,0.494727961730555,0.473476420513742,0.516274653946714
"ecxll4",0.701110144659427,0.493218709021213,0.471895193632136,0.514803137543497
"ecxll4",0.706751685683276,0.491697067997247,0.470392525711678,0.513251003282648
"ecxll4",0.712438621835646,0.490172529912996,0.468821029494793,0.511826758539055
"ecxll4",0.718171318392208,0.488653572366139,0.467255031596977,0.510369452067486
"ecxll4",0.723950143567858,0.487104235300616,0.465714868461094,0.508862571615838
"ecxll4",0.729775468540361,0.485550337199771,0.464178064568108,0.507355055703881
"ecxll4",0.735647667474195,0.484004572367496,0.46260926175804,0.505835575804961
"ecxll4",0.741567117544584,0.482442504701538,0.461072285859977,0.504285773069037
"ecxll4",0.747534198961723,0.480869554357518,0.45949098020169,0.50275531502491
"ecxll4",0.753549294995202,0.479309976951812,0.457925169630771,0.501106936895109
"ecxll4",0.759612791998619,0.477704753101384,0.456351020007645,0.49948536083827
"ecxll4",0.765725079434401,0.47612213783878,0.454781547577656,0.497887041458338
"ecxll4",0.771886549898814,0.474522704505652,0.45312317153354,0.496382262813638
"ecxll4",0.778097599147183,0.4729360686356,0.451450033159698,0.49482816941123
"ecxll4",0.784358626119314,0.471336324253051,0.449794527202539,0.493278878261908
"ecxll4",0.790670032965113,0.469738390164666,0.448194205232194,0.491676924176152
"ecxll4",0.797032225070417,0.468136477156776,0.446616092221667,0.490061759570915
"ecxll4",0.803445611083036,0.466538970738172,0.444963102337872,0.488404073099232
"ecxll4",0.809910602939,0.464918345484646,0.443334297000086,0.486777705918663
"ecxll4",0.816427615889012,0.463284209540551,0.441712559315558,0.485166684300909
"ecxll4",0.822997068525129,0.461648326543808,0.440101674135805,0.483552797851239
"ecxll4",0.829619382807641,0.460014383152928,0.438419713068593,0.481968416691215
"ecxll4",0.836294984092177,0.458365233269051,0.436733072876547,0.480350886430209
"ecxll4",0.843024301157025,0.45672596699914,0.43512041794846,0.478699076218807
"ecxll4",0.849807766230675,0.455086072253592,0.433486220364405,0.477051242650759
"ecxll4",0.856645815019578,0.453432871142532,0.431818271323466,0.475426162806221
"ecxll4",0.863538886736133,0.451789828763487,0.430121696007731,0.473749799774424
"ecxll4",0.870487424126898,0.450144075979541,0.428504873192709,0.472028284377429
"ecxll4",0.877491873501029,0.448484158926807,0.426786418602669,0.470378623703598
"ecxll4",0.884552684758945,0.446794047416687,0.425118750947841,0.468737877939777
"ecxll4",0.891670311421226,0.445098216965761,0.423431902163225,0.467040782208542
"ecxll4",0.898845210657742,0.443406986955321,0.421751375156493,0.465399963123008
"ecxll4",0.906077843317022,0.441710367568869,0.420050110067095,0.463666589981858
"ecxll4",0.913368673955847,0.440062300004109,0.418399640973365,0.461963597081576
"ecxll4",0.920718170869093,0.438361111515397,0.416753890745121,0.46022810943593
"ecxll4",0.928126806119814,0.436641576151006,0.415076662756027,0.45847639571354
"ecxll4",0.935595055569552,0.434939071687937,0.41340768027642,0.45675006885587
"ecxll4",0.943123398908914,0.433218803164446,0.41174790529677,0.455084736916954
"ecxll4",0.950712319688375,0.431504927742579,0.410028701639133,0.453407194377353
"ecxll4",0.958362305349338,0.429796595753155,0.408389709455793,0.451679342441514
"ecxll4",0.966073847255446,0.428071093888861,0.406725886255749,0.449958067556749
"ecxll4",0.97384744072414,0.426351162411109,0.405030086639775,0.448225603054074
"ecxll4",0.981683585058472,0.424644388900245,0.403272028966015,0.446509555338201
"ecxll4",0.989582783579179,0.42293063566343,0.401537798163778,0.4447710160157
"ecxll4",0.997545543657011,0.421184426975635,0.399804381602803,0.443058410764887
"ecxll4",1.00557237674532,0.419441894719931,0.398115750880436,0.441276832259421
"ecxll4",1.0136637984129,0.417678415761462,0.396393492334921,0.439512766961672
"ecxll4",1.02182032837712,0.415924886872447,0.394676884469334,0.437754477868253
"ecxll4",1.03004249053731,0.414168954415879,0.392970667883582,0.43602923447652
"ecxll4",1.03833081300838,0.412408355826666,0.391206885206991,0.434276553758022
"ecxll4",1.04668582815476,0.41065747752828,0.389508772606053,0.432520263366503
"ecxll4",1.05510807262462,0.408919125650512,0.387752704138513,0.430754920395935
"ecxll4",1.06359808738428,0.407154502175025,0.386050185064158,0.428930008249569
"ecxll4",1.07215641775301,0.405381589198794,0.384302713123328,0.427151212393249
"ecxll4",1.08078361343804,0.403606319063363,0.382540774239088,0.42536817784051
"ecxll4",1.08948022856986,0.401833980497306,0.380777415188577,0.423582646755574
"ecxll4",1.0982468217378,0.400061778170922,0.378994850483607,0.421810870534544
"ecxll4",1.10708395602596,0.398282135075782,0.377279051715127,0.420040712147655
"ecxll4",1.11599219904932,0.396493386374829,0.375504662796621,0.418262914018871
"ecxll4",1.12497212299021,0.394731762635866,0.373729142713451,0.416487448218171
"ecxll4",1.13402430463511,0.392951787692968,0.372009139483734,0.414706286609819
"ecxll4",1.14314932541162,0.391156319920812,0.370220228055649,0.412901622619778
"ecxll4",1.15234777142587,0.389382902336391,0.368513132909494,0.411011094182089
"ecxll4",1.16162023350014,0.387596368763416,0.366766513524726,0.409204202297689
"ecxll4",1.1709673072108,0.385808473823878,0.365081589114543,0.407367542748436
"ecxll4",1.18038959292659,0.384022933810501,0.363294593625132,0.405545592205945
"ecxll4",1.18988769584714,0.382217830115266,0.3615546711438,0.403765011989204
"ecxll4",1.1994622260419,0.380407119619436,0.359814456869568,0.401872541584126
"ecxll4",1.20911379848928,0.378602994771281,0.358122419333099,0.400021477823828
"ecxll4",1.21884303311616,0.37681094989812,0.356382666463255,0.398235855316583
"ecxll4",1.22865055483773,0.3750197738699,0.354588803402458,0.396442831875328
"ecxll4",1.23853699359759,0.373227835721578,0.352795204092781,0.394611191289088
"ecxll4",1.24850298440825,0.371422445775617,0.351135625653547,0.392745873398619
"ecxll4",1.25854916739189,0.369617178068171,0.349341119583327,0.390882199492578
"ecxll4",1.2686761878215,0.367829204689343,0.347666403041677,0.389082688097664
"ecxll4",1.2788846961623,0.366054800388796,0.345896119841917,0.387208659991296
"ecxll4",1.28917534811354,0.364245345585353,0.344097735500895,0.385343217933122
"ecxll4",1.2995488046506,0.362455144750962,0.34244285255242,0.383434509287573
"ecxll4",1.31000573206746,0.360644100921547,0.340678259631656,0.381603998441807
"ecxll4",1.3205468020195,0.358842875519212,0.338914383205056,0.379766387765641
"ecxll4",1.3311726915666,0.357023172238063,0.337138120572344,0.377915813908901
"ecxll4",1.3418840832167,0.355195541678631,0.335451351361808,0.376068937627023
"ecxll4",1.35268166496955,0.35339648962852,0.333703022592768,0.374220123908246
"ecxll4",1.36356613036099,0.351607290600631,0.331917948361769,0.372357563535489
"ecxll4",1.37453817850744,0.349796790278046,0.330132142807724,0.37045205490833
"ecxll4",1.38559851415079,0.347965451759713,0.328423943261558,0.368613936788009
"ecxll4",1.39674784770375,0.346162916848986,0.326718408095109,0.366771334424662
"ecxll4",1.40798689529536,0.344349725107586,0.324930303488853,0.364949577561453
"ecxll4",1.41931637881711,0.342520046816573,0.323239482966115,0.363090495102826
"ecxll4",1.43073702596922,0.340713047075305,0.321492624972269,0.361230247268287
"ecxll4",1.44224957030741,0.338913008324495,0.319748468772909,0.359337963243164
"ecxll4",1.45385475129002,0.337110733793227,0.318054714702285,0.357465340642461
"ecxll4",1.46555331432551,0.335335844592053,0.316300418121818,0.355648577698018
"ecxll4",1.47734601082033,0.333544328830887,0.314628372456766,0.353848590155298
"ecxll4",1.48923359822717,0.331751869101783,0.312808013793788,0.352040412423482
"ecxll4",1.50121684009364,0.329936408136253,0.311109756764316,0.350154421923803
"ecxll4",1.51329650611131,0.328161647364959,0.30934919341281,0.348251411456085
"ecxll4",1.5254733721651,0.326348584233645,0.307587721894598,0.346351204909472
"ecxll4",1.53774822038319,0.324541745551076,0.305821397902247,0.34450396498807
"ecxll4",1.55012183918721,0.32274463619292,0.304087661815312,0.342657028614332
"ecxll4",1.56259502334287,0.320958796679074,0.302410244037746,0.340764471142577
"ecxll4",1.57516857401105,0.319151349928963,0.300691518485692,0.338915039974334
"ecxll4",1.58784329879923,0.317376119918284,0.298946555936275,0.337076846930744
"ecxll4",1.60062001181338,0.315565794766586,0.297272293671263,0.335176600515286
"ecxll4",1.61349953371022,0.313775062805054,0.295614585604733,0.333372847704328
"ecxll4",1.62648269174997,0.311989271886818,0.293933707518024,0.331538259482105
"ecxll4",1.63957031984947,0.310228983013366,0.292194159392396,0.329724044204584
"ecxll4",1.65276325863573,0.308480813370183,0.290439828468632,0.32783122309292
"ecxll4",1.66606235549994,0.3067103925869,0.288743105615369,0.325910011994061
"ecxll4",1.67946846465188,0.304956612482589,0.286996361363467,0.32403944726031
"ecxll4",1.69298244717484,0.303174913297537,0.28527035066869,0.322188314407602
"ecxll4",1.70660517108084,0.301427588728731,0.283547857541974,0.320312856886131
"ecxll4",1.72033751136647,0.299652437189393,0.281848045981017,0.318446286555091
"ecxll4",1.73418035006901,0.297896757463447,0.280142387539921,0.316628547074019
"ecxll4",1.74813457632318,0.296140508002981,0.278450467239414,0.314759732854154
"ecxll4",1.76220108641815,0.294396815642511,0.276734545934666,0.312929558780506
"ecxll4",1.77638078385517,0.292647219872713,0.275019186984401,0.311142549944458
"ecxll4",1.7906745794056,0.290907606940718,0.273349756771379,0.30943901331919
"ecxll4",1.80508339116939,0.28915556026226,0.271663144580344,0.307595593336468
"ecxll4",1.81960814463405,0.287405155569206,0.270023768692895,0.305862014398949
"ecxll4",1.83424977273411,0.285670665070359,0.268314196664846,0.3041161182881
"ecxll4",1.84900921591104,0.283951139946768,0.266675535966421,0.302275681662396
"ecxll4",1.86388742217363,0.282232351020834,0.265033230175395,0.300574776754753
"ecxll4",1.87888534715892,0.2804881974069,0.263391358514085,0.29879846282581
"ecxll4",1.89400395419356,0.278774334795637,0.26171536658121,0.297049484369081
"ecxll4",1.90924421435568,0.27706148175334,0.260048148417028,0.2953115957093
"ecxll4",1.92460710653729,0.275340162121441,0.258390816853969,0.293540796775364
"ecxll4",1.94009361750711,0.273623904142542,0.256739364256836,0.291798820688373
"ecxll4",1.955704741974,0.271941749764331,0.25509215466394,0.290007555533217
"ecxll4",1.9714414826508,0.270245556592755,0.253398243725806,0.288329860377899
"ecxll4",1.9873048503188,0.268555489659003,0.251715363249551,0.286640037066237
"ecxll4",2.00329586389258,0.266858714255029,0.250045279983289,0.284927730223835
"ecxll4",2.01941555048554,0.265154845892235,0.248431404703547,0.28321851807148
"ecxll4",2.03566494547582,0.263469011183098,0.246845081531274,0.281512865384056
"ecxll4",2.05204509257281,0.261771116352748,0.245148069436601,0.279794861973688
"ecxll4",2.0685570438842,0.260093295777252,0.243589896354664,0.278078566966333
"ecxll4",2.08520185998355,0.258441853126041,0.241976727643035,0.276355116626964
"ecxll4",2.10198060997842,0.256790954611232,0.240354439543447,0.274628736966489
"ecxll4",2.11889437157901,0.255138051259695,0.238768027241685,0.27290605385902
"ecxll4",2.13594423116744,0.253491018025723,0.237185437122953,0.271211983826422
"ecxll4",2.15313128386747,0.251842545361285,0.235541938934749,0.269514988724481
"ecxll4",2.17045663361486,0.250204826668618,0.2339488159209,0.267802454653512
"ecxll4",2.18792139322831,0.248551171740041,0.232352990941742,0.266107269473918
"ecxll4",2.20552668448087,0.246902993507994,0.230745172606018,0.264428397746411
"ecxll4",2.22327363817206,0.245287575967831,0.22916713715576,0.262745663497753
"ecxll4",2.24116339420045,0.243656620148259,0.227578360343873,0.261063006067953
"ecxll4",2.25919710163692,0.24205997350547,0.226026456596102,0.259357722514877
"ecxll4",2.27737591879844,0.240450119922937,0.224474359389574,0.257718854822425
"ecxll4",2.29570101332245,0.238869608801849,0.222876007311448,0.256048385797084
"ecxll4",2.31417356224191,0.237234055286378,0.221306010867772,0.254444850812256
"ecxll4",2.33279475206086,0.235645047076716,0.219792224660037,0.252809523479254
"ecxll4",2.35156577883064,0.234053535439215,0.218245468095613,0.251140500201284
"ecxll4",2.37048784822674,0.232480967893484,0.216664867631068,0.249505199098568
"ecxll4",2.38956217562618,0.23091804724152,0.215122273100701,0.247816152633935
"ecxll4",2.40878998618565,0.229347766715186,0.213575229021361,0.246183039048338
"ecxll4",2.42817251492014,0.227789537611021,0.21205572834618,0.244607519426716
"ecxll4",2.4477110067823,0.226255379901712,0.210554527740079,0.24300574832848
"ecxll4",2.46740671674239,0.224698252011448,0.209055578642854,0.241411800961989
"ecxll4",2.4872609098689,0.223160779964782,0.207545200520744,0.239792934830323
"ecxll4",2.50727486140979,0.221616842335195,0.206001988357675,0.238184081714085
"ecxll4",2.52744985687442,0.22009049551839,0.20451734496768,0.236591198220532
"ecxll4",2.5477871921161,0.218560452697538,0.203001841642407,0.235012771608975
"ecxll4",2.56828817341532,0.217060389622978,0.201530996327509,0.233435133767306
"ecxll4",2.58895411756369,0.215573570681317,0.200016012405224,0.231855990504982
"ecxll4",2.60978635194848,0.214082616007656,0.198558316351315,0.230262397327847
"ecxll4",2.63078621463789,0.212565522969271,0.197067398147345,0.22865533229679
"ecxll4",2.65195505446699,0.211076123462103,0.195579007183439,0.227076630563472
"ecxll4",2.67329423112439,0.209590747005107,0.194180940398049,0.225512342534939
"ecxll4",2.69480511523952,0.208107600354948,0.1927908838537,0.223954810743019
"ecxll4",2.71648908847069,0.206600523115569,0.191350229527233,0.222430002732116
"ecxll4",2.73834754359388,0.205133846787111,0.189897690740451,0.220880076848045
"ecxll4",2.7603818845921,0.203686010293255,0.188449483293991,0.219395923993423
"ecxll4",2.78259352674567,0.202248621779197,0.187037072204904,0.217920910554652
"ecxll4",2.80498389672307,0.200815274002607,0.185601233887659,0.216445077110117
"ecxll4",2.82755443267258,0.199385232185988,0.184172008975453,0.214900401577989
"ecxll4",2.85030658431466,0.197949614288646,0.182760359023943,0.213429663962179
"ecxll4",2.87324181303506,0.196526023076283,0.181321089610672,0.211985235700533
"ecxll4",2.89636159197871,0.195093322143049,0.179948324268268,0.210554727391892
"ecxll4",2.91966740614431,0.193680519569347,0.178514894668206,0.209092913411881
"ecxll4",2.94316075247972,0.192280950098027,0.177169102099076,0.20762040871207
"ecxll4",2.96684313997814,0.190877606550598,0.175812256268257,0.206219961782731
"ecxll4",2.99071608977498,0.189479312014012,0.174461133377426,0.204799484629436
"ecxll4",3.01478113524562,0.188112306025948,0.173071780882476,0.203407245700834
"ecxll4",3.03903982210384,0.186713418982373,0.171772011681968,0.201985308286516
"ecxll4",3.06349370850116,0.185341457953922,0.170475764573405,0.200576854752981
"ecxll4",3.08814436512688,0.183997103557334,0.169111629672524,0.199174455006115
"ecxll4",3.11299337530901,0.182666778503046,0.16772468711289,0.197799733225536
"ecxll4",3.13804233511589,0.181317318613351,0.166372161127454,0.196373582401671
"ecxll4",3.16329285345882,0.179981047079573,0.165099709130582,0.194973849868385
"ecxll4",3.18874655219527,0.178660859548466,0.16377156502178,0.193600989082428
"ecxll4",3.21440506623319,0.177339022280251,0.16245669380523,0.192232529900534
"ecxll4",3.24027004363589,0.17603949715321,0.161247394384953,0.190898781558955
"ecxll4",3.266343145728,0.174748351090313,0.160029559903506,0.189538152020804
"ecxll4",3.29262604720213,0.173435664526305,0.158727067635353,0.188194030506775
"ecxll4",3.31912043622642,0.172131341780388,0.157433284523342,0.186841231271368
"ecxll4",3.34582801455302,0.170844272770019,0.156146810324516,0.185497664585574
"ecxll4",3.37275049762737,0.16954552399084,0.154867974909076,0.1841634293296
"ecxll4",3.39988961469836,0.168252058803668,0.153588435261809,0.18285491747866
"ecxll4",3.42724710892945,0.166976959682017,0.152335383411783,0.181567501498524
"ecxll4",3.4548247375106,0.165719929371047,0.151125750325015,0.18027474284805
"ecxll4",3.48262427177114,0.164461730882759,0.149921659275784,0.178976042766633
"ecxll4",3.51064749729357,0.163209914588592,0.148671275842172,0.177639844805388
"ecxll4",3.53889621402819,0.16195791316822,0.147474737728003,0.176332770936979
"ecxll4",3.56737223640878,0.160723076399124,0.146262541652278,0.175075025443215
"ecxll4",3.59607739346911,0.159480354829533,0.145106886026812,0.173851985968864
"ecxll4",3.62501352896042,0.158253825403364,0.143907016006193,0.172589366446034
"ecxll4",3.65418250146983,0.157048217664499,0.142731847762853,0.171372113037266
"ecxll4",3.68358618453975,0.155834309159314,0.141536507807942,0.170128623230234
"ecxll4",3.71322646678821,0.154629991034561,0.140401615125354,0.168917060687495
"ecxll4",3.74310525203015,0.153430200071366,0.139227106524664,0.167665402640715
"ecxll4",3.77322445939973,0.152238387617133,0.138074862002155,0.166415154236301
"ecxll4",3.80358602347357,0.151077024468114,0.136952477487662,0.165236165742174
"ecxll4",3.83419189439502,0.149913868705405,0.135828724764443,0.16402290186065
"ecxll4",3.86504403799943,0.148732537460408,0.134711083044487,0.162816161023014
"ecxll4",3.89614443594039,0.147564518598097,0.133593710510654,0.161608336102449
"ecxll4",3.92749508581706,0.146415567060209,0.132458182833748,0.160406577354293
"ecxll4",3.95909800130243,0.145275471991566,0.131386752112812,0.159250739082661
"ecxll4",3.99095521227266,0.144133756877039,0.130236188478166,0.158101589905047
"ecxll4",4.02306876493751,0.143010756581479,0.129147567606628,0.15689570261947
"ecxll4",4.05544072197172,0.141909003633692,0.128037443227203,0.155737884834082
"ecxll4",4.0880731626475,0.140791531052277,0.126993690583326,0.15456719837651
"ecxll4",4.12096818296813,0.139690010695977,0.12592557076212,0.153416616563043
"ecxll4",4.15412789580253,0.13857356295501,0.124886222415461,0.152251607423645
"ecxll4",4.187554431021,0.137465840353912,0.123877098781344,0.151099269178769
"ecxll4",4.22124993563203,0.136379726989771,0.122882113433077,0.149972305890112
"ecxll4",4.25521657392016,0.13531211620689,0.121801573166752,0.148845364890506
"ecxll4",4.28945652758506,0.134248952381558,0.120746636958863,0.147745157212287
"ecxll4",4.32397199588162,0.133175637341259,0.119730237420079,0.146673530759731
"ecxll4",4.35876519576121,0.132124488431688,0.118738897039087,0.145601200061404
"ecxll4",4.39383836201408,0.131068265590248,0.117741353922301,0.144533596531096
"ecxll4",4.42919374741291,0.130018608418041,0.116728679013008,0.143441440002477
"ecxll4",4.46483362285751,0.128982528219413,0.115718592836723,0.142355341041499
"ecxll4",4.50076027752066,0.127959773153375,0.11469408968571,0.141288426658629
"ecxll4",4.53697601899517,0.126923675759669,0.113714253222557,0.140236100329634
"ecxll4",4.57348317344208,0.125896101519987,0.112729397789715,0.13920186680614
"ecxll4",4.61028408574009,0.124893108008414,0.111747205446452,0.138151270886167
"ecxll4",4.64738111963615,0.123897832528956,0.110771637397124,0.137138893605898
"ecxll4",4.6847766578973,0.122897339410877,0.109816920207783,0.1360414400108
"ecxll4",4.7224731024637,0.121901422342026,0.108836476817123,0.135028783201179
"ecxll4",4.76047287460295,0.120927484998643,0.107852278225967,0.134022518826922
"ecxll4",4.79877841506555,0.119956193051905,0.106931551153778,0.132984050767411
"ecxll4",4.83739218424173,0.118984909756379,0.106002998552243,0.131969453499671
"ecxll4",4.87631666231942,0.118040722127798,0.105109236586202,0.130971026365275
"ecxll4",4.91555434944363,0.117093445181539,0.104208782911495,0.129947848380851
"ecxll4",4.95510776587696,0.116143591695361,0.103288517486991,0.128968418607178
"ecxll4",4.99497945216153,0.11520064406125,0.102390457087319,0.127994119496754
"ecxll4",5.03517196928213,0.114253608322,0.101471323932964,0.127013235444628
"ecxll4",5.07568789883074,0.113319514302797,0.10058641301414,0.126049115462407
"ecxll4",5.11652984317234,0.112407055324719,0.0996859101567377,0.125087987595672
"ecxll4",5.15770042561203,0.111499757230272,0.0987666504912488,0.12411796298467
"ecxll4",5.19920229056357,0.11059164239845,0.0978649044725591,0.123165907403321
"ecxll4",5.24103810371923,0.109690320677026,0.0970089986584873,0.122197382525195
"ecxll4",5.28321055222095,0.108795532045397,0.096164511578982,0.121258171187288
"ecxll4",5.32572234483303,0.107907659553416,0.0953160787108827,0.12035411681415
"ecxll4",5.36857621211604,0.107021882735021,0.0944727041118181,0.119433944743409
"ecxll4",5.41177490660223,0.106152983430646,0.0936375957589236,0.118519934038832
"ecxll4",5.45532120297235,0.105289042413295,0.0928318474836543,0.117618946114621
"ecxll4",5.49921789823382,0.104432449639234,0.0920330194688029,0.116741623865629
"ecxll4",5.54346781190044,0.103569545438697,0.0912065841926034,0.11585600960267
"ecxll4",5.58807378617345,0.102731623767188,0.09037402248428,0.114954641137713
"ecxll4",5.63303868612409,0.101895132492074,0.0895617610235704,0.114079424401818
"ecxll4",5.67836539987766,0.101060280755666,0.0887583934572084,0.11320922818047
"ecxll4",5.72405683879896,0.100230347990249,0.0879797112802765,0.112344423164803
"ecxll4",5.77011593767938,0.099411248382628,0.0871987602027651,0.111498353344846
"ecxll4",5.8165456549253,0.0985895547497595,0.0864199505084771,0.110667696513471
"ecxll4",5.86334897274819,0.0977800721268454,0.0856495486559937,0.109829456933017
"ecxll4",5.91052889735614,0.0969763338899866,0.0848813341782806,0.108986763232044
"ecxll4",5.95808845914694,0.096162893030631,0.0841159306976199,0.108150013037249
"ecxll4",6.00603071290269,0.0953807080380004,0.0833642965585671,0.107321050735346
"ecxll4",6.05435873798611,0.0945927108683001,0.0826158836555067,0.106501701719089
"ecxll4",6.10307563853822,0.0938067976486401,0.0818741533808097,0.105685340873713
"ecxll4",6.15218454367778,0.0930388817034159,0.0811481454811353,0.104879542108793
"ecxll4",6.20168860770229,0.0922758254166663,0.0804219839802327,0.104092031388296
"ecxll4",6.25159101029052,0.0915098933977844,0.0797353154106416,0.103284479853628
"ecxll4",6.30189495670683,0.0907605881201045,0.0790447872820018,0.102485701347944
"ecxll4",6.35260367800699,0.090006199540891,0.07834296904427,0.101692215179783
"ecxll4",6.40372043124573,0.0892589002579621,0.0776487633349327,0.100913315696166
"ecxll4",6.45524849968593,0.0885273070855826,0.0769692750542264,0.100126215840641
"ecxll4",6.50719119300954,0.0877980496160251,0.0762742130475851,0.0993441481774758
"ecxll4",6.55955184753014,0.0870759368006678,0.0755967207692473,0.0985785037792891
"ecxll4",6.61233382640719,0.0863592985441538,0.0749253448863592,0.0977970249944523
"ecxll4",6.66554051986216,0.0856463953053967,0.0742719792025093,0.0970423672702552
"ecxll4",6.71917534539617,0.0849425901258922,0.0736116174435127,0.0963035445411096
"ecxll4",6.77324174800955,0.0842425064993778,0.072968651194455,0.0955705623025233
"ecxll4",6.82774320042315,0.0835393203913052,0.0723284674323908,0.0948252212550111
"ecxll4",6.88268320330131,0.082855952621908,0.0717254029260257,0.0941060073300402
"ecxll4",6.93806528547677,0.0821811182258965,0.0711063307704779,0.0933792253919138
"ecxll4",6.99389300417734,0.0815026829334397,0.0704939059866492,0.0926411695993095
"ecxll4",7.05016994525433,0.0808339206976414,0.0698427779403977,0.0919191118993336
"ecxll4",7.1068997234129,0.0801635117010539,0.069204020365607,0.0912185272315988
"ecxll4",7.16408598244428,0.0794996983267274,0.0685751026544946,0.0904923451455569
"ecxll4",7.2217323954597,0.0788444594229017,0.0679492151007332,0.0898032460929688
"ecxll4",7.27984266512644,0.0781936831580332,0.0673362846426253,0.0891095366441656
"ecxll4",7.33842052390557,0.0775454935460903,0.0667489222479774,0.0884214992981491
"ecxll4",7.39746973429174,0.076903255457767,0.0661753454266604,0.0877404904337597
"ecxll4",7.4569940890548,0.0762743696037862,0.0656078243148112,0.0870651116909741
"ecxll4",7.51699741148346,0.0756470885255345,0.0650246177643998,0.0863943869422199
"ecxll4",7.57748355563082,0.0750195060422253,0.0644519296808708,0.0857284990116896
"ecxll4",7.63845640656197,0.0744019615207708,0.0638654497430576,0.0850674796496278
"ecxll4",7.69991988060346,0.0737914062040434,0.0632971450124574,0.0844074598502945
"ecxll4",7.76187792559492,0.0731835912711844,0.0627451073327706,0.0837388147130551
"ecxll4",7.82433452114258,0.0725800136732624,0.0621953577707279,0.0831014112529332
"ecxll4",7.88729367887489,0.0719728700111175,0.0616333049554327,0.0824642166342964
"ecxll4",7.95075944270026,0.0713776974122588,0.0610728290481233,0.0818236245921989
"ecxll4",8.01473588906667,0.0707897857342237,0.0605172776546432,0.0811722116135712
"ecxll4",8.07922712722361,0.0702078564009197,0.0599841956826103,0.0805399528246534
"ecxll4",8.14423729948602,0.0696339947119572,0.0594858090499851,0.0798912328604742
"ecxll4",8.20977058150026,0.0690530811877144,0.0589651811925557,0.0792724592369361
"ecxll4",8.27583118251241,0.0684805802275344,0.0584488311029097,0.0786486490343657
"ecxll4",8.34242334563861,0.0679215269400012,0.0579203023723383,0.0780350813690457
"ecxll4",8.40955134813756,0.0673630465574149,0.0573907148257313,0.0774085415938639
"ecxll4",8.47721950168529,0.0668097064022177,0.0568792150388596,0.0767881757076529
"ecxll4",8.54543215265208,0.0662652715494578,0.0563959796707193,0.0761951777983095
"ecxll4",8.61419368238166,0.0657283578708054,0.0559248875075477,0.0756178488319174
"ecxll4",8.68350850747257,0.0651885585442489,0.0554539853488063,0.0750287060714271
"ecxll4",8.75338108006193,0.0646530087077045,0.0549717803705165,0.0744435706671786
"ecxll4",8.8238158881113,0.064123049207193,0.0544934555148048,0.0738682343350818
"ecxll4",8.89481745569502,0.0636035575583216,0.0540143749628823,0.0733023586417075
"ecxll4",8.96639034329078,0.0630845475974776,0.0535291652664251,0.0727539051078704
"ecxll4",9.03853914807251,0.0625653912153833,0.0530492891385264,0.0722116791359644
"ecxll4",9.11126850420567,0.0620511870657728,0.0525960070530771,0.0716593109259076
"ecxll4",9.18458308314498,0.0615427524374139,0.0521484429612509,0.0711028248215005
"ecxll4",9.25848759393434,0.0610349164910396,0.051689439174751,0.0705504820727979
"ecxll4",9.33298678350939,0.0605397995896839,0.0512373262583886,0.0700187816655296
"ecxll4",9.4080854370024,0.0600454466050693,0.050807284202563,0.069481273899012
"ecxll4",9.48378837804958,0.0595605279489905,0.0503568227891538,0.068947974565973
"ecxll4",9.56010046910091,0.0590771535798637,0.0499173811423983,0.0684066138119093
"ecxll4",9.63702661173254,0.0585885490179208,0.0494896436278204,0.0678778037865187
"ecxll4",9.71457174696151,0.0581119515410792,0.0490660343280028,0.0673524730031866
"ecxll4",9.79274085556316,0.0576374151068079,0.0486409713346043,0.0668114659612739
"ecxll4",9.8715389583911,0.057172477926839,0.0482099085159192,0.0663046764714446
"ecxll4",9.95097111669961,0.0567066182291534,0.0477987132087107,0.0658037047600383
"ecxll4",10.0310424324688,0.0562504794765774,0.0473933227913184,0.0652960195161629
"ecxll4",10.1117580487322,0.055793300428432,0.0469922296376823,0.0647920901863501
"ecxll4",10.1931231499074,0.0553375468240616,0.0465949940258817,0.0642931142666161
"ecxll4",10.2751429621286,0.054886021641598,0.0461841480417879,0.0638096878459036
"ecxll4",10.3578227535827,0.0544375270700371,0.0457920196428784,0.0633173176755304
"ecxll4",10.4411678348473,0.0539989255148552,0.0454264239905428,0.062827018167641
"ecxll4",10.5251835592322,0.0535595979424789,0.0450285998805414,0.0623418797002089
"ecxll4",10.609875323123,0.0531212201117955,0.044639153616906,0.0618584170077144
"ecxll4",10.6952485663278,0.0526923792866843,0.0442630000722395,0.0613797451746565
"ecxll4",10.7813087724264,0.0522745969646476,0.0438810187780431,0.060925945796044
"ecxll4",10.8680614691228,0.0518509548288291,0.0435343117948397,0.060455850907535
"ecxll4",10.9555122286002,0.0514314796125012,0.0431603212006765,0.0600097333424548
"ecxll4",11.0436666678787,0.051014806714377,0.0427882078438024,0.0595672114190079
"ecxll4",11.1325304491763,0.0506058350512173,0.0424242168390995,0.0591103197195008
"ecxll4",11.2221092802725,0.0501948888908906,0.0420795430500463,0.0586473734737193
"ecxll4",11.3124089148749,0.0497959574376628,0.0417252204713814,0.0582207355350673
"ecxll4",11.4034351529888,0.049392759123796,0.0413816198998076,0.0577684663712309
"ecxll4",11.4951938412897,0.0489987651836136,0.0410498734829281,0.057339804678741
"ecxll4",11.5876908734988,0.0486081080164746,0.040717784140621,0.05689928592338
"ecxll4",11.6809321907619,0.0482188927677082,0.0403748380524002,0.056460855993708
"ecxll4",11.7749237820303,0.0478331618178182,0.0400297307105274,0.0560411779675475
"ecxll4",11.8696716844462,0.0474548712903402,0.0397111662299567,0.0556403509076592
"ecxll4",11.9651819837302,0.0470757757457389,0.0393874266180147,0.0552313981685467
"ecxll4",12.0614608145718,0.0466984077337616,0.0390668644626021,0.0547931072477233
"ecxll4",12.1585143610242,0.0463267592867029,0.0387416852570171,0.0543817778385052
"ecxll4",12.2563488569009,0.0459555731169738,0.0384092571380606,0.0539438445492401
"ecxll4",12.3549705861763,0.0455944799664094,0.038100274232399,0.0535366698571334
"ecxll4",12.4543858833893,0.0452363309140081,0.0377781360134846,0.0531369187303542
"ecxll4",12.5546011340502,0.0448813091749467,0.0374740231474723,0.0527445996604338
"ecxll4",12.655622775051,0.0445255700716128,0.0371651491899238,0.0523541058541989
"ecxll4",12.7574572950785,0.0441715932005307,0.0368444099494236,0.0519611393283981
"ecxll4",12.8601112350314,0.043828214950749,0.0365444619848584,0.0515666470612672
"ecxll4",12.96359118844,0.0434842445307841,0.0362481235180865,0.05116725461264
"ecxll4",13.0679038018904,0.0431427126482756,0.0359570570483224,0.0507920359395041
"ecxll4",13.1730557754507,0.0428071907501078,0.0356656180898712,0.0504198679084217
"ecxll4",13.2790538631017,0.0424692725015681,0.0353751037003487,0.050040719762592
"ecxll4",13.3859048731709,0.0421354871626773,0.0350898162395176,0.0496745113087863
"ecxll4",13.4936156687692,0.0418059919438008,0.0348101005593243,0.0493167265046819
"ecxll4",13.6021931682324,0.0414816788393569,0.0345375346226331,0.0489558794105283
"ecxll4",13.7116443455652,0.0411564054691821,0.0342661522801345,0.0485933936240094
"ecxll4",13.821976230889,0.0408434607746535,0.0339880343365364,0.0482274823542338
"ecxll4",13.9331959108939,0.0405268693057728,0.0337128856865783,0.0478707968062601
"ecxll4",14.0453105292936,0.0402168794934092,0.0334403977827271,0.0475241766874657
"ecxll4",14.1583272872842,0.0399050256470621,0.0331708247504198,0.0471710779803316
"ecxll4",14.2722534440068,0.0395969805483163,0.0329054368121493,0.0468277833231427
"ecxll4",14.3870963170139,0.0392924963835873,0.0326445976069922,0.0464906714697682
"ecxll4",14.5028632827393,0.0389913266909636,0.0323867112078997,0.0461505665652758
"ecxll4",14.6195617769718,0.038696701712185,0.032127769649775,0.0458132539709969
"ecxll4",14.7371992953328,0.038400664495086,0.0318718343391508,0.0454911037212734
"ecxll4",14.8557833937581,0.0381053998712833,0.0316343054934949,0.045146915649405
"ecxll4",14.9753216889827,0.0378124231214545,0.0313922034419274,0.0448179670790227
"ecxll4",15.0958218590306,0.0375273643337794,0.0311434387272067,0.0444901109476915
"ecxll4",15.2172916437073,0.0372435617636524,0.0309141162998051,0.0441659849033432
"ecxll4",15.3397388450975,0.0369642452272585,0.030674325585671,0.0438322499145903
"ecxll4",15.4631713280661,0.0366830443084828,0.0304507680799798,0.0435255407173197
"ecxll4",15.587597020763,0.0364092999158648,0.0302093327921292,0.0432078486158512
"ecxll4",15.7130239151329,0.0361379240157151,0.0299857727623149,0.0428895765807247
"ecxll4",15.8394600674282,0.0358629869199385,0.0297759862161962,0.042569608636017
"ecxll4",15.9669135987267,0.0355932767103953,0.0295601035220101,0.0422626905255768
"ecxll4",16.0953926954529,0.0353268883679875,0.0293533671798873,0.0419591491608904
"ecxll4",16.2249056099044,0.0350644246349774,0.0291225696514997,0.0416691952148597
"ecxll4",16.3554606607814,0.0347988187380009,0.0289116611502834,0.0413714980911287
"ecxll4",16.4870662337211,0.0345374662151908,0.0287050534453572,0.0410780297855151
"ecxll4",16.6197307818366,0.0342873990536584,0.0284902503032881,0.0407851775531982
"ecxll4",16.7534628262597,0.0340340656857653,0.028280600588042,0.0404850184411203
"ecxll4",16.888270956688,0.03378311848781,0.0280703931526103,0.0401900409616198
"ecxll4",17.0241638319371,0.0335296940957363,0.0278656918662109,0.0398814734734415
"ecxll4",17.1611501804961,0.0332815721822839,0.0276552489508218,0.039595981216912
"ecxll4",17.299238801089,0.0330374608944371,0.0274476905416653,0.039313550465521
"ecxll4",17.4384385632392,0.0327941115009193,0.02724830797376,0.0390440436023617
"ecxll4",17.5787584078396,0.0325495870234204,0.0270447950533141,0.0387780013938014
"ecxll4",17.7202073477267,0.0323168108373731,0.0268420179380346,0.0385094855220907
"ecxll4",17.8627944682595,0.0320912765206271,0.0266488893582743,0.0382325184183955
"ecxll4",18.0065289279031,0.0318629759287024,0.0264532071363044,0.0379524287273318
"ecxll4",18.151419958817,0.0316388276482575,0.0262590188320791,0.0376866921636445
"ecxll4",18.297476867448,0.0314131439525139,0.0260572328672346,0.0374176664112816
"ecxll4",18.444709035128,0.0311892328089255,0.0258626096432299,0.0371636286763412
"ecxll4",18.5931259186765,0.0309640894386605,0.0256764571346466,0.0369154431293062
"ecxll4",18.7427370510083,0.0307453393810432,0.0254980484306693,0.0366692641280749
"ecxll4",18.8935520417454,0.0305249699515788,0.0253329304787781,0.0364114180464931
"ecxll4",19.0455805778344,0.030310832731713,0.0251519851624572,0.0361541782945043
"ecxll4",19.1988324241689,0.0300945140382014,0.0249700441230904,0.0358926214660481
"ecxll4",19.3533174242163,0.0298815853268992,0.0247913944424675,0.0356479836914179
"ecxll4",19.5090455006505,0.0296736679550317,0.0246190755304288,0.0354061030045957
"ecxll4",19.6660266559888,0.029467472952759,0.0244433864870255,0.0351763214141072
"ecxll4",19.8242709732348,0.0292597030939315,0.0242686285870731,0.0349343770340706
"ecxll4",19.9837886165257,0.029057927877545,0.0240934063950813,0.0346969202299592
"ecxll4",20.1445898317852,0.02885045117984,0.0239231771851286,0.0344569596882821
"ecxll4",20.306684947382,0.0286516996111774,0.0237593275181124,0.034238338006584
"ecxll4",20.4700843747925,0.0284497258765472,0.0235978683158664,0.0340055394610609
"ecxll4",20.6347986092701,0.028249663055001,0.0234409969716709,0.0337823211506251
"ecxll4",20.800838230519,0.0280504133871821,0.0232821271950917,0.0335427009219777
"ecxll4",20.9682139033741,0.0278593057540905,0.0231344419582282,0.033319952749577
"ecxll4",21.1369363784857,0.0276724911852044,0.0229772124461396,0.0330948501142031
"ecxll4",21.3070164930098,0.0274835837923793,0.0228252120273542,0.0328719645483813
"ecxll4",21.4784651713049,0.0273008959920492,0.0226608097616244,0.0326512183176674
"ecxll4",21.651293425633,0.0271148621492107,0.0225069482552423,0.0324430343060124
"ecxll4",21.8255123568674,0.0269317609746523,0.0223565236536186,0.032238648623948
"ecxll4",22.0011331552051,0.0267518734632407,0.0222010761658669,0.03202647317503
"ecxll4",22.1781671008864,0.0265719936631613,0.0220571393418139,0.0318355702776433
"ecxll4",22.3566255649188,0.026388975899005,0.0219147610845245,0.0316277393542934
"ecxll4",22.5365200098075,0.0262085021592191,0.0217763129986011,0.0314084781048482
"ecxll4",22.7178619902917,0.0260383414515522,0.0216346474566937,0.0312091188104551
"ecxll4",22.9006631540869,0.0258646162201514,0.0214904429583417,0.0310087950660174
"ecxll4",23.0849352426328,0.025691791881666,0.0213511464278667,0.030801244387164
"ecxll4",23.2706900918477,0.0255138177485019,0.0211983093304999,0.030599050824805
"ecxll4",23.4579396328883,0.0253474336758464,0.0210488578527858,0.0304065814206148
"ecxll4",23.6466958929168,0.025180159681525,0.0209126050536456,0.0301957541210555
"ecxll4",23.8369709958725,0.0250145760873117,0.0207802244298394,0.0300083006293947
"ecxll4",24.0287771632513,0.0248491946846419,0.0206506628395493,0.0298227986395877
"ecxll4",24.2221267148902,0.0246888790556381,0.0205162050516009,0.0296282786794105
"ecxll4",24.417032069759,0.0245305573626868,0.0203780684537958,0.0294558793352178
"ecxll4",24.6135057467575,0.024374138061482,0.0202493428973843,0.0292659294693362
"ecxll4",24.81156036552,0.0242205994143556,0.0201107940539167,0.0290793767994541
"ecxll4",25.0112086472259,0.0240663399725325,0.0199896142639197,0.0288978826015
"ecxll4",25.2124634154163,0.0239094119283092,0.0198605886492643,0.0287302003415974
"ecxll4",25.4153375968182,0.0237591096192002,0.019756108195138,0.0285539328844279
"ecxll4",25.6198442221746,0.0236101202855823,0.0196199886134658,0.0283740718129154
"ecxll4",25.8259964270813,0.0234605808539381,0.0194959003030435,0.0282192603109024
"ecxll4",26.033807452831,0.0233145465843848,0.0193730332868324,0.0280286574527743
"ecxll4",26.2432906472632,0.0231645305989575,0.0192466484583382,0.0278593553030806
"ecxll4",26.4544594656224,0.0230196701564055,0.0191198526105252,0.0277044051731029
"ecxll4",26.6673274714213,0.022874305801685,0.0190086223583752,0.0275276771123282
"ecxll4",26.8819083373129,0.0227374310513598,0.018892131631214,0.0273558094867094
"ecxll4",27.0982158459683,0.0225969902318289,0.0187679051433639,0.0271893845819706
"ecxll4",27.3162638909619,0.0224597135206008,0.0186526355212853,0.0270235892105461
"ecxll4",27.5360664776639,0.0223213499708551,0.0185425903105691,0.0268616139862654
"ecxll4",27.7576377241399,0.0221828330979032,0.0184309669018619,0.0267001805067638
"ecxll4",27.9809918620578,0.0220512887025681,0.0183046816670374,0.0265456448024043
"ecxll4",28.2061432376016,0.0219177029996801,0.0181987984769485,0.0263856443546521
"ecxll4",28.4331063123932,0.0217866424871165,0.0180801636793743,0.0262308832030403
"ecxll4",28.6618956644211,0.0216545305865025,0.0179710896996769,0.0260774914880557
"ecxll4",28.8925259889768,0.0215270194585307,0.0178591290394535,0.0259259325828031
"ecxll4",29.1250120995988,0.0213967039808635,0.0177572682263975,0.0257753697361137
"ecxll4",29.3593689290236,0.0212705569108067,0.0176537724786642,0.0256255552135081
"ecxll4",29.5956115301457,0.0211453977718354,0.0175481338079759,0.0254775444972501
"ecxll4",29.8337550769836,0.0210199757376142,0.0174424825298253,0.0253287103986837
"ecxll4",30.0738148656549,0.0208961076279081,0.0173382132526695,0.0251844804871686
"ecxll4",30.3158063153588,0.0207698321352428,0.0172405103722892,0.0250440399166241
"ecxll4",30.5597449693662,0.0206497876246804,0.0171363897667562,0.0249022366396038
"ecxll4",30.8056464960183,0.0205392075305399,0.0170322190364759,0.024765790050222
"ecxll4",31.0535266897329,0.0204201266059995,0.01693170617594,0.024639072876866
"ecxll4",31.303401472019,0.0203056274417219,0.0168328415950951,0.0245022530396536
"ecxll4",31.5552868924991,0.0201880763555788,0.0167322000727487,0.0243853115708116
"ecxll4",31.8091991299405,0.0200723076280572,0.0166326836223023,0.0242527761182384
"ecxll4",32.0651544932943,0.0199541400286599,0.0165352025664965,0.0241140692472946
"ecxll4",32.3231694227429,0.0198417847533239,0.0164373158153013,0.0239781587190596
"ecxll4",32.5832604907559,0.0197282499547654,0.0163426006234811,0.0238426936582433
"ecxll4",32.8454444031548,0.019619040897586,0.0162491357228101,0.023706179832325
"ecxll4",33.1097380001858,0.0195127376153123,0.0161591308277519,0.0235703274542838
"ecxll4",33.3761582576015,0.0194065742258537,0.0160703717566254,0.0234463008062027
"ecxll4",33.6447222877514,0.0193051465057278,0.0159763348959723,0.0233314719578656
"ecxll4",33.915447340681,0.0191965882268298,0.015885349173757,0.0232049304113845
"ecxll4",34.1883508052395,0.0190890123004281,0.0157941342383774,0.0230919690776713
"ecxll4",34.463450210197,0.0189854519351204,0.0157054835156389,0.0229703985155645
"ecxll4",34.7407632253705,0.0188768852629945,0.0156107212169221,0.0228495320404021
"ecxll4",35.0203076627583,0.0187750236437959,0.0155215253878083,0.0227176023438987
"ecxll4",35.3021014776849,0.0186715508930952,0.0154372870264044,0.0225964099226956
"ecxll4",35.5861627699533,0.0185698641239812,0.0153556933111739,0.0224952147466348
"ecxll4",35.8725097850083,0.0184735079128614,0.0152679792387726,0.0223817410931958
"ecxll4",36.1611609151084,0.0183781693043201,0.0151875577926839,0.0222787891520994
"ecxll4",36.4521347005065,0.0182785129964639,0.0151052873568961,0.022157774430616
"ecxll4",36.7454498306416,0.0181910197401198,0.0150082541660631,0.0220683618054278
"ecxll4",37.0411251453384,0.0180949977783791,0.0149190778146016,0.0219571045800763
"ecxll4",37.3391796360183,0.0179988003025598,0.0148301866483095,0.0218394099418862
"ecxll4",37.6396324469184,0.0179071691794687,0.0147532254760038,0.0217134069428463
"ecxll4",37.9425028763215,0.0178147383707795,0.0146806396547074,0.021594353093071
"ecxll4",38.2478103777958,0.0177265170040937,0.0146028612623291,0.0214883360182064
"ecxll4",38.5555745614443,0.0176357766981368,0.0145235347311525,0.02138834288773
"ecxll4",38.8658151951639,0.017545141812026,0.0144543735682927,0.0212819230038421
"ecxll4",39.1785522059162,0.0174559908080497,0.0143768175197398,0.021181874255611
"ecxll4",39.4938056810061,0.0173665739391274,0.0142923869837993,0.0210736533219383
"ecxll4",39.8115958693731,0.0172815217099951,0.014216716828681,0.0209719104753229
"ecxll4",40.1319431828912,0.0171945065777239,0.0141441337834554,0.0208659060210834
"ecxll4",40.4548681976805,0.0171068316722235,0.0140711468742307,0.0207583112574999
"ecxll4",40.7803916554284,0.0170231350022233,0.0139979004320604,0.0206628773995059
"ecxll4",41.1085344647219,0.0169372310984887,0.0139304992163258,0.0205681562348408
"ecxll4",41.4393177023909,0.0168541086849988,0.013854522151133,0.0204751399254949
"ecxll4",41.7727626148617,0.0167738702334427,0.0137794790120703,0.0203734315435416
"ecxll4",42.1088906195217,0.0166954283360148,0.0137051558296973,0.0202795423249055
"ecxll4",42.4477233060951,0.01661831380514,0.0136336586090477,0.0201866381105237
"ecxll4",42.7892824380295,0.0165360714905975,0.0135680021769246,0.0201028882326107
"ecxll4",43.1335899538942,0.0164585600629125,0.0134956149307701,0.0200161322900177
"ecxll4",43.4806679687887,0.0163840439055844,0.0134332221445412,0.0199344881361388
"ecxll4",43.8305387757636,0.0163079340491422,0.013366808542244,0.0198548017545104
"ecxll4",44.1832248472524,0.016229263481012,0.0132971021688353,0.0197678519450824
"ecxll4",44.5387488365149,0.0161529293645045,0.0132203606136732,0.0196907341021538
"ecxll4",44.8971335790922,0.016076034757759,0.013157660043852,0.0196193313437574
"ecxll4",45.2584020942735,0.0160033511144453,0.0130899635969181,0.0195368808809408
"ecxll4",45.6225775865747,0.015928492206509,0.0130261640461358,0.0194466315048856
"ecxll4",45.9896834472286,0.0158572045336874,0.0129564560091151,0.0193704803450645
"ecxll4",46.3597432556877,0.0157863189390842,0.0128932505181693,0.0192851217326114
"ecxll4",46.7327807811383,0.0157158833656334,0.0128305720591891,0.019201573736523
"ecxll4",47.1088199840276,0.0156469643513136,0.0127681915909085,0.019127798407862
"ecxll4",47.4878850176025,0.0155801402288743,0.0127059387075415,0.0190601161400246
"ecxll4",47.8700002294609,0.0155139555005717,0.0126471611726709,0.0189866390453174
"ecxll4",48.2551901631159,0.0154458394364997,0.0125811170808456,0.0189067250395804
"ecxll4",48.6434795595717,0.0153743028768491,0.0125138021184586,0.0188364589662186
"ecxll4",49.0348933589133,0.0153055279676181,0.012450097666774,0.0187749880595256
"ecxll4",49.4294567019081,0.0152371186050671,0.0123900423277073,0.0187013902867739
"ecxll4",49.8271949316206,0.0151703394259348,0.0123299293926367,0.0186258845157551
"ecxll4",50.2281335950408,0.0151063058624541,0.012276712216827,0.0185610801271351
"ecxll4",50.6322984447242,0.0150421252959281,0.012217849515848,0.018487896215641
"ecxll4",51.0397154404467,0.0149820754417265,0.0121525279922808,0.0184313722576215
"ecxll4",51.4504107508715,0.0149179529676454,0.0120995584656833,0.0183656347191295
"ecxll4",51.8644107552302,0.0148572930413018,0.0120442486522009,0.0182972311697694
"ecxll4",52.281742045017,0.0147948786060728,0.0119941313103909,0.0182260661959467
"ecxll4",52.7024314256971,0.0147340266715701,0.0119401529498165,0.0181615826792908
"ecxll4",53.1265059184276,0.0146708826860867,0.0118834026129597,0.0180979980558166
"ecxll4",53.5539927617939,0.0146125003556164,0.0118249358994945,0.0180383350270305
"ecxll4",53.9849194135589,0.0145511588437557,0.0117719811426773,0.0179839698648156
"ecxll4",54.4193135524267,0.0144901243196855,0.0117178186416168,0.0179329858364053
"ecxll4",54.8572030798202,0.0144319284957067,0.0116667246029372,0.0178703429875952
"ecxll4",55.2986161216736,0.01437312073904,0.0116170653301624,0.0177978726989616
"ecxll4",55.7435810302388,0.0143161398035952,0.0115615790063147,0.0177414837800065
"ecxll4",56.1921263859063,0.0142610232237408,0.011510182992726,0.0176857607527752
"ecxll4",56.6442809990412,0.0142044927705911,0.0114594952250211,0.0176323593882938
"ecxll4",57.1000739118335,0.014150531715618,0.0114080483192045,0.0175753586697442
"ecxll4",57.5595344001635,0.0140971178874236,0.0113540496419259,0.0175031550710932
"ecxll4",58.0226919754827,0.0140430137210723,0.0113048531884065,0.0174439135814676
"ecxll4",58.4895763867087,0.0139881625813225,0.0112537795950108,0.0173848485419351
"ecxll4",58.9602176221361,0.0139325755210196,0.0112045884889293,0.017317632255792
"ecxll4",59.4346459113629,0.0138797331510133,0.0111589631273342,0.0172642141281406
"ecxll4",59.9128917272322,0.0138282642005663,0.0111065375763375,0.0172116806196839
"ecxll4",60.3949857877892,0.0137752416497859,0.0110604447525584,0.0171734241575161
"ecxll4",60.8809590582546,0.0137236293375928,0.0110117021085379,0.0171291606998124
"ecxll4",61.3708427530131,0.0136724193332531,0.0109660259897149,0.0170767690280328
"ecxll4",61.8646683376187,0.013621887840174,0.0109179982818568,0.0170156422274491
"ecxll4",62.3624675308154,0.0135744833108675,0.0108687765338104,0.0169556526808982
"ecxll4",62.8642723065749,0.0135268066980359,0.0108195493870974,0.0169067905345578
"ecxll4",63.37011489615,0.0134749559207607,0.0107730292794085,0.0168569087827615
"ecxll4",63.8800277901452,0.0134260936775511,0.0107283016312331,0.01680816459756
"ecxll4",64.394043740603,0.0133807427823358,0.0106827706117004,0.0167562160307589
"ecxll4",64.9121957631082,0.0133347794043162,0.0106402300632701,0.0167031375264829
"ecxll4",65.434517138908,0.0132875284410194,0.0105969710145548,0.0166558946243301
"ecxll4",65.9610414170501,0.0132393734349374,0.0105517507311919,0.0166089231440704
"ecxll4",66.4918024165373,0.0131921237211386,0.0104977321380267,0.0165655275461962
"ecxll4",67.0268342285,0.0131453522627408,0.0104495403752983,0.016512668371595
"ecxll4",67.5661712183855,0.0131032369506352,0.0103998010649672,0.0164695335622112
"ecxll4",68.1098480281657,0.0130599816020816,0.0103557262150294,0.016434335416032
"ecxll4",68.6578995785618,0.0130139203949224,0.0103196854083664,0.0163901626110619
"ecxll4",69.2103610712876,0.0129730446647757,0.0102845565155538,0.0163464624143903
"ecxll4",69.7672679913105,0.0129315224316499,0.0102451705086818,0.0163034917908025
"ecxll4",70.3286561091304,0.0128834609604349,0.0101969274997917,0.0162633878047858
"ecxll4",70.8945614830778,0.0128433655463003,0.0101571672383233,0.0162275089128205
"ecxll4",71.4650204616294,0.0128012258216095,0.0101138524796042,0.0161919153003384
"ecxll4",72.0400696857429,0.0127606432495328,0.0100701501263465,0.0161567255009402
"ecxll4",72.6197460912106,0.0127183179890856,0.0100296795686299,0.0161174260022291
"ecxll4",73.2040869110316,0.012677696181451,0.00999066426509302,0.0160754824158797
"ecxll4",73.7931296778033,0.0126372276160963,0.00995507705049892,0.0160402017937873
"ecxll4",74.3869122261328,0.0125991143588481,0.00991253943616965,0.0159977400223051
"ecxll4",74.9854726950661,0.0125614447848163,0.00987033897685756,0.0159653349652008
"ecxll4",75.5888495305381,0.0125210606263991,0.00982950864467236,0.0159175693691049
"ecxll4",76.1970814878424,0.0124832796862084,0.00978828170047736,0.0158783162838042
"ecxll4",76.8102076341201,0.0124469128394697,0.00974943576306571,0.0158386938555854
"ecxll4",77.4282673508693,0.0124090048330405,0.00970774580038719,0.015806202084441
"ecxll4",78.0513003364748,0.012371664254569,0.00966708245526369,0.0157740432827962
"ecxll4",78.6793466087576,0.0123350697565152,0.00962639139421424,0.0157363016716664
"ecxll4",79.3124465075454,0.0122986134382734,0.00958912813970964,0.0156977331142825
"ecxll4",79.9506406972636,0.01226251409154,0.00955131976700131,0.0156617645810061
"ecxll4",80.5939701695475,0.0122252525250444,0.00951508681418673,0.0156308048545064
"ecxll4",81.2424762458747,0.0121907531047067,0.00948189746882038,0.0155941635115799
"ecxll4",81.89620058022,0.0121563410265071,0.00944483341624476,0.0155603891327797
"ecxll4",82.5551851617299,0.0121207032479058,0.0094115800143825,0.0155275603882692
"ecxll4",83.2194723174201,0.012089876074828,0.0093792974054111,0.0154945426540719
"ecxll4",83.8891047148943,0.0120562788220133,0.00934606369501772,0.0154569297389045
"ecxll4",84.5641253650847,0.0120221892687409,0.00931362757157939,0.0154256534951572
"ecxll4",85.2445776250141,0.0119878086152783,0.00927407822580134,0.0153947017689112
"ecxll4",85.9305052005819,0.0119538856678018,0.00924123805783256,0.0153669933213258
"ecxll4",86.62195214937,0.0119208346923332,0.00920719238921982,0.0153358436374998
"ecxll4",87.3189628834737,0.0118883616229659,0.00917319172797245,0.0153037604771372
"ecxll4",88.0215821723536,0.0118562282669373,0.00913671228871414,0.0152722850780375
"ecxll4",88.7298551457117,0.0118234107418166,0.00910302483590222,0.0152371656369888
"ecxll4",89.4438272963896,0.0117910448241907,0.00907221058609597,0.0152022827299122
"ecxll4",90.1635444832915,0.0117634961553647,0.00904338315899598,0.0151679576948705
"ecxll4",90.8890529343285,0.0117340686649179,0.00900137102313182,0.0151338217536252
"ecxll4",91.6203992493884,0.0117019812917653,0.00897413259132624,0.0150999026064522
"ecxll4",92.3576304033292,0.0116731142299054,0.00894564973122919,0.0150667209801539
"ecxll4",93.1007937489958,0.0116457091047581,0.00891730676995021,0.0150334920480819
"ecxll4",93.8499370202616,0.0116183232288483,0.00889527683537076,0.0150090388169869
"ecxll4",94.605108335095,0.0115903021603008,0.00886587245414443,0.0149850354148662
"ecxll4",95.3663561986491,0.01155952231491,0.00884128697074868,0.0149687995171921
"ecxll4",96.1337295063782,0.0115318889859,0.00881868085635391,0.014944113008729
"ecxll4",96.9072775471775,0.0115031665915194,0.00878867453854196,0.014922005651243
"ecxll4",97.6870500065498,0.0114746374574326,0.00876105408039035,0.0149016729475532
"ecxll4",98.473096969796,0.0114466458595068,0.0087316618333396,0.0148799053913427
"ecxll4",99.2654689252332,0.0114176075307501,0.00869769349319922,0.014854105048558
"ecxll4",100.064216767436,0.0113898480778793,0.00866570240971065,0.0148253440971431
"ecxll4",100.869391800508,0.0113632614498438,0.00863892658716801,0.0147991247341057
"ecxll4",101.681045741373,0.0113356681467347,0.00860840428632438,0.0147731794995651
"ecxll4",102.499230723101,0.0113086888711148,0.00858449853227183,0.0147475055480161
"ecxll4",103.323999298256,0.0112816959959533,0.00855790517648671,0.014722665669868
"ecxll4",104.155404442268,0.0112556325251379,0.00853129263286974,0.0147035226655767
"ecxll4",104.993499556841,0.0112286338918744,0.00850665873333923,0.0146797882384108
"ecxll4",105.838338473379,0.0112014722683621,0.00847767384090421,0.0146588859677215
"ecxll4",106.689975456443,0.011175224612898,0.00844821738394616,0.0146390717017547
"ecxll4",107.548465207242,0.0111495245768075,0.00842367372287519,0.0146173902464853
"ecxll4",108.413862867139,0.0111262204220251,0.00839958590694123,0.0145949489499413
"ecxll4",109.2862240212,0.0111023639915218,0.008375615787293,0.0145751751335793
"ecxll4",110.165604701759,0.0110786621190468,0.00835016199847516,0.0145509235290376
"ecxll4",111.052061392018,0.0110573602105999,0.00831958911501451,0.0145313568109489
"ecxll4",111.945651029678,0.0110333199221529,0.00828973412250643,0.0145140479957189
"ecxll4",112.846431010593,0.0110096644565487,0.00825981690224828,0.0144926539332003
"ecxll4",113.754459192457,0.0109893501203592,0.00823631481387253,0.0144714825063505
"ecxll4",114.66979389852,0.0109670959442119,0.00821277152159705,0.0144505314116611
"ecxll4",115.592493921338,0.0109443686469926,0.00819027440040291,0.0144297448513846
"ecxll4",116.522618526542,0.0109226664956479,0.0081669196641956,0.0144089745480584
"ecxll4",117.460227456653,0.0109012206480857,0.00813969558961962,0.0143884952103109
"ecxll4",118.405380934911,0.010879042860818,0.00811370303100527,0.0143683387551677
"ecxll4",119.358139669152,0.010856679750849,0.00808887746753405,0.0143478199063162
"ecxll4",120.318564855698,0.0108362668899824,0.00806429231357544,0.0143234017855409
"ecxll4",121.286718183295,0.0108150512596069,0.00803751169928839,0.0142987601644772
"ecxll4",122.262661837072,0.0107948844423461,0.00801456814554996,0.0142749452231153
"ecxll4",123.246458502536,0.0107728476267868,0.0079896154966917,0.0142607567602729
"ecxll4",124.238171369597,0.0107524502770674,0.00796492314686193,0.014244589713974
"ecxll4",125.237864136631,0.0107314297589666,0.00794161996551005,0.0142276718325229
"ecxll4",126.245601014563,0.010714982644805,0.00791959990931815,0.0142067356992119
"ecxll4",127.261446731002,0.0106946448545354,0.00789941881414638,0.0141872065454602
"ecxll4",128.28546653439,0.0106753380642953,0.00787445332860478,0.014165035845077
"ecxll4",129.317726198196,0.0106539120076631,0.00785306144313591,0.014150413060885
"ecxll4",130.358292025143,0.010634797339666,0.00782726700266707,0.0141359506763622
"ecxll4",131.407230851461,0.0106157748833983,0.00780970963092373,0.0141178701835342
"ecxll4",132.464610051185,0.0105957190880365,0.0077923364797761,0.0140947672352344
"ecxll4",133.530497540483,0.0105779675461886,0.00777518766005121,0.014077649172954
"ecxll4",134.604961782011,0.01055920626024,0.0077423694229563,0.0140634620800284
"ecxll4",135.688071789321,0.0105416841092648,0.00772297931765908,0.0140493742942224
"ecxll4",136.779897131284,0.0105229748898954,0.00770095035163475,0.0140317454040865
"ecxll4",137.880507936565,0.0105056980355691,0.00767877786810981,0.0140161655124804
"ecxll4",138.989974898123,0.0104879134992677,0.00766515258009214,0.0139976800579804
"ecxll4",140.108369277757,0.0104704345315865,0.0076471736024721,0.0139816101296616
"ecxll4",141.235762910678,0.0104527570626587,0.00762886215006672,0.0139618262734172
"ecxll4",142.372228210124,0.0104368260339439,0.00761457499341349,0.0139491601302655
"ecxll4",143.517838172014,0.0104196865412133,0.00759367726011547,0.0139376530187627
"ecxll4",144.672666379635,0.0104044690917456,0.00757843951790793,0.0139241989182128
"ecxll4",145.836787008366,0.0103893467885829,0.00756016335987871,0.0139091869515506
"ecxll4",147.010274830445,0.0103727408834557,0.00754040501248511,0.0138940500167058
"ecxll4",148.193205219772,0.0103563680965197,0.00752089106771799,0.0138790690089998
"ecxll4",149.385654156749,0.0103404155469496,0.0075015497905817,0.0138668074353358
"ecxll4",150.587698233161,0.010324998548094,0.00748240248086122,0.0138521840411939
"ecxll4",151.799414657093,0.0103094331988729,0.00746518949444542,0.0138375846245411
"ecxll4",153.020881257894,0.0102936224414382,0.00744712992620947,0.0138231372838893
"ecxll4",154.252176491172,0.0102785262514432,0.00742925281118293,0.0138087572300826
"ecxll4",155.493379443834,0.0102645201445085,0.00741537083860803,0.0137948162454215
"ecxll4",156.744569839169,0.0102495178499431,0.00740056737904778,0.0137808231442984
"ecxll4",158.005828041962,0.0102369476639578,0.00738335264158177,0.0137666861466575
"ecxll4",159.277235063663,0.0102238549188084,0.00736284844771058,0.0137509980131907
"ecxll4",160.558872567587,0.0102102252446801,0.00734372949314949,0.0137374909279859
"ecxll4",161.850822874158,0.0101957528950674,0.00732050854794067,0.0137241230424672
"ecxll4",163.1531689662,0.0101811631872958,0.00730118124717501,0.0137108929273094
"ecxll4",164.465994494265,0.0101663678894768,0.00728882673430038,0.0136977991677563
"ecxll4",165.789383782004,0.0101512378300963,0.00727627247537017,0.013686786584909
"ecxll4",167.123421831588,0.010136988979678,0.00726012196728484,0.0136741205218666
"ecxll4",168.468194329163,0.0101233470884679,0.00724387171586537,0.0136614507920681
"ecxll4",169.823787650357,0.0101085886136763,0.0072260636213049,0.0136520140082191
"ecxll4",171.190288865826,0.0100950345828747,0.00720847673757897,0.0136404154533445
"ecxll4",172.567785746848,0.0100819873630774,0.00719105959970866,0.0136263691917437
"ecxll4",173.956366770959,0.0100674329194235,0.00717526502297157,0.0136129055097058
"ecxll4",175.356121127636,0.0100525254471685,0.00716124340140369,0.0136025762624552
"ecxll4",176.76713872403,0.0100397828370119,0.0071450625676206,0.0135922801310096
"ecxll4",178.189510190734,0.0100273491888442,0.00713033379635217,0.0135821491726413
"ecxll4",179.623326887608,0.0100144801172164,0.00711754733254715,0.013572277307212
"ecxll4",181.068680909648,0.0100012983279051,0.00710124440409157,0.0135625108895135
"ecxll4",182.5256650929,0.00998985654566042,0.00708600595590065,0.0135528487960066
"ecxll4",183.994373020421,0.00997680207569595,0.00707226072292847,0.0135432899150623
"ecxll4",185.474899028295,0.00996400016883237,0.00705865773328635,0.0135338331468375
"ecxll4",186.967338211685,0.00995100221574127,0.00704512295116101,0.0135244568673243
"ecxll4",188.471786430949,0.00993925827250076,0.00702806407038519,0.0135151110067363
"ecxll4",189.988340317792,0.00992773907993537,0.00701467973545405,0.0135058648472717
"ecxll4",191.517097281474,0.00991617670867729,0.00700282325103207,0.0134967173279359
"ecxll4",193.058155515065,0.00990382989590295,0.00699114970073917,0.0134876673989694
"ecxll4",194.611614001757,0.00989179519781979,0.00697962540347154,0.0134787140217308
"ecxll4",196.177572521216,0.00987950583555777,0.00696818098582905,0.0134698561685791
"ecxll4",197.756131655994,0.00986751456315172,0.00695681998731557,0.0134610928227592
"ecxll4",199.347392797989,0.00985723115822673,0.00694490593766314,0.0134524229782873
"ecxll4",200.951458154957,0.00984657284915705,0.00693171702286205,0.013443845639838
"ecxll4",202.568430757078,0.00983688112180586,0.00691834633069637,0.0134341344829923
"ecxll4",204.198414463573,0.0098277707152955,0.00690552415241174,0.0134229627732172
"ecxll4",205.841513969372,0.00981581836087574,0.00689352182288737,0.013414268304057
"ecxll4",207.497834811846,0.0098045585171485,0.00688123412326714,0.0134035614800322
"ecxll4",209.167483377579,0.00979377584438861,0.00686495548144266,0.0133960390918114
"ecxll4",210.850566909201,0.00978351228107742,0.00685142636671181,0.0133885213686747
"ecxll4",212.547193512284,0.00977377254886307,0.00684260176810635,0.0133830224899067
"ecxll4",214.257472162275,0.00976481314179801,0.00682844571004127,0.0133762708880322
"ecxll4",215.981512711506,0.00975634648910772,0.00681703519045148,0.0133679446298563
"ecxll4",217.71942589624,0.00974661178004817,0.00680588470566787,0.0133600785468469
"ecxll4",219.471323343794,0.0097378276630437,0.00679581668555912,0.0133535377775578
"ecxll4",221.237317579698,0.00972738430838775,0.0067873402509744,0.0133449828225273
"ecxll4",223.017522034931,0.00971734498327057,0.00677641439230077,0.0133390445722588
"ecxll4",224.812051053205,0.00970907559302865,0.00676528977768788,0.0133292635114602
"ecxll4",226.621019898305,0.00970022259881738,0.00675433440702859,0.0133225007916147
"ecxll4",228.444544761497,0.00969146242321279,0.0067431767522291,0.013315752831095
"ecxll4",230.28274276899,0.00968369853970174,0.00673161788430648,0.0133065729711479
"ecxll4",232.13573198946,0.00967512278412792,0.00672017389642657,0.0132965344276108
"ecxll4",234.003631441629,0.00966731956810788,0.0067110721486454,0.0132884407228201
"ecxll4",235.886561101917,0.00965808444596564,0.0067011982562484,0.0132841237545876
"ecxll4",237.784641912141,0.00964745163223752,0.00669089149287737,0.0132750316850141
"ecxll4",239.697995787287,0.00963654549900304,0.00667969480718698,0.0132629987880418
"ecxll4",241.626745623342,0.0096277187724634,0.00667058985971586,0.0132552694875315
"ecxll4",243.571015305184,0.00961845539050287,0.00666019529479213,0.0132496834231175
"ecxll4",245.530929714541,0.00960920975124296,0.00665069711855768,0.0132441112993249
"ecxll4",247.506614738014,0.00960254071055631,0.006641508360245,0.0132386012610022
"ecxll4",249.498197275159,0.0095933308470679,0.00663141513215205,0.0132332122229862
"ecxll4",251.505805246639,0.00958617024284537,0.00662203557990047,0.013226454934266
"ecxll4",253.529567602445,0.00957777802996544,0.00661274902574964,0.0132192187544662
"ecxll4",255.56961433017,0.0095687941872498,0.00660355454995978,0.0132141843560311
"ecxll4",257.626076463368,0.00956033927334233,0.006594451241841,0.0132056097249431
"ecxll4",259.699086089962,0.00955238023910571,0.00658543819966514,0.0131945881693699
"ecxll4",261.788776360732,0.00954337959375932,0.00657698544906815,0.0131836711819014
"ecxll4",263.895281497866,0.00953689794345464,0.00657027620497859,0.0131731998370421
"ecxll4",266.018736803585,0.00952933767114865,0.00655928434610872,0.0131683070166342
"ecxll4",268.159278668828,0.00952146249010853,0.0065503036980701,0.0131634683787192
"ecxll4",270.317044582015,0.00951300769995643,0.00654345239507056,0.013158585670464
"ecxll4",272.49217313788,0.00950383568324513,0.00653463624328778,0.0131537186745541
"ecxll4",274.684804046368,0.00949873684342488,0.00652486435520789,0.0131489051877045
"ecxll4",276.895078141615,0.00949180608726801,0.00651654226383763,0.0131441446217718
"ecxll4",279.123137390988,0.00948400269820403,0.00650831326121927,0.0131373064656369
"ecxll4",281.369124904208,0.00947646390658223,0.00650033902891298,0.0131287311851759
"ecxll4",283.633184942539,0.00946861549305632,0.00649298021028212,0.0131241998450116
"ecxll4",285.915462928055,0.00946162331753067,0.00648478203939607,0.0131197191861096
"ecxll4",288.216105452982,0.00945495569169471,0.00647651045566555,0.0131152886423106
"ecxll4",290.535260289112,0.00944792750183406,0.00646840249761074,0.0131109076537645
"ecxll4",292.873076397296,0.00944084598821532,0.0064609972722532,0.0131064814846761
"ecxll4",295.229703937008,0.00943362053473353,0.00645262555859529,0.0131021299651037
"ecxll4",297.605294275997,0.00942693705572648,0.00644528505628705,0.0130979190584144
"ecxll4",300,0.0094200175636461,0.006437840404348,0.0130937552945702
"ecxll3",0.1,0.694216405938614,0.670853771179179,0.717161706581754
"ecxll3",0.100804658307517,0.693780146941459,0.67051109825504,0.716560766689567
"ecxll3",0.101615791364953,0.693316090235678,0.670103985088256,0.716093649349949
"ecxll3",0.102433451271921,0.692876710691403,0.669678720954712,0.715603467493004
"ecxll3",0.103257690547257,0.6924003621084,0.669274123696339,0.715043594882874
"ecxll3",0.104088562132396,0.691939205698942,0.668822350539533,0.714528496094956
"ecxll3",0.10492611939477,0.691477971414136,0.668399595629844,0.713963622161385
"ecxll3",0.105770416131236,0.691003599515812,0.668003875706082,0.713359324372403
"ecxll3",0.106621506571531,0.690548671863638,0.667626740211486,0.712842718402132
"ecxll3",0.107479445381759,0.690074698863085,0.66724129987706,0.712306171820372
"ecxll3",0.108344287667897,0.689582965733179,0.666839604260621,0.711794781325275
"ecxll3",0.109216088979337,0.689098050653306,0.6664108669409,0.711265135824928
"ecxll3",0.110094905312455,0.688634814948712,0.665979389594409,0.710704724264572
"ecxll3",0.110980793114205,0.688166768490308,0.66554274718265,0.710111672648075
"ecxll3",0.111873809285747,0.687692416371527,0.665107113688375,0.709538871748019
"ecxll3",0.112774011186101,0.687213535858922,0.664667238461384,0.708958520833069
"ecxll3",0.113681456635831,0.686704811435641,0.664246884697166,0.708420210705947
"ecxll3",0.114596203920758,0.686216056021661,0.663843433620886,0.707804785685853
"ecxll3",0.115518311795706,0.685733796202102,0.663381137020956,0.707264516232845
"ecxll3",0.116447839488274,0.685250389992232,0.662959627538629,0.706652250012268
"ecxll3",0.11738484670264,0.684750352132744,0.662559808882621,0.70605781542283
"ecxll3",0.1183293936234,0.684222565545252,0.662159371474822,0.705489285019693
"ecxll3",0.119281540919425,0.683713970381258,0.661660850804413,0.704943804165008
"ecxll3",0.120241349747768,0.683221583856216,0.661221410358415,0.704318284576177
"ecxll3",0.121208881757585,0.682712198806152,0.660735919488216,0.703676243069688
"ecxll3",0.122184199094096,0.682180705252912,0.660327135146385,0.703134051133851
"ecxll3",0.12316736440258,0.681633626693462,0.659868200340858,0.702487123108214
"ecxll3",0.124158440832396,0.681091002843104,0.659395279646133,0.701887778249833
"ecxll3",0.125157492041038,0.680572205656675,0.658957721357195,0.701306778932692
"ecxll3",0.126164582198226,0.680021891122929,0.658479879055965,0.700708639536996
"ecxll3",0.127179775990029,0.679476001254918,0.658002847785082,0.700075818532734
"ecxll3",0.128203138623014,0.678934491648435,0.657497055715228,0.699461677607358
"ecxll3",0.129234735828443,0.678402701485458,0.657001441337167,0.698847002664825
"ecxll3",0.130274633866484,0.677851959859588,0.656501807660426,0.698252672307857
"ecxll3",0.131322899530479,0.677308777864378,0.656028077202156,0.697654290179954
"ecxll3",0.132379600151223,0.676747941256767,0.655492803954609,0.697045989619261
"ecxll3",0.133444803601298,0.676182911807402,0.654960591270089,0.696435966089664
"ecxll3",0.134518578299427,0.675600182592234,0.65442317377575,0.695779025870765
"ecxll3",0.135600993214867,0.675023171686404,0.653907406025295,0.695087381683761
"ecxll3",0.136692117871847,0.674440480665825,0.65336805522021,0.69444143830987
"ecxll3",0.137792022354024,0.67386092636766,0.652847792118808,0.693810311243776
"ecxll3",0.138900777308992,0.673287624270396,0.652312395985082,0.693146904238424
"ecxll3",0.140018453952815,0.672702109217351,0.651798470182013,0.692511390268677
"ecxll3",0.141145124074603,0.672091796962806,0.651236695068503,0.691847025107658
"ecxll3",0.142280860041125,0.671478440273482,0.65076325146937,0.691154833801934
"ecxll3",0.143425734801453,0.670884931574382,0.650231265197853,0.69049699668044
"ecxll3",0.144579821891651,0.670270768372534,0.649597608608819,0.689805253243274
"ecxll3",0.145743195439496,0.669671909992429,0.648981967694176,0.68912615920866
"ecxll3",0.146915930169241,0.669068594416525,0.64842006820468,0.688441252217268
"ecxll3",0.148098101406414,0.668474874416491,0.647899402354338,0.687740763894358
"ecxll3",0.149289785082657,0.667860530172427,0.647354663879815,0.687040767639378
"ecxll3",0.150491057740599,0.667262112667935,0.646756477515637,0.686374583554744
"ecxll3",0.151701996538779,0.666604133998728,0.646178400920564,0.685629866707091
"ecxll3",0.152922679256598,0.666002677902413,0.645570390172315,0.684947393354029
"ecxll3",0.154153184299315,0.66537356370631,0.64496958343312,0.684268530003489
"ecxll3",0.155393590703082,0.664732163513045,0.64439208017919,0.683564523081467
"ecxll3",0.156643978140024,0.66409972313388,0.643811555613379,0.6828135946808
"ecxll3",0.157904426923353,0.663447593257798,0.643252867210848,0.682138469945107
"ecxll3",0.15917501801253,0.66281104505056,0.642671267252052,0.681416085961312
"ecxll3",0.16045583301846,0.662136118686797,0.642106064658459,0.680711659574562
"ecxll3",0.161746954208739,0.661463560334246,0.641533413775686,0.68005766696242
"ecxll3",0.163048464512936,0.660775296199969,0.640910202588547,0.679427459333679
"ecxll3",0.164360447527919,0.660119520139252,0.640337762946965,0.678744962426284
"ecxll3",0.165682987523225,0.659460065138658,0.639583666796676,0.677983399675571
"ecxll3",0.167016169446473,0.658802297273718,0.638960307581151,0.677285672688578
"ecxll3",0.168360078928822,0.658130996220421,0.638348934710373,0.676589036418969
"ecxll3",0.169714802290465,0.657435019917364,0.637732700004503,0.675868428759643
"ecxll3",0.171080426546182,0.656743552030821,0.637134558938986,0.675161272999489
"ecxll3",0.172457039410922,0.656056102886101,0.63650206666148,0.674485165661379
"ecxll3",0.17384472930544,0.655352723914695,0.635870011915966,0.673715241967435
"ecxll3",0.175243585361978,0.654659989971457,0.635221348789542,0.672988357956865
"ecxll3",0.176653697429984,0.653956439574256,0.634592992032494,0.672257847400925
"ecxll3",0.178075156081891,0.653246955730039,0.633915601482325,0.67151212694041
"ecxll3",0.179508052618929,0.652537821254626,0.633200450373955,0.670746870101768
"ecxll3",0.180952479076989,0.651811979117691,0.63255597159368,0.670036577542527
"ecxll3",0.182408528232541,0.651095421256633,0.631872438351364,0.669229947801666
"ecxll3",0.183876293608584,0.650395770393762,0.631161737944444,0.668472697266614
"ecxll3",0.185355869480661,0.649658940857324,0.630484637107711,0.66773286758869
"ecxll3",0.186847350882908,0.648945431406256,0.629786454182287,0.666955685866441
"ecxll3",0.188350833614163,0.64820799944311,0.629021523694976,0.666187304482879
"ecxll3",0.189866414244118,0.647473331473195,0.628337701553797,0.665444397969274
"ecxll3",0.191394190119519,0.646723088705777,0.627630640203995,0.664695860776838
"ecxll3",0.192934259370421,0.645980032806429,0.626890769343549,0.663914240574059
"ecxll3",0.194486720916492,0.645221399613097,0.626192778632994,0.663118962705354
"ecxll3",0.196051674473365,0.644475118227507,0.625463341484464,0.662284283316566
"ecxll3",0.197629220559042,0.643716442015101,0.624754204010788,0.661507597424814
"ecxll3",0.199219460500352,0.642942093184802,0.624026287990745,0.660678788556826
"ecxll3",0.200822496439459,0.642151997853097,0.623265170127428,0.659875559393572
"ecxll3",0.202438431340423,0.641372158837894,0.622494927861207,0.659076267113002
"ecxll3",0.204067368995811,0.640588605820076,0.621732731041305,0.658258004860757
"ecxll3",0.205709414033368,0.639804504986907,0.621043222171483,0.657454262502002
"ecxll3",0.207364671922733,0.639008333653645,0.620296811542024,0.656659889948937
"ecxll3",0.209033248982215,0.638213999100762,0.619573726623097,0.655849234943795
"ecxll3",0.210715252385624,0.637438533386438,0.618856617536797,0.655013340964463
"ecxll3",0.212410790169151,0.636641901229359,0.618022622161126,0.654205685223911
"ecxll3",0.214119971238311,0.635844735761242,0.617188597523954,0.653386868920124
"ecxll3",0.215842905374934,0.635039909545638,0.616435284625349,0.652525628525172
"ecxll3",0.21757970324422,0.63423490943077,0.615691997383116,0.65170909990269
"ecxll3",0.219330476401846,0.63340143382813,0.614893505446506,0.650926525703863
"ecxll3",0.221095337301131,0.632548101644037,0.614084966205918,0.6500271674163
"ecxll3",0.222874399300258,0.631699624424362,0.613267113758958,0.649195046533503
"ecxll3",0.224667776669557,0.630845276742661,0.612404946342942,0.648311414765404
"ecxll3",0.226475584598843,0.63000689852672,0.611607421916138,0.647456584601285
"ecxll3",0.228297939204816,0.629153886105473,0.610832380529936,0.646597057872003
"ecxll3",0.230134957538519,0.628285188668163,0.609986931283131,0.645728464851381
"ecxll3",0.231986757592854,0.627431299668342,0.609194306507437,0.644843327512352
"ecxll3",0.233853458310165,0.626565150680053,0.608371640806848,0.643979274181224
"ecxll3",0.235735179589874,0.625695782351847,0.60751966203057,0.643124734048131
"ecxll3",0.237632042296185,0.62482670654733,0.606690685196177,0.642254271847304
"ecxll3",0.239544168265845,0.623961190538375,0.605807934731732,0.641373448681248
"ecxll3",0.241471680315969,0.623096901732973,0.604899813840614,0.640504028028646
"ecxll3",0.243414702251933,0.622219139300869,0.604034988989899,0.639605076214824
"ecxll3",0.245373358875322,0.621312249199917,0.603111149036908,0.638690790034315
"ecxll3",0.247347775991947,0.620427283783367,0.602252547986655,0.637814403955882
"ecxll3",0.249338080419926,0.619522760581254,0.601362663226161,0.636889521343838
"ecxll3",0.251344399997829,0.618609023230878,0.600452155000115,0.635979857528408
"ecxll3",0.253366863592891,0.617709841039326,0.599559629038509,0.635068856167645
"ecxll3",0.255405601109287,0.616790073248151,0.598605039038805,0.634162892607502
"ecxll3",0.257460743496478,0.615864644225191,0.597653516262638,0.633236892439011
"ecxll3",0.259532422757618,0.61494729985703,0.596700350328826,0.632339328599427
"ecxll3",0.261620771958038,0.614018830659659,0.595765639507391,0.631427749857653
"ecxll3",0.26372592523379,0.613081461280611,0.594841945579301,0.630496617419153
"ecxll3",0.265848017800261,0.612136914800319,0.593906837174212,0.629555103694273
"ecxll3",0.267987185960861,0.611185931192066,0.592991685687013,0.628658373810035
"ecxll3",0.270143567115777,0.610237511972627,0.592063366958445,0.627737817926
"ecxll3",0.272317299770797,0.60930148894688,0.591109527349527,0.626767576472138
"ecxll3",0.27450852354621,0.608374133617123,0.59016464840242,0.625821303547728
"ecxll3",0.276717379185768,0.607403163225991,0.589188618083059,0.624881134953907
"ecxll3",0.278944008565731,0.606455074191623,0.588221881168669,0.623916875804252
"ecxll3",0.281188554703977,0.605478796102646,0.587214225727626,0.622897546036411
"ecxll3",0.28345116176919,0.60448682217593,0.586202375734205,0.621973863452893
"ecxll3",0.28573197509012,0.603497503424332,0.585200390059007,0.620976206160547
"ecxll3",0.288031141164917,0.602528042123486,0.58423251244454,0.619968402569183
"ecxll3",0.290348807670537,0.601532504902124,0.583211998588373,0.618993672898039
"ecxll3",0.292685123472236,0.600544516028037,0.582221311975181,0.617976387491481
"ecxll3",0.295040238633122,0.599544985107504,0.581285624417118,0.616982847927597
"ecxll3",0.297414304423803,0.598540027604405,0.580307968942476,0.615999480668462
"ecxll3",0.299807473332094,0.59753222630139,0.579322237433162,0.614986493923303
"ecxll3",0.302219899072819,0.596525759278522,0.578270525372743,0.613992516202099
"ecxll3",0.304651736597679,0.595517529475724,0.577290261399084,0.613053078887893
"ecxll3",0.307103142105208,0.594491465277161,0.576273283260957,0.612040312636938
"ecxll3",0.309574273050804,0.593451264721843,0.575212048361734,0.61105033226064
"ecxll3",0.312065288156844,0.592398879209603,0.574195929638857,0.610012268880297
"ecxll3",0.314576347422876,0.59137341507066,0.573159381733737,0.608991556972921
"ecxll3",0.317107612135899,0.590354520782287,0.572088980739171,0.607977353474179
"ecxll3",0.31965924488072,0.589303805477222,0.570988792401037,0.60693575791608
"ecxll3",0.3222314095504,0.588276751067685,0.569926103903402,0.60596984385431
"ecxll3",0.324824271356778,0.587201283266561,0.568880920807209,0.60494618778614
"ecxll3",0.327437996841083,0.586133349276486,0.567713206091451,0.60396527597074
"ecxll3",0.330072753884633,0.585075892230456,0.566660503755192,0.6029334439615
"ecxll3",0.332728711719617,0.584035978433421,0.56553488781836,0.601919354546256
"ecxll3",0.335406040939964,0.582960413200138,0.564402263677457,0.600793172587003
"ecxll3",0.338104913512303,0.581913833431513,0.563288870790588,0.599741721774644
"ecxll3",0.340825502787004,0.58082629827376,0.562206346017427,0.598692552058086
"ecxll3",0.343567983509317,0.57975065687307,0.561119714945422,0.597645663138172
"ecxll3",0.346332531830595,0.578650219408799,0.560027924981424,0.596506553595493
"ecxll3",0.349119325319605,0.577568659147952,0.558886722860139,0.595456358234131
"ecxll3",0.351928542973938,0.576483894937834,0.557785010184505,0.59435299642881
"ecxll3",0.354760365231503,0.575359940697789,0.556664187401051,0.593260400677826
"ecxll3",0.357614973982117,0.574267966501679,0.555462753414058,0.592200270130449
"ecxll3",0.36049255257919,0.573156015398347,0.554247489213685,0.591098550358425
"ecxll3",0.3633932858515,0.572037196593907,0.553046082791607,0.590057092274498
"ecxll3",0.366317360115064,0.570918013035743,0.551886038756941,0.588994579460004
"ecxll3",0.369264963185108,0.569798403107083,0.550746235833004,0.587893329377124
"ecxll3",0.372236284388128,0.568655977609098,0.549598374642196,0.586797888235741
"ecxll3",0.375231514574051,0.567502791574855,0.548457224105217,0.585709154504109
"ecxll3",0.378250846128495,0.566358482710901,0.547219327700207,0.584560935483518
"ecxll3",0.381294472985122,0.565210201214865,0.546004775664599,0.583468834242878
"ecxll3",0.384362590638102,0.564042636410282,0.544816497547731,0.582331817207432
"ecxll3",0.38745539615466,0.562877181970312,0.543645240371074,0.581219834890002
"ecxll3",0.390573088187743,0.561724404811967,0.542399142387656,0.58006746391303
"ecxll3",0.393715866988772,0.560557916570207,0.541199617101,0.578909868251639
"ecxll3",0.396883934420512,0.5593816798139,0.539994476985688,0.577746244434057
"ecxll3",0.400077493970028,0.558206688993287,0.538801174713147,0.57660644872348
"ecxll3",0.403296750761765,0.557032613316082,0.537574243745424,0.575457462829852
"ecxll3",0.406541911570717,0.555837493595043,0.536335992873571,0.574312227325154
"ecxll3",0.409813184835711,0.554650462443732,0.535122401387237,0.57317803546087
"ecxll3",0.413110780672793,0.553446179486093,0.53389997849173,0.571973546106684
"ecxll3",0.416434910888726,0.552247336417354,0.532693350516647,0.570765665424402
"ecxll3",0.419785788994595,0.551056991168975,0.531455440152266,0.569589444284414
"ecxll3",0.423163630219517,0.54986521244852,0.530173217821994,0.568423641495682
"ecxll3",0.426568651524471,0.54863745207188,0.528908061116331,0.567231019992021
"ecxll3",0.430001071616227,0.547405287271613,0.527675540435735,0.566033815706206
"ecxll3",0.433461110961401,0.546179856588811,0.526413531961546,0.564857788209675
"ecxll3",0.436948991800609,0.544960028672153,0.525146065857684,0.563655334369128
"ecxll3",0.440464938162746,0.543726377663717,0.523867454906653,0.562438372434874
"ecxll3",0.444009175879373,0.542501441196653,0.522575111751181,0.56121611485663
"ecxll3",0.447581932599226,0.541258358285474,0.521293584793483,0.560007299174113
"ecxll3",0.451183437802833,0.539987708386364,0.520019159824869,0.55881402447301
"ecxll3",0.454813922817255,0.538748880922333,0.518741429709859,0.557608910870419
"ecxll3",0.45847362083095,0.537471392249727,0.517478652015185,0.556354729387865
"ecxll3",0.462162766908742,0.536217308300149,0.516175806628986,0.555156194397404
"ecxll3",0.465881598006925,0.534973340612248,0.5148871864871,0.553948080050783
"ecxll3",0.469630352988483,0.533709314826674,0.513596606506283,0.552719605668123
"ecxll3",0.473409272638428,0.532446510194337,0.512278402919487,0.551532927976025
"ecxll3",0.47721859967927,0.531165673919366,0.510941324875476,0.550246717471025
"ecxll3",0.481058578786607,0.529877778234163,0.509594996799447,0.549022590790485
"ecxll3",0.484929456604839,0.528604112342739,0.50824676967679,0.547793112530145
"ecxll3",0.488831481763009,0.527343636275243,0.506982035909455,0.546539037387916
"ecxll3",0.492764904890775,0.526043131964884,0.50573420795536,0.545228742053795
"ecxll3",0.496729978634508,0.52474098976257,0.504410423445806,0.54401637873942
"ecxll3",0.50072695767352,0.523445876008734,0.503082979131377,0.54268967049909
"ecxll3",0.504756098736419,0.52214560102511,0.501793412187369,0.541422775724005
"ecxll3",0.508817660617602,0.520856595082191,0.500472604997729,0.540152530932716
"ecxll3",0.512911904193877,0.51954741345782,0.499145820635451,0.538905436085113
"ecxll3",0.517039092441219,0.518231869524168,0.497838580603039,0.537711768291623
"ecxll3",0.521199490451659,0.516934783487266,0.496443380894603,0.536367651234851
"ecxll3",0.525393365450317,0.515615538491384,0.495115869350982,0.535057988142855
"ecxll3",0.529620986812558,0.514304625795335,0.493796768287331,0.533742562234024
"ecxll3",0.5338826260813,0.512983632557901,0.492484127425297,0.532461986007657
"ecxll3",0.538178556984455,0.511642296379048,0.491197517006774,0.531128753440221
"ecxll3",0.542509055452508,0.51031015536552,0.489854686304878,0.529807154098843
"ecxll3",0.54687439963624,0.508983701828012,0.488481612739129,0.528517858039634
"ecxll3",0.551274869924599,0.507638611758978,0.487106383025045,0.527189288115613
"ecxll3",0.555710748962703,0.506285100900387,0.485729069822806,0.52584565437944
"ecxll3",0.560182321669998,0.504924176422985,0.484348677987068,0.524520261379923
"ecxll3",0.56468987525856,0.503585215863312,0.482957185687048,0.523164821348579
"ecxll3",0.569233699251537,0.50221765461929,0.481568347208034,0.521822532990557
"ecxll3",0.573814085501753,0.500861389869664,0.48018982453644,0.520493744883887
"ecxll3",0.578431328210448,0.499481249438583,0.478861600786208,0.519157274030447
"ecxll3",0.583085723946176,0.498108938659349,0.477497203857533,0.517794581129668
"ecxll3",0.587777571663857,0.496720985062108,0.476137775077412,0.516429992347157
"ecxll3",0.592507172723973,0.495348360497301,0.474795431586488,0.515087737439317
"ecxll3",0.597274830911933,0.493964671268442,0.473389489085446,0.513723868399874
"ecxll3",0.602080852457576,0.492596480443005,0.47194752793041,0.512342952754489
"ecxll3",0.606925546054847,0.491202767047657,0.470500167057365,0.51098223160392
"ecxll3",0.611809222881623,0.489828375781355,0.469054086369345,0.5096048161526
"ecxll3",0.616732196619697,0.48840269131135,0.467621749194507,0.508205383776182
"ecxll3",0.621694783474932,0.48699552784262,0.466167685564071,0.506787541295549
"ecxll3",0.626697302197565,0.485583026282108,0.464828082697228,0.505443815304482
"ecxll3",0.631740074102685,0.484187591956852,0.463453017578453,0.50403503273266
"ecxll3",0.636823423090869,0.482793525497124,0.462034518267487,0.502624705982035
"ecxll3",0.641947675668986,0.481379212513808,0.460575782950175,0.501250907534124
"ecxll3",0.647113160971171,0.479958085763635,0.459174573275686,0.499844772155204
"ecxll3",0.652320210779964,0.478550215792932,0.457720404683659,0.498434643743648
"ecxll3",0.657569159547619,0.477127138752,0.456345226210355,0.497029421597024
"ecxll3",0.662860344417591,0.475709077979915,0.454886453614035,0.495619880774582
"ecxll3",0.668194105246186,0.474286292675499,0.453447165303468,0.494165666217823
"ecxll3",0.67357078462439,0.472839400067403,0.452007249327144,0.492750086725555
"ecxll3",0.67899072789988,0.471414783125221,0.450656673275297,0.491323745971402
"ecxll3",0.684454283199199,0.469972096976292,0.449229233449461,0.489903598405626
"ecxll3",0.68996180145012,0.468494720587621,0.447817048202565,0.488479260332371
"ecxll3",0.695513636404185,0.467050277029495,0.44626749861869,0.487047320682288
"ecxll3",0.701110144659427,0.465606058949812,0.444790517106022,0.485560419767717
"ecxll3",0.706751685683276,0.464139146170767,0.443287042470502,0.484110689344823
"ecxll3",0.712438621835646,0.462675522697493,0.441822768774478,0.482657497179681
"ecxll3",0.718171318392208,0.461224148088828,0.44034666667671,0.48120159999826
"ecxll3",0.723950143567858,0.459777261530971,0.43888659692569,0.47976184024635
"ecxll3",0.729775468540361,0.458289208869863,0.437456936468767,0.478310844575578
"ecxll3",0.735647667474195,0.45681626294999,0.435989316310747,0.476892182817726
"ecxll3",0.741567117544584,0.455341809347071,0.43454070653855,0.475420766745449
"ecxll3",0.747534198961723,0.453874341846327,0.433091682440601,0.473959489964783
"ecxll3",0.753549294995202,0.452407347309802,0.431594880104854,0.472489334014893
"ecxll3",0.759612791998619,0.450936679974141,0.430117586083224,0.47098640484896
"ecxll3",0.765725079434401,0.449463807532174,0.428617007871379,0.469550247781167
"ecxll3",0.771886549898814,0.447990771310526,0.427098580656803,0.468072148042361
"ecxll3",0.778097599147183,0.446522172572582,0.425575187765937,0.466569451187786
"ecxll3",0.784358626119314,0.445052750532462,0.42405633717748,0.465116531811375
"ecxll3",0.790670032965113,0.443558991644194,0.422569369587066,0.463641170090442
"ecxll3",0.797032225070417,0.442077039255453,0.421108681164727,0.462163418755723
"ecxll3",0.803445611083036,0.4405942247495,0.419687730599944,0.46066738914982
"ecxll3",0.809910602939,0.439107949685416,0.418215765818928,0.459167351117387
"ecxll3",0.816427615889012,0.43762443502917,0.416762842346802,0.457681365418408
"ecxll3",0.822997068525129,0.436138621160011,0.41532086717585,0.456192716459796
"ecxll3",0.829619382807641,0.434634992083926,0.413825350946311,0.45466081385335
"ecxll3",0.836294984092177,0.433139200155991,0.412317299436285,0.45315188265526
"ecxll3",0.843024301157025,0.431626584468678,0.410843732825816,0.451661777463954
"ecxll3",0.849807766230675,0.430114821133196,0.409355679500481,0.450186711646454
"ecxll3",0.856645815019578,0.428613455865925,0.407866088543444,0.448661259798794
"ecxll3",0.863538886736133,0.427111668867983,0.406417260907087,0.447173684666239
"ecxll3",0.870487424126898,0.425607111152859,0.404966816382214,0.445601472330522
"ecxll3",0.877491873501029,0.424087991010896,0.403468254048156,0.444066897373127
"ecxll3",0.884552684758945,0.422568377588911,0.402034545930275,0.442529279902581
"ecxll3",0.891670311421226,0.421035281597812,0.400486670398262,0.440990410101654
"ecxll3",0.898845210657742,0.419513640194472,0.399002982909822,0.439455400529447
"ecxll3",0.906077843317022,0.418008707276305,0.39752753906751,0.437919658966077
"ecxll3",0.913368673955847,0.416489743329275,0.396051573555994,0.436374415943113
"ecxll3",0.920718170869093,0.414960247244014,0.394574460168281,0.434858828733706
"ecxll3",0.928126806119814,0.413434859615313,0.393097040889738,0.43333444643137
"ecxll3",0.935595055569552,0.411910295799932,0.391620051808595,0.431787450007519
"ecxll3",0.943123398908914,0.41037333031308,0.390121440235753,0.430231572498849
"ecxll3",0.950712319688375,0.408851257174123,0.388607464175866,0.428705974194927
"ecxll3",0.958362305349338,0.407340021806094,0.387097674561145,0.427194011935803
"ecxll3",0.966073847255446,0.40580633381861,0.385614648309878,0.425677885568081
"ecxll3",0.97384744072414,0.404267379408978,0.38413258563245,0.42414572653375
"ecxll3",0.981683585058472,0.402763742211542,0.382650271009325,0.42260987208278
"ecxll3",0.989582783579179,0.401231147545417,0.38111527691531,0.421065502319437
"ecxll3",0.997545543657011,0.399696310396856,0.379631493590568,0.419518773716498
"ecxll3",1.00557237674532,0.39815414913662,0.378143252914411,0.417976613347279
"ecxll3",1.0136637984129,0.396620740960535,0.376633754767596,0.416401588211751
"ecxll3",1.02182032837712,0.395088830539557,0.375105820359934,0.414825222255772
"ecxll3",1.03004249053731,0.393570238109506,0.373613447373609,0.413246670883682
"ecxll3",1.03833081300838,0.392022017676854,0.372133927642391,0.411682765139335
"ecxll3",1.04668582815476,0.390493438077847,0.370644486706776,0.410098208616464
"ecxll3",1.05510807262462,0.388947657860638,0.369143308920227,0.408526219055876
"ecxll3",1.06359808738428,0.387419767054696,0.367656395231867,0.406988857929101
"ecxll3",1.07215641775301,0.385898304638473,0.366174009880278,0.405420003122596
"ecxll3",1.08078361343804,0.384360352685359,0.364692004275835,0.403841560266441
"ecxll3",1.08948022856986,0.382835614243517,0.363211171529255,0.402259769515089
"ecxll3",1.0982468217378,0.381299816902321,0.361729483567281,0.40074039813336
"ecxll3",1.10708395602596,0.379770228443182,0.360272086309578,0.399122793685907
"ecxll3",1.11599219904932,0.378238015921066,0.358768423092211,0.397544400735665
"ecxll3",1.12497212299021,0.376716772532609,0.357301062612183,0.395990124952891
"ecxll3",1.13402430463511,0.375176890103464,0.355809417922386,0.394435396949161
"ecxll3",1.14314932541162,0.373631381641621,0.354332090306858,0.392867379862586
"ecxll3",1.15234777142587,0.372091218677578,0.352848326327193,0.39133591870312
"ecxll3",1.16162023350014,0.370546406421395,0.351364264514243,0.389760596102777
"ecxll3",1.1709673072108,0.369011459005669,0.349846548214698,0.388202909511116
"ecxll3",1.18038959292659,0.367467878702804,0.348369609724362,0.386640885752862
"ecxll3",1.18988769584714,0.365915846613935,0.346894892099285,0.385040405145697
"ecxll3",1.1994622260419,0.364371645098209,0.345412884079825,0.383494440212723
"ecxll3",1.20911379848928,0.362825084364668,0.343935895936553,0.381918251334451
"ecxll3",1.21884303311616,0.361282287841675,0.342461249698029,0.38035518422643
"ecxll3",1.22865055483773,0.359764402459443,0.34100543078983,0.378778104819955
"ecxll3",1.23853699359759,0.358215811333238,0.339544226914965,0.377188843048105
"ecxll3",1.24850298440825,0.356681406453888,0.338078529034745,0.375641332748781
"ecxll3",1.25854916739189,0.355150836100234,0.336614570760097,0.374097423386624
"ecxll3",1.2686761878215,0.353604410501517,0.335151539546363,0.372531050417474
"ecxll3",1.2788846961623,0.352070625887379,0.333649089025327,0.370964595313333
"ecxll3",1.28917534811354,0.350547663577411,0.332153328118897,0.36941564055687
"ecxll3",1.2995488046506,0.34902549644127,0.33067230573212,0.367853595138047
"ecxll3",1.31000573206746,0.347493139216114,0.329194224442517,0.366288880086934
"ecxll3",1.3205468020195,0.345965147433887,0.327743208034805,0.364693263979087
"ecxll3",1.3311726915666,0.344432608768994,0.326286342975612,0.363122352774648
"ecxll3",1.3418840832167,0.342899911056582,0.324782740347376,0.361529316403076
"ecxll3",1.35268166496955,0.341376163680216,0.32330198987272,0.359976860633345
"ecxll3",1.36356613036099,0.339850692664861,0.321853840751291,0.358398905926344
"ecxll3",1.37453817850744,0.338335547353977,0.32040148462923,0.35684797063234
"ecxll3",1.38559851415079,0.336809059645739,0.318936600388096,0.35529514030189
"ecxll3",1.39674784770375,0.33528224290711,0.317485584023588,0.353744502810466
"ecxll3",1.40798689529536,0.333766190009616,0.31604376592069,0.352198875831395
"ecxll3",1.41931637881711,0.332245418578497,0.314539453269757,0.350591963704724
"ecxll3",1.43073702596922,0.330717912981423,0.313048612711996,0.349035068405617
"ecxll3",1.44224957030741,0.329197688325163,0.311608783815066,0.34748683106361
"ecxll3",1.45385475129002,0.327693065186671,0.310175645433206,0.345932496555153
"ecxll3",1.46555331432551,0.326187103083594,0.308704120466754,0.344362527115384
"ecxll3",1.47734601082033,0.324680616563314,0.307185179578105,0.342772001109403
"ecxll3",1.48923359822717,0.323170308340312,0.305761113169024,0.341197558018876
"ecxll3",1.50121684009364,0.321661937129595,0.304328744684114,0.339640180856819
"ecxll3",1.51329650611131,0.320156761669118,0.302859859779305,0.338114164434467
"ecxll3",1.5254733721651,0.318667123830096,0.301389400130119,0.33653111885226
"ecxll3",1.53774822038319,0.317174213871509,0.299923460641937,0.334992939082403
"ecxll3",1.55012183918721,0.315677710781857,0.298458313534327,0.333473012369352
"ecxll3",1.56259502334287,0.314196536592719,0.297011664745552,0.331945417895008
"ecxll3",1.57516857401105,0.312687398781796,0.295580868761267,0.330366267530961
"ecxll3",1.58784329879923,0.311223234334299,0.294104310013808,0.328825630210026
"ecxll3",1.60062001181338,0.309718085150103,0.292654269464428,0.327301074472628
"ecxll3",1.61349953371022,0.308223923735746,0.291207119797316,0.325761514802808
"ecxll3",1.62648269174997,0.306739045287792,0.2897860401275,0.324222183936757
"ecxll3",1.63957031984947,0.305254672528468,0.288359418191351,0.322651484036123
"ecxll3",1.65276325863573,0.303777991300673,0.286929199260915,0.321143089053652
"ecxll3",1.66606235549994,0.302306826178345,0.285542242031233,0.319644039493486
"ecxll3",1.67946846465188,0.300817465445878,0.284104753919341,0.318098059731256
"ecxll3",1.69298244717484,0.299347245976032,0.282693163498149,0.316587070294318
"ecxll3",1.70660517108084,0.29787806256191,0.28124018249727,0.315044758657758
"ecxll3",1.72033751136647,0.296412947122698,0.279813856316074,0.313573664776829
"ecxll3",1.73418035006901,0.294953252985016,0.27842230494164,0.312019975267198
"ecxll3",1.74813457632318,0.293495423038401,0.277015116234734,0.310574060497421
"ecxll3",1.76220108641815,0.292033963450106,0.275581415410528,0.309132281271104
"ecxll3",1.77638078385517,0.290583351045793,0.274181894124799,0.307656649993488
"ecxll3",1.7906745794056,0.289141870864014,0.272762400365326,0.306127898763223
"ecxll3",1.80508339116939,0.287684924810061,0.271334251055091,0.304649790666475
"ecxll3",1.81960814463405,0.28624439020358,0.269929934887343,0.303162858302015
"ecxll3",1.83424977273411,0.284798409080955,0.268589406300355,0.30166483385983
"ecxll3",1.84900921591104,0.283360497817131,0.267195363969732,0.300188252387972
"ecxll3",1.86388742217363,0.281924412101619,0.265778900447185,0.298701933385521
"ecxll3",1.87888534715892,0.280490507679368,0.264379415528335,0.297221393402455
"ecxll3",1.89400395419356,0.279030466959048,0.262967533678621,0.295731834211783
"ecxll3",1.90924421435568,0.277589361345562,0.261595564707817,0.294255611752612
"ecxll3",1.92460710653729,0.276152649704889,0.260246626416482,0.292747591032222
"ecxll3",1.94009361750711,0.274726907206521,0.258913254411522,0.291247150707066
"ecxll3",1.955704741974,0.273291921940557,0.257561571347172,0.289796796460066
"ecxll3",1.9714414826508,0.271875353973829,0.25622887151313,0.288320488715992
"ecxll3",1.9873048503188,0.27044815465083,0.254875178327601,0.286834284159377
"ecxll3",2.00329586389258,0.269036540613406,0.253547215848071,0.28535807909744
"ecxll3",2.01941555048554,0.267617734723489,0.252194028444339,0.283899545501109
"ecxll3",2.03566494547582,0.266221663938088,0.250830933783695,0.282428996833497
"ecxll3",2.05204509257281,0.264807029188447,0.249469997682906,0.280987695329894
"ecxll3",2.0685570438842,0.263418591515049,0.248140935847893,0.279536267123758
"ecxll3",2.08520185998355,0.262019061943518,0.246791494573037,0.278072895835799
"ecxll3",2.10198060997842,0.260615323636754,0.245453662223368,0.276635666130014
"ecxll3",2.11889437157901,0.259229118439803,0.244104279075152,0.27517998580319
"ecxll3",2.13594423116744,0.257831202569318,0.242754213698409,0.273771495141893
"ecxll3",2.15313128386747,0.256451925283422,0.241431583340506,0.272336982344953
"ecxll3",2.17045663361486,0.255065428696934,0.240101370390716,0.270934516051701
"ecxll3",2.18792139322831,0.253696483092506,0.238774823772742,0.269476596369614
"ecxll3",2.20552668448087,0.252334248734057,0.237452054074736,0.268081081930846
"ecxll3",2.22327363817206,0.250959507034256,0.236125832542657,0.266690770528963
"ecxll3",2.24116339420045,0.249583548742645,0.23480371911614,0.26528078789837
"ecxll3",2.25919710163692,0.248213016611903,0.233469506530177,0.263849758475732
"ecxll3",2.27737591879844,0.246862656812443,0.232178560637256,0.262421304144237
"ecxll3",2.29570101332245,0.245513157050922,0.230879516713649,0.2610294412174
"ecxll3",2.31417356224191,0.244175237070253,0.22956907850456,0.259644059959199
"ecxll3",2.33279475206086,0.242823722260581,0.228270562591072,0.258220055111317
"ecxll3",2.35156577883064,0.241500151556545,0.227014183319154,0.25684829790266
"ecxll3",2.37048784822674,0.240174860090809,0.2257222728879,0.255451131545232
"ecxll3",2.38956217562618,0.238834856223399,0.224446728600131,0.254075794298868
"ecxll3",2.40878998618565,0.237504496756687,0.223172712966631,0.252671729095747
"ecxll3",2.42817251492014,0.236179586151577,0.221913006208181,0.251268801795597
"ecxll3",2.4477110067823,0.234851369034145,0.220643091541118,0.249880609356538
"ecxll3",2.46740671674239,0.233523882761756,0.219360285008257,0.248528902865722
"ecxll3",2.4872609098689,0.232212789076265,0.218078340738345,0.247170301943567
"ecxll3",2.50727486140979,0.230903937654026,0.216820562018397,0.245813932696991
"ecxll3",2.52744985687442,0.229610929149436,0.215576005973557,0.24450212569081
"ecxll3",2.5477871921161,0.228306154497379,0.214333870856081,0.243122703997477
"ecxll3",2.56828817341532,0.227004169369473,0.213092763586524,0.241838509808987
"ecxll3",2.58895411756369,0.225709726441972,0.21183969579656,0.240460641251532
"ecxll3",2.60978635194848,0.224432028302858,0.210623343585576,0.239171430894701
"ecxll3",2.63078621463789,0.223157001231623,0.209367558496376,0.237865895089268
"ecxll3",2.65195505446699,0.221854959860136,0.208113331324965,0.236545909048939
"ecxll3",2.67329423112439,0.220585916930734,0.206864917365729,0.235157853445108
"ecxll3",2.69480511523952,0.21931094226222,0.205602902296244,0.233813646099064
"ecxll3",2.71648908847069,0.218018905937608,0.204386256735047,0.232530472974309
"ecxll3",2.73834754359388,0.216764718086017,0.203179381653768,0.231241323240194
"ecxll3",2.7603818845921,0.215518568007309,0.201986671246552,0.229938697528947
"ecxll3",2.78259352674567,0.214269441759868,0.200788272947325,0.228681214747686
"ecxll3",2.80498389672307,0.213005323655077,0.199584948385929,0.227411065277861
"ecxll3",2.82755443267258,0.211765625228823,0.198388844170265,0.226099032360375
"ecxll3",2.85030658431466,0.210523807090214,0.197211579729627,0.224802614196856
"ecxll3",2.87324181303506,0.209279109242893,0.195988969356834,0.223535964099051
"ecxll3",2.89636159197871,0.208050446222174,0.194796303919628,0.222267112069381
"ecxll3",2.91966740614431,0.206821589411312,0.193639394871179,0.221042413963404
"ecxll3",2.94316075247972,0.205605167449172,0.192465894098108,0.219801692305389
"ecxll3",2.96684313997814,0.204385781899011,0.191281779788036,0.218560606045257
"ecxll3",2.99071608977498,0.2031705631453,0.19012006722232,0.21726134289737
"ecxll3",3.01478113524562,0.201958999331222,0.188929000582288,0.216032031155453
"ecxll3",3.03903982210384,0.2007559478295,0.18774736103018,0.214787855623751
"ecxll3",3.06349370850116,0.199553108271838,0.186587533846694,0.213600750206777
"ecxll3",3.08814436512688,0.19836276011199,0.18539197937436,0.212408879486077
"ecxll3",3.11299337530901,0.197177559460917,0.184245160801585,0.211203397215644
"ecxll3",3.13804233511589,0.195984575786002,0.183126872921786,0.210000633494249
"ecxll3",3.16329285345882,0.194803497464899,0.181997896527117,0.20878408689853
"ecxll3",3.18874655219527,0.193620915143624,0.180864521242357,0.207524178022095
"ecxll3",3.21440506623319,0.192435479008559,0.179729423157259,0.206299498901469
"ecxll3",3.24027004363589,0.191267047247221,0.178593567738622,0.205085605427937
"ecxll3",3.266343145728,0.190110599897401,0.177469052711992,0.203869752391439
"ecxll3",3.29262604720213,0.188956982137264,0.176342112839967,0.202659330010053
"ecxll3",3.31912043622642,0.187814988703838,0.175239010921103,0.201458446511456
"ecxll3",3.34582801455302,0.186659054218431,0.174112113814537,0.200244908201335
"ecxll3",3.37275049762737,0.185525053303285,0.173001869792638,0.199075052949238
"ecxll3",3.39988961469836,0.184377464822972,0.171901041940185,0.197914204704667
"ecxll3",3.42724710892945,0.183238581692508,0.170791848314866,0.196726008918795
"ecxll3",3.4548247375106,0.182111390450066,0.16969962874153,0.195532671218339
"ecxll3",3.48262427177114,0.180991181113635,0.168612335982374,0.194351736631505
"ecxll3",3.51064749729357,0.179867747290756,0.167491666516188,0.193195591273425
"ecxll3",3.53889621402819,0.178761294741422,0.166446097654436,0.192031437972762
"ecxll3",3.56737223640878,0.177655966568654,0.165348137820584,0.190850474881623
"ecxll3",3.59607739346911,0.176558396649534,0.16426134014015,0.189699203847961
"ecxll3",3.62501352896042,0.175443969907003,0.163214769436266,0.188539654397273
"ecxll3",3.65418250146983,0.174359753544689,0.162139607508041,0.18745173012388
"ecxll3",3.68358618453975,0.173283055246506,0.161089316394676,0.186325024750084
"ecxll3",3.71322646678821,0.172199978897671,0.160071613169271,0.185190817873257
"ecxll3",3.74310525203015,0.171115971844473,0.159040707608332,0.184053715574068
"ecxll3",3.77322445939973,0.170031741822451,0.157976221008717,0.182965445092554
"ecxll3",3.80358602347357,0.168947537234903,0.15694474758384,0.18184945539029
"ecxll3",3.83419189439502,0.167876575274635,0.155919665305031,0.180748144399089
"ecxll3",3.86504403799943,0.166822736886181,0.154891093554218,0.179642236917768
"ecxll3",3.89614443594039,0.165764877182125,0.15387083751095,0.178528327359156
"ecxll3",3.92749508581706,0.164716486986664,0.152853828630762,0.177440555097909
"ecxll3",3.95909800130243,0.16367096783459,0.15183643575124,0.176372497188065
"ecxll3",3.99095521227266,0.162620653757622,0.150794909524151,0.175297666765279
"ecxll3",4.02306876493751,0.161579720390452,0.149789127876839,0.174243281754007
"ecxll3",4.05544072197172,0.16055056115332,0.148786249585632,0.173186198105919
"ecxll3",4.0880731626475,0.159533774648186,0.14777987792536,0.172176030379467
"ecxll3",4.12096818296813,0.15851791738208,0.14679593613145,0.171136031389568
"ecxll3",4.15412789580253,0.157504413282081,0.145791807701924,0.170095349821805
"ecxll3",4.187554431021,0.156497723534266,0.144807751381359,0.16906135148403
"ecxll3",4.22124993563203,0.155482838968917,0.143843538431702,0.168033860380225
"ecxll3",4.25521657392016,0.154474405984296,0.142884391020374,0.166997808469034
"ecxll3",4.28945652758506,0.153475872296787,0.141930945033189,0.165961337778886
"ecxll3",4.32397199588162,0.152481795612184,0.140979797067833,0.164900839484238
"ecxll3",4.35876519576121,0.151480884397084,0.140030881076427,0.163856697063838
"ecxll3",4.39383836201408,0.150497644192824,0.139087243563803,0.162823530287685
"ecxll3",4.42919374741291,0.149511261535071,0.138159752133573,0.161823357580157
"ecxll3",4.46483362285751,0.148531402122957,0.137234943289355,0.16084801831584
"ecxll3",4.50076027752066,0.147564671498796,0.136310617552937,0.159866512485245
"ecxll3",4.53697601899517,0.146603793185477,0.135361467452279,0.158849566260391
"ecxll3",4.57348317344208,0.145657070692161,0.134450643658562,0.157851173674837
"ecxll3",4.61028408574009,0.144700600987548,0.133542559759877,0.156829396797101
"ecxll3",4.64738111963615,0.14375768031886,0.132624848440115,0.155865080770735
"ecxll3",4.6847766578973,0.142812524501005,0.131700701580225,0.154871716377623
"ecxll3",4.7224731024637,0.141874585851009,0.130782079774589,0.153877799565332
"ecxll3",4.76047287460295,0.140945483989451,0.129876128500576,0.152937220100347
"ecxll3",4.79877841506555,0.140018498595443,0.128970167501214,0.151939170823804
"ecxll3",4.83739218424173,0.139099388548309,0.128111450445417,0.150996450506586
"ecxll3",4.87631666231942,0.138175251267294,0.127224439124523,0.150050629131855
"ecxll3",4.91555434944363,0.137254239579991,0.126332466297924,0.149101955398212
"ecxll3",4.95510776587696,0.136335180493062,0.125454933446969,0.148166088301813
"ecxll3",4.99497945216153,0.135421466111837,0.12457819655708,0.147224294052542
"ecxll3",5.03517196928213,0.134524892639657,0.123705839513921,0.146295520540173
"ecxll3",5.07568789883074,0.133629803101455,0.122841881363488,0.145392788299314
"ecxll3",5.11652984317234,0.132733169814166,0.121996735391821,0.144488206253802
"ecxll3",5.15770042561203,0.131846647154187,0.121125330512916,0.143583160025145
"ecxll3",5.19920229056357,0.130952324602992,0.120270991160403,0.142659314356606
"ecxll3",5.24103810371923,0.130069253070819,0.119431957338259,0.141758529597616
"ecxll3",5.28321055222095,0.129200074308347,0.118625035820825,0.140802690094294
"ecxll3",5.32572234483303,0.12832245394731,0.117829055443979,0.139917040869474
"ecxll3",5.36857621211604,0.12746047931937,0.11702696810734,0.139001940828529
"ecxll3",5.41177490660223,0.126603901868254,0.11619055989713,0.138092939311101
"ecxll3",5.45532120297235,0.125742027816393,0.115371339073799,0.13722078678376
"ecxll3",5.49921789823382,0.12489026765776,0.114544108154395,0.136334327060936
"ecxll3",5.54346781190044,0.124049123435681,0.11370234306302,0.135467830875556
"ecxll3",5.58807378617345,0.123210224011812,0.112881168271121,0.134588328839202
"ecxll3",5.63303868612409,0.122379941672676,0.112065461794898,0.133705785775893
"ecxll3",5.67836539987766,0.121556335338939,0.111273879091149,0.132809707215261
"ecxll3",5.72405683879896,0.120725492196405,0.110482929943319,0.131938111672189
"ecxll3",5.77011593767938,0.11990633019703,0.109684942606443,0.131098495367322
"ecxll3",5.8165456549253,0.119080194205163,0.108871947864921,0.130255058717718
"ecxll3",5.86334897274819,0.11825669577956,0.10805386582084,0.129395857132904
"ecxll3",5.91052889735614,0.11745102290751,0.10727957871197,0.128552370786502
"ecxll3",5.95808845914694,0.116642003285052,0.106514654650061,0.127728861945918
"ecxll3",6.00603071290269,0.115838159986283,0.105742846840654,0.126904702981652
"ecxll3",6.05435873798611,0.115036608089676,0.104976962918397,0.126094522542904
"ecxll3",6.10307563853822,0.114239807133147,0.10423098441013,0.125268328064551
"ecxll3",6.15218454367778,0.113451355738594,0.10346566016288,0.124439387341734
"ecxll3",6.20168860770229,0.112664134668999,0.102714563768506,0.123624542990992
"ecxll3",6.25159101029052,0.111874899729835,0.101963919279406,0.122823235874081
"ecxll3",6.30189495670683,0.1110955014018,0.101217331757477,0.121976144340449
"ecxll3",6.35260367800699,0.110318138734811,0.1004755256559,0.121171488585512
"ecxll3",6.40372043124573,0.109560610858746,0.099762995484713,0.120374598266482
"ecxll3",6.45524849968593,0.10879260864055,0.0990437543135034,0.11959040632401
"ecxll3",6.50719119300954,0.108030056316735,0.0983152400389995,0.118812909407448
"ecxll3",6.55955184753014,0.107277863823686,0.0975894367309985,0.118048244932043
"ecxll3",6.61233382640719,0.106520463733266,0.0968671008400332,0.117266133211798
"ecxll3",6.66554051986216,0.105770123751262,0.0961364244633843,0.116501650286771
"ecxll3",6.71917534539617,0.105021807661668,0.0954215257340846,0.115740512205537
"ecxll3",6.77324174800955,0.10428265019225,0.0947053235462931,0.114982430211776
"ecxll3",6.82774320042315,0.103548756611342,0.0940054374727553,0.114227506298485
"ecxll3",6.88268320330131,0.102820298884327,0.0932885295772485,0.113446750928788
"ecxll3",6.93806528547677,0.102094476099476,0.0925972843206463,0.11271273621399
"ecxll3",6.99389300417734,0.101378222060143,0.0919256822567152,0.111962867935578
"ecxll3",7.05016994525433,0.10066107516441,0.0912291949867181,0.111198641047484
"ecxll3",7.1068997234129,0.099950685590242,0.090548796754925,0.110458139968703
"ecxll3",7.16408598244428,0.0992423859941072,0.0898662313386332,0.109745130986605
"ecxll3",7.2217323954597,0.0985375150588992,0.0892154641221082,0.109030576407083
"ecxll3",7.27984266512644,0.0978396867447849,0.0885353842664364,0.108304257338788
"ecxll3",7.33842052390557,0.097162315238994,0.0878596625622484,0.107601085282849
"ecxll3",7.39746973429174,0.0964687941353752,0.087207100519755,0.106887059580933
"ecxll3",7.4569940890548,0.0957850986940011,0.0865357764510422,0.106171515358502
"ecxll3",7.51699741148346,0.0951058725658016,0.0858673326162996,0.105456254467614
"ecxll3",7.57748355563082,0.0944307301114269,0.0852056953411808,0.104744002650298
"ecxll3",7.63845640656197,0.0937687659346186,0.0845440827583605,0.104036817550748
"ecxll3",7.69991988060346,0.0931021744107289,0.0838992118019896,0.10333775895252
"ecxll3",7.76187792559492,0.0924366115329842,0.083267320660645,0.102653749164625
"ecxll3",7.82433452114258,0.0917759897630181,0.08263356517173,0.101966116330798
"ecxll3",7.88729367887489,0.0911223311260917,0.0819933630314735,0.101253895309295
"ecxll3",7.95075944270026,0.0904795859986892,0.0813576922333213,0.100579160535224
"ecxll3",8.01473588906667,0.0898319355096546,0.0807264441167951,0.0998764891314179
"ecxll3",8.07922712722361,0.0891859047851074,0.0800996507911985,0.0992103496826878
"ecxll3",8.14423729948602,0.0885501705088403,0.0794789759948005,0.0985816296693357
"ecxll3",8.20977058150026,0.0879146752211763,0.0788736942007201,0.0979279166715547
"ecxll3",8.27583118251241,0.0872875346947881,0.0782783850953439,0.0972898607236445
"ecxll3",8.34242334563861,0.0866635222722311,0.0776915399277686,0.0966484541596859
"ecxll3",8.40955134813756,0.0860365203304051,0.0770997108245626,0.0960167230654367
"ecxll3",8.47721950168529,0.0854079551848899,0.076500648387335,0.0953390708136746
"ecxll3",8.54543215265208,0.0847912944585524,0.0759092656391122,0.0946826828953097
"ecxll3",8.61419368238166,0.0841805750768279,0.0753324444494511,0.0940395863623965
"ecxll3",8.68350850747257,0.0835775959765588,0.074755786553842,0.0933998198125557
"ecxll3",8.75338108006193,0.0829715573556905,0.0741777344638403,0.0927637864240958
"ecxll3",8.8238158881113,0.0823712391494962,0.0736030036363656,0.0921310113567582
"ecxll3",8.89481745569502,0.0817768454087857,0.0730506861540667,0.0915019659572979
"ecxll3",8.96639034329078,0.0811840141861454,0.0724882320810028,0.0908766362397298
"ecxll3",9.03853914807251,0.0805945236275788,0.0719341203779609,0.0902571190427215
"ecxll3",9.11126850420567,0.0800102396961244,0.0713612249924556,0.0896753016643263
"ecxll3",9.18458308314498,0.0794302973906144,0.0708090094502668,0.0890786718879314
"ecxll3",9.25848759393434,0.0788492925973093,0.0702662036866131,0.0884750781680801
"ecxll3",9.33298678350939,0.0782750961724951,0.0697183960067782,0.087860604027229
"ecxll3",9.4080854370024,0.0777028962432447,0.0691860379390932,0.0872450310691543
"ecxll3",9.48378837804958,0.0771388913309903,0.0686498437658088,0.0866542625590378
"ecxll3",9.56010046910091,0.0765778653230669,0.0681230711775517,0.0860803599925551
"ecxll3",9.63702661173254,0.0760268086939901,0.067599563561612,0.0854911516991574
"ecxll3",9.71457174696151,0.0754752497168253,0.0670793262716082,0.0848906284729886
"ecxll3",9.79274085556316,0.0749158952459699,0.0665622254777174,0.0843184757531862
"ecxll3",9.8715389583911,0.0743707746060534,0.0660328919139789,0.0837467027790291
"ecxll3",9.95097111669961,0.0738293326577873,0.0655068559866509,0.0831703280201367
"ecxll3",10.0310424324688,0.0732891239112605,0.064992266176286,0.0825730317322526
"ecxll3",10.1117580487322,0.072749666154571,0.0644798816462659,0.0820205714782574
"ecxll3",10.1931231499074,0.0722123939236396,0.063967376237619,0.0814613691446225
"ecxll3",10.2751429621286,0.0716787599203782,0.0634789277737842,0.0808986259473761
"ecxll3",10.3578227535827,0.0711540395946762,0.0629648234285492,0.080340300825799
"ecxll3",10.4411678348473,0.0706273587826224,0.062452449767331,0.0797952909572448
"ecxll3",10.5251835592322,0.0701126249635761,0.0619636824909146,0.0792506330919556
"ecxll3",10.609875323123,0.0696004375654016,0.0614968947371454,0.0787068559277821
"ecxll3",10.6952485663278,0.0690846086883639,0.0610223778684366,0.0781705742902807
"ecxll3",10.7813087724264,0.0685760506992899,0.0605271538342533,0.0776405463822082
"ecxll3",10.8680614691228,0.0680714709101919,0.0600509069629784,0.0771202431842957
"ecxll3",10.9555122286002,0.0675713661845478,0.059561086417826,0.0765956465111475
"ecxll3",11.0436666678787,0.0670687739245289,0.0590810332457555,0.0760741615613226
"ecxll3",11.1325304491763,0.0665731404757336,0.0586142061536534,0.0755561848993257
"ecxll3",11.2221092802725,0.0660725368555597,0.0581583524435299,0.0750425341834459
"ecxll3",11.3124089148749,0.0655817857459192,0.0576998836125666,0.0745500239641807
"ecxll3",11.4034351529888,0.0650938721379701,0.0572512977067137,0.0740297536651239
"ecxll3",11.4951938412897,0.0646054796292412,0.0568032974019824,0.0735099462141722
"ecxll3",11.5876908734988,0.0641288708348428,0.0563433506360553,0.0729927913290683
"ecxll3",11.6809321907619,0.0636489246616677,0.0558953218608766,0.0724973885085159
"ecxll3",11.7749237820303,0.0631720480839334,0.0554451874618514,0.072002681605064
"ecxll3",11.8696716844462,0.0627021177362255,0.0550027193736538,0.0715053352369866
"ecxll3",11.9651819837302,0.0622318292288783,0.054554143957401,0.0710178792159464
"ecxll3",12.0614608145718,0.0617680454535424,0.0541143892041269,0.0705351914407567
"ecxll3",12.1585143610242,0.0613072566579255,0.0536762320701904,0.070055455140324
"ecxll3",12.2563488569009,0.0608526272450895,0.0532424096363206,0.0695775255177401
"ecxll3",12.3549705861763,0.0603984368880588,0.0528120195703028,0.0690991402263619
"ecxll3",12.4543858833893,0.0599428761547651,0.052388663365743,0.0686235764379918
"ecxll3",12.5546011340502,0.0594879616308174,0.0519642502719433,0.0681416988433429
"ecxll3",12.655622775051,0.0590412296434934,0.0515429037027752,0.0676654190648748
"ecxll3",12.7574572950785,0.05859565089635,0.0511246805137366,0.0671961007117689
"ecxll3",12.8601112350314,0.0581593458260203,0.0507168669243363,0.0667246532575925
"ecxll3",12.96359118844,0.0577188512620674,0.0503121763668645,0.0662565928604172
"ecxll3",13.0679038018904,0.0572783985366548,0.0499197225054437,0.0657983332397637
"ecxll3",13.1730557754507,0.0568512669229873,0.0495228228596593,0.0653530571144381
"ecxll3",13.2790538631017,0.0564260238112043,0.0491276533066397,0.0648841602188595
"ecxll3",13.3859048731709,0.0560022728887073,0.0487386364380343,0.0644248422661001
"ecxll3",13.4936156687692,0.0555819885629747,0.0483471733352021,0.0639791149730646
"ecxll3",13.6021931682324,0.0551612754702299,0.0479526844260938,0.0635293390270821
"ecxll3",13.7116443455652,0.0547458743850808,0.0475611487282738,0.0630954944611829
"ecxll3",13.821976230889,0.0543262401339043,0.0471726858463873,0.0626581554426374
"ecxll3",13.9331959108939,0.0539176666201547,0.0467966826952518,0.0622233318103896
"ecxll3",14.0453105292936,0.0535120359383933,0.0464226901448382,0.0617807315451985
"ecxll3",14.1583272872842,0.0531038896699385,0.0460515674103957,0.0613356341539588
"ecxll3",14.2722534440068,0.0526998775274988,0.0456798364022538,0.0608938206553103
"ecxll3",14.3870963170139,0.0523010585609519,0.045308056275385,0.0604575947627594
"ecxll3",14.5028632827393,0.0519020330672795,0.0449423418729977,0.0600255414423447
"ecxll3",14.6195617769718,0.0515063408934813,0.0445770806606815,0.059615162979999
"ecxll3",14.7371992953328,0.0511175286065452,0.0442160706909852,0.0592107974301147
"ecxll3",14.8557833937581,0.0507332168290055,0.0438589880155159,0.0588052074643674
"ecxll3",14.9753216889827,0.0503461362128015,0.0434979822009875,0.058397146684572
"ecxll3",15.0958218590306,0.0499662306003406,0.0431432229479824,0.0579834226562865
"ecxll3",15.2172916437073,0.0495873111369919,0.042791729371955,0.0575929663671289
"ecxll3",15.3397388450975,0.0492113174721287,0.0424490122792742,0.057190872254384
"ecxll3",15.4631713280661,0.0488432792623842,0.0421038506341816,0.0567959021156909
"ecxll3",15.587597020763,0.0484745255791187,0.0417637963169258,0.056400105844894
"ecxll3",15.7130239151329,0.0481036912562269,0.0414172326539273,0.0559990599247296
"ecxll3",15.8394600674282,0.0477351642441975,0.0410736991570678,0.0556123230175759
"ecxll3",15.9669135987267,0.0473687429442611,0.0407319598854332,0.0552235661878547
"ecxll3",16.0953926954529,0.0470096668503749,0.0404038388497718,0.0548300265394813
"ecxll3",16.2249056099044,0.0466475953605293,0.0400740840426175,0.054438825180568
"ecxll3",16.3554606607814,0.046293169061817,0.0397461427070641,0.0540504232524288
"ecxll3",16.4870662337211,0.0459400212859774,0.0394312737330769,0.0536645857232858
"ecxll3",16.6197307818366,0.0455932448607699,0.0391008445165351,0.0532808909520911
"ecxll3",16.7534628262597,0.0452471155054261,0.0387785686671077,0.0528981043691772
"ecxll3",16.888270956688,0.0449058107455888,0.0384571919299309,0.0525096412637167
"ecxll3",17.0241638319371,0.0445628954457062,0.0381380016061827,0.052123816086502
"ecxll3",17.1611501804961,0.0442239128313024,0.0378300990572997,0.0517406140723911
"ecxll3",17.299238801089,0.0438852525912087,0.0375195612736216,0.0513600204924095
"ecxll3",17.4384385632392,0.0435478276003503,0.0372114405251123,0.0509884582973098
"ecxll3",17.5787584078396,0.0432143835888626,0.0369057164629663,0.0506351817782287
"ecxll3",17.7202073477267,0.0428824959679241,0.0366033921792721,0.0503007710362
"ecxll3",17.8627944682595,0.0425530659310821,0.0363069859383226,0.0499331178330105
"ecxll3",18.0065289279031,0.042228946027464,0.0360039241571191,0.0495723220753015
"ecxll3",18.151419958817,0.041903718166405,0.0357137402549892,0.0492175261432863
"ecxll3",18.297476867448,0.0415808502771714,0.0354131459759586,0.0488734209838971
"ecxll3",18.444709035128,0.0412558691039674,0.035119966425388,0.0485335698703805
"ecxll3",18.5931259186765,0.0409376637891255,0.0348305877825019,0.0481792464483123
"ecxll3",18.7427370510083,0.0406211088269402,0.0345432871187521,0.0478281038536005
"ecxll3",18.8935520417454,0.0403131029494159,0.0342462322743348,0.0474831367556693
"ecxll3",19.0455805778344,0.0400065579791737,0.0339606386221559,0.0471495124407089
"ecxll3",19.1988324241689,0.0396945159976754,0.0336854903842093,0.0468194421477414
"ecxll3",19.3533174242163,0.0393860525718243,0.0334045505263249,0.0464882190921697
"ecxll3",19.5090455006505,0.0390822831175025,0.0331223429206518,0.0461469403070497
"ecxll3",19.6660266559888,0.0387799447789437,0.032842561350919,0.0458159514600182
"ecxll3",19.8242709732348,0.038483194337355,0.0325633764770261,0.0454895080715939
"ecxll3",19.9837886165257,0.0381850226479255,0.0322894034217815,0.0451789691086553
"ecxll3",20.1445898317852,0.0378921305266286,0.0320160506036128,0.044853827693186
"ecxll3",20.306684947382,0.0376005787666464,0.0317512574953095,0.0445451807518381
"ecxll3",20.4700843747925,0.0373117867299726,0.0314825339670326,0.0442457910063261
"ecxll3",20.6347986092701,0.0370224385812459,0.0312153314868744,0.0439431238675346
"ecxll3",20.800838230519,0.0367369778675182,0.030952760040022,0.0436294447680464
"ecxll3",20.9682139033741,0.0364529010894034,0.0306914679194842,0.0433294255023229
"ecxll3",21.1369363784857,0.0361697125270318,0.0304408831798466,0.0430284256975699
"ecxll3",21.3070164930098,0.0358865943166217,0.0301922691526151,0.0427222757361572
"ecxll3",21.4784651713049,0.0356099748621687,0.0299356000797933,0.0424255368531201
"ecxll3",21.651293425633,0.0353325013107334,0.0296777936022456,0.042124507550998
"ecxll3",21.8255123568674,0.0350560784497038,0.0294254241746893,0.0418118011110627
"ecxll3",22.0011331552051,0.0347847333007317,0.0291867825226688,0.0415057453198123
"ecxll3",22.1781671008864,0.0345148397053956,0.0289464892231063,0.0412067585944088
"ecxll3",22.3566255649188,0.0342485641155864,0.0287081004351727,0.0409097362386485
"ecxll3",22.5365200098075,0.0339838080444645,0.0284713968838604,0.0406146448852912
"ecxll3",22.7178619902917,0.0337225440508912,0.0282319992891234,0.0403215654553031
"ecxll3",22.9006631540869,0.0334610181497802,0.0279946431828159,0.0400304859097326
"ecxll3",23.0849352426328,0.0332019721767707,0.0277662632589173,0.03974128071735
"ecxll3",23.2706900918477,0.032948360361229,0.0275385450232329,0.0394584488060088
"ecxll3",23.4579396328883,0.0326889885649352,0.0273018073235387,0.0391848715944935
"ecxll3",23.6466958929168,0.0324362297502934,0.0270670272704224,0.038894870643773
"ecxll3",23.8369709958725,0.0321862130617992,0.0268352573777164,0.0386053753099334
"ecxll3",24.0287771632513,0.0319376151483937,0.0266139770036852,0.03833432882938
"ecxll3",24.2221267148902,0.0316905238282767,0.0263980216273235,0.0380733936371049
"ecxll3",24.417032069759,0.0314411107545618,0.0261837523783115,0.0378122451608003
"ecxll3",24.6135057467575,0.0311960478865788,0.0259598065852838,0.0375385922987112
"ecxll3",24.81156036552,0.0309520464664655,0.0257374929244581,0.0372665744105888
"ecxll3",25.0112086472259,0.0307124082682881,0.0255170143901994,0.0369961585345123
"ecxll3",25.2124634154163,0.0304721116955777,0.0252983570070252,0.03672760932774
"ecxll3",25.4153375968182,0.0302343999209348,0.0250815068858252,0.0364609152874261
"ecxll3",25.6198442221746,0.029992189671426,0.0248664144681392,0.0361917555918642
"ecxll3",25.8259964270813,0.0297569595169551,0.0246535341801527,0.0359234790436918
"ecxll3",26.033807452831,0.0295269707412436,0.0244450022500308,0.0356524582216448
"ecxll3",26.2432906472632,0.0292982203148131,0.0242444384181165,0.0353970067848393
"ecxll3",26.4544594656224,0.0290677353625479,0.0240420355871871,0.0351506503974365
"ecxll3",26.6673274714213,0.0288385840707756,0.0238410243837119,0.034899071793268
"ecxll3",26.8819083373129,0.0286108682443356,0.0236416397846462,0.0346492326107452
"ecxll3",27.0982158459683,0.028385732011182,0.0234438695274683,0.0343986042563663
"ecxll3",27.3162638909619,0.0281650079107084,0.0232477014270765,0.0341487276369466
"ecxll3",27.5360664776639,0.0279472162900386,0.0230531233755566,0.0339005845358145
"ecxll3",27.7576377241399,0.0277294232668735,0.0228556030477733,0.0336546587585908
"ecxll3",27.9809918620578,0.027514239604005,0.0226589798993488,0.0334155628373848
"ecxll3",28.2061432376016,0.027300551550163,0.0224639955497078,0.0331780869186828
"ecxll3",28.4331063123932,0.0270894775181647,0.0222706372437742,0.0329372961870929
"ecxll3",28.6618956644211,0.0268768587273814,0.0220788923102273,0.0327070556985367
"ecxll3",28.8925259889768,0.0266663443713066,0.0218887481612248,0.0324759712736952
"ecxll3",29.1250120995988,0.0264568721430101,0.021700192292122,0.0322451066526317
"ecxll3",29.3593689290236,0.0262486022554423,0.0215144646872962,0.0320116499317794
"ecxll3",29.5956115301457,0.0260417795029641,0.0213316210770559,0.031776097073766
"ecxll3",29.8337550769836,0.0258392785380721,0.0211504093778634,0.0315422010496854
"ecxll3",30.0738148656549,0.0256341019455036,0.0209713386863219,0.0313099405415972
"ecxll3",30.3158063153588,0.0254318504518904,0.0207958410955809,0.0310863487866644
"ecxll3",30.5597449693662,0.0252326648898003,0.0206227050369667,0.0308662013653354
"ecxll3",30.8056464960183,0.0250334231959311,0.0204482076086795,0.0306421369070944
"ecxll3",31.0535266897329,0.0248381339708997,0.0202775144261964,0.0304254528756344
"ecxll3",31.303401472019,0.0246417237842932,0.0201092828159456,0.0302102407984851
"ecxll3",31.5552868924991,0.0244506351078289,0.0199394502823143,0.0299964915271225
"ecxll3",31.8091991299405,0.0242564713467852,0.0197691551036686,0.0297841358784978
"ecxll3",32.0651544932943,0.0240669966140838,0.0196002736577308,0.029573126236138
"ecxll3",32.3231694227429,0.0238762235536311,0.0194351423403953,0.029361405821858
"ecxll3",32.5832604907559,0.0236885096573733,0.0192732478948162,0.0291476745350873
"ecxll3",32.8454444031548,0.0234980849511276,0.019103280104717,0.0289319792480769
"ecxll3",33.1097380001858,0.0233128283859061,0.0189380967519842,0.0287178157475295
"ecxll3",33.3761582576015,0.0231299508522208,0.0187760324683982,0.0285049755736904
"ecxll3",33.6447222877514,0.0229488844726149,0.0186152890234508,0.0282937403331665
"ecxll3",33.915447340681,0.0227689768901451,0.0184558115919755,0.0280842256920028
"ecxll3",34.1883508052395,0.0225900758618592,0.0182976647397936,0.0278847047725071
"ecxll3",34.463450210197,0.0224106925650222,0.0181409181685635,0.0276890562636699
"ecxll3",34.7407632253705,0.022235382247474,0.017985508581437,0.0274921113254163
"ecxll3",35.0203076627583,0.0220611224792054,0.0178322856651581,0.0272857562146615
"ecxll3",35.3021014776849,0.0218873317751946,0.0176815322724399,0.0270808936162547
"ecxll3",35.5861627699533,0.0217138832853203,0.0175320226172623,0.0268775135793693
"ecxll3",35.8725097850083,0.0215407302700682,0.0173830354660143,0.0266832977539889
"ecxll3",36.1611609151084,0.0213691493996204,0.0172319166027829,0.026496787345497
"ecxll3",36.4521347005065,0.0212006577399455,0.0170828447041195,0.0262984200696662
"ecxll3",36.7454498306416,0.0210332640928703,0.0169391075288935,0.0261010436839046
"ecxll3",37.0411251453384,0.0208653601406585,0.0167974570888775,0.0259074285806615
"ecxll3",37.3391796360183,0.0207008141907035,0.0166571534114271,0.0257196941370258
"ecxll3",37.6396324469184,0.0205353699774007,0.016518032924372,0.0255302994709573
"ecxll3",37.9425028763215,0.0203740013367557,0.0163797901115973,0.0253483841158562
"ecxll3",38.2478103777958,0.0202135072249272,0.0162410713320144,0.025167235984747
"ecxll3",38.5555745614443,0.0200558494978622,0.0161024683725646,0.0249856356775145
"ecxll3",38.8658151951639,0.0198988766679103,0.0159634905890496,0.0247983552488933
"ecxll3",39.1785522059162,0.0197425202040167,0.0158313191830738,0.0246179462809437
"ecxll3",39.4938056810061,0.0195841045284034,0.0156977568998449,0.0244431136134047
"ecxll3",39.8115958693731,0.0194305555034791,0.0155646439834345,0.0242669850832242
"ecxll3",40.1319431828912,0.0192758191359828,0.0154326359613367,0.0240874150163614
"ecxll3",40.4548681976805,0.0191239177677044,0.0153017650211583,0.0239090539378664
"ecxll3",40.7803916554284,0.018972800855348,0.015172039176836,0.0237324991305702
"ecxll3",41.1085344647219,0.0188221174426577,0.0150430844369509,0.0235604530761327
"ecxll3",41.4393177023909,0.0186726350937821,0.0149128018586195,0.0233896163470452
"ecxll3",41.7727626148617,0.0185234953570991,0.0147836245174622,0.0232199809907649
"ecxll3",42.1088906195217,0.0183752225417601,0.0146558197661795,0.0230521873189322
"ecxll3",42.4477233060951,0.0182298978749341,0.014532617871559,0.0228860697648841
"ecxll3",42.7892824380295,0.0180848891602554,0.0144104316584925,0.0227182567498785
"ecxll3",43.1335899538942,0.0179420659761682,0.0142879721130005,0.0225516551375546
"ecxll3",43.4806679687887,0.0177988547952988,0.0141638042523381,0.0223862526354813
"ecxll3",43.8305387757636,0.0176562878672382,0.0140403101297763,0.0222220265330574
"ecxll3",44.1832248472524,0.0175174205670089,0.0139178712402072,0.0220589543507893
"ecxll3",44.5387488365149,0.0173791760297673,0.0137965139838145,0.0218970114436267
"ecxll3",44.8971335790922,0.0172403914484258,0.0136762055288855,0.0217371476871056
"ecxll3",45.2584020942735,0.0171044002755612,0.013556925806094,0.0215793149059141
"ecxll3",45.6225775865747,0.0169683448011396,0.0134389680824327,0.0214225950937035
"ecxll3",45.9896834472286,0.0168311704107355,0.0133239713676677,0.0212660567215898
"ecxll3",46.3597432556877,0.0166972685627677,0.0132099411818962,0.0211108055095066
"ecxll3",46.7327807811383,0.0165667273881432,0.0130968696999236,0.0209564652790509
"ecxll3",47.1088199840276,0.0164359911802567,0.0129847491548196,0.0208011924804932
"ecxll3",47.4878850176025,0.0163050945485167,0.012873571837572,0.0206504850069926
"ecxll3",47.8700002294609,0.016175270712203,0.0127633579645582,0.0204990455949668
"ecxll3",48.2551901631159,0.0160465652500524,0.0126525383217798,0.0203482942873887
"ecxll3",48.6434795595717,0.0159188147751993,0.0125422624038265,0.0201986135898567
"ecxll3",49.0348933589133,0.0157912662683659,0.0124329306169013,0.0200498928221993
"ecxll3",49.4294567019081,0.0156662408745611,0.0123245351730637,0.0199039478770129
"ecxll3",49.8271949316206,0.0155416545988138,0.0122170683434838,0.0197591052353052
"ecxll3",50.2281335950408,0.0154172996535531,0.0121105224580838,0.0196128799246691
"ecxll3",50.6322984447242,0.0152934106739811,0.0120051250830804,0.0194676713585633
"ecxll3",51.0397154404467,0.0151713800614413,0.0119034018940704,0.0193270735207056
"ecxll3",51.4504107508715,0.0150521063594481,0.0118027841639331,0.0191896952096779
"ecxll3",51.8644107552302,0.0149324531439731,0.0117020667483271,0.0190532616181204
"ecxll3",52.281742045017,0.0148146917649697,0.0115984321477362,0.0189177745554063
"ecxll3",52.7024314256971,0.0146988798041644,0.0114988070021531,0.0187832277877793
"ecxll3",53.1265059184276,0.0145820339784343,0.0114000672803569,0.0186476474822363
"ecxll3",53.5539927617939,0.0144661957034901,0.0113022083860722,0.0185078931682142
"ecxll3",53.9849194135589,0.0143505339271286,0.0112051762869254,0.018373837905349
"ecxll3",54.4193135524267,0.0142365280176828,0.0111089642237155,0.0182422880913365
"ecxll3",54.8572030798202,0.0141232161229843,0.0110135654886276,0.0181091466688227
"ecxll3",55.2986161216736,0.0140110202497903,0.0109189734249097,0.0179744465546277
"ecxll3",55.7435810302388,0.0138996052073415,0.0108251814265497,0.017840724237374
"ecxll3",56.1921263859063,0.0137893095060386,0.010732182937953,0.0177079729771151
"ecxll3",56.6442809990412,0.01367973188672,0.0106399714536217,0.0175761860750495
"ecxll3",57.1000739118335,0.0135711711380272,0.0105485405178343,0.0174485054127203
"ecxll3",57.5595344001635,0.0134633736728657,0.0104564326419832,0.0173241589866534
"ecxll3",58.0226919754827,0.0133557650211306,0.0103645658426713,0.0172006164023201
"ecxll3",58.4895763867087,0.0132485627288552,0.0102752636214351,0.01707379963215
"ecxll3",58.9602176221361,0.0131436359184465,0.0101870307110173,0.0169463905581986
"ecxll3",59.4346459113629,0.0130379692569684,0.0100985662943783,0.0168198873898087
"ecxll3",59.9128917272322,0.0129336509739411,0.0100098245167552,0.0166942284638157
"ecxll3",60.3949857877892,0.0128301375498921,0.00992193353215315,0.0165730192658471
"ecxll3",60.8809590582546,0.0127279398556509,0.00983490705854072,0.0164531029125794
"ecxll3",61.3708427530131,0.012625879997899,0.00975094380882789,0.0163318458937596
"ecxll3",61.8646683376187,0.0125244669767497,0.009667772544898,0.0162133519822836
"ecxll3",62.3624675308154,0.0124245953122062,0.009585301364932,0.0160956358940239
"ecxll3",62.8642723065749,0.0123246814029817,0.00950352453460327,0.0159764291849851
"ecxll3",63.37011489615,0.0122260687571942,0.00942243636385953,0.0158591359146276
"ecxll3",63.8800277901452,0.0121284667766025,0.00934204983434056,0.0157434718144693
"ecxll3",64.394043740603,0.0120315159560651,0.0092623404633515,0.0156285893119609
"ecxll3",64.9121957631082,0.0119371291297058,0.00918308927131585,0.0155141448150034
"ecxll3",65.434517138908,0.0118417922850483,0.0091034394598254,0.0153976405224307
"ecxll3",65.9610414170501,0.0117477810896888,0.00902447213534008,0.0152819794115535
"ecxll3",66.4918024165373,0.0116542448252751,0.00894685039828065,0.0151702959105139
"ecxll3",67.0268342285,0.0115604925320064,0.00886927243665113,0.0150565960802857
"ecxll3",67.5661712183855,0.0114674272737596,0.00879180538823839,0.0149437304552683
"ecxll3",68.1098480281657,0.011374789897774,0.00871534559355861,0.0148316941694735
"ecxll3",68.6578995785618,0.0112843433911122,0.0086395226129382,0.0147232853759536
"ecxll3",69.2103610712876,0.0111934251458653,0.00856449551327646,0.0146147431592152
"ecxll3",69.7672679913105,0.0111035373926291,0.00849034226788382,0.01450926558971
"ecxll3",70.3286561091304,0.0110144098021657,0.00841718585552565,0.0144037580397688
"ecxll3",70.8945614830778,0.0109262126696492,0.0083446525848259,0.0142987901383562
"ecxll3",71.4650204616294,0.0108387184301635,0.00827273727157384,0.0141931965931241
"ecxll3",72.0400696857429,0.0107525927442318,0.00820071718703611,0.0140864020252242
"ecxll3",72.6197460912106,0.0106658909667418,0.00812922750610509,0.013980330947377
"ecxll3",73.2040869110316,0.0105799885263442,0.00805835406278667,0.0138750183802254
"ecxll3",73.7931296778033,0.0104957831651481,0.00798809807440109,0.0137704692837705
"ecxll3",74.3869122261328,0.0104119387271089,0.00791876448431577,0.0136666776037698
"ecxll3",74.9854726950661,0.0103283965726503,0.00785076672250665,0.0135648196399086
"ecxll3",75.5888495305381,0.0102449872360608,0.00778334666649137,0.0134638856784829
"ecxll3",76.1970814878424,0.0101628246735204,0.00771585140823635,0.0133647818770162
"ecxll3",76.8102076341201,0.0100809631741778,0.00764791258011489,0.0132664516360985
"ecxll3",77.4282673508693,0.00999965672394983,0.00758056768535014,0.0131688327007609
"ecxll3",78.0513003364748,0.00991889847117822,0.00751380951524414,0.0130719201037406
"ecxll3",78.6793466087576,0.00984012266567659,0.0074481618411518,0.0129757089098479
"ecxll3",79.3124465075454,0.00976043492637743,0.00738339247579595,0.0128801469317981
"ecxll3",79.9506406972636,0.00968210384335138,0.00732000135419098,0.0127852697884565
"ecxll3",80.5939701695475,0.00960465550597382,0.00725731330566704,0.0126910802131867
"ecxll3",81.2424762458747,0.00952741144460914,0.00719516682879342,0.0125975733893343
"ecxll3",81.89620058022,0.0094522261828489,0.00713354786042105,0.012503721785993
"ecxll3",82.5551851617299,0.00937686597282865,0.00707245146957324,0.0124105072058761
"ecxll3",83.2194723174201,0.00930184213032481,0.00701187331178768,0.0123179763779113
"ecxll3",83.8891047148943,0.009227574098746,0.00695180907722831,0.0122261244524164
"ecxll3",84.5641253650847,0.00915279489902415,0.00689225449043505,0.0121349466116421
"ecxll3",85.2445776250141,0.0090794435816716,0.00683256017494137,0.0120444380695979
"ecxll3",85.9305052005819,0.00900630770449528,0.00677305686297312,0.0119545940718797
"ecxll3",86.62195214937,0.00893334207642048,0.0067140669905956,0.0118654098954974
"ecxll3",87.3189628834737,0.00886142041405887,0.00665558621006936,0.0117770804465482
"ecxll3",88.0215821723536,0.0087908833874579,0.00659711048370042,0.0116919354904539
"ecxll3",88.7298551457117,0.00872002571423834,0.00653908418975429,0.0116073742814888
"ecxll3",89.4438272963896,0.0086498008143731,0.00648156366745659,0.0115222001712002
"ecxll3",90.1635444832915,0.0085804886574558,0.0064249404379047,0.0114352845005279
"ecxll3",90.8890529343285,0.00851166658703243,0.00636933399076645,0.011353203647714
"ecxll3",91.6203992493884,0.00844383238003898,0.00631420465408817,0.0112718521471748
"ecxll3",92.3576304033292,0.00837642558086974,0.00625954840579015,0.0111907405732026
"ecxll3",93.1007937489958,0.00830858316445498,0.00620536125646451,0.01110573088725
"ecxll3",93.8499370202616,0.00824137616061388,0.00615134147612848,0.0110213572329543
"ecxll3",94.605108335095,0.00817500250865618,0.00609769807717066,0.0109376149991719
"ecxll3",95.3663561986491,0.00810954215007321,0.00604451861279582,0.0108569617221952
"ecxll3",96.1337295063782,0.00804415307803619,0.00599181108172198,0.0107774346296915
"ecxll3",96.9072775471775,0.00797988360913327,0.00593956644854642,0.0106984819687293
"ecxll3",97.6870500065498,0.00791534003749508,0.00588777368553072,0.0106200926159926
"ecxll3",98.473096969796,0.00785191898247585,0.00583597723522548,0.010542221682051
"ecxll3",99.2654689252332,0.0077885761207521,0.00578418791418424,0.0104642850371716
"ecxll3",100.064216767436,0.0077256847486725,0.00573287379258348,0.0103848881451441
"ecxll3",100.869391800508,0.00766341529161664,0.00568258364260155,0.0103060852622477
"ecxll3",101.681045741373,0.00760202467586309,0.00563395024889266,0.0102278720716973
"ecxll3",102.499230723101,0.00754061277794973,0.0055857528491022,0.0101502442861516
"ecxll3",103.323999298256,0.00748028209066409,0.00553755771676702,0.0100735663022442
"ecxll3",104.155404442268,0.0074200604458311,0.00548924413504282,0.0100009127618889
"ecxll3",104.993499556841,0.00736028000881889,0.00544134894004984,0.00992868051867339
"ecxll3",105.838338473379,0.00730072900775181,0.00539386856311581,0.00985696228417286
"ecxll3",106.689975456443,0.00724181103815097,0.00534679946506099,0.00978305376574808
"ecxll3",107.548465207242,0.0071838661435357,0.00530013813597093,0.00970762272464691
"ecxll3",108.413862867139,0.00712650980630784,0.00525388109497075,0.009634323209168
"ecxll3",109.2862240212,0.00706920284204512,0.00520802489000083,0.00956303516171512
"ecxll3",110.165604701759,0.00701266279726851,0.00516256609759393,0.00949226747395603
"ecxll3",111.052061392018,0.00695634836561129,0.00511750132265386,0.00942361115570751
"ecxll3",111.945651029678,0.00690031169435104,0.00507282719823547,0.00935566730922375
"ecxll3",112.846431010593,0.00684488206975509,0.00502854038532613,0.00928820771318552
"ecxll3",113.754459192457,0.00678993278147832,0.00498463757262863,0.00922122899709267
"ecxll3",114.66979389852,0.00673526870281876,0.00494111547634558,0.00915472096409523
"ecxll3",115.592493921338,0.00668125698173977,0.00489797083996506,0.00908865983365457
"ecxll3",116.522618526542,0.00662771076429813,0.00485520043404788,0.00902208421839724
"ecxll3",117.460227456653,0.0065742664582013,0.00481355261834689,0.00895405026048564
"ecxll3",118.405380934911,0.00652156451363888,0.00477140477897147,0.00888648555558853
"ecxll3",119.358139669152,0.00646887811855378,0.00472964591591737,0.00881941940013667
"ecxll3",120.318564855698,0.00641724465017175,0.00468867010178503,0.00875285337250441
"ecxll3",121.286718183295,0.0063656585426516,0.00464806202563117,0.00868678383370118
"ecxll3",122.262661837072,0.00631420636611959,0.0046073192822409,0.00862120716985103
"ecxll3",123.246458502536,0.00626350702914919,0.00456723205916537,0.00855611979203992
"ecxll3",124.238171369597,0.00621319568307552,0.00452749293435016,0.00849151813616367
"ecxll3",125.237864136631,0.00616358046334722,0.00448812322656158,0.0084273986627765
"ecxll3",126.245601014563,0.00611362507554278,0.00444909952152094,0.0083647792957007
"ecxll3",127.261446731002,0.00606418628502527,0.00441080649346479,0.00830274500336843
"ecxll3",128.28546653439,0.0060149392809905,0.00437235605584364,0.00824114788364181
"ecxll3",129.317726198196,0.0059669235420853,0.00433399163236542,0.00817998278482175
"ecxll3",130.358292025143,0.00591901922462885,0.00429627036173342,0.00811926682774223
"ecxll3",131.407230851461,0.00587099253107347,0.00425887546706703,0.00805899678565964
"ecxll3",132.464610051185,0.00582367592201791,0.00422180415800582,0.00799916945395604
"ecxll3",133.530497540483,0.0057766121787452,0.00418505693161025,0.00793978165000301
"ecxll3",134.604961782011,0.00573012451102057,0.0041486432050957,0.00788083021302644
"ecxll3",135.688071789321,0.00568373715990982,0.00411254450938706,0.00782231200397161
"ecxll3",136.779897131284,0.0056378405811898,0.00407675815023009,0.0077642239053691
"ecxll3",137.880507936565,0.00559157261480262,0.00404128145587182,0.00770656282120109
"ecxll3",138.989974898123,0.00554626464154834,0.00400611177688203,0.00764863557271011
"ecxll3",140.108369277757,0.0055012846100153,0.00397109328747337,0.00759056439372896
"ecxll3",141.235762910678,0.00545734879102695,0.00393636130326056,0.00753292962903282
"ecxll3",142.372228210124,0.00541335887567709,0.00390223465198865,0.00747572806677217
"ecxll3",143.517838172014,0.00536927835115612,0.0038684332253607,0.00741895651770792
"ecxll3",144.672666379635,0.0053261451123827,0.00383475002671528,0.00736261181506791
"ecxll3",145.836787008366,0.0052831701418916,0.00380135857290283,0.00730770875924812
"ecxll3",147.010274830445,0.00524047173392311,0.00376825636372331,0.00725339343260013
"ecxll3",148.193205219772,0.00519810152181517,0.00373544091993934,0.00719991263116502
"ecxll3",149.385654156749,0.00515630972440898,0.00370290978310857,0.00714682247512633
"ecxll3",150.587698233161,0.00511450830782225,0.00367033152468585,0.00709412016513015
"ecxll3",151.799414657093,0.00507304344732065,0.00363789566230757,0.00704180292108782
"ecxll3",153.020881257894,0.00503201018184883,0.0036057450118107,0.00698986798205502
"ecxll3",154.252176491172,0.00499173998453897,0.00357387709053905,0.00693831260611162
"ecxll3",155.493379443834,0.0049517668423368,0.00354230895558065,0.00688713407024189
"ecxll3",156.744569839169,0.00491217579470754,0.00351130505561129,0.00683670687505189
"ecxll3",158.005828041962,0.00487249824768787,0.00348106131672208,0.00678714786206128
"ecxll3",159.277235063663,0.00483351201407076,0.00345148019859365,0.00673794503337573
"ecxll3",160.558872567587,0.00479457705641204,0.00342187364286479,0.00668872163833905
"ecxll3",161.850822874158,0.0047558581126929,0.00339197455356306,0.00663897956452571
"ecxll3",163.1531689662,0.00471714800073783,0.00336283556694713,0.00658904154860313
"ecxll3",164.465994494265,0.0046786408647157,0.00333320892460211,0.00654067031237057
"ecxll3",165.789383782004,0.0046406429947739,0.00330431023505089,0.0064920670189759
"ecxll3",167.123421831588,0.00460365645846393,0.0032752131559662,0.0064439150292545
"ecxll3",168.468194329163,0.00456631949830363,0.00324637791096691,0.00639714555177004
"ecxll3",169.823787650357,0.00452931429479646,0.00321794315376913,0.00635071163602644
"ecxll3",171.190288865826,0.004492710761565,0.00319010176223137,0.00630265193941418
"ecxll3",172.567785746848,0.00445636187923801,0.00316250023560584,0.00625498043379671
"ecxll3",173.956366770959,0.00441994559767057,0.00313513692752095,0.00620878972348046
"ecxll3",175.356121127636,0.00438386690604605,0.00310801223935841,0.00616293737704731
"ecxll3",176.76713872403,0.00434814229260994,0.00308113117182582,0.00611742095616227
"ecxll3",178.189510190734,0.00431270708778869,0.00305448386749762,0.00607227453798234
"ecxll3",179.623326887608,0.00427762362353957,0.00302765242892504,0.00602746524230386
"ecxll3",181.068680909648,0.00424317525382925,0.00300100758998876,0.00598295527164226
"ecxll3",182.5256650929,0.00420897864470821,0.00297459627609717,0.00593875301837738
"ecxll3",183.994373020421,0.00417507990375801,0.00294891847664943,0.00589465442077711
"ecxll3",185.474899028295,0.00414149480652648,0.00292350847987291,0.00585136123216771
"ecxll3",186.967338211685,0.00410814985661353,0.00289818735800044,0.00580815887244383
"ecxll3",188.471786430949,0.00407505816623344,0.00287291543728029,0.00576527309462654
"ecxll3",189.988340317792,0.00404219363633196,0.00284787059712356,0.0057227016140746
"ecxll3",191.517097281474,0.00400953722064946,0.00282304471387585,0.00568044216211549
"ecxll3",193.058155515065,0.00397697303563812,0.00279843441101452,0.00563849248594147
"ecxll3",194.611614001757,0.00394477140083403,0.00277403783101095,0.00559684574804632
"ecxll3",196.177572521216,0.00391276806690143,0.00274985313208991,0.00555547480776511
"ecxll3",197.756131655994,0.00388083369898116,0.00272587848810029,0.00551440747845648
"ecxll3",199.347392797989,0.00384900614169113,0.00270211208838695,0.00547346172512582
"ecxll3",200.951458154957,0.00381779136609145,0.00267847405647328,0.00543212833746977
"ecxll3",202.568430757078,0.00378721321153929,0.00265499341827693,0.00539110480767744
"ecxll3",204.198414463573,0.00375683654850827,0.0026317161021237,0.00535038884715376
"ecxll3",205.841513969372,0.00372655656155796,0.00260864212103244,0.00530996321485369
"ecxll3",207.497834811846,0.00369649619575412,0.00258583417406695,0.00527001495530881
"ecxll3",209.167483377579,0.00366648907394059,0.00256317252910542,0.00523140840275846
"ecxll3",210.850566909201,0.00363682584853499,0.00254071106907315,0.00519308284830312
"ecxll3",212.547193512284,0.00360744408090439,0.00251889126772907,0.00515414247445952
"ecxll3",214.257472162275,0.00357805533677147,0.00249718273227355,0.0051155755992709
"ecxll3",215.981512711506,0.0035492875788941,0.00247548843370137,0.00507771484234305
"ecxll3",217.71942589624,0.00352057266295098,0.00245389283131123,0.00504010870996446
"ecxll3",219.471323343794,0.00349209517005758,0.00243248499184917,0.00500277208086874
"ecxll3",221.237317579698,0.00346359879198198,0.00241126329379528,0.00496570793993639
"ecxll3",223.017522034931,0.00343559528441185,0.00239022612944223,0.00492815254726581
"ecxll3",224.812051053205,0.00340766236982052,0.00236937190478092,0.00489087941381384
"ecxll3",226.621019898305,0.00337993066105153,0.00234869903938707,0.00485388644487784
"ecxll3",228.444544761497,0.00335245627581371,0.00232820596630865,0.00481787085819405
"ecxll3",230.28274276899,0.00332523025437243,0.00230789113195411,0.00478234823093748
"ecxll3",232.13573198946,0.00329815492034344,0.00228775299598169,0.00474728206440742
"ecxll3",234.003631441629,0.00327135381342311,0.00226779003118936,0.00471254838636717
"ecxll3",235.886561101917,0.00324494511842164,0.00224800072340578,0.00467806733234604
"ecxll3",237.784641912141,0.00321866302515175,0.00222838357138203,0.00464383708693735
"ecxll3",239.697995787287,0.00319275705761661,0.00220893708668424,0.00460985584745987
"ecxll3",241.626745623342,0.00316682765551855,0.00218965979358699,0.00457582196738906
"ecxll3",243.571015305184,0.00314130099634343,0.00217055022896766,0.00454193389442912
"ecxll3",245.530929714541,0.00311596801536389,0.00215160694220151,0.00450829436620849
"ecxll3",247.506614738014,0.00309043196426137,0.00213275507666098,0.00447487204223791
"ecxll3",249.498197275159,0.00306530583687164,0.00211404187848349,0.00444114664191625
"ecxll3",251.505805246639,0.00304055809471928,0.00209538425244325,0.00440837118725384
"ecxll3",253.529567602445,0.00301600901412821,0.00207664203708054,0.00437585070809432
"ecxll3",255.56961433017,0.00299171796214304,0.00205806698416179,0.00434356878142095
"ecxll3",257.626076463368,0.00296737417804139,0.00203965761128374,0.00431151571641622
"ecxll3",259.699086089962,0.00294320925607963,0.00202141244903721,0.00427956800837515
"ecxll3",261.788776360732,0.00291938712820675,0.00200333004089585,0.00424785574125853
"ecxll3",263.895281497866,0.00289587326721041,0.00198550155062024,0.00421637719897226
"ecxll3",266.018736803585,0.00287241789850772,0.00196819390380843,0.00418513067764993
"ecxll3",268.159278668828,0.0028492824886751,0.00195114639276512,0.00415411448556986
"ecxll3",270.317044582015,0.00282613104069682,0.00193424614633595,0.00412332694307262
"ecxll3",272.49217313788,0.00280316746004658,0.0019174959377676,0.00409276638247907
"ecxll3",274.684804046368,0.00278030019925464,0.00190089491172329,0.00406243114800887
"ecxll3",276.895078141615,0.0027576387881193,0.00188410909977949,0.004032309826657
"ecxll3",279.123137390988,0.00273534931575121,0.00186790226472785,0.004002402020882
"ecxll3",281.369124904208,0.00271323935937695,0.00185183449957261,0.00397237708500826
"ecxll3",283.633184942539,0.00269128483185523,0.00183586912518659,0.00394235057183778
"ecxll3",285.915462928055,0.00266950937442481,0.00181984032174064,0.00391252914586919
"ecxll3",288.216105452982,0.00264789468449201,0.00180386578667866,0.00388292956129262
"ecxll3",290.535260289112,0.00262652303992272,0.00178803112619895,0.00385355277431975
"ecxll3",292.873076397296,0.00260526549237882,0.00177233512165848,0.00382441466676872
"ecxll3",295.229703937008,0.00258399395977561,0.00175677656492468,0.00379550759815862
"ecxll3",297.605294275997,0.00256306779231805,0.00174135425828666,0.00376681795096735
"ecxll3",300,0.00254241354897705,0.00172606701436711,0.00373905966715148
