"fit","x_e","y_e","y_ci","x_r","y_r","nec_vals"
"Cu",0.002,615250.903066045,487085.920580572,NA,NA,NA
"Cu",0.0122486486486486,614091.527338388,486230.540879921,NA,NA,NA
"Cu",0.0224972972972973,609623.392751006,483433.343811697,NA,NA,NA
"Cu",0.0327459459459459,599176.554592756,475572.467004363,NA,NA,NA
"Cu",0.0429945945945946,579437.663337061,458307.269010849,NA,NA,NA
"Cu",0.0532432432432432,550025.421293354,432226.348498376,NA,NA,NA
"Cu",0.0634918918918919,509317.645719685,399566.195211217,NA,NA,NA
"Cu",0.0737405405405405,460237.31535138,362097.801393918,NA,NA,NA
"Cu",0.0839891891891892,405757.79659627,319848.27842186,NA,NA,NA
"Cu",0.0942378378378378,350938.922422311,276555.143228928,NA,NA,NA
"Cu",0.104486486486486,298197.885116831,235144.593195791,NA,NA,NA
"Cu",0.114735135135135,250483.009087812,197456.675996755,NA,NA,NA
"Cu",0.124983783783784,209108.08394857,164521.374055956,NA,NA,NA
"Cu",0.135232432432432,173901.538174521,136126.625957875,NA,NA,NA
"Cu",0.145481081081081,144371.687734537,112894.671515225,NA,NA,NA
"Cu",0.15572972972973,120203.664883793,93975.046292573,NA,NA,NA
"Cu",0.165978378378378,100325.407333657,78345.057014121,NA,NA,NA
"Cu",0.176227027027027,84055.7405911954,65343.7245151174,NA,NA,NA
"Cu",0.186475675675676,70965.5847767706,54927.7971308473,NA,NA,NA
"Cu",0.196724324324324,60102.8966514649,46412.3212152413,NA,NA,NA
"Cu",0.206972972972973,51262.4719541815,39417.6456574786,NA,NA,NA
"Cu",0.217221621621622,43835.6471448616,33455.4090281862,NA,NA,NA
"Cu",0.22747027027027,37809.8004040676,28327.1899922549,NA,NA,NA
"Cu",0.237718918918919,32815.9445966833,23838.7963538082,NA,NA,NA
"Cu",0.247967567567568,28725.3279428114,19861.3059208031,NA,NA,NA
"Cu",0.258216216216216,25304.8498705303,16479.973923344,NA,NA,NA
"Cu",0.268464864864865,22457.3266992907,13507.2619270368,NA,NA,NA
"Cu",0.278713513513513,20051.7607167741,11005.5814757437,NA,NA,NA
"Cu",0.288962162162162,17997.2762687094,9041.92948474444,NA,NA,NA
"Cu",0.299210810810811,16251.1622707423,7457.59649302928,NA,NA,NA
"Cu",0.309459459459459,14741.0554774125,6313.33015201548,NA,NA,NA
"Cu",0.319708108108108,13440.3004498947,5482.87129794339,NA,NA,NA
"Cu",0.329956756756757,12327.5690240153,4864.14911755035,NA,NA,NA
"Cu",0.340205405405405,11350.2044130378,4420.73366572224,NA,NA,NA
"Cu",0.350454054054054,10503.0950466573,4039.20437512458,NA,NA,NA
"Cu",0.360702702702703,9743.05243094223,3778.50279139059,NA,NA,NA
"Cu",0.370951351351351,9085.4189900087,3600.78497807158,NA,NA,NA
"Cu",0.3812,8506.69464336478,3469.06749761165,NA,NA,NA
"Cu",0.391448648648649,7994.19723122093,3365.10360620922,NA,NA,NA
"Cu",0.401697297297297,7533.43908257777,3304.78428264107,NA,NA,NA
"Cu",0.411945945945946,7135.51343196101,3247.12702615001,NA,NA,NA
"Cu",0.422194594594595,6769.44702516733,3208.59597866895,NA,NA,NA
"Cu",0.432443243243243,6440.92131140557,3156.62839586558,NA,NA,NA
"Cu",0.442691891891892,6152.50810757001,3114.93459581676,NA,NA,NA
"Cu",0.452940540540541,5894.74583305579,3096.28286634706,NA,NA,NA
"Cu",0.463189189189189,5663.08832269731,3046.31689273667,NA,NA,NA
"Cu",0.473437837837838,5444.53540465233,2975.26673975372,NA,NA,NA
"Cu",0.483686486486486,5250.19070758976,2945.63891971171,NA,NA,NA
"Cu",0.493935135135135,5079.01795917918,2900.57731649364,NA,NA,NA
"Cu",0.504183783783784,4917.52750392551,2853.12050800601,NA,NA,NA
"Cu",0.514432432432432,4774.98148277532,2804.53364038646,NA,NA,NA
"Cu",0.524681081081081,4642.92047550923,2751.96607232198,NA,NA,NA
"Cu",0.53492972972973,4515.80444696023,2720.38241628613,NA,NA,NA
"Cu",0.545178378378378,4402.46225440219,2679.55248792371,NA,NA,NA
"Cu",0.555427027027027,4306.27711657488,2644.21389825926,NA,NA,NA
"Cu",0.565675675675676,4213.05009553102,2592.32806639627,NA,NA,NA
"Cu",0.575924324324324,4128.54470453526,2565.16183653237,NA,NA,NA
"Cu",0.586172972972973,4052.10037673812,2530.93415710431,NA,NA,NA
"Cu",0.596421621621622,3976.42565957135,2498.12844835279,NA,NA,NA
"Cu",0.60667027027027,3907.69339437991,2473.45553264408,NA,NA,NA
"Cu",0.616918918918919,3848.06730786288,2437.3768173948,NA,NA,NA
"Cu",0.627167567567568,3791.72619139238,2413.17380821383,NA,NA,NA
"Cu",0.637416216216216,3741.25937886334,2382.41860623903,NA,NA,NA
"Cu",0.647664864864865,3689.27402780038,2356.08739948556,NA,NA,NA
"Cu",0.657913513513513,3641.94697840538,2336.60944576789,NA,NA,NA
"Cu",0.668162162162162,3602.35715646098,2301.9298191203,NA,NA,NA
"Cu",0.678410810810811,3568.36535438965,2279.01892249755,NA,NA,NA
"Cu",0.688659459459459,3532.19538940607,2248.13556440581,NA,NA,NA
"Cu",0.698908108108108,3494.96123203397,2224.94024067483,NA,NA,NA
"Cu",0.709156756756757,3465.93937978568,2212.4923819838,NA,NA,NA
"Cu",0.719405405405405,3435.74416172494,2195.2107082377,NA,NA,NA
"Cu",0.729654054054054,3410.28634108194,2177.56573687848,NA,NA,NA
"Cu",0.739902702702703,3387.26903191964,2158.28564986359,NA,NA,NA
"Cu",0.750151351351351,3361.51684756598,2146.23971281498,NA,NA,NA
"Cu",0.7604,3340.37575059072,2132.04537736951,NA,NA,NA
"Cu",0.770648648648649,3320.08672935787,2115.14313230511,NA,NA,NA
"Cu",0.780897297297297,3299.99219772615,2095.08866461401,NA,NA,NA
"Cu",0.791145945945946,3281.68902362462,2078.69355962086,NA,NA,NA
"Cu",0.801394594594595,3264.35978168,2063.03648150925,NA,NA,NA
"Cu",0.811643243243243,3245.70246019589,2055.38461850056,NA,NA,NA
"Cu",0.821891891891892,3229.52243266907,2046.63920995333,NA,NA,NA
"Cu",0.83214054054054,3215.80361935663,2035.47493490517,NA,NA,NA
"Cu",0.842389189189189,3200.96463831857,2025.39303564844,NA,NA,NA
"Cu",0.852637837837838,3186.92512968182,2021.32391015415,NA,NA,NA
"Cu",0.862886486486486,3174.03310704991,2012.99473678902,NA,NA,NA
"Cu",0.873135135135135,3161.89518500886,2004.40158453134,NA,NA,NA
"Cu",0.883383783783784,3149.97120228074,1996.42532553951,NA,NA,NA
"Cu",0.893632432432432,3141.0047552946,1985.42755037616,NA,NA,NA
"Cu",0.903881081081081,3131.51287503992,1981.87973326512,NA,NA,NA
"Cu",0.91412972972973,3121.78578258422,1976.41704168018,NA,NA,NA
"Cu",0.924378378378378,3112.48177073513,1973.19273132551,NA,NA,NA
"Cu",0.934627027027027,3104.00263132468,1966.66215842105,NA,NA,NA
"Cu",0.944875675675676,3095.27475309657,1961.95008710892,NA,NA,NA
"Cu",0.955124324324324,3089.49030984961,1956.49698042214,NA,NA,NA
"Cu",0.965372972972973,3082.73674780642,1951.67414655172,NA,NA,NA
"Cu",0.975621621621622,3075.37117000305,1947.81663744693,NA,NA,NA
"Cu",0.98587027027027,3069.13133374211,1944.22084378821,NA,NA,NA
"Cu",0.996118918918919,3063.98678640331,1936.76480480834,NA,NA,NA
"Cu",1.00636756756757,3058.09437990337,1931.34465059029,NA,NA,NA
"Cu",1.01661621621622,3050.35147217791,1928.15994454254,NA,NA,NA
"Cu",1.02686486486486,3044.86011781682,1923.97099513862,NA,NA,NA
"Cu",1.03711351351351,3039.12196120697,1920.4372510585,NA,NA,NA
"Cu",1.04736216216216,3034.45195692834,1917.55151480513,NA,NA,NA
"Cu",1.05761081081081,3028.76995330395,1914.81243571196,NA,NA,NA
"Cu",1.06785945945946,3023.346691323,1912.20714623067,NA,NA,NA
"Cu",1.07810810810811,3017.31701941589,1908.64451608423,NA,NA,NA
"Cu",1.08835675675676,3013.51520914436,1903.1844572724,NA,NA,NA
"Cu",1.09860540540541,3009.13071349634,1900.22184724898,NA,NA,NA
"Cu",1.10885405405405,3003.86288739082,1897.67939303971,NA,NA,NA
"Cu",1.1191027027027,2999.79662154265,1895.25405756693,NA,NA,NA
"Cu",1.12935135135135,2995.84688569914,1891.34536906254,NA,NA,NA
"Cu",1.1396,2992.23697738272,1886.17014711116,NA,NA,NA
"Cu",1.14984864864865,2987.62051219268,1883.2899215262,NA,NA,NA
"Cu",1.1600972972973,2985.55899643258,1880.55490817519,NA,NA,NA
"Cu",1.17034594594595,2981.54770035043,1877.45325176806,NA,NA,NA
"Cu",1.18059459459459,2979.1250640812,1876.89826460494,NA,NA,NA
"Cu",1.19084324324324,2975.71376897502,1875.21786455928,NA,NA,NA
"Cu",1.20109189189189,2972.30383623457,1872.22818984783,NA,NA,NA
"Cu",1.21134054054054,2969.60540049473,1870.50912008996,NA,NA,NA
"Cu",1.22158918918919,2967.59505232546,1869.91711472821,NA,NA,NA
"Cu",1.23183783783784,2966.14809505695,1869.35166959549,NA,NA,NA
"Cu",1.24208648648649,2964.1449308248,1867.77373961254,NA,NA,NA
"Cu",1.25233513513514,2962.17677522573,1864.95472903498,NA,NA,NA
"Cu",1.26258378378378,2960.01344375882,1862.15131003311,NA,NA,NA
"Cu",1.27283243243243,2958.35997968923,1859.45087801592,NA,NA,NA
"Cu",1.28308108108108,2956.69282013266,1857.20972937207,NA,NA,NA
"Cu",1.29332972972973,2955.27410258897,1856.71356314451,NA,NA,NA
"Cu",1.30357837837838,2953.60949507131,1856.27751285476,NA,NA,NA
"Cu",1.31382702702703,2951.32779012093,1854.48576407884,NA,NA,NA
"Cu",1.32407567567568,2949.32241223854,1852.4395536894,NA,NA,NA
"Cu",1.33432432432432,2946.80093235166,1850.88537214039,NA,NA,NA
"Cu",1.34457297297297,2944.26124372856,1848.86453188541,NA,NA,NA
"Cu",1.35482162162162,2942.25951520496,1846.91125392581,NA,NA,NA
"Cu",1.36507027027027,2940.66612177318,1845.02637527695,NA,NA,NA
"Cu",1.37531891891892,2939.72627428125,1843.82254015371,NA,NA,NA
"Cu",1.38556756756757,2938.60015724719,1843.34115727557,NA,NA,NA
"Cu",1.39581621621622,2937.38051906314,1842.87882617163,NA,NA,NA
"Cu",1.40606486486486,2936.343296486,1842.32846590807,NA,NA,NA
"Cu",1.41631351351351,2935.72071064564,1841.13923554757,NA,NA,NA
"Cu",1.42656216216216,2934.68619267157,1839.99435777677,NA,NA,NA
"Cu",1.43681081081081,2933.80686087694,1838.89650011301,NA,NA,NA
"Cu",1.44705945945946,2933.2627722673,1837.83328876097,NA,NA,NA
"Cu",1.45730810810811,2932.80378405589,1836.69875232795,NA,NA,NA
"Cu",1.46755675675676,2931.34339774669,1834.59664556309,NA,NA,NA
"Cu",1.47780540540541,2930.20148015532,1832.56200305782,NA,NA,NA
"Cu",1.48805405405405,2929.02937093421,1831.48130462348,NA,NA,NA
"Cu",1.4983027027027,2927.58371663781,1831.15904829513,NA,NA,NA
"Cu",1.50855135135135,2926.03240311019,1830.85349825311,NA,NA,NA
"Cu",1.5188,2924.52680461485,1830.55904616233,NA,NA,NA
"Cu",1.52904864864865,2923.84666130791,1830.27521834825,NA,NA,NA
"Cu",1.5392972972973,2923.1042005999,1829.67513404302,NA,NA,NA
"Cu",1.54954594594595,2922.11180623726,1829.33042127799,NA,NA,NA
"Cu",1.55979459459459,2921.34458677968,1829.15967295125,NA,NA,NA
"Cu",1.57004324324324,2920.69478709198,1828.9948610551,NA,NA,NA
"Cu",1.58029189189189,2920.25164574124,1828.83574182404,NA,NA,NA
"Cu",1.59054054054054,2919.20088395591,1828.68208300832,NA,NA,NA
"Cu",1.60078918918919,2918.33716546705,1828.46758813054,NA,NA,NA
"Cu",1.61103783783784,2917.30064396984,1827.57859564394,NA,NA,NA
"Cu",1.62128648648649,2916.84656836454,1826.44106087606,NA,NA,NA
"Cu",1.63153513513514,2916.1994809451,1825.33457776866,NA,NA,NA
"Cu",1.64178378378378,2915.49045060342,1824.25811162763,NA,NA,NA
"Cu",1.65203243243243,2914.78845466006,1823.2200371123,NA,NA,NA
"Cu",1.66228108108108,2914.3197844216,1822.4868133168,NA,NA,NA
"Cu",1.67252972972973,2913.90756510858,1822.40919798428,NA,NA,NA
"Cu",1.68277837837838,2913.62249182688,1822.34522856853,NA,NA,NA
"Cu",1.69302702702703,2913.35932607097,1821.77797966944,NA,NA,NA
"Cu",1.70327567567568,2913.10413140638,1820.72592435904,NA,NA,NA
"Cu",1.71352432432432,2912.85662061984,1819.70117792252,NA,NA,NA
"Cu",1.72377297297297,2912.61651847622,1819.18087460862,NA,NA,NA
"Cu",1.73402162162162,2912.20012787793,1818.82893579231,NA,NA,NA
"Cu",1.74427027027027,2912.0685576694,1818.36862566592,NA,NA,NA
"Cu",1.75451891891892,2911.9380795309,1817.66578916344,NA,NA,NA
"Cu",1.76476756756757,2911.72507995306,1816.98079398804,NA,NA,NA
"Cu",1.77501621621622,2911.51827369291,1816.31308757311,NA,NA,NA
"Cu",1.78526486486486,2911.3174464732,1815.81128097216,NA,NA,NA
"Cu",1.79551351351351,2911.12239259961,1815.40075088196,NA,NA,NA
"Cu",1.80576216216216,2910.93291457064,1815.00060596541,NA,NA,NA
"Cu",1.81601081081081,2910.74882270737,1814.61052679418,NA,NA,NA
"Cu",1.82625945945946,2910.56993480183,1814.23020548975,NA,NA,NA
"Cu",1.83650810810811,2910.2886763919,1813.85934524413,NA,NA,NA
"Cu",1.84675675675676,2909.6757051207,1813.49765986296,NA,NA,NA
"Cu",1.85700540540541,2909.03036881865,1813.14487332995,NA,NA,NA
"Cu",1.86725405405405,2908.61498700872,1812.80071939138,NA,NA,NA
"Cu",1.8775027027027,2908.43462662077,1812.46915547559,NA,NA,NA
"Cu",1.88775135135135,2908.34785384884,1812.14812871356,NA,NA,NA
"Cu",1.898,2908.26341413301,1811.83484355058,NA,NA,NA
"Cu",1.90824864864865,2907.9675420754,1811.52907299575,NA,NA,NA
"Cu",1.9184972972973,2907.74777170261,1811.23059788278,NA,NA,NA
"Cu",1.92874594594595,2907.62227667573,1810.93920656035,NA,NA,NA
"Cu",1.93899459459459,2907.50014462344,1810.65469459637,NA,NA,NA
"Cu",1.94924324324324,2907.37674119879,1810.37713049757,NA,NA,NA
"Cu",1.95949189189189,2907.09679261991,1810.10979783077,NA,NA,NA
"Cu",1.96974054054054,2906.76410345587,1809.84868113397,NA,NA,NA
"Cu",1.97998918918919,2906.43924502963,1809.59360461065,NA,NA,NA
"Cu",1.99023783783784,2906.1219938591,1809.34439831115,NA,NA,NA
"Cu",2.00048648648649,2905.84036874817,1809.10089790942,NA,NA,NA
"Cu",2.01073513513513,2905.6515492244,1808.86294448937,NA,NA,NA
"Cu",2.02098378378378,2905.4496349873,1808.6785480534,NA,NA,NA
"Cu",2.03123243243243,2905.18595455222,1808.6343660389,NA,NA,NA
"Cu",2.04148108108108,2904.96451371354,1808.59140646002,NA,NA,NA
"Cu",2.05172972972973,2904.83717860393,1808.5496294401,NA,NA,NA
"Cu",2.06197837837838,2904.71282824583,1808.50899659687,NA,NA,NA
"Cu",2.07222702702703,2904.57500231555,1808.46947097935,NA,NA,NA
"Cu",2.08247567567568,2904.41382318993,1808.43101700766,NA,NA,NA
"Cu",2.09272432432432,2904.08651521467,1808.39360041565,NA,NA,NA
"Cu",2.10297297297297,2903.76621393596,1808.3571881962,NA,NA,NA
"Cu",2.11322162162162,2903.5432731019,1808.32174854906,NA,NA,NA
"Cu",2.12347027027027,2903.33379855754,1808.2872508311,NA,NA,NA
"Cu",2.13371891891892,2903.12890962068,1808.25366550877,NA,NA,NA
"Cu",2.14396756756757,2902.92848460121,1808.22096411287,NA,NA,NA
"Cu",2.15421621621622,2902.73240559872,1808.18911919522,NA,NA,NA
"Cu",2.16446486486486,2902.54055836673,1808.15810428739,NA,NA,NA
"Cu",2.17471351351351,2902.35283218304,1808.12789386124,NA,NA,NA
"Cu",2.18496216216216,2902.16911972506,1808.09846329126,NA,NA,NA
"Cu",2.19521081081081,2901.98931695013,1808.06978881853,NA,NA,NA
"Cu",2.20545945945946,2901.81332298066,1808.04184751636,NA,NA,NA
"Cu",2.21570810810811,2901.64103999369,1808.01461725737,NA,NA,NA
"Cu",2.22595675675676,2901.47237311477,1807.98807668207,NA,NA,NA
"Cu",2.2362054054054,2901.30723031624,1807.96220516877,NA,NA,NA
"Cu",2.24645405405405,2901.14552231903,1807.93712844223,NA,NA,NA
"Cu",2.2567027027027,2900.98716249889,1807.72173395358,NA,NA,NA
"Cu",2.26695135135135,2900.83206679556,1807.49619352801,NA,NA,NA
"Cu",2.2772,2900.68015362576,1807.27513219175,NA,NA,NA
"Cu",2.28744864864865,2900.53134379977,1807.05844143045,NA,NA,NA
"Cu",2.2976972972973,2900.38556044054,1806.84601582844,NA,NA,NA
"Cu",2.30794594594595,2900.24272890664,1806.63775296689,NA,NA,NA
"Cu",2.31819459459459,2900.10484718405,1806.43355332589,NA,NA,NA
"Cu",2.32844324324324,2899.96996530605,1806.23332019,NA,NA,NA
"Cu",2.33869189189189,2899.8377984122,1806.03695955737,NA,NA,NA
"Cu",2.34894054054054,2899.70828030767,1805.84438005218,NA,NA,NA
"Cu",2.35918918918919,2899.5813466905,1805.65549284022,NA,NA,NA
"Cu",2.36943783783784,2899.45693508966,1805.47021154757,NA,NA,NA
"Cu",2.37968648648649,2899.33498480536,1805.28845218222,NA,NA,NA
"Cu",2.38993513513513,2899.21543685126,1805.11013305852,NA,NA,NA
"Cu",2.40018378378378,2899.11211054819,1804.93517472429,NA,NA,NA
"Cu",2.41043243243243,2899.05569570195,1804.76349989059,NA,NA,NA
"Cu",2.42068108108108,2898.97107991701,1804.59503336395,NA,NA,NA
"Cu",2.43092972972973,2898.87441331672,1804.42970198102,NA,NA,NA
"Cu",2.44117837837838,2898.77950443906,1804.26743454549,NA,NA,NA
"Cu",2.45142702702703,2898.68631414428,1804.10816176724,NA,NA,NA
"Cu",2.46167567567568,2898.59480432269,1803.95181620366,NA,NA,NA
"Cu",2.47192432432432,2898.4675431503,1803.79833220294,NA,NA,NA
"Cu",2.48217297297297,2898.25823593935,1803.64764584934,NA,NA,NA
"Cu",2.49242162162162,2898.05261271658,1803.49969491043,NA,NA,NA
"Cu",2.50267027027027,2897.85059388515,1803.35441878602,NA,NA,NA
"Cu",2.51291891891892,2897.66239012141,1803.21175845892,NA,NA,NA
"Cu",2.52316756756757,2897.50228571808,1803.07165644737,NA,NA,NA
"Cu",2.53341621621622,2897.34500610564,1802.93405675906,NA,NA,NA
"Cu",2.54366486486486,2897.2486800506,1802.79890484674,NA,NA,NA
"Cu",2.55391351351351,2897.15765704247,1802.66614756525,NA,NA,NA
"Cu",2.56416216216216,2897.01621381871,1802.53573313014,NA,NA,NA
"Cu",2.57441081081081,2896.82238622314,1802.40761107747,NA,NA,NA
"Cu",2.58465945945946,2896.6509001899,1802.28173222515,NA,NA,NA
"Cu",2.59490810810811,2896.53508091218,1802.15804863542,NA,NA,NA
"Cu",2.60515675675676,2896.42127734259,1802.03651357864,NA,NA,NA
"Cu",2.6154054054054,2896.30944665132,1801.91708149824,NA,NA,NA
"Cu",2.62565405405405,2896.19954708218,1801.79970797683,NA,NA,NA
"Cu",2.6359027027027,2896.09153792128,1801.68434970343,NA,NA,NA
"Cu",2.64615135135135,2896.01625330646,1801.61301050704,NA,NA,NA
"Cu",2.6564,2895.96546493312,1801.5614748351,NA,NA,NA
"Cu",2.66664864864865,2895.89609888222,1801.51085999064,NA,NA,NA
"Cu",2.6768972972973,2895.82793388408,1801.46114607354,NA,NA,NA
"Cu",2.68714594594595,2895.76094460663,1801.41231368764,NA,NA,NA
"Cu",2.69739459459459,2895.69510634692,1801.36434392615,NA,NA,NA
"Cu",2.70764324324324,2895.63039501315,1801.3172183575,NA,NA,NA
"Cu",2.71789189189189,2895.56678710729,1801.27091901163,NA,NA,NA
"Cu",2.72814054054054,2895.50425970824,1801.2254283668,NA,NA,NA
"Cu",2.73838918918919,2895.4427904556,1801.18072933673,NA,NA,NA
"Cu",2.74863783783784,2895.38235753385,1801.13680525824,NA,NA,NA
"Cu",2.75888648648649,2895.32293965711,1801.09363987922,NA,NA,NA
"Cu",2.76913513513513,2895.26451605437,1801.051217347,NA,NA,NA
"Cu",2.77938378378378,2895.20706645513,1801.00952219716,NA,NA,NA
"Cu",2.78963243243243,2895.13601168842,1800.96853934258,NA,NA,NA
"Cu",2.79988108108108,2895.05871339221,1800.92825406292,NA,NA,NA
"Cu",2.81012972972973,2894.98267885529,1800.88865199439,NA,NA,NA
"Cu",2.82037837837838,2894.90788291367,1800.84971911986,NA,NA,NA
"Cu",2.83062702702703,2894.83430099347,1800.81144175929,NA,NA,NA
"Cu",2.84087567567568,2894.76190909504,1800.77380656043,NA,NA,NA
"Cu",2.85112432432432,2894.69068377728,1800.7368004898,NA,NA,NA
"Cu",2.86137297297297,2894.60209248046,1800.700410824,NA,NA,NA
"Cu",2.87162162162162,2894.5114059538,1800.66462514126,NA,NA,NA
"Cu",2.88187027027027,2894.42212204626,1800.62943131321,NA,NA,NA
"Cu",2.89211891891892,2894.33421418639,1800.59481749698,NA,NA,NA
"Cu",2.90236756756757,2894.24765639771,1800.56077212748,NA,NA,NA
"Cu",2.91261621621622,2894.16242328365,1800.52728390993,NA,NA,NA
"Cu",2.92286486486486,2894.07849001243,1800.49434181262,NA,NA,NA
"Cu",2.93311351351351,2893.99583230243,1800.46193505993,NA,NA,NA
"Cu",2.94336216216216,2893.91442640858,1800.43005312544,NA,NA,NA
"Cu",2.95361081081081,2893.8342491081,1800.39920408579,NA,NA,NA
"Cu",2.96385945945946,2893.7552776879,1800.36901935964,NA,NA,NA
"Cu",2.97410810810811,2893.67748993121,1800.33931919498,NA,NA,NA
"Cu",2.98435675675676,2893.60086410507,1800.31009418286,NA,NA,NA
"Cu",2.9946054054054,2893.52537894852,1800.28133512846,NA,NA,NA
"Cu",3.00485405405405,2893.46434647527,1800.25303304552,NA,NA,NA
"Cu",3.0151027027027,2893.42383808656,1800.22517915091,NA,NA,NA
"Cu",3.02535135135135,2893.38392406328,1800.19776485936,NA,NA,NA
"Cu",3.0356,2893.34459368229,1800.17078177837,NA,NA,NA
"Cu",3.04584864864865,2893.30583644985,1800.14422170324,NA,NA,NA
"Cu",3.0560972972973,2893.267642096,1800.11807661224,NA,NA,NA
"Cu",3.06634594594595,2893.23000056888,1800.09233866198,NA,NA,NA
"Cu",3.07659459459459,2893.1929020296,1800.06700018281,NA,NA,NA
"Cu",3.08684324324324,2893.1563368469,1800.04205367445,NA,NA,NA
"Cu",3.09709189189189,2893.12029559205,1800.01749180169,NA,NA,NA
"Cu",3.10734054054054,2893.08476903405,1799.99330739024,NA,NA,NA
"Cu",3.11758918918919,2893.04974813461,1799.96949342264,NA,NA,NA
"Cu",3.12783783783784,2892.99114790894,1799.9460430344,NA,NA,NA
"Cu",3.13808648648649,2892.90738969466,1799.92294951012,NA,NA,NA
"Cu",3.14833513513513,2892.82479144889,1799.90020627981,NA,NA,NA
"Cu",3.15858378378378,2892.7433334088,1799.87780691527,NA,NA,NA
"Cu",3.16883243243243,2892.66299621087,1799.85574512659,NA,NA,NA
"Cu",3.17908108108108,2892.58376088163,1799.83401475875,NA,NA,NA
"Cu",3.18932972972973,2892.50560882846,1799.81260978826,NA,NA,NA
"Cu",3.19957837837838,2892.42852183076,1799.79152431999,NA,NA,NA
"Cu",3.20982702702703,2892.35248203141,1799.77075258403,NA,NA,NA
"Cu",3.22007567567567,2892.27747192836,1799.7502889326,NA,NA,NA
"Cu",3.23032432432432,2892.20347436664,1799.73012783714,NA,NA,NA
"Cu",3.24057297297297,2892.13047253005,1799.71026388538,NA,NA,NA
"Cu",3.25082162162162,2892.06280225434,1799.69069177857,NA,NA,NA
"Cu",3.26107027027027,2892.0328424617,1799.67140632874,NA,NA,NA
"Cu",3.27131891891892,2892.00329231216,1799.65240245603,NA,NA,NA
"Cu",3.28156756756757,2891.97414492192,1799.63367518613,NA,NA,NA
"Cu",3.29181621621622,2891.9453935445,1799.61521964777,NA,NA,NA
"Cu",3.30206486486486,2891.91703156716,1799.59703107025,NA,NA,NA
"Cu",3.31231351351351,2891.90028095846,1799.57910478106,NA,NA,NA
"Cu",3.32256216216216,2891.88723295656,1799.5614362036,NA,NA,NA
"Cu",3.33281081081081,2891.87437326082,1799.54402085488,NA,NA,NA
"Cu",3.34305945945946,2891.86169857487,1799.52685434336,NA,NA,NA
"Cu",3.35330810810811,2891.84920566991,1799.50993236678,NA,NA,NA
"Cu",3.36355675675676,2891.8368913835,1799.49325071011,NA,NA,NA
"Cu",3.3738054054054,2891.82475261774,1799.4768052435,NA,NA,NA
"Cu",3.38405405405405,2891.79336840803,1799.46059192032,NA,NA,NA
"Cu",3.3943027027027,2891.76239373799,1799.44460677523,NA,NA,NA
"Cu",3.40455135135135,2891.73183446719,1799.42884592232,NA,NA,NA
"Cu",3.4148,2891.70168379728,1799.41330555326,NA,NA,NA
"Cu",3.42504864864865,2891.67193506122,1799.39798193555,NA,NA,NA
"Cu",3.4352972972973,2891.64258172021,1799.3828714108,NA,NA,NA
"Cu",3.44554594594595,2891.6136173609,1799.36797039299,NA,NA,NA
"Cu",3.45579459459459,2891.58503569282,1799.35327536689,NA,NA,NA
"Cu",3.46604324324324,2891.55683054534,1799.33878288643,NA,NA,NA
"Cu",3.47629189189189,2891.52899586497,1799.32448957314,NA,NA,NA
"Cu",3.48654054054054,2891.50152571351,1799.3103921146,NA,NA,NA
"Cu",3.49678918918919,2891.47441426458,1799.29648726305,NA,NA,NA
"Cu",3.50703783783784,2891.44765580191,1799.28277183383,NA,NA,NA
"Cu",3.51728648648649,2891.42124471645,1799.26924270407,NA,NA,NA
"Cu",3.52753513513513,2891.39517550455,1799.25589681125,NA,NA,NA
"Cu",3.53778378378378,2891.36944276526,1799.24273115189,NA,NA,NA
"Cu",3.54803243243243,2891.34404119821,1799.22974278025,NA,NA,NA
"Cu",3.55828108108108,2891.31896560157,1799.21692880705,NA,NA,NA
"Cu",3.56852972972973,2891.29421087002,1799.20428639823,NA,NA,NA
"Cu",3.57877837837838,2891.26977199239,1799.19181277374,NA,NA,NA
"Cu",3.58902702702703,2891.2456440499,1799.17950520635,NA,NA,NA
"Cu",3.59927567567567,2891.2218222141,1799.16736102051,NA,NA,NA
"Cu",3.60952432432432,2891.19830174502,1799.15537759125,NA,NA,NA
"Cu",3.61977297297297,2891.17507798929,1799.14355234303,NA,NA,NA
"Cu",3.63002162162162,2891.15214637805,1799.13188274873,NA,NA,NA
"Cu",3.64027027027027,2891.12950242599,1799.12036632855,NA,NA,NA
"Cu",3.65051891891892,2891.10714172835,1799.10900064906,NA,NA,NA
"Cu",3.66076756756757,2891.08505996046,1799.09778332212,NA,NA,NA
"Cu",3.67101621621622,2891.06325287529,1799.08671200402,NA,NA,NA
"Cu",3.68126486486486,2891.04171630216,1799.07578439444,NA,NA,NA
"Cu",3.69151351351351,2891.02044614522,1799.06499823556,NA,NA,NA
"Cu",3.70176216216216,2890.99943838144,1799.0543513112,NA,NA,NA
"Cu",3.71201081081081,2890.9786890598,1799.04384144585,NA,NA,NA
"Cu",3.72225945945946,2890.95819429919,1799.03346650392,NA,NA,NA
"Cu",3.73250810810811,2890.93795028751,1799.02322438882,NA,NA,NA
"Cu",3.74275675675676,2890.91795327996,1799.01311304218,NA,NA,NA
"Cu",3.7530054054054,2890.89819959757,1799.00313044303,NA,NA,NA
"Cu",3.76325405405405,2890.87868562616,1798.99327460704,NA,NA,NA
"Cu",3.7735027027027,2890.85940781476,1798.98354358578,NA,NA,NA
"Cu",3.78375135135135,2890.84036267462,1798.97393546589,NA,NA,NA
"Cu",3.794,2890.82154677752,1798.96444836847,NA,NA,NA
"Cu",3.80424864864865,2890.80295675518,1798.95508044827,NA,NA,NA
"Cu",3.8144972972973,2890.78458929744,1798.94582989307,NA,NA,NA
"Cu",3.82474594594595,2890.7664411516,1798.93669492294,NA,NA,NA
"Cu",3.83499459459459,2890.74850912079,1798.92767378965,NA,NA,NA
"Cu",3.84524324324324,2890.73079006332,1798.91876477597,NA,NA,NA
"Cu",3.85549189189189,2890.71328089132,1798.90996619504,NA,NA,NA
"Cu",3.86574054054054,2890.69597856966,1798.90127638978,NA,NA,NA
"Cu",3.87598918918919,2890.67888011515,1798.89269373229,NA,NA,NA
"Cu",3.88623783783784,2890.66198259527,1798.88421662324,NA,NA,NA
"Cu",3.89648648648649,2890.64528312725,1798.87584349128,NA,NA,NA
"Cu",3.90673513513513,2890.62877887713,1798.86757279254,NA,NA,NA
"Cu",3.91698378378378,2890.61246705886,1798.85940301,NA,NA,NA
"Cu",3.92723243243243,2890.59634493324,1798.85133265303,NA,NA,NA
"Cu",3.93748108108108,2890.58040980719,1798.8433602568,NA,NA,NA
"Cu",3.94772972972973,2890.56465903255,1798.83548438181,NA,NA,NA
"Cu",3.95797837837838,2890.54909000549,1798.82770361337,NA,NA,NA
"Cu",3.96822702702703,2890.53370016571,1798.82001656112,NA,NA,NA
"Cu",3.97847567567567,2890.51848699517,1798.81242185853,NA,NA,NA
"Cu",3.98872432432432,2890.50344801795,1798.80491816246,NA,NA,NA
"Cu",3.99897297297297,2890.48843786675,1798.79750415267,NA,NA,NA
"Cu",4.00922162162162,2890.46300194285,1798.79017853139,NA,NA,NA
"Cu",4.01947027027027,2890.4378463486,1798.78294002291,NA,NA,NA
"Cu",4.02971891891892,2890.41296729081,1798.77578737307,NA,NA,NA
"Cu",4.03996756756757,2890.38836103716,1798.76871934894,NA,NA,NA
"Cu",4.05021621621622,2890.36402391509,1798.76173473832,NA,NA,NA
"Cu",4.06046486486486,2890.33995231051,1798.7548323494,NA,NA,NA
"Cu",4.07071351351351,2890.31614266692,1798.74801101035,NA,NA,NA
"Cu",4.08096216216216,2890.29259148407,1798.74126956893,NA,NA,NA
"Cu",4.09121081081081,2890.26929531726,1798.7346068921,NA,NA,NA
"Cu",4.10145945945946,2890.24625077618,1798.7280218657,NA,NA,NA
"Cu",4.11170810810811,2890.22345452377,1798.72151339404,NA,NA,NA
"Cu",4.12195675675676,2890.20090327557,1798.70498100126,NA,NA,NA
"Cu",4.13220540540541,2890.17859379848,1798.68496326536,NA,NA,NA
"Cu",4.14245405405405,2890.15652291,1798.66515806405,NA,NA,NA
"Cu",4.1527027027027,2890.13468747726,1798.64556262328,NA,NA,NA
"Cu",4.16295135135135,2890.11308441598,1798.6261742119,NA,NA,NA
"Cu",4.1732,2890.09171068992,1798.60699014096,NA,NA,NA
"Cu",4.18344864864865,2890.07056330963,1798.58800776287,NA,NA,NA
"Cu",4.1936972972973,2890.04963933221,1798.56922447076,NA,NA,NA
"Cu",4.20394594594595,2890.02893585967,1798.55063769767,NA,NA,NA
"Cu",4.21419459459459,2890.00845003867,1798.53224491591,NA,NA,NA
"Cu",4.22444324324324,2889.98817905977,1798.51404363634,NA,NA,NA
"Cu",4.23469189189189,2889.96812015641,1798.49603140766,NA,NA,NA
"Cu",4.24494054054054,2889.94827060403,1798.4782058158,NA,NA,NA
"Cu",4.25518918918919,2889.92862771987,1798.46056448324,NA,NA,NA
"Cu",4.26543783783784,2889.90918886176,1798.44310506835,NA,NA,NA
"Cu",4.27568648648649,2889.88995142735,1798.42582526482,NA,NA,NA
"Cu",4.28593513513513,2889.87091285394,1798.40872280097,NA,NA,NA
"Cu",4.29618378378378,2889.85207061728,1798.39179543921,NA,NA,NA
"Cu",4.30643243243243,2889.8334222311,1798.37504097543,NA,NA,NA
"Cu",4.31668108108108,2889.8149652464,1798.35845723841,NA,NA,NA
"Cu",4.32692972972973,2889.79669725091,1798.34204208925,NA,NA,NA
"Cu",4.33717837837838,2889.7786158684,1798.32579342085,NA,NA,NA
"Cu",4.34742702702703,2889.76071875788,1798.30970915731,NA,NA,NA
"Cu",4.35767567567567,2889.74300361328,1798.29378725344,NA,NA,NA
"Cu",4.36792432432432,2889.72546816272,1798.27802569421,NA,NA,NA
"Cu",4.37817297297297,2889.7081101679,1798.26242249426,NA,NA,NA
"Cu",4.38842162162162,2889.69092742352,1798.24697569736,NA,NA,NA
"Cu",4.39867027027027,2889.67391775669,1798.23168337595,NA,NA,NA
"Cu",4.40891891891892,2889.65707902675,1798.21654363063,NA,NA,NA
"Cu",4.41916756756757,2889.64040912399,1798.2015545897,NA,NA,NA
"Cu",4.42941621621622,2889.62390596985,1798.18671440868,NA,NA,NA
"Cu",4.43966486486486,2889.60756751602,1798.17202126986,NA,NA,NA
"Cu",4.44991351351351,2889.59139174384,1798.15747338187,NA,NA,NA
"Cu",4.46016216216216,2889.57537666419,1798.14306897919,NA,NA,NA
"Cu",4.47041081081081,2889.55952031667,1798.12880632177,NA,NA,NA
"Cu",4.48065945945946,2889.54382076914,1798.11468369456,NA,NA,NA
"Cu",4.49090810810811,2889.52827611754,1798.10069940715,NA,NA,NA
"Cu",4.50115675675676,2889.51288448488,1798.08685179331,NA,NA,NA
"Cu",4.51140540540541,2889.49764402143,1798.0731392106,NA,NA,NA
"Cu",4.52165405405405,2889.48255290379,1798.05956004,NA,NA,NA
"Cu",4.5319027027027,2889.46760933473,1798.04611268551,NA,NA,NA
"Cu",4.54215135135135,2889.45281154249,1798.03279557377,NA,NA,NA
"Cu",4.5524,2889.43815778062,1798.01960715368,NA,NA,NA
"Cu",4.56264864864865,2889.42364632754,1798.00654589607,NA,NA,NA
"Cu",4.5728972972973,2889.40927548575,1797.99361029329,NA,NA,NA
"Cu",4.58314594594595,2889.39504358209,1797.9807988589,NA,NA,NA
"Cu",4.59339459459459,2889.38094896693,1797.96811012733,NA,NA,NA
"Cu",4.60364324324324,2889.36699001364,1797.9555426535,NA,NA,NA
"Cu",4.61389189189189,2889.35316511849,1797.94309501252,NA,NA,NA
"Cu",4.62414054054054,2889.3394727005,1797.93076579935,NA,NA,NA
"Cu",4.63438918918919,2889.32591120031,1797.91855362852,NA,NA,NA
"Cu",4.64463783783784,2889.31247908082,1797.90645713373,NA,NA,NA
"Cu",4.65488648648649,2889.29917482583,1797.89447496765,NA,NA,NA
"Cu",4.66513513513513,2889.28599694053,1797.88260580151,NA,NA,NA
"Cu",4.67538378378378,2889.27294395072,1797.8708483249,NA,NA,NA
"Cu",4.68563243243243,2889.26001440252,1797.85920124539,NA,NA,NA
"Cu",4.69588108108108,2889.24720686209,1797.84766328833,NA,NA,NA
"Cu",4.70612972972973,2889.23451991549,1797.83623319649,NA,NA,NA
"Cu",4.71637837837838,2889.22195216814,1797.82490972983,NA,NA,NA
"Cu",4.72662702702703,2889.20950224429,1797.81369166523,NA,NA,NA
"Cu",4.73687567567567,2889.19716878749,1797.80257779619,NA,NA,NA
"Cu",4.74712432432432,2889.18495045935,1797.7915669326,NA,NA,NA
"Cu",4.75737297297297,2889.17284594009,1797.78065790047,NA,NA,NA
"Cu",4.76762162162162,2889.16085392752,1797.76984954168,NA,NA,NA
"Cu",4.77787027027027,2889.14897313734,1797.75914071372,NA,NA,NA
"Cu",4.78811891891892,2889.1372023024,1797.74853028948,NA,NA,NA
"Cu",4.79836756756757,2889.12554017288,1797.73801715697,NA,NA,NA
"Cu",4.80861621621622,2889.11398551581,1797.72760021911,NA,NA,NA
"Cu",4.81886486486486,2889.10253711453,1797.7172783935,NA,NA,NA
"Cu",4.82911351351351,2889.09119376887,1797.70705061216,NA,NA,NA
"Cu",4.83936216216216,2889.07995429486,1797.69691582137,NA,NA,NA
"Cu",4.84961081081081,2889.06881752403,1797.68687298137,NA,NA,NA
"Cu",4.85985945945946,2889.05778230382,1797.67692106623,NA,NA,NA
"Cu",4.87010810810811,2889.04684749666,1797.66705906357,NA,NA,NA
"Cu",4.88035675675676,2889.0360119804,1797.65728597439,NA,NA,NA
"Cu",4.89060540540541,2889.02527464753,1797.64760081285,NA,NA,NA
"Cu",4.90085405405405,2889.01463440521,1797.63800260608,NA,NA,NA
"Cu",4.9111027027027,2889.00409017523,1797.62849039398,NA,NA,NA
"Cu",4.92135135135135,2888.99364089321,1797.619063229,NA,NA,NA
"Cu",4.9316,2888.98328550901,1797.60972017602,NA,NA,NA
"Cu",4.94184864864865,2888.97302298629,1797.60046031206,NA,NA,NA
"Cu",4.9520972972973,2888.96285230206,1797.59128272619,NA,NA,NA
"Cu",4.96234594594595,2888.95277244675,1797.58218651931,NA,NA,NA
"Cu",4.97259459459459,2888.94278242408,1797.57317080395,NA,NA,NA
"Cu",4.98284324324324,2888.93288125055,1797.56423470415,NA,NA,NA
"Cu",4.99309189189189,2888.92306795553,1797.55537735522,NA,NA,NA
"Cu",5.00334054054054,2888.91334158097,1797.54659790366,NA,NA,NA
"Cu",5.01358918918919,2888.90370118105,1797.53789550689,NA,NA,NA
"Cu",5.02383783783784,2888.89414582225,1797.52926933316,NA,NA,NA
"Cu",5.03408648648649,2888.88467458318,1797.52071856139,NA,NA,NA
"Cu",5.04433513513513,2888.87528655405,1797.51224238097,NA,NA,NA
"Cu",5.05458378378378,2888.86598083687,1797.50383999162,NA,NA,NA
"Cu",5.06483243243243,2888.85675654507,1797.49551060325,NA,NA,NA
"Cu",5.07508108108108,2888.84761280347,1797.48725343583,NA,NA,NA
"Cu",5.08532972972973,2888.83854874804,1797.47906771918,NA,NA,NA
"Cu",5.09557837837838,2888.82956352561,1797.47095269288,NA,NA,NA
"Cu",5.10582702702703,2888.82065629399,1797.46290760611,NA,NA,NA
"Cu",5.11607567567567,2888.81182622158,1797.4549317175,NA,NA,NA
"Cu",5.12632432432432,2888.80307248724,1797.44702429502,NA,NA,NA
"Cu",5.13657297297297,2888.79439428031,1797.43918461581,NA,NA,NA
"Cu",5.14682162162162,2888.78579080025,1797.43141196606,NA,NA,NA
"Cu",5.15707027027027,2888.77726125658,1797.4237056409,NA,NA,NA
"Cu",5.16731891891892,2888.76880486867,1797.41606494424,NA,NA,NA
"Cu",5.17756756756757,2888.76042086588,1797.40848918864,NA,NA,NA
"Cu",5.18781621621622,2888.75210848699,1797.40097769525,NA,NA,NA
"Cu",5.19806486486486,2888.74386698029,1797.39352979358,NA,NA,NA
"Cu",5.20831351351351,2888.73569560339,1797.38614482148,NA,NA,NA
"Cu",5.21856216216216,2888.72759362329,1797.37882212496,NA,NA,NA
"Cu",5.22881081081081,2888.71956031593,1797.3715610581,NA,NA,NA
"Cu",5.23905945945946,2888.71159496619,1797.36436098291,NA,NA,NA
"Cu",5.24930810810811,2888.70369686782,1797.35722126927,NA,NA,NA
"Cu",5.25955675675676,2888.69586532337,1797.35014129474,NA,NA,NA
"Cu",5.26980540540541,2888.68809964369,1797.34312044453,NA,NA,NA
"Cu",5.28005405405405,2888.68039914841,1797.33615811133,NA,NA,NA
"Cu",5.2903027027027,2888.67276316531,1797.32925369524,NA,NA,NA
"Cu",5.30055135135135,2888.66519103043,1797.32240660366,NA,NA,NA
"Cu",5.3108,2888.65768208783,1797.31561625117,NA,NA,NA
"Cu",5.32104864864865,2888.65023568956,1797.30888205946,NA,NA,NA
"Cu",5.3312972972973,2888.6428511958,1797.30220345721,NA,NA,NA
"Cu",5.34154594594595,2888.63552797418,1797.29557987996,NA,NA,NA
"Cu",5.35179459459459,2888.62826540013,1797.28901077011,NA,NA,NA
"Cu",5.36204324324324,2888.62106285658,1797.2824955767,NA,NA,NA
"Cu",5.37229189189189,2888.61391973393,1797.27603375543,NA,NA,NA
"Cu",5.38254054054054,2888.60683542987,1797.2696247685,NA,NA,NA
"Cu",5.39278918918919,2888.59980934948,1797.26326808452,NA,NA,NA
"Cu",5.40303783783784,2888.5928409047,1797.25696317848,NA,NA,NA
"Cu",5.41328648648649,2888.58592951482,1797.25070953159,NA,NA,NA
"Cu",5.42353513513513,2888.57907460583,1797.24450663125,NA,NA,NA
"Cu",5.43378378378378,2888.57227561057,1797.23835397091,NA,NA,NA
"Cu",5.44403243243243,2888.56553196888,1797.23225105004,NA,NA,NA
"Cu",5.45428108108108,2888.55884312709,1797.22619737403,NA,NA,NA
"Cu",5.46452972972973,2888.55220853785,1797.2201924541,NA,NA,NA
"Cu",5.47477837837838,2888.54562766077,1797.21423580722,NA,NA,NA
"Cu",5.48502702702703,2888.53909996143,1797.20832695603,NA,NA,NA
"Cu",5.49527567567567,2888.53262491199,1797.2024654288,NA,NA,NA
"Cu",5.50552432432432,2888.52620199063,1797.19665075928,NA,NA,NA
"Cu",5.51577297297297,2888.51983068175,1797.19088248671,NA,NA,NA
"Cu",5.52602162162162,2888.51351047584,1797.18516015569,NA,NA,NA
"Cu",5.53627027027027,2888.50724086927,1797.17948331611,NA,NA,NA
"Cu",5.54651891891892,2888.50102136432,1797.17385152311,NA,NA,NA
"Cu",5.55676756756757,2888.49485146907,1797.16826433698,NA,NA,NA
"Cu",5.56701621621622,2888.48873069734,1797.16272132312,NA,NA,NA
"Cu",5.57726486486486,2888.48265856854,1797.15722205192,NA,NA,NA
"Cu",5.58751351351351,2888.47663460772,1797.15176609876,NA,NA,NA
"Cu",5.59776216216216,2888.47065834553,1797.14635304389,NA,NA,NA
"Cu",5.60801081081081,2888.46472931768,1797.1409824724,NA,NA,NA
"Cu",5.61825945945946,2888.45884706567,1797.13565397412,NA,NA,NA
"Cu",5.62850810810811,2888.45301113607,1797.13036714361,NA,NA,NA
"Cu",5.63875675675676,2888.44722108058,1797.12512158003,NA,NA,NA
"Cu",5.64900540540541,2888.44147645615,1797.11991688714,NA,NA,NA
"Cu",5.65925405405405,2888.43577682482,1797.11475267321,NA,NA,NA
"Cu",5.6695027027027,2888.43012175368,1797.10962855095,NA,NA,NA
"Cu",5.67975135135135,2888.42451081453,1797.10454413749,NA,NA,NA
"Cu",5.69,2888.41894358432,1797.09949905427,NA,NA,NA
"Cu",5.70024864864865,2888.41341964458,1797.09449292704,NA,NA,NA
"Cu",5.7104972972973,2888.40793858178,1797.08952538574,NA,NA,NA
"Cu",5.72074594594595,2888.40249998696,1797.08459606453,NA,NA,NA
"Cu",5.73099459459459,2888.39710345579,1797.07970460164,NA,NA,NA
"Cu",5.74124324324324,2888.39174858854,1797.07485063938,NA,NA,NA
"Cu",5.75149189189189,2888.38643498998,1797.07003382408,NA,NA,NA
"Cu",5.76174054054054,2888.3811622693,1797.065253806,NA,NA,NA
"Cu",5.77198918918919,2888.37593004005,1797.06051023934,NA,NA,NA
"Cu",5.78223783783784,2888.37073792027,1797.05580278214,NA,NA,NA
"Cu",5.79248648648649,2888.36558553207,1797.05113109623,NA,NA,NA
"Cu",5.80273513513513,2888.36047250189,1797.04649484723,NA,NA,NA
"Cu",5.81298378378378,2888.35539846019,1797.04189370444,NA,NA,NA
"Cu",5.82323243243243,2888.35036304188,1797.03732734084,NA,NA,NA
"Cu",5.83348108108108,2888.34536588552,1797.03279543301,NA,NA,NA
"Cu",5.84372972972973,2888.3404066339,1797.02829766112,NA,NA,NA
"Cu",5.85397837837838,2888.33548493378,1797.02383370884,NA,NA,NA
"Cu",5.86422702702703,2888.33060043573,1797.01940326332,NA,NA,NA
"Cu",5.87447567567567,2888.3257527942,1797.01500601516,NA,NA,NA
"Cu",5.88472432432432,2888.32094166752,1797.01064165833,NA,NA,NA
"Cu",5.89497297297297,2888.31616671767,1797.00630989017,NA,NA,NA
"Cu",5.90522162162162,2888.31142761041,1797.00201041131,NA,NA,NA
"Cu",5.91547027027027,2888.30672401505,1796.99774292563,NA,NA,NA
"Cu",5.92571891891892,2888.3020556047,1796.99350714026,NA,NA,NA
"Cu",5.93596756756757,2888.29742205587,1796.9893027655,NA,NA,NA
"Cu",5.94621621621622,2888.29282304877,1796.98512951478,NA,NA,NA
"Cu",5.95646486486486,2888.28825826692,1796.98098710464,NA,NA,NA
"Cu",5.96671351351351,2888.28372739725,1796.9768752547,NA,NA,NA
"Cu",5.97696216216216,2888.27923013024,1796.97279368757,NA,NA,NA
"Cu",5.98721081081081,2888.27476615972,1796.96874212888,NA,NA,NA
"Cu",5.99745945945946,2888.27033518273,1796.96472030719,NA,NA,NA
"Cu",6.00770810810811,2888.26593689949,1796.96072795398,NA,NA,NA
"Cu",6.01795675675676,2888.26157101373,1796.9567648036,NA,NA,NA
"Cu",6.02820540540541,2888.25723723219,1796.95283059326,NA,NA,NA
"Cu",6.03845405405405,2888.25293526467,1796.94892506296,NA,NA,NA
"Cu",6.0487027027027,2888.24866482422,1796.94504795547,NA,NA,NA
"Cu",6.05895135135135,2888.24442562687,1796.9411990163,NA,NA,NA
"Cu",6.0692,2888.24021739187,1796.93737799368,NA,NA,NA
"Cu",6.07944864864865,2888.23603984115,1796.93358463848,NA,NA,NA
"Cu",6.0896972972973,2888.23189269996,1796.92981870424,NA,NA,NA
"Cu",6.09994594594595,2888.22777569609,1796.92607994708,NA,NA,NA
"Cu",6.11019459459459,2888.22368856057,1796.92236812571,NA,NA,NA
"Cu",6.12044324324324,2888.21963102694,1796.91868300137,NA,NA,NA
"Cu",6.13069189189189,2888.21560283187,1796.91502433782,NA,NA,NA
"Cu",6.14094054054054,2888.21160371471,1796.91139190129,NA,NA,NA
"Cu",6.15118918918919,2888.20763341731,1796.90778546048,NA,NA,NA
"Cu",6.16143783783784,2888.20369168461,1796.90420478649,NA,NA,NA
"Cu",6.17168648648649,2888.19977826401,1796.90064965282,NA,NA,NA
"Cu",6.18193513513513,2888.19589290552,1796.89711983533,NA,NA,NA
"Cu",6.19218378378378,2888.19203536206,1796.89361511223,NA,NA,NA
"Cu",6.20243243243243,2888.18820538871,1796.89013526401,NA,NA,NA
"Cu",6.21268108108108,2888.18440274354,1796.88668007345,NA,NA,NA
"Cu",6.22292972972973,2888.18062718666,1796.88324932558,NA,NA,NA
"Cu",6.23317837837838,2888.1768784811,1796.87984280767,NA,NA,NA
"Cu",6.24342702702703,2888.17315639212,1796.87646030916,NA,NA,NA
"Cu",6.25367567567567,2888.1694606875,1796.87310162167,NA,NA,NA
"Cu",6.26392432432432,2888.16579113748,1796.86976653898,NA,NA,NA
"Cu",6.27417297297297,2888.16214751438,1796.86645485697,NA,NA,NA
"Cu",6.28442162162162,2888.15852959328,1796.86316637362,NA,NA,NA
"Cu",6.29467027027027,2888.15493715124,1796.85990088899,NA,NA,NA
"Cu",6.30491891891892,2888.15136996778,1796.85665820518,NA,NA,NA
"Cu",6.31516756756757,2888.14782782471,1796.85343812629,NA,NA,NA
"Cu",6.32541621621622,2888.14431050594,1796.85024045845,NA,NA,NA
"Cu",6.33566486486486,2888.14081779769,1796.84706500975,NA,NA,NA
"Cu",6.34591351351351,2888.13734948833,1796.84391159022,NA,NA,NA
"Cu",6.35616216216216,2888.13390536837,1796.84078001182,NA,NA,NA
"Cu",6.36641081081081,2888.13048523058,1796.83767008844,NA,NA,NA
"Cu",6.37665945945946,2888.12708886957,1796.83458163581,NA,NA,NA
"Cu",6.38690810810811,2888.12371608231,1796.83151447155,NA,NA,NA
"Cu",6.39715675675676,2888.12040444268,1796.82846841512,NA,NA,NA
"Cu",6.40740540540541,2888.11797440567,1796.82544328778,NA,NA,NA
"Cu",6.41765405405405,2888.11556150743,1796.82243891259,NA,NA,NA
"Cu",6.4279027027027,2888.11316560017,1796.8194551144,NA,NA,NA
"Cu",6.43815135135135,2888.11078653747,1796.81649171979,NA,NA,NA
"Cu",6.4484,2888.10842417423,1796.8135485571,NA,NA,NA
"Cu",6.45864864864865,2888.10607836697,1796.81062545637,NA,NA,NA
"Cu",6.4688972972973,2888.10374897382,1796.80772224933,NA,NA,NA
"Cu",6.47914594594595,2888.10143585406,1796.80483876939,NA,NA,NA
"Cu",6.48939459459459,2888.09913886858,1796.80197485162,NA,NA,NA
"Cu",6.49964324324324,2888.09685787958,1796.79913033272,NA,NA,NA
"Cu",6.50989189189189,2888.09459275075,1796.79630505102,NA,NA,NA
"Cu",6.52014054054054,2888.09234334705,1796.79349884643,NA,NA,NA
"Cu",6.53038918918919,2888.09010953491,1796.79071156044,NA,NA,NA
"Cu",6.54063783783784,2888.08789118205,1796.78794303614,NA,NA,NA
"Cu",6.55088648648649,2888.08568815742,1796.78519311811,NA,NA,NA
"Cu",6.56113513513513,2888.08350033145,1796.7824616525,NA,NA,NA
"Cu",6.57138378378378,2888.0813275758,1796.77974848696,NA,NA,NA
"Cu",6.58163243243243,2888.07916976332,1796.77705347061,NA,NA,NA
"Cu",6.59188108108108,2888.07702676826,1796.77437645408,NA,NA,NA
"Cu",6.60212972972973,2888.07489846599,1796.77171728944,NA,NA,NA
"Cu",6.61237837837838,2888.07278473336,1796.76907583019,NA,NA,NA
"Cu",6.62262702702703,2888.07068544811,1796.76645193129,NA,NA,NA
"Cu",6.63287567567567,2888.0686004895,1796.76384544909,NA,NA,NA
"Cu",6.64312432432432,2888.06652973779,1796.76125624133,NA,NA,NA
"Cu",6.65337297297297,2888.06447307441,1796.75868416714,NA,NA,NA
"Cu",6.66362162162162,2888.06243038218,1796.75612908701,NA,NA,NA
"Cu",6.67387027027027,2888.06040154477,1796.75359086278,NA,NA,NA
"Cu",6.68411891891892,2888.05838644718,1796.75106935761,NA,NA,NA
"Cu",6.69436756756757,2888.05638497565,1796.748564436,NA,NA,NA
"Cu",6.70461621621622,2888.05439701722,1796.74607596373,NA,NA,NA
"Cu",6.71486486486486,2888.05242246026,1796.74360380789,NA,NA,NA
"Cu",6.72511351351351,2888.05046119418,1796.74114783683,NA,NA,NA
"Cu",6.73536216216216,2888.0485131095,1796.73870792017,NA,NA,NA
"Cu",6.74561081081081,2888.04657809774,1796.73628392877,NA,NA,NA
"Cu",6.75585945945946,2888.04465605145,1796.73387573473,NA,NA,NA
"Cu",6.76610810810811,2888.04274686445,1796.73148321136,NA,NA,NA
"Cu",6.77635675675676,2888.04085043125,1796.72910623318,NA,NA,NA
"Cu",6.78660540540541,2888.03896664764,1796.7267446759,NA,NA,NA
"Cu",6.79685405405405,2888.0370954103,1796.72439841642,NA,NA,NA
"Cu",6.8071027027027,2888.035236617,1796.72206733279,NA,NA,NA
"Cu",6.81735135135135,2888.03339016635,1796.71975130423,NA,NA,NA
"Cu",6.8276,2888.031555958,1796.71745021108,NA,NA,NA
"Cu",6.83784864864865,2888.02973389277,1796.71516393483,NA,NA,NA
"Cu",6.8480972972973,2888.02792387209,1796.71289235808,NA,NA,NA
"Cu",6.85834594594595,2888.02612579849,1796.71063536453,NA,NA,NA
"Cu",6.86859459459459,2888.02433957552,1796.70839283896,NA,NA,NA
"Cu",6.87884324324324,2888.02256510754,1796.70616466727,NA,NA,NA
"Cu",6.88909189189189,2888.02080229971,1796.70395073637,NA,NA,NA
"Cu",6.89934054054054,2888.01905105845,1796.70175093429,NA,NA,NA
"Cu",6.90958918918919,2888.01731129074,1796.69956515005,NA,NA,NA
"Cu",6.91983783783784,2888.0155829046,1796.69739327374,NA,NA,NA
"Cu",6.93008648648649,2888.01386580885,1796.69523519646,NA,NA,NA
"Cu",6.94033513513513,2888.01215991315,1796.69309081032,NA,NA,NA
"Cu",6.95058378378378,2888.01046512816,1796.69096000844,NA,NA,NA
"Cu",6.96083243243243,2888.00878136529,1796.68884268491,NA,NA,NA
"Cu",6.97108108108108,2888.00710853668,1796.68673873484,NA,NA,NA
"Cu",6.98132972972973,2888.0054465555,1796.68464805426,NA,NA,NA
"Cu",6.99157837837838,2888.00379533574,1796.6825705402,NA,NA,NA
"Cu",7.00182702702703,2888.00215479184,1796.6805060906,NA,NA,NA
"Cu",7.01207567567567,2888.00052483944,1796.67845460438,NA,NA,NA
"Cu",7.02232432432432,2887.99890539481,1796.67641598136,NA,NA,NA
"Cu",7.03257297297297,2887.9972963751,1796.67439012229,NA,NA,NA
"Cu",7.04282162162162,2887.99569769801,1796.67237692882,NA,NA,NA
"Cu",7.05307027027027,2887.99410928232,1796.67037630351,NA,NA,NA
"Cu",7.06331891891892,2887.99253104726,1796.6683881498,NA,NA,NA
"Cu",7.07356756756757,2887.99096291303,1796.66641237202,NA,NA,NA
"Cu",7.08381621621622,2887.98940480032,1796.66444887536,NA,NA,NA
"Cu",7.09406486486486,2887.98785663098,1796.66249756589,NA,NA,NA
"Cu",7.10431351351351,2887.98631832715,1796.66055835052,NA,NA,NA
"Cu",7.11456216216216,2887.984789812,1796.65863113699,NA,NA,NA
"Cu",7.12481081081081,2887.98327100918,1796.6567158339,NA,NA,NA
"Cu",7.13505945945946,2887.98176184314,1796.65481235067,NA,NA,NA
"Cu",7.14530810810811,2887.98026223897,1796.65292059752,NA,NA,NA
"Cu",7.15555675675676,2887.97877212266,1796.65104048552,NA,NA,NA
"Cu",7.16580540540541,2887.97729142052,1796.64917192648,NA,NA,NA
"Cu",7.17605405405405,2887.97582005993,1796.64731483306,NA,NA,NA
"Cu",7.1863027027027,2887.97435796867,1796.64546911868,NA,NA,NA
"Cu",7.19655135135135,2887.97290507518,1796.64363469752,NA,NA,NA
"Cu",7.2068,2887.97146130869,1796.64181148456,NA,NA,NA
"Cu",7.21704864864865,2887.97002659903,1796.63999939551,NA,NA,NA
"Cu",7.2272972972973,2887.96860087664,1796.63819834686,NA,NA,NA
"Cu",7.23754594594595,2887.96718407248,1796.63640825583,NA,NA,NA
"Cu",7.24779459459459,2887.96577611841,1796.63462904036,NA,NA,NA
"Cu",7.25804324324324,2887.96437694661,1796.63286061916,NA,NA,NA
"Cu",7.26829189189189,2887.96298649021,1796.63110291162,NA,NA,NA
"Cu",7.27854054054054,2887.96160468254,1796.62935583787,NA,NA,NA
"Cu",7.28878918918919,2887.96023145776,1796.62761931874,NA,NA,NA
"Cu",7.29903783783784,2887.95886675076,1796.62589327575,NA,NA,NA
"Cu",7.30928648648649,2887.95751049671,1796.62417763113,NA,NA,NA
"Cu",7.31953513513513,2887.95616263162,1796.62247230778,NA,NA,NA
"Cu",7.32978378378378,2887.95482309178,1796.62077722929,NA,NA,NA
"Cu",7.34003243243243,2887.95349181444,1796.61909231992,NA,NA,NA
"Cu",7.35028108108108,2887.95216873713,1796.61741750458,NA,NA,NA
"Cu",7.36052972972973,2887.95085379799,1796.61575270885,NA,NA,NA
"Cu",7.37077837837838,2887.94954693572,1796.61409785897,NA,NA,NA
"Cu",7.38102702702703,2887.94824808969,1796.6124528818,NA,NA,NA
"Cu",7.39127567567567,2887.94695719954,1796.61081770487,NA,NA,NA
"Cu",7.40152432432432,2887.94567420572,1796.60919225632,NA,NA,NA
"Cu",7.41177297297297,2887.94439904907,1796.60757646491,NA,NA,NA
"Cu",7.42202162162162,2887.94313167093,1796.60597026004,NA,NA,NA
"Cu",7.43227027027027,2887.94187201326,1796.6043735717,NA,NA,NA
"Cu",7.44251891891892,2887.94062001846,1796.60278633051,NA,NA,NA
"Cu",7.45276756756757,2887.93937562948,1796.60120846768,NA,NA,NA
"Cu",7.46301621621622,2887.93813878976,1796.599639915,NA,NA,NA
"Cu",7.47326486486486,2887.93690944324,1796.59808060487,NA,NA,NA
"Cu",7.48351351351351,2887.93568753421,1796.59653047027,NA,NA,NA
"Cu",7.49376216216216,2887.93447300771,1796.59498944474,NA,NA,NA
"Cu",7.50401081081081,2887.93326580911,1796.59345746242,NA,NA,NA
"Cu",7.51425945945946,2887.93206588423,1796.59193445798,NA,NA,NA
"Cu",7.52450810810811,2887.93087317947,1796.59042036668,NA,NA,NA
"Cu",7.53475675675676,2887.92968764163,1796.58891512432,NA,NA,NA
"Cu",7.5450054054054,2887.92850921791,1796.58741866725,NA,NA,NA
"Cu",7.55525405405405,2887.92733785617,1796.58593093236,NA,NA,NA
"Cu",7.5655027027027,2887.92617350452,1796.5844518571,NA,NA,NA
"Cu",7.57575135135135,2887.92501611159,1796.58298137941,NA,NA,NA
"Cu",7.586,2887.92386562637,1796.58151943781,NA,NA,NA
"Cu",7.59624864864865,2887.92272199865,1796.58006597129,NA,NA,NA
"Cu",7.6064972972973,2887.92158517813,1796.5786209194,NA,NA,NA
"Cu",7.61674594594595,2887.92045511537,1796.57718422218,NA,NA,NA
"Cu",7.62699459459459,2887.91933176104,1796.57575582019,NA,NA,NA
"Cu",7.63724324324324,2887.91821506645,1796.57433565446,NA,NA,NA
"Cu",7.64749189189189,2887.91710498327,1796.57292366657,NA,NA,NA
"Cu",7.65774054054054,2887.91600146358,1796.57151979854,NA,NA,NA
"Cu",7.66798918918919,2887.91490445981,1796.57012399291,NA,NA,NA
"Cu",7.67823783783784,2887.91381392501,1796.5687361927,NA,NA,NA
"Cu",7.68848648648649,2887.91272981224,1796.56735634139,NA,NA,NA
"Cu",7.69873513513513,2887.91165207537,1796.56598438295,NA,NA,NA
"Cu",7.70898378378378,2887.91058066846,1796.56462026182,NA,NA,NA
"Cu",7.71923243243243,2887.90951554596,1796.56326392289,NA,NA,NA
"Cu",7.72948108108108,2887.90845666269,1796.56191531153,NA,NA,NA
"Cu",7.73972972972973,2887.90740397401,1796.56057437354,NA,NA,NA
"Cu",7.74997837837838,2887.90635743548,1796.55924105518,NA,NA,NA
"Cu",7.76022702702703,2887.90531700314,1796.55791530318,NA,NA,NA
"Cu",7.77047567567567,2887.90428263329,1796.55659706469,NA,NA,NA
"Cu",7.78072432432432,2887.90325428283,1796.55528628729,NA,NA,NA
"Cu",7.79097297297297,2887.90223190866,1796.55398291901,NA,NA,NA
"Cu",7.80122162162162,2887.90121546845,1796.55268690831,NA,NA,NA
"Cu",7.81147027027027,2887.90020491996,1796.55139820407,NA,NA,NA
"Cu",7.82171891891892,2887.89920022133,1796.5501167556,NA,NA,NA
"Cu",7.83196756756757,2887.8982013312,1796.5488425126,NA,NA,NA
"Cu",7.84221621621622,2887.89720820832,1796.54757542522,NA,NA,NA
"Cu",7.85246486486486,2887.89622081203,1796.546315444,NA,NA,NA
"Cu",7.86271351351351,2887.89523910185,1796.54506251989,NA,NA,NA
"Cu",7.87296216216216,2887.89426303769,1796.54381660424,NA,NA,NA
"Cu",7.88321081081081,2887.89329257981,1796.5425776488,NA,NA,NA
"Cu",7.89345945945946,2887.89232768873,1796.54134560571,NA,NA,NA
"Cu",7.90370810810811,2887.89136832538,1796.54012042751,NA,NA,NA
"Cu",7.91395675675676,2887.89041445114,1796.53890206712,NA,NA,NA
"Cu",7.9242054054054,2887.88946602729,1796.53769047784,NA,NA,NA
"Cu",7.93445405405405,2887.88852301586,1796.53648561335,NA,NA,NA
"Cu",7.9447027027027,2887.887585379,1796.53528742773,NA,NA,NA
"Cu",7.95495135135135,2887.88665307919,1796.53409587539,NA,NA,NA
"Cu",7.9652,2887.88572607923,1796.53291091114,NA,NA,NA
"Cu",7.97544864864865,2887.88480434221,1796.53173249015,NA,NA,NA
"Cu",7.9856972972973,2887.88388783167,1796.53056056794,NA,NA,NA
"Cu",7.99594594594595,2887.88297651117,1796.52939510041,NA,NA,NA
"Cu",8.00619459459459,2887.88207034479,1796.5282360438,NA,NA,NA
"Cu",8.01644324324324,2887.88116929682,1796.52708335471,NA,NA,NA
"Cu",8.02669189189189,2887.88027333187,1796.52593699007,NA,NA,NA
"Cu",8.03694054054054,2887.87938241488,1796.52479690718,NA,NA,NA
"Cu",8.04718918918919,2887.87849651085,1796.52366306367,NA,NA,NA
"Cu",8.05743783783784,2887.8776155855,1796.52253541752,NA,NA,NA
"Cu",8.06768648648649,2887.87673960444,1796.52141392702,NA,NA,NA
"Cu",8.07793513513514,2887.87586853363,1796.52029855083,NA,NA,NA
"Cu",8.08818378378378,2887.87500233944,1796.51918924791,NA,NA,NA
"Cu",8.09843243243243,2887.87414098844,1796.51808597755,NA,NA,NA
"Cu",8.10868108108108,2887.87328444749,1796.51698869939,NA,NA,NA
"Cu",8.11892972972973,2887.87243268366,1796.51589737336,NA,NA,NA
"Cu",8.12917837837838,2887.87158566434,1796.51481195972,NA,NA,NA
"Cu",8.13942702702703,2887.87074335709,1796.51373241905,NA,NA,NA
"Cu",8.14967567567568,2887.86990572998,1796.51265871223,NA,NA,NA
"Cu",8.15992432432432,2887.86907275109,1796.51159080046,NA,NA,NA
"Cu",8.17017297297297,2887.86824438885,1796.51052864524,NA,NA,NA
"Cu",8.18042162162162,2887.86742061178,1796.50947220838,NA,NA,NA
"Cu",8.19067027027027,2887.86660138905,1796.50842145199,NA,NA,NA
"Cu",8.20091891891892,2887.86578668966,1796.50737633847,NA,NA,NA
"Cu",8.21116756756757,2887.86497648309,1796.50633683051,NA,NA,NA
"Cu",8.22141621621622,2887.86417073901,1796.50530289113,NA,NA,NA
"Cu",8.23166486486486,2887.86336942727,1796.50427448358,NA,NA,NA
"Cu",8.24191351351351,2887.86257251806,1796.50325157146,NA,NA,NA
"Cu",8.25216216216216,2887.86177998173,1796.50223411861,NA,NA,NA
"Cu",8.26241081081081,2887.86099178901,1796.50122208917,NA,NA,NA
"Cu",8.27265945945946,2887.86020791051,1796.50021544755,NA,NA,NA
"Cu",8.28290810810811,2887.85942831753,1796.49921415846,NA,NA,NA
"Cu",8.29315675675676,2887.85865298134,1796.49821818685,NA,NA,NA
"Cu",8.3034054054054,2887.85788187342,1796.49722749798,NA,NA,NA
"Cu",8.31365405405405,2887.85711496566,1796.49624205735,NA,NA,NA
"Cu",8.3239027027027,2887.85635222982,1796.49526183074,NA,NA,NA
"Cu",8.33415135135135,2887.85559363831,1796.4942867842,NA,NA,NA
"Cu",8.3444,2887.85483916354,1796.49331688402,NA,NA,NA
"Cu",8.35464864864865,2887.85408877805,1796.49235209678,NA,NA,NA
"Cu",8.3648972972973,2887.85334245472,1796.49139238929,NA,NA,NA
"Cu",8.37514594594595,2887.85260016668,1796.49043772864,NA,NA,NA
"Cu",8.38539459459459,2887.85186188727,1796.48948808216,NA,NA,NA
"Cu",8.39564324324324,2887.85112758979,1796.48854341744,NA,NA,NA
"Cu",8.40589189189189,2887.85039724816,1796.4876037023,NA,NA,NA
"Cu",8.41614054054054,2887.84967083609,1796.48666890482,NA,NA,NA
"Cu",8.42638918918919,2887.84894832788,1796.48573899333,NA,NA,NA
"Cu",8.43663783783784,2887.84822969761,1796.48481393639,NA,NA,NA
"Cu",8.44688648648649,2887.84751492001,1796.48389370281,NA,NA,NA
"Cu",8.45713513513513,2887.84680396968,1796.48297826163,NA,NA,NA
"Cu",8.46738378378378,2887.84609682155,1796.48206758214,NA,NA,NA
"Cu",8.47763243243243,2887.84539345077,1796.48116163383,NA,NA,NA
"Cu",8.48788108108108,2887.84469383245,1796.48026038647,NA,NA,NA
"Cu",8.49812972972973,2887.84399794231,1796.47936381001,NA,NA,NA
"Cu",8.50837837837838,2887.84330575589,1796.47847187467,NA,NA,NA
"Cu",8.51862702702703,2887.84261724907,1796.47758455088,NA,NA,NA
"Cu",8.52887567567568,2887.84193239792,1796.47670180928,NA,NA,NA
"Cu",8.53912432432432,2887.84125117867,1796.47582362074,NA,NA,NA
"Cu",8.54937297297297,2887.84057356773,1796.47494995637,NA,NA,NA
"Cu",8.55962162162162,2887.83989954166,1796.47408078747,NA,NA,NA
"Cu",8.56987027027027,2887.83922907729,1796.47321608556,NA,NA,NA
"Cu",8.58011891891892,2887.83856215152,1796.4723558224,NA,NA,NA
"Cu",8.59036756756757,2887.83789874155,1796.47149996993,NA,NA,NA
"Cu",8.60061621621622,2887.83723882464,1796.47064850031,NA,NA,NA
"Cu",8.61086486486487,2887.83658237826,1796.46980138593,NA,NA,NA
"Cu",8.62111351351351,2887.83592938005,1796.46895859934,NA,NA,NA
"Cu",8.63136216216216,2887.83527980783,1796.46812011335,NA,NA,NA
"Cu",8.64161081081081,2887.83463363964,1796.46728590094,NA,NA,NA
"Cu",8.65185945945946,2887.83399085365,1796.4664559353,NA,NA,NA
"Cu",8.66210810810811,2887.83335142811,1796.46563018981,NA,NA,NA
"Cu",8.67235675675676,2887.83271534156,1796.46480863806,NA,NA,NA
"Cu",8.68260540540541,2887.83208257265,1796.46399125383,NA,NA,NA
"Cu",8.69285405405405,2887.83145310007,1796.4631780111,NA,NA,NA
"Cu",8.7031027027027,2887.83082690294,1796.46236888405,NA,NA,NA
"Cu",8.71335135135135,2887.83020396034,1796.46156384702,NA,NA,NA
"Cu",8.7236,2887.82958425151,1796.46076287457,NA,NA,NA
"Cu",8.73384864864865,2887.82896775597,1796.45996594145,NA,NA,NA
"Cu",8.7440972972973,2887.82835445335,1796.45917302257,NA,NA,NA
"Cu",8.75434594594595,2887.82774432327,1796.45838409305,NA,NA,NA
"Cu",8.76459459459459,2887.82713734564,1796.45759912817,NA,NA,NA
"Cu",8.77484324324324,2887.82653350065,1796.45681810342,NA,NA,NA
"Cu",8.78509189189189,2887.8259327684,1796.45604099445,NA,NA,NA
"Cu",8.79534054054054,2887.82533512925,1796.45526777709,NA,NA,NA
"Cu",8.80558918918919,2887.82474056381,1796.45449842735,NA,NA,NA
"Cu",8.81583783783784,2887.82414905252,1796.45373292142,NA,NA,NA
"Cu",8.82608648648649,2887.8235605763,1796.45297123566,NA,NA,NA
"Cu",8.83633513513514,2887.82297511604,1796.4522133466,NA,NA,NA
"Cu",8.84658378378378,2887.82239265283,1796.45145923095,NA,NA,NA
"Cu",8.85683243243243,2887.82181316785,1796.45070886557,NA,NA,NA
"Cu",8.86708108108108,2887.82123664251,1796.44996222752,NA,NA,NA
"Cu",8.87732972972973,2887.82066305827,1796.44921929399,NA,NA,NA
"Cu",8.88757837837838,2887.82009239672,1796.44848004237,NA,NA,NA
"Cu",8.89782702702703,2887.81952463971,1796.44774445019,NA,NA,NA
"Cu",8.90807567567568,2887.81895976901,1796.44701249515,NA,NA,NA
"Cu",8.91832432432432,2887.81839776673,1796.44628415512,NA,NA,NA
"Cu",8.92857297297297,2887.81783861508,1796.44555940812,NA,NA,NA
"Cu",8.93882162162162,2887.81728229623,1796.44483823232,NA,NA,NA
"Cu",8.94907027027027,2887.81672879278,1796.44412060607,NA,NA,NA
"Cu",8.95931891891892,2887.81617808707,1796.44340650786,NA,NA,NA
"Cu",8.96956756756757,2887.81563016195,1796.44269591634,NA,NA,NA
"Cu",8.97981621621622,2887.81508500013,1796.44198881032,NA,NA,NA
"Cu",8.99006486486486,2887.8145425846,1796.44128516873,NA,NA,NA
"Cu",9.00031351351351,2887.81400289836,1796.4405849707,NA,NA,NA
"Cu",9.01056216216216,2887.8134659247,1796.43988819548,NA,NA,NA
"Cu",9.02081081081081,2887.81293164682,1796.43919482246,NA,NA,NA
"Cu",9.03105945945946,2887.81240004818,1796.43850483121,NA,NA,NA
"Cu",9.04130810810811,2887.81187111229,1796.43781820141,NA,NA,NA
"Cu",9.05155675675676,2887.81134482289,1796.43713491291,NA,NA,NA
"Cu",9.0618054054054,2887.81082116369,1796.43645494568,NA,NA,NA
"Cu",9.07205405405405,2887.81030011873,1796.43577827987,NA,NA,NA
"Cu",9.0823027027027,2887.80978167182,1796.43510489573,NA,NA,NA
"Cu",9.09255135135135,2887.80926580725,1796.43443477368,NA,NA,NA
"Cu",9.1028,2887.80875250923,1796.43376789426,NA,NA,NA
"Cu",9.11304864864865,2887.80824176205,1796.43310423816,NA,NA,NA
"Cu",9.1232972972973,2887.8077335503,1796.43244378619,NA,NA,NA
"Cu",9.13354594594595,2887.80722785859,1796.43178651932,NA,NA,NA
"Cu",9.14379459459459,2887.80672467143,1796.43113241863,NA,NA,NA
"Cu",9.15404324324324,2887.80622397375,1796.43048146535,NA,NA,NA
"Cu",9.16429189189189,2887.80572575054,1796.42983364084,NA,NA,NA
"Cu",9.17454054054054,2887.80522998668,1796.42918892658,NA,NA,NA
"Cu",9.18478918918919,2887.8047366674,1796.4285473042,NA,NA,NA
"Cu",9.19503783783784,2887.80424577789,1796.42790875543,NA,NA,NA
"Cu",9.20528648648649,2887.80375730353,1796.42727326216,NA,NA,NA
"Cu",9.21553513513513,2887.80327122972,1796.42664080638,NA,NA,NA
"Cu",9.22578378378378,2887.80278754208,1796.42601137022,NA,NA,NA
"Cu",9.23603243243243,2887.80230622618,1796.42538493594,NA,NA,NA
"Cu",9.24628108108108,2887.80182726784,1796.42476148591,NA,NA,NA
"Cu",9.25652972972973,2887.80135065293,1796.42414100263,NA,NA,NA
"Cu",9.26677837837838,2887.80087636731,1796.42352346871,NA,NA,NA
"Cu",9.27702702702703,2887.80040439719,1796.42290886691,NA,NA,NA
"Cu",9.28727567567567,2887.79993472858,1796.42229718009,NA,NA,NA
"Cu",9.29752432432432,2887.79946734784,1796.42168839122,NA,NA,NA
"Cu",9.30777297297297,2887.79900224122,1796.4210824834,NA,NA,NA
"Cu",9.31802162162162,2887.7985393953,1796.42047943985,NA,NA,NA
"Cu",9.32827027027027,2887.79807879658,1796.4198792439,NA,NA,NA
"Cu",9.33851891891892,2887.79762043163,1796.41928187899,NA,NA,NA
"Cu",9.34876756756757,2887.79716428729,1796.4186873287,NA,NA,NA
"Cu",9.35901621621622,2887.7967103502,1796.41809557668,NA,NA,NA
"Cu",9.36926486486487,2887.79625860744,1796.41750660674,NA,NA,NA
"Cu",9.37951351351351,2887.79580904603,1796.41692040276,NA,NA,NA
"Cu",9.38976216216216,2887.79536165295,1796.41633694876,NA,NA,NA
"Cu",9.40001081081081,2887.79491641558,1796.41575622885,NA,NA,NA
"Cu",9.41025945945946,2887.79447332097,1796.41517822727,NA,NA,NA
"Cu",9.42050810810811,2887.79403235664,1796.41460292834,NA,NA,NA
"Cu",9.43075675675676,2887.79359350999,1796.41403031652,NA,NA,NA
"Cu",9.44100540540541,2887.79315676868,1796.41346037634,NA,NA,NA
"Cu",9.45125405405405,2887.79272212012,1796.41289309247,NA,NA,NA
"Cu",9.4615027027027,2887.7922895522,1796.41232844967,NA,NA,NA
"Cu",9.47175135135135,2887.79185905271,1796.41176643279,NA,NA,NA
"Cu",9.482,2887.79143060949,1796.41120702681,NA,NA,NA
"Cu",9.49224864864865,2887.79100421049,1796.41065021678,NA,NA,NA
"Cu",9.5024972972973,2887.79057984388,1796.41009598789,NA,NA,NA
"Cu",9.51274594594595,2887.79015749761,1796.4095443254,NA,NA,NA
"Cu",9.52299459459459,2887.78973716007,1796.40899521469,NA,NA,NA
"Cu",9.53324324324324,2887.78931881946,1796.40844864121,NA,NA,NA
"Cu",9.54349189189189,2887.78890246425,1796.40790459054,NA,NA,NA
"Cu",9.55374054054054,2887.78848808287,1796.40736304835,NA,NA,NA
"Cu",9.56398918918919,2887.78807566377,1796.40682400039,NA,NA,NA
"Cu",9.57423783783784,2887.78766519565,1796.40628743252,NA,NA,NA
"Cu",9.58448648648649,2887.78725666723,1796.40575333069,NA,NA,NA
"Cu",9.59473513513514,2887.78685006728,1796.40522168096,NA,NA,NA
"Cu",9.60498378378378,2887.78644538454,1796.40469246946,NA,NA,NA
"Cu",9.61523243243243,2887.7860426081,1796.40416568243,NA,NA,NA
"Cu",9.62548108108108,2887.78564172682,1796.40364130619,NA,NA,NA
"Cu",9.63572972972973,2887.78524272988,1796.40311932716,NA,NA,NA
"Cu",9.64597837837838,2887.78484560633,1796.40259973185,NA,NA,NA
"Cu",9.65622702702703,2887.78445034554,1796.40208250685,NA,NA,NA
"Cu",9.66647567567568,2887.78405693671,1796.40156763887,NA,NA,NA
"Cu",9.67672432432432,2887.78366536921,1796.40105511466,NA,NA,NA
"Cu",9.68697297297297,2887.78327563255,1796.40054492111,NA,NA,NA
"Cu",9.69722162162162,2887.78288771616,1796.40003704515,NA,NA,NA
"Cu",9.70747027027027,2887.78250160971,1796.39953147384,NA,NA,NA
"Cu",9.71771891891892,2887.78211730282,1796.39902819429,NA,NA,NA
"Cu",9.72796756756757,2887.7817347852,1796.39852719371,NA,NA,NA
"Cu",9.73821621621622,2887.78135404667,1796.39802845941,NA,NA,NA
"Cu",9.74846486486486,2887.78097507709,1796.39753197876,NA,NA,NA
"Cu",9.75871351351351,2887.7805978664,1796.39703773922,NA,NA,NA
"Cu",9.76896216216216,2887.78022240463,1796.39654572833,NA,NA,NA
"Cu",9.77921081081081,2887.7798486818,1796.39605593374,NA,NA,NA
"Cu",9.78945945945946,2887.77947668807,1796.39556834314,NA,NA,NA
"Cu",9.79970810810811,2887.77910641358,1796.39508294433,NA,NA,NA
"Cu",9.80995675675676,2887.77873784874,1796.39459972517,NA,NA,NA
"Cu",9.8202054054054,2887.77837098375,1796.39411867363,NA,NA,NA
"Cu",9.83045405405405,2887.77800580904,1796.39363977772,NA,NA,NA
"Cu",9.8407027027027,2887.77764231516,1796.39316302555,NA,NA,NA
"Cu",9.85095135135135,2887.77728049248,1796.39268840532,NA,NA,NA
"Cu",9.8612,2887.77692033169,1796.39221590528,NA,NA,NA
"Cu",9.87144864864865,2887.77656182344,1796.39174551377,NA,NA,NA
"Cu",9.8816972972973,2887.77620495844,1796.39127721922,NA,NA,NA
"Cu",9.89194594594595,2887.77584972741,1796.3908110101,NA,NA,NA
"Cu",9.90219459459459,2887.77549612128,1796.39034687499,NA,NA,NA
"Cu",9.91244324324324,2887.7751441309,1796.38988480254,NA,NA,NA
"Cu",9.92269189189189,2887.7747937472,1796.38942478144,NA,NA,NA
"Cu",9.93294054054054,2887.77444496121,1796.3889668005,NA,NA,NA
"Cu",9.94318918918919,2887.77409776404,1796.38851084857,NA,NA,NA
"Cu",9.95343783783784,2887.77375214684,1796.38805691459,NA,NA,NA
"Cu",9.96368648648649,2887.77340810072,1796.38760498756,NA,NA,NA
"Cu",9.97393513513513,2887.77306561695,1796.38715505655,NA,NA,NA
"Cu",9.98418378378378,2887.77272468692,1796.38670711072,NA,NA,NA
"Cu",9.99443243243243,2887.77238530197,1796.38626113928,NA,NA,NA
"Cu",10.0046810810811,2887.77204745351,1796.38581713151,NA,NA,NA
"Cu",10.0149297297297,2887.77171113296,1796.38537507678,NA,NA,NA
"Cu",10.0251783783784,2887.77137633197,1796.3849349645,NA,NA,NA
"Cu",10.035427027027,2887.7710430421,1796.38449678416,NA,NA,NA
"Cu",10.0456756756757,2887.77071125493,1796.38406052534,NA,NA,NA
"Cu",10.0559243243243,2887.77038096217,1796.38362617764,NA,NA,NA
"Cu",10.066172972973,2887.77005215565,1796.38319373077,NA,NA,NA
"Cu",10.0764216216216,2887.76972482714,1796.38276317448,NA,NA,NA
"Cu",10.0866702702703,2887.76939896851,1796.38233449861,NA,NA,NA
"Cu",10.0969189189189,2887.76907457159,1796.38190769302,NA,NA,NA
"Cu",10.1071675675676,2887.76875162856,1796.38148274769,NA,NA,NA
"Cu",10.1174162162162,2887.76843013116,1796.38105965263,NA,NA,NA
"Cu",10.1276648648649,2887.76811007174,1796.38063839792,NA,NA,NA
"Cu",10.1379135135135,2887.76779144228,1796.3802189737,NA,NA,NA
"Cu",10.1481621621622,2887.76747423488,1796.37980137019,NA,NA,NA
"Cu",10.1584108108108,2887.76715844188,1796.37938557764,NA,NA,NA
"Cu",10.1686594594595,2887.76684405559,1796.3789715864,NA,NA,NA
"Cu",10.1789081081081,2887.76653106824,1796.37855938686,NA,NA,NA
"Cu",10.1891567567568,2887.76621947224,1796.37814896946,NA,NA,NA
"Cu",10.1994054054054,2887.76590925999,1796.37774032473,NA,NA,NA
"Cu",10.2096540540541,2887.76560042407,1796.37733344323,NA,NA,NA
"Cu",10.2199027027027,2887.76529295686,1796.3769283156,NA,NA,NA
"Cu",10.2301513513514,2887.76498685106,1796.37652493254,NA,NA,NA
"Cu",10.2404,2887.76468209916,1796.37612328478,NA,NA,NA
"Cu",10.2404,NA,4402.40157550199,NA,NA,NA
"Cu",10.2301513513514,NA,4402.40170138072,NA,NA,NA
"Cu",10.2199027027027,NA,4402.40182784918,NA,NA,NA
"Cu",10.2096540540541,NA,4402.4019549105,NA,NA,NA
"Cu",10.1994054054054,NA,4402.40208256818,NA,NA,NA
"Cu",10.1891567567568,NA,4402.40221082564,NA,NA,NA
"Cu",10.1789081081081,NA,4402.40233968627,NA,NA,NA
"Cu",10.1686594594595,NA,4402.40246915342,NA,NA,NA
"Cu",10.1584108108108,NA,4402.40259923084,NA,NA,NA
"Cu",10.1481621621622,NA,4402.40272992177,NA,NA,NA
"Cu",10.1379135135135,NA,4402.4028612299,NA,NA,NA
"Cu",10.1276648648649,NA,4402.40299315856,NA,NA,NA
"Cu",10.1174162162162,NA,4402.40312571152,NA,NA,NA
"Cu",10.1071675675676,NA,4402.4032588922,NA,NA,NA
"Cu",10.0969189189189,NA,4402.4033927043,NA,NA,NA
"Cu",10.0866702702703,NA,4402.40352715158,NA,NA,NA
"Cu",10.0764216216216,NA,4402.40366223749,NA,NA,NA
"Cu",10.066172972973,NA,4402.40379796597,NA,NA,NA
"Cu",10.0559243243243,NA,4402.40393434046,NA,NA,NA
"Cu",10.0456756756757,NA,4402.40407136483,NA,NA,NA
"Cu",10.035427027027,NA,4402.40420904287,NA,NA,NA
"Cu",10.0251783783784,NA,4402.40434737828,NA,NA,NA
"Cu",10.0149297297297,NA,4402.40448637502,NA,NA,NA
"Cu",10.0046810810811,NA,4402.4046260368,NA,NA,NA
"Cu",9.99443243243243,NA,4402.40476636759,NA,NA,NA
"Cu",9.98418378378378,NA,4402.4049073711,NA,NA,NA
"Cu",9.97393513513513,NA,4402.40504905147,NA,NA,NA
"Cu",9.96368648648649,NA,4402.40519141269,NA,NA,NA
"Cu",9.95343783783784,NA,4402.40533445846,NA,NA,NA
"Cu",9.94318918918919,NA,4402.40547819286,NA,NA,NA
"Cu",9.93294054054054,NA,4402.40562262021,NA,NA,NA
"Cu",9.92269189189189,NA,4402.40576774407,NA,NA,NA
"Cu",9.91244324324324,NA,4402.40591356902,NA,NA,NA
"Cu",9.90219459459459,NA,4402.40606009898,NA,NA,NA
"Cu",9.89194594594595,NA,4402.40620733809,NA,NA,NA
"Cu",9.8816972972973,NA,4402.40635529037,NA,NA,NA
"Cu",9.87144864864865,NA,4402.40650396023,NA,NA,NA
"Cu",9.8612,NA,4402.40665335177,NA,NA,NA
"Cu",9.85095135135135,NA,4402.40680346941,NA,NA,NA
"Cu",9.8407027027027,NA,4402.40695431734,NA,NA,NA
"Cu",9.83045405405405,NA,4402.40710589991,NA,NA,NA
"Cu",9.8202054054054,NA,4402.40725822137,NA,NA,NA
"Cu",9.80995675675676,NA,4402.4074112862,NA,NA,NA
"Cu",9.79970810810811,NA,4402.40756509872,NA,NA,NA
"Cu",9.78945945945946,NA,4402.4077196635,NA,NA,NA
"Cu",9.77921081081081,NA,4402.40787498497,NA,NA,NA
"Cu",9.76896216216216,NA,4402.40803106751,NA,NA,NA
"Cu",9.75871351351351,NA,4402.40818791591,NA,NA,NA
"Cu",9.74846486486486,NA,4402.40834553439,NA,NA,NA
"Cu",9.73821621621622,NA,4402.40850392792,NA,NA,NA
"Cu",9.72796756756757,NA,4402.40866310079,NA,NA,NA
"Cu",9.71771891891892,NA,4402.40882305799,NA,NA,NA
"Cu",9.70747027027027,NA,4402.4089838039,NA,NA,NA
"Cu",9.69722162162162,NA,4402.40914534344,NA,NA,NA
"Cu",9.68697297297297,NA,4402.40930768151,NA,NA,NA
"Cu",9.67672432432432,NA,4402.40947082241,NA,NA,NA
"Cu",9.66647567567568,NA,4402.40963477159,NA,NA,NA
"Cu",9.65622702702703,NA,4402.40979953352,NA,NA,NA
"Cu",9.64597837837838,NA,4402.40996511313,NA,NA,NA
"Cu",9.63572972972973,NA,4402.41013151542,NA,NA,NA
"Cu",9.62548108108108,NA,4402.4102987455,NA,NA,NA
"Cu",9.61523243243243,NA,4402.41046680804,NA,NA,NA
"Cu",9.60498378378378,NA,4402.41063570839,NA,NA,NA
"Cu",9.59473513513514,NA,4402.41080545151,NA,NA,NA
"Cu",9.58448648648649,NA,4402.41097604249,NA,NA,NA
"Cu",9.57423783783784,NA,4402.41114748645,NA,NA,NA
"Cu",9.56398918918919,NA,4402.41131978877,NA,NA,NA
"Cu",9.55374054054054,NA,4402.41149295449,NA,NA,NA
"Cu",9.54349189189189,NA,4402.41166698898,NA,NA,NA
"Cu",9.53324324324324,NA,4402.4118418973,NA,NA,NA
"Cu",9.52299459459459,NA,4402.41201768499,NA,NA,NA
"Cu",9.51274594594595,NA,4402.41219435747,NA,NA,NA
"Cu",9.5024972972973,NA,4402.41237192011,NA,NA,NA
"Cu",9.49224864864865,NA,4402.41255037824,NA,NA,NA
"Cu",9.482,NA,4402.4127297376,NA,NA,NA
"Cu",9.47175135135135,NA,4402.41291000334,NA,NA,NA
"Cu",9.4615027027027,NA,4402.4130911813,NA,NA,NA
"Cu",9.45125405405405,NA,4402.41327327716,NA,NA,NA
"Cu",9.44100540540541,NA,4402.41345629651,NA,NA,NA
"Cu",9.43075675675676,NA,4402.41364024485,NA,NA,NA
"Cu",9.42050810810811,NA,4402.41382512812,NA,NA,NA
"Cu",9.41025945945946,NA,4402.41401095201,NA,NA,NA
"Cu",9.40001081081081,NA,4402.41419772239,NA,NA,NA
"Cu",9.38976216216216,NA,4402.41438544512,NA,NA,NA
"Cu",9.37951351351351,NA,4402.41457412607,NA,NA,NA
"Cu",9.36926486486487,NA,4402.4147637711,NA,NA,NA
"Cu",9.35901621621622,NA,4402.41495438647,NA,NA,NA
"Cu",9.34876756756757,NA,4402.41514597785,NA,NA,NA
"Cu",9.33851891891892,NA,4402.41533855158,NA,NA,NA
"Cu",9.32827027027027,NA,4402.4155321138,NA,NA,NA
"Cu",9.31802162162162,NA,4402.41572667059,NA,NA,NA
"Cu",9.30777297297297,NA,4402.41592222799,NA,NA,NA
"Cu",9.29752432432432,NA,4402.41611879262,NA,NA,NA
"Cu",9.28727567567567,NA,4402.41631637045,NA,NA,NA
"Cu",9.27702702702703,NA,4402.416514968,NA,NA,NA
"Cu",9.26677837837838,NA,4402.41671459172,NA,NA,NA
"Cu",9.25652972972973,NA,4402.41691524793,NA,NA,NA
"Cu",9.24628108108108,NA,4402.41711694325,NA,NA,NA
"Cu",9.23603243243243,NA,4402.41731968422,NA,NA,NA
"Cu",9.22578378378378,NA,4402.41752347719,NA,NA,NA
"Cu",9.21553513513513,NA,4402.41772832897,NA,NA,NA
"Cu",9.20528648648649,NA,4402.41793424634,NA,NA,NA
"Cu",9.19503783783784,NA,4402.41814123586,NA,NA,NA
"Cu",9.18478918918919,NA,4402.41834930443,NA,NA,NA
"Cu",9.17454054054054,NA,4402.41855845903,NA,NA,NA
"Cu",9.16429189189189,NA,4402.41876870621,NA,NA,NA
"Cu",9.15404324324324,NA,4402.41898005298,NA,NA,NA
"Cu",9.14379459459459,NA,4402.41919250659,NA,NA,NA
"Cu",9.13354594594595,NA,4402.41940607405,NA,NA,NA
"Cu",9.1232972972973,NA,4402.41962076202,NA,NA,NA
"Cu",9.11304864864865,NA,4402.41983657821,NA,NA,NA
"Cu",9.1028,NA,4402.42005352954,NA,NA,NA
"Cu",9.09255135135135,NA,4402.42027162339,NA,NA,NA
"Cu",9.0823027027027,NA,4402.42049086686,NA,NA,NA
"Cu",9.07205405405405,NA,4402.42071126751,NA,NA,NA
"Cu",9.0618054054054,NA,4402.42093283291,NA,NA,NA
"Cu",9.05155675675676,NA,4402.42115557015,NA,NA,NA
"Cu",9.04130810810811,NA,4402.42137948699,NA,NA,NA
"Cu",9.03105945945946,NA,4402.42160459091,NA,NA,NA
"Cu",9.02081081081081,NA,4402.42183088984,NA,NA,NA
"Cu",9.01056216216216,NA,4402.42205839125,NA,NA,NA
"Cu",9.00031351351351,NA,4402.42228710292,NA,NA,NA
"Cu",8.99006486486486,NA,4402.42251703277,NA,NA,NA
"Cu",8.97981621621622,NA,4402.42274818874,NA,NA,NA
"Cu",8.96956756756757,NA,4402.42298057853,NA,NA,NA
"Cu",8.95931891891892,NA,4402.42321421032,NA,NA,NA
"Cu",8.94907027027027,NA,4402.42344909219,NA,NA,NA
"Cu",8.93882162162162,NA,4402.42368523233,NA,NA,NA
"Cu",8.92857297297297,NA,4402.42392263871,NA,NA,NA
"Cu",8.91832432432432,NA,4402.42416131992,NA,NA,NA
"Cu",8.90807567567568,NA,4402.42440128391,NA,NA,NA
"Cu",8.89782702702703,NA,4402.42464253921,NA,NA,NA
"Cu",8.88757837837838,NA,4402.42488509449,NA,NA,NA
"Cu",8.87732972972973,NA,4402.42512895799,NA,NA,NA
"Cu",8.86708108108108,NA,4402.42537413849,NA,NA,NA
"Cu",8.85683243243243,NA,4402.42562064444,NA,NA,NA
"Cu",8.84658378378378,NA,4402.42586848451,NA,NA,NA
"Cu",8.83633513513514,NA,4402.42611766769,NA,NA,NA
"Cu",8.82608648648649,NA,4402.42636820287,NA,NA,NA
"Cu",8.81583783783784,NA,4402.42662009875,NA,NA,NA
"Cu",8.80558918918919,NA,4402.42687336441,NA,NA,NA
"Cu",8.79534054054054,NA,4402.42712800884,NA,NA,NA
"Cu",8.78509189189189,NA,4402.42738404137,NA,NA,NA
"Cu",8.77484324324324,NA,4402.427641471,NA,NA,NA
"Cu",8.76459459459459,NA,4402.4279003071,NA,NA,NA
"Cu",8.75434594594595,NA,4402.42816055911,NA,NA,NA
"Cu",8.7440972972973,NA,4402.42842223603,NA,NA,NA
"Cu",8.73384864864865,NA,4402.42868534777,NA,NA,NA
"Cu",8.7236,NA,4402.42894990378,NA,NA,NA
"Cu",8.71335135135135,NA,4402.42921591362,NA,NA,NA
"Cu",8.7031027027027,NA,4402.42948338731,NA,NA,NA
"Cu",8.69285405405405,NA,4402.42975233412,NA,NA,NA
"Cu",8.68260540540541,NA,4402.43002276434,NA,NA,NA
"Cu",8.67235675675676,NA,4402.43029468772,NA,NA,NA
"Cu",8.66210810810811,NA,4402.43056811437,NA,NA,NA
"Cu",8.65185945945946,NA,4402.43084305422,NA,NA,NA
"Cu",8.64161081081081,NA,4402.43111951784,NA,NA,NA
"Cu",8.63136216216216,NA,4402.43139751508,NA,NA,NA
"Cu",8.62111351351351,NA,4402.43167705653,NA,NA,NA
"Cu",8.61086486486487,NA,4402.43195815239,NA,NA,NA
"Cu",8.60061621621622,NA,4402.43224081353,NA,NA,NA
"Cu",8.59036756756757,NA,4402.43252505025,NA,NA,NA
"Cu",8.58011891891892,NA,4402.43281087333,NA,NA,NA
"Cu",8.56987027027027,NA,4402.43309829354,NA,NA,NA
"Cu",8.55962162162162,NA,4402.43338732167,NA,NA,NA
"Cu",8.54937297297297,NA,4402.43367796885,NA,NA,NA
"Cu",8.53912432432432,NA,4402.43397024579,NA,NA,NA
"Cu",8.52887567567568,NA,4402.43426416399,NA,NA,NA
"Cu",8.51862702702703,NA,4402.43455973434,NA,NA,NA
"Cu",8.50837837837838,NA,4402.43485696817,NA,NA,NA
"Cu",8.49812972972973,NA,4402.43515587702,NA,NA,NA
"Cu",8.48788108108108,NA,4402.43545647213,NA,NA,NA
"Cu",8.47763243243243,NA,4402.4357587655,NA,NA,NA
"Cu",8.46738378378378,NA,4402.43606276829,NA,NA,NA
"Cu",8.45713513513513,NA,4402.43636849259,NA,NA,NA
"Cu",8.44688648648649,NA,4402.43667595003,NA,NA,NA
"Cu",8.43663783783784,NA,4402.43698515279,NA,NA,NA
"Cu",8.42638918918919,NA,4402.4372961127,NA,NA,NA
"Cu",8.41614054054054,NA,4402.43760884202,NA,NA,NA
"Cu",8.40589189189189,NA,4402.43792335297,NA,NA,NA
"Cu",8.39564324324324,NA,4402.438239658,NA,NA,NA
"Cu",8.38539459459459,NA,4402.43855776922,NA,NA,NA
"Cu",8.37514594594595,NA,4402.43887769956,NA,NA,NA
"Cu",8.3648972972973,NA,4402.4391994615,NA,NA,NA
"Cu",8.35464864864865,NA,4402.4395230678,NA,NA,NA
"Cu",8.3444,NA,4402.4398485313,NA,NA,NA
"Cu",8.33415135135135,NA,4402.44017586488,NA,NA,NA
"Cu",8.3239027027027,NA,4402.44050508183,NA,NA,NA
"Cu",8.31365405405405,NA,4402.44083619519,NA,NA,NA
"Cu",8.3034054054054,NA,4402.4411692182,NA,NA,NA
"Cu",8.29315675675676,NA,4402.44150416429,NA,NA,NA
"Cu",8.28290810810811,NA,4402.44184104694,NA,NA,NA
"Cu",8.27265945945946,NA,4402.44217987987,NA,NA,NA
"Cu",8.26241081081081,NA,4402.44252067685,NA,NA,NA
"Cu",8.25216216216216,NA,4402.44286345151,NA,NA,NA
"Cu",8.24191351351351,NA,4402.44320821793,NA,NA,NA
"Cu",8.23166486486486,NA,4402.44355498998,NA,NA,NA
"Cu",8.22141621621622,NA,4402.4439037822,NA,NA,NA
"Cu",8.21116756756757,NA,4402.44425460861,NA,NA,NA
"Cu",8.20091891891892,NA,4402.44460748391,NA,NA,NA
"Cu",8.19067027027027,NA,4402.44496242237,NA,NA,NA
"Cu",8.18042162162162,NA,4402.44531943884,NA,NA,NA
"Cu",8.17017297297297,NA,4402.44567854812,NA,NA,NA
"Cu",8.15992432432432,NA,4402.44603976498,NA,NA,NA
"Cu",8.14967567567568,NA,4402.44640310452,NA,NA,NA
"Cu",8.13942702702703,NA,4402.44676858212,NA,NA,NA
"Cu",8.12917837837838,NA,4402.44713621273,NA,NA,NA
"Cu",8.11892972972973,NA,4402.44750601201,NA,NA,NA
"Cu",8.10868108108108,NA,4402.44787799529,NA,NA,NA
"Cu",8.09843243243243,NA,4402.44825217859,NA,NA,NA
"Cu",8.08818378378378,NA,4402.44862857751,NA,NA,NA
"Cu",8.07793513513514,NA,4402.44900720803,NA,NA,NA
"Cu",8.06768648648649,NA,4402.44938808618,NA,NA,NA
"Cu",8.05743783783784,NA,4402.44977122839,NA,NA,NA
"Cu",8.04718918918919,NA,4402.45015665075,NA,NA,NA
"Cu",8.03694054054054,NA,4402.45054436995,NA,NA,NA
"Cu",8.02669189189189,NA,4402.4509344027,NA,NA,NA
"Cu",8.01644324324324,NA,4402.45132676555,NA,NA,NA
"Cu",8.00619459459459,NA,4402.45172147559,NA,NA,NA
"Cu",7.99594594594595,NA,4402.45211854989,NA,NA,NA
"Cu",7.9856972972973,NA,4402.45251800557,NA,NA,NA
"Cu",7.97544864864865,NA,4402.45291986018,NA,NA,NA
"Cu",7.9652,NA,4402.45332413109,NA,NA,NA
"Cu",7.95495135135135,NA,4402.45373083589,NA,NA,NA
"Cu",7.9447027027027,NA,4402.4541399925,NA,NA,NA
"Cu",7.93445405405405,NA,4402.45455161913,NA,NA,NA
"Cu",7.9242054054054,NA,4402.4549657334,NA,NA,NA
"Cu",7.91395675675676,NA,4402.45538235404,NA,NA,NA
"Cu",7.90370810810811,NA,4402.4558014993,NA,NA,NA
"Cu",7.89345945945946,NA,4402.45622318787,NA,NA,NA
"Cu",7.88321081081081,NA,4402.45664743846,NA,NA,NA
"Cu",7.87296216216216,NA,4402.45707427002,NA,NA,NA
"Cu",7.86271351351351,NA,4402.45750370156,NA,NA,NA
"Cu",7.85246486486486,NA,4402.45793575241,NA,NA,NA
"Cu",7.84221621621622,NA,4402.45837044204,NA,NA,NA
"Cu",7.83196756756757,NA,4402.45880778997,NA,NA,NA
"Cu",7.82171891891892,NA,4402.45924781605,NA,NA,NA
"Cu",7.81147027027027,NA,4402.45969054009,NA,NA,NA
"Cu",7.80122162162162,NA,4402.46013598239,NA,NA,NA
"Cu",7.79097297297297,NA,4402.46058416316,NA,NA,NA
"Cu",7.78072432432432,NA,4402.46103510279,NA,NA,NA
"Cu",7.77047567567567,NA,4402.46148882195,NA,NA,NA
"Cu",7.76022702702703,NA,4402.46194534178,NA,NA,NA
"Cu",7.74997837837838,NA,4402.46240468287,NA,NA,NA
"Cu",7.73972972972973,NA,4402.46286686666,NA,NA,NA
"Cu",7.72948108108108,NA,4402.46333191445,NA,NA,NA
"Cu",7.71923243243243,NA,4402.4637998478,NA,NA,NA
"Cu",7.70898378378378,NA,4402.46427068858,NA,NA,NA
"Cu",7.69873513513513,NA,4402.46474445871,NA,NA,NA
"Cu",7.68848648648649,NA,4402.46522118045,NA,NA,NA
"Cu",7.67823783783784,NA,4402.46570087608,NA,NA,NA
"Cu",7.66798918918919,NA,4402.46618356816,NA,NA,NA
"Cu",7.65774054054054,NA,4402.46666927935,NA,NA,NA
"Cu",7.64749189189189,NA,4402.46715803286,NA,NA,NA
"Cu",7.63724324324324,NA,4402.46764985144,NA,NA,NA
"Cu",7.62699459459459,NA,4402.46814475897,NA,NA,NA
"Cu",7.61674594594595,NA,4402.46864277885,NA,NA,NA
"Cu",7.6064972972973,NA,4402.46914393477,NA,NA,NA
"Cu",7.59624864864865,NA,4402.46964825072,NA,NA,NA
"Cu",7.586,NA,4402.4701557513,NA,NA,NA
"Cu",7.57575135135135,NA,4402.47066646059,NA,NA,NA
"Cu",7.5655027027027,NA,4402.47118040333,NA,NA,NA
"Cu",7.55525405405405,NA,4402.47169760433,NA,NA,NA
"Cu",7.5450054054054,NA,4402.47221808905,NA,NA,NA
"Cu",7.53475675675676,NA,4402.4727418827,NA,NA,NA
"Cu",7.52450810810811,NA,4402.4732690105,NA,NA,NA
"Cu",7.51425945945946,NA,4402.47379949883,NA,NA,NA
"Cu",7.50401081081081,NA,4402.4743333733,NA,NA,NA
"Cu",7.49376216216216,NA,4402.47487066057,NA,NA,NA
"Cu",7.48351351351351,NA,4402.47541138683,NA,NA,NA
"Cu",7.47326486486486,NA,4402.47595557903,NA,NA,NA
"Cu",7.46301621621622,NA,4402.47650326398,NA,NA,NA
"Cu",7.45276756756757,NA,4402.47705446941,NA,NA,NA
"Cu",7.44251891891892,NA,4402.47760922223,NA,NA,NA
"Cu",7.43227027027027,NA,4402.47816755072,NA,NA,NA
"Cu",7.42202162162162,NA,4402.47872948255,NA,NA,NA
"Cu",7.41177297297297,NA,4402.47929504619,NA,NA,NA
"Cu",7.40152432432432,NA,4402.47986427025,NA,NA,NA
"Cu",7.39127567567567,NA,4402.48043718339,NA,NA,NA
"Cu",7.38102702702703,NA,4402.48101381477,NA,NA,NA
"Cu",7.37077837837838,NA,4402.48159419373,NA,NA,NA
"Cu",7.36052972972973,NA,4402.4821783498,NA,NA,NA
"Cu",7.35028108108108,NA,4402.48276631289,NA,NA,NA
"Cu",7.34003243243243,NA,4402.48335811336,NA,NA,NA
"Cu",7.32978378378378,NA,4402.48395378133,NA,NA,NA
"Cu",7.31953513513513,NA,4402.48455334799,NA,NA,NA
"Cu",7.30928648648649,NA,4402.48515684402,NA,NA,NA
"Cu",7.29903783783784,NA,4402.48576430074,NA,NA,NA
"Cu",7.28878918918919,NA,4402.48637575002,NA,NA,NA
"Cu",7.27854054054054,NA,4402.48699122357,NA,NA,NA
"Cu",7.26829189189189,NA,4402.48761075363,NA,NA,NA
"Cu",7.25804324324324,NA,4402.48823437257,NA,NA,NA
"Cu",7.24779459459459,NA,4402.48886211367,NA,NA,NA
"Cu",7.23754594594595,NA,4402.48949400958,NA,NA,NA
"Cu",7.2272972972973,NA,4402.49013009396,NA,NA,NA
"Cu",7.21704864864865,NA,4402.49077040058,NA,NA,NA
"Cu",7.2068,NA,4402.49141496349,NA,NA,NA
"Cu",7.19655135135135,NA,4402.49206381711,NA,NA,NA
"Cu",7.1863027027027,NA,4402.49271699624,NA,NA,NA
"Cu",7.17605405405405,NA,4402.49337453587,NA,NA,NA
"Cu",7.16580540540541,NA,4402.49403647129,NA,NA,NA
"Cu",7.15555675675676,NA,4402.49470283849,NA,NA,NA
"Cu",7.14530810810811,NA,4402.49537367334,NA,NA,NA
"Cu",7.13505945945946,NA,4402.4960490125,NA,NA,NA
"Cu",7.12481081081081,NA,4402.49672889266,NA,NA,NA
"Cu",7.11456216216216,NA,4402.49741335079,NA,NA,NA
"Cu",7.10431351351351,NA,4402.49810242442,NA,NA,NA
"Cu",7.09406486486486,NA,4402.49879615165,NA,NA,NA
"Cu",7.08381621621622,NA,4402.49949457038,NA,NA,NA
"Cu",7.07356756756757,NA,4402.50019771946,NA,NA,NA
"Cu",7.06331891891892,NA,4402.50090563773,NA,NA,NA
"Cu",7.05307027027027,NA,4402.50161836453,NA,NA,NA
"Cu",7.04282162162162,NA,4402.50233593971,NA,NA,NA
"Cu",7.03257297297297,NA,4402.50305840328,NA,NA,NA
"Cu",7.02232432432432,NA,4402.50378579551,NA,NA,NA
"Cu",7.01207567567567,NA,4402.50451815775,NA,NA,NA
"Cu",7.00182702702703,NA,4402.50525553103,NA,NA,NA
"Cu",6.99157837837838,NA,4402.50599795704,NA,NA,NA
"Cu",6.98132972972973,NA,4402.50674547799,NA,NA,NA
"Cu",6.97108108108108,NA,4402.5074981364,NA,NA,NA
"Cu",6.96083243243243,NA,4402.50825597518,NA,NA,NA
"Cu",6.95058378378378,NA,4402.50901903751,NA,NA,NA
"Cu",6.94033513513513,NA,4402.5097873675,NA,NA,NA
"Cu",6.93008648648649,NA,4402.51056100926,NA,NA,NA
"Cu",6.91983783783784,NA,4402.51134000748,NA,NA,NA
"Cu",6.90958918918919,NA,4402.51212440714,NA,NA,NA
"Cu",6.89934054054054,NA,4402.51291425393,NA,NA,NA
"Cu",6.88909189189189,NA,4402.51370959378,NA,NA,NA
"Cu",6.87884324324324,NA,4402.51451047306,NA,NA,NA
"Cu",6.86859459459459,NA,4402.51531693907,NA,NA,NA
"Cu",6.85834594594595,NA,4402.51612903869,NA,NA,NA
"Cu",6.8480972972973,NA,4402.51694682006,NA,NA,NA
"Cu",6.83784864864865,NA,4402.51777033172,NA,NA,NA
"Cu",6.8276,NA,4402.51859962205,NA,NA,NA
"Cu",6.81735135135135,NA,4402.51943474087,NA,NA,NA
"Cu",6.8071027027027,NA,4402.52027573759,NA,NA,NA
"Cu",6.79685405405405,NA,4402.52112266263,NA,NA,NA
"Cu",6.78660540540541,NA,4402.52197556706,NA,NA,NA
"Cu",6.77635675675676,NA,4402.52283450189,NA,NA,NA
"Cu",6.76610810810811,NA,4402.52369951921,NA,NA,NA
"Cu",6.75585945945946,NA,4402.52457067133,NA,NA,NA
"Cu",6.74561081081081,NA,4402.52544801113,NA,NA,NA
"Cu",6.73536216216216,NA,4402.52633159213,NA,NA,NA
"Cu",6.72511351351351,NA,4402.52722146832,NA,NA,NA
"Cu",6.71486486486486,NA,4402.52811769435,NA,NA,NA
"Cu",6.70461621621622,NA,4402.52902032508,NA,NA,NA
"Cu",6.69436756756757,NA,4402.52992941638,NA,NA,NA
"Cu",6.68411891891892,NA,4402.53084502442,NA,NA,NA
"Cu",6.67387027027027,NA,4402.53176720601,NA,NA,NA
"Cu",6.66362162162162,NA,4402.53269601862,NA,NA,NA
"Cu",6.65337297297297,NA,4402.53363152029,NA,NA,NA
"Cu",6.64312432432432,NA,4402.53457376946,NA,NA,NA
"Cu",6.63287567567567,NA,4402.53552282529,NA,NA,NA
"Cu",6.62262702702703,NA,4402.53647874787,NA,NA,NA
"Cu",6.61237837837838,NA,4402.53744159734,NA,NA,NA
"Cu",6.60212972972973,NA,4402.53841143491,NA,NA,NA
"Cu",6.59188108108108,NA,4402.53938832231,NA,NA,NA
"Cu",6.58163243243243,NA,4402.54037232163,NA,NA,NA
"Cu",6.57138378378378,NA,4402.54136349606,NA,NA,NA
"Cu",6.56113513513513,NA,4402.5423619092,NA,NA,NA
"Cu",6.55088648648649,NA,4402.54336762532,NA,NA,NA
"Cu",6.54063783783784,NA,4402.54438070956,NA,NA,NA
"Cu",6.53038918918919,NA,4402.54540122725,NA,NA,NA
"Cu",6.52014054054054,NA,4402.54642924496,NA,NA,NA
"Cu",6.50989189189189,NA,4402.54746482969,NA,NA,NA
"Cu",6.49964324324324,NA,4402.54850804923,NA,NA,NA
"Cu",6.48939459459459,NA,4402.54955897199,NA,NA,NA
"Cu",6.47914594594595,NA,4402.55061766718,NA,NA,NA
"Cu",6.4688972972973,NA,4402.5516842048,NA,NA,NA
"Cu",6.45864864864865,NA,4402.55275865531,NA,NA,NA
"Cu",6.4484,NA,4402.55384109019,NA,NA,NA
"Cu",6.43815135135135,NA,4402.55493158176,NA,NA,NA
"Cu",6.4279027027027,NA,4402.55603020293,NA,NA,NA
"Cu",6.41765405405405,NA,4402.55713702726,NA,NA,NA
"Cu",6.40740540540541,NA,4402.55825212934,NA,NA,NA
"Cu",6.39715675675676,NA,4402.55937558459,NA,NA,NA
"Cu",6.38690810810811,NA,4402.56050746885,NA,NA,NA
"Cu",6.37665945945946,NA,4402.56164785923,NA,NA,NA
"Cu",6.36641081081081,NA,4402.56279683352,NA,NA,NA
"Cu",6.35616216216216,NA,4402.56395447044,NA,NA,NA
"Cu",6.34591351351351,NA,4402.5651208491,NA,NA,NA
"Cu",6.33566486486486,NA,4402.56629604992,NA,NA,NA
"Cu",6.32541621621622,NA,4402.56748015416,NA,NA,NA
"Cu",6.31516756756757,NA,4402.56867324385,NA,NA,NA
"Cu",6.30491891891892,NA,4402.56987540174,NA,NA,NA
"Cu",6.29467027027027,NA,4402.57108671201,NA,NA,NA
"Cu",6.28442162162162,NA,4402.57230725922,NA,NA,NA
"Cu",6.27417297297297,NA,4402.57353712897,NA,NA,NA
"Cu",6.26392432432432,NA,4402.57477640804,NA,NA,NA
"Cu",6.25367567567567,NA,4402.57602518392,NA,NA,NA
"Cu",6.24342702702703,NA,4402.57728354521,NA,NA,NA
"Cu",6.23317837837838,NA,4402.57855158124,NA,NA,NA
"Cu",6.22292972972973,NA,4402.5798293826,NA,NA,NA
"Cu",6.21268108108108,NA,4402.58111704086,NA,NA,NA
"Cu",6.20243243243243,NA,4402.5824146484,NA,NA,NA
"Cu",6.19218378378378,NA,4402.58372229887,NA,NA,NA
"Cu",6.18193513513513,NA,4402.58504008654,NA,NA,NA
"Cu",6.17168648648649,NA,4402.58636810731,NA,NA,NA
"Cu",6.16143783783784,NA,4402.58770645757,NA,NA,NA
"Cu",6.15118918918919,NA,4402.58905523533,NA,NA,NA
"Cu",6.14094054054054,NA,4402.59041453923,NA,NA,NA
"Cu",6.13069189189189,NA,4402.59178446924,NA,NA,NA
"Cu",6.12044324324324,NA,4402.59316512654,NA,NA,NA
"Cu",6.11019459459459,NA,4402.59455661317,NA,NA,NA
"Cu",6.09994594594595,NA,4402.59595903238,NA,NA,NA
"Cu",6.0896972972973,NA,4402.59737248893,NA,NA,NA
"Cu",6.07944864864865,NA,4402.59879708816,NA,NA,NA
"Cu",6.0692,NA,4402.60023293732,NA,NA,NA
"Cu",6.05895135135135,NA,4402.60168014412,NA,NA,NA
"Cu",6.0487027027027,NA,4402.603138818,NA,NA,NA
"Cu",6.03845405405405,NA,4402.60460906954,NA,NA,NA
"Cu",6.02820540540541,NA,4402.60609101045,NA,NA,NA
"Cu",6.01795675675676,NA,4402.60758475387,NA,NA,NA
"Cu",6.00770810810811,NA,4402.60909041402,NA,NA,NA
"Cu",5.99745945945946,NA,4402.61060810656,NA,NA,NA
"Cu",5.98721081081081,NA,4402.61213794866,NA,NA,NA
"Cu",5.97696216216216,NA,4402.6136800584,NA,NA,NA
"Cu",5.96671351351351,NA,4402.61523455559,NA,NA,NA
"Cu",5.95646486486486,NA,4402.6168015614,NA,NA,NA
"Cu",5.94621621621622,NA,4402.618381198,NA,NA,NA
"Cu",5.93596756756757,NA,4402.61997358929,NA,NA,NA
"Cu",5.92571891891892,NA,4402.62157886069,NA,NA,NA
"Cu",5.91547027027027,NA,4402.62319713904,NA,NA,NA
"Cu",5.90522162162162,NA,4402.62482855231,NA,NA,NA
"Cu",5.89497297297297,NA,4402.62647323023,NA,NA,NA
"Cu",5.88472432432432,NA,4402.62813130423,NA,NA,NA
"Cu",5.87447567567567,NA,4402.6298029068,NA,NA,NA
"Cu",5.86422702702703,NA,4402.63148817219,NA,NA,NA
"Cu",5.85397837837838,NA,4402.63318723659,NA,NA,NA
"Cu",5.84372972972973,NA,4402.63490023711,NA,NA,NA
"Cu",5.83348108108108,NA,4402.63662731305,NA,NA,NA
"Cu",5.82323243243243,NA,4402.63836860487,NA,NA,NA
"Cu",5.81298378378378,NA,4402.64012425518,NA,NA,NA
"Cu",5.80273513513513,NA,4402.6418944079,NA,NA,NA
"Cu",5.79248648648649,NA,4402.64367920883,NA,NA,NA
"Cu",5.78223783783784,NA,4402.64547880529,NA,NA,NA
"Cu",5.77198918918919,NA,4402.64729334654,NA,NA,NA
"Cu",5.76174054054054,NA,4402.64912298384,NA,NA,NA
"Cu",5.75149189189189,NA,4402.65096786965,NA,NA,NA
"Cu",5.74124324324324,NA,4402.6528281587,NA,NA,NA
"Cu",5.73099459459459,NA,4402.6547040074,NA,NA,NA
"Cu",5.72074594594595,NA,4402.65659557431,NA,NA,NA
"Cu",5.7104972972973,NA,4402.65850301926,NA,NA,NA
"Cu",5.70024864864865,NA,4402.66042650481,NA,NA,NA
"Cu",5.69,NA,4402.66236619465,NA,NA,NA
"Cu",5.67975135135135,NA,4402.66430938682,NA,NA,NA
"Cu",5.6695027027027,NA,4402.66623513957,NA,NA,NA
"Cu",5.65925405405405,NA,4402.66817722361,NA,NA,NA
"Cu",5.64900540540541,NA,4402.67013580775,NA,NA,NA
"Cu",5.63875675675676,NA,4402.67211106211,NA,NA,NA
"Cu",5.62850810810811,NA,4402.67410315954,NA,NA,NA
"Cu",5.61825945945946,NA,4402.67611227466,NA,NA,NA
"Cu",5.60801081081081,NA,4402.67813858419,NA,NA,NA
"Cu",5.59776216216216,NA,4402.68018226715,NA,NA,NA
"Cu",5.58751351351351,NA,4402.68224350495,NA,NA,NA
"Cu",5.57726486486486,NA,4402.68432248058,NA,NA,NA
"Cu",5.56701621621622,NA,4402.68641938003,NA,NA,NA
"Cu",5.55676756756757,NA,4402.68853439123,NA,NA,NA
"Cu",5.54651891891892,NA,4402.69066770451,NA,NA,NA
"Cu",5.53627027027027,NA,4402.69281951241,NA,NA,NA
"Cu",5.52602162162162,NA,4402.69499000993,NA,NA,NA
"Cu",5.51577297297297,NA,4402.6971793944,NA,NA,NA
"Cu",5.50552432432432,NA,4402.69938786603,NA,NA,NA
"Cu",5.49527567567567,NA,4402.70161562721,NA,NA,NA
"Cu",5.48502702702703,NA,4402.70386288261,NA,NA,NA
"Cu",5.47477837837838,NA,4402.70612983991,NA,NA,NA
"Cu",5.46452972972973,NA,4402.70841670936,NA,NA,NA
"Cu",5.45428108108108,NA,4402.71072370328,NA,NA,NA
"Cu",5.44403243243243,NA,4402.7130510375,NA,NA,NA
"Cu",5.43378378378378,NA,4402.71539892995,NA,NA,NA
"Cu",5.42353513513513,NA,4402.71776760171,NA,NA,NA
"Cu",5.41328648648649,NA,4402.72015727621,NA,NA,NA
"Cu",5.40303783783784,NA,4402.72256818032,NA,NA,NA
"Cu",5.39278918918919,NA,4402.72500054317,NA,NA,NA
"Cu",5.38254054054054,NA,4402.72745459715,NA,NA,NA
"Cu",5.37229189189189,NA,4402.7299305777,NA,NA,NA
"Cu",5.36204324324324,NA,4402.73242872302,NA,NA,NA
"Cu",5.35179459459459,NA,4402.73494927453,NA,NA,NA
"Cu",5.34154594594595,NA,4402.73749247658,NA,NA,NA
"Cu",5.3312972972973,NA,4402.74005857692,NA,NA,NA
"Cu",5.32104864864865,NA,4402.74264782624,NA,NA,NA
"Cu",5.3108,NA,4402.74526047873,NA,NA,NA
"Cu",5.30055135135135,NA,4402.74789679151,NA,NA,NA
"Cu",5.2903027027027,NA,4402.7505570252,NA,NA,NA
"Cu",5.28005405405405,NA,4402.75324144425,NA,NA,NA
"Cu",5.26980540540541,NA,4402.75595031555,NA,NA,NA
"Cu",5.25955675675676,NA,4402.75868391045,NA,NA,NA
"Cu",5.24930810810811,NA,4402.76144250334,NA,NA,NA
"Cu",5.23905945945946,NA,4402.7642263723,NA,NA,NA
"Cu",5.22881081081081,NA,4402.76703579915,NA,NA,NA
"Cu",5.21856216216216,NA,4402.76987106914,NA,NA,NA
"Cu",5.20831351351351,NA,4402.77273247163,NA,NA,NA
"Cu",5.19806486486486,NA,4402.77562029965,NA,NA,NA
"Cu",5.18781621621622,NA,4402.77853484985,NA,NA,NA
"Cu",5.17756756756757,NA,4402.78147642333,NA,NA,NA
"Cu",5.16731891891892,NA,4402.7844453248,NA,NA,NA
"Cu",5.15707027027027,NA,4402.78744186303,NA,NA,NA
"Cu",5.14682162162162,NA,4402.79046635097,NA,NA,NA
"Cu",5.13657297297297,NA,4402.79351910602,NA,NA,NA
"Cu",5.12632432432432,NA,4402.79660044922,NA,NA,NA
"Cu",5.11607567567567,NA,4402.79971070643,NA,NA,NA
"Cu",5.10582702702703,NA,4402.80285020786,NA,NA,NA
"Cu",5.09557837837838,NA,4402.80601928791,NA,NA,NA
"Cu",5.08532972972973,NA,4402.80921828544,NA,NA,NA
"Cu",5.07508108108108,NA,4402.81244754429,NA,NA,NA
"Cu",5.06483243243243,NA,4402.81570741271,NA,NA,NA
"Cu",5.05458378378378,NA,4402.81899824334,NA,NA,NA
"Cu",5.04433513513513,NA,4402.82232039444,NA,NA,NA
"Cu",5.03408648648649,NA,4402.82567422849,NA,NA,NA
"Cu",5.02383783783784,NA,4402.82906011274,NA,NA,NA
"Cu",5.01358918918919,NA,4402.83247842041,NA,NA,NA
"Cu",5.00334054054054,NA,4402.83592952869,NA,NA,NA
"Cu",4.99309189189189,NA,4402.83941382088,NA,NA,NA
"Cu",4.98284324324324,NA,4402.84293168492,NA,NA,NA
"Cu",4.97259459459459,NA,4402.8464835145,NA,NA,NA
"Cu",4.96234594594595,NA,4402.85006970865,NA,NA,NA
"Cu",4.9520972972973,NA,4402.85369067172,NA,NA,NA
"Cu",4.94184864864865,NA,4402.85734681395,NA,NA,NA
"Cu",4.9316,NA,4402.86103855109,NA,NA,NA
"Cu",4.92135135135135,NA,4402.86476630465,NA,NA,NA
"Cu",4.9111027027027,NA,4402.86853050249,NA,NA,NA
"Cu",4.90085405405405,NA,4402.87233157763,NA,NA,NA
"Cu",4.89060540540541,NA,4402.87616996995,NA,NA,NA
"Cu",4.88035675675676,NA,4402.88004612504,NA,NA,NA
"Cu",4.87010810810811,NA,4402.88396049509,NA,NA,NA
"Cu",4.85985945945946,NA,4402.88791353817,NA,NA,NA
"Cu",4.84961081081081,NA,4402.89190571952,NA,NA,NA
"Cu",4.83936216216216,NA,4402.89593751043,NA,NA,NA
"Cu",4.82911351351351,NA,4402.90000938907,NA,NA,NA
"Cu",4.81886486486486,NA,4402.90412184033,NA,NA,NA
"Cu",4.80861621621622,NA,4402.90827535617,NA,NA,NA
"Cu",4.79836756756757,NA,4402.91247043542,NA,NA,NA
"Cu",4.78811891891892,NA,4402.91670758425,NA,NA,NA
"Cu",4.77787027027027,NA,4402.92098731583,NA,NA,NA
"Cu",4.76762162162162,NA,4402.92531015111,NA,NA,NA
"Cu",4.75737297297297,NA,4402.92967661796,NA,NA,NA
"Cu",4.74712432432432,NA,4402.93408725248,NA,NA,NA
"Cu",4.73687567567567,NA,4402.93854259811,NA,NA,NA
"Cu",4.72662702702703,NA,4402.94304320632,NA,NA,NA
"Cu",4.71637837837838,NA,4402.9475896367,NA,NA,NA
"Cu",4.70612972972973,NA,4402.95218245678,NA,NA,NA
"Cu",4.69588108108108,NA,4402.95682224284,NA,NA,NA
"Cu",4.68563243243243,NA,4402.96150957884,NA,NA,NA
"Cu",4.67538378378378,NA,4402.96624505792,NA,NA,NA
"Cu",4.66513513513513,NA,4402.97102928152,NA,NA,NA
"Cu",4.65488648648649,NA,4402.97586286057,NA,NA,NA
"Cu",4.64463783783784,NA,4402.98074641436,NA,NA,NA
"Cu",4.63438918918919,NA,4402.98568057171,NA,NA,NA
"Cu",4.62414054054054,NA,4402.99066597045,NA,NA,NA
"Cu",4.61389189189189,NA,4402.9957032582,NA,NA,NA
"Cu",4.60364324324324,NA,4403.00079309226,NA,NA,NA
"Cu",4.59339459459459,NA,4403.00593613954,NA,NA,NA
"Cu",4.58314594594595,NA,4403.01113307687,NA,NA,NA
"Cu",4.5728972972973,NA,4403.01638459145,NA,NA,NA
"Cu",4.56264864864865,NA,4403.02169138076,NA,NA,NA
"Cu",4.5524,NA,4403.02705415275,NA,NA,NA
"Cu",4.54215135135135,NA,4403.032473626,NA,NA,NA
"Cu",4.5319027027027,NA,4403.03795052995,NA,NA,NA
"Cu",4.52165405405405,NA,4403.04348560546,NA,NA,NA
"Cu",4.51140540540541,NA,4403.04907960401,NA,NA,NA
"Cu",4.50115675675676,NA,4403.05473328922,NA,NA,NA
"Cu",4.49090810810811,NA,4403.06044743587,NA,NA,NA
"Cu",4.48065945945946,NA,4403.06622283082,NA,NA,NA
"Cu",4.47041081081081,NA,4403.07206027288,NA,NA,NA
"Cu",4.46016216216216,NA,4403.0779605735,NA,NA,NA
"Cu",4.44991351351351,NA,4403.08392455609,NA,NA,NA
"Cu",4.43966486486486,NA,4403.08995305706,NA,NA,NA
"Cu",4.42941621621622,NA,4403.09604692587,NA,NA,NA
"Cu",4.41916756756757,NA,4403.10220702502,NA,NA,NA
"Cu",4.40891891891892,NA,4403.10843423065,NA,NA,NA
"Cu",4.39867027027027,NA,4403.11472943213,NA,NA,NA
"Cu",4.38842162162162,NA,4403.12109353308,NA,NA,NA
"Cu",4.37817297297297,NA,4403.12752745129,NA,NA,NA
"Cu",4.36792432432432,NA,4403.1340321188,NA,NA,NA
"Cu",4.35767567567567,NA,4403.14060848218,NA,NA,NA
"Cu",4.34742702702703,NA,4403.14725750352,NA,NA,NA
"Cu",4.33717837837838,NA,4403.15398015948,NA,NA,NA
"Cu",4.32692972972973,NA,4403.16077744247,NA,NA,NA
"Cu",4.31668108108108,NA,4403.16765036067,NA,NA,NA
"Cu",4.30643243243243,NA,4403.17459993844,NA,NA,NA
"Cu",4.29618378378378,NA,4403.18162721635,NA,NA,NA
"Cu",4.28593513513513,NA,4403.18873325158,NA,NA,NA
"Cu",4.27568648648649,NA,4403.19591911848,NA,NA,NA
"Cu",4.26543783783784,NA,4403.20318590829,NA,NA,NA
"Cu",4.25518918918919,NA,4403.21053473019,NA,NA,NA
"Cu",4.24494054054054,NA,4403.21796671156,NA,NA,NA
"Cu",4.23469189189189,NA,4403.22548299711,NA,NA,NA
"Cu",4.22444324324324,NA,4403.23308475108,NA,NA,NA
"Cu",4.21419459459459,NA,4403.24077315617,NA,NA,NA
"Cu",4.20394594594595,NA,4403.24854941441,NA,NA,NA
"Cu",4.1936972972973,NA,4403.25641474775,NA,NA,NA
"Cu",4.18344864864865,NA,4403.26437039797,NA,NA,NA
"Cu",4.1732,NA,4403.27241762736,NA,NA,NA
"Cu",4.16295135135135,NA,4403.28055771879,NA,NA,NA
"Cu",4.1527027027027,NA,4403.28879197649,NA,NA,NA
"Cu",4.14245405405405,NA,4403.2971217266,NA,NA,NA
"Cu",4.13220540540541,NA,4403.30554831667,NA,NA,NA
"Cu",4.12195675675676,NA,4403.31407311722,NA,NA,NA
"Cu",4.11170810810811,NA,4403.3226975212,NA,NA,NA
"Cu",4.10145945945946,NA,4403.33142294519,NA,NA,NA
"Cu",4.09121081081081,NA,4403.34025082936,NA,NA,NA
"Cu",4.08096216216216,NA,4403.34918263809,NA,NA,NA
"Cu",4.07071351351351,NA,4403.35821986059,NA,NA,NA
"Cu",4.06046486486486,NA,4403.36736401116,NA,NA,NA
"Cu",4.05021621621622,NA,4403.37661662964,NA,NA,NA
"Cu",4.03996756756757,NA,4403.38597928204,NA,NA,NA
"Cu",4.02971891891892,NA,4403.39545356147,NA,NA,NA
"Cu",4.01947027027027,NA,4403.40504108753,NA,NA,NA
"Cu",4.00922162162162,NA,4403.41474350781,NA,NA,NA
"Cu",3.99897297297297,NA,4403.42456249854,NA,NA,NA
"Cu",3.98872432432432,NA,4403.43449976439,NA,NA,NA
"Cu",3.97847567567567,NA,4403.44455703936,NA,NA,NA
"Cu",3.96822702702703,NA,4403.45473608779,NA,NA,NA
"Cu",3.95797837837838,NA,4403.4650387045,NA,NA,NA
"Cu",3.94772972972973,NA,4403.47546671519,NA,NA,NA
"Cu",3.93748108108108,NA,4403.48602197784,NA,NA,NA
"Cu",3.92723243243243,NA,4403.49670638261,NA,NA,NA
"Cu",3.91698378378378,NA,4403.50752185269,NA,NA,NA
"Cu",3.90673513513513,NA,4403.51847034544,NA,NA,NA
"Cu",3.89648648648649,NA,4403.52955385236,NA,NA,NA
"Cu",3.88623783783784,NA,4403.54077440014,NA,NA,NA
"Cu",3.87598918918919,NA,4403.55213405143,NA,NA,NA
"Cu",3.86574054054054,NA,4403.56363490561,NA,NA,NA
"Cu",3.85549189189189,NA,4403.57527909933,NA,NA,NA
"Cu",3.84524324324324,NA,4403.58706880709,NA,NA,NA
"Cu",3.83499459459459,NA,4403.59900624296,NA,NA,NA
"Cu",3.82474594594595,NA,4403.61109365995,NA,NA,NA
"Cu",3.8144972972973,NA,4403.62333335227,NA,NA,NA
"Cu",3.80424864864865,NA,4403.63572765522,NA,NA,NA
"Cu",3.794,NA,4403.6482789461,NA,NA,NA
"Cu",3.78375135135135,NA,4403.66098964592,NA,NA,NA
"Cu",3.7735027027027,NA,4403.67386221935,NA,NA,NA
"Cu",3.76325405405405,NA,4403.68689917603,NA,NA,NA
"Cu",3.7530054054054,NA,4403.70010307148,NA,NA,NA
"Cu",3.74275675675676,NA,4403.71347650814,NA,NA,NA
"Cu",3.73250810810811,NA,4403.72702213655,NA,NA,NA
"Cu",3.72225945945946,NA,4403.74074265543,NA,NA,NA
"Cu",3.71201081081081,NA,4403.75464081421,NA,NA,NA
"Cu",3.70176216216216,NA,4403.7687194128,NA,NA,NA
"Cu",3.69151351351351,NA,4403.78298130313,NA,NA,NA
"Cu",3.68126486486486,NA,4403.79742939078,NA,NA,NA
"Cu",3.67101621621622,NA,4403.8120666352,NA,NA,NA
"Cu",3.66076756756757,NA,4403.82689605159,NA,NA,NA
"Cu",3.65051891891892,NA,4403.84192071159,NA,NA,NA
"Cu",3.64027027027027,NA,4403.85714374506,NA,NA,NA
"Cu",3.63002162162162,NA,4403.87256834077,NA,NA,NA
"Cu",3.61977297297297,NA,4403.88819774809,NA,NA,NA
"Cu",3.60952432432432,NA,4403.90403527824,NA,NA,NA
"Cu",3.59927567567567,NA,4403.92008430559,NA,NA,NA
"Cu",3.58902702702703,NA,4403.93634826893,NA,NA,NA
"Cu",3.57877837837838,NA,4403.95283067306,NA,NA,NA
"Cu",3.56852972972973,NA,4403.9695350901,NA,NA,NA
"Cu",3.55828108108108,NA,4403.98646516129,NA,NA,NA
"Cu",3.54803243243243,NA,4404.00362459843,NA,NA,NA
"Cu",3.53778378378378,NA,4404.02101718488,NA,NA,NA
"Cu",3.52753513513513,NA,4404.03864677796,NA,NA,NA
"Cu",3.51728648648649,NA,4404.05651731031,NA,NA,NA
"Cu",3.50703783783784,NA,4404.07463279145,NA,NA,NA
"Cu",3.49678918918919,NA,4404.09299730934,NA,NA,NA
"Cu",3.48654054054054,NA,4404.11161503311,NA,NA,NA
"Cu",3.47629189189189,NA,4404.13049021355,NA,NA,NA
"Cu",3.46604324324324,NA,4404.1496271861,NA,NA,NA
"Cu",3.45579459459459,NA,4404.16903037215,NA,NA,NA
"Cu",3.44554594594595,NA,4404.18870428122,NA,NA,NA
"Cu",3.4352972972973,NA,4404.20865351273,NA,NA,NA
"Cu",3.42504864864865,NA,4404.2288827589,NA,NA,NA
"Cu",3.4148,NA,4404.24939680566,NA,NA,NA
"Cu",3.40455135135135,NA,4404.27020053572,NA,NA,NA
"Cu",3.3943027027027,NA,4404.29129893044,NA,NA,NA
"Cu",3.38405405405405,NA,4404.31269707268,NA,NA,NA
"Cu",3.3738054054054,NA,4404.3344001482,NA,NA,NA
"Cu",3.36355675675676,NA,4404.35641344891,NA,NA,NA
"Cu",3.35330810810811,NA,4404.37874237494,NA,NA,NA
"Cu",3.34305945945946,NA,4404.40139243752,NA,NA,NA
"Cu",3.33281081081081,NA,4404.42436926128,NA,NA,NA
"Cu",3.32256216216216,NA,4404.4476785872,NA,NA,NA
"Cu",3.31231351351351,NA,4404.47132627506,NA,NA,NA
"Cu",3.30206486486486,NA,4404.49531830658,NA,NA,NA
"Cu",3.29181621621622,NA,4404.51966078866,NA,NA,NA
"Cu",3.28156756756757,NA,4404.54435995544,NA,NA,NA
"Cu",3.27131891891892,NA,4404.56942217223,NA,NA,NA
"Cu",3.26107027027027,NA,4404.59485393835,NA,NA,NA
"Cu",3.25082162162162,NA,4404.62021489924,NA,NA,NA
"Cu",3.24057297297297,NA,4404.64545268195,NA,NA,NA
"Cu",3.23032432432432,NA,4404.67106675734,NA,NA,NA
"Cu",3.22007567567567,NA,4404.69706395728,NA,NA,NA
"Cu",3.20982702702703,NA,4404.72345125921,NA,NA,NA
"Cu",3.19957837837838,NA,4404.75023579122,NA,NA,NA
"Cu",3.18932972972973,NA,4404.77742483489,NA,NA,NA
"Cu",3.17908108108108,NA,4404.80502582869,NA,NA,NA
"Cu",3.16883243243243,NA,4404.83304637366,NA,NA,NA
"Cu",3.15858378378378,NA,4404.86149423508,NA,NA,NA
"Cu",3.14833513513513,NA,4404.89037734876,NA,NA,NA
"Cu",3.13808648648649,NA,4404.91970382374,NA,NA,NA
"Cu",3.12783783783784,NA,4404.94948194797,NA,NA,NA
"Cu",3.11758918918919,NA,4404.97972019168,NA,NA,NA
"Cu",3.10734054054054,NA,4405.01042721279,NA,NA,NA
"Cu",3.09709189189189,NA,4405.04161186144,NA,NA,NA
"Cu",3.08684324324324,NA,4405.07328318486,NA,NA,NA
"Cu",3.07659459459459,NA,4405.10545043275,NA,NA,NA
"Cu",3.06634594594595,NA,4405.13812306175,NA,NA,NA
"Cu",3.0560972972973,NA,4405.17131074189,NA,NA,NA
"Cu",3.04584864864865,NA,4405.2050233613,NA,NA,NA
"Cu",3.0356,NA,4405.23927103205,NA,NA,NA
"Cu",3.02535135135135,NA,4405.27406409609,NA,NA,NA
"Cu",3.0151027027027,NA,4405.30941313156,NA,NA,NA
"Cu",3.00485405405405,NA,4405.34532895817,NA,NA,NA
"Cu",2.9946054054054,NA,4405.38182264475,NA,NA,NA
"Cu",2.98435675675676,NA,4405.41890551485,NA,NA,NA
"Cu",2.97410810810811,NA,4405.45658915424,NA,NA,NA
"Cu",2.96385945945946,NA,4405.49488541706,NA,NA,NA
"Cu",2.95361081081081,NA,4405.53380643388,NA,NA,NA
"Cu",2.94336216216216,NA,4405.57336461867,NA,NA,NA
"Cu",2.93311351351351,NA,4405.61357267666,NA,NA,NA
"Cu",2.92286486486486,NA,4405.65444361156,NA,NA,NA
"Cu",2.91261621621622,NA,4405.69599073497,NA,NA,NA
"Cu",2.90236756756757,NA,4405.7382276735,NA,NA,NA
"Cu",2.89211891891892,NA,4405.78116837804,NA,NA,NA
"Cu",2.88187027027027,NA,4405.8248271323,NA,NA,NA
"Cu",2.87162162162162,NA,4405.86921856244,NA,NA,NA
"Cu",2.86137297297297,NA,4405.91435764634,NA,NA,NA
"Cu",2.85112432432432,NA,4405.96025972267,NA,NA,NA
"Cu",2.84087567567568,NA,4406.0069405024,NA,NA,NA
"Cu",2.83062702702703,NA,4406.08069797578,NA,NA,NA
"Cu",2.82037837837838,NA,4406.17904303731,NA,NA,NA
"Cu",2.81012972972973,NA,4406.20789125425,NA,NA,NA
"Cu",2.79988108108108,NA,4406.21161687239,NA,NA,NA
"Cu",2.78963243243243,NA,4406.25966014983,NA,NA,NA
"Cu",2.77938378378378,NA,4406.31402162899,NA,NA,NA
"Cu",2.76913513513513,NA,4406.36932585549,NA,NA,NA
"Cu",2.75888648648649,NA,4406.42559276289,NA,NA,NA
"Cu",2.74863783783784,NA,4406.48284278233,NA,NA,NA
"Cu",2.73838918918919,NA,4406.54109685705,NA,NA,NA
"Cu",2.72814054054054,NA,4406.60037645748,NA,NA,NA
"Cu",2.71789189189189,NA,4406.66070359618,NA,NA,NA
"Cu",2.70764324324324,NA,4406.72210084395,NA,NA,NA
"Cu",2.69739459459459,NA,4406.78459134566,NA,NA,NA
"Cu",2.68714594594595,NA,4406.84819883804,NA,NA,NA
"Cu",2.6768972972973,NA,4406.91294766622,NA,NA,NA
"Cu",2.66664864864865,NA,4406.97886280211,NA,NA,NA
"Cu",2.6564,NA,4407.04596986301,NA,NA,NA
"Cu",2.64615135135135,NA,4407.11429513116,NA,NA,NA
"Cu",2.6359027027027,NA,4407.18386557283,NA,NA,NA
"Cu",2.62565405405405,NA,4407.25470886028,NA,NA,NA
"Cu",2.6154054054054,NA,4407.32685339137,NA,NA,NA
"Cu",2.60515675675676,NA,4407.40032831301,NA,NA,NA
"Cu",2.59490810810811,NA,4407.47516354291,NA,NA,NA
"Cu",2.58465945945946,NA,4407.55138979442,NA,NA,NA
"Cu",2.57441081081081,NA,4407.62903859903,NA,NA,NA
"Cu",2.56416216216216,NA,4407.70814233345,NA,NA,NA
"Cu",2.55391351351351,NA,4407.78873424467,NA,NA,NA
"Cu",2.54366486486486,NA,4407.87084847725,NA,NA,NA
"Cu",2.53341621621622,NA,4407.95452010163,NA,NA,NA
"Cu",2.52316756756757,NA,4408.03978514203,NA,NA,NA
"Cu",2.51291891891892,NA,4408.12668060818,NA,NA,NA
"Cu",2.50267027027027,NA,4408.21524452468,NA,NA,NA
"Cu",2.49242162162162,NA,4408.30551596434,NA,NA,NA
"Cu",2.48217297297297,NA,4408.39753508104,NA,NA,NA
"Cu",2.47192432432432,NA,4408.49134314418,NA,NA,NA
"Cu",2.46167567567568,NA,4408.58698257512,NA,NA,NA
"Cu",2.45142702702703,NA,4408.68449698328,NA,NA,NA
"Cu",2.44117837837838,NA,4408.78393120553,NA,NA,NA
"Cu",2.43092972972973,NA,4408.88533134572,NA,NA,NA
"Cu",2.42068108108108,NA,4408.98874481582,NA,NA,NA
"Cu",2.41043243243243,NA,4409.09422037896,NA,NA,NA
"Cu",2.40018378378378,NA,4409.20027415031,NA,NA,NA
"Cu",2.38993513513513,NA,4409.30600766973,NA,NA,NA
"Cu",2.37968648648649,NA,4409.41388625715,NA,NA,NA
"Cu",2.36943783783784,NA,4409.52396295514,NA,NA,NA
"Cu",2.35918918918919,NA,4409.63629235585,NA,NA,NA
"Cu",2.34894054054054,NA,4409.75093065274,NA,NA,NA
"Cu",2.33869189189189,NA,4409.86793569485,NA,NA,NA
"Cu",2.32844324324324,NA,4409.98736704348,NA,NA,NA
"Cu",2.31819459459459,NA,4410.10928603039,NA,NA,NA
"Cu",2.30794594594595,NA,4410.23375581837,NA,NA,NA
"Cu",2.2976972972973,NA,4410.36084146517,NA,NA,NA
"Cu",2.28744864864865,NA,4410.4906099882,NA,NA,NA
"Cu",2.2772,NA,4410.62313043319,NA,NA,NA
"Cu",2.26695135135135,NA,4410.75847394531,NA,NA,NA
"Cu",2.2567027027027,NA,4410.89671384204,NA,NA,NA
"Cu",2.24645405405405,NA,4411.03792569103,NA,NA,NA
"Cu",2.2362054054054,NA,4411.18218738863,NA,NA,NA
"Cu",2.22595675675676,NA,4411.32957924346,NA,NA,NA
"Cu",2.21570810810811,NA,4411.4801840626,NA,NA,NA
"Cu",2.20545945945946,NA,4411.63408724138,NA,NA,NA
"Cu",2.19521081081081,NA,4411.79137685651,NA,NA,NA
"Cu",2.18496216216216,NA,4411.95214376372,NA,NA,NA
"Cu",2.17471351351351,NA,4412.11648169897,NA,NA,NA
"Cu",2.16446486486486,NA,4412.28448738358,NA,NA,NA
"Cu",2.15421621621622,NA,4412.45626063436,NA,NA,NA
"Cu",2.14396756756757,NA,4412.63190447835,NA,NA,NA
"Cu",2.13371891891892,NA,4412.81152527147,NA,NA,NA
"Cu",2.12347027027027,NA,4412.995232823,NA,NA,NA
"Cu",2.11322162162162,NA,4413.18314052502,NA,NA,NA
"Cu",2.10297297297297,NA,4413.37536548813,NA,NA,NA
"Cu",2.09272432432432,NA,4413.57202868133,NA,NA,NA
"Cu",2.08247567567568,NA,4413.77325507936,NA,NA,NA
"Cu",2.07222702702703,NA,4413.97917381646,NA,NA,NA
"Cu",2.06197837837838,NA,4414.18991834493,NA,NA,NA
"Cu",2.05172972972973,NA,4414.40562660366,NA,NA,NA
"Cu",2.04148108108108,NA,4414.57659960337,NA,NA,NA
"Cu",2.03123243243243,NA,4414.6860189806,NA,NA,NA
"Cu",2.02098378378378,NA,4414.79828583068,NA,NA,NA
"Cu",2.01073513513513,NA,4414.91348927243,NA,NA,NA
"Cu",2.00048648648649,NA,4415.03172168837,NA,NA,NA
"Cu",1.99023783783784,NA,4415.15307886174,NA,NA,NA
"Cu",1.97998918918919,NA,4415.27766012011,NA,NA,NA
"Cu",1.96974054054054,NA,4415.40556848575,NA,NA,NA
"Cu",1.95949189189189,NA,4415.53691083326,NA,NA,NA
"Cu",1.94924324324324,NA,4415.67179805477,NA,NA,NA
"Cu",1.93899459459459,NA,4415.8103452332,NA,NA,NA
"Cu",1.92874594594595,NA,4415.95267182384,NA,NA,NA
"Cu",1.9184972972973,NA,4416.09890184492,NA,NA,NA
"Cu",1.90824864864865,NA,4416.24916407754,NA,NA,NA
"Cu",1.898,NA,4416.40359227546,NA,NA,NA
"Cu",1.88775135135135,NA,4416.56232538532,NA,NA,NA
"Cu",1.8775027027027,NA,4416.72550777799,NA,NA,NA
"Cu",1.86725405405405,NA,4416.89328949138,NA,NA,NA
"Cu",1.85700540540541,NA,4417.06582648567,NA,NA,NA
"Cu",1.84675675675676,NA,4417.2432809115,NA,NA,NA
"Cu",1.83650810810811,NA,4417.42582139179,NA,NA,NA
"Cu",1.82625945945946,NA,4417.61362331819,NA,NA,NA
"Cu",1.81601081081081,NA,4417.80686916274,NA,NA,NA
"Cu",1.80576216216216,NA,4418.00574880587,NA,NA,NA
"Cu",1.79551351351351,NA,4418.21045988142,NA,NA,NA
"Cu",1.78526486486486,NA,4418.42120813996,NA,NA,NA
"Cu",1.77501621621622,NA,4418.63820783122,NA,NA,NA
"Cu",1.76476756756757,NA,4418.86168210699,NA,NA,NA
"Cu",1.75451891891892,NA,4419.09186344548,NA,NA,NA
"Cu",1.74427027027027,NA,4419.32899409867,NA,NA,NA
"Cu",1.73402162162162,NA,4419.5733265638,NA,NA,NA
"Cu",1.72377297297297,NA,4419.82512408058,NA,NA,NA
"Cu",1.71352432432432,NA,4420.08466115575,NA,NA,NA
"Cu",1.70327567567568,NA,4420.35222411644,NA,NA,NA
"Cu",1.69302702702703,NA,4420.62811169442,NA,NA,NA
"Cu",1.68277837837838,NA,4420.91263564278,NA,NA,NA
"Cu",1.67252972972973,NA,4421.20612138748,NA,NA,NA
"Cu",1.66228108108108,NA,4421.50890871556,NA,NA,NA
"Cu",1.65203243243243,NA,4421.82135250258,NA,NA,NA
"Cu",1.64178378378378,NA,4422.14382348175,NA,NA,NA
"Cu",1.63153513513514,NA,4422.47670905726,NA,NA,NA
"Cu",1.62128648648649,NA,4422.82041416491,NA,NA,NA
"Cu",1.61103783783784,NA,4423.1753621828,NA,NA,NA
"Cu",1.60078918918919,NA,4423.54199589565,NA,NA,NA
"Cu",1.59054054054054,NA,4423.92077851599,NA,NA,NA
"Cu",1.58029189189189,NA,4424.31219476618,NA,NA,NA
"Cu",1.57004324324324,NA,4424.71675202522,NA,NA,NA
"Cu",1.55979459459459,NA,4425.13498154462,NA,NA,NA
"Cu",1.54954594594595,NA,4425.56743973814,NA,NA,NA
"Cu",1.5392972972973,NA,4426.0147095502,NA,NA,NA
"Cu",1.52904864864865,NA,4426.47740190857,NA,NA,NA
"Cu",1.5188,NA,4426.95615726686,NA,NA,NA
"Cu",1.50855135135135,NA,4427.45164724325,NA,NA,NA
"Cu",1.4983027027027,NA,4427.96457636202,NA,NA,NA
"Cu",1.48805405405405,NA,4429.64037794468,NA,NA,NA
"Cu",1.47780540540541,NA,4432.20579108864,NA,NA,NA
"Cu",1.46755675675676,NA,4434.8470481046,NA,NA,NA
"Cu",1.45730810810811,NA,4437.56694442585,NA,NA,NA
"Cu",1.44705945945946,NA,4440.3683991894,NA,NA,NA
"Cu",1.43681081081081,NA,4443.25446163785,NA,NA,NA
"Cu",1.42656216216216,NA,4446.22831790033,NA,NA,NA
"Cu",1.41631351351351,NA,4449.29329818015,NA,NA,NA
"Cu",1.40606486486486,NA,4450.4308963278,NA,NA,NA
"Cu",1.39581621621622,NA,4451.44450440455,NA,NA,NA
"Cu",1.38556756756757,NA,4452.49500318039,NA,NA,NA
"Cu",1.37531891891892,NA,4453.58402299606,NA,NA,NA
"Cu",1.36507027027027,NA,4454.71327914304,NA,NA,NA
"Cu",1.35482162162162,NA,4455.88457697194,NA,NA,NA
"Cu",1.34457297297297,NA,4457.09981734977,NA,NA,NA
"Cu",1.33432432432432,NA,4458.36100249266,NA,NA,NA
"Cu",1.32407567567568,NA,4459.67024220309,NA,NA,NA
"Cu",1.31382702702703,NA,4461.02976054301,NA,NA,NA
"Cu",1.30357837837838,NA,4462.44190297702,NA,NA,NA
"Cu",1.29332972972973,NA,4463.90914402278,NA,NA,NA
"Cu",1.28308108108108,NA,4465.43409544896,NA,NA,NA
"Cu",1.27283243243243,NA,4467.0195150648,NA,NA,NA
"Cu",1.26258378378378,NA,4468.668316149,NA,NA,NA
"Cu",1.25233513513514,NA,4471.36940671806,NA,NA,NA
"Cu",1.24208648648649,NA,4474.64952664931,NA,NA,NA
"Cu",1.23183783783784,NA,4478.05243868288,NA,NA,NA
"Cu",1.22158918918919,NA,4481.5838184136,NA,NA,NA
"Cu",1.21134054054054,NA,4485.2496544598,NA,NA,NA
"Cu",1.20109189189189,NA,4489.07845539956,NA,NA,NA
"Cu",1.19084324324324,NA,4493.66716843701,NA,NA,NA
"Cu",1.18059459459459,NA,4500.68709245603,NA,NA,NA
"Cu",1.17034594594595,NA,4506.61377066505,NA,NA,NA
"Cu",1.1600972972973,NA,4512.015979541,NA,NA,NA
"Cu",1.14984864864865,NA,4514.88666359584,NA,NA,NA
"Cu",1.1396,NA,4517.20710954444,NA,NA,NA
"Cu",1.12935135135135,NA,4520.61553728946,NA,NA,NA
"Cu",1.1191027027027,NA,4525.7976762607,NA,NA,NA
"Cu",1.10885405405405,NA,4530.41339650895,NA,NA,NA
"Cu",1.09860540540541,NA,4533.38135351976,NA,NA,NA
"Cu",1.08835675675676,NA,4536.49013212229,NA,NA,NA
"Cu",1.07810810810811,NA,4539.74783508737,NA,NA,NA
"Cu",1.06785945945946,NA,4543.16311461024,NA,NA,NA
"Cu",1.05761081081081,NA,4546.74521530597,NA,NA,NA
"Cu",1.04736216216216,NA,4550.50402102641,NA,NA,NA
"Cu",1.03711351351351,NA,4555.42291787486,NA,NA,NA
"Cu",1.02686486486486,NA,4564.28640101998,NA,NA,NA
"Cu",1.01661621621622,NA,4573.556893065,NA,NA,NA
"Cu",1.00636756756757,NA,4580.69759243299,NA,NA,NA
"Cu",0.996118918918919,NA,4585.00028600061,NA,NA,NA
"Cu",0.98587027027027,NA,4595.79331434919,NA,NA,NA
"Cu",0.975621621621622,NA,4607.09719196641,NA,NA,NA
"Cu",0.965372972972973,NA,4617.80098027212,NA,NA,NA
"Cu",0.955124324324324,NA,4622.72627286085,NA,NA,NA
"Cu",0.944875675675676,NA,4633.68779561334,NA,NA,NA
"Cu",0.934627027027027,NA,4645.19314671454,NA,NA,NA
"Cu",0.924378378378378,NA,4657.122942413,NA,NA,NA
"Cu",0.91412972972973,NA,4669.59092807788,NA,NA,NA
"Cu",0.903881081081081,NA,4677.06084701111,NA,NA,NA
"Cu",0.893632432432432,NA,4688.06133428976,NA,NA,NA
"Cu",0.883383783783784,NA,4705.08650429947,NA,NA,NA
"Cu",0.873135135135135,NA,4714.42759301739,NA,NA,NA
"Cu",0.862886486486486,NA,4726.0891605634,NA,NA,NA
"Cu",0.852637837837838,NA,4745.60583058206,NA,NA,NA
"Cu",0.842389189189189,NA,4767.61611718564,NA,NA,NA
"Cu",0.83214054054054,NA,4787.88975271231,NA,NA,NA
"Cu",0.821891891891892,NA,4810.80567806419,NA,NA,NA
"Cu",0.811643243243243,NA,4835.00617542532,NA,NA,NA
"Cu",0.801394594594595,NA,4848.83676027651,NA,NA,NA
"Cu",0.791145945945946,NA,4875.57394765055,NA,NA,NA
"Cu",0.780897297297297,NA,4904.07294985083,NA,NA,NA
"Cu",0.770648648648649,NA,4933.41393111663,NA,NA,NA
"Cu",0.7604,NA,4965.85387677933,NA,NA,NA
"Cu",0.750151351351351,NA,4997.49572399479,NA,NA,NA
"Cu",0.739902702702703,NA,5029.88046413508,NA,NA,NA
"Cu",0.729654054054054,NA,5067.10951562788,NA,NA,NA
"Cu",0.719405405405405,NA,5107.25176714914,NA,NA,NA
"Cu",0.709156756756757,NA,5145.17244575442,NA,NA,NA
"Cu",0.698908108108108,NA,5178.952816725,NA,NA,NA
"Cu",0.688659459459459,NA,5218.64862867882,NA,NA,NA
"Cu",0.678410810810811,NA,5273.15742875116,NA,NA,NA
"Cu",0.668162162162162,NA,5331.89794560311,NA,NA,NA
"Cu",0.657913513513513,NA,5389.27952308747,NA,NA,NA
"Cu",0.647664864864865,NA,5462.12470505128,NA,NA,NA
"Cu",0.637416216216216,NA,5527.24457069293,NA,NA,NA
"Cu",0.627167567567568,NA,5590.88432278553,NA,NA,NA
"Cu",0.616918918918919,NA,5667.3977193625,NA,NA,NA
"Cu",0.60667027027027,NA,5746.79386789074,NA,NA,NA
"Cu",0.596421621621622,NA,5816.34853798749,NA,NA,NA
"Cu",0.586172972972973,NA,5921.36248710619,NA,NA,NA
"Cu",0.575924324324324,NA,6020.45004259517,NA,NA,NA
"Cu",0.565675675675676,NA,6132.72134829238,NA,NA,NA
"Cu",0.555427027027027,NA,6257.21508723426,NA,NA,NA
"Cu",0.545178378378378,NA,6398.14578046876,NA,NA,NA
"Cu",0.53492972972973,NA,6550.40456314456,NA,NA,NA
"Cu",0.524681081081081,NA,6706.71630842337,NA,NA,NA
"Cu",0.514432432432432,NA,6878.95272065398,NA,NA,NA
"Cu",0.504183783783784,NA,7072.35663341107,NA,NA,NA
"Cu",0.493935135135135,NA,7288.93709927582,NA,NA,NA
"Cu",0.483686486486486,NA,7518.91793493785,NA,NA,NA
"Cu",0.473437837837838,NA,7783.87306185689,NA,NA,NA
"Cu",0.463189189189189,NA,8058.37130705818,NA,NA,NA
"Cu",0.452940540540541,NA,8379.012972848,NA,NA,NA
"Cu",0.442691891891892,NA,8711.79523944011,NA,NA,NA
"Cu",0.432443243243243,NA,9100.41276106049,NA,NA,NA
"Cu",0.422194594594595,NA,9519.72315830282,NA,NA,NA
"Cu",0.411945945945946,NA,10014.467236517,NA,NA,NA
"Cu",0.401697297297297,NA,10543.9672046501,NA,NA,NA
"Cu",0.391448648648649,NA,11123.0024837545,NA,NA,NA
"Cu",0.3812,NA,11784.0613572074,NA,NA,NA
"Cu",0.370951351351351,NA,12540.8432114712,NA,NA,NA
"Cu",0.360702702702703,NA,13386.5640846929,NA,NA,NA
"Cu",0.350454054054054,NA,14313.6214137811,NA,NA,NA
"Cu",0.340205405405405,NA,15398.4344464689,NA,NA,NA
"Cu",0.329956756756757,NA,16649.5631122662,NA,NA,NA
"Cu",0.319708108108108,NA,18045.5338300382,NA,NA,NA
"Cu",0.309459459459459,NA,19694.6031299271,NA,NA,NA
"Cu",0.299210810810811,NA,21597.5793565458,NA,NA,NA
"Cu",0.288962162162162,NA,23799.6751872187,NA,NA,NA
"Cu",0.278713513513513,NA,26324.8141348874,NA,NA,NA
"Cu",0.268464864864865,NA,29353.7736615985,NA,NA,NA
"Cu",0.258216216216216,NA,32984.3099400221,NA,NA,NA
"Cu",0.247967567567568,NA,37210.7280792914,NA,NA,NA
"Cu",0.237718918918919,NA,42177.5449363589,NA,NA,NA
"Cu",0.22747027027027,NA,48195.5338337732,NA,NA,NA
"Cu",0.217221621621622,NA,55475.0205774112,NA,NA,NA
"Cu",0.206972972972973,NA,64524.1201281957,NA,NA,NA
"Cu",0.196724324324324,NA,75505.0185966866,NA,NA,NA
"Cu",0.186475675675676,NA,90000.3595650493,NA,NA,NA
"Cu",0.176227027027027,NA,107455.961848733,NA,NA,NA
"Cu",0.165978378378378,NA,128090.701244829,NA,NA,NA
"Cu",0.15572972972973,NA,153274.060239588,NA,NA,NA
"Cu",0.145481081081081,NA,183237.592066957,NA,NA,NA
"Cu",0.135232432432432,NA,219671.323147002,NA,NA,NA
"Cu",0.124983783783784,NA,262019.880314976,NA,NA,NA
"Cu",0.114735135135135,NA,311193.888694981,NA,NA,NA
"Cu",0.104486486486486,NA,368410.998928365,NA,NA,NA
"Cu",0.0942378378378378,NA,433223.44017239,NA,NA,NA
"Cu",0.0839891891891892,NA,501458.346228129,NA,NA,NA
"Cu",0.0737405405405405,NA,569242.427229081,NA,NA,NA
"Cu",0.0634918918918919,NA,628818.672041425,NA,NA,NA
"Cu",0.0532432432432432,NA,676957.865621496,NA,NA,NA
"Cu",0.0429945945945946,NA,711267.592904168,NA,NA,NA
"Cu",0.0327459459459459,NA,733783.816198944,NA,NA,NA
"Cu",0.0224972972972973,NA,748052.522964017,NA,NA,NA
"Cu",0.0122486486486486,NA,753086.924471154,NA,NA,NA
"Cu",0.002,NA,756023.702542555,NA,NA,NA
"Cu",NA,NA,NA,0.003,1064085,NA
"Cu",NA,NA,NA,0.003,1107620,NA
"Cu",NA,NA,NA,0.003,990758,NA
"Cu",NA,NA,NA,0.003,1067172,NA
"Cu",NA,NA,NA,0.0137424,1032736,NA
"Cu",NA,NA,NA,0.0137424,1074238,NA
"Cu",NA,NA,NA,0.0137424,1001750,NA
"Cu",NA,NA,NA,0.0137424,1002096,NA
"Cu",NA,NA,NA,0.023888,1009152,NA
"Cu",NA,NA,NA,0.023888,1031561,NA
"Cu",NA,NA,NA,0.023888,929606,NA
"Cu",NA,NA,NA,0.023888,966793,NA
"Cu",NA,NA,NA,0.044776,906707,NA
"Cu",NA,NA,NA,0.044776,997850,NA
"Cu",NA,NA,NA,0.044776,975091,NA
"Cu",NA,NA,NA,0.044776,983525,NA
"Cu",NA,NA,NA,0.086552,797599,NA
"Cu",NA,NA,NA,0.086552,746990,NA
"Cu",NA,NA,NA,0.086552,793499,NA
"Cu",NA,NA,NA,0.086552,783921,NA
"Cu",NA,NA,NA,0.1707008,181042,NA
"Cu",NA,NA,NA,0.1707008,165812,NA
"Cu",NA,NA,NA,0.1707008,184654,NA
"Cu",NA,NA,NA,0.1707008,153438,NA
"Cu",NA,NA,NA,0.3389984,7389,NA
"Cu",NA,NA,NA,0.3389984,8011,NA
"Cu",NA,NA,NA,0.3389984,5392,NA
"Cu",NA,NA,NA,0.3389984,6448,NA
"Cu",NA,NA,NA,0.6744,408,NA
"Cu",NA,NA,NA,0.6744,387,NA
"Cu",NA,NA,NA,0.6744,802,NA
"Cu",NA,NA,NA,0.6744,308,NA
"Cu",NA,NA,NA,1.3458,177,NA
"Cu",NA,NA,NA,1.3458,561,NA
"Cu",NA,NA,NA,1.3458,22,NA
"Cu",NA,NA,NA,1.3458,33,NA
"Cu",NA,NA,NA,2.6886,1081,NA
"Cu",NA,NA,NA,2.6886,66,NA
"Cu",NA,NA,NA,2.6886,131,NA
"Cu",NA,NA,NA,2.6886,864,NA
"Cu",NA,NA,NA,5.3742,653,NA
"Cu",NA,NA,NA,5.3742,132,NA
"Cu",NA,NA,NA,5.3742,528,NA
"Cu",NA,NA,NA,5.3742,43,NA
"Cu",NA,NA,NA,0.003,987331,NA
"Cu",NA,NA,NA,0.003,852402,NA
"Cu",NA,NA,NA,0.003,830471,NA
"Cu",NA,NA,NA,0.003,813618,NA
"Cu",NA,NA,NA,0.0137424,770544,NA
"Cu",NA,NA,NA,0.0137424,842009,NA
"Cu",NA,NA,NA,0.0137424,739619,NA
"Cu",NA,NA,NA,0.0137424,763890,NA
"Cu",NA,NA,NA,0.023888,777995,NA
"Cu",NA,NA,NA,0.023888,773954,NA
"Cu",NA,NA,NA,0.023888,705709,NA
"Cu",NA,NA,NA,0.023888,784626,NA
"Cu",NA,NA,NA,0.044776,687332,NA
"Cu",NA,NA,NA,0.044776,679363,NA
"Cu",NA,NA,NA,0.044776,750592,NA
"Cu",NA,NA,NA,0.044776,746348,NA
"Cu",NA,NA,NA,0.086552,608639,NA
"Cu",NA,NA,NA,0.086552,605416,NA
"Cu",NA,NA,NA,0.086552,603805,NA
"Cu",NA,NA,NA,0.086552,607078,NA
"Cu",NA,NA,NA,0.1707008,116749,NA
"Cu",NA,NA,NA,0.1707008,144759,NA
"Cu",NA,NA,NA,0.1707008,137867,NA
"Cu",NA,NA,NA,0.1707008,105019,NA
"Cu",NA,NA,NA,0.3389984,4033,NA
"Cu",NA,NA,NA,0.3389984,5055,NA
"Cu",NA,NA,NA,0.3389984,3082,NA
"Cu",NA,NA,NA,0.3389984,4051,NA
"Cu",NA,NA,NA,0.6744,474,NA
"Cu",NA,NA,NA,0.6744,363,NA
"Cu",NA,NA,NA,0.6744,533,NA
"Cu",NA,NA,NA,0.6744,81,NA
"Cu",NA,NA,NA,1.3458,81,NA
"Cu",NA,NA,NA,1.3458,81,NA
"Cu",NA,NA,NA,1.3458,81,NA
"Cu",NA,NA,NA,1.3458,81,NA
"Cu",NA,NA,NA,2.6886,81,NA
"Cu",NA,NA,NA,2.6886,81,NA
"Cu",NA,NA,NA,2.6886,81,NA
"Cu",NA,NA,NA,2.6886,81,NA
"Cu",NA,NA,NA,5.3742,110,NA
"Cu",NA,NA,NA,5.3742,1192,NA
"Cu",NA,NA,NA,5.3742,81,NA
"Cu",NA,NA,NA,5.3742,401,NA
"Cu",NA,NA,NA,0.003,873309,NA
"Cu",NA,NA,NA,0.003,890027,NA
"Cu",NA,NA,NA,0.003,879505,NA
"Cu",NA,NA,NA,0.003,849589,NA
"Cu",NA,NA,NA,0.0137424,840768,NA
"Cu",NA,NA,NA,0.0137424,962744,NA
"Cu",NA,NA,NA,0.0137424,769298,NA
"Cu",NA,NA,NA,0.0137424,778863,NA
"Cu",NA,NA,NA,0.023888,763778,NA
"Cu",NA,NA,NA,0.023888,836617,NA
"Cu",NA,NA,NA,0.023888,747906,NA
"Cu",NA,NA,NA,0.023888,803735,NA
"Cu",NA,NA,NA,0.044776,811663,NA
"Cu",NA,NA,NA,0.044776,732222,NA
"Cu",NA,NA,NA,0.044776,774457,NA
"Cu",NA,NA,NA,0.044776,774800,NA
"Cu",NA,NA,NA,0.086552,624988,NA
"Cu",NA,NA,NA,0.086552,633303,NA
"Cu",NA,NA,NA,0.086552,624004,NA
"Cu",NA,NA,NA,0.086552,684062,NA
"Cu",NA,NA,NA,0.1707008,146974,NA
"Cu",NA,NA,NA,0.1707008,171619,NA
"Cu",NA,NA,NA,0.1707008,131204,NA
"Cu",NA,NA,NA,0.1707008,147596,NA
"Cu",NA,NA,NA,0.3389984,6896,NA
"Cu",NA,NA,NA,0.3389984,7706,NA
"Cu",NA,NA,NA,0.3389984,5027,NA
"Cu",NA,NA,NA,0.3389984,5384,NA
"Cu",NA,NA,NA,0.6744,1408,NA
"Cu",NA,NA,NA,0.6744,999,NA
"Cu",NA,NA,NA,0.6744,1654,NA
"Cu",NA,NA,NA,0.6744,808,NA
"Cu",NA,NA,NA,1.3458,114,NA
"Cu",NA,NA,NA,1.3458,114,NA
"Cu",NA,NA,NA,1.3458,114,NA
"Cu",NA,NA,NA,1.3458,114,NA
"Cu",NA,NA,NA,2.6886,573,NA
"Cu",NA,NA,NA,2.6886,748,NA
"Cu",NA,NA,NA,2.6886,114,NA
"Cu",NA,NA,NA,2.6886,114,NA
"Cu",NA,NA,NA,5.3742,114,NA
"Cu",NA,NA,NA,5.3742,483,NA
"Cu",NA,NA,NA,5.3742,670,NA
"Cu",NA,NA,NA,5.3742,603,NA
"Cu",NA,NA,NA,0.003,435297,NA
"Cu",NA,NA,NA,0.003,428645,NA
"Cu",NA,NA,NA,0.003,421407,NA
"Cu",NA,NA,NA,0.003,442084,NA
"Cu",NA,NA,NA,0.0137424,389233,NA
"Cu",NA,NA,NA,0.0137424,413628,NA
"Cu",NA,NA,NA,0.0137424,385477,NA
"Cu",NA,NA,NA,0.0137424,387545,NA
"Cu",NA,NA,NA,0.023888,371645,NA
"Cu",NA,NA,NA,0.023888,422301,NA
"Cu",NA,NA,NA,0.023888,363823,NA
"Cu",NA,NA,NA,0.023888,340889,NA
"Cu",NA,NA,NA,0.044776,376294,NA
"Cu",NA,NA,NA,0.044776,363291,NA
"Cu",NA,NA,NA,0.044776,393986,NA
"Cu",NA,NA,NA,0.044776,419859,NA
"Cu",NA,NA,NA,0.086552,317321,NA
"Cu",NA,NA,NA,0.086552,294878,NA
"Cu",NA,NA,NA,0.086552,292746,NA
"Cu",NA,NA,NA,0.086552,320126,NA
"Cu",NA,NA,NA,0.1707008,76143,NA
"Cu",NA,NA,NA,0.1707008,75890,NA
"Cu",NA,NA,NA,0.1707008,64460,NA
"Cu",NA,NA,NA,0.1707008,63833,NA
"Cu",NA,NA,NA,0.3389984,4125,NA
"Cu",NA,NA,NA,0.3389984,4176,NA
"Cu",NA,NA,NA,0.3389984,2999,NA
"Cu",NA,NA,NA,0.3389984,2369,NA
"Cu",NA,NA,NA,0.6744,1088,NA
"Cu",NA,NA,NA,0.6744,572,NA
"Cu",NA,NA,NA,0.6744,608,NA
"Cu",NA,NA,NA,0.6744,223,NA
"Cu",NA,NA,NA,1.3458,35,NA
"Cu",NA,NA,NA,1.3458,111,NA
"Cu",NA,NA,NA,1.3458,149,NA
"Cu",NA,NA,NA,1.3458,172,NA
"Cu",NA,NA,NA,2.6886,35,NA
"Cu",NA,NA,NA,2.6886,725,NA
"Cu",NA,NA,NA,2.6886,97,NA
"Cu",NA,NA,NA,2.6886,35,NA
"Cu",NA,NA,NA,5.3742,992,NA
"Cu",NA,NA,NA,5.3742,856,NA
"Cu",NA,NA,NA,5.3742,201,NA
"Cu",NA,NA,NA,5.3742,860,NA
"Cu",NA,NA,NA,0.002,255893,NA
"Cu",NA,NA,NA,0.002,231725,NA
"Cu",NA,NA,NA,0.002,218886,NA
"Cu",NA,NA,NA,0.002,230227,NA
"Cu",NA,NA,NA,0.0224768,199424,NA
"Cu",NA,NA,NA,0.0224768,213710,NA
"Cu",NA,NA,NA,0.0224768,226762,NA
"Cu",NA,NA,NA,0.0224768,212661,NA
"Cu",NA,NA,NA,0.041816,195673,NA
"Cu",NA,NA,NA,0.041816,212780,NA
"Cu",NA,NA,NA,0.041816,195665,NA
"Cu",NA,NA,NA,0.041816,213432,NA
"Cu",NA,NA,NA,0.081632,170210,NA
"Cu",NA,NA,NA,0.081632,185602,NA
"Cu",NA,NA,NA,0.081632,186856,NA
"Cu",NA,NA,NA,0.081632,218708,NA
"Cu",NA,NA,NA,0.161264,130724,NA
"Cu",NA,NA,NA,0.161264,154591,NA
"Cu",NA,NA,NA,0.161264,112398,NA
"Cu",NA,NA,NA,0.161264,96577,NA
"Cu",NA,NA,NA,0.3216656,14928,NA
"Cu",NA,NA,NA,0.3216656,45364,NA
"Cu",NA,NA,NA,0.3216656,32328,NA
"Cu",NA,NA,NA,0.3216656,84232,NA
"Cu",NA,NA,NA,0.6424688,124,NA
"Cu",NA,NA,NA,0.6424688,8,NA
"Cu",NA,NA,NA,0.6424688,8,NA
"Cu",NA,NA,NA,0.6424688,361,NA
"Cu",NA,NA,NA,1.2818,53,NA
"Cu",NA,NA,NA,1.2818,1202,NA
"Cu",NA,NA,NA,1.2818,815,NA
"Cu",NA,NA,NA,1.2818,859,NA
"Cu",NA,NA,NA,2.5616,8,NA
"Cu",NA,NA,NA,2.5616,8,NA
"Cu",NA,NA,NA,2.5616,8,NA
"Cu",NA,NA,NA,2.5616,8,NA
"Cu",NA,NA,NA,5.1212,8,NA
"Cu",NA,NA,NA,5.1212,8,NA
"Cu",NA,NA,NA,5.1212,106,NA
"Cu",NA,NA,NA,5.1212,29,NA
"Cu",NA,NA,NA,10.2404,8,NA
"Cu",NA,NA,NA,10.2404,8,NA
"Cu",NA,NA,NA,10.2404,8,NA
"Cu",NA,NA,NA,10.2404,8,NA
"Cu",NA,NA,NA,0.002,343865,NA
"Cu",NA,NA,NA,0.002,354008,NA
"Cu",NA,NA,NA,0.002,341420,NA
"Cu",NA,NA,NA,0.002,328351,NA
"Cu",NA,NA,NA,0.0224768,313663,NA
"Cu",NA,NA,NA,0.0224768,296804,NA
"Cu",NA,NA,NA,0.0224768,296247,NA
"Cu",NA,NA,NA,0.0224768,279623,NA
"Cu",NA,NA,NA,0.041816,305962,NA
"Cu",NA,NA,NA,0.041816,277999,NA
"Cu",NA,NA,NA,0.041816,289899,NA
"Cu",NA,NA,NA,0.041816,292764,NA
"Cu",NA,NA,NA,0.081632,256759,NA
"Cu",NA,NA,NA,0.081632,285040,NA
"Cu",NA,NA,NA,0.081632,256270,NA
"Cu",NA,NA,NA,0.081632,290925,NA
"Cu",NA,NA,NA,0.161264,208409,NA
"Cu",NA,NA,NA,0.161264,185066,NA
"Cu",NA,NA,NA,0.161264,188905,NA
"Cu",NA,NA,NA,0.161264,216335,NA
"Cu",NA,NA,NA,0.3216656,124840,NA
"Cu",NA,NA,NA,0.3216656,169960,NA
"Cu",NA,NA,NA,0.3216656,71823,NA
"Cu",NA,NA,NA,0.3216656,161247,NA
"Cu",NA,NA,NA,0.6424688,10263,NA
"Cu",NA,NA,NA,0.6424688,1812,NA
"Cu",NA,NA,NA,0.6424688,1671,NA
"Cu",NA,NA,NA,0.6424688,3029,NA
"Cu",NA,NA,NA,1.2818,1414,NA
"Cu",NA,NA,NA,1.2818,1648,NA
"Cu",NA,NA,NA,1.2818,572,NA
"Cu",NA,NA,NA,1.2818,1546,NA
"Cu",NA,NA,NA,2.5616,3,NA
"Cu",NA,NA,NA,2.5616,3,NA
"Cu",NA,NA,NA,2.5616,3,NA
"Cu",NA,NA,NA,2.5616,3,NA
"Cu",NA,NA,NA,5.1212,3,NA
"Cu",NA,NA,NA,5.1212,3,NA
"Cu",NA,NA,NA,5.1212,3,NA
"Cu",NA,NA,NA,5.1212,3,NA
"Cu",NA,NA,NA,10.2404,3,NA
"Cu",NA,NA,NA,10.2404,88,NA
"Cu",NA,NA,NA,10.2404,3,NA
"Cu",NA,NA,NA,10.2404,236,NA
"Cu",NA,NA,NA,0.002,918663,NA
"Cu",NA,NA,NA,0.002,1033890,NA
"Cu",NA,NA,NA,0.002,864649,NA
"Cu",NA,NA,NA,0.002,901835,NA
"Cu",NA,NA,NA,0.0099632,926930,NA
"Cu",NA,NA,NA,0.0099632,953303,NA
"Cu",NA,NA,NA,0.0099632,796158,NA
"Cu",NA,NA,NA,0.0099632,821183,NA
"Cu",NA,NA,NA,0.017484,897233,NA
"Cu",NA,NA,NA,0.017484,917001,NA
"Cu",NA,NA,NA,0.017484,760704,NA
"Cu",NA,NA,NA,0.017484,829298,NA
"Cu",NA,NA,NA,0.032968,784333,NA
"Cu",NA,NA,NA,0.032968,748894,NA
"Cu",NA,NA,NA,0.032968,769040,NA
"Cu",NA,NA,NA,0.032968,812335,NA
"Cu",NA,NA,NA,0.063936,503471,NA
"Cu",NA,NA,NA,0.063936,557466,NA
"Cu",NA,NA,NA,0.063936,626729,NA
"Cu",NA,NA,NA,0.063936,605293,NA
"Cu",NA,NA,NA,0.1263144,88843,NA
"Cu",NA,NA,NA,0.1263144,130835,NA
"Cu",NA,NA,NA,0.1263144,88833,NA
"Cu",NA,NA,NA,0.1263144,79586,NA
"Cu",NA,NA,NA,0.2510712,425,NA
"Cu",NA,NA,NA,0.2510712,2537,NA
"Cu",NA,NA,NA,0.2510712,3621,NA
"Cu",NA,NA,NA,0.2510712,3056,NA
"Cu",NA,NA,NA,0.4997,1575,NA
"Cu",NA,NA,NA,0.4997,3505,NA
"Cu",NA,NA,NA,0.4997,703,NA
"Cu",NA,NA,NA,0.4997,2369,NA
"Cu",NA,NA,NA,0.9974,41,NA
"Cu",NA,NA,NA,0.9974,171,NA
"Cu",NA,NA,NA,0.9974,68,NA
"Cu",NA,NA,NA,0.9974,753,NA
"Cu",NA,NA,NA,1.9928,302,NA
"Cu",NA,NA,NA,1.9928,41,NA
"Cu",NA,NA,NA,1.9928,41,NA
"Cu",NA,NA,NA,1.9928,444,NA
"Cu",NA,NA,NA,3.9836,982,NA
"Cu",NA,NA,NA,3.9836,219,NA
"Cu",NA,NA,NA,3.9836,141,NA
"Cu",NA,NA,NA,3.9836,490,NA
"Cu",NA,NA,NA,0.002,572961,NA
"Cu",NA,NA,NA,0.002,564912,NA
"Cu",NA,NA,NA,0.002,546221,NA
"Cu",NA,NA,NA,0.002,538391,NA
"Cu",NA,NA,NA,0.0099632,503496,NA
"Cu",NA,NA,NA,0.0099632,542275,NA
"Cu",NA,NA,NA,0.0099632,467910,NA
"Cu",NA,NA,NA,0.0099632,492532,NA
"Cu",NA,NA,NA,0.017484,538745,NA
"Cu",NA,NA,NA,0.017484,504137,NA
"Cu",NA,NA,NA,0.017484,499119,NA
"Cu",NA,NA,NA,0.017484,479414,NA
"Cu",NA,NA,NA,0.032968,438750,NA
"Cu",NA,NA,NA,0.032968,462853,NA
"Cu",NA,NA,NA,0.032968,451852,NA
"Cu",NA,NA,NA,0.032968,421143,NA
"Cu",NA,NA,NA,0.063936,341504,NA
"Cu",NA,NA,NA,0.063936,398126,NA
"Cu",NA,NA,NA,0.063936,375788,NA
"Cu",NA,NA,NA,0.063936,332994,NA
"Cu",NA,NA,NA,0.1263144,113987,NA
"Cu",NA,NA,NA,0.1263144,160991,NA
"Cu",NA,NA,NA,0.1263144,94315,NA
"Cu",NA,NA,NA,0.1263144,143046,NA
"Cu",NA,NA,NA,0.2510712,3384,NA
"Cu",NA,NA,NA,0.2510712,1775,NA
"Cu",NA,NA,NA,0.2510712,11316,NA
"Cu",NA,NA,NA,0.2510712,1950,NA
"Cu",NA,NA,NA,0.4997,2010,NA
"Cu",NA,NA,NA,0.4997,43,NA
"Cu",NA,NA,NA,0.4997,43,NA
"Cu",NA,NA,NA,0.4997,43,NA
"Cu",NA,NA,NA,0.9974,43,NA
"Cu",NA,NA,NA,0.9974,43,NA
"Cu",NA,NA,NA,0.9974,43,NA
"Cu",NA,NA,NA,0.9974,43,NA
"Cu",NA,NA,NA,1.9928,43,NA
"Cu",NA,NA,NA,1.9928,43,NA
"Cu",NA,NA,NA,1.9928,151,NA
"Cu",NA,NA,NA,1.9928,43,NA
"Cu",NA,NA,NA,3.9836,43,NA
"Cu",NA,NA,NA,3.9836,94,NA
"Cu",NA,NA,NA,3.9836,43,NA
"Cu",NA,NA,NA,3.9836,605,NA
"Cu",NA,NA,NA,0.002,838928,NA
"Cu",NA,NA,NA,0.002,949464,NA
"Cu",NA,NA,NA,0.002,901116,NA
"Cu",NA,NA,NA,0.002,831331,NA
"Cu",NA,NA,NA,0.0099632,825172,NA
"Cu",NA,NA,NA,0.0099632,812319,NA
"Cu",NA,NA,NA,0.0099632,777164,NA
"Cu",NA,NA,NA,0.0099632,856227,NA
"Cu",NA,NA,NA,0.017484,816936,NA
"Cu",NA,NA,NA,0.017484,779796,NA
"Cu",NA,NA,NA,0.017484,827649,NA
"Cu",NA,NA,NA,0.017484,793874,NA
"Cu",NA,NA,NA,0.032968,699036,NA
"Cu",NA,NA,NA,0.032968,676486,NA
"Cu",NA,NA,NA,0.032968,782554,NA
"Cu",NA,NA,NA,0.032968,737651,NA
"Cu",NA,NA,NA,0.063936,547625,NA
"Cu",NA,NA,NA,0.063936,608131,NA
"Cu",NA,NA,NA,0.063936,949464,NA
"Cu",NA,NA,NA,0.063936,620779,NA
"Cu",NA,NA,NA,0.1263144,151635,NA
"Cu",NA,NA,NA,0.1263144,178423,NA
"Cu",NA,NA,NA,0.1263144,214104,NA
"Cu",NA,NA,NA,0.1263144,135440,NA
"Cu",NA,NA,NA,0.2510712,2636,NA
"Cu",NA,NA,NA,0.2510712,2735,NA
"Cu",NA,NA,NA,0.2510712,15066,NA
"Cu",NA,NA,NA,0.2510712,7893,NA
"Cu",NA,NA,NA,0.4997,24,NA
"Cu",NA,NA,NA,0.4997,309,NA
"Cu",NA,NA,NA,0.4997,834,NA
"Cu",NA,NA,NA,0.4997,3169,NA
"Cu",NA,NA,NA,0.9974,24,NA
"Cu",NA,NA,NA,0.9974,123,NA
"Cu",NA,NA,NA,0.9974,24,NA
"Cu",NA,NA,NA,0.9974,24,NA
"Cu",NA,NA,NA,1.9928,751,NA
"Cu",NA,NA,NA,1.9928,24,NA
"Cu",NA,NA,NA,1.9928,24,NA
"Cu",NA,NA,NA,1.9928,195,NA
"Cu",NA,NA,NA,3.9836,24,NA
"Cu",NA,NA,NA,3.9836,24,NA
"Cu",NA,NA,NA,3.9836,24,NA
"Cu",NA,NA,NA,3.9836,24,NA
"Cu",NA,NA,NA,0.002,468445,NA
"Cu",NA,NA,NA,0.002,505492,NA
"Cu",NA,NA,NA,0.002,440217,NA
"Cu",NA,NA,NA,0.002,483593,NA
"Cu",NA,NA,NA,0.0099632,405416,NA
"Cu",NA,NA,NA,0.0099632,460782,NA
"Cu",NA,NA,NA,0.0099632,415202,NA
"Cu",NA,NA,NA,0.0099632,437056,NA
"Cu",NA,NA,NA,0.017484,396678,NA
"Cu",NA,NA,NA,0.017484,412072,NA
"Cu",NA,NA,NA,0.017484,423142,NA
"Cu",NA,NA,NA,0.017484,439322,NA
"Cu",NA,NA,NA,0.032968,397080,NA
"Cu",NA,NA,NA,0.032968,414153,NA
"Cu",NA,NA,NA,0.032968,376836,NA
"Cu",NA,NA,NA,0.032968,400826,NA
"Cu",NA,NA,NA,0.063936,311536,NA
"Cu",NA,NA,NA,0.063936,294836,NA
"Cu",NA,NA,NA,0.063936,340876,NA
"Cu",NA,NA,NA,0.063936,321371,NA
"Cu",NA,NA,NA,0.1263144,86000,NA
"Cu",NA,NA,NA,0.1263144,79388,NA
"Cu",NA,NA,NA,0.1263144,87123,NA
"Cu",NA,NA,NA,0.1263144,90836,NA
"Cu",NA,NA,NA,0.2510712,1091,NA
"Cu",NA,NA,NA,0.2510712,2959,NA
"Cu",NA,NA,NA,0.2510712,6003,NA
"Cu",NA,NA,NA,0.2510712,3936,NA
"Cu",NA,NA,NA,0.4997,1602,NA
"Cu",NA,NA,NA,0.4997,358,NA
"Cu",NA,NA,NA,0.4997,268,NA
"Cu",NA,NA,NA,0.4997,260,NA
"Cu",NA,NA,NA,0.9974,295,NA
"Cu",NA,NA,NA,0.9974,38,NA
"Cu",NA,NA,NA,0.9974,38,NA
"Cu",NA,NA,NA,0.9974,38,NA
"Cu",NA,NA,NA,1.9928,38,NA
"Cu",NA,NA,NA,1.9928,1706,NA
"Cu",NA,NA,NA,1.9928,38,NA
"Cu",NA,NA,NA,1.9928,258,NA
"Cu",NA,NA,NA,3.9836,199,NA
"Cu",NA,NA,NA,3.9836,38,NA
"Cu",NA,NA,NA,3.9836,38,NA
"Cu",NA,NA,NA,3.9836,38,NA
"Cu",NA,NA,NA,0.002,745560,NA
"Cu",NA,NA,NA,0.002,801540,NA
"Cu",NA,NA,NA,0.002,747152,NA
"Cu",NA,NA,NA,0.002,782587,NA
"Cu",NA,NA,NA,0.0099632,739759,NA
"Cu",NA,NA,NA,0.0099632,715614,NA
"Cu",NA,NA,NA,0.0099632,684057,NA
"Cu",NA,NA,NA,0.0099632,678239,NA
"Cu",NA,NA,NA,0.017484,694789,NA
"Cu",NA,NA,NA,0.017484,721238,NA
"Cu",NA,NA,NA,0.017484,665955,NA
"Cu",NA,NA,NA,0.017484,681065,NA
"Cu",NA,NA,NA,0.032968,627942,NA
"Cu",NA,NA,NA,0.032968,648957,NA
"Cu",NA,NA,NA,0.032968,625854,NA
"Cu",NA,NA,NA,0.032968,590158,NA
"Cu",NA,NA,NA,0.063936,466542,NA
"Cu",NA,NA,NA,0.063936,547282,NA
"Cu",NA,NA,NA,0.063936,515814,NA
"Cu",NA,NA,NA,0.063936,522313,NA
"Cu",NA,NA,NA,0.1263144,113740,NA
"Cu",NA,NA,NA,0.1263144,129074,NA
"Cu",NA,NA,NA,0.1263144,116504,NA
"Cu",NA,NA,NA,0.1263144,138211,NA
"Cu",NA,NA,NA,0.2510712,20250,NA
"Cu",NA,NA,NA,0.2510712,22874,NA
"Cu",NA,NA,NA,0.2510712,1402,NA
"Cu",NA,NA,NA,0.2510712,7302,NA
"Cu",NA,NA,NA,0.4997,609,NA
"Cu",NA,NA,NA,0.4997,2256,NA
"Cu",NA,NA,NA,0.4997,271,NA
"Cu",NA,NA,NA,0.4997,954,NA
"Cu",NA,NA,NA,0.9974,14,NA
"Cu",NA,NA,NA,0.9974,14,NA
"Cu",NA,NA,NA,0.9974,14,NA
"Cu",NA,NA,NA,0.9974,381,NA
"Cu",NA,NA,NA,1.9928,14,NA
"Cu",NA,NA,NA,1.9928,85,NA
"Cu",NA,NA,NA,1.9928,14,NA
"Cu",NA,NA,NA,1.9928,698,NA
"Cu",NA,NA,NA,3.9836,587,NA
"Cu",NA,NA,NA,3.9836,851,NA
"Cu",NA,NA,NA,3.9836,566,NA
"Cu",NA,NA,NA,3.9836,178,NA
"Cu",NA,NA,NA,0.004,1011859,NA
"Cu",NA,NA,NA,0.004,949157,NA
"Cu",NA,NA,NA,0.004,919565,NA
"Cu",NA,NA,NA,0.004,898342,NA
"Cu",NA,NA,NA,0.0125392,889053,NA
"Cu",NA,NA,NA,0.0125392,917184,NA
"Cu",NA,NA,NA,0.0125392,835629,NA
"Cu",NA,NA,NA,0.0125392,848494,NA
"Cu",NA,NA,NA,0.020604,847843,NA
"Cu",NA,NA,NA,0.020604,885076,NA
"Cu",NA,NA,NA,0.020604,845474,NA
"Cu",NA,NA,NA,0.020604,857887,NA
"Cu",NA,NA,NA,0.037208,863453,NA
"Cu",NA,NA,NA,0.037208,830366,NA
"Cu",NA,NA,NA,0.037208,805987,NA
"Cu",NA,NA,NA,0.037208,851217,NA
"Cu",NA,NA,NA,0.070416,707341,NA
"Cu",NA,NA,NA,0.070416,643242,NA
"Cu",NA,NA,NA,0.070416,732367,NA
"Cu",NA,NA,NA,0.070416,683044,NA
"Cu",NA,NA,NA,0.1373064,506678,NA
"Cu",NA,NA,NA,0.1373064,617941,NA
"Cu",NA,NA,NA,0.1373064,372793,NA
"Cu",NA,NA,NA,0.1373064,417201,NA
"Cu",NA,NA,NA,0.2710872,5624,NA
"Cu",NA,NA,NA,0.2710872,9053,NA
"Cu",NA,NA,NA,0.2710872,20867,NA
"Cu",NA,NA,NA,0.2710872,18596,NA
"Cu",NA,NA,NA,0.5377,2807,NA
"Cu",NA,NA,NA,0.5377,2067,NA
"Cu",NA,NA,NA,0.5377,1833,NA
"Cu",NA,NA,NA,0.5377,2174,NA
"Cu",NA,NA,NA,1.0714,76,NA
"Cu",NA,NA,NA,1.0714,111,NA
"Cu",NA,NA,NA,1.0714,19,NA
"Cu",NA,NA,NA,1.0714,243,NA
"Cu",NA,NA,NA,2.1388,2289,NA
"Cu",NA,NA,NA,2.1388,173,NA
"Cu",NA,NA,NA,2.1388,377,NA
"Cu",NA,NA,NA,2.1388,1504,NA
"Cu",NA,NA,NA,4.2736,419,NA
"Cu",NA,NA,NA,4.2736,93,NA
"Cu",NA,NA,NA,4.2736,283,NA
"Cu",NA,NA,NA,4.2736,503,NA
"Cu",NA,NA,NA,0.004,962307,NA
"Cu",NA,NA,NA,0.004,982041,NA
"Cu",NA,NA,NA,0.004,956904,NA
"Cu",NA,NA,NA,0.004,951709,NA
"Cu",NA,NA,NA,0.0125392,933553,NA
"Cu",NA,NA,NA,0.0125392,907467,NA
"Cu",NA,NA,NA,0.0125392,881653,NA
"Cu",NA,NA,NA,0.0125392,891888,NA
"Cu",NA,NA,NA,0.020604,922843,NA
"Cu",NA,NA,NA,0.020604,892277,NA
"Cu",NA,NA,NA,0.020604,894763,NA
"Cu",NA,NA,NA,0.020604,833803,NA
"Cu",NA,NA,NA,0.037208,745130,NA
"Cu",NA,NA,NA,0.037208,831785,NA
"Cu",NA,NA,NA,0.037208,783671,NA
"Cu",NA,NA,NA,0.037208,853873,NA
"Cu",NA,NA,NA,0.070416,718570,NA
"Cu",NA,NA,NA,0.070416,799644,NA
"Cu",NA,NA,NA,0.070416,725153,NA
"Cu",NA,NA,NA,0.070416,688827,NA
"Cu",NA,NA,NA,0.1373064,473625,NA
"Cu",NA,NA,NA,0.1373064,482888,NA
"Cu",NA,NA,NA,0.1373064,558855,NA
"Cu",NA,NA,NA,0.1373064,395215,NA
"Cu",NA,NA,NA,0.2710872,24079,NA
"Cu",NA,NA,NA,0.2710872,42913,NA
"Cu",NA,NA,NA,0.2710872,10527,NA
"Cu",NA,NA,NA,0.2710872,13841,NA
"Cu",NA,NA,NA,0.5377,2950,NA
"Cu",NA,NA,NA,0.5377,3287,NA
"Cu",NA,NA,NA,0.5377,7785,NA
"Cu",NA,NA,NA,0.5377,5029,NA
"Cu",NA,NA,NA,1.0714,21,NA
"Cu",NA,NA,NA,1.0714,372,NA
"Cu",NA,NA,NA,1.0714,531,NA
"Cu",NA,NA,NA,1.0714,19,NA
"Cu",NA,NA,NA,2.1388,19,NA
"Cu",NA,NA,NA,2.1388,19,NA
"Cu",NA,NA,NA,2.1388,465,NA
"Cu",NA,NA,NA,2.1388,19,NA
"Cu",NA,NA,NA,4.2736,19,NA
"Cu",NA,NA,NA,4.2736,608,NA
"Cu",NA,NA,NA,4.2736,285,NA
"Cu",NA,NA,NA,4.2736,19,NA
"Cu",NA,NA,NA,0.002,924893,NA
"Cu",NA,NA,NA,0.002,970974,NA
"Cu",NA,NA,NA,0.002,943445,NA
"Cu",NA,NA,NA,0.002,910141,NA
"Cu",NA,NA,NA,0.0125552,877706,NA
"Cu",NA,NA,NA,0.0125552,923231,NA
"Cu",NA,NA,NA,0.0125552,851004,NA
"Cu",NA,NA,NA,0.0125552,898436,NA
"Cu",NA,NA,NA,0.022524,878359,NA
"Cu",NA,NA,NA,0.022524,866058,NA
"Cu",NA,NA,NA,0.022524,834040,NA
"Cu",NA,NA,NA,0.022524,876585,NA
"Cu",NA,NA,NA,0.043048,849009,NA
"Cu",NA,NA,NA,0.043048,828504,NA
"Cu",NA,NA,NA,0.043048,875222,NA
"Cu",NA,NA,NA,0.043048,838153,NA
"Cu",NA,NA,NA,0.084096,691820,NA
"Cu",NA,NA,NA,0.084096,695520,NA
"Cu",NA,NA,NA,0.084096,728911,NA
"Cu",NA,NA,NA,0.084096,757846,NA
"Cu",NA,NA,NA,0.1667784,237466,NA
"Cu",NA,NA,NA,0.1667784,329532,NA
"Cu",NA,NA,NA,0.1667784,180266,NA
"Cu",NA,NA,NA,0.1667784,347385,NA
"Cu",NA,NA,NA,0.3321432,9881,NA
"Cu",NA,NA,NA,0.3321432,11677,NA
"Cu",NA,NA,NA,0.3321432,11681,NA
"Cu",NA,NA,NA,0.3321432,15204,NA
"Cu",NA,NA,NA,0.6617,2102,NA
"Cu",NA,NA,NA,0.6617,2683,NA
"Cu",NA,NA,NA,0.6617,976,NA
"Cu",NA,NA,NA,0.6617,1341,NA
"Cu",NA,NA,NA,1.3214,215,NA
"Cu",NA,NA,NA,1.3214,542,NA
"Cu",NA,NA,NA,1.3214,10,NA
"Cu",NA,NA,NA,1.3214,284,NA
"Cu",NA,NA,NA,2.6408,10,NA
"Cu",NA,NA,NA,2.6408,10,NA
"Cu",NA,NA,NA,2.6408,423,NA
"Cu",NA,NA,NA,2.6408,10,NA
"Cu",NA,NA,NA,5.2796,10,NA
"Cu",NA,NA,NA,5.2796,10,NA
"Cu",NA,NA,NA,5.2796,590,NA
"Cu",NA,NA,NA,5.2796,128,NA
"Cu",NA,NA,NA,0.002,718392,NA
"Cu",NA,NA,NA,0.002,786634,NA
"Cu",NA,NA,NA,0.002,719234,NA
"Cu",NA,NA,NA,0.002,729074,NA
"Cu",NA,NA,NA,0.0125552,631486,NA
"Cu",NA,NA,NA,0.0125552,686102,NA
"Cu",NA,NA,NA,0.0125552,629568,NA
"Cu",NA,NA,NA,0.0125552,642057,NA
"Cu",NA,NA,NA,0.022524,579323,NA
"Cu",NA,NA,NA,0.022524,631091,NA
"Cu",NA,NA,NA,0.022524,603481,NA
"Cu",NA,NA,NA,0.022524,616532,NA
"Cu",NA,NA,NA,0.043048,586303,NA
"Cu",NA,NA,NA,0.043048,572083,NA
"Cu",NA,NA,NA,0.043048,572219,NA
"Cu",NA,NA,NA,0.043048,549486,NA
"Cu",NA,NA,NA,0.084096,397758,NA
"Cu",NA,NA,NA,0.084096,442190,NA
"Cu",NA,NA,NA,0.084096,367284,NA
"Cu",NA,NA,NA,0.084096,401968,NA
"Cu",NA,NA,NA,0.1667784,78900,NA
"Cu",NA,NA,NA,0.1667784,49234,NA
"Cu",NA,NA,NA,0.1667784,50997,NA
"Cu",NA,NA,NA,0.1667784,51135,NA
"Cu",NA,NA,NA,0.3321432,3428,NA
"Cu",NA,NA,NA,0.3321432,2542,NA
"Cu",NA,NA,NA,0.3321432,2117,NA
"Cu",NA,NA,NA,0.3321432,4889,NA
"Cu",NA,NA,NA,0.6617,2268,NA
"Cu",NA,NA,NA,0.6617,259,NA
"Cu",NA,NA,NA,0.6617,6,NA
"Cu",NA,NA,NA,0.6617,929,NA
"Cu",NA,NA,NA,1.3214,6,NA
"Cu",NA,NA,NA,1.3214,6,NA
"Cu",NA,NA,NA,1.3214,1245,NA
"Cu",NA,NA,NA,1.3214,26,NA
"Cu",NA,NA,NA,2.6408,6,NA
"Cu",NA,NA,NA,2.6408,6,NA
"Cu",NA,NA,NA,2.6408,6,NA
"Cu",NA,NA,NA,2.6408,6,NA
"Cu",NA,NA,NA,5.2796,40,NA
"Cu",NA,NA,NA,5.2796,1219,NA
"Cu",NA,NA,NA,5.2796,6,NA
"Cu",NA,NA,NA,5.2796,196,NA
"Cu",NA,NA,NA,0.002,828785,NA
"Cu",NA,NA,NA,0.002,710561,NA
"Cu",NA,NA,NA,0.002,758438,NA
"Cu",NA,NA,NA,0.002,678984,NA
"Cu",NA,NA,NA,0.0125552,670891,NA
"Cu",NA,NA,NA,0.0125552,697808,NA
"Cu",NA,NA,NA,0.0125552,624708,NA
"Cu",NA,NA,NA,0.0125552,614552,NA
"Cu",NA,NA,NA,0.022524,662128,NA
"Cu",NA,NA,NA,0.022524,631880,NA
"Cu",NA,NA,NA,0.022524,644247,NA
"Cu",NA,NA,NA,0.022524,614914,NA
"Cu",NA,NA,NA,0.043048,613544,NA
"Cu",NA,NA,NA,0.043048,589709,NA
"Cu",NA,NA,NA,0.043048,580509,NA
"Cu",NA,NA,NA,0.043048,533139,NA
"Cu",NA,NA,NA,0.084096,414173,NA
"Cu",NA,NA,NA,0.084096,445762,NA
"Cu",NA,NA,NA,0.084096,418695,NA
"Cu",NA,NA,NA,0.084096,440182,NA
"Cu",NA,NA,NA,0.1667784,139296,NA
"Cu",NA,NA,NA,0.1667784,111087,NA
"Cu",NA,NA,NA,0.1667784,82569,NA
"Cu",NA,NA,NA,0.1667784,80505,NA
"Cu",NA,NA,NA,0.3321432,5969,NA
"Cu",NA,NA,NA,0.3321432,5895,NA
"Cu",NA,NA,NA,0.3321432,1920,NA
"Cu",NA,NA,NA,0.3321432,1716,NA
"Cu",NA,NA,NA,0.6617,1695,NA
"Cu",NA,NA,NA,0.6617,2027,NA
"Cu",NA,NA,NA,0.6617,1083,NA
"Cu",NA,NA,NA,0.6617,1340,NA
"Cu",NA,NA,NA,1.3214,12,NA
"Cu",NA,NA,NA,1.3214,86,NA
"Cu",NA,NA,NA,1.3214,377,NA
"Cu",NA,NA,NA,1.3214,12,NA
"Cu",NA,NA,NA,2.6408,12,NA
"Cu",NA,NA,NA,2.6408,12,NA
"Cu",NA,NA,NA,2.6408,12,NA
"Cu",NA,NA,NA,2.6408,12,NA
"Cu",NA,NA,NA,5.2796,650,NA
"Cu",NA,NA,NA,5.2796,12,NA
"Cu",NA,NA,NA,5.2796,12,NA
"Cu",NA,NA,NA,5.2796,207,NA
"Cu",NA,NA,NA,NA,NA,0.0753980115228949
"Cu",NA,NA,NA,NA,NA,0.0427779514868781
"Cu",NA,NA,NA,NA,NA,0.0918558991759968
"Zn",0.004,680560.85827704,544602.154377993,NA,NA,NA
"Zn",0.0268774573015079,678068.559435451,542766.72664118,NA,NA,NA
"Zn",0.0497549146030159,674899.307715309,540304.601014024,NA,NA,NA
"Zn",0.0726323719045238,671370.250587999,537398.84644492,NA,NA,NA
"Zn",0.0955098292060317,667382.044956076,534229.82355902,NA,NA,NA
"Zn",0.11838728650754,663200.487180064,530853.449501554,NA,NA,NA
"Zn",0.141264743809048,658596.567550054,527310.917067786,NA,NA,NA
"Zn",0.164142201110556,653957.515839607,523635.928219638,NA,NA,NA
"Zn",0.187019658412063,649261.420374763,519891.814431853,NA,NA,NA
"Zn",0.209897115713571,644481.624370965,516306.286000995,NA,NA,NA
"Zn",0.232774573015079,639624.376642828,512167.89730121,NA,NA,NA
"Zn",0.255652030316587,634649.8517144,507957.828397525,NA,NA,NA
"Zn",0.278529487618095,629521.06761057,503685.976147828,NA,NA,NA
"Zn",0.301406944919603,624331.284052257,499464.551065318,NA,NA,NA
"Zn",0.324284402221111,619092.219863823,495196.205998457,NA,NA,NA
"Zn",0.347161859522619,613767.504035824,490882.807772205,NA,NA,NA
"Zn",0.370039316824127,608324.14962996,486530.647857718,NA,NA,NA
"Zn",0.392916774125635,602921.578517655,482145.410350859,NA,NA,NA
"Zn",0.415794231427143,597403.907139626,477660.934001467,NA,NA,NA
"Zn",0.438671688728651,591921.616247859,473095.188069396,NA,NA,NA
"Zn",0.461549146030159,586566.378938018,468531.821512968,NA,NA,NA
"Zn",0.484426603331667,580963.943558209,464145.618120404,NA,NA,NA
"Zn",0.507304060633174,575451.799608006,459754.152891532,NA,NA,NA
"Zn",0.530181517934682,569977.59146232,455354.628780588,NA,NA,NA
"Zn",0.55305897523619,564585.14588229,450948.00914526,NA,NA,NA
"Zn",0.575936432537698,559075.642291351,446536.178355352,NA,NA,NA
"Zn",0.598813889839206,553676.757458843,442111.316757333,NA,NA,NA
"Zn",0.621691347140714,548203.758964914,437633.305258147,NA,NA,NA
"Zn",0.644568804442222,542762.456689075,433108.043047931,NA,NA,NA
"Zn",0.66744626174373,537306.473717715,428602.478678779,NA,NA,NA
"Zn",0.690323719045238,531900.77181094,424240.613425128,NA,NA,NA
"Zn",0.713201176346746,526454.357928879,419906.841268733,NA,NA,NA
"Zn",0.736078633648254,521032.917025221,415522.058390982,NA,NA,NA
"Zn",0.758956090949762,515637.645642657,411161.012431165,NA,NA,NA
"Zn",0.78183354825127,510268.707962343,406824.012333345,NA,NA,NA
"Zn",0.804711005552778,504920.226975758,402510.967245242,NA,NA,NA
"Zn",0.827588462854285,499566.036539215,398222.763649834,NA,NA,NA
"Zn",0.850465920155793,494254.868373736,393960.222014405,NA,NA,NA
"Zn",0.873343377457301,488917.181936983,389724.101182855,NA,NA,NA
"Zn",0.896220834758809,483588.43713422,385515.102384332,NA,NA,NA
"Zn",0.919098292060317,478317.781092274,381333.872902165,NA,NA,NA
"Zn",0.941975749361825,473100.684615309,377152.248888961,NA,NA,NA
"Zn",0.964853206663333,467993.704807423,372942.49992426,NA,NA,NA
"Zn",0.987730663964841,462891.537699664,368845.059017909,NA,NA,NA
"Zn",1.01060812126635,457763.504566365,364790.366132014,NA,NA,NA
"Zn",1.03348557856786,452661.583197911,360742.291071947,NA,NA,NA
"Zn",1.05636303586936,447590.191493465,356698.658388072,NA,NA,NA
"Zn",1.07924049317087,442568.906462691,352660.639981557,NA,NA,NA
"Zn",1.10211795047238,437612.325868619,348705.397172205,NA,NA,NA
"Zn",1.12499540777389,432735.017181802,344822.541717261,NA,NA,NA
"Zn",1.1478728650754,427830.778663585,340927.248255794,NA,NA,NA
"Zn",1.1707503223769,422959.056713979,336997.198813915,NA,NA,NA
"Zn",1.19362777967841,418161.977442674,333090.387731182,NA,NA,NA
"Zn",1.21650523697992,413386.122374479,329328.976477844,NA,NA,NA
"Zn",1.23938269428143,408651.104084609,325595.535088877,NA,NA,NA
"Zn",1.26226015158294,403976.322216163,321881.655702316,NA,NA,NA
"Zn",1.28513760888444,399287.610313827,318051.655687581,NA,NA,NA
"Zn",1.30801506618595,394579.833182692,314258.662946865,NA,NA,NA
"Zn",1.33089252348746,390068.859313169,310533.391051999,NA,NA,NA
"Zn",1.35376998078897,385532.704885422,306969.182143028,NA,NA,NA
"Zn",1.37664743809048,381020.722668848,303436.336910864,NA,NA,NA
"Zn",1.39952489539198,376514.815158668,299930.486572559,NA,NA,NA
"Zn",1.42240235269349,372038.914262514,296293.222846171,NA,NA,NA
"Zn",1.445279809995,367627.344148922,292690.83176087,NA,NA,NA
"Zn",1.46815726729651,363200.344372866,289246.013245619,NA,NA,NA
"Zn",1.49103472459802,358779.804202666,285868.185545459,NA,NA,NA
"Zn",1.51391218189952,354524.515449684,282531.06241315,NA,NA,NA
"Zn",1.53678963920103,350327.395416572,279212.679336588,NA,NA,NA
"Zn",1.55966709650254,346146.669608681,275927.858408684,NA,NA,NA
"Zn",1.58254455380405,342008.221534387,272680.483528049,NA,NA,NA
"Zn",1.60542201110556,337885.012591762,269466.406975837,NA,NA,NA
"Zn",1.62829946840706,333887.951741579,266273.315575257,NA,NA,NA
"Zn",1.65117692570857,329916.406200845,262977.230246842,NA,NA,NA
"Zn",1.67405438301008,326018.987006137,259713.754866011,NA,NA,NA
"Zn",1.69693184031159,322028.743019506,256576.081646367,NA,NA,NA
"Zn",1.71980929761309,318076.033238689,253407.76823348,NA,NA,NA
"Zn",1.7426867549146,314266.234973278,250295.456573823,NA,NA,NA
"Zn",1.76556421221611,310407.578198819,247298.362509796,NA,NA,NA
"Zn",1.78844166951762,306665.91692222,244330.8102958,NA,NA,NA
"Zn",1.81131912681913,302913.506867158,241395.401066355,NA,NA,NA
"Zn",1.83419658412063,299128.275339141,238489.357045194,NA,NA,NA
"Zn",1.85707404142214,295462.742519909,235503.966774444,NA,NA,NA
"Zn",1.87995149872365,291851.650891473,232539.852385152,NA,NA,NA
"Zn",1.90282895602516,288279.667057263,229644.297176964,NA,NA,NA
"Zn",1.92570641332667,284749.191128152,226857.793563549,NA,NA,NA
"Zn",1.94858387062817,281238.019436804,224037.879330389,NA,NA,NA
"Zn",1.97146132792968,277759.173971715,221228.852084662,NA,NA,NA
"Zn",1.99433878523119,274308.924176008,218450.591861557,NA,NA,NA
"Zn",2.0172162425327,270896.756786728,215702.928990044,NA,NA,NA
"Zn",2.04009369983421,267550.697956614,212985.68877425,NA,NA,NA
"Zn",2.06297115713571,264251.646538634,210298.691776045,NA,NA,NA
"Zn",2.08584861443722,261019.620874279,207641.754086795,NA,NA,NA
"Zn",2.10872607173873,257757.429976744,205014.687588725,NA,NA,NA
"Zn",2.13160352904024,254579.265916325,202417.668734883,NA,NA,NA
"Zn",2.15448098634175,251370.258795778,199851.627437538,NA,NA,NA
"Zn",2.17735844364325,248182.394734328,197315.958166512,NA,NA,NA
"Zn",2.20023590094476,245121.868192808,194809.257658033,NA,NA,NA
"Zn",2.22311335824627,242094.994284396,192397.258844038,NA,NA,NA
"Zn",2.24599081554778,239095.677702474,190047.618268664,NA,NA,NA
"Zn",2.26886827284929,236066.749327948,187667.878972525,NA,NA,NA
"Zn",2.29174573015079,233077.602663254,185346.559357865,NA,NA,NA
"Zn",2.3146231874523,230126.593490506,183093.309239263,NA,NA,NA
"Zn",2.33750064475381,227222.462290931,180865.401063228,NA,NA,NA
"Zn",2.36037810205532,224385.946985948,178555.859249925,NA,NA,NA
"Zn",2.38325555935682,221540.512258957,176260.336985528,NA,NA,NA
"Zn",2.40613301665833,218775.067875298,173992.834478156,NA,NA,NA
"Zn",2.42901047395984,216040.745874366,171769.877507753,NA,NA,NA
"Zn",2.45188793126135,213344.263651665,169624.968833121,NA,NA,NA
"Zn",2.47476538856286,210683.48419161,167506.051821955,NA,NA,NA
"Zn",2.49764284586436,207990.444130816,165412.884513621,NA,NA,NA
"Zn",2.52052030316587,205385.810721318,163321.84172008,NA,NA,NA
"Zn",2.54339776046738,202809.918366074,161244.044348734,NA,NA,NA
"Zn",2.56627521776889,200248.559761896,159191.749397225,NA,NA,NA
"Zn",2.5891526750704,197741.100002538,157164.711937129,NA,NA,NA
"Zn",2.6120301323719,195261.194238976,155163.943042973,NA,NA,NA
"Zn",2.63490758967341,192810.344878901,153188.29317827,NA,NA,NA
"Zn",2.65778504697492,190403.362249473,151237.273202929,NA,NA,NA
"Zn",2.68066250427643,188008.338403667,149310.607386368,NA,NA,NA
"Zn",2.70353996157794,185659.660796257,147404.17768825,NA,NA,NA
"Zn",2.72641741887944,183312.508325436,145456.590755645,NA,NA,NA
"Zn",2.74929487618095,180983.927551966,143631.352983708,NA,NA,NA
"Zn",2.77217233348246,178689.960946126,141841.1508231,NA,NA,NA
"Zn",2.79504979078397,176434.869986331,140036.057313329,NA,NA,NA
"Zn",2.81792724808548,174205.617077342,138282.672390044,NA,NA,NA
"Zn",2.84080470538698,172003.309780295,136549.977853329,NA,NA,NA
"Zn",2.86368216268849,169843.403362827,134837.889186297,NA,NA,NA
"Zn",2.88655961999,167694.441171824,133146.707787361,NA,NA,NA
"Zn",2.90943707729151,165592.058822745,131475.61507164,NA,NA,NA
"Zn",2.93231453459302,163506.606016322,129824.417727501,NA,NA,NA
"Zn",2.95519199189452,161445.11850308,128192.923203834,NA,NA,NA
"Zn",2.97806944919603,159401.376683741,126581.335956999,NA,NA,NA
"Zn",3.00094690649754,157380.877614988,124953.691813316,NA,NA,NA
"Zn",3.02382436379905,155374.039019449,123362.524806648,NA,NA,NA
"Zn",3.04670182110055,153390.035730073,121789.458198762,NA,NA,NA
"Zn",3.06957927840206,151460.821802801,120260.944051561,NA,NA,NA
"Zn",3.09245673570357,149539.071581404,118752.292221288,NA,NA,NA
"Zn",3.11533419300508,147652.422331993,117262.878831982,NA,NA,NA
"Zn",3.13821165030659,145738.106768581,115782.143262512,NA,NA,NA
"Zn",3.16108910760809,143879.433886237,114308.790917657,NA,NA,NA
"Zn",3.1839665649096,142062.44029189,112825.964461999,NA,NA,NA
"Zn",3.20684402221111,140268.570876669,111411.48558121,NA,NA,NA
"Zn",3.22972147951262,138469.0842613,110014.169442655,NA,NA,NA
"Zn",3.25259893681413,136696.051128471,108633.840232451,NA,NA,NA
"Zn",3.27547639411563,134964.061825084,107270.323200224,NA,NA,NA
"Zn",3.29835385141714,133256.134438697,105923.973937541,NA,NA,NA
"Zn",3.32123130871865,131570.03007381,104594.45177136,NA,NA,NA
"Zn",3.34410876602016,129903.706086089,103272.895215223,NA,NA,NA
"Zn",3.36698622332167,128235.453841684,101927.271119673,NA,NA,NA
"Zn",3.38986368062317,126591.66490784,100664.296132671,NA,NA,NA
"Zn",3.41274113792468,124997.800373326,99362.865244545,NA,NA,NA
"Zn",3.43561859522619,123431.000341249,98079.3144595187,NA,NA,NA
"Zn",3.4584960525277,121871.72867186,96813.4201579607,NA,NA,NA
"Zn",3.48137350982921,120315.206322794,95565.9556048957,NA,NA,NA
"Zn",3.50425096713071,118787.883068668,94336.7224230237,NA,NA,NA
"Zn",3.52712842443222,117301.303668318,93183.6043648058,NA,NA,NA
"Zn",3.55000588173373,115826.307469467,92051.0404707165,NA,NA,NA
"Zn",3.57288333903524,114378.473957521,90900.7518922777,NA,NA,NA
"Zn",3.59576079633674,112968.410374066,89746.1099257461,NA,NA,NA
"Zn",3.61863825363825,111564.647340011,88607.0084951187,NA,NA,NA
"Zn",3.64151571093976,110149.54690295,87482.3076274576,NA,NA,NA
"Zn",3.66439316824127,108729.801297713,86371.8479010536,NA,NA,NA
"Zn",3.68727062554278,107383.971606831,85299.6164755887,NA,NA,NA
"Zn",3.71014808284428,106011.897161102,84278.7187684259,NA,NA,NA
"Zn",3.73302554014579,104642.623075409,83241.3104589562,NA,NA,NA
"Zn",3.7559029974473,103341.178820127,82201.3698542276,NA,NA,NA
"Zn",3.77878045474881,102038.618827796,81200.9676632652,NA,NA,NA
"Zn",3.80165791205032,100802.828886839,80190.1592057302,NA,NA,NA
"Zn",3.82453536935182,99572.9070097317,79180.9031985571,NA,NA,NA
"Zn",3.84741282665333,98326.294532374,78184.4749301883,NA,NA,NA
"Zn",3.87029028395484,97090.0549020878,77184.8371306668,NA,NA,NA
"Zn",3.89316774125635,95878.2239314756,76189.4236515166,NA,NA,NA
"Zn",3.91604519855786,94682.4673188063,75207.5680795144,NA,NA,NA
"Zn",3.93892265585936,93504.4725509419,74239.1005488232,NA,NA,NA
"Zn",3.96180011316087,92334.0920249236,73283.8828782089,NA,NA,NA
"Zn",3.98467757046238,91187.0963034794,72341.871839952,NA,NA,NA
"Zn",4.00755502776389,90050.9300302401,71413.1696016584,NA,NA,NA
"Zn",4.0304324850654,88947.8308803839,70498.4246217929,NA,NA,NA
"Zn",4.0533099423669,87829.5759928985,69657.7170897993,NA,NA,NA
"Zn",4.07618739966841,86759.2986437996,68841.9962348901,NA,NA,NA
"Zn",4.09906485696992,85685.3477959997,68032.4766228206,NA,NA,NA
"Zn",4.12194231427143,84631.5492559788,67180.1352159713,NA,NA,NA
"Zn",4.14481977157293,83600.4644588664,66338.8960195046,NA,NA,NA
"Zn",4.16769722887444,82577.9464850134,65507.2416839299,NA,NA,NA
"Zn",4.19057468617595,81574.9499126788,64682.1624741635,NA,NA,NA
"Zn",4.21345214347746,80579.7577666678,63867.8006483358,NA,NA,NA
"Zn",4.23632960077897,79575.5659149813,63063.360040712,NA,NA,NA
"Zn",4.25920705808047,78582.9426039967,62271.5494928507,NA,NA,NA
"Zn",4.28208451538198,77617.4454150993,61505.3485342198,NA,NA,NA
"Zn",4.30496197268349,76668.5079036856,60744.7768833127,NA,NA,NA
"Zn",4.327839429985,75730.8164387952,59986.6293178102,NA,NA,NA
"Zn",4.35071688728651,74824.762566656,59271.8533973443,NA,NA,NA
"Zn",4.37359434458801,73934.3464679166,58524.2736220925,NA,NA,NA
"Zn",4.39647180188952,73014.3445591876,57771.7771160274,NA,NA,NA
"Zn",4.41934925919103,72123.0429093876,57058.6038773965,NA,NA,NA
"Zn",4.44222671649254,71266.7123291822,56342.8491065452,NA,NA,NA
"Zn",4.46510417379405,70376.7048312439,55641.8681244225,NA,NA,NA
"Zn",4.48798163109555,69534.7878748863,54969.045421199,NA,NA,NA
"Zn",4.51085908839706,68686.9453160103,54292.2606979034,NA,NA,NA
"Zn",4.53373654569857,67861.2757044754,53603.0317328093,NA,NA,NA
"Zn",4.55661400300008,67020.1429979154,52999.5390967123,NA,NA,NA
"Zn",4.57949146030159,66217.5870337236,52370.7202069798,NA,NA,NA
"Zn",4.60236891760309,65424.2459269454,51718.4358720435,NA,NA,NA
"Zn",4.6252463749046,64658.1682295169,51107.0870526,NA,NA,NA
"Zn",4.64812383220611,63879.1620703214,50470.6276073471,NA,NA,NA
"Zn",4.67100128950762,63110.3222433486,49865.3822155824,NA,NA,NA
"Zn",4.69387874680913,62365.5284413973,49282.2059813638,NA,NA,NA
"Zn",4.71675620411063,61617.7774287481,48711.4382646893,NA,NA,NA
"Zn",4.73963366141214,60882.8742546212,48148.4857059873,NA,NA,NA
"Zn",4.76251111871365,60156.4398941583,47588.6224292182,NA,NA,NA
"Zn",4.78538857601516,59435.7049945128,47025.9888263122,NA,NA,NA
"Zn",4.80826603331666,58749.8090847985,46450.1105024113,NA,NA,NA
"Zn",4.83114349061817,58058.9098524688,45847.0802924051,NA,NA,NA
"Zn",4.85402094791968,57359.9721555582,45239.1992567309,NA,NA,NA
"Zn",4.87689840522119,56689.2498875012,44642.5531908281,NA,NA,NA
"Zn",4.8997758625227,56006.5777020463,44067.4792510949,NA,NA,NA
"Zn",4.9226533198242,55339.8963700379,43555.7511375703,NA,NA,NA
"Zn",4.94553077712571,54696.441124795,43019.7195645611,NA,NA,NA
"Zn",4.96840823442722,54056.671625252,42464.2818267798,NA,NA,NA
"Zn",4.99128569172873,53440.1493498931,41923.1751715363,NA,NA,NA
"Zn",5.01416314903024,52814.0208759026,41432.0462118029,NA,NA,NA
"Zn",5.03704060633174,52204.0503868739,40976.9471410734,NA,NA,NA
"Zn",5.05991806363325,51586.8048435198,40527.9047084872,NA,NA,NA
"Zn",5.08279552093476,50986.5298447328,40071.035386503,NA,NA,NA
"Zn",5.10567297823627,50401.3786824304,39590.4695332246,NA,NA,NA
"Zn",5.12855043553778,49832.4766856889,39129.4281010845,NA,NA,NA
"Zn",5.15142789283928,49268.5695805271,38643.4516520373,NA,NA,NA
"Zn",5.17430535014079,48694.9858042586,38195.3143753553,NA,NA,NA
"Zn",5.1971828074423,48137.1519854805,37747.7718032763,NA,NA,NA
"Zn",5.22006026474381,47590.6101275826,37322.9369550946,NA,NA,NA
"Zn",5.24293772204532,47046.3492064906,36903.9309226932,NA,NA,NA
"Zn",5.26581517934682,46514.9715237467,36491.2700986354,NA,NA,NA
"Zn",5.28869263664833,45990.5701164191,36084.2670486354,NA,NA,NA
"Zn",5.31157009394984,45462.9639276819,35676.6053852895,NA,NA,NA
"Zn",5.33444755125135,44951.8759150476,35241.9783845739,NA,NA,NA
"Zn",5.35732500855285,44455.6460536667,34833.1473282529,NA,NA,NA
"Zn",5.38020246585436,43947.041095218,34447.7959323823,NA,NA,NA
"Zn",5.40307992315587,43444.6451630857,34068.2033208104,NA,NA,NA
"Zn",5.42595738045738,42937.6158468842,33699.6608511761,NA,NA,NA
"Zn",5.44883483775889,42464.7322277608,33343.4862128621,NA,NA,NA
"Zn",5.47171229506039,42001.6419696691,32980.2155998689,NA,NA,NA
"Zn",5.4945897523619,41535.4297140124,32600.9333311979,NA,NA,NA
"Zn",5.51746720966341,41081.6775902937,32235.8528762555,NA,NA,NA
"Zn",5.54034466696492,40627.2816804434,31866.2427132225,NA,NA,NA
"Zn",5.56322212426643,40194.5103285581,31501.5801736852,NA,NA,NA
"Zn",5.58609958156793,39772.412687451,31131.6913239705,NA,NA,NA
"Zn",5.60897703886944,39339.5586581951,30766.5055035529,NA,NA,NA
"Zn",5.63185449617095,38911.34087047,30403.7011336889,NA,NA,NA
"Zn",5.65473195347246,38486.5711651777,30058.3509304145,NA,NA,NA
"Zn",5.67760941077397,38063.4863956394,29758.0585079545,NA,NA,NA
"Zn",5.70048686807547,37659.1698935989,29426.4045895205,NA,NA,NA
"Zn",5.72336432537698,37250.0039209586,29074.1677908481,NA,NA,NA
"Zn",5.74624178267849,36844.8857755137,28727.0139195874,NA,NA,NA
"Zn",5.76911923998,36448.3355476756,28384.8751216527,NA,NA,NA
"Zn",5.79199669728151,36059.7232999996,28071.5361268306,NA,NA,NA
"Zn",5.81487415458301,35672.7402719442,27795.2307742961,NA,NA,NA
"Zn",5.83775161188452,35299.7693231916,27476.8639694333,NA,NA,NA
"Zn",5.86062906918603,34919.8846344554,27159.0980546312,NA,NA,NA
"Zn",5.88350652648754,34549.7639045802,26846.4732291908,NA,NA,NA
"Zn",5.90638398378905,34185.0744470548,26571.6137835433,NA,NA,NA
"Zn",5.92926144109055,33825.134321114,26304.0064773955,NA,NA,NA
"Zn",5.95213889839206,33469.5926514751,26041.0636418728,NA,NA,NA
"Zn",5.97501635569357,33124.3062146119,25781.6262413125,NA,NA,NA
"Zn",5.99789381299508,32777.2305169913,25498.450858498,NA,NA,NA
"Zn",6.02077127029658,32434.8065223865,25231.1772648399,NA,NA,NA
"Zn",6.04364872759809,32108.4568901283,24987.4601168349,NA,NA,NA
"Zn",6.0665261848996,31776.9834224968,24713.7913510168,NA,NA,NA
"Zn",6.08940364220111,31451.2228285118,24426.6148574759,NA,NA,NA
"Zn",6.11228109950262,31138.1700896706,24143.9444162922,NA,NA,NA
"Zn",6.13515855680413,30826.2937063072,23891.2365851949,NA,NA,NA
"Zn",6.15803601410563,30517.8645374582,23649.6783982111,NA,NA,NA
"Zn",6.18091347140714,30210.8768175604,23410.9640640557,NA,NA,NA
"Zn",6.20379092870865,29906.4853564493,23175.0186159004,NA,NA,NA
"Zn",6.22666838601016,29607.5579188235,22940.7064973241,NA,NA,NA
"Zn",6.24954584331166,29317.1489130184,22679.401115128,NA,NA,NA
"Zn",6.27242330061317,29031.4814301766,22435.4442404729,NA,NA,NA
"Zn",6.29530075791468,28746.0728169848,22202.1364843572,NA,NA,NA
"Zn",6.31817821521619,28473.8772201004,21972.1633075777,NA,NA,NA
"Zn",6.3410556725177,28188.3905406754,21756.7611878129,NA,NA,NA
"Zn",6.3639331298192,27913.7602356235,21545.0342861807,NA,NA,NA
"Zn",6.38681058712071,27642.687514978,21326.5109499204,NA,NA,NA
"Zn",6.40968804442222,27377.9842457088,21112.1050175177,NA,NA,NA
"Zn",6.43256550172373,27116.6138151226,20913.3250210579,NA,NA,NA
"Zn",6.45544295902524,26857.993043758,20714.9239309929,NA,NA,NA
"Zn",6.47832041632674,26596.1493360496,20503.1548165159,NA,NA,NA
"Zn",6.50119787362825,26339.627247582,20308.8717953694,NA,NA,NA
"Zn",6.52407533092976,26089.8703093025,20113.6245319401,NA,NA,NA
"Zn",6.54695278823127,25841.7435306767,19916.0262969129,NA,NA,NA
"Zn",6.56983024553278,25598.3111418568,19721.2777301768,NA,NA,NA
"Zn",6.59270770283428,25353.1364159152,19529.296032365,NA,NA,NA
"Zn",6.61558516013579,25116.8025543946,19333.6935436034,NA,NA,NA
"Zn",6.6384626174373,24881.5128076111,19137.3134905754,NA,NA,NA
"Zn",6.66134007473881,24653.7163261273,18938.5653049497,NA,NA,NA
"Zn",6.68421753204032,24426.7017818979,18754.9014233334,NA,NA,NA
"Zn",6.70709498934182,24205.71162327,18569.3258654617,NA,NA,NA
"Zn",6.72997244664333,23987.3486248266,18385.1777537338,NA,NA,NA
"Zn",6.75284990394484,23769.172405066,18211.6404076225,NA,NA,NA
"Zn",6.77572736124635,23558.7601229181,18047.282494731,NA,NA,NA
"Zn",6.79860481854785,23348.6496610357,17871.1139225919,NA,NA,NA
"Zn",6.82148227584936,23139.0664033664,17693.9629736817,NA,NA,NA
"Zn",6.84435973315087,22929.6982915134,17509.7339971626,NA,NA,NA
"Zn",6.86723719045238,22726.8993758769,17343.7544936614,NA,NA,NA
"Zn",6.89011464775389,22527.9806492526,17197.0672472436,NA,NA,NA
"Zn",6.91299210505539,22325.1314870706,17055.3530428601,NA,NA,NA
"Zn",6.9358695623569,22130.471005703,16916.0757054874,NA,NA,NA
"Zn",6.95874701965841,21937.3654753998,16755.7265377518,NA,NA,NA
"Zn",6.98162447695992,21746.4021621838,16599.7731733632,NA,NA,NA
"Zn",7.00450193426143,21556.2382846972,16436.9602289314,NA,NA,NA
"Zn",7.02737939156293,21378.5640834225,16277.1022385639,NA,NA,NA
"Zn",7.05025684886444,21197.6357850224,16137.5440747472,NA,NA,NA
"Zn",7.07313430616595,21018.645740366,16004.915624667,NA,NA,NA
"Zn",7.09601176346746,20844.6770254577,15874.2709624715,NA,NA,NA
"Zn",7.11888922076897,20671.6154201407,15733.7581497302,NA,NA,NA
"Zn",7.14176667807047,20492.7946438627,15592.2463021983,NA,NA,NA
"Zn",7.16464413537198,20322.3383425505,15452.8069920191,NA,NA,NA
"Zn",7.18752159267349,20153.016716337,15315.4099976718,NA,NA,NA
"Zn",7.210399049975,19987.8241903705,15182.7875535255,NA,NA,NA
"Zn",7.23327650727651,19825.9577314901,15051.0847321515,NA,NA,NA
"Zn",7.25615396457801,19668.4950103264,14914.4166900385,NA,NA,NA
"Zn",7.27903142187952,19511.2101415139,14800.5504787872,NA,NA,NA
"Zn",7.30190887918103,19354.5011642863,14682.4928100676,NA,NA,NA
"Zn",7.32478633648254,19203.9370087922,14556.012583355,NA,NA,NA
"Zn",7.34766379378405,19048.7566079337,14434.7871835387,NA,NA,NA
"Zn",7.37054125108555,18896.4461692377,14315.2250534241,NA,NA,NA
"Zn",7.39341870838706,18746.642610915,14194.4411005124,NA,NA,NA
"Zn",7.41629616568857,18599.5155176449,14075.6999707205,NA,NA,NA
"Zn",7.43917362299008,18451.7705132661,13961.3007607192,NA,NA,NA
"Zn",7.46205108029158,18309.6824157251,13848.245412546,NA,NA,NA
"Zn",7.48492853759309,18169.5128079169,13731.4910959409,NA,NA,NA
"Zn",7.5078059948946,18034.3254799924,13623.0066629186,NA,NA,NA
"Zn",7.53068345219611,17895.7317922851,13519.5757219972,NA,NA,NA
"Zn",7.55356090949762,17764.6350637923,13417.5049480488,NA,NA,NA
"Zn",7.57643836679912,17628.9994750779,13316.8037466817,NA,NA,NA
"Zn",7.59931582410063,17499.9392984537,13217.515131916,NA,NA,NA
"Zn",7.62219328140214,17371.2550803924,13119.5313122199,NA,NA,NA
"Zn",7.64507073870365,17246.1055543994,13022.8345616582,NA,NA,NA
"Zn",7.66794819600516,17120.727375476,12927.4073993638,NA,NA,NA
"Zn",7.69082565330666,17000.2879889652,12833.2325861632,NA,NA,NA
"Zn",7.71370311060817,16879.9071347057,12738.2625730993,NA,NA,NA
"Zn",7.73658056790968,16761.9381533097,12633.2505170837,NA,NA,NA
"Zn",7.75945802521119,16648.9549273088,12543.3646497341,NA,NA,NA
"Zn",7.7823354825127,16533.1170996544,12452.1828872402,NA,NA,NA
"Zn",7.8052129398142,16416.2944607181,12365.7392921314,NA,NA,NA
"Zn",7.82809039711571,16303.5284965743,12281.0648207395,NA,NA,NA
"Zn",7.85096785441722,16192.4587225867,12197.0150534708,NA,NA,NA
"Zn",7.87384531171873,16080.0867769851,12115.679776462,NA,NA,NA
"Zn",7.89672276902024,15971.6694832409,12028.3519957151,NA,NA,NA
"Zn",7.91960022632174,15860.0606364737,11940.9976991131,NA,NA,NA
"Zn",7.94247768362325,15753.4317359564,11858.2104279201,NA,NA,NA
"Zn",7.96535514092476,15648.8579176383,11776.9049760578,NA,NA,NA
"Zn",7.98823259822627,15548.6693636475,11693.9508558696,NA,NA,NA
"Zn",8.01111005552777,15445.7592180917,11608.4662145151,NA,NA,NA
"Zn",8.03398751282928,15343.9553015979,11537.21868217,NA,NA,NA
"Zn",8.05686497013079,15241.5104564108,11456.279401989,NA,NA,NA
"Zn",8.0797424274323,15141.8650076143,11379.8117265097,NA,NA,NA
"Zn",8.10261988473381,15045.9276714374,11304.9789176291,NA,NA,NA
"Zn",8.12549734203531,14948.0684781954,11233.048526308,NA,NA,NA
"Zn",8.14837479933682,14854.8868384813,11162.5218674909,NA,NA,NA
"Zn",8.17125225663833,14763.0885059975,11093.6614492974,NA,NA,NA
"Zn",8.19412971393984,14670.3487763764,11024.1418776673,NA,NA,NA
"Zn",8.21700717124135,14577.5985050469,10956.8336534733,NA,NA,NA
"Zn",8.23988462854286,14488.8440106073,10889.303333152,NA,NA,NA
"Zn",8.26276208584436,14398.5244954257,10822.7855001612,NA,NA,NA
"Zn",8.28563954314587,14312.9027448583,10757.1332955695,NA,NA,NA
"Zn",8.30851700044738,14227.6218235291,10692.3348916105,NA,NA,NA
"Zn",8.33139445774889,14141.3223378224,10628.3786277713,NA,NA,NA
"Zn",8.35427191505039,14054.7348195765,10560.2352278463,NA,NA,NA
"Zn",8.3771493723519,13969.8092142103,10495.6930723426,NA,NA,NA
"Zn",8.40002682965341,13888.3941528028,10440.0107960742,NA,NA,NA
"Zn",8.42290428695492,13808.4436529744,10378.5156060559,NA,NA,NA
"Zn",8.44578174425643,13730.8613530608,10321.0803472615,NA,NA,NA
"Zn",8.46865920155793,13653.7979822808,10261.9288737488,NA,NA,NA
"Zn",8.49153665885944,13577.764934741,10198.5466623352,NA,NA,NA
"Zn",8.51441411616095,13498.5730732142,10138.1959066246,NA,NA,NA
"Zn",8.53729157346246,13422.1525879494,10083.7611439708,NA,NA,NA
"Zn",8.56016903076397,13347.3010464608,10028.7150899053,NA,NA,NA
"Zn",8.58304648806547,13277.6477884261,9969.10113105266,NA,NA,NA
"Zn",8.60592394536698,13204.622016067,9912.04471602616,NA,NA,NA
"Zn",8.62880140266849,13132.814903089,9856.05712815701,NA,NA,NA
"Zn",8.65167885997,13061.8202379838,9798.57782939058,NA,NA,NA
"Zn",8.67455631727151,12993.8789805088,9741.55539249028,NA,NA,NA
"Zn",8.69743377457301,12927.2542226136,9686.79276409407,NA,NA,NA
"Zn",8.72031123187452,12855.9067311851,9632.81318973861,NA,NA,NA
"Zn",8.74318868917603,12787.545326354,9581.15839661613,NA,NA,NA
"Zn",8.76606614647754,12722.1296007731,9534.5158788725,NA,NA,NA
"Zn",8.78894360377904,12655.742184883,9483.75807163199,NA,NA,NA
"Zn",8.81182106108055,12592.162556226,9440.58082748274,NA,NA,NA
"Zn",8.83469851838206,12530.4613224588,9394.63455669542,NA,NA,NA
"Zn",8.85757597568357,12464.2661642831,9345.9818963753,NA,NA,NA
"Zn",8.88045343298508,12404.011907354,9295.42711760901,NA,NA,NA
"Zn",8.90333089028658,12346.1179108045,9242.85551400887,NA,NA,NA
"Zn",8.92620834758809,12290.2195451828,9194.21820200517,NA,NA,NA
"Zn",8.9490858048896,12231.7305319434,9157.00151372957,NA,NA,NA
"Zn",8.97196326219111,12172.8927339801,9101.39613271034,NA,NA,NA
"Zn",8.99484071949262,12115.2728192246,9056.60908520122,NA,NA,NA
"Zn",9.01771817679412,12057.0722512499,9012.24361028542,NA,NA,NA
"Zn",9.04059563409563,11996.0938622832,8962.41600015379,NA,NA,NA
"Zn",9.06347309139714,11943.8078168739,8925.73643690324,NA,NA,NA
"Zn",9.08635054869865,11894.3656566408,8882.74401204877,NA,NA,NA
"Zn",9.10922800600015,11840.7925047282,8833.96614926062,NA,NA,NA
"Zn",9.13210546330166,11789.0830716018,8792.63915175715,NA,NA,NA
"Zn",9.15498292060317,11738.7223406738,8751.94993123619,NA,NA,NA
"Zn",9.17786037790468,11678.7605178112,8707.86949719552,NA,NA,NA
"Zn",9.20073783520619,11627.3667907737,8664.44462899733,NA,NA,NA
"Zn",9.2236152925077,11575.615299641,8625.69311489901,NA,NA,NA
"Zn",9.2464927498092,11526.9261229398,8596.23621030463,NA,NA,NA
"Zn",9.26937020711071,11482.0643273261,8551.87661002306,NA,NA,NA
"Zn",9.29224766441222,11438.9353435145,8516.05136498909,NA,NA,NA
"Zn",9.31512512171373,11394.3199258976,8483.62459598837,NA,NA,NA
"Zn",9.33800257901524,11350.4782602448,8451.9383050981,NA,NA,NA
"Zn",9.36088003631674,11299.5899699055,8419.05888274046,NA,NA,NA
"Zn",9.38375749361825,11253.8324686428,8384.2294828818,NA,NA,NA
"Zn",9.40663495091976,11207.9903297123,8349.45289211422,NA,NA,NA
"Zn",9.42951240822127,11165.5551745865,8315.22944062473,NA,NA,NA
"Zn",9.45238986552278,11118.3256801906,8281.69745667714,NA,NA,NA
"Zn",9.47526732282428,11073.9168420506,8248.15100075987,NA,NA,NA
"Zn",9.49814478012579,11025.6823362325,8213.05185050066,NA,NA,NA
"Zn",9.5210222374273,10983.5151226404,8179.51356682826,NA,NA,NA
"Zn",9.54389969472881,10939.8390568916,8148.86318943161,NA,NA,NA
"Zn",9.56677715203031,10897.1599965046,8115.67160529834,NA,NA,NA
"Zn",9.58965460933182,10854.1098210213,8081.03188428348,NA,NA,NA
"Zn",9.61253206663333,10810.0576839678,8046.82154494685,NA,NA,NA
"Zn",9.63540952393484,10769.715268715,8018.8614801851,NA,NA,NA
"Zn",9.65828698123635,10729.3310428794,7987.04829504768,NA,NA,NA
"Zn",9.68116443853785,10689.2455792279,7950.02429404602,NA,NA,NA
"Zn",9.70404189583936,10648.7839595806,7918.78478945179,NA,NA,NA
"Zn",9.72691935314087,10613.4070169124,7892.06223065238,NA,NA,NA
"Zn",9.74979681044238,10575.0837450539,7865.80782451093,NA,NA,NA
"Zn",9.77267426774389,10540.9512657112,7839.73578264055,NA,NA,NA
"Zn",9.79555172504539,10502.3247678388,7814.16134903424,NA,NA,NA
"Zn",9.8184291823469,10464.5071073097,7788.74992157059,NA,NA,NA
"Zn",9.84130663964841,10427.2897320499,7759.55482912466,NA,NA,NA
"Zn",9.86418409694992,10393.9959257894,7730.36897063691,NA,NA,NA
"Zn",9.88706155425143,10356.9321685325,7701.49748007207,NA,NA,NA
"Zn",9.90993901155293,10323.9119111657,7677.4189738991,NA,NA,NA
"Zn",9.93281646885444,10288.362014637,7652.50175996144,NA,NA,NA
"Zn",9.95569392615595,10257.8059857472,7627.18504917655,NA,NA,NA
"Zn",9.97857138345746,10224.6460849129,7601.23915340957,NA,NA,NA
"Zn",10.001448840759,10192.1278496211,7578.49646079962,NA,NA,NA
"Zn",10.0243262980605,10159.3282576972,7554.07850303921,NA,NA,NA
"Zn",10.047203755362,10129.109180792,7527.95031697719,NA,NA,NA
"Zn",10.0700812126635,10099.5705823435,7501.19139088006,NA,NA,NA
"Zn",10.092958669965,10066.9454191072,7474.76077072394,NA,NA,NA
"Zn",10.1158361272665,10032.940671155,7445.95472136221,NA,NA,NA
"Zn",10.138713584568,9999.82211816611,7423.05738328547,NA,NA,NA
"Zn",10.1615910418695,9969.47487149703,7397.71070948365,NA,NA,NA
"Zn",10.184468499171,9940.21676405894,7372.71397581496,NA,NA,NA
"Zn",10.2073459564725,9912.65838343306,7350.18577531239,NA,NA,NA
"Zn",10.230223413774,9881.9338758667,7327.37168847109,NA,NA,NA
"Zn",10.2531008710756,9856.39311158128,7301.24395203468,NA,NA,NA
"Zn",10.2759783283771,9829.40668697891,7276.14126809292,NA,NA,NA
"Zn",10.2988557856786,9800.38082414228,7252.79868947564,NA,NA,NA
"Zn",10.3217332429801,9771.61337117885,7233.99518061149,NA,NA,NA
"Zn",10.3446107002816,9744.42189300714,7210.61782911771,NA,NA,NA
"Zn",10.3674881575831,9717.63948286101,7186.4664165405,NA,NA,NA
"Zn",10.3903656148846,9691.47003825435,7169.4472363694,NA,NA,NA
"Zn",10.4132430721861,9663.48990730117,7146.2407723208,NA,NA,NA
"Zn",10.4361205294876,9636.80417727326,7128.73555418371,NA,NA,NA
"Zn",10.4589979867891,9608.26296452684,7113.98322185976,NA,NA,NA
"Zn",10.4818754440906,9582.82119325141,7087.52979493845,NA,NA,NA
"Zn",10.5047529013921,9558.81342844653,7064.68531779299,NA,NA,NA
"Zn",10.5276303586936,9534.79429631116,7041.80649108338,NA,NA,NA
"Zn",10.5505078159952,9508.28660626733,7023.31790603509,NA,NA,NA
"Zn",10.5733852732967,9484.92989801256,7006.66136279581,NA,NA,NA
"Zn",10.5962627305982,9461.70341078239,6992.23038143842,NA,NA,NA
"Zn",10.6191401878997,9439.49387579074,6977.45763450514,NA,NA,NA
"Zn",10.6420176452012,9415.50087640028,6959.05243151984,NA,NA,NA
"Zn",10.6648951025027,9392.42487013401,6940.9028241339,NA,NA,NA
"Zn",10.6877725598042,9369.86114926746,6923.3072500858,NA,NA,NA
"Zn",10.7106500171057,9348.21033539588,6907.59379000838,NA,NA,NA
"Zn",10.7335274744072,9327.14946081446,6892.14430165775,NA,NA,NA
"Zn",10.7564049317087,9303.01159209085,6877.2724998306,NA,NA,NA
"Zn",10.7792823890102,9279.37514880125,6860.52497876976,NA,NA,NA
"Zn",10.8021598463117,9259.98006628946,6844.53112313692,NA,NA,NA
"Zn",10.8250373036133,9241.02928169541,6833.49954197857,NA,NA,NA
"Zn",10.8479147609148,9221.609660642,6823.14729160709,NA,NA,NA
"Zn",10.8707922182163,9202.33653501713,6811.8612268263,NA,NA,NA
"Zn",10.8936696755178,9183.09739005898,6802.06588717777,NA,NA,NA
"Zn",10.9165471328193,9164.90076423305,6790.52477651197,NA,NA,NA
"Zn",10.9394245901208,9144.21924210097,6778.69788603994,NA,NA,NA
"Zn",10.9623020474223,9123.97764156769,6767.03441263429,NA,NA,NA
"Zn",10.9851795047238,9104.4608009049,6752.42526118855,NA,NA,NA
"Zn",11.0080569620253,9084.10881682819,6738.34330422604,NA,NA,NA
"Zn",11.0309344193268,9065.47081343798,6726.03827870496,NA,NA,NA
"Zn",11.0538118766283,9046.69610797582,6707.90169480004,NA,NA,NA
"Zn",11.0766893339298,9030.06510426795,6693.48887534841,NA,NA,NA
"Zn",11.0995667912313,9011.71355803561,6680.84247242814,NA,NA,NA
"Zn",11.1224442485329,8996.83815574339,6668.33815099641,NA,NA,NA
"Zn",11.1453217058344,8976.25567635839,6651.05109138622,NA,NA,NA
"Zn",11.1681991631359,8957.98780284223,6634.01616816878,NA,NA,NA
"Zn",11.1910766204374,8939.96601563652,6623.66075801009,NA,NA,NA
"Zn",11.2139540777389,8921.48884948455,6610.44490684531,NA,NA,NA
"Zn",11.2368315350404,8909.48645393382,6598.84889185235,NA,NA,NA
"Zn",11.2597089923419,8891.41537250638,6587.40516995842,NA,NA,NA
"Zn",11.2825864496434,8875.7819034287,6575.07042297698,NA,NA,NA
"Zn",11.3054639069449,8859.44903129244,6558.15943010486,NA,NA,NA
"Zn",11.3283413642464,8843.73610310596,6545.42230541704,NA,NA,NA
"Zn",11.3512188215479,8830.37959976232,6529.78931783669,NA,NA,NA
"Zn",11.3740962788494,8816.71979502225,6520.49585237283,NA,NA,NA
"Zn",11.3969737361509,8802.90159084407,6507.93568020966,NA,NA,NA
"Zn",11.4198511934525,8788.14445849516,6494.61838734822,NA,NA,NA
"Zn",11.442728650754,8772.83491051201,6481.46947031917,NA,NA,NA
"Zn",11.4656061080555,8759.91603821456,6468.48672302475,NA,NA,NA
"Zn",11.488483565357,8746.27921950277,6455.66796912198,NA,NA,NA
"Zn",11.5113610226585,8731.64132540715,6443.01106161268,NA,NA,NA
"Zn",11.53423847996,8716.76754531342,6430.51388243897,NA,NA,NA
"Zn",11.5571159372615,8703.38752035923,6420.33926148825,NA,NA,NA
"Zn",11.579993394563,8689.82637152031,6410.69669405388,NA,NA,NA
"Zn",11.6028708518645,8676.17907827285,6401.13558137482,NA,NA,NA
"Zn",11.625748309166,8661.11902888981,6391.44556183447,NA,NA,NA
"Zn",11.6486257664675,8647.24654941636,6382.1605668293,NA,NA,NA
"Zn",11.671503223769,8634.05668123269,6373.77798502988,NA,NA,NA
"Zn",11.6943806810706,8622.83871914212,6365.50291645982,NA,NA,NA
"Zn",11.7172581383721,8609.70974542842,6354.98451885911,NA,NA,NA
"Zn",11.7401355956736,8596.48022274177,6346.18361649412,NA,NA,NA
"Zn",11.7630130529751,8583.98669984426,6337.51746510774,NA,NA,NA
"Zn",11.7858905102766,8572.50977083074,6328.98403983205,NA,NA,NA
"Zn",11.8087679675781,8560.35848848401,6320.58134550891,NA,NA,NA
"Zn",11.8316454248796,8549.23539352963,6312.307416267,NA,NA,NA
"Zn",11.8545228821811,8539.83449632182,6304.16658120426,NA,NA,NA
"Zn",11.8774003394826,8528.3199077449,6296.22874497637,NA,NA,NA
"Zn",11.9002777967841,8516.76267378309,6286.60141900717,NA,NA,NA
"Zn",11.9231552540856,8507.6072100211,6276.82327722479,NA,NA,NA
"Zn",11.9460327113871,8497.03503437647,6270.94569438992,NA,NA,NA
"Zn",11.9689101686886,8484.86370976623,6260.85947954206,NA,NA,NA
"Zn",11.9917876259902,8475.95144906542,6249.52386411175,NA,NA,NA
"Zn",12.0146650832917,8465.66467493542,6238.37746617527,NA,NA,NA
"Zn",12.0375425405932,8454.99589917834,6227.36457629782,NA,NA,NA
"Zn",12.0604199978947,8443.54684015504,6216.47749445872,NA,NA,NA
"Zn",12.0832974551962,8432.24029867405,6205.71468561787,NA,NA,NA
"Zn",12.1061749124977,8421.29413339778,6196.55914101006,NA,NA,NA
"Zn",12.1290523697992,8411.7530358419,6184.43418002781,NA,NA,NA
"Zn",12.1519298271007,8402.0846305423,6173.95095789345,NA,NA,NA
"Zn",12.1748072844022,8390.71768385051,6165.00149641024,NA,NA,NA
"Zn",12.1976847417037,8379.93870573486,6157.50543130853,NA,NA,NA
"Zn",12.2205621990052,8368.28095829297,6147.63318156484,NA,NA,NA
"Zn",12.2434396563067,8356.97513511526,6139.00558838655,NA,NA,NA
"Zn",12.2663171136083,8345.66424872096,6132.95015247225,NA,NA,NA
"Zn",12.2891945709098,8334.04467683153,6125.27534129339,NA,NA,NA
"Zn",12.3120720282113,8326.19584959079,6118.47410914489,NA,NA,NA
"Zn",12.3349494855128,8314.06376477883,6111.76447359045,NA,NA,NA
"Zn",12.3578269428143,8303.19695336976,6098.81305599885,NA,NA,NA
"Zn",12.3807044001158,8292.83554694066,6084.41228262856,NA,NA,NA
"Zn",12.4035818574173,8283.44489105578,6074.85161825985,NA,NA,NA
"Zn",12.4264593147188,8276.83151755818,6065.92576604414,NA,NA,NA
"Zn",12.4493367720203,8267.93977260334,6058.54731715543,NA,NA,NA
"Zn",12.4722142293218,8258.38029526819,6051.49482890935,NA,NA,NA
"Zn",12.4950916866233,8248.37956015542,6048.598805328,NA,NA,NA
"Zn",12.5179691439248,8242.43289637576,6045.80636451601,NA,NA,NA
"Zn",12.5408466012263,8235.21237207814,6041.30525976155,NA,NA,NA
"Zn",12.5637240585279,8228.31663059053,6034.38755982498,NA,NA,NA
"Zn",12.5866015158294,8219.88901478027,6030.38404786295,NA,NA,NA
"Zn",12.6094789731309,8209.36737660315,6026.84981034323,NA,NA,NA
"Zn",12.6323564304324,8202.06630772471,6020.56038757048,NA,NA,NA
"Zn",12.6552338877339,8192.73870704603,6011.54902636274,NA,NA,NA
"Zn",12.6781113450354,8185.88777911047,6001.4464364405,NA,NA,NA
"Zn",12.7009888023369,8179.20847839688,5993.94058702728,NA,NA,NA
"Zn",12.7238662596384,8171.63445964245,5985.18045192057,NA,NA,NA
"Zn",12.7467437169399,8165.33881929264,5976.64641384711,NA,NA,NA
"Zn",12.7696211742414,8158.64028430371,5970.95069592323,NA,NA,NA
"Zn",12.7924986315429,8151.74019770308,5968.41396359987,NA,NA,NA
"Zn",12.8153760888444,8145.71919464799,5965.95184935117,NA,NA,NA
"Zn",12.8382535461459,8136.68321081079,5963.53182686568,NA,NA,NA
"Zn",12.8611310034475,8127.00680353916,5957.9271069317,NA,NA,NA
"Zn",12.884008460749,8118.92885567021,5953.9824676871,NA,NA,NA
"Zn",12.9068859180505,8110.22689462169,5951.3750278624,NA,NA,NA
"Zn",12.929763375352,8102.64963508493,5948.81017842891,NA,NA,NA
"Zn",12.9526408326535,8096.51942983913,5946.28722357952,NA,NA,NA
"Zn",12.975518289955,8089.06558383838,5940.66861133198,NA,NA,NA
"Zn",12.9983957472565,8083.30171139848,5934.63370776954,NA,NA,NA
"Zn",13.021273204558,8079.08789426878,5928.663456963,NA,NA,NA
"Zn",13.0441506618595,8072.38590853965,5922.77663821063,NA,NA,NA
"Zn",13.067028119161,8066.9800883701,5916.99516048354,NA,NA,NA
"Zn",13.0899055764625,8061.79119958227,5911.22812418204,NA,NA,NA
"Zn",13.112783033764,8057.02656583017,5901.74884417175,NA,NA,NA
"Zn",13.1356604910656,8049.42953778813,5892.35902871542,NA,NA,NA
"Zn",13.1585379483671,8044.46782399091,5883.93851337457,NA,NA,NA
"Zn",13.1814154056686,8037.69189696518,5881.2047672183,NA,NA,NA
"Zn",13.2042928629701,8030.28735645878,5878.51462846761,NA,NA,NA
"Zn",13.2271703202716,8024.2969993475,5875.89808966591,NA,NA,NA
"Zn",13.2500477775731,8019.225175396,5872.3577222827,NA,NA,NA
"Zn",13.2729252348746,8014.70425445954,5867.05153408229,NA,NA,NA
"Zn",13.2958026921761,8007.77494722184,5861.80165348668,NA,NA,NA
"Zn",13.3186801494776,8002.42521065848,5856.60743885086,NA,NA,NA
"Zn",13.3415576067791,7996.38370598886,5851.4682563142,NA,NA,NA
"Zn",13.3644350640806,7991.70516351526,5846.40990773913,NA,NA,NA
"Zn",13.3873125213821,7987.12014489839,5841.41579200058,NA,NA,NA
"Zn",13.4101899786836,7980.33314448402,5836.47467621869,NA,NA,NA
"Zn",13.4330674359852,7975.51947112899,5829.24101081763,NA,NA,NA
"Zn",13.4559448932867,7972.2174284929,5821.38013545229,NA,NA,NA
"Zn",13.4788223505882,7967.33169105849,5813.61783891763,NA,NA,NA
"Zn",13.5016998078897,7961.80816317478,5806.55174797836,NA,NA,NA
"Zn",13.5245772651912,7957.19132320024,5800.53933098687,NA,NA,NA
"Zn",13.5474547224927,7952.8783833072,5794.5459939476,NA,NA,NA
"Zn",13.5703321797942,7947.46340760356,5790.43541213364,NA,NA,NA
"Zn",13.5932096370957,7942.6237094412,5786.40174391874,NA,NA,NA
"Zn",13.6160870943972,7937.70031000202,5782.5167796581,NA,NA,NA
"Zn",13.6389645516987,7933.00589889554,5778.67852432741,NA,NA,NA
"Zn",13.6618420090002,7927.86816497665,5773.55992932269,NA,NA,NA
"Zn",13.6847194663017,7921.86126956059,5766.9656484058,NA,NA,NA
"Zn",13.7075969236032,7916.75229607318,5764.56622044385,NA,NA,NA
"Zn",13.7304743809048,7912.43183711468,5760.00363227877,NA,NA,NA
"Zn",13.7533518382063,7907.72074738026,5753.71909420881,NA,NA,NA
"Zn",13.7762292955078,7903.86785481332,5752.60090424132,NA,NA,NA
"Zn",13.7991067528093,7901.36033449506,5750.11434226264,NA,NA,NA
"Zn",13.8219842101108,7899.54707732092,5745.18909596327,NA,NA,NA
"Zn",13.8448616674123,7893.57244591171,5740.31302899994,NA,NA,NA
"Zn",13.8677391247138,7888.92183857058,5735.48560530195,NA,NA,NA
"Zn",13.8906165820153,7884.88924762299,5730.70629510724,NA,NA,NA
"Zn",13.9134940393168,7880.15310550714,5727.42461631499,NA,NA,NA
"Zn",13.9363714966183,7875.32692440375,5724.51842557386,NA,NA,NA
"Zn",13.9592489539198,7873.18528767266,5721.74037738496,NA,NA,NA
"Zn",13.9821264112213,7870.30303245002,5719.243693508,NA,NA,NA
"Zn",14.0050038685229,7865.19553304314,5718.28815598436,NA,NA,NA
"Zn",14.0278813258244,7861.04909909582,5714.78756380145,NA,NA,NA
"Zn",14.0507587831259,7858.58975147541,5710.80868075027,NA,NA,NA
"Zn",14.0736362404274,7854.39223173282,5708.15995919393,NA,NA,NA
"Zn",14.0965136977289,7851.21690557728,5705.50220227832,NA,NA,NA
"Zn",14.1193911550304,7848.2081107286,5702.81098454323,NA,NA,NA
"Zn",14.1422686123319,7845.5543678683,5700.15336716257,NA,NA,NA
"Zn",14.1651460696334,7842.42258708399,5697.57127527181,NA,NA,NA
"Zn",14.1880235269349,7840.23441917836,5694.07560610757,NA,NA,NA
"Zn",14.2109009842364,7837.7164333381,5690.1755479199,NA,NA,NA
"Zn",14.2337784415379,7834.2177095009,5686.31812587079,NA,NA,NA
"Zn",14.2566558988394,7830.9638344964,5682.50284408973,NA,NA,NA
"Zn",14.2795333561409,7827.1656257329,5678.72921280003,NA,NA,NA
"Zn",14.3024108134425,7823.90979346276,5674.99674824019,NA,NA,NA
"Zn",14.325288270744,7820.28433984401,5671.34330954311,NA,NA,NA
"Zn",14.3481657280455,7815.81849101935,5667.7515458266,NA,NA,NA
"Zn",14.371043185347,7812.73381864172,5664.19908288587,NA,NA,NA
"Zn",14.3939206426485,7807.62493630493,5660.68546359687,NA,NA,NA
"Zn",14.41679809995,7803.48297178182,5657.21023645047,NA,NA,NA
"Zn",14.4396755572515,7799.49246180607,5653.77295548005,NA,NA,NA
"Zn",14.462553014553,7796.3279420938,5650.37318019013,NA,NA,NA
"Zn",14.4854304718545,7794.05342992398,5647.01047548589,NA,NA,NA
"Zn",14.508307929156,7791.65462396257,5643.68441160369,NA,NA,NA
"Zn",14.5311853864575,7789.11847142907,5640.39456404246,NA,NA,NA
"Zn",14.554062843759,7786.50372160605,5637.15527732562,NA,NA,NA
"Zn",14.5769403010606,7784.53870314988,5633.95819138477,NA,NA,NA
"Zn",14.5998177583621,7782.32817230608,5630.79585172263,NA,NA,NA
"Zn",14.6226952156636,7779.25347812087,5627.66785667708,NA,NA,NA
"Zn",14.6455726729651,7777.70859258104,5624.57380949227,NA,NA,NA
"Zn",14.6684501302666,7776.14278803198,5622.52731263491,NA,NA,NA
"Zn",14.6913275875681,7772.67721104922,5621.33924591833,NA,NA,NA
"Zn",14.7142050448696,7769.63779609372,5618.11056241533,NA,NA,NA
"Zn",14.7370825021711,7767.346482221,5614.90961725981,NA,NA,NA
"Zn",14.7599599594726,7763.42092340573,5611.75735747319,NA,NA,NA
"Zn",14.7828374167741,7759.74664073835,5608.64728160275,NA,NA,NA
"Zn",14.8057148740756,7756.75130473003,5606.31692969559,NA,NA,NA
"Zn",14.8285923313771,7753.78683474381,5604.46501215522,NA,NA,NA
"Zn",14.8514697886786,7751.08568678065,5602.68910425894,NA,NA,NA
"Zn",14.8743472459802,7748.557172534,5600.92425689307,NA,NA,NA
"Zn",14.8972247032817,7746.18118670675,5599.13051458485,NA,NA,NA
"Zn",14.9201021605832,7742.57653280763,5597.35822132108,NA,NA,NA
"Zn",14.9429796178847,7740.03656541445,5595.60710909705,NA,NA,NA
"Zn",14.9658570751862,7736.8539160173,5593.87691338887,NA,NA,NA
"Zn",14.9887345324877,7734.38977264173,5592.06748283352,NA,NA,NA
"Zn",15.0116119897892,7731.14199126868,5589.63431701015,NA,NA,NA
"Zn",15.0344894470907,7728.44037952237,5587.13720302084,NA,NA,NA
"Zn",15.0573669043922,7725.76638548376,5584.425155757,NA,NA,NA
"Zn",15.0802443616937,7722.74388865811,5581.74088876929,NA,NA,NA
"Zn",15.1031218189952,7719.95566259807,5579.08409765084,NA,NA,NA
"Zn",15.1259992762967,7717.29968878719,5576.45448153805,NA,NA,NA
"Zn",15.1488767335983,7715.11630009021,5573.8517430671,NA,NA,NA
"Zn",15.1717541908998,7712.73470112016,5571.27558833098,NA,NA,NA
"Zn",15.1946316482013,7710.37963932558,5569.14130389923,NA,NA,NA
"Zn",15.2175091055028,7708.04624276017,5566.1463448489,NA,NA,NA
"Zn",15.2403865628043,7705.47623214523,5563.53594639231,NA,NA,NA
"Zn",15.2632640201058,7702.90719144358,5561.00150793532,NA,NA,NA
"Zn",15.2861414774073,7700.73775689289,5558.54637560022,NA,NA,NA
"Zn",15.3090189347088,7698.96051749495,5556.11622027926,NA,NA,NA
"Zn",15.3318963920103,7696.74817143281,5553.71077011272,NA,NA,NA
"Zn",15.3547738493118,7694.94777108073,5551.32975638464,NA,NA,NA
"Zn",15.3776513066133,7692.49138411426,5547.97109157998,NA,NA,NA
"Zn",15.4005287639148,7690.17904753167,5545.52955359381,NA,NA,NA
"Zn",15.4234062212163,7687.82267046788,5543.81910459595,NA,NA,NA
"Zn",15.4462836785179,7686.22569712509,5541.82074113168,NA,NA,NA
"Zn",15.4691611358194,7685.08986778106,5539.54374721014,NA,NA,NA
"Zn",15.4920385931209,7682.24514951737,5537.28975453386,NA,NA,NA
"Zn",15.5149160504224,7679.75364312126,5535.08330478193,NA,NA,NA
"Zn",15.5377935077239,7677.25399868049,5532.92038443539,NA,NA,NA
"Zn",15.5606709650254,7674.64695675411,5530.77929185602,NA,NA,NA
"Zn",15.5835484223269,7672.20477953317,5528.65979097978,NA,NA,NA
"Zn",15.6064258796284,7670.09527149852,5527.19494425385,NA,NA,NA
"Zn",15.6293033369299,7667.98870724049,5526.92882382464,NA,NA,NA
"Zn",15.6521807942314,7665.85672849192,5526.66717012659,NA,NA,NA
"Zn",15.6750582515329,7663.4513583397,5525.7966941945,NA,NA,NA
"Zn",15.6979357088344,7661.53322647133,5522.87440693854,NA,NA,NA
"Zn",15.7208131661359,7659.39102536038,5519.97969800401,NA,NA,NA
"Zn",15.7436906234375,7657.75644725014,5517.11228577391,NA,NA,NA
"Zn",15.766568080739,7655.90659255995,5514.27189171668,NA,NA,NA
"Zn",15.7894455380405,7654.04860371648,5511.45824035023,NA,NA,NA
"Zn",15.812322995342,7652.2607059504,5508.67105920636,NA,NA,NA
"Zn",15.8352004526435,7650.46555843805,5506.22302096591,NA,NA,NA
"Zn",15.858077909945,7649.19233294549,5504.28079821621,NA,NA,NA
"Zn",15.8809553672465,7648.35197967371,5502.35789596845,NA,NA,NA
"Zn",15.903832824548,7647.64185420864,5500.45410831305,NA,NA,NA
"Zn",15.9267102818495,7645.72968199315,5498.56923167528,NA,NA,NA
"Zn",15.949587739151,7644.55010215018,5496.70306478725,NA,NA,NA
"Zn",15.9724651964525,7643.85654259837,5494.8554086603,NA,NA,NA
"Zn",15.995342653754,7642.59631109297,5493.04685950085,NA,NA,NA
"Zn",16.0182201110556,7640.905444868,5491.25869429252,NA,NA,NA
"Zn",16.0410975683571,7639.86667486194,5489.48828507815,NA,NA,NA
"Zn",16.0639750256586,7638.96635468114,5487.73544302805,NA,NA,NA
"Zn",16.0868524829601,7637.99117234454,5486.00602399644,NA,NA,NA
"Zn",16.1097299402616,7635.99488437191,5484.29633929338,NA,NA,NA
"Zn",16.1326073975631,7634.10971655645,5482.60357796724,NA,NA,NA
"Zn",16.1554848548646,7631.51601851853,5480.9275605927,NA,NA,NA
"Zn",16.1783623121661,7629.10304490967,5479.26810976817,NA,NA,NA
"Zn",16.2012397694676,7626.75729195581,5477.62505009166,NA,NA,NA
"Zn",16.2241172267691,7625.03414814449,5475.99820813693,NA,NA,NA
"Zn",16.2469946840706,7623.53849017042,5474.38741242999,NA,NA,NA
"Zn",16.2698721413721,7622.0199201167,5472.79249342584,NA,NA,NA
"Zn",16.2927495986736,7620.5495399229,5471.21328348554,NA,NA,NA
"Zn",16.3156270559752,7619.21211646234,5469.77426867594,NA,NA,NA
"Zn",16.3385045132767,7617.98771238281,5468.52991674798,NA,NA,NA
"Zn",16.3613819705782,7616.57802419421,5466.52389473603,NA,NA,NA
"Zn",16.3842594278797,7615.5027771198,5464.96458671676,NA,NA,NA
"Zn",16.4071368851812,7614.43983662827,5463.45104473908,NA,NA,NA
"Zn",16.4300143424827,7613.38905554318,5461.96528196352,NA,NA,NA
"Zn",16.4528917997842,7612.07702160371,5460.49409323181,NA,NA,NA
"Zn",16.4757692570857,7610.81602599512,5459.03732537114,NA,NA,NA
"Zn",16.4986467143872,7609.87523159712,5457.66447463693,NA,NA,NA
"Zn",16.5215241716887,7608.95965308103,5456.71810170922,NA,NA,NA
"Zn",16.5444016289902,7607.64285842165,5455.78186732058,NA,NA,NA
"Zn",16.5672790862917,7606.66257874517,5454.77751116058,NA,NA,NA
"Zn",16.5901565435932,7605.37636507865,5452.16185597558,NA,NA,NA
"Zn",16.6130340008948,7603.77677478711,5450.50233532558,NA,NA,NA
"Zn",16.6359114581963,7602.71592690257,5449.11273570224,NA,NA,NA
"Zn",16.6587889154978,7601.18681776595,5447.75686557992,NA,NA,NA
"Zn",16.6816663727993,7600.19965386568,5446.41419416133,NA,NA,NA
"Zn",16.7045438301008,7598.97959710629,5445.08458374227,NA,NA,NA
"Zn",16.7274212874023,7597.46301932444,5443.76789814804,NA,NA,NA
"Zn",16.7502987447038,7596.29399091735,5442.46400271542,NA,NA,NA
"Zn",16.7731762020053,7594.78821348707,5440.32564791714,NA,NA,NA
"Zn",16.7960536593068,7592.47727736125,5439.00966244686,NA,NA,NA
"Zn",16.8189311166083,7590.95457821257,5437.81701006888,NA,NA,NA
"Zn",16.8418085739098,7590.08729581694,5436.67789542248,NA,NA,NA
"Zn",16.8646860312113,7589.229150176,5435.56982538892,NA,NA,NA
"Zn",16.8875634885129,7588.38003868942,5434.47298634674,NA,NA,NA
"Zn",16.9104409458144,7586.88336500125,5433.6231253462,NA,NA,NA
"Zn",16.9333184031159,7585.56185891629,5432.47761042048,NA,NA,NA
"Zn",16.9561958604174,7584.34871934143,5431.28300737789,NA,NA,NA
"Zn",16.9790733177189,7583.044572294,5430.11842889948,NA,NA,NA
"Zn",17.0019507750204,7581.85425356861,5429.05019872645,NA,NA,NA
"Zn",17.0248282323219,7581.0260515707,5427.99272178824,NA,NA,NA
"Zn",17.0477056896234,7579.72100612874,5426.94588257183,NA,NA,NA
"Zn",17.0705831469249,7578.4820730327,5425.90956688025,NA,NA,NA
"Zn",17.0934606042264,7577.22785996464,5424.88366181678,NA,NA,NA
"Zn",17.1163380615279,7576.1773382398,5423.86805576936,NA,NA,NA
"Zn",17.1392155188294,7575.09119689432,5422.86263839513,NA,NA,NA
"Zn",17.1620929761309,7574.16328719388,5421.86730060525,NA,NA,NA
"Zn",17.1849704334325,7573.67421944533,5420.88193454982,NA,NA,NA
"Zn",17.207847890734,7573.00495840206,5419.90643360308,NA,NA,NA
"Zn",17.2307253480355,7572.02748301868,5418.44040381741,NA,NA,NA
"Zn",17.253602805337,7571.20918927082,5416.75523213801,NA,NA,NA
"Zn",17.2764802626385,7570.67475187242,5415.06662693992,NA,NA,NA
"Zn",17.29935771994,7570.24962354652,5413.3909398521,NA,NA,NA
"Zn",17.3222351772415,7569.79930949237,5411.72988257877,NA,NA,NA
"Zn",17.345112634543,7568.70283243523,5410.08331670161,NA,NA,NA
"Zn",17.3679900918445,7567.61706163729,5408.45110520986,NA,NA,NA
"Zn",17.390867549146,7566.54188510779,5406.83311248509,NA,NA,NA
"Zn",17.4137450064475,7565.93935599588,5405.22920428607,NA,NA,NA
"Zn",17.436622463749,7565.48595577807,5403.63924773384,NA,NA,NA
"Zn",17.4594999210506,7564.88120258621,5402.06311129698,NA,NA,NA
"Zn",17.4823773783521,7563.61030734009,5400.50066477702,NA,NA,NA
"Zn",17.5052548356536,7562.86693264146,5398.95177929401,NA,NA,NA
"Zn",17.5281322929551,7562.25148454638,5397.41632727225,NA,NA,NA
"Zn",17.5510097502566,7561.44988330936,5395.89418242626,NA,NA,NA
"Zn",17.5738872075581,7560.55284520182,5394.38521974677,NA,NA,NA
"Zn",17.5967646648596,7559.69340400758,5392.88931548704,NA,NA,NA
"Zn",17.6196421221611,7558.87111508046,5391.40634714919,NA,NA,NA
"Zn",17.6425195794626,7558.14688610742,5389.93619347075,NA,NA,NA
"Zn",17.6653970367641,7557.53276808639,5388.47873441137,NA,NA,NA
"Zn",17.6882744940656,7556.79120462474,5387.05206056231,NA,NA,NA
"Zn",17.7111519513671,7556.32396213771,5385.6471606308,NA,NA,NA
"Zn",17.7340294086686,7555.72912872592,5384.25443503947,NA,NA,NA
"Zn",17.7569068659702,7555.00699924787,5383.21762002621,NA,NA,NA
"Zn",17.7797843232717,7554.1488411983,5382.71281922376,NA,NA,NA
"Zn",17.8026617805732,7553.29891398127,5382.21340818819,NA,NA,NA
"Zn",17.8255392378747,7552.45713292531,5381.71932618714,NA,NA,NA
"Zn",17.8484166951762,7551.73384769774,5381.23051320642,NA,NA,NA
"Zn",17.8712941524777,7550.88359532885,5380.74690994119,NA,NA,NA
"Zn",17.8941716097792,7550.46641591062,5380.26845778715,NA,NA,NA
"Zn",17.9170490670807,7549.84227765175,5379.79509883191,NA,NA,NA
"Zn",17.9399265243822,7549.2244329585,5379.02610626093,NA,NA,NA
"Zn",17.9628039816837,7548.61281416555,5377.77533225583,NA,NA,NA
"Zn",17.9856814389852,7547.83239039042,5376.49557555995,NA,NA,NA
"Zn",18.0085588962867,7546.51316723508,5374.97947637936,NA,NA,NA
"Zn",18.0314363535883,7545.12736988064,5373.4753250551,NA,NA,NA
"Zn",18.0543138108898,7544.29426913444,5371.9830170639,NA,NA,NA
"Zn",18.0771912681913,7543.86294847426,5370.50244888529,NA,NA,NA
"Zn",18.1000687254928,7543.51134575347,5369.03351799115,NA,NA,NA
"Zn",18.1229461827943,7542.98512503327,5367.57612283537,NA,NA,NA
"Zn",18.1458236400958,7542.49687476453,5366.13016284368,NA,NA,NA
"Zn",18.1687010973973,7542.06172858562,5364.69553840349,NA,NA,NA
"Zn",18.1915785546988,7540.9766418011,5363.27215085395,NA,NA,NA
"Zn",18.2144560120003,7540.05774165461,5361.85990247605,NA,NA,NA
"Zn",18.2373334693018,7539.51554283507,5360.95192620203,NA,NA,NA
"Zn",18.2602109266033,7538.84928270733,5360.19066365562,NA,NA,NA
"Zn",18.2830883839048,7538.05675707702,5359.44228288427,NA,NA,NA
"Zn",18.3059658412063,7537.27113084127,5358.72022692784,NA,NA,NA
"Zn",18.3288432985079,7536.58013228346,5358.00458972002,NA,NA,NA
"Zn",18.3517207558094,7535.89896135096,5357.29530941346,NA,NA,NA
"Zn",18.3745982131109,7535.23729412974,5356.59232480154,NA,NA,NA
"Zn",18.3974756704124,7534.23681199294,5355.98473573715,NA,NA,NA
"Zn",18.4203531277139,7533.73197562988,5355.18216102623,NA,NA,NA
"Zn",18.4432305850154,7533.26089253957,5354.47945619392,NA,NA,NA
"Zn",18.4661080423169,7532.79457764529,5353.78292613272,NA,NA,NA
"Zn",18.4889854996184,7532.33297966224,5353.09251194441,NA,NA,NA
"Zn",18.5118629569199,7531.33369701401,5352.40815533546,NA,NA,NA
"Zn",18.5347404142214,7530.8405742704,5351.72979861042,NA,NA,NA
"Zn",18.5576178715229,7530.4422274222,5351.05738466533,NA,NA,NA
"Zn",18.5804953288244,7530.06439084222,5350.39085698126,NA,NA,NA
"Zn",18.6033727861259,7529.39145946859,5349.73015961791,NA,NA,NA
"Zn",18.6262502434275,7528.91832381432,5349.07523720726,NA,NA,NA
"Zn",18.649127700729,7528.4500500857,5348.42603494733,NA,NA,NA
"Zn",18.6720051580305,7527.74231953923,5347.78249859597,NA,NA,NA
"Zn",18.694882615332,7527.45288809008,5347.14457446479,NA,NA,NA
"Zn",18.7177600726335,7527.07387631093,5346.51220941308,NA,NA,NA
"Zn",18.740637529935,7526.62452911293,5345.88535084184,NA,NA,NA
"Zn",18.7635149872365,7526.02824091229,5345.2639466879,NA,NA,NA
"Zn",18.786392444538,7525.55888254709,5344.64794541808,NA,NA,NA
"Zn",18.8092699018395,7525.30391466039,5343.90716691138,NA,NA,NA
"Zn",18.832147359141,7524.87268815133,5342.97431572359,NA,NA,NA
"Zn",18.8550248164425,7524.46667485168,5342.04872996658,NA,NA,NA
"Zn",18.877902273744,7524.20693438032,5341.13034678874,NA,NA,NA
"Zn",18.9007797310456,7523.60526997097,5340.21910393513,NA,NA,NA
"Zn",18.9236571883471,7523.29695686779,5339.31935889072,NA,NA,NA
"Zn",18.9465346456486,7522.7817400265,5338.43400523442,NA,NA,NA
"Zn",18.9694121029501,7522.3762617983,5337.5555412452,NA,NA,NA
"Zn",18.9922895602516,7522.07403399998,5336.68390737578,NA,NA,NA
"Zn",19.0151670175531,7521.78347968905,5335.81904464355,NA,NA,NA
"Zn",19.0380444748546,7521.42046326382,5334.96089462482,NA,NA,NA
"Zn",19.0609219321561,7520.88094809489,5334.10939944901,NA,NA,NA
"Zn",19.0837993894576,7520.56884455164,5333.26450179297,NA,NA,NA
"Zn",19.1066768467591,7520.21235832771,5332.42614487538,NA,NA,NA
"Zn",19.1295543040606,7519.8173038871,5331.59427245118,NA,NA,NA
"Zn",19.1524317613621,7519.42600832657,5330.76882880603,NA,NA,NA
"Zn",19.1753092186636,7519.1723831621,5329.94975875092,NA,NA,NA
"Zn",19.1981866759652,7518.96762238735,5329.13700761675,NA,NA,NA
"Zn",19.2210641332667,7518.76483737332,5328.35943578317,NA,NA,NA
"Zn",19.2439415905682,7518.56400722206,5327.97486184223,NA,NA,NA
"Zn",19.2668190478697,7518.03150990163,5327.5939282886,NA,NA,NA
"Zn",19.2896965051712,7517.49521534226,5327.21659830546,NA,NA,NA
"Zn",19.3125739624727,7516.97048287662,5326.84283547117,NA,NA,NA
"Zn",19.3354514197742,7516.4531250831,5326.47509161522,NA,NA,NA
"Zn",19.3583288770757,7516.05390474398,5326.12105751981,NA,NA,NA
"Zn",19.3812063343772,7515.70662553454,5325.77040290207,NA,NA,NA
"Zn",19.4040837916787,7515.35920555558,5325.42309341701,NA,NA,NA
"Zn",19.4269612489802,7515.01015122673,5325.07909508924,NA,NA,NA
"Zn",19.4498387062817,7514.66438997457,5324.73837430882,NA,NA,NA
"Zn",19.4727161635833,7514.32188860389,5324.40089782705,NA,NA,NA
"Zn",19.4955936208848,7513.98261427496,5324.06663275246,NA,NA,NA
"Zn",19.5184710781863,7513.64653449943,5323.73554654669,NA,NA,NA
"Zn",19.5413485354878,7513.31361713643,5323.40760702054,NA,NA,NA
"Zn",19.5642259927893,7512.98383038858,5323.08278233,NA,NA,NA
"Zn",19.5871034500908,7512.65714279816,5322.76104097238,NA,NA,NA
"Zn",19.6099809073923,7512.33352324323,5322.44235178241,NA,NA,NA
"Zn",19.6328583646938,7512.0129409339,5322.12668392845,NA,NA,NA
"Zn",19.6557358219953,7511.5598003786,5321.81400690875,NA,NA,NA
"Zn",19.6786132792968,7511.08829423335,5321.50429054768,NA,NA,NA
"Zn",19.7014907365983,7510.62076829052,5321.19750499209,NA,NA,NA
"Zn",19.7243681938998,7510.15718590679,5320.89362070768,NA,NA,NA
"Zn",19.7472456512013,7509.81927057351,5320.59260847538,NA,NA,NA
"Zn",19.7701231085029,7509.54359637757,5320.29443938785,NA,NA,NA
"Zn",19.7930005658044,7509.20543672796,5319.99908484592,NA,NA,NA
"Zn",19.8158780231059,7508.93636593454,5319.70651655516,NA,NA,NA
"Zn",19.8387554804074,7508.83852389942,5319.41670652246,NA,NA,NA
"Zn",19.8616329377089,7508.60186590347,5319.12962705262,NA,NA,NA
"Zn",19.8845103950104,7508.27234972547,5318.84525074504,NA,NA,NA
"Zn",19.9073878523119,7507.94584321859,5318.56355049039,NA,NA,NA
"Zn",19.9302653096134,7507.69264040605,5318.28449946737,NA,NA,NA
"Zn",19.9531427669149,7507.45177101585,5318.00807113945,NA,NA,NA
"Zn",19.9760202242164,7507.21318800339,5317.73140597501,NA,NA,NA
"Zn",19.9988976815179,7506.9768681992,5317.44952128474,NA,NA,NA
"Zn",20.0217751388194,7506.74278868293,5317.17025004649,NA,NA,NA
"Zn",20.0446525961209,7506.51092678055,5316.89356636139,NA,NA,NA
"Zn",20.0675300534225,7506.28126006152,5316.61944460311,NA,NA,NA
"Zn",20.090407510724,7506.05376633607,5316.34785941483,NA,NA,NA
"Zn",20.1132849680255,7505.82842365244,5316.07878570626,NA,NA,NA
"Zn",20.136162425327,7505.60521029422,5315.82261619623,NA,NA,NA
"Zn",20.1590398826285,7505.38410477764,5315.57274635169,NA,NA,NA
"Zn",20.18191733993,7505.15556050099,5315.32521115775,NA,NA,NA
"Zn",20.2047947972315,7504.90180127599,5315.07998736563,NA,NA,NA
"Zn",20.227672254533,7504.65038389067,5314.83705197196,NA,NA,NA
"Zn",20.2505497118345,7504.40128523937,5314.59638221608,NA,NA,NA
"Zn",20.273427169136,7504.04391845455,5313.6521398052,NA,NA,NA
"Zn",20.2963046264375,7503.6046798082,5313.52182247931,NA,NA,NA
"Zn",20.319182083739,7503.16894952188,5313.46958048984,NA,NA,NA
"Zn",20.3420595410406,7502.73669676627,5313.4178416034,NA,NA,NA
"Zn",20.3649369983421,7502.30789100659,5313.2414101508,NA,NA,NA
"Zn",20.3878144556436,7501.88250199954,5312.88887621749,NA,NA,NA
"Zn",20.4106919129451,7501.46775934382,5312.53920484098,NA,NA,NA
"Zn",20.4335693702466,7501.20294625546,5312.19237057828,NA,NA,NA
"Zn",20.4564468275481,7500.94051522761,5311.85654532572,NA,NA,NA
"Zn",20.4793242848496,7500.68044333963,5311.52813266449,NA,NA,NA
"Zn",20.5022017421511,7500.42270790542,5311.20242549787,NA,NA,NA
"Zn",20.5250791994526,7500.03988976621,5310.87939960171,NA,NA,NA
"Zn",20.5479566567541,7499.52110494486,5310.55903098565,NA,NA,NA
"Zn",20.5708341140556,7499.00608987971,5310.24129589075,NA,NA,NA
"Zn",20.5937115713571,7498.49481366951,5309.92617078704,NA,NA,NA
"Zn",20.6165890286586,7498.05105572776,5309.61363237122,NA,NA,NA
"Zn",20.6394664859602,7497.87588375399,5309.30365756427,NA,NA,NA
"Zn",20.6623439432617,7497.70239098746,5308.99622350917,NA,NA,NA
"Zn",20.6852214005632,7497.53056018243,5308.69130756859,NA,NA,NA
"Zn",20.7080988578647,7497.36037428137,5308.38888732266,NA,NA,NA
"Zn",20.7309763151662,7497.19181641282,5308.08894056672,NA,NA,NA
"Zn",20.7538537724677,7497.02486988926,5307.79144530909,NA,NA,NA
"Zn",20.7767312297692,7496.85951820496,5307.4963797689,NA,NA,NA
"Zn",20.7996086870707,7496.69574503393,5307.20372237394,NA,NA,NA
"Zn",20.8224861443722,7496.53353422781,5306.91345175849,NA,NA,NA
"Zn",20.8453636016737,7496.40955141748,5306.62554676123,NA,NA,NA
"Zn",20.8682410589752,7496.21882152578,5306.33998642312,NA,NA,NA
"Zn",20.8911185162767,7496.01030555647,5306.05674998536,NA,NA,NA
"Zn",20.9139959735782,7495.8036290224,5305.77581688731,NA,NA,NA
"Zn",20.9368734308798,7495.59877442405,5305.49716676449,NA,NA,NA
"Zn",20.9597508881813,7495.39572444004,5305.22077944657,NA,NA,NA
"Zn",20.9826283454828,7495.19446192515,5304.94663495537,NA,NA,NA
"Zn",21.0055058027843,7494.99496990845,5304.67471350293,NA,NA,NA
"Zn",21.0283832600858,7494.79723159143,5304.40499548955,NA,NA,NA
"Zn",21.0512607173873,7494.60123034609,5304.13746150186,NA,NA,NA
"Zn",21.0741381746888,7494.40694971316,5303.87209231097,NA,NA,NA
"Zn",21.0970156319903,7494.21437340023,5303.60886887053,NA,NA,NA
"Zn",21.1198930892918,7494.02348527998,5303.34777231494,NA,NA,NA
"Zn",21.1427705465933,7493.83426938839,5303.08878395745,NA,NA,NA
"Zn",21.1656480038948,7493.64670992298,5302.83188528839,NA,NA,NA
"Zn",21.1885254611963,7493.46079124111,5302.57705797335,NA,NA,NA
"Zn",21.2114029184979,7492.99467441304,5302.32428385141,NA,NA,NA
"Zn",21.2342803757994,7492.51078018009,5302.07354493338,NA,NA,NA
"Zn",21.2571578331009,7492.38358241178,5301.82482340006,NA,NA,NA
"Zn",21.2800352904024,7492.25748049072,5301.57810160054,NA,NA,NA
"Zn",21.3029127477039,7492.13246408574,5301.33336205045,NA,NA,NA
"Zn",21.3257902050054,7492.00852297133,5301.09058743033,NA,NA,NA
"Zn",21.3486676623069,7491.88564702654,5300.84976058391,NA,NA,NA
"Zn",21.3715451196084,7491.76382623373,5300.61086451653,NA,NA,NA
"Zn",21.3944225769099,7491.64305067753,5300.37388239345,NA,NA,NA
"Zn",21.4173000342114,7491.52331054366,5300.13879753825,NA,NA,NA
"Zn",21.4401774915129,7491.40459611785,5299.90559343128,NA,NA,NA
"Zn",21.4630549488144,7491.28689778471,5299.67425370801,NA,NA,NA
"Zn",21.4859324061159,7491.17020602671,5299.44476215752,NA,NA,NA
"Zn",21.5088098634175,7491.02181805548,5299.21710272096,NA,NA,NA
"Zn",21.531687320719,7490.85873758326,5298.99125948997,NA,NA,NA
"Zn",21.5545647780205,7490.69706800193,5298.76721670523,NA,NA,NA
"Zn",21.577442235322,7490.53679613798,5298.54495875492,NA,NA,NA
"Zn",21.6003196926235,7490.37872405659,5298.32447017327,NA,NA,NA
"Zn",21.623197149925,7490.29810761781,5298.10573563907,NA,NA,NA
"Zn",21.6460746072265,7490.2182941462,5297.88873997426,NA,NA,NA
"Zn",21.668952064528,7490.13927517685,5297.67346814243,NA,NA,NA
"Zn",21.6918295218295,7490.06104233878,5297.4599052475,NA,NA,NA
"Zn",21.714706979131,7489.98358735387,5297.24803653223,NA,NA,NA
"Zn",21.7375844364325,7489.90690203576,5297.03784737688,NA,NA,NA
"Zn",21.760461893734,7489.83097828878,5296.82932329782,NA,NA,NA
"Zn",21.7833393510356,7489.75580810691,5296.62244994617,NA,NA,NA
"Zn",21.8062168083371,7489.68138357276,5296.41721310649,NA,NA,NA
"Zn",21.8290942656386,7489.60769685648,5296.12812586563,NA,NA,NA
"Zn",21.8519717229401,7489.53474021482,5295.77916657163,NA,NA,NA
"Zn",21.8748491802416,7489.46250599008,5295.43264602122,NA,NA,NA
"Zn",21.8977266375431,7489.39098660911,5295.08854529269,NA,NA,NA
"Zn",21.9206040948446,7489.32017458239,5294.74684562547,NA,NA,NA
"Zn",21.9434815521461,7489.25006250299,5294.40752841862,NA,NA,NA
"Zn",21.9663590094476,7489.18064304568,5294.07057522936,NA,NA,NA
"Zn",21.9892364667491,7489.11190896593,5293.73596777161,NA,NA,NA
"Zn",22.0121139240506,7488.98647149125,5293.40368791452,NA,NA,NA
"Zn",22.0349913813521,7488.81026141807,5293.07371768108,NA,NA,NA
"Zn",22.0578688386536,7488.63545900615,5292.74603924666,NA,NA,NA
"Zn",22.0807462959552,7488.46205187985,5292.42063493763,NA,NA,NA
"Zn",22.1036237532567,7488.29002778195,5292.09748722996,NA,NA,NA
"Zn",22.1265012105582,7488.11937457248,5291.77657874785,NA,NA,NA
"Zn",22.1493786678597,7487.95008022747,5291.45789226235,NA,NA,NA
"Zn",22.1722561251612,7487.78213283779,5291.14141069003,NA,NA,NA
"Zn",22.1951335824627,7487.61552060792,5290.82711709164,NA,NA,NA
"Zn",22.2180110397642,7487.45023185484,5290.51499467076,NA,NA,NA
"Zn",22.2408884970657,7487.28625500683,5290.20502677253,NA,NA,NA
"Zn",22.2637659543672,7487.12357860233,5289.89719688234,NA,NA,NA
"Zn",22.2866434116687,7486.96219128885,5289.59148862452,NA,NA,NA
"Zn",22.3095208689702,7486.80208182179,5289.2878857611,NA,NA,NA
"Zn",22.3323983262717,7486.64323906338,5288.98637219056,NA,NA,NA
"Zn",22.3552757835732,7486.45461486785,5288.68693194652,NA,NA,NA
"Zn",22.3781532408748,7486.31805009518,5288.38954919659,NA,NA,NA
"Zn",22.4010306981763,7486.26119836352,5288.09420824109,NA,NA,NA
"Zn",22.4239081554778,7486.20483374735,5287.80089351185,NA,NA,NA
"Zn",22.4467856127793,7486.14895173126,5287.24343732622,NA,NA,NA
"Zn",22.4696630700808,7486.09354784513,5286.5319026806,NA,NA,NA
"Zn",22.4925405273823,7486.03861766361,5285.82473854368,NA,NA,NA
"Zn",22.5154179846838,7485.98415680568,5285.12191467983,NA,NA,NA
"Zn",22.5382954419853,7485.93016093414,5284.4234010857,NA,NA,NA
"Zn",22.5611728992868,7485.87662575513,5283.7291679882,NA,NA,NA
"Zn",22.5840503565883,7485.82354701766,5283.0391858426,NA,NA,NA
"Zn",22.6069278138898,7485.77092051319,5282.35342533059,NA,NA,NA
"Zn",22.6298052711913,7485.71874207512,5281.67185735841,NA,NA,NA
"Zn",22.6526827284929,7485.66700757835,5280.99445305492,NA,NA,NA
"Zn",22.6755601857944,7485.61571293884,5280.32118376974,NA,NA,NA
"Zn",22.6984376430959,7485.56485411317,5279.6520210714,NA,NA,NA
"Zn",22.7213151003974,7485.5144270981,5278.98693674553,NA,NA,NA
"Zn",22.7441925576989,7485.46442793013,5278.32590279299,NA,NA,NA
"Zn",22.7670700150004,7485.41485268507,5277.66889142811,NA,NA,NA
"Zn",22.7899474723019,7485.36569747763,5277.01587507689,NA,NA,NA
"Zn",22.8128249296034,7485.31695846103,5276.36682637521,NA,NA,NA
"Zn",22.8357023869049,7485.2686318265,5275.72171816711,NA,NA,NA
"Zn",22.8585798442064,7485.22071380297,5275.08052350302,NA,NA,NA
"Zn",22.8585798442064,NA,10462.0334464305,NA,NA,NA
"Zn",22.8357023869049,NA,10462.1724914641,NA,NA,NA
"Zn",22.8128249296034,NA,10462.1899718857,NA,NA,NA
"Zn",22.7899474723019,NA,10462.207638238,NA,NA,NA
"Zn",22.7670700150004,NA,10462.2246228144,NA,NA,NA
"Zn",22.7441925576989,NA,10462.23688195,NA,NA,NA
"Zn",22.7213151003974,NA,10462.2492925581,NA,NA,NA
"Zn",22.6984376430959,NA,10462.2618565713,NA,NA,NA
"Zn",22.6755601857944,NA,10462.274575948,NA,NA,NA
"Zn",22.6526827284929,NA,10462.2874526721,NA,NA,NA
"Zn",22.6298052711913,NA,10462.3004887538,NA,NA,NA
"Zn",22.6069278138898,NA,10462.3136862294,NA,NA,NA
"Zn",22.5840503565883,NA,10462.3270471626,NA,NA,NA
"Zn",22.5611728992868,NA,10462.3405736438,NA,NA,NA
"Zn",22.5382954419853,NA,10462.3542677911,NA,NA,NA
"Zn",22.5154179846838,NA,10462.3681317507,NA,NA,NA
"Zn",22.4925405273823,NA,10462.3821676969,NA,NA,NA
"Zn",22.4696630700808,NA,10462.3963778328,NA,NA,NA
"Zn",22.4467856127793,NA,10462.4107643906,NA,NA,NA
"Zn",22.4239081554778,NA,10462.4253296318,NA,NA,NA
"Zn",22.4010306981763,NA,10462.4400758481,NA,NA,NA
"Zn",22.3781532408748,NA,10462.4550053612,NA,NA,NA
"Zn",22.3552757835732,NA,10462.4701205237,NA,NA,NA
"Zn",22.3323983262717,NA,10462.4854237191,NA,NA,NA
"Zn",22.3095208689702,NA,10462.5009173626,NA,NA,NA
"Zn",22.2866434116687,NA,10462.5166039014,NA,NA,NA
"Zn",22.2637659543672,NA,10462.532485815,NA,NA,NA
"Zn",22.2408884970657,NA,10462.5485656157,NA,NA,NA
"Zn",22.2180110397642,NA,10462.5648458493,NA,NA,NA
"Zn",22.1951335824627,NA,10462.5813290952,NA,NA,NA
"Zn",22.1722561251612,NA,10462.5980179669,NA,NA,NA
"Zn",22.1493786678597,NA,10462.6149151128,NA,NA,NA
"Zn",22.1265012105582,NA,10462.6320232164,NA,NA,NA
"Zn",22.1036237532567,NA,10462.6493449966,NA,NA,NA
"Zn",22.0807462959552,NA,10462.6668832088,NA,NA,NA
"Zn",22.0578688386536,NA,10462.6846406446,NA,NA,NA
"Zn",22.0349913813521,NA,10462.7026201329,NA,NA,NA
"Zn",22.0121139240506,NA,10462.7208245404,NA,NA,NA
"Zn",21.9892364667491,NA,10462.7392567715,NA,NA,NA
"Zn",21.9663590094476,NA,10462.7579197696,NA,NA,NA
"Zn",21.9434815521461,NA,10462.7768165172,NA,NA,NA
"Zn",21.9206040948446,NA,10462.7959500364,NA,NA,NA
"Zn",21.8977266375431,NA,10462.8153233896,NA,NA,NA
"Zn",21.8748491802416,NA,10462.8349396801,NA,NA,NA
"Zn",21.8519717229401,NA,10462.8548020525,NA,NA,NA
"Zn",21.8290942656386,NA,10462.8749136933,NA,NA,NA
"Zn",21.8062168083371,NA,10462.8952778316,NA,NA,NA
"Zn",21.7833393510356,NA,10462.9158977395,NA,NA,NA
"Zn",21.760461893734,NA,10462.9367767329,NA,NA,NA
"Zn",21.7375844364325,NA,10462.9579181719,NA,NA,NA
"Zn",21.714706979131,NA,10462.9793254614,NA,NA,NA
"Zn",21.6918295218295,NA,10463.001002052,NA,NA,NA
"Zn",21.668952064528,NA,10463.0094465393,NA,NA,NA
"Zn",21.6460746072265,NA,10463.0131106397,NA,NA,NA
"Zn",21.623197149925,NA,10463.0168408101,NA,NA,NA
"Zn",21.6003196926235,NA,10463.0206382526,NA,NA,NA
"Zn",21.577442235322,NA,10463.0245041914,NA,NA,NA
"Zn",21.5545647780205,NA,10463.0284398728,NA,NA,NA
"Zn",21.531687320719,NA,10463.0324465659,NA,NA,NA
"Zn",21.5088098634175,NA,10463.036525563,NA,NA,NA
"Zn",21.4859324061159,NA,10463.0406781795,NA,NA,NA
"Zn",21.4630549488144,NA,10463.0449057553,NA,NA,NA
"Zn",21.4401774915129,NA,10463.0492096542,NA,NA,NA
"Zn",21.4173000342114,NA,10463.0535912651,NA,NA,NA
"Zn",21.3944225769099,NA,10463.058052002,NA,NA,NA
"Zn",21.3715451196084,NA,10463.0625933048,NA,NA,NA
"Zn",21.3486676623069,NA,10463.1932409437,NA,NA,NA
"Zn",21.3257902050054,NA,10463.4069651357,NA,NA,NA
"Zn",21.3029127477039,NA,10463.450186528,NA,NA,NA
"Zn",21.2800352904024,NA,10463.4938609684,NA,NA,NA
"Zn",21.2571578331009,NA,10463.5379937612,NA,NA,NA
"Zn",21.2342803757994,NA,10463.5825902777,NA,NA,NA
"Zn",21.2114029184979,NA,10463.627655957,NA,NA,NA
"Zn",21.1885254611963,NA,10463.6731963068,NA,NA,NA
"Zn",21.1656480038948,NA,10463.7192169042,NA,NA,NA
"Zn",21.1427705465933,NA,10463.7657233971,NA,NA,NA
"Zn",21.1198930892918,NA,10463.8127215045,NA,NA,NA
"Zn",21.0970156319903,NA,10463.860217018,NA,NA,NA
"Zn",21.0741381746888,NA,10463.9082158026,NA,NA,NA
"Zn",21.0512607173873,NA,10463.9567237974,NA,NA,NA
"Zn",21.0283832600858,NA,10464.0057470169,NA,NA,NA
"Zn",21.0055058027843,NA,10464.0552915521,NA,NA,NA
"Zn",20.9826283454828,NA,10464.105363571,NA,NA,NA
"Zn",20.9597508881813,NA,10464.1559693202,NA,NA,NA
"Zn",20.9368734308798,NA,10464.2071151257,NA,NA,NA
"Zn",20.9139959735782,NA,10464.258807394,NA,NA,NA
"Zn",20.8911185162767,NA,10464.3110526129,NA,NA,NA
"Zn",20.8682410589752,NA,10464.3511651221,NA,NA,NA
"Zn",20.8453636016737,NA,10464.3915474572,NA,NA,NA
"Zn",20.8224861443722,NA,10464.4324194827,NA,NA,NA
"Zn",20.7996086870707,NA,10464.4737874364,NA,NA,NA
"Zn",20.7767312297692,NA,10464.5156576386,NA,NA,NA
"Zn",20.7538537724677,NA,10464.5580364935,NA,NA,NA
"Zn",20.7309763151662,NA,10464.6009304903,NA,NA,NA
"Zn",20.7080988578647,NA,10464.644346204,NA,NA,NA
"Zn",20.6852214005632,NA,10464.6882902972,NA,NA,NA
"Zn",20.6623439432617,NA,10464.7327695209,NA,NA,NA
"Zn",20.6394664859602,NA,10464.7777907158,NA,NA,NA
"Zn",20.6165890286586,NA,10464.8233608133,NA,NA,NA
"Zn",20.5937115713571,NA,10464.8694868373,NA,NA,NA
"Zn",20.5708341140556,NA,10464.916175905,NA,NA,NA
"Zn",20.5479566567541,NA,10464.9634352282,NA,NA,NA
"Zn",20.5250791994526,NA,10465.0112721148,NA,NA,NA
"Zn",20.5022017421511,NA,10465.0596939703,NA,NA,NA
"Zn",20.4793242848496,NA,10465.1087082985,NA,NA,NA
"Zn",20.4564468275481,NA,10465.1583227034,NA,NA,NA
"Zn",20.4335693702466,NA,10465.2661708435,NA,NA,NA
"Zn",20.4106919129451,NA,10465.4048819938,NA,NA,NA
"Zn",20.3878144556436,NA,10465.5451125772,NA,NA,NA
"Zn",20.3649369983421,NA,10465.6868800245,NA,NA,NA
"Zn",20.3420595410406,NA,10465.8302019753,NA,NA,NA
"Zn",20.319182083739,NA,10465.97509628,NA,NA,NA
"Zn",20.2963046264375,NA,10466.1215810031,NA,NA,NA
"Zn",20.273427169136,NA,10466.2696744252,NA,NA,NA
"Zn",20.2505497118345,NA,10466.4193950462,NA,NA,NA
"Zn",20.227672254533,NA,10466.5707615877,NA,NA,NA
"Zn",20.2047947972315,NA,10466.7237929959,NA,NA,NA
"Zn",20.18191733993,NA,10466.8785084444,NA,NA,NA
"Zn",20.1590398826285,NA,10467.034927337,NA,NA,NA
"Zn",20.136162425327,NA,10467.1930693107,NA,NA,NA
"Zn",20.1132849680255,NA,10467.3529542383,NA,NA,NA
"Zn",20.090407510724,NA,10467.5146022318,NA,NA,NA
"Zn",20.0675300534225,NA,10467.6780336449,NA,NA,NA
"Zn",20.0446525961209,NA,10467.8432690762,NA,NA,NA
"Zn",20.0217751388194,NA,10468.0103293727,NA,NA,NA
"Zn",19.9988976815179,NA,10468.1792356321,NA,NA,NA
"Zn",19.9760202242164,NA,10468.3500092066,NA,NA,NA
"Zn",19.9531427669149,NA,10468.5226717057,NA,NA,NA
"Zn",19.9302653096134,NA,10468.6972449997,NA,NA,NA
"Zn",19.9073878523119,NA,10468.8737512226,NA,NA,NA
"Zn",19.8845103950104,NA,10469.0522127759,NA,NA,NA
"Zn",19.8616329377089,NA,10469.2326523316,NA,NA,NA
"Zn",19.8387554804074,NA,10469.4150928356,NA,NA,NA
"Zn",19.8158780231059,NA,10469.5995575113,NA,NA,NA
"Zn",19.7930005658044,NA,10469.786069863,NA,NA,NA
"Zn",19.7701231085029,NA,10469.9746536793,NA,NA,NA
"Zn",19.7472456512013,NA,10470.165333037,NA,NA,NA
"Zn",19.7243681938998,NA,10470.3581323044,NA,NA,NA
"Zn",19.7014907365983,NA,10470.5530761451,NA,NA,NA
"Zn",19.6786132792968,NA,10470.7501895218,NA,NA,NA
"Zn",19.6557358219953,NA,10470.9494976999,NA,NA,NA
"Zn",19.6328583646938,NA,10471.1510262513,NA,NA,NA
"Zn",19.6099809073923,NA,10471.3537488455,NA,NA,NA
"Zn",19.5871034500908,NA,10471.5505513667,NA,NA,NA
"Zn",19.5642259927893,NA,10471.7495744132,NA,NA,NA
"Zn",19.5413485354878,NA,10471.9508441316,NA,NA,NA
"Zn",19.5184710781863,NA,10472.1543869886,NA,NA,NA
"Zn",19.4955936208848,NA,10472.3602297753,NA,NA,NA
"Zn",19.4727161635833,NA,10472.5683996115,NA,NA,NA
"Zn",19.4498387062817,NA,10472.7789239495,NA,NA,NA
"Zn",19.4269612489802,NA,10472.9918305787,NA,NA,NA
"Zn",19.4040837916787,NA,10473.2071476297,NA,NA,NA
"Zn",19.3812063343772,NA,10473.4249035785,NA,NA,NA
"Zn",19.3583288770757,NA,10473.6451272514,NA,NA,NA
"Zn",19.3354514197742,NA,10473.8678478289,NA,NA,NA
"Zn",19.3125739624727,NA,10474.0930948504,NA,NA,NA
"Zn",19.2896965051712,NA,10474.3208982192,NA,NA,NA
"Zn",19.2668190478697,NA,10474.5512882063,NA,NA,NA
"Zn",19.2439415905682,NA,10474.784295456,NA,NA,NA
"Zn",19.2210641332667,NA,10475.0199509899,NA,NA,NA
"Zn",19.1981866759652,NA,10475.2582862124,NA,NA,NA
"Zn",19.1753092186636,NA,10475.4993329151,NA,NA,NA
"Zn",19.1524317613621,NA,10475.7431232818,NA,NA,NA
"Zn",19.1295543040606,NA,10475.9896898939,NA,NA,NA
"Zn",19.1066768467591,NA,10476.239065735,NA,NA,NA
"Zn",19.0837993894576,NA,10476.4912841964,NA,NA,NA
"Zn",19.0609219321561,NA,10476.7463790821,NA,NA,NA
"Zn",19.0380444748546,NA,10477.0043846144,NA,NA,NA
"Zn",19.0151670175531,NA,10477.2653354388,NA,NA,NA
"Zn",18.9922895602516,NA,10477.5292666298,NA,NA,NA
"Zn",18.9694121029501,NA,10477.7962136964,NA,NA,NA
"Zn",18.9465346456486,NA,10478.0662125874,NA,NA,NA
"Zn",18.9236571883471,NA,10478.3392996973,NA,NA,NA
"Zn",18.9007797310456,NA,10478.615511872,NA,NA,NA
"Zn",18.877902273744,NA,10478.8948864143,NA,NA,NA
"Zn",18.8550248164425,NA,10479.1774610905,NA,NA,NA
"Zn",18.832147359141,NA,10479.4632741354,NA,NA,NA
"Zn",18.8092699018395,NA,10479.7523642591,NA,NA,NA
"Zn",18.786392444538,NA,10480.4105660467,NA,NA,NA
"Zn",18.7635149872365,NA,10481.0984581283,NA,NA,NA
"Zn",18.740637529935,NA,10481.7928951745,NA,NA,NA
"Zn",18.7177600726335,NA,10482.4939440249,NA,NA,NA
"Zn",18.694882615332,NA,10483.201672247,NA,NA,NA
"Zn",18.6720051580305,NA,10483.916148145,NA,NA,NA
"Zn",18.649127700729,NA,10484.637440768,NA,NA,NA
"Zn",18.6262502434275,NA,10485.3656199191,NA,NA,NA
"Zn",18.6033727861259,NA,10486.1007561637,NA,NA,NA
"Zn",18.5804953288244,NA,10486.8429208383,NA,NA,NA
"Zn",18.5576178715229,NA,10487.5921860597,NA,NA,NA
"Zn",18.5347404142214,NA,10488.3486247342,NA,NA,NA
"Zn",18.5118629569199,NA,10489.1123105662,NA,NA,NA
"Zn",18.4889854996184,NA,10489.883318068,NA,NA,NA
"Zn",18.4661080423169,NA,10490.6617225688,NA,NA,NA
"Zn",18.4432305850154,NA,10491.4476002245,NA,NA,NA
"Zn",18.4203531277139,NA,10492.2410280273,NA,NA,NA
"Zn",18.3974756704124,NA,10493.0420838152,NA,NA,NA
"Zn",18.3745982131109,NA,10493.850846282,NA,NA,NA
"Zn",18.3517207558094,NA,10494.6673949872,NA,NA,NA
"Zn",18.3288432985079,NA,10495.4918103665,NA,NA,NA
"Zn",18.3059658412063,NA,10495.9322523257,NA,NA,NA
"Zn",18.2830883839048,NA,10496.001325769,NA,NA,NA
"Zn",18.2602109266033,NA,10496.0714837074,NA,NA,NA
"Zn",18.2373334693018,NA,10496.1427442464,NA,NA,NA
"Zn",18.2144560120003,NA,10496.215125801,NA,NA,NA
"Zn",18.1915785546988,NA,10496.2886471015,NA,NA,NA
"Zn",18.1687010973973,NA,10496.3633271988,NA,NA,NA
"Zn",18.1458236400958,NA,10496.4391854699,NA,NA,NA
"Zn",18.1229461827943,NA,10496.5162416235,NA,NA,NA
"Zn",18.1000687254928,NA,10496.5945157057,NA,NA,NA
"Zn",18.0771912681913,NA,10496.6740281058,NA,NA,NA
"Zn",18.0543138108898,NA,10496.754799562,NA,NA,NA
"Zn",18.0314363535883,NA,10496.8368511678,NA,NA,NA
"Zn",18.0085588962867,NA,10496.9021366969,NA,NA,NA
"Zn",17.9856814389852,NA,10496.9665307768,NA,NA,NA
"Zn",17.9628039816837,NA,10497.0320887184,NA,NA,NA
"Zn",17.9399265243822,NA,10497.0988313961,NA,NA,NA
"Zn",17.9170490670807,NA,10497.1667800547,NA,NA,NA
"Zn",17.8941716097792,NA,10497.2359563153,NA,NA,NA
"Zn",17.8712941524777,NA,10497.3063821828,NA,NA,NA
"Zn",17.8484166951762,NA,10497.3780800515,NA,NA,NA
"Zn",17.8255392378747,NA,10497.4510727128,NA,NA,NA
"Zn",17.8026617805732,NA,10497.5253833616,NA,NA,NA
"Zn",17.7797843232717,NA,10497.6010356037,NA,NA,NA
"Zn",17.7569068659702,NA,10497.6783322822,NA,NA,NA
"Zn",17.7340294086686,NA,10498.1783352206,NA,NA,NA
"Zn",17.7111519513671,NA,10498.6842032619,NA,NA,NA
"Zn",17.6882744940656,NA,10499.1960080545,NA,NA,NA
"Zn",17.6653970367641,NA,10499.7138221548,NA,NA,NA
"Zn",17.6425195794626,NA,10500.2377190402,NA,NA,NA
"Zn",17.6196421221611,NA,10500.7677731203,NA,NA,NA
"Zn",17.5967646648596,NA,10501.3040597494,NA,NA,NA
"Zn",17.5738872075581,NA,10501.8466552391,NA,NA,NA
"Zn",17.5510097502566,NA,10502.3956368706,NA,NA,NA
"Zn",17.5281322929551,NA,10503.0854892973,NA,NA,NA
"Zn",17.5052548356536,NA,10504.8785447945,NA,NA,NA
"Zn",17.4823773783521,NA,10506.6866262775,NA,NA,NA
"Zn",17.4594999210506,NA,10508.509872752,NA,NA,NA
"Zn",17.436622463749,NA,10510.348424628,NA,NA,NA
"Zn",17.4137450064475,NA,10512.202423735,NA,NA,NA
"Zn",17.390867549146,NA,10512.8185330149,NA,NA,NA
"Zn",17.3679900918445,NA,10513.0972500223,NA,NA,NA
"Zn",17.345112634543,NA,10513.3795218009,NA,NA,NA
"Zn",17.3222351772415,NA,10513.6653964027,NA,NA,NA
"Zn",17.29935771994,NA,10513.9549225571,NA,NA,NA
"Zn",17.2764802626385,NA,10514.2481496811,NA,NA,NA
"Zn",17.253602805337,NA,10514.5451278891,NA,NA,NA
"Zn",17.2307253480355,NA,10514.845908003,NA,NA,NA
"Zn",17.207847890734,NA,10515.150541563,NA,NA,NA
"Zn",17.1849704334325,NA,10515.4590808373,NA,NA,NA
"Zn",17.1620929761309,NA,10515.7715788334,NA,NA,NA
"Zn",17.1392155188294,NA,10516.0880893086,NA,NA,NA
"Zn",17.1163380615279,NA,10516.4086667811,NA,NA,NA
"Zn",17.0934606042264,NA,10516.8099262884,NA,NA,NA
"Zn",17.0705831469249,NA,10518.778706021,NA,NA,NA
"Zn",17.0477056896234,NA,10520.7645158648,NA,NA,NA
"Zn",17.0248282323219,NA,10522.7675178071,NA,NA,NA
"Zn",17.0019507750204,NA,10524.7878755119,NA,NA,NA
"Zn",16.9790733177189,NA,10526.825754339,NA,NA,NA
"Zn",16.9561958604174,NA,10528.8813213626,NA,NA,NA
"Zn",16.9333184031159,NA,10530.9547453909,NA,NA,NA
"Zn",16.9104409458144,NA,10533.0461969851,NA,NA,NA
"Zn",16.8875634885129,NA,10535.1558484793,NA,NA,NA
"Zn",16.8646860312113,NA,10537.2657496879,NA,NA,NA
"Zn",16.8418085739098,NA,10539.355601602,NA,NA,NA
"Zn",16.8189311166083,NA,10541.4637158965,NA,NA,NA
"Zn",16.7960536593068,NA,10543.5902681813,NA,NA,NA
"Zn",16.7731762020053,NA,10545.7354359059,NA,NA,NA
"Zn",16.7502987447038,NA,10547.8993983809,NA,NA,NA
"Zn",16.7274212874023,NA,10550.0823367985,NA,NA,NA
"Zn",16.7045438301008,NA,10552.2844342542,NA,NA,NA
"Zn",16.6816663727993,NA,10554.5058757685,NA,NA,NA
"Zn",16.6587889154978,NA,10556.7468483081,NA,NA,NA
"Zn",16.6359114581963,NA,10559.007540809,NA,NA,NA
"Zn",16.6130340008948,NA,10561.2881441981,NA,NA,NA
"Zn",16.5901565435932,NA,10563.0791006192,NA,NA,NA
"Zn",16.5672790862917,NA,10563.2281461753,NA,NA,NA
"Zn",16.5444016289902,NA,10563.3795239594,NA,NA,NA
"Zn",16.5215241716887,NA,10563.5332749162,NA,NA,NA
"Zn",16.4986467143872,NA,10563.6792904188,NA,NA,NA
"Zn",16.4757692570857,NA,10563.7903245867,NA,NA,NA
"Zn",16.4528917997842,NA,10563.9034979949,NA,NA,NA
"Zn",16.4300143424827,NA,10564.018851877,NA,NA,NA
"Zn",16.4071368851812,NA,10564.1364282541,NA,NA,NA
"Zn",16.3842594278797,NA,10564.9446151545,NA,NA,NA
"Zn",16.3613819705782,NA,10567.1778325875,NA,NA,NA
"Zn",16.3385045132767,NA,10569.4329825751,NA,NA,NA
"Zn",16.3156270559752,NA,10571.7102976567,NA,NA,NA
"Zn",16.2927495986736,NA,10574.0100130125,NA,NA,NA
"Zn",16.2698721413721,NA,10576.3323664952,NA,NA,NA
"Zn",16.2469946840706,NA,10578.6775986627,NA,NA,NA
"Zn",16.2241172267691,NA,10580.085150715,NA,NA,NA
"Zn",16.2012397694676,NA,10580.7844896606,NA,NA,NA
"Zn",16.1783623121661,NA,10581.4928558275,NA,NA,NA
"Zn",16.1554848548646,NA,10584.1782136652,NA,NA,NA
"Zn",16.1326073975631,NA,10587.8485287121,NA,NA,NA
"Zn",16.1097299402616,NA,10591.515987733,NA,NA,NA
"Zn",16.0868524829601,NA,10592.4180594334,NA,NA,NA
"Zn",16.0639750256586,NA,10592.7134498847,NA,NA,NA
"Zn",16.0410975683571,NA,10592.9936236022,NA,NA,NA
"Zn",16.0182201110556,NA,10593.2784247417,NA,NA,NA
"Zn",15.995342653754,NA,10593.5679327765,NA,NA,NA
"Zn",15.9724651964525,NA,10593.8622285584,NA,NA,NA
"Zn",15.949587739151,NA,10594.1613943408,NA,NA,NA
"Zn",15.9267102818495,NA,10594.4655138031,NA,NA,NA
"Zn",15.903832824548,NA,10594.7746720752,NA,NA,NA
"Zn",15.8809553672465,NA,10595.0889557627,NA,NA,NA
"Zn",15.858077909945,NA,10595.4084529718,NA,NA,NA
"Zn",15.8352004526435,NA,10595.7332533356,NA,NA,NA
"Zn",15.812322995342,NA,10596.0634480402,NA,NA,NA
"Zn",15.7894455380405,NA,10598.1182766354,NA,NA,NA
"Zn",15.766568080739,NA,10601.4722254855,NA,NA,NA
"Zn",15.7436906234375,NA,10604.8555771816,NA,NA,NA
"Zn",15.7208131661359,NA,10608.2686182787,NA,NA,NA
"Zn",15.6979357088344,NA,10611.7116383964,NA,NA,NA
"Zn",15.6750582515329,NA,10615.1849302539,NA,NA,NA
"Zn",15.6521807942314,NA,10618.6887897064,NA,NA,NA
"Zn",15.6293033369299,NA,10622.2235157814,NA,NA,NA
"Zn",15.6064258796284,NA,10625.7894107157,NA,NA,NA
"Zn",15.5835484223269,NA,10629.3867799927,NA,NA,NA
"Zn",15.5606709650254,NA,10633.0159323802,NA,NA,NA
"Zn",15.5377935077239,NA,10636.6771799688,NA,NA,NA
"Zn",15.5149160504224,NA,10640.3708382107,NA,NA,NA
"Zn",15.4920385931209,NA,10644.097225959,NA,NA,NA
"Zn",15.4691611358194,NA,10647.8566655074,NA,NA,NA
"Zn",15.4462836785179,NA,10651.6494826303,NA,NA,NA
"Zn",15.4234062212163,NA,10654.7507147091,NA,NA,NA
"Zn",15.4005287639148,NA,10656.4614529902,NA,NA,NA
"Zn",15.3776513066133,NA,10658.1936772876,NA,NA,NA
"Zn",15.3547738493118,NA,10659.9205400419,NA,NA,NA
"Zn",15.3318963920103,NA,10661.6382133612,NA,NA,NA
"Zn",15.3090189347088,NA,10663.3778511774,NA,NA,NA
"Zn",15.2861414774073,NA,10665.1397431857,NA,NA,NA
"Zn",15.2632640201058,NA,10666.9241830095,NA,NA,NA
"Zn",15.2403865628043,NA,10668.7314682547,NA,NA,NA
"Zn",15.2175091055028,NA,10670.5619005651,NA,NA,NA
"Zn",15.1946316482013,NA,10672.4157856784,NA,NA,NA
"Zn",15.1717541908998,NA,10674.2934334837,NA,NA,NA
"Zn",15.1488767335983,NA,10676.1951580784,NA,NA,NA
"Zn",15.1259992762967,NA,10678.1212778272,NA,NA,NA
"Zn",15.1031218189952,NA,10680.0721154216,NA,NA,NA
"Zn",15.0802443616937,NA,10682.0479979397,NA,NA,NA
"Zn",15.0573669043922,NA,10684.0492569077,NA,NA,NA
"Zn",15.0344894470907,NA,10686.0762283616,NA,NA,NA
"Zn",15.0116119897892,NA,10688.12925291,NA,NA,NA
"Zn",14.9887345324877,NA,10690.208675798,NA,NA,NA
"Zn",14.9658570751862,NA,10692.3148469715,NA,NA,NA
"Zn",14.9429796178847,NA,10694.4481211432,NA,NA,NA
"Zn",14.9201021605832,NA,10696.6088578586,NA,NA,NA
"Zn",14.8972247032817,NA,10698.7745894731,NA,NA,NA
"Zn",14.8743472459802,NA,10700.9462341285,NA,NA,NA
"Zn",14.8514697886786,NA,10703.1459520413,NA,NA,NA
"Zn",14.8285923313771,NA,10704.4852594882,NA,NA,NA
"Zn",14.8057148740756,NA,10704.9088962272,NA,NA,NA
"Zn",14.7828374167741,NA,10705.3404870568,NA,NA,NA
"Zn",14.7599599594726,NA,10705.7801811637,NA,NA,NA
"Zn",14.7370825021711,NA,10707.4095244622,NA,NA,NA
"Zn",14.7142050448696,NA,10711.8060348754,NA,NA,NA
"Zn",14.6913275875681,NA,10716.8421219014,NA,NA,NA
"Zn",14.6684501302666,NA,10719.1282966798,NA,NA,NA
"Zn",14.6455726729651,NA,10720.6304526683,NA,NA,NA
"Zn",14.6226952156636,NA,10724.0301545684,NA,NA,NA
"Zn",14.5998177583621,NA,10727.4685539955,NA,NA,NA
"Zn",14.5769403010606,NA,10730.9461157848,NA,NA,NA
"Zn",14.554062843759,NA,10734.4633106303,NA,NA,NA
"Zn",14.5311853864575,NA,10737.8826956985,NA,NA,NA
"Zn",14.508307929156,NA,10741.6583602107,NA,NA,NA
"Zn",14.4854304718545,NA,10745.3355584716,NA,NA,NA
"Zn",14.462553014553,NA,10749.0424376068,NA,NA,NA
"Zn",14.4396755572515,NA,10752.7626136702,NA,NA,NA
"Zn",14.41679809995,NA,10755.7836535508,NA,NA,NA
"Zn",14.3939206426485,NA,10758.6126859919,NA,NA,NA
"Zn",14.371043185347,NA,10761.4772383717,NA,NA,NA
"Zn",14.3481657280455,NA,10764.3777759884,NA,NA,NA
"Zn",14.325288270744,NA,10767.3147704696,NA,NA,NA
"Zn",14.3024108134425,NA,10770.288699861,NA,NA,NA
"Zn",14.2795333561409,NA,10773.3000487166,NA,NA,NA
"Zn",14.2566558988394,NA,10776.3493081903,NA,NA,NA
"Zn",14.2337784415379,NA,10779.4369761289,NA,NA,NA
"Zn",14.2109009842364,NA,10782.563557166,NA,NA,NA
"Zn",14.1880235269349,NA,10785.7295628179,NA,NA,NA
"Zn",14.1651460696334,NA,10788.8596318598,NA,NA,NA
"Zn",14.1422686123319,NA,10792.0100250469,NA,NA,NA
"Zn",14.1193911550304,NA,10795.2004239234,NA,NA,NA
"Zn",14.0965136977289,NA,10798.4313583663,NA,NA,NA
"Zn",14.0736362404274,NA,10800.259846726,NA,NA,NA
"Zn",14.0507587831259,NA,10803.1711225458,NA,NA,NA
"Zn",14.0278813258244,NA,10806.7433036024,NA,NA,NA
"Zn",14.0050038685229,NA,10810.3621862416,NA,NA,NA
"Zn",13.9821264112213,NA,10814.0283989501,NA,NA,NA
"Zn",13.9592489539198,NA,10817.7425788887,NA,NA,NA
"Zn",13.9363714966183,NA,10822.7748287692,NA,NA,NA
"Zn",13.9134940393168,NA,10826.4653163425,NA,NA,NA
"Zn",13.8906165820153,NA,10830.1145357976,NA,NA,NA
"Zn",13.8677391247138,NA,10833.810460603,NA,NA,NA
"Zn",13.8448616674123,NA,10837.0559103965,NA,NA,NA
"Zn",13.8219842101108,NA,10841.0717754685,NA,NA,NA
"Zn",13.7991067528093,NA,10845.1403212651,NA,NA,NA
"Zn",13.7762292955078,NA,10849.2728096023,NA,NA,NA
"Zn",13.7533518382063,NA,10853.4685178566,NA,NA,NA
"Zn",13.7304743809048,NA,10857.7130753196,NA,NA,NA
"Zn",13.7075969236032,NA,10861.3997417696,NA,NA,NA
"Zn",13.6847194663017,NA,10865.5497714188,NA,NA,NA
"Zn",13.6618420090002,NA,10869.7529705822,NA,NA,NA
"Zn",13.6389645516987,NA,10874.0100483727,NA,NA,NA
"Zn",13.6160870943972,NA,10878.3217236999,NA,NA,NA
"Zn",13.5932096370957,NA,10882.6887254098,NA,NA,NA
"Zn",13.5703321797942,NA,10887.1117924265,NA,NA,NA
"Zn",13.5474547224927,NA,10893.7546877598,NA,NA,NA
"Zn",13.5245772651912,NA,10898.5692896553,NA,NA,NA
"Zn",13.5016998078897,NA,10903.4110531673,NA,NA,NA
"Zn",13.4788223505882,NA,10908.8254010731,NA,NA,NA
"Zn",13.4559448932867,NA,10916.9073103707,NA,NA,NA
"Zn",13.4330674359852,NA,10925.0381496071,NA,NA,NA
"Zn",13.4101899786836,NA,10927.6830443469,NA,NA,NA
"Zn",13.3873125213821,NA,10929.4579045501,NA,NA,NA
"Zn",13.3644350640806,NA,10933.7948099947,NA,NA,NA
"Zn",13.3415576067791,NA,10939.0607662797,NA,NA,NA
"Zn",13.3186801494776,NA,10944.3964222996,NA,NA,NA
"Zn",13.2958026921761,NA,10949.8027263599,NA,NA,NA
"Zn",13.2729252348746,NA,10955.2806399762,NA,NA,NA
"Zn",13.2500477775731,NA,10960.8311380623,NA,NA,NA
"Zn",13.2271703202716,NA,10966.4906330314,NA,NA,NA
"Zn",13.2042928629701,NA,10972.9627193255,NA,NA,NA
"Zn",13.1814154056686,NA,10978.5268483376,NA,NA,NA
"Zn",13.1585379483671,NA,10983.8718181577,NA,NA,NA
"Zn",13.1356604910656,NA,10990.6178691343,NA,NA,NA
"Zn",13.112783033764,NA,10995.901334145,NA,NA,NA
"Zn",13.0899055764625,NA,11002.0856870665,NA,NA,NA
"Zn",13.067028119161,NA,11008.351763107,NA,NA,NA
"Zn",13.0441506618595,NA,11014.7006733626,NA,NA,NA
"Zn",13.021273204558,NA,11021.1335444017,NA,NA,NA
"Zn",12.9983957472565,NA,11027.6515184845,NA,NA,NA
"Zn",12.975518289955,NA,11034.2004289564,NA,NA,NA
"Zn",12.9526408326535,NA,11040.8320599397,NA,NA,NA
"Zn",12.929763375352,NA,11047.5324628776,NA,NA,NA
"Zn",12.9068859180505,NA,11054.2544754603,NA,NA,NA
"Zn",12.884008460749,NA,11061.0663684992,NA,NA,NA
"Zn",12.8611310034475,NA,11067.9693761282,NA,NA,NA
"Zn",12.8382535461459,NA,11074.9647498045,NA,NA,NA
"Zn",12.8153760888444,NA,11085.1010250192,NA,NA,NA
"Zn",12.7924986315429,NA,11096.3605457466,NA,NA,NA
"Zn",12.7696211742414,NA,11107.7621449659,NA,NA,NA
"Zn",12.7467437169399,NA,11119.269152903,NA,NA,NA
"Zn",12.7238662596384,NA,11130.7594149048,NA,NA,NA
"Zn",12.7009888023369,NA,11142.3458828081,NA,NA,NA
"Zn",12.6781113450354,NA,11150.4102575549,NA,NA,NA
"Zn",12.6552338877339,NA,11157.3356727695,NA,NA,NA
"Zn",12.6323564304324,NA,11166.9208029817,NA,NA,NA
"Zn",12.6094789731309,NA,11175.4248517779,NA,NA,NA
"Zn",12.5866015158294,NA,11184.4200965689,NA,NA,NA
"Zn",12.5637240585279,NA,11195.2336241733,NA,NA,NA
"Zn",12.5408466012263,NA,11206.1598047593,NA,NA,NA
"Zn",12.5179691439248,NA,11217.2011258298,NA,NA,NA
"Zn",12.4950916866233,NA,11228.2611494744,NA,NA,NA
"Zn",12.4722142293218,NA,11239.4320835773,NA,NA,NA
"Zn",12.4493367720203,NA,11253.8973203606,NA,NA,NA
"Zn",12.4264593147188,NA,11273.2581032065,NA,NA,NA
"Zn",12.4035818574173,NA,11286.5133233685,NA,NA,NA
"Zn",12.3807044001158,NA,11295.9938702996,NA,NA,NA
"Zn",12.3578269428143,NA,11305.3616918929,NA,NA,NA
"Zn",12.3349494855128,NA,11315.8051735864,NA,NA,NA
"Zn",12.3120720282113,NA,11324.6905550061,NA,NA,NA
"Zn",12.2891945709098,NA,11334.6501895172,NA,NA,NA
"Zn",12.2663171136083,NA,11345.7292322333,NA,NA,NA
"Zn",12.2434396563067,NA,11359.2942498525,NA,NA,NA
"Zn",12.2205621990052,NA,11373.7540914546,NA,NA,NA
"Zn",12.1976847417037,NA,11388.3587124339,NA,NA,NA
"Zn",12.1748072844022,NA,11403.1097184754,NA,NA,NA
"Zn",12.1519298271007,NA,11418.0087347217,NA,NA,NA
"Zn",12.1290523697992,NA,11433.1661032338,NA,NA,NA
"Zn",12.1061749124977,NA,11447.8716781339,NA,NA,NA
"Zn",12.0832974551962,NA,11463.0928325579,NA,NA,NA
"Zn",12.0604199978947,NA,11475.7318680226,NA,NA,NA
"Zn",12.0375425405932,NA,11486.9702297026,NA,NA,NA
"Zn",12.0146650832917,NA,11498.3117759994,NA,NA,NA
"Zn",11.9917876259902,NA,11509.7773777604,NA,NA,NA
"Zn",11.9689101686886,NA,11521.3561852733,NA,NA,NA
"Zn",11.9460327113871,NA,11533.2152283728,NA,NA,NA
"Zn",11.9231552540856,NA,11547.456580298,NA,NA,NA
"Zn",11.9002777967841,NA,11559.4861083464,NA,NA,NA
"Zn",11.8774003394826,NA,11576.9738044065,NA,NA,NA
"Zn",11.8545228821811,NA,11592.7098477341,NA,NA,NA
"Zn",11.8316454248796,NA,11608.8580430016,NA,NA,NA
"Zn",11.8087679675781,NA,11621.2972287677,NA,NA,NA
"Zn",11.7858905102766,NA,11632.7791236141,NA,NA,NA
"Zn",11.7630130529751,NA,11648.808185271,NA,NA,NA
"Zn",11.7401355956736,NA,11666.4057027644,NA,NA,NA
"Zn",11.7172581383721,NA,11685.0959260828,NA,NA,NA
"Zn",11.6943806810706,NA,11701.3688868921,NA,NA,NA
"Zn",11.671503223769,NA,11717.8073824511,NA,NA,NA
"Zn",11.6486257664675,NA,11734.2106247911,NA,NA,NA
"Zn",11.625748309166,NA,11750.7016449302,NA,NA,NA
"Zn",11.6028708518645,NA,11767.0983882901,NA,NA,NA
"Zn",11.579993394563,NA,11777.1500651413,NA,NA,NA
"Zn",11.5571159372615,NA,11800.5017007434,NA,NA,NA
"Zn",11.53423847996,NA,11819.050264919,NA,NA,NA
"Zn",11.5113610226585,NA,11833.6071139171,NA,NA,NA
"Zn",11.488483565357,NA,11848.1017783857,NA,NA,NA
"Zn",11.4656061080555,NA,11862.6586118166,NA,NA,NA
"Zn",11.442728650754,NA,11877.5625522226,NA,NA,NA
"Zn",11.4198511934525,NA,11893.890972411,NA,NA,NA
"Zn",11.3969737361509,NA,11914.3265122561,NA,NA,NA
"Zn",11.3740962788494,NA,11930.7882187055,NA,NA,NA
"Zn",11.3512188215479,NA,11949.2185986423,NA,NA,NA
"Zn",11.3283413642464,NA,11970.2694774012,NA,NA,NA
"Zn",11.3054639069449,NA,11994.4192826486,NA,NA,NA
"Zn",11.2825864496434,NA,12008.7651082384,NA,NA,NA
"Zn",11.2597089923419,NA,12022.105833116,NA,NA,NA
"Zn",11.2368315350404,NA,12035.5153936409,NA,NA,NA
"Zn",11.2139540777389,NA,12055.2692433777,NA,NA,NA
"Zn",11.1910766204374,NA,12080.8466937707,NA,NA,NA
"Zn",11.1681991631359,NA,12106.6956145402,NA,NA,NA
"Zn",11.1453217058344,NA,12132.8191332722,NA,NA,NA
"Zn",11.1224442485329,NA,12159.2242680294,NA,NA,NA
"Zn",11.0995667912313,NA,12187.0336221653,NA,NA,NA
"Zn",11.0766893339298,NA,12210.6405660884,NA,NA,NA
"Zn",11.0538118766283,NA,12232.7203477422,NA,NA,NA
"Zn",11.0309344193268,NA,12260.8970606022,NA,NA,NA
"Zn",11.0080569620253,NA,12290.2067306542,NA,NA,NA
"Zn",10.9851795047238,NA,12319.7813856053,NA,NA,NA
"Zn",10.9623020474223,NA,12345.2738849804,NA,NA,NA
"Zn",10.9394245901208,NA,12368.4643778795,NA,NA,NA
"Zn",10.9165471328193,NA,12391.7785015019,NA,NA,NA
"Zn",10.8936696755178,NA,12415.3843431595,NA,NA,NA
"Zn",10.8707922182163,NA,12439.63072136,NA,NA,NA
"Zn",10.8479147609148,NA,12467.6577922138,NA,NA,NA
"Zn",10.8250373036133,NA,12501.4852624991,NA,NA,NA
"Zn",10.8021598463117,NA,12531.4174777519,NA,NA,NA
"Zn",10.7792823890102,NA,12558.3736828602,NA,NA,NA
"Zn",10.7564049317087,NA,12591.1753986605,NA,NA,NA
"Zn",10.7335274744072,NA,12625.4537494719,NA,NA,NA
"Zn",10.7106500171057,NA,12661.1236307701,NA,NA,NA
"Zn",10.6877725598042,NA,12691.2300353754,NA,NA,NA
"Zn",10.6648951025027,NA,12718.1280946003,NA,NA,NA
"Zn",10.6420176452012,NA,12743.4781502418,NA,NA,NA
"Zn",10.6191401878997,NA,12769.2880211377,NA,NA,NA
"Zn",10.5962627305982,NA,12802.5216271013,NA,NA,NA
"Zn",10.5733852732967,NA,12834.6163390133,NA,NA,NA
"Zn",10.5505078159952,NA,12864.4474003521,NA,NA,NA
"Zn",10.5276303586936,NA,12894.3871314149,NA,NA,NA
"Zn",10.5047529013921,NA,12920.650712099,NA,NA,NA
"Zn",10.4818754440906,NA,12947.2504455563,NA,NA,NA
"Zn",10.4589979867891,NA,12980.315453214,NA,NA,NA
"Zn",10.4361205294876,NA,13015.350144691,NA,NA,NA
"Zn",10.4132430721861,NA,13047.0122837969,NA,NA,NA
"Zn",10.3903656148846,NA,13071.5408362989,NA,NA,NA
"Zn",10.3674881575831,NA,13096.2406474306,NA,NA,NA
"Zn",10.3446107002816,NA,13121.150421922,NA,NA,NA
"Zn",10.3217332429801,NA,13146.41797527,NA,NA,NA
"Zn",10.2988557856786,NA,13176.7140037073,NA,NA,NA
"Zn",10.2759783283771,NA,13221.8032329893,NA,NA,NA
"Zn",10.2531008710756,NA,13255.6523678356,NA,NA,NA
"Zn",10.230223413774,NA,13295.5433525682,NA,NA,NA
"Zn",10.2073459564725,NA,13335.9896338997,NA,NA,NA
"Zn",10.184468499171,NA,13377.2505311055,NA,NA,NA
"Zn",10.1615910418695,NA,13418.7437568047,NA,NA,NA
"Zn",10.138713584568,NA,13464.0608038162,NA,NA,NA
"Zn",10.1158361272665,NA,13513.2992214376,NA,NA,NA
"Zn",10.092958669965,NA,13550.0001404944,NA,NA,NA
"Zn",10.0700812126635,NA,13589.1400281864,NA,NA,NA
"Zn",10.047203755362,NA,13628.9842050535,NA,NA,NA
"Zn",10.0243262980605,NA,13669.3718074009,NA,NA,NA
"Zn",10.001448840759,NA,13710.2935282208,NA,NA,NA
"Zn",9.97857138345746,NA,13751.5760199654,NA,NA,NA
"Zn",9.95569392615595,NA,13790.1838826805,NA,NA,NA
"Zn",9.93281646885444,NA,13823.6813545623,NA,NA,NA
"Zn",9.90993901155293,NA,13876.7358492814,NA,NA,NA
"Zn",9.88706155425143,NA,13915.8254325744,NA,NA,NA
"Zn",9.86418409694992,NA,13966.6962198633,NA,NA,NA
"Zn",9.84130663964841,NA,14011.7161595794,NA,NA,NA
"Zn",9.8184291823469,NA,14063.2299822417,NA,NA,NA
"Zn",9.79555172504539,NA,14113.7641997331,NA,NA,NA
"Zn",9.77267426774389,NA,14164.9232664313,NA,NA,NA
"Zn",9.74979681044238,NA,14219.2027179126,NA,NA,NA
"Zn",9.72691935314087,NA,14273.9611242178,NA,NA,NA
"Zn",9.70404189583936,NA,14329.0437061696,NA,NA,NA
"Zn",9.68116443853785,NA,14374.3941821388,NA,NA,NA
"Zn",9.65828698123635,NA,14417.0426321075,NA,NA,NA
"Zn",9.63540952393484,NA,14456.8313739666,NA,NA,NA
"Zn",9.61253206663333,NA,14504.5767530863,NA,NA,NA
"Zn",9.58965460933182,NA,14549.3666461918,NA,NA,NA
"Zn",9.56677715203031,NA,14609.8232707641,NA,NA,NA
"Zn",9.54389969472881,NA,14661.3701424618,NA,NA,NA
"Zn",9.5210222374273,NA,14709.6685892561,NA,NA,NA
"Zn",9.49814478012579,NA,14763.0377755904,NA,NA,NA
"Zn",9.47526732282428,NA,14828.998763079,NA,NA,NA
"Zn",9.45238986552278,NA,14891.4416998042,NA,NA,NA
"Zn",9.42951240822127,NA,14953.7373088398,NA,NA,NA
"Zn",9.40663495091976,NA,15019.4632698203,NA,NA,NA
"Zn",9.38375749361825,NA,15074.2374486342,NA,NA,NA
"Zn",9.36088003631674,NA,15129.3960565596,NA,NA,NA
"Zn",9.33800257901524,NA,15191.5561968765,NA,NA,NA
"Zn",9.31512512171373,NA,15253.6089948221,NA,NA,NA
"Zn",9.29224766441222,NA,15310.5503831257,NA,NA,NA
"Zn",9.26937020711071,NA,15379.810659727,NA,NA,NA
"Zn",9.2464927498092,NA,15436.473255781,NA,NA,NA
"Zn",9.2236152925077,NA,15493.7140468042,NA,NA,NA
"Zn",9.20073783520619,NA,15558.7823697207,NA,NA,NA
"Zn",9.17786037790468,NA,15616.0568862635,NA,NA,NA
"Zn",9.15498292060317,NA,15683.5695150932,NA,NA,NA
"Zn",9.13210546330166,NA,15761.9084850155,NA,NA,NA
"Zn",9.10922800600015,NA,15817.8902330755,NA,NA,NA
"Zn",9.08635054869865,NA,15883.1947507565,NA,NA,NA
"Zn",9.06347309139714,NA,15954.2271060996,NA,NA,NA
"Zn",9.04059563409563,NA,16029.0166858263,NA,NA,NA
"Zn",9.01771817679412,NA,16103.88520526,NA,NA,NA
"Zn",8.99484071949262,NA,16179.2770884411,NA,NA,NA
"Zn",8.97196326219111,NA,16255.9960000547,NA,NA,NA
"Zn",8.9490858048896,NA,16331.9113412374,NA,NA,NA
"Zn",8.92620834758809,NA,16406.8543065447,NA,NA,NA
"Zn",8.90333089028658,NA,16482.8044492588,NA,NA,NA
"Zn",8.88045343298508,NA,16559.7757329846,NA,NA,NA
"Zn",8.85757597568357,NA,16637.7823189668,NA,NA,NA
"Zn",8.83469851838206,NA,16716.8385689088,NA,NA,NA
"Zn",8.81182106108055,NA,16802.5732383103,NA,NA,NA
"Zn",8.78894360377904,NA,16896.6482126889,NA,NA,NA
"Zn",8.76606614647754,NA,16981.0946278125,NA,NA,NA
"Zn",8.74318868917603,NA,17066.4216382641,NA,NA,NA
"Zn",8.72031123187452,NA,17156.1312052276,NA,NA,NA
"Zn",8.69743377457301,NA,17245.7401373048,NA,NA,NA
"Zn",8.67455631727151,NA,17339.0589533515,NA,NA,NA
"Zn",8.65167885997,NA,17434.0289306069,NA,NA,NA
"Zn",8.62880140266849,NA,17526.3114309052,NA,NA,NA
"Zn",8.60592394536698,NA,17619.4307524835,NA,NA,NA
"Zn",8.58304648806547,NA,17713.5197511158,NA,NA,NA
"Zn",8.56016903076397,NA,17810.110012256,NA,NA,NA
"Zn",8.53729157346246,NA,17905.4151591846,NA,NA,NA
"Zn",8.51441411616095,NA,18003.1736722267,NA,NA,NA
"Zn",8.49153665885944,NA,18102.011538988,NA,NA,NA
"Zn",8.46865920155793,NA,18200.7625810715,NA,NA,NA
"Zn",8.44578174425643,NA,18303.5716224146,NA,NA,NA
"Zn",8.42290428695492,NA,18404.1939439326,NA,NA,NA
"Zn",8.40002682965341,NA,18493.4276123832,NA,NA,NA
"Zn",8.3771493723519,NA,18598.7888704681,NA,NA,NA
"Zn",8.35427191505039,NA,18710.0985056644,NA,NA,NA
"Zn",8.33139445774889,NA,18816.9477665293,NA,NA,NA
"Zn",8.30851700044738,NA,18915.2895741383,NA,NA,NA
"Zn",8.28563954314587,NA,19034.3464477935,NA,NA,NA
"Zn",8.26276208584436,NA,19154.6690957977,NA,NA,NA
"Zn",8.23988462854286,NA,19268.6867636282,NA,NA,NA
"Zn",8.21700717124135,NA,19385.0047597864,NA,NA,NA
"Zn",8.19412971393984,NA,19495.4721937784,NA,NA,NA
"Zn",8.17125225663833,NA,19604.4154710829,NA,NA,NA
"Zn",8.14837479933682,NA,19721.9190059336,NA,NA,NA
"Zn",8.12549734203531,NA,19848.3195493468,NA,NA,NA
"Zn",8.10261988473381,NA,19976.4332216783,NA,NA,NA
"Zn",8.0797424274323,NA,20105.9315922649,NA,NA,NA
"Zn",8.05686497013079,NA,20232.4238691893,NA,NA,NA
"Zn",8.03398751282928,NA,20359.0121565327,NA,NA,NA
"Zn",8.01111005552777,NA,20479.3109022231,NA,NA,NA
"Zn",7.98823259822627,NA,20603.5717621917,NA,NA,NA
"Zn",7.96535514092476,NA,20737.163538115,NA,NA,NA
"Zn",7.94247768362325,NA,20874.8094838518,NA,NA,NA
"Zn",7.91960022632174,NA,21013.217200306,NA,NA,NA
"Zn",7.89672276902024,NA,21152.2594048117,NA,NA,NA
"Zn",7.87384531171873,NA,21290.4561435167,NA,NA,NA
"Zn",7.85096785441722,NA,21430.3944780284,NA,NA,NA
"Zn",7.82809039711571,NA,21572.0978788717,NA,NA,NA
"Zn",7.8052129398142,NA,21715.1305697708,NA,NA,NA
"Zn",7.7823354825127,NA,21843.2111819465,NA,NA,NA
"Zn",7.75945802521119,NA,21997.3104239668,NA,NA,NA
"Zn",7.73658056790968,NA,22156.2425451802,NA,NA,NA
"Zn",7.71370311060817,NA,22297.0550438682,NA,NA,NA
"Zn",7.69082565330666,NA,22436.1009155771,NA,NA,NA
"Zn",7.66794819600516,NA,22592.6185225697,NA,NA,NA
"Zn",7.64507073870365,NA,22754.7535687205,NA,NA,NA
"Zn",7.62219328140214,NA,22909.8584297535,NA,NA,NA
"Zn",7.59931582410063,NA,23074.3572011551,NA,NA,NA
"Zn",7.57643836679912,NA,23230.7903337254,NA,NA,NA
"Zn",7.55356090949762,NA,23403.4831577688,NA,NA,NA
"Zn",7.53068345219611,NA,23578.383548606,NA,NA,NA
"Zn",7.5078059948946,NA,23752.6692499494,NA,NA,NA
"Zn",7.48492853759309,NA,23923.8122648951,NA,NA,NA
"Zn",7.46205108029158,NA,24097.1407727711,NA,NA,NA
"Zn",7.43917362299008,NA,24272.6845244323,NA,NA,NA
"Zn",7.41629616568857,NA,24450.1448363514,NA,NA,NA
"Zn",7.39341870838706,NA,24629.913631516,NA,NA,NA
"Zn",7.37054125108555,NA,24812.0778515853,NA,NA,NA
"Zn",7.34766379378405,NA,24984.3846921109,NA,NA,NA
"Zn",7.32478633648254,NA,25153.9508088252,NA,NA,NA
"Zn",7.30190887918103,NA,25330.2598889852,NA,NA,NA
"Zn",7.27903142187952,NA,25508.8326606521,NA,NA,NA
"Zn",7.25615396457801,NA,25689.7001468121,NA,NA,NA
"Zn",7.23327650727651,NA,25872.8938159251,NA,NA,NA
"Zn",7.210399049975,NA,26069.1133147212,NA,NA,NA
"Zn",7.18752159267349,NA,26272.21213749,NA,NA,NA
"Zn",7.16464413537198,NA,26487.4295948997,NA,NA,NA
"Zn",7.14176667807047,NA,26705.5618418271,NA,NA,NA
"Zn",7.11888922076897,NA,26926.649133315,NA,NA,NA
"Zn",7.09601176346746,NA,27146.5433143098,NA,NA,NA
"Zn",7.07313430616595,NA,27353.0023481521,NA,NA,NA
"Zn",7.05025684886444,NA,27564.6125302626,NA,NA,NA
"Zn",7.02737939156293,NA,27805.1697506241,NA,NA,NA
"Zn",7.00450193426143,NA,28034.7561446405,NA,NA,NA
"Zn",6.98162447695992,NA,28281.6270439766,NA,NA,NA
"Zn",6.95874701965841,NA,28498.487423516,NA,NA,NA
"Zn",6.9358695623569,NA,28712.4530923521,NA,NA,NA
"Zn",6.91299210505539,NA,28944.2371594257,NA,NA,NA
"Zn",6.89011464775389,NA,29197.8192732344,NA,NA,NA
"Zn",6.86723719045238,NA,29454.7755635553,NA,NA,NA
"Zn",6.84435973315087,NA,29715.1515142734,NA,NA,NA
"Zn",6.82148227584936,NA,29965.9301380507,NA,NA,NA
"Zn",6.79860481854785,NA,30217.6485662522,NA,NA,NA
"Zn",6.77572736124635,NA,30475.8109756652,NA,NA,NA
"Zn",6.75284990394484,NA,30749.251611778,NA,NA,NA
"Zn",6.72997244664333,NA,31026.4123298547,NA,NA,NA
"Zn",6.70709498934182,NA,31307.3448190315,NA,NA,NA
"Zn",6.68421753204032,NA,31602.2309524925,NA,NA,NA
"Zn",6.66134007473881,NA,31907.8420294689,NA,NA,NA
"Zn",6.6384626174373,NA,32192.7123356697,NA,NA,NA
"Zn",6.61558516013579,NA,32469.452450469,NA,NA,NA
"Zn",6.59270770283428,NA,32769.1996133198,NA,NA,NA
"Zn",6.56983024553278,NA,33055.6405684171,NA,NA,NA
"Zn",6.54695278823127,NA,33345.7772181095,NA,NA,NA
"Zn",6.52407533092976,NA,33622.8423310894,NA,NA,NA
"Zn",6.50119787362825,NA,33902.6022379881,NA,NA,NA
"Zn",6.47832041632674,NA,34216.6980008982,NA,NA,NA
"Zn",6.45544295902524,NA,34540.4462684974,NA,NA,NA
"Zn",6.43256550172373,NA,34889.3705046295,NA,NA,NA
"Zn",6.40968804442222,NA,35233.5737013486,NA,NA,NA
"Zn",6.38681058712071,NA,35582.1305104192,NA,NA,NA
"Zn",6.3639331298192,NA,35917.1523327765,NA,NA,NA
"Zn",6.3410556725177,NA,36241.961692532,NA,NA,NA
"Zn",6.31817821521619,NA,36570.2544314648,NA,NA,NA
"Zn",6.29530075791468,NA,36902.6925189285,NA,NA,NA
"Zn",6.27242330061317,NA,37239.3320437496,NA,NA,NA
"Zn",6.24954584331166,NA,37594.9153791429,NA,NA,NA
"Zn",6.22666838601016,NA,37966.4003681288,NA,NA,NA
"Zn",6.20379092870865,NA,38341.4053151589,NA,NA,NA
"Zn",6.18091347140714,NA,38727.1475697507,NA,NA,NA
"Zn",6.15803601410563,NA,39095.212193844,NA,NA,NA
"Zn",6.13515855680413,NA,39479.8085678323,NA,NA,NA
"Zn",6.11228109950262,NA,39857.3904662841,NA,NA,NA
"Zn",6.08940364220111,NA,40239.1913101224,NA,NA,NA
"Zn",6.0665261848996,NA,40625.9067859614,NA,NA,NA
"Zn",6.04364872759809,NA,41026.3076893624,NA,NA,NA
"Zn",6.02077127029658,NA,41447.7494685199,NA,NA,NA
"Zn",5.99789381299508,NA,41869.0697010369,NA,NA,NA
"Zn",5.97501635569357,NA,42297.7950765698,NA,NA,NA
"Zn",5.95213889839206,NA,42732.9652520458,NA,NA,NA
"Zn",5.92926144109055,NA,43170.1476753729,NA,NA,NA
"Zn",5.90638398378905,NA,43621.2183749905,NA,NA,NA
"Zn",5.88350652648754,NA,44069.9148127902,NA,NA,NA
"Zn",5.86062906918603,NA,44489.7431681491,NA,NA,NA
"Zn",5.83775161188452,NA,44974.353742122,NA,NA,NA
"Zn",5.81487415458301,NA,45471.2987536314,NA,NA,NA
"Zn",5.79199669728151,NA,45910.6884946306,NA,NA,NA
"Zn",5.76911923998,NA,46405.2206258059,NA,NA,NA
"Zn",5.74624178267849,NA,46868.4126628019,NA,NA,NA
"Zn",5.72336432537698,NA,47361.6590575209,NA,NA,NA
"Zn",5.70048686807547,NA,47871.2996320006,NA,NA,NA
"Zn",5.67760941077397,NA,48353.2572677855,NA,NA,NA
"Zn",5.65473195347246,NA,48866.8960859717,NA,NA,NA
"Zn",5.63185449617095,NA,49414.82420693,NA,NA,NA
"Zn",5.60897703886944,NA,49970.3898544983,NA,NA,NA
"Zn",5.58609958156793,NA,50506.7845288268,NA,NA,NA
"Zn",5.56322212426643,NA,51019.2434951583,NA,NA,NA
"Zn",5.54034466696492,NA,51584.9313902653,NA,NA,NA
"Zn",5.51746720966341,NA,52166.9269995956,NA,NA,NA
"Zn",5.4945897523619,NA,52727.6843410751,NA,NA,NA
"Zn",5.47171229506039,NA,53319.897097555,NA,NA,NA
"Zn",5.44883483775889,NA,53918.22144483,NA,NA,NA
"Zn",5.42595738045738,NA,54549.647705468,NA,NA,NA
"Zn",5.40307992315587,NA,55141.5251398265,NA,NA,NA
"Zn",5.38020246585436,NA,55778.5151085556,NA,NA,NA
"Zn",5.35732500855285,NA,56368.4250708211,NA,NA,NA
"Zn",5.33444755125135,NA,57012.8149710056,NA,NA,NA
"Zn",5.31157009394984,NA,57677.4255351118,NA,NA,NA
"Zn",5.28869263664833,NA,58319.3678462471,NA,NA,NA
"Zn",5.26581517934682,NA,58963.5587993907,NA,NA,NA
"Zn",5.24293772204532,NA,59627.4087209568,NA,NA,NA
"Zn",5.22006026474381,NA,60300.3481701252,NA,NA,NA
"Zn",5.1971828074423,NA,60982.5019541271,NA,NA,NA
"Zn",5.17430535014079,NA,61673.9965253935,NA,NA,NA
"Zn",5.15142789283928,NA,62374.9600002994,NA,NA,NA
"Zn",5.12855043553778,NA,63085.5221780179,NA,NA,NA
"Zn",5.10567297823627,NA,63821.3795841086,NA,NA,NA
"Zn",5.08279552093476,NA,64586.5364710001,NA,NA,NA
"Zn",5.05991806363325,NA,65362.5195595702,NA,NA,NA
"Zn",5.03704060633174,NA,66149.4780463524,NA,NA,NA
"Zn",5.01416314903024,NA,66947.5630283674,NA,NA,NA
"Zn",4.99128569172873,NA,67756.9275224001,NA,NA,NA
"Zn",4.96840823442722,NA,68564.0570147167,NA,NA,NA
"Zn",4.94553077712571,NA,69398.8052448691,NA,NA,NA
"Zn",4.9226533198242,NA,70210.4409826022,NA,NA,NA
"Zn",4.8997758625227,NA,71014.3660508218,NA,NA,NA
"Zn",4.87689840522119,NA,71829.1498369804,NA,NA,NA
"Zn",4.85402094791968,NA,72655.7677213839,NA,NA,NA
"Zn",4.83114349061817,NA,73491.405888392,NA,NA,NA
"Zn",4.80826603331666,NA,74320.260236867,NA,NA,NA
"Zn",4.78538857601516,NA,75197.778114034,NA,NA,NA
"Zn",4.76251111871365,NA,76069.1443319497,NA,NA,NA
"Zn",4.73963366141214,NA,76952.0799410355,NA,NA,NA
"Zn",4.71675620411063,NA,77845.4190512943,NA,NA,NA
"Zn",4.69387874680913,NA,78759.2619447705,NA,NA,NA
"Zn",4.67100128950762,NA,79712.6301403343,NA,NA,NA
"Zn",4.64812383220611,NA,80620.8472627311,NA,NA,NA
"Zn",4.6252463749046,NA,81541.1808105926,NA,NA,NA
"Zn",4.60236891760309,NA,82491.803362784,NA,NA,NA
"Zn",4.57949146030159,NA,83458.5886831886,NA,NA,NA
"Zn",4.55661400300008,NA,84438.4625390642,NA,NA,NA
"Zn",4.53373654569857,NA,85431.2838802483,NA,NA,NA
"Zn",4.51085908839706,NA,86472.8147203497,NA,NA,NA
"Zn",4.48798163109555,NA,87507.9501119419,NA,NA,NA
"Zn",4.46510417379405,NA,88535.5710506301,NA,NA,NA
"Zn",4.44222671649254,NA,89589.5404649398,NA,NA,NA
"Zn",4.41934925919103,NA,90673.9949775117,NA,NA,NA
"Zn",4.39647180188952,NA,91775.6366855445,NA,NA,NA
"Zn",4.37359434458801,NA,92879.4099444781,NA,NA,NA
"Zn",4.35071688728651,NA,93997.3923647799,NA,NA,NA
"Zn",4.327839429985,NA,95130.591146629,NA,NA,NA
"Zn",4.30496197268349,NA,96279.2073721915,NA,NA,NA
"Zn",4.28208451538198,NA,97444.136371432,NA,NA,NA
"Zn",4.25920705808047,NA,98643.9229923218,NA,NA,NA
"Zn",4.23632960077897,NA,99829.4452069397,NA,NA,NA
"Zn",4.21345214347746,NA,101051.617724159,NA,NA,NA
"Zn",4.19057468617595,NA,102309.08414662,NA,NA,NA
"Zn",4.16769722887444,NA,103583.781264181,NA,NA,NA
"Zn",4.14481977157293,NA,104875.934805012,NA,NA,NA
"Zn",4.12194231427143,NA,106185.704136079,NA,NA,NA
"Zn",4.09906485696992,NA,107513.355879972,NA,NA,NA
"Zn",4.07618739966841,NA,108859.156846512,NA,NA,NA
"Zn",4.0533099423669,NA,110223.115620873,NA,NA,NA
"Zn",4.0304324850654,NA,111605.033316142,NA,NA,NA
"Zn",4.00755502776389,NA,113005.796613737,NA,NA,NA
"Zn",3.98467757046238,NA,114425.649044816,NA,NA,NA
"Zn",3.96180011316087,NA,115832.242894348,NA,NA,NA
"Zn",3.93892265585936,NA,117255.136566243,NA,NA,NA
"Zn",3.91604519855786,NA,118696.534815162,NA,NA,NA
"Zn",3.89316774125635,NA,120180.328432735,NA,NA,NA
"Zn",3.87029028395484,NA,121653.103728809,NA,NA,NA
"Zn",3.84741282665333,NA,123145.593846797,NA,NA,NA
"Zn",3.82453536935182,NA,124655.201892244,NA,NA,NA
"Zn",3.80165791205032,NA,126194.35104313,NA,NA,NA
"Zn",3.77878045474881,NA,127753.869111758,NA,NA,NA
"Zn",3.7559029974473,NA,129335.467942838,NA,NA,NA
"Zn",3.73302554014579,NA,130937.280172619,NA,NA,NA
"Zn",3.71014808284428,NA,132581.514880519,NA,NA,NA
"Zn",3.68727062554278,NA,134274.852621996,NA,NA,NA
"Zn",3.66439316824127,NA,136024.217802848,NA,NA,NA
"Zn",3.64151571093976,NA,137806.522669232,NA,NA,NA
"Zn",3.61863825363825,NA,139583.954142878,NA,NA,NA
"Zn",3.59576079633674,NA,141380.619798863,NA,NA,NA
"Zn",3.57288333903524,NA,143243.432192337,NA,NA,NA
"Zn",3.55000588173373,NA,145116.466860275,NA,NA,NA
"Zn",3.52712842443222,NA,146889.848626712,NA,NA,NA
"Zn",3.50425096713071,NA,148801.580526938,NA,NA,NA
"Zn",3.48137350982921,NA,150741.459433497,NA,NA,NA
"Zn",3.4584960525277,NA,152704.058416385,NA,NA,NA
"Zn",3.43561859522619,NA,154626.237651361,NA,NA,NA
"Zn",3.41274113792468,NA,156530.28331922,NA,NA,NA
"Zn",3.38986368062317,NA,158487.567312088,NA,NA,NA
"Zn",3.36698622332167,NA,160527.559258793,NA,NA,NA
"Zn",3.34410876602016,NA,162655.751841069,NA,NA,NA
"Zn",3.32123130871865,NA,164719.386633936,NA,NA,NA
"Zn",3.29835385141714,NA,166816.597411499,NA,NA,NA
"Zn",3.27547639411563,NA,168969.753336377,NA,NA,NA
"Zn",3.25259893681413,NA,171200.785009236,NA,NA,NA
"Zn",3.22972147951262,NA,173382.180029421,NA,NA,NA
"Zn",3.20684402221111,NA,175589.493921555,NA,NA,NA
"Zn",3.1839665649096,NA,177811.329412169,NA,NA,NA
"Zn",3.16108910760809,NA,180052.632724042,NA,NA,NA
"Zn",3.13821165030659,NA,182357.003450374,NA,NA,NA
"Zn",3.11533419300508,NA,184702.099288113,NA,NA,NA
"Zn",3.09245673570357,NA,187077.713890198,NA,NA,NA
"Zn",3.06957927840206,NA,189484.186457907,NA,NA,NA
"Zn",3.04670182110055,NA,191921.857982811,NA,NA,NA
"Zn",3.02382436379905,NA,194391.071181085,NA,NA,NA
"Zn",3.00094690649754,NA,196892.170424247,NA,NA,NA
"Zn",2.97806944919603,NA,199425.139836004,NA,NA,NA
"Zn",2.95519199189452,NA,201989.080950212,NA,NA,NA
"Zn",2.93231453459302,NA,204585.897378773,NA,NA,NA
"Zn",2.90943707729151,NA,207215.9387177,NA,NA,NA
"Zn",2.88655961999,NA,209848.312340015,NA,NA,NA
"Zn",2.86368216268849,NA,212514.49202231,NA,NA,NA
"Zn",2.84080470538698,NA,215207.874266359,NA,NA,NA
"Zn",2.81792724808548,NA,217894.737811379,NA,NA,NA
"Zn",2.79504979078397,NA,220775.976496633,NA,NA,NA
"Zn",2.77217233348246,NA,223518.153635647,NA,NA,NA
"Zn",2.74929487618095,NA,226366.721005277,NA,NA,NA
"Zn",2.72641741887944,NA,229286.448080184,NA,NA,NA
"Zn",2.70353996157794,NA,232152.17932846,NA,NA,NA
"Zn",2.68066250427643,NA,235146.657634066,NA,NA,NA
"Zn",2.65778504697492,NA,238248.799638438,NA,NA,NA
"Zn",2.63490758967341,NA,241308.099839767,NA,NA,NA
"Zn",2.6120301323719,NA,244418.118178433,NA,NA,NA
"Zn",2.5891526750704,NA,247640.490912434,NA,NA,NA
"Zn",2.56627521776889,NA,250806.479536556,NA,NA,NA
"Zn",2.54339776046738,NA,253990.555527053,NA,NA,NA
"Zn",2.52052030316587,NA,257213.38673582,NA,NA,NA
"Zn",2.49764284586436,NA,260475.331917451,NA,NA,NA
"Zn",2.47476538856286,NA,263810.18476473,NA,NA,NA
"Zn",2.45188793126135,NA,267135.745168136,NA,NA,NA
"Zn",2.42901047395984,NA,270556.094434405,NA,NA,NA
"Zn",2.40613301665833,NA,273994.023858275,NA,NA,NA
"Zn",2.38325555935682,NA,277473.714573479,NA,NA,NA
"Zn",2.36037810205532,NA,280975.304994378,NA,NA,NA
"Zn",2.33750064475381,NA,284503.29814938,NA,NA,NA
"Zn",2.3146231874523,NA,288072.118691697,NA,NA,NA
"Zn",2.29174573015079,NA,291682.08469465,NA,NA,NA
"Zn",2.26886827284929,NA,295333.511524582,NA,NA,NA
"Zn",2.24599081554778,NA,299039.741246062,NA,NA,NA
"Zn",2.22311335824627,NA,302835.112179488,NA,NA,NA
"Zn",2.20023590094476,NA,306620.421039864,NA,NA,NA
"Zn",2.17735844364325,NA,310440.420452702,NA,NA,NA
"Zn",2.15448098634175,NA,314331.893944892,NA,NA,NA
"Zn",2.13160352904024,NA,318301.241751282,NA,NA,NA
"Zn",2.10872607173873,NA,322356.553880041,NA,NA,NA
"Zn",2.08584861443722,NA,326455.703902357,NA,NA,NA
"Zn",2.06297115713571,NA,330600.327859773,NA,NA,NA
"Zn",2.04009369983421,NA,334658.945142521,NA,NA,NA
"Zn",2.0172162425327,NA,338880.204576075,NA,NA,NA
"Zn",1.99433878523119,NA,343167.566970997,NA,NA,NA
"Zn",1.97146132792968,NA,347418.722993937,NA,NA,NA
"Zn",1.94858387062817,NA,351730.842533525,NA,NA,NA
"Zn",1.92570641332667,NA,356176.599000369,NA,NA,NA
"Zn",1.90282895602516,NA,360655.417996316,NA,NA,NA
"Zn",1.87995149872365,NA,365200.033162753,NA,NA,NA
"Zn",1.85707404142214,NA,369816.263690951,NA,NA,NA
"Zn",1.83419658412063,NA,374449.875876471,NA,NA,NA
"Zn",1.81131912681913,NA,378961.31969685,NA,NA,NA
"Zn",1.78844166951762,NA,383520.463558622,NA,NA,NA
"Zn",1.76556421221611,NA,388127.529443099,NA,NA,NA
"Zn",1.7426867549146,NA,392782.728878523,NA,NA,NA
"Zn",1.71980929761309,NA,397583.803156145,NA,NA,NA
"Zn",1.69693184031159,NA,402511.890794006,NA,NA,NA
"Zn",1.67405438301008,NA,407490.09014211,NA,NA,NA
"Zn",1.65117692570857,NA,412518.780845299,NA,NA,NA
"Zn",1.62829946840706,NA,417598.35890338,NA,NA,NA
"Zn",1.60542201110556,NA,422739.727937179,NA,NA,NA
"Zn",1.58254455380405,NA,427984.101283939,NA,NA,NA
"Zn",1.55966709650254,NA,433277.271281175,NA,NA,NA
"Zn",1.53678963920103,NA,438619.069809137,NA,NA,NA
"Zn",1.51391218189952,NA,444009.300106631,NA,NA,NA
"Zn",1.49103472459802,NA,449447.735541112,NA,NA,NA
"Zn",1.46815726729651,NA,454851.92994724,NA,NA,NA
"Zn",1.445279809995,NA,460271.971866421,NA,NA,NA
"Zn",1.42240235269349,NA,465740.884726758,NA,NA,NA
"Zn",1.39952489539198,NA,471256.795053392,NA,NA,NA
"Zn",1.37664743809048,NA,476842.196151318,NA,NA,NA
"Zn",1.35376998078897,NA,482530.449227014,NA,NA,NA
"Zn",1.33089252348746,NA,488268.474237561,NA,NA,NA
"Zn",1.30801506618595,NA,494055.972184129,NA,NA,NA
"Zn",1.28513760888444,NA,499947.028488711,NA,NA,NA
"Zn",1.26226015158294,NA,505784.677184683,NA,NA,NA
"Zn",1.23938269428143,NA,511719.0096196,NA,NA,NA
"Zn",1.21650523697992,NA,517739.490577594,NA,NA,NA
"Zn",1.19362777967841,NA,523854.405158986,NA,NA,NA
"Zn",1.1707503223769,NA,529884.896913178,NA,NA,NA
"Zn",1.1478728650754,NA,535957.055155775,NA,NA,NA
"Zn",1.12499540777389,NA,542101.074760937,NA,NA,NA
"Zn",1.10211795047238,NA,548313.9611085,NA,NA,NA
"Zn",1.07924049317087,NA,554570.926709862,NA,NA,NA
"Zn",1.05636303586936,NA,560871.141236366,NA,NA,NA
"Zn",1.03348557856786,NA,567192.666325246,NA,NA,NA
"Zn",1.01060812126635,NA,573544.297839755,NA,NA,NA
"Zn",0.987730663964841,NA,579939.072652611,NA,NA,NA
"Zn",0.964853206663333,NA,586376.153603637,NA,NA,NA
"Zn",0.941975749361825,NA,592927.093470179,NA,NA,NA
"Zn",0.919098292060317,NA,599529.709325188,NA,NA,NA
"Zn",0.896220834758809,NA,606104.928796167,NA,NA,NA
"Zn",0.873343377457301,NA,612647.636183266,NA,NA,NA
"Zn",0.850465920155793,NA,619171.674551529,NA,NA,NA
"Zn",0.827588462854285,NA,625826.598829077,NA,NA,NA
"Zn",0.804711005552778,NA,632405.63863578,NA,NA,NA
"Zn",0.78183354825127,NA,639011.754263634,NA,NA,NA
"Zn",0.758956090949762,NA,645891.039490359,NA,NA,NA
"Zn",0.736078633648254,NA,652687.942242025,NA,NA,NA
"Zn",0.713201176346746,NA,659215.421008846,NA,NA,NA
"Zn",0.690323719045238,NA,666032.893775237,NA,NA,NA
"Zn",0.66744626174373,NA,672885.981770245,NA,NA,NA
"Zn",0.644568804442222,NA,679753.80657758,NA,NA,NA
"Zn",0.621691347140714,NA,686633.326890261,NA,NA,NA
"Zn",0.598813889839206,NA,693522.096482498,NA,NA,NA
"Zn",0.575936432537698,NA,700416.78462168,NA,NA,NA
"Zn",0.55305897523619,NA,707313.816886798,NA,NA,NA
"Zn",0.530181517934682,NA,714209.352440349,NA,NA,NA
"Zn",0.507304060633174,NA,721099.257991525,NA,NA,NA
"Zn",0.484426603331667,NA,727979.077771682,NA,NA,NA
"Zn",0.461549146030159,NA,734843.998663026,NA,NA,NA
"Zn",0.438671688728651,NA,741688.730118799,NA,NA,NA
"Zn",0.415794231427143,NA,748506.132060667,NA,NA,NA
"Zn",0.392916774125635,NA,755175.711429683,NA,NA,NA
"Zn",0.370039316824127,NA,761795.498296161,NA,NA,NA
"Zn",0.347161859522619,NA,768365.389067463,NA,NA,NA
"Zn",0.324284402221111,NA,774877.565380439,NA,NA,NA
"Zn",0.301406944919603,NA,781411.513785176,NA,NA,NA
"Zn",0.278529487618095,NA,788075.788376336,NA,NA,NA
"Zn",0.255652030316587,NA,794481.170867054,NA,NA,NA
"Zn",0.232774573015079,NA,800837.049773145,NA,NA,NA
"Zn",0.209897115713571,NA,807118.456200458,NA,NA,NA
"Zn",0.187019658412063,NA,813276.74852828,NA,NA,NA
"Zn",0.164142201110556,NA,819288.816681487,NA,NA,NA
"Zn",0.141264743809048,NA,824868.593957222,NA,NA,NA
"Zn",0.11838728650754,NA,830227.458081544,NA,NA,NA
"Zn",0.0955098292060317,NA,835445.442547367,NA,NA,NA
"Zn",0.0726323719045238,NA,840521.171021703,NA,NA,NA
"Zn",0.0497549146030159,NA,845210.055956667,NA,NA,NA
"Zn",0.0268774573015079,NA,849065.5097204,NA,NA,NA
"Zn",0.004,NA,852561.846079062,NA,NA,NA
"Zn",NA,NA,NA,0.005,1173501,NA
"Zn",NA,NA,NA,0.005,1096765,NA
"Zn",NA,NA,NA,0.005,1044262,NA
"Zn",NA,NA,NA,0.005,1124456,NA
"Zn",NA,NA,NA,0.0417465793573515,1139901,NA
"Zn",NA,NA,NA,0.0417465793573515,1147812,NA
"Zn",NA,NA,NA,0.0417465793573515,1103506,NA
"Zn",NA,NA,NA,0.0417465793573515,1071627,NA
"Zn",NA,NA,NA,0.076451682083739,1186419,NA
"Zn",NA,NA,NA,0.076451682083739,1210116,NA
"Zn",NA,NA,NA,0.076451682083739,1100298,NA
"Zn",NA,NA,NA,0.076451682083739,1087617,NA
"Zn",NA,NA,NA,0.147903364167478,1078485,NA
"Zn",NA,NA,NA,0.147903364167478,1095339,NA
"Zn",NA,NA,NA,0.147903364167478,1121981,NA
"Zn",NA,NA,NA,0.147903364167478,1101389,NA
"Zn",NA,NA,NA,0.290806728334956,1107184,NA
"Zn",NA,NA,NA,0.290806728334956,1122333,NA
"Zn",NA,NA,NA,0.290806728334956,1112052,NA
"Zn",NA,NA,NA,0.290806728334956,1159712,NA
"Zn",NA,NA,NA,0.578654933300876,1057346,NA
"Zn",NA,NA,NA,0.578654933300876,1034531,NA
"Zn",NA,NA,NA,0.578654933300876,949948,NA
"Zn",NA,NA,NA,0.578654933300876,966539,NA
"Zn",NA,NA,NA,1.15435134323272,843933,NA
"Zn",NA,NA,NA,1.15435134323272,763182,NA
"Zn",NA,NA,NA,1.15435134323272,738854,NA
"Zn",NA,NA,NA,1.15435134323272,784168,NA
"Zn",NA,NA,NA,2.30166120983447,466543,NA
"Zn",NA,NA,NA,2.30166120983447,487049,NA
"Zn",NA,NA,NA,2.30166120983447,480047,NA
"Zn",NA,NA,NA,2.30166120983447,486467,NA
"Zn",NA,NA,NA,4.59832241966894,180908,NA
"Zn",NA,NA,NA,4.59832241966894,194547,NA
"Zn",NA,NA,NA,4.59832241966894,169621,NA
"Zn",NA,NA,NA,4.59832241966894,169833,NA
"Zn",NA,NA,NA,9.19164483933788,42693,NA
"Zn",NA,NA,NA,9.19164483933788,46986,NA
"Zn",NA,NA,NA,9.19164483933788,31558,NA
"Zn",NA,NA,NA,9.19164483933788,34942,NA
"Zn",NA,NA,NA,18.3782896786758,4139,NA
"Zn",NA,NA,NA,18.3782896786758,3439,NA
"Zn",NA,NA,NA,18.3782896786758,4335,NA
"Zn",NA,NA,NA,18.3782896786758,3945,NA
"Zn",NA,NA,NA,0.005,848432,NA
"Zn",NA,NA,NA,0.005,820150,NA
"Zn",NA,NA,NA,0.005,805319,NA
"Zn",NA,NA,NA,0.005,771091,NA
"Zn",NA,NA,NA,0.0417465793573515,783243,NA
"Zn",NA,NA,NA,0.0417465793573515,895111,NA
"Zn",NA,NA,NA,0.0417465793573515,806369,NA
"Zn",NA,NA,NA,0.0417465793573515,981288,NA
"Zn",NA,NA,NA,0.076451682083739,878408,NA
"Zn",NA,NA,NA,0.076451682083739,854505,NA
"Zn",NA,NA,NA,0.076451682083739,847626,NA
"Zn",NA,NA,NA,0.076451682083739,904590,NA
"Zn",NA,NA,NA,0.147903364167478,821182,NA
"Zn",NA,NA,NA,0.147903364167478,904034,NA
"Zn",NA,NA,NA,0.147903364167478,866163,NA
"Zn",NA,NA,NA,0.147903364167478,854936,NA
"Zn",NA,NA,NA,0.290806728334956,830974,NA
"Zn",NA,NA,NA,0.290806728334956,942553,NA
"Zn",NA,NA,NA,0.290806728334956,874652,NA
"Zn",NA,NA,NA,0.290806728334956,920294,NA
"Zn",NA,NA,NA,0.578654933300876,825235,NA
"Zn",NA,NA,NA,0.578654933300876,777622,NA
"Zn",NA,NA,NA,0.578654933300876,771782,NA
"Zn",NA,NA,NA,0.578654933300876,785691,NA
"Zn",NA,NA,NA,1.15435134323272,573615,NA
"Zn",NA,NA,NA,1.15435134323272,612653,NA
"Zn",NA,NA,NA,1.15435134323272,545190,NA
"Zn",NA,NA,NA,1.15435134323272,585971,NA
"Zn",NA,NA,NA,2.30166120983447,381765,NA
"Zn",NA,NA,NA,2.30166120983447,390060,NA
"Zn",NA,NA,NA,2.30166120983447,344130,NA
"Zn",NA,NA,NA,2.30166120983447,371338,NA
"Zn",NA,NA,NA,4.59832241966894,121819,NA
"Zn",NA,NA,NA,4.59832241966894,155035,NA
"Zn",NA,NA,NA,4.59832241966894,120268,NA
"Zn",NA,NA,NA,4.59832241966894,151228,NA
"Zn",NA,NA,NA,9.19164483933788,27405,NA
"Zn",NA,NA,NA,9.19164483933788,27639,NA
"Zn",NA,NA,NA,9.19164483933788,21039,NA
"Zn",NA,NA,NA,9.19164483933788,22265,NA
"Zn",NA,NA,NA,18.3782896786758,3486,NA
"Zn",NA,NA,NA,18.3782896786758,3072,NA
"Zn",NA,NA,NA,18.3782896786758,1924,NA
"Zn",NA,NA,NA,18.3782896786758,2715,NA
"Zn",NA,NA,NA,0.005,441649,NA
"Zn",NA,NA,NA,0.005,489149,NA
"Zn",NA,NA,NA,0.005,424427,NA
"Zn",NA,NA,NA,0.005,416599,NA
"Zn",NA,NA,NA,0.0417465793573515,490119,NA
"Zn",NA,NA,NA,0.0417465793573515,471575,NA
"Zn",NA,NA,NA,0.0417465793573515,517105,NA
"Zn",NA,NA,NA,0.0417465793573515,421828,NA
"Zn",NA,NA,NA,0.076451682083739,497965,NA
"Zn",NA,NA,NA,0.076451682083739,493350,NA
"Zn",NA,NA,NA,0.076451682083739,412725,NA
"Zn",NA,NA,NA,0.076451682083739,487728,NA
"Zn",NA,NA,NA,0.147903364167478,467258,NA
"Zn",NA,NA,NA,0.147903364167478,492642,NA
"Zn",NA,NA,NA,0.147903364167478,458510,NA
"Zn",NA,NA,NA,0.147903364167478,518596,NA
"Zn",NA,NA,NA,0.290806728334956,480494,NA
"Zn",NA,NA,NA,0.290806728334956,475556,NA
"Zn",NA,NA,NA,0.290806728334956,480497,NA
"Zn",NA,NA,NA,0.290806728334956,490046,NA
"Zn",NA,NA,NA,0.578654933300876,458573,NA
"Zn",NA,NA,NA,0.578654933300876,418173,NA
"Zn",NA,NA,NA,0.578654933300876,399020,NA
"Zn",NA,NA,NA,0.578654933300876,367448,NA
"Zn",NA,NA,NA,1.15435134323272,273219,NA
"Zn",NA,NA,NA,1.15435134323272,279857,NA
"Zn",NA,NA,NA,1.15435134323272,278817,NA
"Zn",NA,NA,NA,1.15435134323272,284487,NA
"Zn",NA,NA,NA,2.30166120983447,176994,NA
"Zn",NA,NA,NA,2.30166120983447,173102,NA
"Zn",NA,NA,NA,2.30166120983447,145875,NA
"Zn",NA,NA,NA,2.30166120983447,149888,NA
"Zn",NA,NA,NA,4.59832241966894,10629,NA
"Zn",NA,NA,NA,4.59832241966894,16887,NA
"Zn",NA,NA,NA,4.59832241966894,17854,NA
"Zn",NA,NA,NA,4.59832241966894,18895,NA
"Zn",NA,NA,NA,9.19164483933788,405,NA
"Zn",NA,NA,NA,9.19164483933788,193,NA
"Zn",NA,NA,NA,9.19164483933788,350,NA
"Zn",NA,NA,NA,9.19164483933788,193,NA
"Zn",NA,NA,NA,18.3782896786758,4298,NA
"Zn",NA,NA,NA,18.3782896786758,3079,NA
"Zn",NA,NA,NA,18.3782896786758,5433,NA
"Zn",NA,NA,NA,18.3782896786758,2324,NA
"Zn",NA,NA,NA,0.005,404461,NA
"Zn",NA,NA,NA,0.005,407664,NA
"Zn",NA,NA,NA,0.005,360829,NA
"Zn",NA,NA,NA,0.005,389261,NA
"Zn",NA,NA,NA,0.0417465793573515,387579,NA
"Zn",NA,NA,NA,0.0417465793573515,421504,NA
"Zn",NA,NA,NA,0.0417465793573515,400163,NA
"Zn",NA,NA,NA,0.0417465793573515,406411,NA
"Zn",NA,NA,NA,0.076451682083739,416303,NA
"Zn",NA,NA,NA,0.076451682083739,451921,NA
"Zn",NA,NA,NA,0.076451682083739,358263,NA
"Zn",NA,NA,NA,0.076451682083739,380241,NA
"Zn",NA,NA,NA,0.147903364167478,409843,NA
"Zn",NA,NA,NA,0.147903364167478,439368,NA
"Zn",NA,NA,NA,0.147903364167478,430374,NA
"Zn",NA,NA,NA,0.147903364167478,421351,NA
"Zn",NA,NA,NA,0.290806728334956,419767,NA
"Zn",NA,NA,NA,0.290806728334956,429799,NA
"Zn",NA,NA,NA,0.290806728334956,443482,NA
"Zn",NA,NA,NA,0.290806728334956,429123,NA
"Zn",NA,NA,NA,0.578654933300876,351729,NA
"Zn",NA,NA,NA,0.578654933300876,333029,NA
"Zn",NA,NA,NA,0.578654933300876,328442,NA
"Zn",NA,NA,NA,0.578654933300876,319917,NA
"Zn",NA,NA,NA,1.15435134323272,227558,NA
"Zn",NA,NA,NA,1.15435134323272,272234,NA
"Zn",NA,NA,NA,1.15435134323272,202295,NA
"Zn",NA,NA,NA,1.15435134323272,203538,NA
"Zn",NA,NA,NA,2.30166120983447,124802,NA
"Zn",NA,NA,NA,2.30166120983447,124316,NA
"Zn",NA,NA,NA,2.30166120983447,106922,NA
"Zn",NA,NA,NA,2.30166120983447,128131,NA
"Zn",NA,NA,NA,4.59832241966894,10765,NA
"Zn",NA,NA,NA,4.59832241966894,20818,NA
"Zn",NA,NA,NA,4.59832241966894,19965,NA
"Zn",NA,NA,NA,4.59832241966894,23350,NA
"Zn",NA,NA,NA,9.19164483933788,425,NA
"Zn",NA,NA,NA,9.19164483933788,198,NA
"Zn",NA,NA,NA,9.19164483933788,198,NA
"Zn",NA,NA,NA,9.19164483933788,198,NA
"Zn",NA,NA,NA,18.3782896786758,4506,NA
"Zn",NA,NA,NA,18.3782896786758,4951,NA
"Zn",NA,NA,NA,18.3782896786758,4872,NA
"Zn",NA,NA,NA,18.3782896786758,2480,NA
"Zn",NA,NA,NA,0.004,273977,NA
"Zn",NA,NA,NA,0.004,258861,NA
"Zn",NA,NA,NA,0.004,245711,NA
"Zn",NA,NA,NA,0.004,262002,NA
"Zn",NA,NA,NA,0.0497091596884128,286716,NA
"Zn",NA,NA,NA,0.0497091596884128,254492,NA
"Zn",NA,NA,NA,0.0497091596884128,258076,NA
"Zn",NA,NA,NA,0.0497091596884128,247127,NA
"Zn",NA,NA,NA,0.0928789216163583,270667,NA
"Zn",NA,NA,NA,0.0928789216163583,312258,NA
"Zn",NA,NA,NA,0.0928789216163583,227336,NA
"Zn",NA,NA,NA,0.0928789216163583,232032,NA
"Zn",NA,NA,NA,0.181757843232717,280085,NA
"Zn",NA,NA,NA,0.181757843232717,247852,NA
"Zn",NA,NA,NA,0.181757843232717,251955,NA
"Zn",NA,NA,NA,0.181757843232717,266190,NA
"Zn",NA,NA,NA,0.359515686465433,236979,NA
"Zn",NA,NA,NA,0.359515686465433,247801,NA
"Zn",NA,NA,NA,0.359515686465433,275461,NA
"Zn",NA,NA,NA,0.359515686465433,241496,NA
"Zn",NA,NA,NA,0.717570770691334,207442,NA
"Zn",NA,NA,NA,0.717570770691334,230505,NA
"Zn",NA,NA,NA,0.717570770691334,225537,NA
"Zn",NA,NA,NA,0.717570770691334,235946,NA
"Zn",NA,NA,NA,1.43368093914313,160575,NA
"Zn",NA,NA,NA,1.43368093914313,175321,NA
"Zn",NA,NA,NA,1.43368093914313,139779,NA
"Zn",NA,NA,NA,1.43368093914313,163215,NA
"Zn",NA,NA,NA,2.8608224805258,119006,NA
"Zn",NA,NA,NA,2.8608224805258,110921,NA
"Zn",NA,NA,NA,2.8608224805258,85455,NA
"Zn",NA,NA,NA,2.8608224805258,101860,NA
"Zn",NA,NA,NA,5.71764496105161,35928,NA
"Zn",NA,NA,NA,5.71764496105161,45406,NA
"Zn",NA,NA,NA,5.71764496105161,39480,NA
"Zn",NA,NA,NA,5.71764496105161,33121,NA
"Zn",NA,NA,NA,11.4312899221032,12652,NA
"Zn",NA,NA,NA,11.4312899221032,9680,NA
"Zn",NA,NA,NA,11.4312899221032,10876,NA
"Zn",NA,NA,NA,11.4312899221032,6870,NA
"Zn",NA,NA,NA,22.8585798442064,466,NA
"Zn",NA,NA,NA,22.8585798442064,1122,NA
"Zn",NA,NA,NA,22.8585798442064,367,NA
"Zn",NA,NA,NA,22.8585798442064,233,NA
"Zn",NA,NA,NA,0.004,335546,NA
"Zn",NA,NA,NA,0.004,331388,NA
"Zn",NA,NA,NA,0.004,314324,NA
"Zn",NA,NA,NA,0.004,296378,NA
"Zn",NA,NA,NA,0.0497091596884128,347040,NA
"Zn",NA,NA,NA,0.0497091596884128,330846,NA
"Zn",NA,NA,NA,0.0497091596884128,352357,NA
"Zn",NA,NA,NA,0.0497091596884128,270050,NA
"Zn",NA,NA,NA,0.0928789216163583,334756,NA
"Zn",NA,NA,NA,0.0928789216163583,363064,NA
"Zn",NA,NA,NA,0.0928789216163583,321472,NA
"Zn",NA,NA,NA,0.0928789216163583,276384,NA
"Zn",NA,NA,NA,0.181757843232717,323381,NA
"Zn",NA,NA,NA,0.181757843232717,359494,NA
"Zn",NA,NA,NA,0.181757843232717,312765,NA
"Zn",NA,NA,NA,0.181757843232717,315754,NA
"Zn",NA,NA,NA,0.359515686465433,266691,NA
"Zn",NA,NA,NA,0.359515686465433,322441,NA
"Zn",NA,NA,NA,0.359515686465433,309748,NA
"Zn",NA,NA,NA,0.359515686465433,334042,NA
"Zn",NA,NA,NA,0.717570770691334,288727,NA
"Zn",NA,NA,NA,0.717570770691334,291891,NA
"Zn",NA,NA,NA,0.717570770691334,260947,NA
"Zn",NA,NA,NA,0.717570770691334,302255,NA
"Zn",NA,NA,NA,1.43368093914313,160642,NA
"Zn",NA,NA,NA,1.43368093914313,205819,NA
"Zn",NA,NA,NA,1.43368093914313,195261,NA
"Zn",NA,NA,NA,1.43368093914313,160982,NA
"Zn",NA,NA,NA,2.8608224805258,143293,NA
"Zn",NA,NA,NA,2.8608224805258,173963,NA
"Zn",NA,NA,NA,2.8608224805258,124660,NA
"Zn",NA,NA,NA,2.8608224805258,159132,NA
"Zn",NA,NA,NA,5.71764496105161,51626,NA
"Zn",NA,NA,NA,5.71764496105161,59282,NA
"Zn",NA,NA,NA,5.71764496105161,56704,NA
"Zn",NA,NA,NA,5.71764496105161,55896,NA
"Zn",NA,NA,NA,11.4312899221032,7853,NA
"Zn",NA,NA,NA,11.4312899221032,8824,NA
"Zn",NA,NA,NA,11.4312899221032,13118,NA
"Zn",NA,NA,NA,11.4312899221032,15128,NA
"Zn",NA,NA,NA,22.8585798442064,2797,NA
"Zn",NA,NA,NA,22.8585798442064,3101,NA
"Zn",NA,NA,NA,22.8585798442064,826,NA
"Zn",NA,NA,NA,22.8585798442064,1796,NA
"Zn",NA,NA,NA,0.0055,876746,NA
"Zn",NA,NA,NA,0.0055,934935,NA
"Zn",NA,NA,NA,0.0055,797491,NA
"Zn",NA,NA,NA,0.0055,874720,NA
"Zn",NA,NA,NA,0.0369017711781889,857650,NA
"Zn",NA,NA,NA,0.0369017711781889,863379,NA
"Zn",NA,NA,NA,0.0369017711781889,853310,NA
"Zn",NA,NA,NA,0.0369017711781889,870362,NA
"Zn",NA,NA,NA,0.0665589995131451,926788,NA
"Zn",NA,NA,NA,0.0665589995131451,849160,NA
"Zn",NA,NA,NA,0.0665589995131451,807219,NA
"Zn",NA,NA,NA,0.0665589995131451,772424,NA
"Zn",NA,NA,NA,0.12761799902629,816575,NA
"Zn",NA,NA,NA,0.12761799902629,880983,NA
"Zn",NA,NA,NA,0.12761799902629,920266,NA
"Zn",NA,NA,NA,0.12761799902629,847270,NA
"Zn",NA,NA,NA,0.24973599805258,879632,NA
"Zn",NA,NA,NA,0.24973599805258,860833,NA
"Zn",NA,NA,NA,0.24973599805258,847004,NA
"Zn",NA,NA,NA,0.24973599805258,903155,NA
"Zn",NA,NA,NA,0.495716538948393,714006,NA
"Zn",NA,NA,NA,0.495716538948393,655373,NA
"Zn",NA,NA,NA,0.495716538948393,611090,NA
"Zn",NA,NA,NA,0.495716538948393,610491,NA
"Zn",NA,NA,NA,0.987677620740019,515439,NA
"Zn",NA,NA,NA,0.987677620740019,562223,NA
"Zn",NA,NA,NA,0.987677620740019,491371,NA
"Zn",NA,NA,NA,0.987677620740019,526419,NA
"Zn",NA,NA,NA,1.96811069863681,280042,NA
"Zn",NA,NA,NA,1.96811069863681,279418,NA
"Zn",NA,NA,NA,1.96811069863681,343772,NA
"Zn",NA,NA,NA,1.96811069863681,292853,NA
"Zn",NA,NA,NA,3.93072139727361,70309,NA
"Zn",NA,NA,NA,3.93072139727361,82787,NA
"Zn",NA,NA,NA,3.93072139727361,59852,NA
"Zn",NA,NA,NA,3.93072139727361,64858,NA
"Zn",NA,NA,NA,7.85594279454722,7497,NA
"Zn",NA,NA,NA,7.85594279454722,5601,NA
"Zn",NA,NA,NA,7.85594279454722,5660,NA
"Zn",NA,NA,NA,7.85594279454722,8022,NA
"Zn",NA,NA,NA,15.7063855890944,1489,NA
"Zn",NA,NA,NA,15.7063855890944,2466,NA
"Zn",NA,NA,NA,15.7063855890944,2052,NA
"Zn",NA,NA,NA,15.7063855890944,1897,NA
"Zn",NA,NA,NA,0.0055,454775,NA
"Zn",NA,NA,NA,0.0055,502046,NA
"Zn",NA,NA,NA,0.0055,459135,NA
"Zn",NA,NA,NA,0.0055,458086,NA
"Zn",NA,NA,NA,0.0369017711781889,527780,NA
"Zn",NA,NA,NA,0.0369017711781889,531151,NA
"Zn",NA,NA,NA,0.0369017711781889,483973,NA
"Zn",NA,NA,NA,0.0369017711781889,452925,NA
"Zn",NA,NA,NA,0.0665589995131451,580793,NA
"Zn",NA,NA,NA,0.0665589995131451,497915,NA
"Zn",NA,NA,NA,0.0665589995131451,455756,NA
"Zn",NA,NA,NA,0.0665589995131451,481351,NA
"Zn",NA,NA,NA,0.12761799902629,508249,NA
"Zn",NA,NA,NA,0.12761799902629,491879,NA
"Zn",NA,NA,NA,0.12761799902629,480309,NA
"Zn",NA,NA,NA,0.12761799902629,474470,NA
"Zn",NA,NA,NA,0.24973599805258,513224,NA
"Zn",NA,NA,NA,0.24973599805258,522463,NA
"Zn",NA,NA,NA,0.24973599805258,467328,NA
"Zn",NA,NA,NA,0.24973599805258,454259,NA
"Zn",NA,NA,NA,0.495716538948393,389675,NA
"Zn",NA,NA,NA,0.495716538948393,433554,NA
"Zn",NA,NA,NA,0.495716538948393,368151,NA
"Zn",NA,NA,NA,0.495716538948393,373303,NA
"Zn",NA,NA,NA,0.987677620740019,302464,NA
"Zn",NA,NA,NA,0.987677620740019,275517,NA
"Zn",NA,NA,NA,0.987677620740019,248436,NA
"Zn",NA,NA,NA,0.987677620740019,279550,NA
"Zn",NA,NA,NA,1.96811069863681,218933,NA
"Zn",NA,NA,NA,1.96811069863681,248576,NA
"Zn",NA,NA,NA,1.96811069863681,204066,NA
"Zn",NA,NA,NA,1.96811069863681,198323,NA
"Zn",NA,NA,NA,3.93072139727361,56934,NA
"Zn",NA,NA,NA,3.93072139727361,61107,NA
"Zn",NA,NA,NA,3.93072139727361,57917,NA
"Zn",NA,NA,NA,3.93072139727361,62836,NA
"Zn",NA,NA,NA,7.85594279454722,5828,NA
"Zn",NA,NA,NA,7.85594279454722,8830,NA
"Zn",NA,NA,NA,7.85594279454722,6519,NA
"Zn",NA,NA,NA,7.85594279454722,6007,NA
"Zn",NA,NA,NA,15.7063855890944,1613,NA
"Zn",NA,NA,NA,15.7063855890944,2398,NA
"Zn",NA,NA,NA,15.7063855890944,626,NA
"Zn",NA,NA,NA,15.7063855890944,788,NA
"Zn",NA,NA,NA,0.0055,898913,NA
"Zn",NA,NA,NA,0.0055,952108,NA
"Zn",NA,NA,NA,0.0055,755498,NA
"Zn",NA,NA,NA,0.0055,938430,NA
"Zn",NA,NA,NA,0.0369017711781889,926378,NA
"Zn",NA,NA,NA,0.0369017711781889,905595,NA
"Zn",NA,NA,NA,0.0369017711781889,827260,NA
"Zn",NA,NA,NA,0.0369017711781889,799388,NA
"Zn",NA,NA,NA,0.0665589995131451,859723,NA
"Zn",NA,NA,NA,0.0665589995131451,895696,NA
"Zn",NA,NA,NA,0.0665589995131451,973112,NA
"Zn",NA,NA,NA,0.0665589995131451,839022,NA
"Zn",NA,NA,NA,0.12761799902629,935655,NA
"Zn",NA,NA,NA,0.12761799902629,846841,NA
"Zn",NA,NA,NA,0.12761799902629,849651,NA
"Zn",NA,NA,NA,0.12761799902629,801591,NA
"Zn",NA,NA,NA,0.24973599805258,849595,NA
"Zn",NA,NA,NA,0.24973599805258,889826,NA
"Zn",NA,NA,NA,0.24973599805258,849474,NA
"Zn",NA,NA,NA,0.24973599805258,833461,NA
"Zn",NA,NA,NA,0.495716538948393,768949,NA
"Zn",NA,NA,NA,0.495716538948393,753320,NA
"Zn",NA,NA,NA,0.495716538948393,709621,NA
"Zn",NA,NA,NA,0.495716538948393,678422,NA
"Zn",NA,NA,NA,0.987677620740019,576018,NA
"Zn",NA,NA,NA,0.987677620740019,561552,NA
"Zn",NA,NA,NA,0.987677620740019,544463,NA
"Zn",NA,NA,NA,0.987677620740019,502084,NA
"Zn",NA,NA,NA,1.96811069863681,420667,NA
"Zn",NA,NA,NA,1.96811069863681,394726,NA
"Zn",NA,NA,NA,1.96811069863681,399464,NA
"Zn",NA,NA,NA,1.96811069863681,377495,NA
"Zn",NA,NA,NA,3.93072139727361,95711,NA
"Zn",NA,NA,NA,3.93072139727361,93192,NA
"Zn",NA,NA,NA,3.93072139727361,101028,NA
"Zn",NA,NA,NA,3.93072139727361,90030,NA
"Zn",NA,NA,NA,7.85594279454722,18868,NA
"Zn",NA,NA,NA,7.85594279454722,14848,NA
"Zn",NA,NA,NA,7.85594279454722,10761,NA
"Zn",NA,NA,NA,7.85594279454722,14472,NA
"Zn",NA,NA,NA,15.7063855890944,3025,NA
"Zn",NA,NA,NA,15.7063855890944,4696,NA
"Zn",NA,NA,NA,15.7063855890944,1867,NA
"Zn",NA,NA,NA,15.7063855890944,1964,NA
"Zn",NA,NA,NA,0.0055,473902,NA
"Zn",NA,NA,NA,0.0055,497432,NA
"Zn",NA,NA,NA,0.0055,470594,NA
"Zn",NA,NA,NA,0.0055,478465,NA
"Zn",NA,NA,NA,0.0369017711781889,453690,NA
"Zn",NA,NA,NA,0.0369017711781889,507181,NA
"Zn",NA,NA,NA,0.0369017711781889,415409,NA
"Zn",NA,NA,NA,0.0369017711781889,450210,NA
"Zn",NA,NA,NA,0.0665589995131451,476970,NA
"Zn",NA,NA,NA,0.0665589995131451,497362,NA
"Zn",NA,NA,NA,0.0665589995131451,473770,NA
"Zn",NA,NA,NA,0.0665589995131451,471668,NA
"Zn",NA,NA,NA,0.12761799902629,477651,NA
"Zn",NA,NA,NA,0.12761799902629,442200,NA
"Zn",NA,NA,NA,0.12761799902629,447068,NA
"Zn",NA,NA,NA,0.12761799902629,434334,NA
"Zn",NA,NA,NA,0.24973599805258,447583,NA
"Zn",NA,NA,NA,0.24973599805258,466285,NA
"Zn",NA,NA,NA,0.24973599805258,437244,NA
"Zn",NA,NA,NA,0.24973599805258,450846,NA
"Zn",NA,NA,NA,0.495716538948393,361436,NA
"Zn",NA,NA,NA,0.495716538948393,399444,NA
"Zn",NA,NA,NA,0.495716538948393,337146,NA
"Zn",NA,NA,NA,0.495716538948393,335522,NA
"Zn",NA,NA,NA,0.987677620740019,309338,NA
"Zn",NA,NA,NA,0.987677620740019,319348,NA
"Zn",NA,NA,NA,0.987677620740019,278989,NA
"Zn",NA,NA,NA,0.987677620740019,308846,NA
"Zn",NA,NA,NA,1.96811069863681,210755,NA
"Zn",NA,NA,NA,1.96811069863681,193229,NA
"Zn",NA,NA,NA,1.96811069863681,188272,NA
"Zn",NA,NA,NA,1.96811069863681,203793,NA
"Zn",NA,NA,NA,3.93072139727361,72071,NA
"Zn",NA,NA,NA,3.93072139727361,76454,NA
"Zn",NA,NA,NA,3.93072139727361,60170,NA
"Zn",NA,NA,NA,3.93072139727361,66480,NA
"Zn",NA,NA,NA,7.85594279454722,15314,NA
"Zn",NA,NA,NA,7.85594279454722,12814,NA
"Zn",NA,NA,NA,7.85594279454722,13588,NA
"Zn",NA,NA,NA,7.85594279454722,9548,NA
"Zn",NA,NA,NA,15.7063855890944,2574,NA
"Zn",NA,NA,NA,15.7063855890944,1388,NA
"Zn",NA,NA,NA,15.7063855890944,84,NA
"Zn",NA,NA,NA,15.7063855890944,1750,NA
"Zn",NA,NA,NA,0.0055,634481,NA
"Zn",NA,NA,NA,0.0055,708650,NA
"Zn",NA,NA,NA,0.0055,646324,NA
"Zn",NA,NA,NA,0.0055,692911,NA
"Zn",NA,NA,NA,0.0369017711781889,643585,NA
"Zn",NA,NA,NA,0.0369017711781889,742445,NA
"Zn",NA,NA,NA,0.0369017711781889,649093,NA
"Zn",NA,NA,NA,0.0369017711781889,712179,NA
"Zn",NA,NA,NA,0.0665589995131451,709047,NA
"Zn",NA,NA,NA,0.0665589995131451,690836,NA
"Zn",NA,NA,NA,0.0665589995131451,701285,NA
"Zn",NA,NA,NA,0.0665589995131451,616561,NA
"Zn",NA,NA,NA,0.12761799902629,663018,NA
"Zn",NA,NA,NA,0.12761799902629,725746,NA
"Zn",NA,NA,NA,0.12761799902629,657541,NA
"Zn",NA,NA,NA,0.12761799902629,718481,NA
"Zn",NA,NA,NA,0.24973599805258,749134,NA
"Zn",NA,NA,NA,0.24973599805258,687117,NA
"Zn",NA,NA,NA,0.24973599805258,664305,NA
"Zn",NA,NA,NA,0.24973599805258,701067,NA
"Zn",NA,NA,NA,0.495716538948393,566025,NA
"Zn",NA,NA,NA,0.495716538948393,583233,NA
"Zn",NA,NA,NA,0.495716538948393,527805,NA
"Zn",NA,NA,NA,0.495716538948393,503559,NA
"Zn",NA,NA,NA,0.987677620740019,416807,NA
"Zn",NA,NA,NA,0.987677620740019,463460,NA
"Zn",NA,NA,NA,0.987677620740019,423449,NA
"Zn",NA,NA,NA,0.987677620740019,486774,NA
"Zn",NA,NA,NA,1.96811069863681,287888,NA
"Zn",NA,NA,NA,1.96811069863681,341148,NA
"Zn",NA,NA,NA,1.96811069863681,305399,NA
"Zn",NA,NA,NA,1.96811069863681,267263,NA
"Zn",NA,NA,NA,3.93072139727361,93542,NA
"Zn",NA,NA,NA,3.93072139727361,81604,NA
"Zn",NA,NA,NA,3.93072139727361,75584,NA
"Zn",NA,NA,NA,3.93072139727361,87863,NA
"Zn",NA,NA,NA,7.85594279454722,11409,NA
"Zn",NA,NA,NA,7.85594279454722,11244,NA
"Zn",NA,NA,NA,7.85594279454722,8037,NA
"Zn",NA,NA,NA,7.85594279454722,7904,NA
"Zn",NA,NA,NA,15.7063855890944,1721,NA
"Zn",NA,NA,NA,15.7063855890944,3891,NA
"Zn",NA,NA,NA,15.7063855890944,1467,NA
"Zn",NA,NA,NA,15.7063855890944,2396,NA
"Zn",NA,NA,NA,0.0065,829347,NA
"Zn",NA,NA,NA,0.0065,769718,NA
"Zn",NA,NA,NA,0.0065,769718,NA
"Zn",NA,NA,NA,0.0065,820694,NA
"Zn",NA,NA,NA,0.0359987575462512,811202,NA
"Zn",NA,NA,NA,0.0359987575462512,842168,NA
"Zn",NA,NA,NA,0.0359987575462512,871299,NA
"Zn",NA,NA,NA,0.0359987575462512,802262,NA
"Zn",NA,NA,NA,0.0638586952288218,788120,NA
"Zn",NA,NA,NA,0.0638586952288218,816407,NA
"Zn",NA,NA,NA,0.0638586952288218,796159,NA
"Zn",NA,NA,NA,0.0638586952288218,774948,NA
"Zn",NA,NA,NA,0.121217390457644,792534,NA
"Zn",NA,NA,NA,0.121217390457644,823016,NA
"Zn",NA,NA,NA,0.121217390457644,792991,NA
"Zn",NA,NA,NA,0.121217390457644,861254,NA
"Zn",NA,NA,NA,0.235934780915287,860232,NA
"Zn",NA,NA,NA,0.235934780915287,883163,NA
"Zn",NA,NA,NA,0.235934780915287,840870,NA
"Zn",NA,NA,NA,0.235934780915287,880998,NA
"Zn",NA,NA,NA,0.467008381694255,777016,NA
"Zn",NA,NA,NA,0.467008381694255,816098,NA
"Zn",NA,NA,NA,0.467008381694255,687959,NA
"Zn",NA,NA,NA,0.467008381694255,738746,NA
"Zn",NA,NA,NA,0.92915558325219,695320,NA
"Zn",NA,NA,NA,0.92915558325219,683384,NA
"Zn",NA,NA,NA,0.92915558325219,637038,NA
"Zn",NA,NA,NA,0.92915558325219,676452,NA
"Zn",NA,NA,NA,1.8501723466407,458136,NA
"Zn",NA,NA,NA,1.8501723466407,434974,NA
"Zn",NA,NA,NA,1.8501723466407,444584,NA
"Zn",NA,NA,NA,1.8501723466407,467315,NA
"Zn",NA,NA,NA,3.6938446932814,174584,NA
"Zn",NA,NA,NA,3.6938446932814,196093,NA
"Zn",NA,NA,NA,3.6938446932814,134403,NA
"Zn",NA,NA,NA,3.6938446932814,147142,NA
"Zn",NA,NA,NA,7.3811893865628,74941,NA
"Zn",NA,NA,NA,7.3811893865628,95683,NA
"Zn",NA,NA,NA,7.3811893865628,64727,NA
"Zn",NA,NA,NA,7.3811893865628,71286,NA
"Zn",NA,NA,NA,14.7558787731256,17550,NA
"Zn",NA,NA,NA,14.7558787731256,24852,NA
"Zn",NA,NA,NA,14.7558787731256,16320,NA
"Zn",NA,NA,NA,14.7558787731256,17015,NA
"Zn",NA,NA,NA,0.0065,776043,NA
"Zn",NA,NA,NA,0.0065,864706,NA
"Zn",NA,NA,NA,0.0065,768555,NA
"Zn",NA,NA,NA,0.0065,784961,NA
"Zn",NA,NA,NA,0.0359987575462512,805130,NA
"Zn",NA,NA,NA,0.0359987575462512,809751,NA
"Zn",NA,NA,NA,0.0359987575462512,825472,NA
"Zn",NA,NA,NA,0.0359987575462512,818464,NA
"Zn",NA,NA,NA,0.0638586952288218,791037,NA
"Zn",NA,NA,NA,0.0638586952288218,850957,NA
"Zn",NA,NA,NA,0.0638586952288218,788504,NA
"Zn",NA,NA,NA,0.0638586952288218,786216,NA
"Zn",NA,NA,NA,0.121217390457644,804567,NA
"Zn",NA,NA,NA,0.121217390457644,785489,NA
"Zn",NA,NA,NA,0.121217390457644,763776,NA
"Zn",NA,NA,NA,0.121217390457644,787641,NA
"Zn",NA,NA,NA,0.235934780915287,782818,NA
"Zn",NA,NA,NA,0.235934780915287,867221,NA
"Zn",NA,NA,NA,0.235934780915287,826413,NA
"Zn",NA,NA,NA,0.235934780915287,807555,NA
"Zn",NA,NA,NA,0.467008381694255,704007,NA
"Zn",NA,NA,NA,0.467008381694255,719507,NA
"Zn",NA,NA,NA,0.467008381694255,667937,NA
"Zn",NA,NA,NA,0.467008381694255,692330,NA
"Zn",NA,NA,NA,0.92915558325219,511366,NA
"Zn",NA,NA,NA,0.92915558325219,516271,NA
"Zn",NA,NA,NA,0.92915558325219,519993,NA
"Zn",NA,NA,NA,0.92915558325219,555521,NA
"Zn",NA,NA,NA,1.8501723466407,449049,NA
"Zn",NA,NA,NA,1.8501723466407,435881,NA
"Zn",NA,NA,NA,1.8501723466407,405077,NA
"Zn",NA,NA,NA,1.8501723466407,449674,NA
"Zn",NA,NA,NA,3.6938446932814,128321,NA
"Zn",NA,NA,NA,3.6938446932814,134528,NA
"Zn",NA,NA,NA,3.6938446932814,129335,NA
"Zn",NA,NA,NA,3.6938446932814,131556,NA
"Zn",NA,NA,NA,7.3811893865628,19633,NA
"Zn",NA,NA,NA,7.3811893865628,23338,NA
"Zn",NA,NA,NA,7.3811893865628,20711,NA
"Zn",NA,NA,NA,7.3811893865628,18202,NA
"Zn",NA,NA,NA,14.7558787731256,5574,NA
"Zn",NA,NA,NA,14.7558787731256,3323,NA
"Zn",NA,NA,NA,14.7558787731256,4473,NA
"Zn",NA,NA,NA,14.7558787731256,4878,NA
"Zn",NA,NA,NA,0.0065,1450706,NA
"Zn",NA,NA,NA,0.0065,1376722,NA
"Zn",NA,NA,NA,0.0065,1355371,NA
"Zn",NA,NA,NA,0.0065,1286372,NA
"Zn",NA,NA,NA,0.0359987575462512,1410560,NA
"Zn",NA,NA,NA,0.0359987575462512,1416001,NA
"Zn",NA,NA,NA,0.0359987575462512,1411831,NA
"Zn",NA,NA,NA,0.0359987575462512,1332204,NA
"Zn",NA,NA,NA,0.0638586952288218,1387222,NA
"Zn",NA,NA,NA,0.0638586952288218,1458888,NA
"Zn",NA,NA,NA,0.0638586952288218,1381271,NA
"Zn",NA,NA,NA,0.0638586952288218,1435912,NA
"Zn",NA,NA,NA,0.121217390457644,1368990,NA
"Zn",NA,NA,NA,0.121217390457644,1414861,NA
"Zn",NA,NA,NA,0.121217390457644,1450630,NA
"Zn",NA,NA,NA,0.121217390457644,1428480,NA
"Zn",NA,NA,NA,0.235934780915287,1299542,NA
"Zn",NA,NA,NA,0.235934780915287,1334620,NA
"Zn",NA,NA,NA,0.235934780915287,1450434,NA
"Zn",NA,NA,NA,0.235934780915287,1446969,NA
"Zn",NA,NA,NA,0.467008381694255,1256682,NA
"Zn",NA,NA,NA,0.467008381694255,1234369,NA
"Zn",NA,NA,NA,0.467008381694255,1172953,NA
"Zn",NA,NA,NA,0.467008381694255,1118812,NA
"Zn",NA,NA,NA,0.92915558325219,870700,NA
"Zn",NA,NA,NA,0.92915558325219,900957,NA
"Zn",NA,NA,NA,0.92915558325219,829250,NA
"Zn",NA,NA,NA,0.92915558325219,811665,NA
"Zn",NA,NA,NA,1.8501723466407,584316,NA
"Zn",NA,NA,NA,1.8501723466407,491868,NA
"Zn",NA,NA,NA,1.8501723466407,506817,NA
"Zn",NA,NA,NA,1.8501723466407,501863,NA
"Zn",NA,NA,NA,3.6938446932814,187242,NA
"Zn",NA,NA,NA,3.6938446932814,202131,NA
"Zn",NA,NA,NA,3.6938446932814,147816,NA
"Zn",NA,NA,NA,3.6938446932814,164568,NA
"Zn",NA,NA,NA,7.3811893865628,34255,NA
"Zn",NA,NA,NA,7.3811893865628,35208,NA
"Zn",NA,NA,NA,7.3811893865628,26038,NA
"Zn",NA,NA,NA,7.3811893865628,32176,NA
"Zn",NA,NA,NA,14.7558787731256,4098,NA
"Zn",NA,NA,NA,14.7558787731256,2828,NA
"Zn",NA,NA,NA,14.7558787731256,2297,NA
"Zn",NA,NA,NA,14.7558787731256,2171,NA
"Zn",NA,NA,NA,0.0055,914711,NA
"Zn",NA,NA,NA,0.0055,1033898,NA
"Zn",NA,NA,NA,0.0055,889197,NA
"Zn",NA,NA,NA,0.0055,935113,NA
"Zn",NA,NA,NA,0.0357476854917235,945859,NA
"Zn",NA,NA,NA,0.0357476854917235,1015041,NA
"Zn",NA,NA,NA,0.0357476854917235,893089,NA
"Zn",NA,NA,NA,0.0357476854917235,942820,NA
"Zn",NA,NA,NA,0.0643149440116845,1011385,NA
"Zn",NA,NA,NA,0.0643149440116845,981885,NA
"Zn",NA,NA,NA,0.0643149440116845,954663,NA
"Zn",NA,NA,NA,0.0643149440116845,934601,NA
"Zn",NA,NA,NA,0.123129888023369,949070,NA
"Zn",NA,NA,NA,0.123129888023369,967484,NA
"Zn",NA,NA,NA,0.123129888023369,955804,NA
"Zn",NA,NA,NA,0.123129888023369,1015697,NA
"Zn",NA,NA,NA,0.240759776046738,962376,NA
"Zn",NA,NA,NA,0.240759776046738,950392,NA
"Zn",NA,NA,NA,0.240759776046738,955358,NA
"Zn",NA,NA,NA,0.240759776046738,956222,NA
"Zn",NA,NA,NA,0.477699979065239,858213,NA
"Zn",NA,NA,NA,0.477699979065239,852430,NA
"Zn",NA,NA,NA,0.477699979065239,761180,NA
"Zn",NA,NA,NA,0.477699979065239,792653,NA
"Zn",NA,NA,NA,0.951580385102239,626415,NA
"Zn",NA,NA,NA,0.951580385102239,638709,NA
"Zn",NA,NA,NA,0.951580385102239,593528,NA
"Zn",NA,NA,NA,0.951580385102239,674423,NA
"Zn",NA,NA,NA,1.89598034323272,492304,NA
"Zn",NA,NA,NA,1.89598034323272,490911,NA
"Zn",NA,NA,NA,1.89598034323272,406344,NA
"Zn",NA,NA,NA,1.89598034323272,457924,NA
"Zn",NA,NA,NA,3.78646068646543,148757,NA
"Zn",NA,NA,NA,3.78646068646543,148897,NA
"Zn",NA,NA,NA,3.78646068646543,123657,NA
"Zn",NA,NA,NA,3.78646068646543,120549,NA
"Zn",NA,NA,NA,7.56742137293087,27860,NA
"Zn",NA,NA,NA,7.56742137293087,24323,NA
"Zn",NA,NA,NA,7.56742137293087,14906,NA
"Zn",NA,NA,NA,7.56742137293087,17220,NA
"Zn",NA,NA,NA,15.1293427458617,4575,NA
"Zn",NA,NA,NA,15.1293427458617,3650,NA
"Zn",NA,NA,NA,15.1293427458617,3351,NA
"Zn",NA,NA,NA,15.1293427458617,3272,NA
"Zn",NA,NA,NA,0.0055,702443,NA
"Zn",NA,NA,NA,0.0055,693227,NA
"Zn",NA,NA,NA,0.0055,626218,NA
"Zn",NA,NA,NA,0.0055,669697,NA
"Zn",NA,NA,NA,0.0357476854917235,731638,NA
"Zn",NA,NA,NA,0.0357476854917235,675437,NA
"Zn",NA,NA,NA,0.0357476854917235,728902,NA
"Zn",NA,NA,NA,0.0357476854917235,655152,NA
"Zn",NA,NA,NA,0.0643149440116845,642426,NA
"Zn",NA,NA,NA,0.0643149440116845,681936,NA
"Zn",NA,NA,NA,0.0643149440116845,727887,NA
"Zn",NA,NA,NA,0.0643149440116845,689142,NA
"Zn",NA,NA,NA,0.123129888023369,707427,NA
"Zn",NA,NA,NA,0.123129888023369,734159,NA
"Zn",NA,NA,NA,0.123129888023369,751121,NA
"Zn",NA,NA,NA,0.123129888023369,672037,NA
"Zn",NA,NA,NA,0.240759776046738,707499,NA
"Zn",NA,NA,NA,0.240759776046738,642281,NA
"Zn",NA,NA,NA,0.240759776046738,660170,NA
"Zn",NA,NA,NA,0.240759776046738,682996,NA
"Zn",NA,NA,NA,0.477699979065239,573214,NA
"Zn",NA,NA,NA,0.477699979065239,528633,NA
"Zn",NA,NA,NA,0.477699979065239,509420,NA
"Zn",NA,NA,NA,0.477699979065239,511934,NA
"Zn",NA,NA,NA,0.951580385102239,424103,NA
"Zn",NA,NA,NA,0.951580385102239,442579,NA
"Zn",NA,NA,NA,0.951580385102239,393520,NA
"Zn",NA,NA,NA,0.951580385102239,468913,NA
"Zn",NA,NA,NA,1.89598034323272,297326,NA
"Zn",NA,NA,NA,1.89598034323272,266785,NA
"Zn",NA,NA,NA,1.89598034323272,276510,NA
"Zn",NA,NA,NA,1.89598034323272,261526,NA
"Zn",NA,NA,NA,3.78646068646543,85579,NA
"Zn",NA,NA,NA,3.78646068646543,78277,NA
"Zn",NA,NA,NA,3.78646068646543,64333,NA
"Zn",NA,NA,NA,3.78646068646543,74964,NA
"Zn",NA,NA,NA,7.56742137293087,6081,NA
"Zn",NA,NA,NA,7.56742137293087,5369,NA
"Zn",NA,NA,NA,7.56742137293087,4316,NA
"Zn",NA,NA,NA,7.56742137293087,4019,NA
"Zn",NA,NA,NA,15.1293427458617,2025,NA
"Zn",NA,NA,NA,15.1293427458617,2416,NA
"Zn",NA,NA,NA,15.1293427458617,1020,NA
"Zn",NA,NA,NA,15.1293427458617,129,NA
"Zn",NA,NA,NA,0.0055,687940,NA
"Zn",NA,NA,NA,0.0055,669957,NA
"Zn",NA,NA,NA,0.0055,660350,NA
"Zn",NA,NA,NA,0.0055,665925,NA
"Zn",NA,NA,NA,0.0357476854917235,647299,NA
"Zn",NA,NA,NA,0.0357476854917235,630938,NA
"Zn",NA,NA,NA,0.0357476854917235,597982,NA
"Zn",NA,NA,NA,0.0357476854917235,630426,NA
"Zn",NA,NA,NA,0.0643149440116845,581577,NA
"Zn",NA,NA,NA,0.0643149440116845,599256,NA
"Zn",NA,NA,NA,0.0643149440116845,645747,NA
"Zn",NA,NA,NA,0.0643149440116845,569402,NA
"Zn",NA,NA,NA,0.123129888023369,738051,NA
"Zn",NA,NA,NA,0.123129888023369,656440,NA
"Zn",NA,NA,NA,0.123129888023369,662950,NA
"Zn",NA,NA,NA,0.123129888023369,641279,NA
"Zn",NA,NA,NA,0.240759776046738,651987,NA
"Zn",NA,NA,NA,0.240759776046738,657826,NA
"Zn",NA,NA,NA,0.240759776046738,647202,NA
"Zn",NA,NA,NA,0.240759776046738,665590,NA
"Zn",NA,NA,NA,0.477699979065239,524149,NA
"Zn",NA,NA,NA,0.477699979065239,464001,NA
"Zn",NA,NA,NA,0.477699979065239,531768,NA
"Zn",NA,NA,NA,0.477699979065239,510451,NA
"Zn",NA,NA,NA,0.951580385102239,382702,NA
"Zn",NA,NA,NA,0.951580385102239,381520,NA
"Zn",NA,NA,NA,0.951580385102239,397672,NA
"Zn",NA,NA,NA,0.951580385102239,386127,NA
"Zn",NA,NA,NA,1.89598034323272,226512,NA
"Zn",NA,NA,NA,1.89598034323272,269395,NA
"Zn",NA,NA,NA,1.89598034323272,234964,NA
"Zn",NA,NA,NA,1.89598034323272,220154,NA
"Zn",NA,NA,NA,3.78646068646543,83003,NA
"Zn",NA,NA,NA,3.78646068646543,67471,NA
"Zn",NA,NA,NA,3.78646068646543,79396,NA
"Zn",NA,NA,NA,3.78646068646543,62747,NA
"Zn",NA,NA,NA,7.56742137293087,8670,NA
"Zn",NA,NA,NA,7.56742137293087,9386,NA
"Zn",NA,NA,NA,7.56742137293087,4818,NA
"Zn",NA,NA,NA,7.56742137293087,7194,NA
"Zn",NA,NA,NA,15.1293427458617,1270,NA
"Zn",NA,NA,NA,15.1293427458617,1867,NA
"Zn",NA,NA,NA,15.1293427458617,2185,NA
"Zn",NA,NA,NA,15.1293427458617,818,NA
"Zn",NA,NA,NA,NA,NA,0.771141572821135
"Zn",NA,NA,NA,NA,NA,0.226742751046031
"Zn",NA,NA,NA,NA,NA,1.24258533830245
