"fit","x_e","y_e","y_ci","x_r","y_r","nec_vals"
"5",-2.1803674602698,0.879631094237913,0.81656485979154,NA,NA,NA
"5",-2.17185522571743,0.879327326528162,0.816259099040456,NA,NA,NA
"5",-2.16334299116507,0.879058550508412,0.816055423856672,NA,NA,NA
"5",-2.15483075661271,0.87873132250712,0.815649977236914,NA,NA,NA
"5",-2.14631852206035,0.878470156499545,0.81540894252526,NA,NA,NA
"5",-2.13780628750798,0.878132984039123,0.815245873976973,NA,NA,NA
"5",-2.12929405295562,0.877828360491369,0.814987232511828,NA,NA,NA
"5",-2.12078181840326,0.877566992344889,0.814791781185802,NA,NA,NA
"5",-2.11226958385089,0.877289797116396,0.814712274589696,NA,NA,NA
"5",-2.10375734929853,0.877016603784957,0.81447591874266,NA,NA,NA
"5",-2.09524511474617,0.876723001678875,0.814141434921833,NA,NA,NA
"5",-2.08673288019381,0.87645427928977,0.813811655547642,NA,NA,NA
"5",-2.07822064564144,0.876041080222413,0.813567138719472,NA,NA,NA
"5",-2.06970841108908,0.875711088151416,0.813370304308848,NA,NA,NA
"5",-2.06119617653672,0.875431149997004,0.813022077216053,NA,NA,NA
"5",-2.05268394198435,0.875065854937539,0.812677435694391,NA,NA,NA
"5",-2.04417170743199,0.87476787013761,0.812339036602137,NA,NA,NA
"5",-2.03565947287963,0.874379774105973,0.812221389667562,NA,NA,NA
"5",-2.02714723832727,0.874067514969439,0.812035666015056,NA,NA,NA
"5",-2.0186350037749,0.873681899617123,0.811605010847784,NA,NA,NA
"5",-2.01012276922254,0.873274225746929,0.8114516658872,NA,NA,NA
"5",-2.00161053467018,0.872872716027062,0.811115527771944,NA,NA,NA
"5",-1.99309830011781,0.872517640947909,0.810886282138913,NA,NA,NA
"5",-1.98458606556545,0.872208017561857,0.810593757360499,NA,NA,NA
"5",-1.97607383101309,0.871843012075037,0.810324704655323,NA,NA,NA
"5",-1.96756159646073,0.871515997106458,0.809926447607103,NA,NA,NA
"5",-1.95904936190836,0.871154497346872,0.809699794928671,NA,NA,NA
"5",-1.950537127356,0.870819893556288,0.809339723697257,NA,NA,NA
"5",-1.94202489280364,0.870404428437677,0.809090016678799,NA,NA,NA
"5",-1.93351265825127,0.869986124706607,0.808767548180741,NA,NA,NA
"5",-1.92500042369891,0.869590093293463,0.808150235271817,NA,NA,NA
"5",-1.91648818914655,0.869189312045584,0.807613570870198,NA,NA,NA
"5",-1.90797595459419,0.868800237726806,0.807330107630408,NA,NA,NA
"5",-1.89946372004182,0.868396848192125,0.806926086507693,NA,NA,NA
"5",-1.89095148548946,0.867966912534956,0.806660661818561,NA,NA,NA
"5",-1.8824392509371,0.867595679238641,0.806347013499197,NA,NA,NA
"5",-1.87392701638473,0.867189899342183,0.805969137653958,NA,NA,NA
"5",-1.86541478183237,0.866710578829501,0.805586473875038,NA,NA,NA
"5",-1.85690254728001,0.866273065659826,0.805174630287956,NA,NA,NA
"5",-1.84839031272765,0.865796736701874,0.804935340749215,NA,NA,NA
"5",-1.83987807817528,0.865309971783009,0.804640464347894,NA,NA,NA
"5",-1.83136584362292,0.864865567808365,0.804227014554844,NA,NA,NA
"5",-1.82285360907056,0.864374065542774,0.803854976483727,NA,NA,NA
"5",-1.81434137451819,0.863853095227194,0.803516753429782,NA,NA,NA
"5",-1.80582913996583,0.863271961695721,0.80312681828194,NA,NA,NA
"5",-1.79731690541347,0.86287130012207,0.802734698381839,NA,NA,NA
"5",-1.78880467086111,0.8624001394238,0.802416576589689,NA,NA,NA
"5",-1.78029243630874,0.861945708342614,0.80205808555681,NA,NA,NA
"5",-1.77178020175638,0.861463430566803,0.801824010544658,NA,NA,NA
"5",-1.76326796720402,0.860951308169786,0.80142425540996,NA,NA,NA
"5",-1.75475573265165,0.860470075591816,0.801008951098418,NA,NA,NA
"5",-1.74624349809929,0.859904904977644,0.800456523384401,NA,NA,NA
"5",-1.73773126354693,0.859383323758451,0.799933790680176,NA,NA,NA
"5",-1.72921902899457,0.858877816157587,0.799430816403611,NA,NA,NA
"5",-1.7207067944422,0.858383428408933,0.798970469197047,NA,NA,NA
"5",-1.71219455988984,0.857926896801709,0.798477302415132,NA,NA,NA
"5",-1.70368232533748,0.857361754510411,0.797983077250663,NA,NA,NA
"5",-1.69517009078512,0.856888689443278,0.79736474985739,NA,NA,NA
"5",-1.68665785623275,0.856434448704642,0.796824234400768,NA,NA,NA
"5",-1.67814562168039,0.855869313545585,0.796208819873957,NA,NA,NA
"5",-1.66963338712803,0.855438976376615,0.79571575293742,NA,NA,NA
"5",-1.66112115257566,0.854926738019652,0.795116489313664,NA,NA,NA
"5",-1.6526089180233,0.854398586534203,0.794705162976052,NA,NA,NA
"5",-1.64409668347094,0.853956351449046,0.79421870996701,NA,NA,NA
"5",-1.63558444891858,0.853437985353073,0.793441300112031,NA,NA,NA
"5",-1.62707221436621,0.852994466177559,0.79299616670977,NA,NA,NA
"5",-1.61855997981385,0.852519582243517,0.792202125329996,NA,NA,NA
"5",-1.61004774526149,0.852074210809684,0.791400759285024,NA,NA,NA
"5",-1.60153551070912,0.851593518926432,0.79058659529967,NA,NA,NA
"5",-1.59302327615676,0.851161215253359,0.789919312181402,NA,NA,NA
"5",-1.5845110416044,0.850688102973897,0.789286708829396,NA,NA,NA
"5",-1.57599880705204,0.850288789077765,0.788536665140158,NA,NA,NA
"5",-1.56748657249967,0.849880448646793,0.787831801672574,NA,NA,NA
"5",-1.55897433794731,0.849440734007046,0.786627418574841,NA,NA,NA
"5",-1.55046210339495,0.849003660060793,0.785734332055347,NA,NA,NA
"5",-1.54194986884258,0.848539127049455,0.78500510575699,NA,NA,NA
"5",-1.53343763429022,0.84807640017478,0.783988465830535,NA,NA,NA
"5",-1.52492539973786,0.847657138230907,0.782965984701553,NA,NA,NA
"5",-1.5164131651855,0.847200525799483,0.781956445413365,NA,NA,NA
"5",-1.50790093063313,0.84671072317934,0.781154805123688,NA,NA,NA
"5",-1.49938869608077,0.846273958845003,0.780220949893095,NA,NA,NA
"5",-1.49087646152841,0.845820167577172,0.779342161182557,NA,NA,NA
"5",-1.48236422697604,0.845424102720702,0.778419724601172,NA,NA,NA
"5",-1.47385199242368,0.84502552341241,0.777293807772964,NA,NA,NA
"5",-1.46533975787132,0.844561995845329,0.776079150990129,NA,NA,NA
"5",-1.45682752331896,0.844114415171762,0.774839362855869,NA,NA,NA
"5",-1.44831528876659,0.843644922218791,0.773923081825251,NA,NA,NA
"5",-1.43980305421423,0.843143243891758,0.772608176720063,NA,NA,NA
"5",-1.43129081966187,0.842679826520887,0.771745838116057,NA,NA,NA
"5",-1.4227785851095,0.842190638830882,0.770660667075105,NA,NA,NA
"5",-1.41426635055714,0.841752756459762,0.769416734245685,NA,NA,NA
"5",-1.40575411600478,0.841286875172523,0.768035519785846,NA,NA,NA
"5",-1.39724188145242,0.84081866413274,0.766644596261045,NA,NA,NA
"5",-1.38872964690005,0.84034058540705,0.765589852547405,NA,NA,NA
"5",-1.38021741234769,0.839852608309112,0.76450915906751,NA,NA,NA
"5",-1.37170517779533,0.839391516448981,0.763421555832631,NA,NA,NA
"5",-1.36319294324296,0.838953862789982,0.762395122585394,NA,NA,NA
"5",-1.3546807086906,0.838459726273209,0.761252253657042,NA,NA,NA
"5",-1.34616847413824,0.838012620920917,0.760162778877342,NA,NA,NA
"5",-1.33765623958588,0.837535102465968,0.758835321712886,NA,NA,NA
"5",-1.32914400503351,0.837033601737679,0.757758044572811,NA,NA,NA
"5",-1.32063177048115,0.836519639136794,0.756423679932127,NA,NA,NA
"5",-1.31211953592879,0.83601158706266,0.754877664261885,NA,NA,NA
"5",-1.30360730137642,0.83555610891269,0.753353923478736,NA,NA,NA
"5",-1.29509506682406,0.835071554079869,0.751992532025848,NA,NA,NA
"5",-1.2865828322717,0.834578424386872,0.750596275865575,NA,NA,NA
"5",-1.27807059771934,0.834132557251121,0.749338860361373,NA,NA,NA
"5",-1.26955836316697,0.833657723912977,0.748041449714803,NA,NA,NA
"5",-1.26104612861461,0.833159408757455,0.746791695696724,NA,NA,NA
"5",-1.25253389406225,0.832675596540535,0.745395234097601,NA,NA,NA
"5",-1.24402165950988,0.832194202766188,0.743914023307661,NA,NA,NA
"5",-1.23550942495752,0.831716832334017,0.742309197990751,NA,NA,NA
"5",-1.22699719040516,0.831240524947304,0.740862346193763,NA,NA,NA
"5",-1.2184849558528,0.830689608477591,0.739474445466499,NA,NA,NA
"5",-1.20997272130043,0.830153898293206,0.738056707881373,NA,NA,NA
"5",-1.20146048674807,0.829625971186703,0.736675379217386,NA,NA,NA
"5",-1.19294825219571,0.829121609152946,0.735210675377784,NA,NA,NA
"5",-1.18443601764335,0.828635063400195,0.733722672718571,NA,NA,NA
"5",-1.17592378309098,0.828098676842517,0.732120741648441,NA,NA,NA
"5",-1.16741154853862,0.827547192211944,0.730602237100952,NA,NA,NA
"5",-1.15889931398626,0.827084048909784,0.729097308463311,NA,NA,NA
"5",-1.15038707943389,0.826546694488189,0.727595479887607,NA,NA,NA
"5",-1.14187484488153,0.82599300999697,0.726096744987621,NA,NA,NA
"5",-1.13336261032917,0.825415182158737,0.724585940960289,NA,NA,NA
"5",-1.12485037577681,0.824846955496415,0.723112400770991,NA,NA,NA
"5",-1.11633814122444,0.824287582353387,0.721682808000712,NA,NA,NA
"5",-1.10782590667208,0.823715357463912,0.720255890501086,NA,NA,NA
"5",-1.09931367211972,0.823150070471852,0.718828333814944,NA,NA,NA
"5",-1.09080143756735,0.822600124237127,0.717369786132648,NA,NA,NA
"5",-1.08228920301499,0.822044443783789,0.715986117573583,NA,NA,NA
"5",-1.07377696846263,0.821440520754683,0.714592367630584,NA,NA,NA
"5",-1.06526473391027,0.820805327587789,0.713342349062091,NA,NA,NA
"5",-1.0567524993579,0.820262331745845,0.711973103768795,NA,NA,NA
"5",-1.04824026480554,0.819678129048306,0.71046108822066,NA,NA,NA
"5",-1.03972803025318,0.819097858233489,0.70893781821995,NA,NA,NA
"5",-1.03121579570081,0.818540825152053,0.707434668759699,NA,NA,NA
"5",-1.02270356114845,0.817935436850897,0.70605631116263,NA,NA,NA
"5",-1.01419132659609,0.817348603918469,0.704604078084562,NA,NA,NA
"5",-1.00567909204373,0.816742181863345,0.703222770804482,NA,NA,NA
"5",-0.997166857491363,0.816114222753681,0.70184808677283,NA,NA,NA
"5",-0.988654622939,0.815512205079693,0.700466017426234,NA,NA,NA
"5",-0.980142388386637,0.814905692591759,0.699085765972631,NA,NA,NA
"5",-0.971630153834274,0.814305222885447,0.697708234802278,NA,NA,NA
"5",-0.963117919281911,0.813712567424998,0.696228778616594,NA,NA,NA
"5",-0.954605684729549,0.813067590175902,0.694736894149096,NA,NA,NA
"5",-0.946093450177186,0.812474265094486,0.693381848915894,NA,NA,NA
"5",-0.937581215624823,0.811860679148662,0.69197309266985,NA,NA,NA
"5",-0.92906898107246,0.811252156532259,0.690517254394361,NA,NA,NA
"5",-0.920556746520097,0.810649135309404,0.689106713382351,NA,NA,NA
"5",-0.912044511967735,0.810044450920195,0.687768020560522,NA,NA,NA
"5",-0.903532277415372,0.809447366133447,0.686400871642374,NA,NA,NA
"5",-0.895020042863009,0.808795596408612,0.68509424768418,NA,NA,NA
"5",-0.886507808310646,0.80813716439306,0.683764062534818,NA,NA,NA
"5",-0.877995573758283,0.807489114409436,0.682351965172957,NA,NA,NA
"5",-0.86948333920592,0.806895103241398,0.680906296426159,NA,NA,NA
"5",-0.860971104653558,0.806287022823785,0.679461232395061,NA,NA,NA
"5",-0.852458870101195,0.805627603710517,0.678022114355059,NA,NA,NA
"5",-0.843946635548832,0.804977527718522,0.676643496363774,NA,NA,NA
"5",-0.835434400996469,0.804287409807705,0.675264452079974,NA,NA,NA
"5",-0.826922166444106,0.803654763903855,0.673917981069256,NA,NA,NA
"5",-0.818409931891743,0.803011712783369,0.672542405003301,NA,NA,NA
"5",-0.809897697339381,0.802348978754593,0.671217740524432,NA,NA,NA
"5",-0.801385462787018,0.801678976908401,0.66978165680355,NA,NA,NA
"5",-0.792873228234655,0.80100816792344,0.668446690978922,NA,NA,NA
"5",-0.784360993682292,0.800335108651078,0.667127819273463,NA,NA,NA
"5",-0.775848759129929,0.799650899656712,0.66581428894469,NA,NA,NA
"5",-0.767336524577567,0.798971365402147,0.664497153199551,NA,NA,NA
"5",-0.758824290025204,0.79829913081874,0.663189559233108,NA,NA,NA
"5",-0.750312055472841,0.797630609586801,0.661826470381479,NA,NA,NA
"5",-0.741799820920478,0.796929096419016,0.660481553656652,NA,NA,NA
"5",-0.733287586368115,0.796195416451517,0.659064571040791,NA,NA,NA
"5",-0.724775351815752,0.795507589307094,0.657711273726661,NA,NA,NA
"5",-0.71626311726339,0.794803663723693,0.656347705647144,NA,NA,NA
"5",-0.707750882711027,0.79407030725926,0.654927840472001,NA,NA,NA
"5",-0.699238648158664,0.793321307213336,0.653487517178579,NA,NA,NA
"5",-0.690726413606301,0.792580873991425,0.652050361562593,NA,NA,NA
"5",-0.682214179053938,0.791788498338476,0.65075758571758,NA,NA,NA
"5",-0.673701944501575,0.791026700270794,0.649453834957749,NA,NA,NA
"5",-0.665189709949213,0.790296347938531,0.648091667826457,NA,NA,NA
"5",-0.65667747539685,0.789615090804571,0.646738405769756,NA,NA,NA
"5",-0.648165240844487,0.788864175495041,0.645502002161165,NA,NA,NA
"5",-0.639653006292124,0.78807646652454,0.64409028240611,NA,NA,NA
"5",-0.631140771739761,0.787351538992316,0.642800020942202,NA,NA,NA
"5",-0.622628537187398,0.786640303439939,0.641551121678682,NA,NA,NA
"5",-0.614116302635036,0.785911620903433,0.640253368574971,NA,NA,NA
"5",-0.605604068082673,0.785213599211307,0.638931699996165,NA,NA,NA
"5",-0.59709183353031,0.784515231349534,0.637599981198842,NA,NA,NA
"5",-0.588579598977947,0.783767599125245,0.636152791793419,NA,NA,NA
"5",-0.580067364425584,0.782981758851919,0.634838464380916,NA,NA,NA
"5",-0.571555129873221,0.782189927941185,0.633652612686354,NA,NA,NA
"5",-0.563042895320859,0.781483581315134,0.632497396626993,NA,NA,NA
"5",-0.554530660768496,0.780704573845983,0.631141581919227,NA,NA,NA
"5",-0.546018426216133,0.779949515736904,0.629766957732269,NA,NA,NA
"5",-0.53750619166377,0.779141723423764,0.6284921899327,NA,NA,NA
"5",-0.528993957111407,0.778337034619453,0.627201414869768,NA,NA,NA
"5",-0.520481722559044,0.777544429321082,0.625968879818686,NA,NA,NA
"5",-0.511969488006681,0.776735317265908,0.624784085987585,NA,NA,NA
"5",-0.503457253454319,0.775906402109937,0.623588134064901,NA,NA,NA
"5",-0.494945018901956,0.775104694600959,0.622264823961432,NA,NA,NA
"5",-0.486432784349593,0.774308561893635,0.621052602601698,NA,NA,NA
"5",-0.47792054979723,0.773529889779566,0.619839143394587,NA,NA,NA
"5",-0.469408315244867,0.77271382019112,0.61859484568744,NA,NA,NA
"5",-0.460896080692504,0.771885036229192,0.617320340735286,NA,NA,NA
"5",-0.452383846140142,0.771067461177582,0.61611924118209,NA,NA,NA
"5",-0.443871611587779,0.7702636930639,0.614848991630738,NA,NA,NA
"5",-0.435359377035416,0.769432037711606,0.613602855210001,NA,NA,NA
"5",-0.426847142483053,0.768603405637306,0.612265613971603,NA,NA,NA
"5",-0.41833490793069,0.767753591291411,0.611016283166542,NA,NA,NA
"5",-0.409822673378327,0.76690999828527,0.609726787831718,NA,NA,NA
"5",-0.401310438825965,0.766063402478613,0.608499279189869,NA,NA,NA
"5",-0.392798204273602,0.765182397254872,0.607286586315516,NA,NA,NA
"5",-0.384285969721239,0.764336655607473,0.606049111329901,NA,NA,NA
"5",-0.375773735168876,0.763472161052946,0.604822941817548,NA,NA,NA
"5",-0.367261500616513,0.762618880887391,0.603475740778743,NA,NA,NA
"5",-0.35874926606415,0.761736270223633,0.602199416943626,NA,NA,NA
"5",-0.350237031511788,0.760868652065706,0.600996758860272,NA,NA,NA
"5",-0.341724796959425,0.760028684027752,0.599721123229624,NA,NA,NA
"5",-0.333212562407062,0.759163962795082,0.598515653847925,NA,NA,NA
"5",-0.324700327854699,0.758328039722416,0.597251596895673,NA,NA,NA
"5",-0.316188093302336,0.757411390766512,0.596116059849041,NA,NA,NA
"5",-0.307675858749973,0.756559973540541,0.594848357066021,NA,NA,NA
"5",-0.299163624197611,0.755668852841992,0.593583350395576,NA,NA,NA
"5",-0.290651389645248,0.754708897121943,0.592343952892965,NA,NA,NA
"5",-0.282139155092885,0.753811889763927,0.591070241434128,NA,NA,NA
"5",-0.273626920540522,0.752895403275631,0.589796045500634,NA,NA,NA
"5",-0.265114685988159,0.75197781085431,0.588477530774695,NA,NA,NA
"5",-0.256602451435797,0.751048111395433,0.587136083053641,NA,NA,NA
"5",-0.248090216883434,0.750065381562227,0.585977775570795,NA,NA,NA
"5",-0.239577982331071,0.749146669612245,0.584778620111704,NA,NA,NA
"5",-0.231065747778708,0.748258845469611,0.58355656353415,NA,NA,NA
"5",-0.222553513226345,0.747333936684023,0.582334856049319,NA,NA,NA
"5",-0.214041278673982,0.746401391446147,0.581058912106651,NA,NA,NA
"5",-0.20552904412162,0.745507293373949,0.579842344070397,NA,NA,NA
"5",-0.197016809569257,0.744555638678507,0.578761489046561,NA,NA,NA
"5",-0.188504575016894,0.743596392184404,0.577670405150106,NA,NA,NA
"5",-0.179992340464531,0.74259433801038,0.576484088022359,NA,NA,NA
"5",-0.171480105912168,0.741659050635027,0.575218364642394,NA,NA,NA
"5",-0.162967871359805,0.740736849576326,0.573955420273528,NA,NA,NA
"5",-0.154455636807443,0.739740174839431,0.572695248814188,NA,NA,NA
"5",-0.14594340225508,0.738803673328072,0.571438178022014,NA,NA,NA
"5",-0.137431167702717,0.737800835763203,0.570186242409046,NA,NA,NA
"5",-0.128918933150354,0.736848318029325,0.568949087904736,NA,NA,NA
"5",-0.120406698597991,0.735915333065116,0.567975160985413,NA,NA,NA
"5",-0.111894464045629,0.734952460157418,0.566842340596934,NA,NA,NA
"5",-0.103382229493266,0.734085743432857,0.565745156102801,NA,NA,NA
"5",-0.0948699949409026,0.733103428706541,0.56448727835937,NA,NA,NA
"5",-0.0863577603885402,0.732173986974326,0.563232197465017,NA,NA,NA
"5",-0.0778455258361772,0.731240614475052,0.561979907200858,NA,NA,NA
"5",-0.0693332912838143,0.73028175807633,0.560730401361838,NA,NA,NA
"5",-0.0608210567314513,0.729260736848538,0.559484360597837,NA,NA,NA
"5",-0.0523088221790888,0.728328189161608,0.558340106601683,NA,NA,NA
"5",-0.0437965876267259,0.727359328073494,0.557214402058906,NA,NA,NA
"5",-0.035284353074363,0.726339012550008,0.556099337733003,NA,NA,NA
"5",-0.026772118522,0.725372833782734,0.554988483602988,NA,NA,NA
"5",-0.0182598839696375,0.724384366753422,0.553875928035303,NA,NA,NA
"5",-0.00974764941727457,0.723386562163544,0.552698574864863,NA,NA,NA
"5",-0.00123541486491163,0.722436641110258,0.551528518672664,NA,NA,NA
"5",0.00727681968745131,0.721409687387172,0.550289964283632,NA,NA,NA
"5",0.0157890542398142,0.720468757879599,0.549054191364002,NA,NA,NA
"5",0.0243012887921767,0.719444497697719,0.547821193667151,NA,NA,NA
"5",0.0328135233445397,0.718349507359303,0.546599144711226,NA,NA,NA
"5",0.0413257578969026,0.717418999516586,0.545392567245944,NA,NA,NA
"5",0.0498379924492656,0.716419929929601,0.544177728879782,NA,NA,NA
"5",0.0583502270016281,0.715364298385832,0.542990206106379,NA,NA,NA
"5",0.066862461553991,0.714351618177188,0.541842049311903,NA,NA,NA
"5",0.0753746961063539,0.713313883510358,0.540799651312027,NA,NA,NA
"5",0.0838869306587169,0.712202647606843,0.539643382928585,NA,NA,NA
"5",0.0923991652110794,0.711139039467227,0.538456585020124,NA,NA,NA
"5",0.100911399763442,0.710129791237302,0.537328332043292,NA,NA,NA
"5",0.109423634315805,0.709106625292724,0.536336243578376,NA,NA,NA
"5",0.117935868868168,0.708036603564904,0.535228006889494,NA,NA,NA
"5",0.126448103420531,0.706976536461981,0.534085767411619,NA,NA,NA
"5",0.134960337972894,0.705913056119891,0.53294034282392,NA,NA,NA
"5",0.143472572525257,0.704864103418506,0.531878641130087,NA,NA,NA
"5",0.15198480707762,0.703751821151942,0.530829805925962,NA,NA,NA
"5",0.160497041629982,0.70268425569602,0.529733159494819,NA,NA,NA
"5",0.169009276182345,0.701602647012901,0.52856969799694,NA,NA,NA
"5",0.177521510734708,0.70046233239064,0.527461552892898,NA,NA,NA
"5",0.186033745287071,0.699369610796915,0.526436309857709,NA,NA,NA
"5",0.194545979839433,0.698263310141749,0.525359179864096,NA,NA,NA
"5",0.203058214391796,0.697165988456733,0.52424431033136,NA,NA,NA
"5",0.211570448944159,0.69606157818654,0.523139642488508,NA,NA,NA
"5",0.220082683496522,0.694983896653904,0.521997993909754,NA,NA,NA
"5",0.228594918048885,0.69391072204606,0.520875877927939,NA,NA,NA
"5",0.237107152601248,0.69282462305759,0.519756174388384,NA,NA,NA
"5",0.245619387153611,0.691706967199325,0.518639912518509,NA,NA,NA
"5",0.254131621705973,0.690526524826031,0.517531513979953,NA,NA,NA
"5",0.262643856258336,0.689423474692398,0.516425484454227,NA,NA,NA
"5",0.271156090810699,0.688297818356319,0.515321818877501,NA,NA,NA
"5",0.279668325363062,0.687139351572466,0.514234023278124,NA,NA,NA
"5",0.288180559915425,0.68602565894547,0.513170526697628,NA,NA,NA
"5",0.296692794467787,0.684863051473913,0.512107576605975,NA,NA,NA
"5",0.30520502902015,0.683715011082822,0.511047653341079,NA,NA,NA
"5",0.313717263572513,0.682639076646796,0.509968898225329,NA,NA,NA
"5",0.322229498124876,0.681435210255139,0.508847018754039,NA,NA,NA
"5",0.330741732677239,0.680310283521863,0.507732239044933,NA,NA,NA
"5",0.339253967229602,0.679107603521404,0.506678079110847,NA,NA,NA
"5",0.347766201781964,0.677881862902868,0.505651272233413,NA,NA,NA
"5",0.356278436334327,0.676773655047687,0.504680131842024,NA,NA,NA
"5",0.36479067088669,0.675633204218063,0.503707477507523,NA,NA,NA
"5",0.373302905439053,0.674456221771584,0.502667788298342,NA,NA,NA
"5",0.381815139991416,0.673253279918511,0.501630245084535,NA,NA,NA
"5",0.390327374543779,0.672084382567268,0.50059484343661,NA,NA,NA
"5",0.398839609096141,0.670938430504862,0.499477831834443,NA,NA,NA
"5",0.407351843648504,0.669751078711108,0.498361846765586,NA,NA,NA
"5",0.415864078200867,0.668530560938941,0.4973782409939,NA,NA,NA
"5",0.42437631275323,0.667303072250005,0.496401605951296,NA,NA,NA
"5",0.432888547305593,0.666064903063613,0.495426889033119,NA,NA,NA
"5",0.441400781857956,0.6648270542141,0.494427159530507,NA,NA,NA
"5",0.449913016410318,0.663556828717656,0.493406625583535,NA,NA,NA
"5",0.458425250962681,0.662352903078667,0.492322985297334,NA,NA,NA
"5",0.466937485515044,0.661168758333968,0.491239231870025,NA,NA,NA
"5",0.475449720067407,0.659879538271862,0.490176238916303,NA,NA,NA
"5",0.48396195461977,0.658661017301162,0.489157406893824,NA,NA,NA
"5",0.492474189172133,0.657416262851402,0.488143547881742,NA,NA,NA
"5",0.500986423724495,0.656192569852395,0.487136148295391,NA,NA,NA
"5",0.509498658276858,0.654966166296509,0.486130827809206,NA,NA,NA
"5",0.518010892829221,0.653752944380297,0.48512758213209,NA,NA,NA
"5",0.526523127381584,0.652441704565152,0.484126406981808,NA,NA,NA
"5",0.535035361933947,0.65116868856921,0.48312422971308,NA,NA,NA
"5",0.543547596486309,0.649904170229284,0.482122430703057,NA,NA,NA
"5",0.552059831038672,0.648602400865609,0.481122709216847,NA,NA,NA
"5",0.560572065591035,0.647441198876546,0.480126345083941,NA,NA,NA
"5",0.569084300143398,0.6461676931694,0.479141293734542,NA,NA,NA
"5",0.577596534695761,0.644962925517868,0.478174308717485,NA,NA,NA
"5",0.586108769248124,0.643669847884221,0.477193728710779,NA,NA,NA
"5",0.594621003800487,0.642419878883396,0.476219955948488,NA,NA,NA
"5",0.60313323835285,0.641183163465122,0.475206491974522,NA,NA,NA
"5",0.611645472905212,0.639891760583726,0.474209291576737,NA,NA,NA
"5",0.620157707457575,0.638621317587974,0.473226459745431,NA,NA,NA
"5",0.628669942009938,0.637348065724161,0.472245665042261,NA,NA,NA
"5",0.637182176562301,0.636070711938523,0.471246116873315,NA,NA,NA
"5",0.645694411114663,0.634828127106948,0.470205304471355,NA,NA,NA
"5",0.654206645667026,0.633495076768832,0.469166791066225,NA,NA,NA
"5",0.662718880219389,0.63220694139832,0.468155978035873,NA,NA,NA
"5",0.671231114771752,0.630942340891538,0.467157869555325,NA,NA,NA
"5",0.679743349324115,0.629668449855756,0.466161889048235,NA,NA,NA
"5",0.688255583876478,0.628386654301315,0.465221951578457,NA,NA,NA
"5",0.696767818428841,0.627097442022564,0.46425803890988,NA,NA,NA
"5",0.705280052981204,0.625828143554839,0.463260878745467,NA,NA,NA
"5",0.713792287533566,0.624555641586963,0.462266060316609,NA,NA,NA
"5",0.722304522085929,0.623242093743036,0.461274608694894,NA,NA,NA
"5",0.730816756638292,0.621908262514745,0.460300767477257,NA,NA,NA
"5",0.739328991190655,0.620592595463576,0.45934480161805,NA,NA,NA
"5",0.747841225743017,0.619255093082264,0.458388858046536,NA,NA,NA
"5",0.75635346029538,0.617881494679823,0.457412851456597,NA,NA,NA
"5",0.764865694847743,0.61652593720699,0.456440618926892,NA,NA,NA
"5",0.773377929400106,0.615193096214039,0.455526449783534,NA,NA,NA
"5",0.781890163952469,0.613835730769368,0.454583680397772,NA,NA,NA
"5",0.790402398504832,0.612501462554055,0.453642632334343,NA,NA,NA
"5",0.798914633057195,0.611206576265059,0.452703532698574,NA,NA,NA
"5",0.807426867609558,0.60986249842285,0.451777750182866,NA,NA,NA
"5",0.81593910216192,0.608519148289716,0.450882052335325,NA,NA,NA
"5",0.824451336714283,0.60717549982806,0.449966307818525,NA,NA,NA
"5",0.832963571266646,0.605777068659566,0.449040043723384,NA,NA,NA
"5",0.841475805819009,0.604416274763565,0.448100135961799,NA,NA,NA
"5",0.849988040371371,0.603077483924991,0.44714392316838,NA,NA,NA
"5",0.858500274923734,0.601688394673495,0.446189750977082,NA,NA,NA
"5",0.867012509476097,0.600307960614259,0.445237615032929,NA,NA,NA
"5",0.87552474402846,0.598927181131571,0.444308312343431,NA,NA,NA
"5",0.884036978580823,0.597580708226895,0.443385928668327,NA,NA,NA
"5",0.892549213133186,0.596162210889805,0.442488233303559,NA,NA,NA
"5",0.901061447685549,0.594777539037981,0.441603736837269,NA,NA,NA
"5",0.909573682237911,0.593434260139768,0.440721008627973,NA,NA,NA
"5",0.918085916790274,0.592060431476298,0.439840045140166,NA,NA,NA
"5",0.926598151342637,0.590681616220826,0.438939636495914,NA,NA,NA
"5",0.935110385895,0.589282415922832,0.438007024021348,NA,NA,NA
"5",0.943622620447363,0.587937602089956,0.437076393141107,NA,NA,NA
"5",0.952134854999725,0.58657724946755,0.436147739644581,NA,NA,NA
"5",0.960647089552088,0.585162223779005,0.435221059330106,NA,NA,NA
"5",0.969159324104451,0.583759313353656,0.434296348004948,NA,NA,NA
"5",0.977671558656814,0.582432795208787,0.433390804269612,NA,NA,NA
"5",0.986183793209177,0.581045266721523,0.432527325966787,NA,NA,NA
"5",0.99469602776154,0.579650518894217,0.43165630580626,NA,NA,NA
"5",1.0032082623139,0.57830904636135,0.430724101142899,NA,NA,NA
"5",1.01172049686627,0.576909404332089,0.429836834663028,NA,NA,NA
"5",1.02023273141863,0.575509556083598,0.428977002664813,NA,NA,NA
"5",1.02874496597099,0.574080396775586,0.428120649534564,NA,NA,NA
"5",1.03725720052335,0.572733913708762,0.427266006146246,NA,NA,NA
"5",1.04576943507572,0.571296300485722,0.426355665630967,NA,NA,NA
"5",1.05428166962808,0.569926235271352,0.425432850226333,NA,NA,NA
"5",1.06279390418044,0.56847527733011,0.424512032446607,NA,NA,NA
"5",1.07130613873281,0.567051452640317,0.423593207966978,NA,NA,NA
"5",1.07981837328517,0.565716751167445,0.422710805516966,NA,NA,NA
"5",1.08833060783753,0.564347370397635,0.421872992761985,NA,NA,NA
"5",1.09684284238989,0.562988542377236,0.421004684235492,NA,NA,NA
"5",1.10535507694226,0.561589740265087,0.420107719167751,NA,NA,NA
"5",1.11386731149462,0.560156664089485,0.419212665209886,NA,NA,NA
"5",1.12237954604698,0.558710770509353,0.418319518289815,NA,NA,NA
"5",1.13089178059934,0.557331974780865,0.417431995228398,NA,NA,NA
"5",1.13940401515171,0.555918247763236,0.416562850205957,NA,NA,NA
"5",1.14791624970407,0.554437246138149,0.41569551494484,NA,NA,NA
"5",1.15642848425643,0.553050308507712,0.41483553931996,NA,NA,NA
"5",1.1649407188088,0.551567816528864,0.414003105022361,NA,NA,NA
"5",1.17345295336116,0.550171606276275,0.413112795495149,NA,NA,NA
"5",1.18196518791352,0.54874646120778,0.412251333518569,NA,NA,NA
"5",1.19047742246588,0.547354840002935,0.411391668226431,NA,NA,NA
"5",1.19898965701825,0.54593831460565,0.410533795870917,NA,NA,NA
"5",1.20750189157061,0.544533332907351,0.409677712712029,NA,NA,NA
"5",1.21601412612297,0.54304448054522,0.408823415017571,NA,NA,NA
"5",1.22452636067534,0.541559306871092,0.407970899063134,NA,NA,NA
"5",1.2330385952277,0.540082150137068,0.407123821686833,NA,NA,NA
"5",1.24155082978006,0.538622985855352,0.406281275519794,NA,NA,NA
"5",1.25006306433242,0.537149386956156,0.405440473358901,NA,NA,NA
"5",1.25857529888479,0.535711156021614,0.404601411593504,NA,NA,NA
"5",1.26708753343715,0.534247436170782,0.40376408662043,NA,NA,NA
"5",1.27559976798951,0.532820978254158,0.402925845188947,NA,NA,NA
"5",1.28411200254188,0.531358445888198,0.402089662179872,NA,NA,NA
"5",1.29262423709424,0.529899059431273,0.40125155368994,NA,NA,NA
"5",1.3011364716466,0.528371517611935,0.400415192349806,NA,NA,NA
"5",1.30964870619896,0.526964053204748,0.399581954514524,NA,NA,NA
"5",1.31816094075133,0.525470600193504,0.398755298630236,NA,NA,NA
"5",1.32667317530369,0.523980755016313,0.397930353336951,NA,NA,NA
"5",1.33518540985605,0.52248419309673,0.397124927912235,NA,NA,NA
"5",1.34369764440842,0.520993857394057,0.396319958933779,NA,NA,NA
"5",1.35220987896078,0.519504053625542,0.395468862545868,NA,NA,NA
"5",1.36072211351314,0.518019623625017,0.394634029679921,NA,NA,NA
"5",1.3692343480655,0.516577409540494,0.393811810115337,NA,NA,NA
"5",1.37774658261787,0.515150840730052,0.392991303799503,NA,NA,NA
"5",1.38625881717023,0.513619272266289,0.392127056906472,NA,NA,NA
"5",1.39477105172259,0.512116324498809,0.391343018168978,NA,NA,NA
"5",1.40328328627496,0.510700859914924,0.390559476218838,NA,NA,NA
"5",1.41179552082732,0.509239339216134,0.389777103617173,NA,NA,NA
"5",1.42030775537968,0.507690480756846,0.389043844552346,NA,NA,NA
"5",1.42881998993204,0.506209528301681,0.38823281360252,NA,NA,NA
"5",1.43733222448441,0.504724981640745,0.387436283883435,NA,NA,NA
"5",1.44584445903677,0.503261864034598,0.386652986709627,NA,NA,NA
"5",1.45435669358913,0.50180084822189,0.385753850079792,NA,NA,NA
"5",1.4628689281415,0.500307103633847,0.384930365289067,NA,NA,NA
"5",1.47138116269386,0.498868250973973,0.384110893318149,NA,NA,NA
"5",1.47989339724622,0.497353649442984,0.383309076331698,NA,NA,NA
"5",1.48840563179858,0.495819372403251,0.382511671998511,NA,NA,NA
"5",1.49691786635095,0.494317539410598,0.381714482973442,NA,NA,NA
"5",1.50543010090331,0.492864127256243,0.380847387653961,NA,NA,NA
"5",1.51394233545567,0.491379895464997,0.380031481844705,NA,NA,NA
"5",1.52245457000804,0.489863259054773,0.379225365099646,NA,NA,NA
"5",1.5309668045604,0.488399657433464,0.378410387088222,NA,NA,NA
"5",1.53947903911276,0.486879470074069,0.377602434742611,NA,NA,NA
"5",1.54799127366512,0.485333791540272,0.376798826447489,NA,NA,NA
"5",1.55650350821749,0.483861480142736,0.376039126136214,NA,NA,NA
"5",1.56501574276985,0.482346975071028,0.375239077007444,NA,NA,NA
"5",1.57352797732221,0.480774440877,0.37442166088454,NA,NA,NA
"5",1.58204021187457,0.479316340344518,0.373606025473327,NA,NA,NA
"5",1.59055244642694,0.477803160500717,0.372784556384975,NA,NA,NA
"5",1.5990646809793,0.476332138207784,0.371883903723153,NA,NA,NA
"5",1.60757691553166,0.474774326586844,0.37108258435907,NA,NA,NA
"5",1.61608915008403,0.473264589726421,0.370282991824171,NA,NA,NA
"5",1.62460138463639,0.471718988624201,0.369485122396793,NA,NA,NA
"5",1.63311361918875,0.470216983539016,0.36868504419519,NA,NA,NA
"5",1.64162585374112,0.468709546607121,0.367905435224784,NA,NA,NA
"5",1.65013808829348,0.467226900972662,0.367131675268701,NA,NA,NA
"5",1.65865032284584,0.465723328656884,0.366300416647082,NA,NA,NA
"5",1.6671625573982,0.46421993761717,0.36553222154085,NA,NA,NA
"5",1.67567479195057,0.462690597646918,0.364529281225961,NA,NA,NA
"5",1.68418702650293,0.461153551000446,0.363769481087041,NA,NA,NA
"5",1.69269926105529,0.459599961347869,0.363011804154199,NA,NA,NA
"5",1.70121149560765,0.458069336379406,0.362255705493735,NA,NA,NA
"5",1.70972373016002,0.456562055520906,0.361221983151612,NA,NA,NA
"5",1.71823596471238,0.45506285163523,0.36044561236138,NA,NA,NA
"5",1.72674819926474,0.453554347324205,0.359670910283348,NA,NA,NA
"5",1.73526043381711,0.45200708492257,0.358713701582465,NA,NA,NA
"5",1.74377266836947,0.450486518914788,0.357895408499106,NA,NA,NA
"5",1.75228490292183,0.449050088381373,0.35713291742839,NA,NA,NA
"5",1.76079713747419,0.447567333617758,0.356397600985164,NA,NA,NA
"5",1.76930937202656,0.44605777732022,0.35566379868348,NA,NA,NA
"5",1.77782160657892,0.444549790871345,0.354844378724625,NA,NA,NA
"5",1.78633384113128,0.442995279742471,0.354058221967686,NA,NA,NA
"5",1.79484607568365,0.441488866982102,0.353204334584038,NA,NA,NA
"5",1.80335831023601,0.440039367695583,0.352432739516409,NA,NA,NA
"5",1.81187054478837,0.438529714400585,0.351699103210447,NA,NA,NA
"5",1.82038277934073,0.436995178607006,0.350952250005845,NA,NA,NA
"5",1.8288950138931,0.435481849655147,0.350187232544944,NA,NA,NA
"5",1.83740724844546,0.433961328669019,0.34932442208243,NA,NA,NA
"5",1.84591948299782,0.432451631703602,0.348581304511943,NA,NA,NA
"5",1.85443171755019,0.430939880205605,0.347699572461503,NA,NA,NA
"5",1.86294395210255,0.429427569889409,0.34677789824935,NA,NA,NA
"5",1.87145618665491,0.427910715949719,0.345976159257781,NA,NA,NA
"5",1.87996842120727,0.426389409613813,0.34510653438312,NA,NA,NA
"5",1.88848065575964,0.424871214033351,0.344268986383646,NA,NA,NA
"5",1.896992890312,0.423365743401647,0.343543095067161,NA,NA,NA
"5",1.90550512486436,0.42182112463246,0.342762181451817,NA,NA,NA
"5",1.91401735941673,0.420316352116271,0.342032184179186,NA,NA,NA
"5",1.92252959396909,0.418830793154664,0.341303741663176,NA,NA,NA
"5",1.93104182852145,0.417388129638767,0.340515061797531,NA,NA,NA
"5",1.93955406307381,0.415958379456787,0.339430016670505,NA,NA,NA
"5",1.94806629762618,0.414525384193605,0.338547888533861,NA,NA,NA
"5",1.95657853217854,0.41299010781489,0.337585482818618,NA,NA,NA
"5",1.9650907667309,0.411486050316279,0.336456404697564,NA,NA,NA
"5",1.97360300128327,0.409948727917693,0.335530962223715,NA,NA,NA
"5",1.98211523583563,0.408472699494812,0.334692406221786,NA,NA,NA
"5",1.99062747038799,0.406959730547718,0.333679935012904,NA,NA,NA
"5",1.99913970494035,0.405469096857185,0.332431160862757,NA,NA,NA
"5",2.00765193949272,0.40396847142589,0.331328138347088,NA,NA,NA
"5",2.01616417404508,0.402452604164937,0.330475904341908,NA,NA,NA
"5",2.02467640859744,0.400981046559565,0.329686986101205,NA,NA,NA
"5",2.0331886431498,0.399497956305245,0.328899389789174,NA,NA,NA
"5",2.04170087770217,0.398047902085787,0.327935547298088,NA,NA,NA
"5",2.05021311225453,0.396625313527049,0.326928389481775,NA,NA,NA
"5",2.05872534680689,0.395189705358004,0.325697752323376,NA,NA,NA
"5",2.06723758135926,0.393736329508811,0.324821664450258,NA,NA,NA
"5",2.07574981591162,0.392260859891815,0.324022479705559,NA,NA,NA
"5",2.08426205046398,0.390790969787006,0.323033715359119,NA,NA,NA
"5",2.09277428501634,0.389311706797905,0.322051738666026,NA,NA,NA
"5",2.10128651956871,0.387840557871918,0.321219132350787,NA,NA,NA
"5",2.10979875412107,0.38639797052578,0.320369587384289,NA,NA,NA
"5",2.11831098867343,0.384909901438285,0.31933706996839,NA,NA,NA
"5",2.1268232232258,0.383486196499142,0.318260642858703,NA,NA,NA
"5",2.13533545777816,0.382035504673677,0.317285863620605,NA,NA,NA
"5",2.14384769233052,0.380569743195427,0.316063566078597,NA,NA,NA
"5",2.15235992688288,0.379131081318879,0.315063579153988,NA,NA,NA
"5",2.16087216143525,0.377673144591098,0.313880962900839,NA,NA,NA
"5",2.16938439598761,0.376240486954147,0.312855280190067,NA,NA,NA
"5",2.17789663053997,0.374812302512171,0.311815327663062,NA,NA,NA
"5",2.18640886509234,0.373371389755527,0.310701018615127,NA,NA,NA
"5",2.1949210996447,0.371901891474561,0.309698944165363,NA,NA,NA
"5",2.20343333419706,0.370452340527174,0.308534461527816,NA,NA,NA
"5",2.21194556874942,0.36904243775094,0.307226036031759,NA,NA,NA
"5",2.22045780330179,0.3676429311194,0.306187882497217,NA,NA,NA
"5",2.22897003785415,0.366227354457416,0.30525851735973,NA,NA,NA
"5",2.23748227240651,0.364801891473149,0.304286133751825,NA,NA,NA
"5",2.24599450695888,0.363392022918512,0.30321311892216,NA,NA,NA
"5",2.25450674151124,0.361929063643723,0.302035080644517,NA,NA,NA
"5",2.2630189760636,0.360550982802425,0.30092137564691,NA,NA,NA
"5",2.27153121061596,0.359148291784787,0.299762397443986,NA,NA,NA
"5",2.28004344516833,0.357678545312798,0.299054273823387,NA,NA,NA
"5",2.28855567972069,0.35633197135286,0.298033430086052,NA,NA,NA
"5",2.29706791427305,0.354937806724962,0.296918045094991,NA,NA,NA
"5",2.30558014882542,0.353508809411172,0.295972533832842,NA,NA,NA
"5",2.31409238337778,0.352155812683706,0.294967757176432,NA,NA,NA
"5",2.32260461793014,0.350754976315143,0.293897069953802,NA,NA,NA
"5",2.3311168524825,0.349382240394068,0.292744988436421,NA,NA,NA
"5",2.33962908703487,0.348033464037397,0.291896780952963,NA,NA,NA
"5",2.34814132158723,0.34663448917278,0.291065648204288,NA,NA,NA
"5",2.35665355613959,0.345270999744471,0.28986643608995,NA,NA,NA
"5",2.36516579069196,0.343913664723303,0.288846805914933,NA,NA,NA
"5",2.37367802524432,0.342564784610547,0.287740564274905,NA,NA,NA
"5",2.38219025979668,0.341208234388699,0.286565740056445,NA,NA,NA
"5",2.39070249434904,0.339870325322786,0.285488020627367,NA,NA,NA
"5",2.39921472890141,0.338520754639375,0.284325891309856,NA,NA,NA
"5",2.40772696345377,0.337163465513778,0.283007348781849,NA,NA,NA
"5",2.41623919800613,0.335867023189317,0.281992487457291,NA,NA,NA
"5",2.42475143255849,0.334544795601992,0.280742929362076,NA,NA,NA
"5",2.43326366711086,0.333212320581586,0.279633470807333,NA,NA,NA
"5",2.44177590166322,0.331872906910474,0.278523452036437,NA,NA,NA
"5",2.45028813621558,0.330539324854892,0.277383688617141,NA,NA,NA
"5",2.45880037076795,0.329190642034025,0.27632208867894,NA,NA,NA
"5",2.46731260532031,0.327944695741799,0.274931233569594,NA,NA,NA
"5",2.47582483987267,0.326677238006069,0.273903245649601,NA,NA,NA
"5",2.48433707442504,0.325336149432829,0.272658579350216,NA,NA,NA
"5",2.4928493089774,0.324009008610861,0.271580586835292,NA,NA,NA
"5",2.50136154352976,0.322683944980493,0.270394257009332,NA,NA,NA
"5",2.50987377808212,0.321375007816591,0.269112874802914,NA,NA,NA
"5",2.51838601263449,0.320024967243587,0.267885954298849,NA,NA,NA
"5",2.52689824718685,0.318773959843708,0.266742868838285,NA,NA,NA
"5",2.53541048173921,0.317449271276537,0.2654479314347,NA,NA,NA
"5",2.54392271629158,0.316183790932604,0.264157069623938,NA,NA,NA
"5",2.55243495084394,0.314871039284079,0.262952907669988,NA,NA,NA
"5",2.5609471853963,0.313614409034101,0.26170593747958,NA,NA,NA
"5",2.56945941994866,0.312394160045033,0.260677666622486,NA,NA,NA
"5",2.57797165450103,0.31114021592199,0.259601282723839,NA,NA,NA
"5",2.58648388905339,0.309874640664065,0.258307172817583,NA,NA,NA
"5",2.59499612360575,0.308573215221836,0.257228382029311,NA,NA,NA
"5",2.60350835815811,0.307348373310265,0.25608836382282,NA,NA,NA
"5",2.61202059271048,0.306081807652483,0.254943743814816,NA,NA,NA
"5",2.62053282726284,0.304831097088062,0.253785807574632,NA,NA,NA
"5",2.6290450618152,0.303603585038277,0.252596764671701,NA,NA,NA
"5",2.63755729636757,0.302341950035184,0.251441253677308,NA,NA,NA
"5",2.64606953091993,0.301134291581284,0.250382263899077,NA,NA,NA
"5",2.65458176547229,0.299911244700132,0.249240364661283,NA,NA,NA
"5",2.66309400002465,0.298672174824331,0.247935218590511,NA,NA,NA
"5",2.67160623457702,0.297454357159732,0.246638477968971,NA,NA,NA
"5",2.68011846912938,0.296312094486353,0.245509844459157,NA,NA,NA
"5",2.68863070368174,0.295101079550661,0.244222973224318,NA,NA,NA
"5",2.69714293823411,0.293877013902811,0.243322129082412,NA,NA,NA
"5",2.70565517278647,0.292629803429052,0.24207175369643,NA,NA,NA
"5",2.71416740733883,0.291443530740199,0.240887758035431,NA,NA,NA
"5",2.72267964189119,0.29026844094268,0.239895936623785,NA,NA,NA
"5",2.73119187644356,0.289063932600248,0.238706615379921,NA,NA,NA
"5",2.73970411099592,0.287853892656426,0.23745694718644,NA,NA,NA
"5",2.74821634554828,0.286670873147891,0.236373108662313,NA,NA,NA
"5",2.75672858010065,0.285483475879763,0.235265736833358,NA,NA,NA
"5",2.76524081465301,0.284311474267853,0.234033293882832,NA,NA,NA
"5",2.77375304920537,0.283095198061109,0.232810019094946,NA,NA,NA
"5",2.78226528375773,0.281854190474411,0.231541208576821,NA,NA,NA
"5",2.7907775183101,0.280729217862986,0.230368097891337,NA,NA,NA
"5",2.79928975286246,0.279477016515484,0.229280546615049,NA,NA,NA
"5",2.80780198741482,0.278342834154408,0.228078486937694,NA,NA,NA
"5",2.81631422196719,0.277202916367127,0.226910216133345,NA,NA,NA
"5",2.82482645651955,0.275950802293148,0.225896730492976,NA,NA,NA
"5",2.83333869107191,0.27476463407059,0.224797988281139,NA,NA,NA
"5",2.84185092562427,0.273556287115174,0.223702528530012,NA,NA,NA
"5",2.85036316017664,0.272365716250935,0.22254569322454,NA,NA,NA
"5",2.858875394729,0.271199530492962,0.221450905557563,NA,NA,NA
"5",2.86738762928136,0.270024770980885,0.220297851963699,NA,NA,NA
"5",2.87589986383373,0.268810447121885,0.219245700508918,NA,NA,NA
"5",2.88441209838609,0.267627193440775,0.218094967424192,NA,NA,NA
"5",2.89292433293845,0.266440543018064,0.217001979456502,NA,NA,NA
"5",2.90143656749081,0.265247505912324,0.216005883873656,NA,NA,NA
"5",2.90994880204318,0.264067960550286,0.214837692879123,NA,NA,NA
"5",2.91846103659554,0.262857799825398,0.213852813188543,NA,NA,NA
"5",2.9269732711479,0.261636281215476,0.212766997652349,NA,NA,NA
"5",2.93548550570027,0.260439499183629,0.211630410833142,NA,NA,NA
"5",2.94399774025263,0.259286535549136,0.210615866147416,NA,NA,NA
"5",2.95250997480499,0.258147750667781,0.209574887356287,NA,NA,NA
"5",2.96102220935735,0.256968758629501,0.208533504077648,NA,NA,NA
"5",2.96953444390972,0.255804603599434,0.207363852101711,NA,NA,NA
"5",2.97804667846208,0.254704242225191,0.206311712104592,NA,NA,NA
"5",2.98655891301444,0.253483239617452,0.20536605111513,NA,NA,NA
"5",2.9950711475668,0.252339497678876,0.204382818034959,NA,NA,NA
"5",3.00358338211917,0.251187756478507,0.2033066276708,NA,NA,NA
"5",3.01209561667153,0.25003977656696,0.202183441281104,NA,NA,NA
"5",3.02060785122389,0.248885411521659,0.201101753910465,NA,NA,NA
"5",3.02912008577626,0.247750698619741,0.200014948465986,NA,NA,NA
"5",3.03763232032862,0.246660329940526,0.198897320971691,NA,NA,NA
"5",3.04614455488098,0.245510680544462,0.197805407659283,NA,NA,NA
"5",3.05465678943334,0.244400863703873,0.196881397943165,NA,NA,NA
"5",3.06316902398571,0.243277842144721,0.195764477298279,NA,NA,NA
"5",3.07168125853807,0.242171300050106,0.194740271413558,NA,NA,NA
"5",3.08019349309043,0.241046331497029,0.19366195616663,NA,NA,NA
"5",3.0887057276428,0.239983694275851,0.192703740321187,NA,NA,NA
"5",3.09721796219516,0.238834620629793,0.191769496214164,NA,NA,NA
"5",3.10573019674752,0.237717803039469,0.190766295538247,NA,NA,NA
"5",3.11424243129988,0.236582391604496,0.18975504100842,NA,NA,NA
"5",3.12275466585225,0.235438625371823,0.18871650392707,NA,NA,NA
"5",3.13126690040461,0.234371349657258,0.187637977213794,NA,NA,NA
"5",3.13977913495697,0.233270933621309,0.18666922256897,NA,NA,NA
"5",3.14829136950934,0.232146701007674,0.185721387328139,NA,NA,NA
"5",3.1568036040617,0.23109474800774,0.184704281753392,NA,NA,NA
"5",3.16531583861406,0.229933553991179,0.183681615981904,NA,NA,NA
"5",3.17382807316642,0.228847408533259,0.182780994753761,NA,NA,NA
"5",3.18234030771879,0.22776296250709,0.181763751665778,NA,NA,NA
"5",3.19085254227115,0.226593346069959,0.180777972119061,NA,NA,NA
"5",3.19936477682351,0.225526127057253,0.179802018234637,NA,NA,NA
"5",3.20787701137588,0.224473226350108,0.178744629908763,NA,NA,NA
"5",3.21638924592824,0.223342049578544,0.177806190786492,NA,NA,NA
"5",3.2249014804806,0.222258176587849,0.176852202021551,NA,NA,NA
"5",3.23341371503296,0.221168781005584,0.175854123383571,NA,NA,NA
"5",3.24192594958533,0.220084000690617,0.174860906504936,NA,NA,NA
"5",3.25043818413769,0.219005577999493,0.173836974494235,NA,NA,NA
"5",3.25895041869005,0.217919476569078,0.172929378736802,NA,NA,NA
"5",3.26746265324242,0.216813045394584,0.171936119396194,NA,NA,NA
"5",3.27597488779478,0.215746604924874,0.171005462622711,NA,NA,NA
"5",3.28448712234714,0.214697908102045,0.169977591335957,NA,NA,NA
"5",3.2929993568995,0.213701611282417,0.169117851760322,NA,NA,NA
"5",3.30151159145187,0.212699994988239,0.168180558770857,NA,NA,NA
"5",3.31002382600423,0.211612347901266,0.167209301960284,NA,NA,NA
"5",3.31853606055659,0.210598844303201,0.166334999960253,NA,NA,NA
"5",3.32704829510896,0.209628878901061,0.165455666448264,NA,NA,NA
"5",3.33556052966132,0.208632901340062,0.164603709885869,NA,NA,NA
"5",3.34407276421368,0.207588491904889,0.163703034515288,NA,NA,NA
"5",3.35258499876604,0.206511169212212,0.162795388448274,NA,NA,NA
"5",3.36109723331841,0.205508304643655,0.161933641744525,NA,NA,NA
"5",3.36960946787077,0.204469929818448,0.160933523181304,NA,NA,NA
"5",3.37812170242313,0.2034527605914,0.160133360677554,NA,NA,NA
"5",3.3866339369755,0.202401706319177,0.159102971860493,NA,NA,NA
"5",3.39514617152786,0.201329903164723,0.158093597577677,NA,NA,NA
"5",3.40365840608022,0.200343434608168,0.1571664676966,NA,NA,NA
"5",3.41217064063258,0.199297071044858,0.1563795485528,NA,NA,NA
"5",3.42068287518495,0.198271030304168,0.155676257034989,NA,NA,NA
"5",3.42919510973731,0.197297287588081,0.154747905833909,NA,NA,NA
"5",3.43770734428967,0.196248258673021,0.153826525235944,NA,NA,NA
"5",3.44621957884204,0.195251531053542,0.152971461634051,NA,NA,NA
"5",3.4547318133944,0.194292916929681,0.152091094693802,NA,NA,NA
"5",3.46324404794676,0.193264813028099,0.151192253642477,NA,NA,NA
"5",3.47175628249912,0.192240417503215,0.150335754059647,NA,NA,NA
"5",3.48026851705149,0.19127027509372,0.149510044081779,NA,NA,NA
"5",3.48878075160385,0.19030029498279,0.148602764049834,NA,NA,NA
"5",3.49729298615621,0.189307526008479,0.147674842685852,NA,NA,NA
"5",3.50580522070858,0.188369122180437,0.146759290027926,NA,NA,NA
"5",3.51431745526094,0.187388855457646,0.1458886264849,NA,NA,NA
"5",3.5228296898133,0.186397504914889,0.145013097588505,NA,NA,NA
"5",3.53134192436566,0.185381993361767,0.14414616654614,NA,NA,NA
"5",3.53985415891803,0.184446588389819,0.143304314512031,NA,NA,NA
"5",3.54836639347039,0.183512572174884,0.142469242808109,NA,NA,NA
"5",3.55687862802275,0.18256339866862,0.141720301800574,NA,NA,NA
"5",3.56539086257511,0.181656120043455,0.140890162860801,NA,NA,NA
"5",3.57390309712748,0.18073076847927,0.140089268023755,NA,NA,NA
"5",3.58241533167984,0.179820877819448,0.139191356574328,NA,NA,NA
"5",3.5909275662322,0.178886179044545,0.13840864859848,NA,NA,NA
"5",3.59943980078457,0.177995724134877,0.137570975642915,NA,NA,NA
"5",3.60795203533693,0.177054769567576,0.136642961482757,NA,NA,NA
"5",3.61646426988929,0.176137898388642,0.135850112576004,NA,NA,NA
"5",3.62497650444165,0.175274405761952,0.135065620051244,NA,NA,NA
"5",3.63348873899402,0.174339408075486,0.134242580251623,NA,NA,NA
"5",3.64200097354638,0.173410080252789,0.133475159832406,NA,NA,NA
"5",3.65051320809874,0.17251477657825,0.132695777004872,NA,NA,NA
"5",3.65902544265111,0.171641524636405,0.131791182494964,NA,NA,NA
"5",3.66753767720347,0.170741828012654,0.1309264375471,NA,NA,NA
"5",3.67604991175583,0.169858031694243,0.130136536727942,NA,NA,NA
"5",3.68456214630819,0.168935639313072,0.129353399868271,NA,NA,NA
"5",3.69307438086056,0.168029664814331,0.128565965617274,NA,NA,NA
"5",3.70158661541292,0.167216127134408,0.127800193776096,NA,NA,NA
"5",3.71009884996528,0.166350079453746,0.127013148882415,NA,NA,NA
"5",3.71861108451765,0.165490407326747,0.126239630792542,NA,NA,NA
"5",3.72712331907001,0.164585881458226,0.125454452750935,NA,NA,NA
"5",3.73563555362237,0.163723534695845,0.124626632902223,NA,NA,NA
"5",3.74414778817473,0.162884492527381,0.12386401336751,NA,NA,NA
"5",3.7526600227271,0.161993823644284,0.123113905056698,NA,NA,NA
"5",3.76117225727946,0.161112179398151,0.122305729469537,NA,NA,NA
"5",3.76968449183182,0.160216020733227,0.121557720371805,NA,NA,NA
"5",3.77819672638419,0.159341641850974,0.12077345350091,NA,NA,NA
"5",3.78670896093655,0.1585293281728,0.119958182318728,NA,NA,NA
"5",3.79522119548891,0.157691676991632,0.119190765379978,NA,NA,NA
"5",3.80373343004127,0.156848829572667,0.118434224480344,NA,NA,NA
"5",3.81224566459364,0.155995541086977,0.117670352147982,NA,NA,NA
"5",3.820757899146,0.155145665763137,0.11690652296833,NA,NA,NA
"5",3.82927013369836,0.154303737611498,0.116171578705698,NA,NA,NA
"5",3.83778236825073,0.1534428830552,0.115433856041389,NA,NA,NA
"5",3.84629460280309,0.152638775094387,0.114652996398455,NA,NA,NA
"5",3.85480683735545,0.151806928573386,0.113938569632295,NA,NA,NA
"5",3.86331907190781,0.151011340741719,0.113305018294213,NA,NA,NA
"5",3.87183130646018,0.150215836751848,0.112646995994257,NA,NA,NA
"5",3.88034354101254,0.149400786370577,0.111829459785358,NA,NA,NA
"5",3.8888557755649,0.148618924149357,0.111124670624149,NA,NA,NA
"5",3.89736801011726,0.147831313353773,0.1103702059512,NA,NA,NA
"5",3.90588024466963,0.147012946498032,0.10969547206549,NA,NA,NA
"5",3.91439247922199,0.146195728259779,0.108950775914156,NA,NA,NA
"5",3.92290471377435,0.145365750418025,0.108199408030446,NA,NA,NA
"5",3.93141694832672,0.144582931907267,0.107443916583164,NA,NA,NA
"5",3.93992918287908,0.143840974903745,0.106684280139322,NA,NA,NA
"5",3.94844141743144,0.143039871472089,0.106012991067556,NA,NA,NA
"5",3.9569536519838,0.142217617651316,0.105299825714853,NA,NA,NA
"5",3.96546588653617,0.141515636865393,0.104558248931826,NA,NA,NA
"5",3.97397812108853,0.14070320583905,0.103893928587638,NA,NA,NA
"5",3.98249035564089,0.139956170329934,0.103283510433017,NA,NA,NA
"5",3.99100259019326,0.139200618471729,0.102515169715558,NA,NA,NA
"5",3.99951482474562,0.138446303507641,0.101877159649488,NA,NA,NA
"5",4.00802705929798,0.137674050888527,0.10128667652305,NA,NA,NA
"5",4.01653929385034,0.136955748104589,0.100620181183709,NA,NA,NA
"5",4.02505152840271,0.136215767547545,0.100017529239154,NA,NA,NA
"5",4.03356376295507,0.135516618259962,0.0992898231403162,NA,NA,NA
"5",4.04207599750743,0.134734964912243,0.0985577080410515,NA,NA,NA
"5",4.0505882320598,0.134009282186325,0.0979551292482095,NA,NA,NA
"5",4.05910046661216,0.13325882630163,0.0972744306442835,NA,NA,NA
"5",4.06761270116452,0.132545839920653,0.0966090635552368,NA,NA,NA
"5",4.07612493571689,0.131824643550459,0.0959959604293165,NA,NA,NA
"5",4.08463717026925,0.131110561018173,0.0953349801271497,NA,NA,NA
"5",4.09314940482161,0.130395366721589,0.0946355659849084,NA,NA,NA
"5",4.10166163937397,0.129703404748581,0.0939954484492383,NA,NA,NA
"5",4.11017387392634,0.128962832729764,0.0933846040621225,NA,NA,NA
"5",4.1186861084787,0.128242301517463,0.0927726641205063,NA,NA,NA
"5",4.12719834303106,0.127555238719467,0.0920954755367311,NA,NA,NA
"5",4.13571057758342,0.126842038587143,0.091411783378021,NA,NA,NA
"5",4.14422281213579,0.126168603893049,0.0907299838194364,NA,NA,NA
"5",4.15273504668815,0.125507458780685,0.0901377902793304,NA,NA,NA
"5",4.16124728124051,0.124801605661902,0.0896168521479517,NA,NA,NA
"5",4.16975951579288,0.124109872209236,0.0890800805607502,NA,NA,NA
"5",4.17827175034524,0.123415815628802,0.0885369359000225,NA,NA,NA
"5",4.1867839848976,0.122695393695865,0.0878856972474523,NA,NA,NA
"5",4.19529621944996,0.12203719825235,0.0872308916936858,NA,NA,NA
"5",4.20380845400233,0.121362077346373,0.086709269274496,NA,NA,NA
"5",4.21232068855469,0.120681681950506,0.086022641416355,NA,NA,NA
"5",4.22083292310705,0.119995764194181,0.0854136601865865,NA,NA,NA
"5",4.22934515765941,0.119323627738883,0.0849208086879339,NA,NA,NA
"5",4.23785739221178,0.118679516834541,0.0843666012960484,NA,NA,NA
"5",4.24636962676414,0.117977898990727,0.0837308911156436,NA,NA,NA
"5",4.2548818613165,0.117287354718415,0.0832203083924224,NA,NA,NA
"5",4.26339409586887,0.116638304567389,0.0826558414779402,NA,NA,NA
"5",4.27190633042123,0.115986715511482,0.0820860432412209,NA,NA,NA
"5",4.28041856497359,0.115318168364032,0.0814764432133542,NA,NA,NA
"5",4.28893079952596,0.114725399850089,0.080917398652655,NA,NA,NA
"5",4.29744303407832,0.1140834296797,0.0802843425793716,NA,NA,NA
"5",4.30595526863068,0.113422616070104,0.0796820058473511,NA,NA,NA
"5",4.31446750318304,0.112780395981388,0.0791412712646969,NA,NA,NA
"5",4.32297973773541,0.112140119783156,0.0785855622142345,NA,NA,NA
"5",4.33149197228777,0.111535669636435,0.0780322517838179,NA,NA,NA
"5",4.34000420684013,0.11091801141627,0.0774493446958212,NA,NA,NA
"5",4.3485164413925,0.110280480787794,0.0769378975349046,NA,NA,NA
"5",4.35702867594486,0.109615314648638,0.0763376982131204,NA,NA,NA
"5",4.36554091049722,0.108982481299063,0.0758370059247223,NA,NA,NA
"5",4.37405314504958,0.108355775000922,0.0753689681424466,NA,NA,NA
"5",4.38256537960195,0.107731823551913,0.074865941731821,NA,NA,NA
"5",4.39107761415431,0.107116120950085,0.0743450298924866,NA,NA,NA
"5",4.39958984870667,0.106523927028732,0.073792388065762,NA,NA,NA
"5",4.40810208325903,0.105938873008328,0.0732452234306384,NA,NA,NA
"5",4.4166143178114,0.105385848890732,0.0727329356712904,NA,NA,NA
"5",4.42512655236376,0.104784345192945,0.0722032854188835,NA,NA,NA
"5",4.43363878691612,0.10418344178542,0.0717041784616719,NA,NA,NA
"5",4.44215102146849,0.103634834784042,0.0712047631991581,NA,NA,NA
"5",4.45066325602085,0.103050951447157,0.0706751205940068,NA,NA,NA
"5",4.45917549057321,0.102483819288091,0.0701589524118893,NA,NA,NA
"5",4.46768772512558,0.101906720361185,0.0696483720014607,NA,NA,NA
"5",4.47619995967794,0.101339772809821,0.069083568508277,NA,NA,NA
"5",4.4847121942303,0.100703651480669,0.0686055823550286,NA,NA,NA
"5",4.49322442878266,0.100138751562203,0.0681692270832037,NA,NA,NA
"5",4.50173666333503,0.0995874640078191,0.0676432409670505,NA,NA,NA
"5",4.51024889788739,0.0990276722430723,0.0671890660451319,NA,NA,NA
"5",4.51876113243975,0.0984741368213201,0.0667435640544414,NA,NA,NA
"5",4.52727336699211,0.0978885058514898,0.0662527974300069,NA,NA,NA
"5",4.53578560154448,0.0973149638335426,0.0658364504448942,NA,NA,NA
"5",4.54429783609684,0.0967786013931793,0.0652539837073395,NA,NA,NA
"5",4.5528100706492,0.0961937117011349,0.064823835340587,NA,NA,NA
"5",4.56132230520157,0.0956482734961018,0.0644129962906,NA,NA,NA
"5",4.56983453975393,0.0950749381166255,0.0640012023690394,NA,NA,NA
"5",4.57834677430629,0.094552210969301,0.0636030815234075,NA,NA,NA
"5",4.58685900885865,0.0940259764696592,0.0631419964598645,NA,NA,NA
"5",4.59537124341102,0.0934992870319209,0.0627464717417379,NA,NA,NA
"5",4.60388347796338,0.0929768741804896,0.0622938140227725,NA,NA,NA
"5",4.61239571251574,0.0924553821306509,0.0618433904391775,NA,NA,NA
"5",4.62090794706811,0.0919302882486105,0.0613968564383395,NA,NA,NA
"5",4.62942018162047,0.0914097950938165,0.0609535482951929,NA,NA,NA
"5",4.63793241617283,0.0908727240385639,0.0605436645653161,NA,NA,NA
"5",4.64644465072519,0.0903263515414048,0.0601010597803926,NA,NA,NA
"5",4.65495688527756,0.0898254299032413,0.059667797268177,NA,NA,NA
"5",4.66346911982992,0.0893097737852365,0.0592020884549961,NA,NA,NA
"5",4.67198135438228,0.0888244332771869,0.0588258400888377,NA,NA,NA
"5",4.68049358893465,0.0883739440961638,0.0584255612298939,NA,NA,NA
"5",4.68900582348701,0.0878618321992211,0.0579135484852443,NA,NA,NA
"5",4.69751805803937,0.0873500416999981,0.057472978804364,NA,NA,NA
"5",4.70603029259173,0.0868517188398965,0.0570638214938418,NA,NA,NA
"5",4.7145425271441,0.0863457391783495,0.0566127735507015,NA,NA,NA
"5",4.72305476169646,0.0858489969123283,0.0561519381943695,NA,NA,NA
"5",4.73156699624882,0.085359853244575,0.055788593394752,NA,NA,NA
"5",4.74007923080119,0.084856728665383,0.05543327074047,NA,NA,NA
"5",4.74859146535355,0.084384589525903,0.0551232072951914,NA,NA,NA
"5",4.75710369990591,0.0838928618595926,0.0547592161674481,NA,NA,NA
"5",4.76561593445827,0.0834251473564838,0.054385068216299,NA,NA,NA
"5",4.77412816901064,0.0829562170502343,0.0539697771984278,NA,NA,NA
"5",4.782640403563,0.0824740656572518,0.0536206005771905,NA,NA,NA
"5",4.79115263811536,0.082026107232467,0.0531705177043392,NA,NA,NA
"5",4.79966487266772,0.0815466926985909,0.0528235842777765,NA,NA,NA
"5",4.80817710722009,0.081093961585944,0.0524741167286671,NA,NA,NA
"5",4.81668934177245,0.0806206035745104,0.0520698193006632,NA,NA,NA
"5",4.82520157632481,0.0801166977244693,0.0516127038799523,NA,NA,NA
"5",4.83371381087718,0.0796869979696544,0.0512358493896674,NA,NA,NA
"5",4.84222604542954,0.0792273352962885,0.0508665849205635,NA,NA,NA
"5",4.8507382799819,0.0787634322099465,0.0504581331887693,NA,NA,NA
"5",4.85925051453427,0.0782839940567777,0.0500957701176173,NA,NA,NA
"5",4.86776274908663,0.0778264277662777,0.0497388495713378,NA,NA,NA
"5",4.87627498363899,0.0773673865698856,0.049379341869696,NA,NA,NA
"5",4.88478721819135,0.0769152010613818,0.0490341539068692,NA,NA,NA
"5",4.89329945274372,0.0764641994800854,0.0486627205117992,NA,NA,NA
"5",4.90181168729608,0.0760316647220398,0.0482929111555301,NA,NA,NA
"5",4.91032392184844,0.07559952563482,0.047947071281483,NA,NA,NA
"5",4.9188361564008,0.07519651381352,0.0475855913068709,NA,NA,NA
"5",4.92734839095317,0.0747613923696114,0.0472305667323639,NA,NA,NA
"5",4.93586062550553,0.074346343917255,0.0468370422608546,NA,NA,NA
"5",4.94437286005789,0.0739134957587684,0.0464421165109501,NA,NA,NA
"5",4.95288509461026,0.0734812908784307,0.0459733135488886,NA,NA,NA
"5",4.96139732916262,0.0730755828700719,0.0456173538064451,NA,NA,NA
"5",4.96990956371498,0.0726637625028908,0.045165034756225,NA,NA,NA
"5",4.97842179826734,0.072261858196429,0.0447815959119547,NA,NA,NA
"5",4.98693403281971,0.0718613653844947,0.0444166745291428,NA,NA,NA
"5",4.99544626737207,0.0714408296124307,0.0440796459451613,NA,NA,NA
"5",5.00395850192443,0.0710161579365928,0.0437055558104874,NA,NA,NA
"5",5.0124707364768,0.0706449104112572,0.043326184907178,NA,NA,NA
"5",5.02098297102916,0.0702708242376295,0.0429945808846002,NA,NA,NA
"5",5.02949520558152,0.0698760663348087,0.0426356769811407,NA,NA,NA
"5",5.03800744013389,0.0694809384219556,0.042247998503218,NA,NA,NA
"5",5.04651967468625,0.0691157610299883,0.0419313502240084,NA,NA,NA
"5",5.05503190923861,0.0687347104632234,0.0415751256815364,NA,NA,NA
"5",5.06354414379097,0.0683479751542256,0.0412936359553922,NA,NA,NA
"5",5.07205637834334,0.0679743113846384,0.0409124977170434,NA,NA,NA
"5",5.0805686128957,0.0676102602175518,0.0405070838040069,NA,NA,NA
"5",5.08908084744806,0.0672243023353034,0.040109876727502,NA,NA,NA
"5",5.09759308200042,0.0668468888196049,0.0398543036877509,NA,NA,NA
"5",5.10610531655279,0.0664661782319417,0.0395597700893704,NA,NA,NA
"5",5.11461755110515,0.0661076430651272,0.039210734930929,NA,NA,NA
"5",5.12312978565751,0.0657465621129499,0.0388164691166615,NA,NA,NA
"5",5.13164202020988,0.0653830196881942,0.0383784923482404,NA,NA,NA
"5",5.14015425476224,0.065028639926259,0.0380748796402771,NA,NA,NA
"5",5.1486664893146,0.0646767792932746,0.0377473434124283,NA,NA,NA
"5",5.15717872386696,0.0643187904866047,0.0373970725788385,NA,NA,NA
"5",5.16569095841933,0.0639577686626047,0.0370529450097176,NA,NA,NA
"5",5.17420319297169,0.0635978245175964,0.0367536105662453,NA,NA,NA
"5",5.18271542752405,0.0632306153463576,0.0364382562674351,NA,NA,NA
"5",5.19122766207641,0.0628799876646781,0.0359954044064001,NA,NA,NA
"5",5.19973989662878,0.0625603441606973,0.0356636003210561,NA,NA,NA
"5",5.20825213118114,0.062231913548356,0.0352496269710708,NA,NA,NA
"5",5.2167643657335,0.0618849874995729,0.0349791465643014,NA,NA,NA
"5",5.22527660028587,0.0615631220893341,0.0346060776617647,NA,NA,NA
"5",5.23378883483823,0.0612193316302911,0.0343079553501244,NA,NA,NA
"5",5.24230106939059,0.0608846593699802,0.0339828531448857,NA,NA,NA
"5",5.25081330394296,0.0605921101446442,0.0336543005519284,NA,NA,NA
"5",5.25932553849532,0.0602592924705836,0.0332972852640521,NA,NA,NA
"5",5.26783777304768,0.0599618534584525,0.0329768815992853,NA,NA,NA
"5",5.27635000760004,0.0596345514924541,0.0326749296618931,NA,NA,NA
"5",5.28486224215241,0.0592992090408724,0.0323184203031642,NA,NA,NA
"5",5.29337447670477,0.0589715249881259,0.0319791659947203,NA,NA,NA
"5",5.30188671125713,0.0586654765625073,0.0316101910178408,NA,NA,NA
"5",5.3103989458095,0.0583456256653298,0.0313594583926411,NA,NA,NA
"5",5.31891118036186,0.0580647895953398,0.0310833027890035,NA,NA,NA
"5",5.32742341491422,0.0577690273505528,0.0307955609044155,NA,NA,NA
"5",5.33593564946658,0.0574467541738809,0.0305304837412624,NA,NA,NA
"5",5.34444788401895,0.0571226753361703,0.030243978832485,NA,NA,NA
"5",5.35296011857131,0.0568039878061632,0.0299201430316209,NA,NA,NA
"5",5.36147235312367,0.0564931042185571,0.0296618951028494,NA,NA,NA
"5",5.36998458767603,0.0561698933944976,0.0293840250373426,NA,NA,NA
"5",5.3784968222284,0.0558937553772471,0.0290438301177872,NA,NA,NA
"5",5.38700905678076,0.0556111787015789,0.0287278898521733,NA,NA,NA
"5",5.39552129133312,0.0552815594309602,0.0283782671132749,NA,NA,NA
"5",5.40403352588549,0.0550016411586435,0.028083714358374,NA,NA,NA
"5",5.41254576043785,0.0547293286604362,0.0277852695204264,NA,NA,NA
"5",5.42105799499021,0.0544155831331367,0.0274882040314756,NA,NA,NA
"5",5.42957022954258,0.0541313866866052,0.0272079160477108,NA,NA,NA
"5",5.43808246409494,0.0538641473800665,0.0269860139129951,NA,NA,NA
"5",5.4465946986473,0.0536000306260079,0.0266744146964309,NA,NA,NA
"5",5.45510693319966,0.0533371675490713,0.0263249255093101,NA,NA,NA
"5",5.46361916775203,0.0530530523357814,0.0260250091099408,NA,NA,NA
"5",5.47213140230439,0.0527654134915944,0.0257155396165292,NA,NA,NA
"5",5.48064363685675,0.0524838354902813,0.0254013814570579,NA,NA,NA
"5",5.48915587140911,0.0522003859563415,0.0251593877898344,NA,NA,NA
"5",5.49766810596148,0.0519193161602132,0.0249466022954641,NA,NA,NA
"5",5.50618034051384,0.0516535635927953,0.0246415658553266,NA,NA,NA
"5",5.5146925750662,0.0513659187479229,0.0243269971575192,NA,NA,NA
"5",5.52320480961857,0.051076191492993,0.0240335919522887,NA,NA,NA
"5",5.53171704417093,0.050798013719777,0.0237025546004527,NA,NA,NA
"5",5.54022927872329,0.0505275625476969,0.023437782346663,NA,NA,NA
"5",5.54874151327565,0.0502465937198274,0.0231790483688674,NA,NA,NA
"5",5.55725374782802,0.049981940793778,0.0228569280977079,NA,NA,NA
"5",5.56576598238038,0.0497272830156281,0.0225566981720112,NA,NA,NA
"5",5.57427821693274,0.0494643262306808,0.0222687691830382,NA,NA,NA
"5",5.58279045148511,0.0492144298007543,0.0220988308940307,NA,NA,NA
"5",5.59130268603747,0.0489815081426992,0.0218070638150099,NA,NA,NA
"5",5.59981492058983,0.048734749040535,0.0215132705195772,NA,NA,NA
"5",5.60832715514219,0.0484844120449329,0.0212262301560092,NA,NA,NA
"5",5.61683938969456,0.0482277257564379,0.0209296695657152,NA,NA,NA
"5",5.62535162424692,0.047973638208211,0.0207162384469521,NA,NA,NA
"5",5.63386385879928,0.0477189626742201,0.0205352135994382,NA,NA,NA
"5",5.64237609335165,0.0474757732241855,0.0202847325328649,NA,NA,NA
"5",5.65088832790401,0.0472155460240219,0.0200500637671227,NA,NA,NA
"5",5.65940056245637,0.0469857180006046,0.0198479564291474,NA,NA,NA
"5",5.66791279700873,0.0467580660877308,0.0195699198075522,NA,NA,NA
"5",5.6764250315611,0.046501856773428,0.0192959011050352,NA,NA,NA
"5",5.68493726611346,0.0462524628085413,0.0190442967689544,NA,NA,NA
"5",5.69344950066582,0.0460096158415846,0.0188254254188212,NA,NA,NA
"5",5.70196173521819,0.045797643089402,0.0186180622675897,NA,NA,NA
"5",5.71047396977055,0.045574052064811,0.0184569134465811,NA,NA,NA
"5",5.71898620432291,0.0453688601462694,0.0183079416619733,NA,NA,NA
"5",5.72749843887527,0.0451403540707501,0.0181125606084081,NA,NA,NA
"5",5.73601067342764,0.0449264855585815,0.0178996172195311,NA,NA,NA
"5",5.74452290798,0.044737484539789,0.0176342215185024,NA,NA,NA
"5",5.75303514253236,0.0445659484326527,0.0173679772739496,NA,NA,NA
"5",5.76154737708472,0.0443243224729864,0.0171326251052649,NA,NA,NA
"5",5.77005961163709,0.0441126771594977,0.016880051721826,NA,NA,NA
"5",5.77857184618945,0.0438907415686117,0.0166277170067485,NA,NA,NA
"5",5.78708408074181,0.0436806480854877,0.0163782337040044,NA,NA,NA
"5",5.79559631529418,0.043437226900803,0.0161320950920229,NA,NA,NA
"5",5.80410854984654,0.0432212627176083,0.0158890016109661,NA,NA,NA
"5",5.8126207843989,0.0429843382112923,0.0156565947164691,NA,NA,NA
"5",5.82113301895127,0.0427895723272415,0.0154174091491499,NA,NA,NA
"5",5.82964525350363,0.0425699733076975,0.0152459725693404,NA,NA,NA
"5",5.83815748805599,0.0423588150096204,0.0149932454402938,NA,NA,NA
"5",5.84666972260835,0.0421602505742798,0.0147437322713117,NA,NA,NA
"5",5.85518195716072,0.0419730979712142,0.0144973841707441,NA,NA,NA
"5",5.86369419171308,0.0417575434676419,0.0142689347042236,NA,NA,NA
"5",5.87220642626544,0.0415735449539231,0.0140476514676475,NA,NA,NA
"5",5.88071866081781,0.0413576042183214,0.0138289961765239,NA,NA,NA
"5",5.88923089537017,0.0411694507272988,0.0136132340651019,NA,NA,NA
"5",5.89774312992253,0.0409776085791037,0.0133994948785469,NA,NA,NA
"5",5.90625536447489,0.0407798391914816,0.0131886115140311,NA,NA,NA
"5",5.91476759902726,0.0405768304854088,0.0129802813839303,NA,NA,NA
"5",5.92327983357962,0.0403972037787589,0.0127571300836174,NA,NA,NA
"5",5.93179206813198,0.0402103764448452,0.0125507903364268,NA,NA,NA
"5",5.94030430268434,0.0400327499998763,0.0123473708655405,NA,NA,NA
"5",5.94881653723671,0.0398452563682528,0.012147264933482,NA,NA,NA
"5",5.95732877178907,0.0396563675394973,0.01194193680645,NA,NA,NA
"5",5.96584100634143,0.0394756126148818,0.0117369615763433,NA,NA,NA
"5",5.9743532408938,0.0392728350920953,0.0115480578578001,NA,NA,NA
"5",5.98286547544616,0.0390698669529408,0.0113632306700547,NA,NA,NA
"5",5.99137770999852,0.0388685731819576,0.0111709899123465,NA,NA,NA
"5",5.99988994455089,0.0386701753736484,0.0109812821012675,NA,NA,NA
"5",6.00840217910325,0.0384854206759229,0.0107940861517026,NA,NA,NA
"5",6.01691441365561,0.0382962448875552,0.010609380976645,NA,NA,NA
"5",6.02542664820797,0.0381203902354254,0.0104275627099634,NA,NA,NA
"5",6.03393888276034,0.0379554954581789,0.0102483790947647,NA,NA,NA
"5",6.0424511173127,0.0377555984808019,0.0100716066576723,NA,NA,NA
"5",6.05096335186506,0.0375915115960987,0.00989722453889635,NA,NA,NA
"5",6.05947558641742,0.0374552837037255,0.00972551797585694,NA,NA,NA
"5",6.06798782096979,0.0372653165534508,0.0095565261757193,NA,NA,NA
"5",6.07650005552215,0.0371044660133568,0.00938984447555055,NA,NA,NA
"5",6.08501229007451,0.0369228542587132,0.00923125937793688,NA,NA,NA
"5",6.09352452462688,0.036735540806264,0.00907867295291899,NA,NA,NA
"5",6.10203675917924,0.0365682048024355,0.00892807890020262,NA,NA,NA
"5",6.1105489937316,0.0364016179379777,0.0087769436805754,NA,NA,NA
"5",6.11906122828396,0.0362212036622007,0.00861970544047609,NA,NA,NA
"5",6.12757346283633,0.0360251221883503,0.00846469663539942,NA,NA,NA
"5",6.13608569738869,0.0358540576391411,0.00831184990364887,NA,NA,NA
"5",6.14459793194105,0.0356952630214744,0.00815538867024681,NA,NA,NA
"5",6.15311016649342,0.0355022181285841,0.00800305787193109,NA,NA,NA
"5",6.16162240104578,0.0353276922113197,0.00786730107319675,NA,NA,NA
"5",6.17013463559814,0.0351381917850019,0.00772257860946187,NA,NA,NA
"5",6.17864687015051,0.0349455792369606,0.0075806762087129,NA,NA,NA
"5",6.18715910470287,0.0347996440393335,0.00744085227311931,NA,NA,NA
"5",6.19567133925523,0.0346526718280676,0.00730308617298979,NA,NA,NA
"5",6.20418357380759,0.034478615826771,0.00716735732828909,NA,NA,NA
"5",6.21269580835996,0.0343203617523501,0.00703364521076313,NA,NA,NA
"5",6.22120804291232,0.0341524471821398,0.00690192934604329,NA,NA,NA
"5",6.22972027746468,0.0339766996166638,0.0067721893157297,NA,NA,NA
"5",6.23823251201704,0.0338059785970351,0.00664440475945345,NA,NA,NA
"5",6.24674474656941,0.0336526356220093,0.00651855537691675,NA,NA,NA
"5",6.25525698112177,0.0334793219050534,0.0063961038330588,NA,NA,NA
"5",6.26376921567413,0.0333264896053286,0.00627611416723908,NA,NA,NA
"5",6.2722814502265,0.0331764906236956,0.0061580699548103,NA,NA,NA
"5",6.28079368477886,0.032996570607819,0.00604209373009996,NA,NA,NA
"5",6.28930591933122,0.0328559813813154,0.00592919230196849,NA,NA,NA
"5",6.29781815388358,0.0327349558761351,0.0058192624162665,NA,NA,NA
"5",6.30633038843595,0.0325708114951397,0.00570394327981961,NA,NA,NA
"5",6.31484262298831,0.0324140177002772,0.00559042999392041,NA,NA,NA
"5",6.32335485754067,0.0322542403929834,0.00548201248903854,NA,NA,NA
"5",6.32335485754067,NA,0.135578433262912,NA,NA,NA
"5",6.31484262298831,NA,0.135843646788966,NA,NA,NA
"5",6.30633038843595,NA,0.136109379123821,NA,NA,NA
"5",6.29781815388358,NA,0.136375631282382,NA,NA,NA
"5",6.28930591933122,NA,0.136642404281542,NA,NA,NA
"5",6.28079368477886,NA,0.136909040186067,NA,NA,NA
"5",6.2722814502265,NA,0.137176190635605,NA,NA,NA
"5",6.26376921567413,NA,0.137443862387729,NA,NA,NA
"5",6.25525698112177,NA,0.137712056459705,NA,NA,NA
"5",6.24674474656941,NA,0.137980773870781,NA,NA,NA
"5",6.23823251201704,NA,0.138250015642196,NA,NA,NA
"5",6.22972027746468,NA,0.138519782797182,NA,NA,NA
"5",6.22120804291232,NA,0.138790076360968,NA,NA,NA
"5",6.21269580835996,NA,0.139060897360781,NA,NA,NA
"5",6.20418357380759,NA,0.139332246825855,NA,NA,NA
"5",6.19567133925523,NA,0.139601212028129,NA,NA,NA
"5",6.18715910470287,NA,0.139869358844665,NA,NA,NA
"5",6.17864687015051,NA,0.140138020731624,NA,NA,NA
"5",6.17013463559814,NA,0.140407198678405,NA,NA,NA
"5",6.16162240104578,NA,0.140676893676307,NA,NA,NA
"5",6.15311016649342,NA,0.140947106718533,NA,NA,NA
"5",6.14459793194105,NA,0.141217838800194,NA,NA,NA
"5",6.13608569738869,NA,0.141489090918313,NA,NA,NA
"5",6.12757346283633,NA,0.141760864071828,NA,NA,NA
"5",6.11906122828396,NA,0.142033159261596,NA,NA,NA
"5",6.1105489937316,NA,0.142305977490396,NA,NA,NA
"5",6.10203675917924,NA,0.142579319762935,NA,NA,NA
"5",6.09352452462688,NA,0.142853187085848,NA,NA,NA
"5",6.08501229007451,NA,0.143127580467704,NA,NA,NA
"5",6.07650005552215,NA,0.14340250091901,NA,NA,NA
"5",6.06798782096979,NA,0.143677949452216,NA,NA,NA
"5",6.05947558641742,NA,0.143953927081712,NA,NA,NA
"5",6.05096335186506,NA,0.144230434823841,NA,NA,NA
"5",6.0424511173127,NA,0.144507473696897,NA,NA,NA
"5",6.03393888276034,NA,0.144785044721129,NA,NA,NA
"5",6.02542664820797,NA,0.145063148918748,NA,NA,NA
"5",6.01691441365561,NA,0.145341787313927,NA,NA,NA
"5",6.00840217910325,NA,0.145620960932805,NA,NA,NA
"5",5.99988994455089,NA,0.145900670803497,NA,NA,NA
"5",5.99137770999852,NA,0.146180917956087,NA,NA,NA
"5",5.98286547544616,NA,0.146467406563053,NA,NA,NA
"5",5.9743532408938,NA,0.146756370913306,NA,NA,NA
"5",5.96584100634143,NA,0.147045905363212,NA,NA,NA
"5",5.95732877178907,NA,0.147336011037533,NA,NA,NA
"5",5.94881653723671,NA,0.147626689063249,NA,NA,NA
"5",5.94030430268434,NA,0.147917940569566,NA,NA,NA
"5",5.93179206813198,NA,0.148209766687914,NA,NA,NA
"5",5.92327983357962,NA,0.148502168551959,NA,NA,NA
"5",5.91476759902726,NA,0.1487951472976,NA,NA,NA
"5",5.90625536447489,NA,0.14908870406298,NA,NA,NA
"5",5.89774312992253,NA,0.149382839988487,NA,NA,NA
"5",5.88923089537017,NA,0.149677556216758,NA,NA,NA
"5",5.88071866081781,NA,0.149972853892684,NA,NA,NA
"5",5.87220642626544,NA,0.150268734163416,NA,NA,NA
"5",5.86369419171308,NA,0.150565198178367,NA,NA,NA
"5",5.85518195716072,NA,0.15086224708922,NA,NA,NA
"5",5.84666972260835,NA,0.151159882049928,NA,NA,NA
"5",5.83815748805599,NA,0.151458104216722,NA,NA,NA
"5",5.82964525350363,NA,0.151756914748112,NA,NA,NA
"5",5.82113301895127,NA,0.152056314804896,NA,NA,NA
"5",5.8126207843989,NA,0.152356204237984,NA,NA,NA
"5",5.80410854984654,NA,0.152656377259463,NA,NA,NA
"5",5.79559631529418,NA,0.152957141716913,NA,NA,NA
"5",5.78708408074181,NA,0.153258498775714,NA,NA,NA
"5",5.77857184618945,NA,0.153560449603544,NA,NA,NA
"5",5.77005961163709,NA,0.153862995370379,NA,NA,NA
"5",5.76154737708472,NA,0.154166137248503,NA,NA,NA
"5",5.75303514253236,NA,0.15446987641251,NA,NA,NA
"5",5.74452290798,NA,0.154774214039309,NA,NA,NA
"5",5.73601067342764,NA,0.155073298263126,NA,NA,NA
"5",5.72749843887527,NA,0.155371410815295,NA,NA,NA
"5",5.71898620432291,NA,0.155670096492386,NA,NA,NA
"5",5.71047396977055,NA,0.155969356396306,NA,NA,NA
"5",5.70196173521819,NA,0.156269191631079,NA,NA,NA
"5",5.69344950066582,NA,0.156569603302854,NA,NA,NA
"5",5.68493726611346,NA,0.156870592519906,NA,NA,NA
"5",5.6764250315611,NA,0.157172160392641,NA,NA,NA
"5",5.66791279700873,NA,0.157474308033598,NA,NA,NA
"5",5.65940056245637,NA,0.157777036557459,NA,NA,NA
"5",5.65088832790401,NA,0.158080347081045,NA,NA,NA
"5",5.64237609335165,NA,0.158384240723329,NA,NA,NA
"5",5.63386385879928,NA,0.158688718605432,NA,NA,NA
"5",5.62535162424692,NA,0.158993781850631,NA,NA,NA
"5",5.61683938969456,NA,0.159299431584364,NA,NA,NA
"5",5.60832715514219,NA,0.15960497994487,NA,NA,NA
"5",5.59981492058983,NA,0.159910651017258,NA,NA,NA
"5",5.59130268603747,NA,0.160216907520263,NA,NA,NA
"5",5.58279045148511,NA,0.160523750575155,NA,NA,NA
"5",5.57427821693274,NA,0.160831181305348,NA,NA,NA
"5",5.56576598238038,NA,0.16113920083641,NA,NA,NA
"5",5.55725374782802,NA,0.161447810296064,NA,NA,NA
"5",5.54874151327565,NA,0.161764191709054,NA,NA,NA
"5",5.54022927872329,NA,0.162082917324438,NA,NA,NA
"5",5.53171704417093,NA,0.162402271039633,NA,NA,NA
"5",5.52320480961857,NA,0.162722254092619,NA,NA,NA
"5",5.5146925750662,NA,0.163042867723819,NA,NA,NA
"5",5.50618034051384,NA,0.163364113176099,NA,NA,NA
"5",5.49766810596148,NA,0.16367267135063,NA,NA,NA
"5",5.48915587140911,NA,0.163981292317369,NA,NA,NA
"5",5.48064363685675,NA,0.164290495332182,NA,NA,NA
"5",5.47213140230439,NA,0.164600281493012,NA,NA,NA
"5",5.46361916775203,NA,0.164919596522235,NA,NA,NA
"5",5.45510693319966,NA,0.165244704349143,NA,NA,NA
"5",5.4465946986473,NA,0.165570453065271,NA,NA,NA
"5",5.43808246409494,NA,0.165896843934013,NA,NA,NA
"5",5.42957022954258,NA,0.166223878221256,NA,NA,NA
"5",5.42105799499021,NA,0.166551557195378,NA,NA,NA
"5",5.41254576043785,NA,0.166879882127261,NA,NA,NA
"5",5.40403352588549,NA,0.16720885429029,NA,NA,NA
"5",5.39552129133312,NA,0.167538474960362,NA,NA,NA
"5",5.38700905678076,NA,0.167868745415888,NA,NA,NA
"5",5.3784968222284,NA,0.1681996669378,NA,NA,NA
"5",5.36998458767603,NA,0.168531240809553,NA,NA,NA
"5",5.36147235312367,NA,0.168863468317136,NA,NA,NA
"5",5.35296011857131,NA,0.169196350749069,NA,NA,NA
"5",5.34444788401895,NA,0.169529889396415,NA,NA,NA
"5",5.33593564946658,NA,0.16986408555278,NA,NA,NA
"5",5.32742341491422,NA,0.170198940514322,NA,NA,NA
"5",5.31891118036186,NA,0.170534455579753,NA,NA,NA
"5",5.3103989458095,NA,0.170870632050346,NA,NA,NA
"5",5.30188671125713,NA,0.171207471229938,NA,NA,NA
"5",5.29337447670477,NA,0.171544974424937,NA,NA,NA
"5",5.28486224215241,NA,0.171883142944326,NA,NA,NA
"5",5.27635000760004,NA,0.172221778021887,NA,NA,NA
"5",5.26783777304768,NA,0.172560571299839,NA,NA,NA
"5",5.25932553849532,NA,0.172900031076584,NA,NA,NA
"5",5.25081330394296,NA,0.173240158663358,NA,NA,NA
"5",5.24230106939059,NA,0.173580955373981,NA,NA,NA
"5",5.23378883483823,NA,0.173922422524853,NA,NA,NA
"5",5.22527660028587,NA,0.174264561434968,NA,NA,NA
"5",5.2167643657335,NA,0.174607373425912,NA,NA,NA
"5",5.20825213118114,NA,0.174950859821873,NA,NA,NA
"5",5.19973989662878,NA,0.175295021949645,NA,NA,NA
"5",5.19122766207641,NA,0.175639861138629,NA,NA,NA
"5",5.18271542752405,NA,0.175985378720844,NA,NA,NA
"5",5.17420319297169,NA,0.176331529215316,NA,NA,NA
"5",5.16569095841933,NA,0.176671229359926,NA,NA,NA
"5",5.15717872386696,NA,0.177011583960017,NA,NA,NA
"5",5.1486664893146,NA,0.177352594276497,NA,NA,NA
"5",5.14015425476224,NA,0.177694261572704,NA,NA,NA
"5",5.13164202020988,NA,0.17803658711441,NA,NA,NA
"5",5.12312978565751,NA,0.178379572169826,NA,NA,NA
"5",5.11461755110515,NA,0.178723218009605,NA,NA,NA
"5",5.10610531655279,NA,0.179067525906851,NA,NA,NA
"5",5.09759308200042,NA,0.179412497137118,NA,NA,NA
"5",5.08908084744806,NA,0.179758132978419,NA,NA,NA
"5",5.0805686128957,NA,0.180104434711231,NA,NA,NA
"5",5.07205637834334,NA,0.180451403618494,NA,NA,NA
"5",5.06354414379097,NA,0.180799040985625,NA,NA,NA
"5",5.05503190923861,NA,0.181147348100514,NA,NA,NA
"5",5.04651967468625,NA,0.181496326253532,NA,NA,NA
"5",5.03800744013389,NA,0.18184597673754,NA,NA,NA
"5",5.02949520558152,NA,0.182196300847887,NA,NA,NA
"5",5.02098297102916,NA,0.1825472217039,NA,NA,NA
"5",5.0124707364768,NA,0.182901611465518,NA,NA,NA
"5",5.00395850192443,NA,0.183258853581599,NA,NA,NA
"5",4.99544626737207,NA,0.183616793512302,NA,NA,NA
"5",4.98693403281971,NA,0.183975432620791,NA,NA,NA
"5",4.97842179826734,NA,0.184334772272897,NA,NA,NA
"5",4.96990956371498,NA,0.184694813837116,NA,NA,NA
"5",4.96139732916262,NA,0.185055558684621,NA,NA,NA
"5",4.95288509461026,NA,0.185417008189262,NA,NA,NA
"5",4.94437286005789,NA,0.185779163727572,NA,NA,NA
"5",4.93586062550553,NA,0.186142026678775,NA,NA,NA
"5",4.92734839095317,NA,0.186505598424788,NA,NA,NA
"5",4.9188361564008,NA,0.186869880350229,NA,NA,NA
"5",4.91032392184844,NA,0.18723487384242,NA,NA,NA
"5",4.90181168729608,NA,0.187596526791241,NA,NA,NA
"5",4.89329945274372,NA,0.187952746986541,NA,NA,NA
"5",4.88478721819135,NA,0.188309643648541,NA,NA,NA
"5",4.87627498363899,NA,0.188667218061963,NA,NA,NA
"5",4.86776274908663,NA,0.189025471513972,NA,NA,NA
"5",4.85925051453427,NA,0.189384405294173,NA,NA,NA
"5",4.8507382799819,NA,0.189744020694626,NA,NA,NA
"5",4.84222604542954,NA,0.190104319009839,NA,NA,NA
"5",4.83371381087718,NA,0.190465301536784,NA,NA,NA
"5",4.82520157632481,NA,0.190826514933677,NA,NA,NA
"5",4.81668934177245,NA,0.191188266052954,NA,NA,NA
"5",4.80817710722009,NA,0.19155070295259,NA,NA,NA
"5",4.79966487266772,NA,0.191913826932647,NA,NA,NA
"5",4.79115263811536,NA,0.192277639295653,NA,NA,NA
"5",4.782640403563,NA,0.192642141346603,NA,NA,NA
"5",4.77412816901064,NA,0.193007334392969,NA,NA,NA
"5",4.76561593445827,NA,0.193374667878516,NA,NA,NA
"5",4.75710369990591,NA,0.193746405176097,NA,NA,NA
"5",4.74859146535355,NA,0.194118857090269,NA,NA,NA
"5",4.74007923080119,NA,0.194492024994789,NA,NA,NA
"5",4.73156699624882,NA,0.194865910266057,NA,NA,NA
"5",4.72305476169646,NA,0.195240514283118,NA,NA,NA
"5",4.7145425271441,NA,0.195615838427669,NA,NA,NA
"5",4.70603029259173,NA,0.195991884084063,NA,NA,NA
"5",4.69751805803937,NA,0.196368652639314,NA,NA,NA
"5",4.68900582348701,NA,0.196746145483102,NA,NA,NA
"5",4.68049358893465,NA,0.197124364007778,NA,NA,NA
"5",4.67198135438228,NA,0.197504943605872,NA,NA,NA
"5",4.66346911982992,NA,0.197892286164778,NA,NA,NA
"5",4.65495688527756,NA,0.198280388404663,NA,NA,NA
"5",4.64644465072519,NA,0.198669251815525,NA,NA,NA
"5",4.63793241617283,NA,0.199058877890285,NA,NA,NA
"5",4.62942018162047,NA,0.19944926812479,NA,NA,NA
"5",4.62090794706811,NA,0.199840424017825,NA,NA,NA
"5",4.61239571251574,NA,0.200232347071112,NA,NA,NA
"5",4.60388347796338,NA,0.200625038789318,NA,NA,NA
"5",4.59537124341102,NA,0.201018500680064,NA,NA,NA
"5",4.58685900885865,NA,0.201412734253924,NA,NA,NA
"5",4.57834677430629,NA,0.20180774102444,NA,NA,NA
"5",4.56983453975393,NA,0.202203522508117,NA,NA,NA
"5",4.56132230520157,NA,0.202598551341147,NA,NA,NA
"5",4.5528100706492,NA,0.202987452094997,NA,NA,NA
"5",4.54429783609684,NA,0.203377099402175,NA,NA,NA
"5",4.53578560154448,NA,0.20376749469587,NA,NA,NA
"5",4.52727336699211,NA,0.204158639412018,NA,NA,NA
"5",4.51876113243975,NA,0.204550534989317,NA,NA,NA
"5",4.51024889788739,NA,0.204943182869223,NA,NA,NA
"5",4.50173666333503,NA,0.205336584495961,NA,NA,NA
"5",4.49322442878266,NA,0.205730741316528,NA,NA,NA
"5",4.4847121942303,NA,0.206125654780701,NA,NA,NA
"5",4.47619995967794,NA,0.206521326341037,NA,NA,NA
"5",4.46768772512558,NA,0.206917757452885,NA,NA,NA
"5",4.45917549057321,NA,0.207314949574385,NA,NA,NA
"5",4.45066325602085,NA,0.20771290416648,NA,NA,NA
"5",4.44215102146849,NA,0.208111622692913,NA,NA,NA
"5",4.43363878691612,NA,0.208511106620241,NA,NA,NA
"5",4.42512655236376,NA,0.208910561107559,NA,NA,NA
"5",4.4166143178114,NA,0.209310434714661,NA,NA,NA
"5",4.40810208325903,NA,0.209711073724173,NA,NA,NA
"5",4.39958984870667,NA,0.210112479601174,NA,NA,NA
"5",4.39107761415431,NA,0.21051465381355,NA,NA,NA
"5",4.38256537960195,NA,0.210917597831996,NA,NA,NA
"5",4.37405314504958,NA,0.211321313130022,NA,NA,NA
"5",4.36554091049722,NA,0.211725801183959,NA,NA,NA
"5",4.35702867594486,NA,0.212131063472963,NA,NA,NA
"5",4.3485164413925,NA,0.212537101479022,NA,NA,NA
"5",4.34000420684013,NA,0.212943916686961,NA,NA,NA
"5",4.33149197228777,NA,0.213351510584447,NA,NA,NA
"5",4.32297973773541,NA,0.213759884661994,NA,NA,NA
"5",4.31446750318304,NA,0.21416904041297,NA,NA,NA
"5",4.30595526863068,NA,0.2145789793336,NA,NA,NA
"5",4.29744303407832,NA,0.214989702922976,NA,NA,NA
"5",4.28893079952596,NA,0.215401212683056,NA,NA,NA
"5",4.28041856497359,NA,0.215813510118675,NA,NA,NA
"5",4.27190633042123,NA,0.216226596737549,NA,NA,NA
"5",4.26339409586887,NA,0.216640474050277,NA,NA,NA
"5",4.2548818613165,NA,0.217055143570353,NA,NA,NA
"5",4.24636962676414,NA,0.217470606814166,NA,NA,NA
"5",4.23785739221178,NA,0.217886865301009,NA,NA,NA
"5",4.22934515765941,NA,0.218362817619189,NA,NA,NA
"5",4.22083292310705,NA,0.218777856391397,NA,NA,NA
"5",4.21232068855469,NA,0.219191763811395,NA,NA,NA
"5",4.20380845400233,NA,0.219606454305856,NA,NA,NA
"5",4.19529621944996,NA,0.220021929356285,NA,NA,NA
"5",4.1867839848976,NA,0.22072215938669,NA,NA,NA
"5",4.17827175034524,NA,0.221142231781356,NA,NA,NA
"5",4.16975951579288,NA,0.221560558731313,NA,NA,NA
"5",4.16124728124051,NA,0.221979677016105,NA,NA,NA
"5",4.15273504668815,NA,0.222399588132673,NA,NA,NA
"5",4.14422281213579,NA,0.222820293580792,NA,NA,NA
"5",4.13571057758342,NA,0.223241794863072,NA,NA,NA
"5",4.12719834303106,NA,0.223664093484967,NA,NA,NA
"5",4.1186861084787,NA,0.224087190954778,NA,NA,NA
"5",4.11017387392634,NA,0.22451108878366,NA,NA,NA
"5",4.10166163937397,NA,0.224935788485624,NA,NA,NA
"5",4.09314940482161,NA,0.225361291577549,NA,NA,NA
"5",4.08463717026925,NA,0.22578759957918,NA,NA,NA
"5",4.07612493571689,NA,0.226214714013139,NA,NA,NA
"5",4.06761270116452,NA,0.226642636404928,NA,NA,NA
"5",4.05910046661216,NA,0.227071368282934,NA,NA,NA
"5",4.0505882320598,NA,0.227500911178435,NA,NA,NA
"5",4.04207599750743,NA,0.227931266625606,NA,NA,NA
"5",4.03356376295507,NA,0.228362436161525,NA,NA,NA
"5",4.02505152840271,NA,0.228794421326177,NA,NA,NA
"5",4.01653929385034,NA,0.22922722366246,NA,NA,NA
"5",4.00802705929798,NA,0.229715602487207,NA,NA,NA
"5",3.99951482474562,NA,0.230436602560035,NA,NA,NA
"5",3.99100259019326,NA,0.230880458703673,NA,NA,NA
"5",3.98249035564089,NA,0.231313797135527,NA,NA,NA
"5",3.97397812108853,NA,0.23174794904318,NA,NA,NA
"5",3.96546588653617,NA,0.23244501406539,NA,NA,NA
"5",3.9569536519838,NA,0.2329130774828,NA,NA,NA
"5",3.94844141743144,NA,0.233370597546268,NA,NA,NA
"5",3.93992918287908,NA,0.233829016334651,NA,NA,NA
"5",3.93141694832672,NA,0.234288335613352,NA,NA,NA
"5",3.92290471377435,NA,0.234932222242292,NA,NA,NA
"5",3.91439247922199,NA,0.235396625960456,NA,NA,NA
"5",3.90588024466963,NA,0.235988985641476,NA,NA,NA
"5",3.89736801011726,NA,0.236494247901992,NA,NA,NA
"5",3.8888557755649,NA,0.236955265110536,NA,NA,NA
"5",3.88034354101254,NA,0.237417181078856,NA,NA,NA
"5",3.87183130646018,NA,0.237948117985894,NA,NA,NA
"5",3.86331907190781,NA,0.238432905062434,NA,NA,NA
"5",3.85480683735545,NA,0.238900330861266,NA,NA,NA
"5",3.84629460280309,NA,0.239353298374413,NA,NA,NA
"5",3.83778236825073,NA,0.239807124807888,NA,NA,NA
"5",3.82927013369836,NA,0.24026181179052,NA,NA,NA
"5",3.820757899146,NA,0.240717360954226,NA,NA,NA
"5",3.81224566459364,NA,0.241173773934018,NA,NA,NA
"5",3.80373343004127,NA,0.241897768325764,NA,NA,NA
"5",3.79522119548891,NA,0.242419961954961,NA,NA,NA
"5",3.78670896093655,NA,0.243028258668046,NA,NA,NA
"5",3.77819672638419,NA,0.243484738549206,NA,NA,NA
"5",3.76968449183182,NA,0.243942076004914,NA,NA,NA
"5",3.76117225727946,NA,0.244400272646601,NA,NA,NA
"5",3.7526600227271,NA,0.244969772363138,NA,NA,NA
"5",3.74414778817473,NA,0.245471134824043,NA,NA,NA
"5",3.73563555362237,NA,0.246042411639858,NA,NA,NA
"5",3.72712331907001,NA,0.246637782120032,NA,NA,NA
"5",3.71861108451765,NA,0.247111849967182,NA,NA,NA
"5",3.71009884996528,NA,0.247586829039895,NA,NA,NA
"5",3.70158661541292,NA,0.24811072566664,NA,NA,NA
"5",3.69307438086056,NA,0.248769281434348,NA,NA,NA
"5",3.68456214630819,NA,0.249252872139027,NA,NA,NA
"5",3.67604991175583,NA,0.249744273771465,NA,NA,NA
"5",3.66753767720347,NA,0.250312479122849,NA,NA,NA
"5",3.65902544265111,NA,0.250844325653196,NA,NA,NA
"5",3.65051320809874,NA,0.251481951864366,NA,NA,NA
"5",3.64200097354638,NA,0.252108939294526,NA,NA,NA
"5",3.63348873899402,NA,0.2526014473221,NA,NA,NA
"5",3.62497650444165,NA,0.253162115716319,NA,NA,NA
"5",3.61646426988929,NA,0.25389871706546,NA,NA,NA
"5",3.60795203533693,NA,0.254393429812981,NA,NA,NA
"5",3.59943980078457,NA,0.254889106491717,NA,NA,NA
"5",3.5909275662322,NA,0.255385748979855,NA,NA,NA
"5",3.58241533167984,NA,0.255944639074278,NA,NA,NA
"5",3.57390309712748,NA,0.256736130934126,NA,NA,NA
"5",3.56539086257511,NA,0.257446168054634,NA,NA,NA
"5",3.55687862802275,NA,0.258180400134586,NA,NA,NA
"5",3.54836639347039,NA,0.258819664347145,NA,NA,NA
"5",3.53985415891803,NA,0.259493568128541,NA,NA,NA
"5",3.53134192436566,NA,0.259986138615261,NA,NA,NA
"5",3.5228296898133,NA,0.260519823680138,NA,NA,NA
"5",3.51431745526094,NA,0.261121949655385,NA,NA,NA
"5",3.50580522070858,NA,0.26189077186034,NA,NA,NA
"5",3.49729298615621,NA,0.262685523837817,NA,NA,NA
"5",3.48878075160385,NA,0.263339278894798,NA,NA,NA
"5",3.48026851705149,NA,0.264037320676453,NA,NA,NA
"5",3.47175628249912,NA,0.264924462204528,NA,NA,NA
"5",3.46324404794676,NA,0.265802073158266,NA,NA,NA
"5",3.4547318133944,NA,0.266601166188463,NA,NA,NA
"5",3.44621957884204,NA,0.267259010739868,NA,NA,NA
"5",3.43770734428967,NA,0.26808865294438,NA,NA,NA
"5",3.42919510973731,NA,0.268907872404939,NA,NA,NA
"5",3.42068287518495,NA,0.269642856906226,NA,NA,NA
"5",3.41217064063258,NA,0.270334298030511,NA,NA,NA
"5",3.40365840608022,NA,0.271097852165887,NA,NA,NA
"5",3.39514617152786,NA,0.271875514725502,NA,NA,NA
"5",3.3866339369755,NA,0.272570922731302,NA,NA,NA
"5",3.37812170242313,NA,0.273503014073094,NA,NA,NA
"5",3.36960946787077,NA,0.274421024038703,NA,NA,NA
"5",3.36109723331841,NA,0.275128355393183,NA,NA,NA
"5",3.35258499876604,NA,0.276102680890919,NA,NA,NA
"5",3.34407276421368,NA,0.276770334787474,NA,NA,NA
"5",3.33556052966132,NA,0.277773437983832,NA,NA,NA
"5",3.32704829510896,NA,0.278554125582769,NA,NA,NA
"5",3.31853606055659,NA,0.279636254282906,NA,NA,NA
"5",3.31002382600423,NA,0.280538511624398,NA,NA,NA
"5",3.30151159145187,NA,0.28152255791793,NA,NA,NA
"5",3.2929993568995,NA,0.282387391836299,NA,NA,NA
"5",3.28448712234714,NA,0.283327987291661,NA,NA,NA
"5",3.27597488779478,NA,0.284379741641869,NA,NA,NA
"5",3.26746265324242,NA,0.285596998528434,NA,NA,NA
"5",3.25895041869005,NA,0.286768655144847,NA,NA,NA
"5",3.25043818413769,NA,0.287778475979946,NA,NA,NA
"5",3.24192594958533,NA,0.288787900336875,NA,NA,NA
"5",3.23341371503296,NA,0.289707600195973,NA,NA,NA
"5",3.2249014804806,NA,0.290968822001477,NA,NA,NA
"5",3.21638924592824,NA,0.292197753118263,NA,NA,NA
"5",3.20787701137588,NA,0.293113267599904,NA,NA,NA
"5",3.19936477682351,NA,0.294074060384415,NA,NA,NA
"5",3.19085254227115,NA,0.29508386006259,NA,NA,NA
"5",3.18234030771879,NA,0.2961451067798,NA,NA,NA
"5",3.17382807316642,NA,0.296958819769165,NA,NA,NA
"5",3.16531583861406,NA,0.298054595367387,NA,NA,NA
"5",3.1568036040617,NA,0.299262142403009,NA,NA,NA
"5",3.14829136950934,NA,0.300346855423564,NA,NA,NA
"5",3.13977913495697,NA,0.301555166154992,NA,NA,NA
"5",3.13126690040461,NA,0.302849298836285,NA,NA,NA
"5",3.12275466585225,NA,0.303949634718908,NA,NA,NA
"5",3.11424243129988,NA,0.304993351467631,NA,NA,NA
"5",3.10573019674752,NA,0.306130818004215,NA,NA,NA
"5",3.09721796219516,NA,0.307219271748416,NA,NA,NA
"5",3.0887057276428,NA,0.308334707172442,NA,NA,NA
"5",3.08019349309043,NA,0.309507793425741,NA,NA,NA
"5",3.07168125853807,NA,0.310647260393022,NA,NA,NA
"5",3.06316902398571,NA,0.311701337699631,NA,NA,NA
"5",3.05465678943334,NA,0.312966291055999,NA,NA,NA
"5",3.04614455488098,NA,0.314199046291357,NA,NA,NA
"5",3.03763232032862,NA,0.315390001323035,NA,NA,NA
"5",3.02912008577626,NA,0.316716310664028,NA,NA,NA
"5",3.02060785122389,NA,0.317785089762378,NA,NA,NA
"5",3.01209561667153,NA,0.319097696372836,NA,NA,NA
"5",3.00358338211917,NA,0.320160978233635,NA,NA,NA
"5",2.9950711475668,NA,0.321373178518885,NA,NA,NA
"5",2.98655891301444,NA,0.322492563389995,NA,NA,NA
"5",2.97804667846208,NA,0.323561235839892,NA,NA,NA
"5",2.96953444390972,NA,0.324656853573089,NA,NA,NA
"5",2.96102220935735,NA,0.325824901456181,NA,NA,NA
"5",2.95250997480499,NA,0.327140055700523,NA,NA,NA
"5",2.94399774025263,NA,0.328570254005592,NA,NA,NA
"5",2.93548550570027,NA,0.329586232636846,NA,NA,NA
"5",2.9269732711479,NA,0.330899087232835,NA,NA,NA
"5",2.91846103659554,NA,0.332210685440154,NA,NA,NA
"5",2.90994880204318,NA,0.333371761792034,NA,NA,NA
"5",2.90143656749081,NA,0.334768982453858,NA,NA,NA
"5",2.89292433293845,NA,0.335764669620092,NA,NA,NA
"5",2.88441209838609,NA,0.337072662045338,NA,NA,NA
"5",2.87589986383373,NA,0.338384989142432,NA,NA,NA
"5",2.86738762928136,NA,0.339659519609771,NA,NA,NA
"5",2.858875394729,NA,0.340973505734375,NA,NA,NA
"5",2.85036316017664,NA,0.342418358065929,NA,NA,NA
"5",2.84185092562427,NA,0.34383299705963,NA,NA,NA
"5",2.83333869107191,NA,0.345170976745739,NA,NA,NA
"5",2.82482645651955,NA,0.34648846109137,NA,NA,NA
"5",2.81631422196719,NA,0.347730887459597,NA,NA,NA
"5",2.80780198741482,NA,0.349033754630221,NA,NA,NA
"5",2.79928975286246,NA,0.350306123826223,NA,NA,NA
"5",2.7907775183101,NA,0.351561020693384,NA,NA,NA
"5",2.78226528375773,NA,0.352855129858802,NA,NA,NA
"5",2.77375304920537,NA,0.354127829939657,NA,NA,NA
"5",2.76524081465301,NA,0.355404201627055,NA,NA,NA
"5",2.75672858010065,NA,0.356678676373411,NA,NA,NA
"5",2.74821634554828,NA,0.358052466472938,NA,NA,NA
"5",2.73970411099592,NA,0.359353600714449,NA,NA,NA
"5",2.73119187644356,NA,0.360652163224826,NA,NA,NA
"5",2.72267964189119,NA,0.36208724800718,NA,NA,NA
"5",2.71416740733883,NA,0.363604474201447,NA,NA,NA
"5",2.70565517278647,NA,0.365032492378662,NA,NA,NA
"5",2.69714293823411,NA,0.366289938118942,NA,NA,NA
"5",2.68863070368174,NA,0.367528889708325,NA,NA,NA
"5",2.68011846912938,NA,0.36888062239828,NA,NA,NA
"5",2.67160623457702,NA,0.370221520886069,NA,NA,NA
"5",2.66309400002465,NA,0.37165114716262,NA,NA,NA
"5",2.65458176547229,NA,0.372932658866486,NA,NA,NA
"5",2.64606953091993,NA,0.37424629385626,NA,NA,NA
"5",2.63755729636757,NA,0.37538933638176,NA,NA,NA
"5",2.6290450618152,NA,0.376592192425691,NA,NA,NA
"5",2.62053282726284,NA,0.377871283007961,NA,NA,NA
"5",2.61202059271048,NA,0.379157079825228,NA,NA,NA
"5",2.60350835815811,NA,0.380464919974617,NA,NA,NA
"5",2.59499612360575,NA,0.381849680063893,NA,NA,NA
"5",2.58648388905339,NA,0.383234051220987,NA,NA,NA
"5",2.57797165450103,NA,0.384561941766236,NA,NA,NA
"5",2.56945941994866,NA,0.385837049813262,NA,NA,NA
"5",2.5609471853963,NA,0.387114114511989,NA,NA,NA
"5",2.55243495084394,NA,0.388427907673551,NA,NA,NA
"5",2.54392271629158,NA,0.389752078989766,NA,NA,NA
"5",2.53541048173921,NA,0.391165075351685,NA,NA,NA
"5",2.52689824718685,NA,0.392500557487125,NA,NA,NA
"5",2.51838601263449,NA,0.393899102676391,NA,NA,NA
"5",2.50987377808212,NA,0.395262291855902,NA,NA,NA
"5",2.50136154352976,NA,0.396526040125959,NA,NA,NA
"5",2.4928493089774,NA,0.398000872033024,NA,NA,NA
"5",2.48433707442504,NA,0.399366791555084,NA,NA,NA
"5",2.47582483987267,NA,0.400738774321577,NA,NA,NA
"5",2.46731260532031,NA,0.402228354012564,NA,NA,NA
"5",2.45880037076795,NA,0.403631439131213,NA,NA,NA
"5",2.45028813621558,NA,0.405012886142054,NA,NA,NA
"5",2.44177590166322,NA,0.40639343251166,NA,NA,NA
"5",2.43326366711086,NA,0.407770869990012,NA,NA,NA
"5",2.42475143255849,NA,0.409145908131217,NA,NA,NA
"5",2.41623919800613,NA,0.410519987953629,NA,NA,NA
"5",2.40772696345377,NA,0.411923442058627,NA,NA,NA
"5",2.39921472890141,NA,0.413262571267984,NA,NA,NA
"5",2.39070249434904,NA,0.414633695453224,NA,NA,NA
"5",2.38219025979668,NA,0.416004825231993,NA,NA,NA
"5",2.37367802524432,NA,0.417285872453976,NA,NA,NA
"5",2.36516579069196,NA,0.418507774346887,NA,NA,NA
"5",2.35665355613959,NA,0.419732836832373,NA,NA,NA
"5",2.34814132158723,NA,0.421093562725333,NA,NA,NA
"5",2.33962908703487,NA,0.422436767430805,NA,NA,NA
"5",2.3311168524825,NA,0.423836650430117,NA,NA,NA
"5",2.32260461793014,NA,0.425218895100497,NA,NA,NA
"5",2.31409238337778,NA,0.426594045534922,NA,NA,NA
"5",2.30558014882542,NA,0.427887414338907,NA,NA,NA
"5",2.29706791427305,NA,0.429292678189692,NA,NA,NA
"5",2.28855567972069,NA,0.430749610143437,NA,NA,NA
"5",2.28004344516833,NA,0.432099339209469,NA,NA,NA
"5",2.27153121061596,NA,0.433501188433212,NA,NA,NA
"5",2.2630189760636,NA,0.434892395955204,NA,NA,NA
"5",2.25450674151124,NA,0.436264310159812,NA,NA,NA
"5",2.24599450695888,NA,0.43749250726432,NA,NA,NA
"5",2.23748227240651,NA,0.438952270850172,NA,NA,NA
"5",2.22897003785415,NA,0.44024240145002,NA,NA,NA
"5",2.22045780330179,NA,0.441486170576722,NA,NA,NA
"5",2.21194556874942,NA,0.442982261281765,NA,NA,NA
"5",2.20343333419706,NA,0.444280763786416,NA,NA,NA
"5",2.1949210996447,NA,0.445639060404779,NA,NA,NA
"5",2.18640886509234,NA,0.447108555381273,NA,NA,NA
"5",2.17789663053997,NA,0.448545759916327,NA,NA,NA
"5",2.16938439598761,NA,0.449744607694472,NA,NA,NA
"5",2.16087216143525,NA,0.450905648193301,NA,NA,NA
"5",2.15235992688288,NA,0.452224566706285,NA,NA,NA
"5",2.14384769233052,NA,0.453504140972407,NA,NA,NA
"5",2.13533545777816,NA,0.454791108910497,NA,NA,NA
"5",2.1268232232258,NA,0.456190202605421,NA,NA,NA
"5",2.11831098867343,NA,0.457452247156941,NA,NA,NA
"5",2.10979875412107,NA,0.458813126275545,NA,NA,NA
"5",2.10128651956871,NA,0.460171983657338,NA,NA,NA
"5",2.09277428501634,NA,0.46155759116551,NA,NA,NA
"5",2.08426205046398,NA,0.463043378325328,NA,NA,NA
"5",2.07574981591162,NA,0.464387422925621,NA,NA,NA
"5",2.06723758135926,NA,0.465729137210737,NA,NA,NA
"5",2.05872534680689,NA,0.467085255684223,NA,NA,NA
"5",2.05021311225453,NA,0.468394461166412,NA,NA,NA
"5",2.04170087770217,NA,0.469771416900975,NA,NA,NA
"5",2.0331886431498,NA,0.471099232953062,NA,NA,NA
"5",2.02467640859744,NA,0.472468447522679,NA,NA,NA
"5",2.01616417404508,NA,0.473844005655082,NA,NA,NA
"5",2.00765193949272,NA,0.47522031494368,NA,NA,NA
"5",1.99913970494035,NA,0.47654438166042,NA,NA,NA
"5",1.99062747038799,NA,0.477879534099294,NA,NA,NA
"5",1.98211523583563,NA,0.479148485823355,NA,NA,NA
"5",1.97360300128327,NA,0.480572236816738,NA,NA,NA
"5",1.9650907667309,NA,0.481962026833596,NA,NA,NA
"5",1.95657853217854,NA,0.483350404624593,NA,NA,NA
"5",1.94806629762618,NA,0.484505326651233,NA,NA,NA
"5",1.93955406307381,NA,0.486031833576724,NA,NA,NA
"5",1.93104182852145,NA,0.487532150194333,NA,NA,NA
"5",1.92252959396909,NA,0.488832306747396,NA,NA,NA
"5",1.91401735941673,NA,0.490081537073674,NA,NA,NA
"5",1.90550512486436,NA,0.491291296502118,NA,NA,NA
"5",1.896992890312,NA,0.492502425503077,NA,NA,NA
"5",1.88848065575964,NA,0.493723351354821,NA,NA,NA
"5",1.87996842120727,NA,0.494926713724186,NA,NA,NA
"5",1.87145618665491,NA,0.496128518388399,NA,NA,NA
"5",1.86294395210255,NA,0.497328756518886,NA,NA,NA
"5",1.85443171755019,NA,0.498619163251511,NA,NA,NA
"5",1.84591948299782,NA,0.500106798749636,NA,NA,NA
"5",1.83740724844546,NA,0.501554440305106,NA,NA,NA
"5",1.8288950138931,NA,0.502864997554263,NA,NA,NA
"5",1.82038277934073,NA,0.504253226900028,NA,NA,NA
"5",1.81187054478837,NA,0.505555666003192,NA,NA,NA
"5",1.80335831023601,NA,0.507014922754455,NA,NA,NA
"5",1.79484607568365,NA,0.508150918281744,NA,NA,NA
"5",1.78633384113128,NA,0.50947218964311,NA,NA,NA
"5",1.77782160657892,NA,0.510911381493386,NA,NA,NA
"5",1.76930937202656,NA,0.512138019041853,NA,NA,NA
"5",1.76079713747419,NA,0.513436026989812,NA,NA,NA
"5",1.75228490292183,NA,0.514750347386747,NA,NA,NA
"5",1.74377266836947,NA,0.516073355526458,NA,NA,NA
"5",1.73526043381711,NA,0.517456449709775,NA,NA,NA
"5",1.72674819926474,NA,0.518817689376656,NA,NA,NA
"5",1.71823596471238,NA,0.520084981506677,NA,NA,NA
"5",1.70972373016002,NA,0.521217207009998,NA,NA,NA
"5",1.70121149560765,NA,0.522608963596257,NA,NA,NA
"5",1.69269926105529,NA,0.524024944952376,NA,NA,NA
"5",1.68418702650293,NA,0.525360044802227,NA,NA,NA
"5",1.67567479195057,NA,0.526785566074475,NA,NA,NA
"5",1.6671625573982,NA,0.528095962358785,NA,NA,NA
"5",1.65865032284584,NA,0.529396167830187,NA,NA,NA
"5",1.65013808829348,NA,0.530677460052087,NA,NA,NA
"5",1.64162585374112,NA,0.531980230112156,NA,NA,NA
"5",1.63311361918875,NA,0.533268067665564,NA,NA,NA
"5",1.62460138463639,NA,0.534551215458553,NA,NA,NA
"5",1.61608915008403,NA,0.535895878902746,NA,NA,NA
"5",1.60757691553166,NA,0.537046504559983,NA,NA,NA
"5",1.5990646809793,NA,0.538417955934515,NA,NA,NA
"5",1.59055244642694,NA,0.539792001947655,NA,NA,NA
"5",1.58204021187457,NA,0.541137108243623,NA,NA,NA
"5",1.57352797732221,NA,0.542447544701622,NA,NA,NA
"5",1.56501574276985,NA,0.54384150316432,NA,NA,NA
"5",1.55650350821749,NA,0.545122890455804,NA,NA,NA
"5",1.54799127366512,NA,0.546326582539853,NA,NA,NA
"5",1.53947903911276,NA,0.547615611764812,NA,NA,NA
"5",1.5309668045604,NA,0.549077522704293,NA,NA,NA
"5",1.52245457000804,NA,0.550410509176304,NA,NA,NA
"5",1.51394233545567,NA,0.551743575799049,NA,NA,NA
"5",1.50543010090331,NA,0.553023795718382,NA,NA,NA
"5",1.49691786635095,NA,0.554496655438921,NA,NA,NA
"5",1.48840563179858,NA,0.555753669090788,NA,NA,NA
"5",1.47989339724622,NA,0.556919180417034,NA,NA,NA
"5",1.47138116269386,NA,0.558206986468096,NA,NA,NA
"5",1.4628689281415,NA,0.559521694445785,NA,NA,NA
"5",1.45435669358913,NA,0.560890374921033,NA,NA,NA
"5",1.44584445903677,NA,0.562093395532351,NA,NA,NA
"5",1.43733222448441,NA,0.563381653464905,NA,NA,NA
"5",1.42881998993204,NA,0.564615690259503,NA,NA,NA
"5",1.42030775537968,NA,0.56592478429508,NA,NA,NA
"5",1.41179552082732,NA,0.567227808032534,NA,NA,NA
"5",1.40328328627496,NA,0.568562106835979,NA,NA,NA
"5",1.39477105172259,NA,0.569842829607502,NA,NA,NA
"5",1.38625881717023,NA,0.571169894126312,NA,NA,NA
"5",1.37774658261787,NA,0.57256233239242,NA,NA,NA
"5",1.3692343480655,NA,0.573934719295326,NA,NA,NA
"5",1.36072211351314,NA,0.575295284547052,NA,NA,NA
"5",1.35220987896078,NA,0.576576182873759,NA,NA,NA
"5",1.34369764440842,NA,0.577797272077695,NA,NA,NA
"5",1.33518540985605,NA,0.579198823780951,NA,NA,NA
"5",1.32667317530369,NA,0.580440585596052,NA,NA,NA
"5",1.31816094075133,NA,0.581792360175109,NA,NA,NA
"5",1.30964870619896,NA,0.583201938667485,NA,NA,NA
"5",1.3011364716466,NA,0.584437794469965,NA,NA,NA
"5",1.29262423709424,NA,0.585788446291721,NA,NA,NA
"5",1.28411200254188,NA,0.587042345669951,NA,NA,NA
"5",1.27559976798951,NA,0.588276490429299,NA,NA,NA
"5",1.26708753343715,NA,0.589440702994397,NA,NA,NA
"5",1.25857529888479,NA,0.590656866961186,NA,NA,NA
"5",1.25006306433242,NA,0.59202904890045,NA,NA,NA
"5",1.24155082978006,NA,0.593380685339151,NA,NA,NA
"5",1.2330385952277,NA,0.594730843081703,NA,NA,NA
"5",1.22452636067534,NA,0.596092227390666,NA,NA,NA
"5",1.21601412612297,NA,0.597461801902702,NA,NA,NA
"5",1.20750189157061,NA,0.59882249449278,NA,NA,NA
"5",1.19898965701825,NA,0.600149406073742,NA,NA,NA
"5",1.19047742246588,NA,0.60155402887679,NA,NA,NA
"5",1.18196518791352,NA,0.602793971767032,NA,NA,NA
"5",1.17345295336116,NA,0.603936157444701,NA,NA,NA
"5",1.1649407188088,NA,0.605304617033825,NA,NA,NA
"5",1.15642848425643,NA,0.606722411003984,NA,NA,NA
"5",1.14791624970407,NA,0.607995180467754,NA,NA,NA
"5",1.13940401515171,NA,0.609278872421318,NA,NA,NA
"5",1.13089178059934,NA,0.610629318705444,NA,NA,NA
"5",1.12237954604698,NA,0.611982123328058,NA,NA,NA
"5",1.11386731149462,NA,0.61341706933197,NA,NA,NA
"5",1.10535507694226,NA,0.614735880238332,NA,NA,NA
"5",1.09684284238989,NA,0.615992359691861,NA,NA,NA
"5",1.08833060783753,NA,0.617362590471123,NA,NA,NA
"5",1.07981837328517,NA,0.618648328307274,NA,NA,NA
"5",1.07130613873281,NA,0.619977035929798,NA,NA,NA
"5",1.06279390418044,NA,0.621241841905359,NA,NA,NA
"5",1.05428166962808,NA,0.622576401580943,NA,NA,NA
"5",1.04576943507572,NA,0.623866947659711,NA,NA,NA
"5",1.03725720052335,NA,0.625271910867386,NA,NA,NA
"5",1.02874496597099,NA,0.626551779036761,NA,NA,NA
"5",1.02023273141863,NA,0.62783525266932,NA,NA,NA
"5",1.01172049686627,NA,0.629157564378226,NA,NA,NA
"5",1.0032082623139,NA,0.630498905032705,NA,NA,NA
"5",0.99469602776154,NA,0.631941265688595,NA,NA,NA
"5",0.986183793209177,NA,0.633181584924283,NA,NA,NA
"5",0.977671558656814,NA,0.634636662986572,NA,NA,NA
"5",0.969159324104451,NA,0.636032774577716,NA,NA,NA
"5",0.960647089552088,NA,0.637270734514206,NA,NA,NA
"5",0.952134854999725,NA,0.638484145134646,NA,NA,NA
"5",0.943622620447363,NA,0.639778664128185,NA,NA,NA
"5",0.935110385895,NA,0.641419792668893,NA,NA,NA
"5",0.926598151342637,NA,0.642967668939223,NA,NA,NA
"5",0.918085916790274,NA,0.644317757854658,NA,NA,NA
"5",0.909573682237911,NA,0.645801821791648,NA,NA,NA
"5",0.901061447685549,NA,0.647160117347503,NA,NA,NA
"5",0.892549213133186,NA,0.648411194026955,NA,NA,NA
"5",0.884036978580823,NA,0.64971024100395,NA,NA,NA
"5",0.87552474402846,NA,0.651047210193423,NA,NA,NA
"5",0.867012509476097,NA,0.652260424222435,NA,NA,NA
"5",0.858500274923734,NA,0.653613932662387,NA,NA,NA
"5",0.849988040371371,NA,0.654830281903766,NA,NA,NA
"5",0.841475805819009,NA,0.655954450742735,NA,NA,NA
"5",0.832963571266646,NA,0.657382017607067,NA,NA,NA
"5",0.824451336714283,NA,0.658737665161497,NA,NA,NA
"5",0.81593910216192,NA,0.659945354072984,NA,NA,NA
"5",0.807426867609558,NA,0.66110334127378,NA,NA,NA
"5",0.798914633057195,NA,0.662392881566635,NA,NA,NA
"5",0.790402398504832,NA,0.663740406681922,NA,NA,NA
"5",0.781890163952469,NA,0.664912468978005,NA,NA,NA
"5",0.773377929400106,NA,0.66619548292451,NA,NA,NA
"5",0.764865694847743,NA,0.667708751552637,NA,NA,NA
"5",0.75635346029538,NA,0.668870848147164,NA,NA,NA
"5",0.747841225743017,NA,0.67027931384288,NA,NA,NA
"5",0.739328991190655,NA,0.671566954631853,NA,NA,NA
"5",0.730816756638292,NA,0.672794920809105,NA,NA,NA
"5",0.722304522085929,NA,0.674016576849214,NA,NA,NA
"5",0.713792287533566,NA,0.675234753945442,NA,NA,NA
"5",0.705280052981204,NA,0.676593642688445,NA,NA,NA
"5",0.696767818428841,NA,0.678056880937922,NA,NA,NA
"5",0.688255583876478,NA,0.679361592822166,NA,NA,NA
"5",0.679743349324115,NA,0.680674686262805,NA,NA,NA
"5",0.671231114771752,NA,0.681977693894373,NA,NA,NA
"5",0.662718880219389,NA,0.683181186186462,NA,NA,NA
"5",0.654206645667026,NA,0.684553760642889,NA,NA,NA
"5",0.645694411114663,NA,0.685839554301819,NA,NA,NA
"5",0.637182176562301,NA,0.687070014998811,NA,NA,NA
"5",0.628669942009938,NA,0.688345706434062,NA,NA,NA
"5",0.620157707457575,NA,0.6895628609895,NA,NA,NA
"5",0.611645472905212,NA,0.690856005500532,NA,NA,NA
"5",0.60313323835285,NA,0.692116229423948,NA,NA,NA
"5",0.594621003800487,NA,0.693382465145888,NA,NA,NA
"5",0.586108769248124,NA,0.694653301503047,NA,NA,NA
"5",0.577596534695761,NA,0.695879985126279,NA,NA,NA
"5",0.569084300143398,NA,0.697156842781319,NA,NA,NA
"5",0.560572065591035,NA,0.698410355840021,NA,NA,NA
"5",0.552059831038672,NA,0.699661791823115,NA,NA,NA
"5",0.543547596486309,NA,0.700944736371269,NA,NA,NA
"5",0.535035361933947,NA,0.702298706643498,NA,NA,NA
"5",0.526523127381584,NA,0.70355992409767,NA,NA,NA
"5",0.518010892829221,NA,0.704843009278549,NA,NA,NA
"5",0.509498658276858,NA,0.706141258000659,NA,NA,NA
"5",0.500986423724495,NA,0.707444910668909,NA,NA,NA
"5",0.492474189172133,NA,0.708707895429119,NA,NA,NA
"5",0.48396195461977,NA,0.710018170588272,NA,NA,NA
"5",0.475449720067407,NA,0.711399723977245,NA,NA,NA
"5",0.466937485515044,NA,0.712764156555606,NA,NA,NA
"5",0.458425250962681,NA,0.713921149033707,NA,NA,NA
"5",0.449913016410318,NA,0.715076796876163,NA,NA,NA
"5",0.441400781857956,NA,0.71627801061056,NA,NA,NA
"5",0.432888547305593,NA,0.717501123543853,NA,NA,NA
"5",0.42437631275323,NA,0.718722974583207,NA,NA,NA
"5",0.415864078200867,NA,0.719919612355688,NA,NA,NA
"5",0.407351843648504,NA,0.721331148454276,NA,NA,NA
"5",0.398839609096141,NA,0.722534663567812,NA,NA,NA
"5",0.390327374543779,NA,0.723910456295438,NA,NA,NA
"5",0.381815139991416,NA,0.725095681335928,NA,NA,NA
"5",0.373302905439053,NA,0.72628881963892,NA,NA,NA
"5",0.36479067088669,NA,0.727515122588847,NA,NA,NA
"5",0.356278436334327,NA,0.728867938691471,NA,NA,NA
"5",0.347766201781964,NA,0.730390038643878,NA,NA,NA
"5",0.339253967229602,NA,0.731833718105152,NA,NA,NA
"5",0.330741732677239,NA,0.733257485828125,NA,NA,NA
"5",0.322229498124876,NA,0.734476577221553,NA,NA,NA
"5",0.313717263572513,NA,0.735530429219554,NA,NA,NA
"5",0.30520502902015,NA,0.736798149115364,NA,NA,NA
"5",0.296692794467787,NA,0.737921366569228,NA,NA,NA
"5",0.288180559915425,NA,0.738959544538806,NA,NA,NA
"5",0.279668325363062,NA,0.740219574581703,NA,NA,NA
"5",0.271156090810699,NA,0.741487102216869,NA,NA,NA
"5",0.262643856258336,NA,0.742738131656558,NA,NA,NA
"5",0.254131621705973,NA,0.74401445088309,NA,NA,NA
"5",0.245619387153611,NA,0.74530926592966,NA,NA,NA
"5",0.237107152601248,NA,0.746456933738967,NA,NA,NA
"5",0.228594918048885,NA,0.747535344829175,NA,NA,NA
"5",0.220082683496522,NA,0.74893026193726,NA,NA,NA
"5",0.211570448944159,NA,0.750105142713332,NA,NA,NA
"5",0.203058214391796,NA,0.751222386488563,NA,NA,NA
"5",0.194545979839433,NA,0.752515084828149,NA,NA,NA
"5",0.186033745287071,NA,0.753707035973359,NA,NA,NA
"5",0.177521510734708,NA,0.754938724912959,NA,NA,NA
"5",0.169009276182345,NA,0.756089187691278,NA,NA,NA
"5",0.160497041629982,NA,0.757194799430983,NA,NA,NA
"5",0.15198480707762,NA,0.758416709355142,NA,NA,NA
"5",0.143472572525257,NA,0.759558180448466,NA,NA,NA
"5",0.134960337972894,NA,0.760620134820162,NA,NA,NA
"5",0.126448103420531,NA,0.761919906826852,NA,NA,NA
"5",0.117935868868168,NA,0.763203622403485,NA,NA,NA
"5",0.109423634315805,NA,0.764306864985797,NA,NA,NA
"5",0.100911399763442,NA,0.765506839097038,NA,NA,NA
"5",0.0923991652110794,NA,0.766601560604466,NA,NA,NA
"5",0.0838869306587169,NA,0.767720206554242,NA,NA,NA
"5",0.0753746961063539,NA,0.768990639053723,NA,NA,NA
"5",0.066862461553991,NA,0.769998870571291,NA,NA,NA
"5",0.0583502270016281,NA,0.771169195543271,NA,NA,NA
"5",0.0498379924492656,NA,0.772315851318019,NA,NA,NA
"5",0.0413257578969026,NA,0.773445688990643,NA,NA,NA
"5",0.0328135233445397,NA,0.774649296016113,NA,NA,NA
"5",0.0243012887921767,NA,0.775892679694744,NA,NA,NA
"5",0.0157890542398142,NA,0.776902084488903,NA,NA,NA
"5",0.00727681968745131,NA,0.777912874308952,NA,NA,NA
"5",-0.00123541486491163,NA,0.778995435949643,NA,NA,NA
"5",-0.00974764941727457,NA,0.780228555241539,NA,NA,NA
"5",-0.0182598839696375,NA,0.781492041691574,NA,NA,NA
"5",-0.026772118522,NA,0.782588101169056,NA,NA,NA
"5",-0.035284353074363,NA,0.783683796031305,NA,NA,NA
"5",-0.0437965876267259,NA,0.784754984643618,NA,NA,NA
"5",-0.0523088221790888,NA,0.785840481379594,NA,NA,NA
"5",-0.0608210567314513,NA,0.787050009739558,NA,NA,NA
"5",-0.0693332912838143,NA,0.788173175308544,NA,NA,NA
"5",-0.0778455258361772,NA,0.789069644622128,NA,NA,NA
"5",-0.0863577603885402,NA,0.790260675357536,NA,NA,NA
"5",-0.0948699949409026,NA,0.791169849724427,NA,NA,NA
"5",-0.103382229493266,NA,0.792084816446403,NA,NA,NA
"5",-0.111894464045629,NA,0.793189357914664,NA,NA,NA
"5",-0.120406698597991,NA,0.794286700941133,NA,NA,NA
"5",-0.128918933150354,NA,0.795460451890196,NA,NA,NA
"5",-0.137431167702717,NA,0.796571066065737,NA,NA,NA
"5",-0.14594340225508,NA,0.797694954394576,NA,NA,NA
"5",-0.154455636807443,NA,0.798660058088621,NA,NA,NA
"5",-0.162967871359805,NA,0.799872033087444,NA,NA,NA
"5",-0.171480105912168,NA,0.800822648139748,NA,NA,NA
"5",-0.179992340464531,NA,0.801871496843433,NA,NA,NA
"5",-0.188504575016894,NA,0.802730988238343,NA,NA,NA
"5",-0.197016809569257,NA,0.803699625529075,NA,NA,NA
"5",-0.20552904412162,NA,0.804671938753794,NA,NA,NA
"5",-0.214041278673982,NA,0.805719271639199,NA,NA,NA
"5",-0.222553513226345,NA,0.80659465224985,NA,NA,NA
"5",-0.231065747778708,NA,0.807616679107839,NA,NA,NA
"5",-0.239577982331071,NA,0.808653168782407,NA,NA,NA
"5",-0.248090216883434,NA,0.809499659138221,NA,NA,NA
"5",-0.256602451435797,NA,0.810384730173543,NA,NA,NA
"5",-0.265114685988159,NA,0.811147771835268,NA,NA,NA
"5",-0.273626920540522,NA,0.812088150390028,NA,NA,NA
"5",-0.282139155092885,NA,0.813083499127241,NA,NA,NA
"5",-0.290651389645248,NA,0.813949771456073,NA,NA,NA
"5",-0.299163624197611,NA,0.814937894430948,NA,NA,NA
"5",-0.307675858749973,NA,0.8158139829869,NA,NA,NA
"5",-0.316188093302336,NA,0.816784986690688,NA,NA,NA
"5",-0.324700327854699,NA,0.817519083426177,NA,NA,NA
"5",-0.333212562407062,NA,0.818494437038442,NA,NA,NA
"5",-0.341724796959425,NA,0.819322591143606,NA,NA,NA
"5",-0.350237031511788,NA,0.820219897042715,NA,NA,NA
"5",-0.35874926606415,NA,0.821015342932319,NA,NA,NA
"5",-0.367261500616513,NA,0.821824207165968,NA,NA,NA
"5",-0.375773735168876,NA,0.822776475780794,NA,NA,NA
"5",-0.384285969721239,NA,0.823516095012312,NA,NA,NA
"5",-0.392798204273602,NA,0.824401156669239,NA,NA,NA
"5",-0.401310438825965,NA,0.825285659772394,NA,NA,NA
"5",-0.409822673378327,NA,0.826091840882373,NA,NA,NA
"5",-0.41833490793069,NA,0.8268458572965,NA,NA,NA
"5",-0.426847142483053,NA,0.827572429851853,NA,NA,NA
"5",-0.435359377035416,NA,0.828312267506813,NA,NA,NA
"5",-0.443871611587779,NA,0.829150823159795,NA,NA,NA
"5",-0.452383846140142,NA,0.830050405334648,NA,NA,NA
"5",-0.460896080692504,NA,0.830769598714821,NA,NA,NA
"5",-0.469408315244867,NA,0.831554224482705,NA,NA,NA
"5",-0.47792054979723,NA,0.832287995141948,NA,NA,NA
"5",-0.486432784349593,NA,0.832977396012918,NA,NA,NA
"5",-0.494945018901956,NA,0.833868693364417,NA,NA,NA
"5",-0.503457253454319,NA,0.834569307729059,NA,NA,NA
"5",-0.511969488006681,NA,0.835263390209107,NA,NA,NA
"5",-0.520481722559044,NA,0.836001084394876,NA,NA,NA
"5",-0.528993957111407,NA,0.836743638470913,NA,NA,NA
"5",-0.53750619166377,NA,0.837585813689614,NA,NA,NA
"5",-0.546018426216133,NA,0.838352962676442,NA,NA,NA
"5",-0.554530660768496,NA,0.83922917809171,NA,NA,NA
"5",-0.563042895320859,NA,0.84004857372437,NA,NA,NA
"5",-0.571555129873221,NA,0.840865119136369,NA,NA,NA
"5",-0.580067364425584,NA,0.841546977680158,NA,NA,NA
"5",-0.588579598977947,NA,0.84232297883918,NA,NA,NA
"5",-0.59709183353031,NA,0.843057772594197,NA,NA,NA
"5",-0.605604068082673,NA,0.843860400357418,NA,NA,NA
"5",-0.614116302635036,NA,0.844621465352187,NA,NA,NA
"5",-0.622628537187398,NA,0.845337229949766,NA,NA,NA
"5",-0.631140771739761,NA,0.845918637927917,NA,NA,NA
"5",-0.639653006292124,NA,0.846716422458812,NA,NA,NA
"5",-0.648165240844487,NA,0.847510603963499,NA,NA,NA
"5",-0.65667747539685,NA,0.848226375236581,NA,NA,NA
"5",-0.665189709949213,NA,0.848915085331126,NA,NA,NA
"5",-0.673701944501575,NA,0.849704977369198,NA,NA,NA
"5",-0.682214179053938,NA,0.850388821500135,NA,NA,NA
"5",-0.690726413606301,NA,0.851077506343659,NA,NA,NA
"5",-0.699238648158664,NA,0.851828585078619,NA,NA,NA
"5",-0.707750882711027,NA,0.852511958739572,NA,NA,NA
"5",-0.71626311726339,NA,0.852973227109282,NA,NA,NA
"5",-0.724775351815752,NA,0.853719778460728,NA,NA,NA
"5",-0.733287586368115,NA,0.854394686315519,NA,NA,NA
"5",-0.741799820920478,NA,0.855058612051719,NA,NA,NA
"5",-0.750312055472841,NA,0.855516314672738,NA,NA,NA
"5",-0.758824290025204,NA,0.856124190847963,NA,NA,NA
"5",-0.767336524577567,NA,0.856685248992211,NA,NA,NA
"5",-0.775848759129929,NA,0.857286529125611,NA,NA,NA
"5",-0.784360993682292,NA,0.857743375430848,NA,NA,NA
"5",-0.792873228234655,NA,0.858285351675007,NA,NA,NA
"5",-0.801385462787018,NA,0.858917078279482,NA,NA,NA
"5",-0.809897697339381,NA,0.859459511691393,NA,NA,NA
"5",-0.818409931891743,NA,0.860118460003113,NA,NA,NA
"5",-0.826922166444106,NA,0.860654046924797,NA,NA,NA
"5",-0.835434400996469,NA,0.861372562656904,NA,NA,NA
"5",-0.843946635548832,NA,0.862063847127204,NA,NA,NA
"5",-0.852458870101195,NA,0.862627584246315,NA,NA,NA
"5",-0.860971104653558,NA,0.863212787210672,NA,NA,NA
"5",-0.86948333920592,NA,0.863841205755732,NA,NA,NA
"5",-0.877995573758283,NA,0.864396305786113,NA,NA,NA
"5",-0.886507808310646,NA,0.86502906723006,NA,NA,NA
"5",-0.895020042863009,NA,0.865507060166437,NA,NA,NA
"5",-0.903532277415372,NA,0.866074475573339,NA,NA,NA
"5",-0.912044511967735,NA,0.866590345208665,NA,NA,NA
"5",-0.920556746520097,NA,0.867133320959141,NA,NA,NA
"5",-0.92906898107246,NA,0.867722804643033,NA,NA,NA
"5",-0.937581215624823,NA,0.868202708095613,NA,NA,NA
"5",-0.946093450177186,NA,0.86873131965357,NA,NA,NA
"5",-0.954605684729549,NA,0.869242178083781,NA,NA,NA
"5",-0.963117919281911,NA,0.869832069950336,NA,NA,NA
"5",-0.971630153834274,NA,0.87045002419137,NA,NA,NA
"5",-0.980142388386637,NA,0.871087353806481,NA,NA,NA
"5",-0.988654622939,NA,0.871677638074504,NA,NA,NA
"5",-0.997166857491363,NA,0.872017620641453,NA,NA,NA
"5",-1.00567909204373,NA,0.872568802731091,NA,NA,NA
"5",-1.01419132659609,NA,0.873122273895621,NA,NA,NA
"5",-1.02270356114845,NA,0.873617259753222,NA,NA,NA
"5",-1.03121579570081,NA,0.87404934869525,NA,NA,NA
"5",-1.03972803025318,NA,0.874678820679171,NA,NA,NA
"5",-1.04824026480554,NA,0.87512949824084,NA,NA,NA
"5",-1.0567524993579,NA,0.875606249947169,NA,NA,NA
"5",-1.06526473391027,NA,0.876105427228876,NA,NA,NA
"5",-1.07377696846263,NA,0.876575447377631,NA,NA,NA
"5",-1.08228920301499,NA,0.876994831017322,NA,NA,NA
"5",-1.09080143756735,NA,0.877375654721623,NA,NA,NA
"5",-1.09931367211972,NA,0.877921887454928,NA,NA,NA
"5",-1.10782590667208,NA,0.878534599062151,NA,NA,NA
"5",-1.11633814122444,NA,0.87896362471673,NA,NA,NA
"5",-1.12485037577681,NA,0.879440833537086,NA,NA,NA
"5",-1.13336261032917,NA,0.880040661425742,NA,NA,NA
"5",-1.14187484488153,NA,0.880479311380181,NA,NA,NA
"5",-1.15038707943389,NA,0.880978147527105,NA,NA,NA
"5",-1.15889931398626,NA,0.881414869522215,NA,NA,NA
"5",-1.16741154853862,NA,0.881783811945401,NA,NA,NA
"5",-1.17592378309098,NA,0.881918773684182,NA,NA,NA
"5",-1.18443601764335,NA,0.882395234333641,NA,NA,NA
"5",-1.19294825219571,NA,0.882758418244956,NA,NA,NA
"5",-1.20146048674807,NA,0.883183625181436,NA,NA,NA
"5",-1.20997272130043,NA,0.883621830146526,NA,NA,NA
"5",-1.2184849558528,NA,0.883992616314533,NA,NA,NA
"5",-1.22699719040516,NA,0.884412899120429,NA,NA,NA
"5",-1.23550942495752,NA,0.884827455034478,NA,NA,NA
"5",-1.24402165950988,NA,0.885252815768284,NA,NA,NA
"5",-1.25253389406225,NA,0.885601011545174,NA,NA,NA
"5",-1.26104612861461,NA,0.886029614007974,NA,NA,NA
"5",-1.26955836316697,NA,0.886496248855596,NA,NA,NA
"5",-1.27807059771934,NA,0.886997936312119,NA,NA,NA
"5",-1.2865828322717,NA,0.887464145599368,NA,NA,NA
"5",-1.29509506682406,NA,0.887871438974262,NA,NA,NA
"5",-1.30360730137642,NA,0.888379759303791,NA,NA,NA
"5",-1.31211953592879,NA,0.888777512809678,NA,NA,NA
"5",-1.32063177048115,NA,0.889284870311169,NA,NA,NA
"5",-1.32914400503351,NA,0.889675111520071,NA,NA,NA
"5",-1.33765623958588,NA,0.890120356013682,NA,NA,NA
"5",-1.34616847413824,NA,0.890506585091454,NA,NA,NA
"5",-1.3546807086906,NA,0.890872962297093,NA,NA,NA
"5",-1.36319294324296,NA,0.891166387977465,NA,NA,NA
"5",-1.37170517779533,NA,0.891593633027907,NA,NA,NA
"5",-1.38021741234769,NA,0.891967110916246,NA,NA,NA
"5",-1.38872964690005,NA,0.892458558256521,NA,NA,NA
"5",-1.39724188145242,NA,0.89272530543646,NA,NA,NA
"5",-1.40575411600478,NA,0.89308881945052,NA,NA,NA
"5",-1.41426635055714,NA,0.89348927052617,NA,NA,NA
"5",-1.4227785851095,NA,0.893856508237281,NA,NA,NA
"5",-1.43129081966187,NA,0.894320893600236,NA,NA,NA
"5",-1.43980305421423,NA,0.894637833908876,NA,NA,NA
"5",-1.44831528876659,NA,0.895025929333971,NA,NA,NA
"5",-1.45682752331896,NA,0.89548882766948,NA,NA,NA
"5",-1.46533975787132,NA,0.895992473636437,NA,NA,NA
"5",-1.47385199242368,NA,0.896502347540273,NA,NA,NA
"5",-1.48236422697604,NA,0.896777027346707,NA,NA,NA
"5",-1.49087646152841,NA,0.897070658983849,NA,NA,NA
"5",-1.49938869608077,NA,0.89734757473596,NA,NA,NA
"5",-1.50790093063313,NA,0.897609409386549,NA,NA,NA
"5",-1.5164131651855,NA,0.897962139269792,NA,NA,NA
"5",-1.52492539973786,NA,0.898244535781697,NA,NA,NA
"5",-1.53343763429022,NA,0.89864837955643,NA,NA,NA
"5",-1.54194986884258,NA,0.899025003302978,NA,NA,NA
"5",-1.55046210339495,NA,0.89945606997124,NA,NA,NA
"5",-1.55897433794731,NA,0.89986536042257,NA,NA,NA
"5",-1.56748657249967,NA,0.900114395119714,NA,NA,NA
"5",-1.57599880705204,NA,0.900552085351398,NA,NA,NA
"5",-1.5845110416044,NA,0.900920086624919,NA,NA,NA
"5",-1.59302327615676,NA,0.901184130522676,NA,NA,NA
"5",-1.60153551070912,NA,0.901440224915161,NA,NA,NA
"5",-1.61004774526149,NA,0.901768802595239,NA,NA,NA
"5",-1.61855997981385,NA,0.902162972134383,NA,NA,NA
"5",-1.62707221436621,NA,0.902594390594394,NA,NA,NA
"5",-1.63558444891858,NA,0.902904745540789,NA,NA,NA
"5",-1.64409668347094,NA,0.903181768114347,NA,NA,NA
"5",-1.6526089180233,NA,0.903557284426381,NA,NA,NA
"5",-1.66112115257566,NA,0.903934435130585,NA,NA,NA
"5",-1.66963338712803,NA,0.904224766684968,NA,NA,NA
"5",-1.67814562168039,NA,0.904654268384382,NA,NA,NA
"5",-1.68665785623275,NA,0.904949267000625,NA,NA,NA
"5",-1.69517009078512,NA,0.905335590083193,NA,NA,NA
"5",-1.70368232533748,NA,0.905668418766263,NA,NA,NA
"5",-1.71219455988984,NA,0.906109501877269,NA,NA,NA
"5",-1.7207067944422,NA,0.906527830070799,NA,NA,NA
"5",-1.72921902899457,NA,0.906830156630641,NA,NA,NA
"5",-1.73773126354693,NA,0.907143791475377,NA,NA,NA
"5",-1.74624349809929,NA,0.907510380207856,NA,NA,NA
"5",-1.75475573265165,NA,0.907810902954659,NA,NA,NA
"5",-1.76326796720402,NA,0.908146562129247,NA,NA,NA
"5",-1.77178020175638,NA,0.908543345366125,NA,NA,NA
"5",-1.78029243630874,NA,0.908936104034489,NA,NA,NA
"5",-1.78880467086111,NA,0.909309830695186,NA,NA,NA
"5",-1.79731690541347,NA,0.909633335112569,NA,NA,NA
"5",-1.80582913996583,NA,0.909904324590568,NA,NA,NA
"5",-1.81434137451819,NA,0.910231784230519,NA,NA,NA
"5",-1.82285360907056,NA,0.910612956985879,NA,NA,NA
"5",-1.83136584362292,NA,0.911078065950713,NA,NA,NA
"5",-1.83987807817528,NA,0.911437978775744,NA,NA,NA
"5",-1.84839031272765,NA,0.911672264317024,NA,NA,NA
"5",-1.85690254728001,NA,0.912070984335761,NA,NA,NA
"5",-1.86541478183237,NA,0.912423369131807,NA,NA,NA
"5",-1.87392701638473,NA,0.91304049213109,NA,NA,NA
"5",-1.8824392509371,NA,0.91360559615292,NA,NA,NA
"5",-1.89095148548946,NA,0.914240792950688,NA,NA,NA
"5",-1.89946372004182,NA,0.914779670469164,NA,NA,NA
"5",-1.90797595459419,NA,0.915640366517826,NA,NA,NA
"5",-1.91648818914655,NA,0.916341689371098,NA,NA,NA
"5",-1.92500042369891,NA,0.917289794499903,NA,NA,NA
"5",-1.93351265825127,NA,0.918127830750153,NA,NA,NA
"5",-1.94202489280364,NA,0.918992669339275,NA,NA,NA
"5",-1.950537127356,NA,0.919770641847901,NA,NA,NA
"5",-1.95904936190836,NA,0.92054731914735,NA,NA,NA
"5",-1.96756159646073,NA,0.921405648904277,NA,NA,NA
"5",-1.97607383101309,NA,0.922123680934156,NA,NA,NA
"5",-1.98458606556545,NA,0.923370849251009,NA,NA,NA
"5",-1.99309830011781,NA,0.924031667650023,NA,NA,NA
"5",-2.00161053467018,NA,0.925259781147136,NA,NA,NA
"5",-2.01012276922254,NA,0.926378634172274,NA,NA,NA
"5",-2.0186350037749,NA,0.927402609214144,NA,NA,NA
"5",-2.02714723832727,NA,0.928392947058377,NA,NA,NA
"5",-2.03565947287963,NA,0.929602958802087,NA,NA,NA
"5",-2.04417170743199,NA,0.930411544997533,NA,NA,NA
"5",-2.05268394198435,NA,0.932167778566288,NA,NA,NA
"5",-2.06119617653672,NA,0.933536537275938,NA,NA,NA
"5",-2.06970841108908,NA,0.934773318251789,NA,NA,NA
"5",-2.07822064564144,NA,0.936304689390632,NA,NA,NA
"5",-2.08673288019381,NA,0.937686869544379,NA,NA,NA
"5",-2.09524511474617,NA,0.93925981190769,NA,NA,NA
"5",-2.10375734929853,NA,0.940927653477494,NA,NA,NA
"5",-2.11226958385089,NA,0.942478046357733,NA,NA,NA
"5",-2.12078181840326,NA,0.944342565559457,NA,NA,NA
"5",-2.12929405295562,NA,0.946289270843057,NA,NA,NA
"5",-2.13780628750798,NA,0.948136818122946,NA,NA,NA
"5",-2.14631852206035,NA,0.950368544847284,NA,NA,NA
"5",-2.15483075661271,NA,0.95227230018056,NA,NA,NA
"5",-2.16334299116507,NA,0.954177750739282,NA,NA,NA
"5",-2.17185522571743,NA,0.956108389325017,NA,NA,NA
"5",-2.1803674602698,NA,0.958162833250338,NA,NA,NA
"5",NA,NA,NA,-1.42963641164896,0.816366823527966,NA
"5",NA,NA,NA,-2.1803674602698,0.778107406676649,NA
"5",NA,NA,NA,-2.1803674602698,0.882725901031248,NA
"5",NA,NA,NA,-1.0829051098134,0.826309132720327,NA
"5",NA,NA,NA,0.17226471586879,0.778096962785672,NA
"5",NA,NA,NA,0.85496418856846,0.634542420017391,NA
"5",NA,NA,NA,0.487824330588246,0.602668296619539,NA
"5",NA,NA,NA,0.692157674660417,0.70100433029927,NA
"5",NA,NA,NA,0.613654057628711,0.727589880565381,NA
"5",NA,NA,NA,1.47636511521006,0.392982270772097,NA
"5",NA,NA,NA,1.70578226202773,0.379437035062296,NA
"5",NA,NA,NA,2.38673051731185,0.397307875874621,NA
"5",NA,NA,NA,2.50337683994735,0.319686016845174,NA
"5",NA,NA,NA,2.78577927623705,0.320729901757814,NA
"5",NA,NA,NA,2.87952651303243,0.386532828095442,NA
"5",NA,NA,NA,3.64365581624672,0.303272432867072,NA
"5",NA,NA,NA,3.64166673940414,0.226602811699935,NA
"5",NA,NA,NA,4.13315293508635,0.183419673416856,NA
"5",NA,NA,NA,4.32340284272109,0.079550215494187,NA
"5",NA,NA,NA,4.97053182887199,0.0099,NA
"5",NA,NA,NA,4.97469649346502,0.0099,NA
"5",NA,NA,NA,5.76613384572386,0.0099,NA
"5",NA,NA,NA,5.70947631294959,0.0099,NA
"5",NA,NA,NA,6.32335485754067,0.0099,NA
"5",NA,NA,NA,6.29986821712045,0.0099,NA
"5",NA,NA,NA,-1.66073120682165,0.77113662493404,NA
"5",NA,NA,NA,-1.66073120682165,0.75902182504669,NA
"5",NA,NA,NA,-1.66073120682165,0.9999,NA
"5",NA,NA,NA,-1.66073120682165,0.772875058007422,NA
"5",NA,NA,NA,-0.616186139423817,0.715360382581964,NA
"5",NA,NA,NA,-0.693147180559945,0.772180509520347,NA
"5",NA,NA,NA,0.22314355131421,0.663250217227297,NA
"5",NA,NA,NA,0.425267735404344,0.694751229509643,NA
"5",NA,NA,NA,0.688134638736401,0.628208681767274,NA
"5",NA,NA,NA,0.470003629245736,0.63738260163835,NA
"5",NA,NA,NA,0.867100487683383,0.539299997541457,NA
"5",NA,NA,NA,1.08856195281461,0.482127830097781,NA
"5",NA,NA,NA,1.51292701205326,0.383043817208276,NA
"5",NA,NA,NA,1.79342474854712,0.367450887529844,NA
"5",NA,NA,NA,1.80500469597808,0.373772064148705,NA
"5",NA,NA,NA,1.85785927093258,0.413924780541625,NA
"5",NA,NA,NA,1.86872051036418,0.424795536589686,NA
"5",NA,NA,NA,1.89160480419777,0.425500883365757,NA
"5",NA,NA,NA,2.17475172148416,0.378213926486463,NA
"5",NA,NA,NA,2.38967979984498,0.364101133689313,NA
"5",NA,NA,NA,3.40319538432483,0.234430944253849,NA
"5",NA,NA,NA,3.54731588979215,0.22907752436138,NA
"5",NA,NA,NA,4.12906799828049,0.093195092377147,NA
"5",NA,NA,NA,4.15982014418101,0.162563641006298,NA
"5",NA,NA,NA,4.78356738588989,0.0099,NA
"5",NA,NA,NA,NA,NA,-0.900994247888586
"5",NA,NA,NA,NA,NA,-1.91794490229296
"5",NA,NA,NA,NA,NA,-0.219054945895315
"30",-1.83258146374831,0.821535577107651,0.779567855346646,NA,NA,NA
"30",-1.82416710728369,0.82128554699429,0.779421574053857,NA,NA,NA
"30",-1.81575275081906,0.821062206395219,0.779289035332125,NA,NA,NA
"30",-1.80733839435444,0.820833936855345,0.779217702080215,NA,NA,NA
"30",-1.79892403788982,0.820592022088489,0.779052486750456,NA,NA,NA
"30",-1.79050968142519,0.820341441448151,0.778889383294629,NA,NA,NA
"30",-1.78209532496057,0.820080729244519,0.778752323337753,NA,NA,NA
"30",-1.77368096849595,0.819854242799135,0.778613962528496,NA,NA,NA
"30",-1.76526661203132,0.819596122412643,0.77847903527902,NA,NA,NA
"30",-1.7568522555667,0.819373915916074,0.778399712302896,NA,NA,NA
"30",-1.74843789910208,0.819147433110362,0.778260126251668,NA,NA,NA
"30",-1.74002354263745,0.818898190823316,0.778071306673348,NA,NA,NA
"30",-1.73160918617283,0.818640304584046,0.777966144203548,NA,NA,NA
"30",-1.72319482970821,0.818366961150838,0.777785927252657,NA,NA,NA
"30",-1.71478047324358,0.818125485909039,0.77764468707015,NA,NA,NA
"30",-1.70636611677896,0.817853995188749,0.777502033247471,NA,NA,NA
"30",-1.69795176031434,0.817609770672448,0.777349549256549,NA,NA,NA
"30",-1.68953740384971,0.817340585725977,0.777137312012787,NA,NA,NA
"30",-1.68112304738509,0.817083413619895,0.777049376282704,NA,NA,NA
"30",-1.67270869092047,0.816821105888448,0.776918509048776,NA,NA,NA
"30",-1.66429433445584,0.816558129666205,0.776692077708876,NA,NA,NA
"30",-1.65587997799122,0.816303612266534,0.776462783151542,NA,NA,NA
"30",-1.6474656215266,0.816021399393158,0.776387975387254,NA,NA,NA
"30",-1.63905126506197,0.815764600034675,0.776308928871267,NA,NA,NA
"30",-1.63063690859735,0.815502595448216,0.77610772623953,NA,NA,NA
"30",-1.62222255213273,0.815240345991062,0.775907872470397,NA,NA,NA
"30",-1.6138081956681,0.814956525178715,0.775707789556392,NA,NA,NA
"30",-1.60539383920348,0.814685344359305,0.775546732429473,NA,NA,NA
"30",-1.59697948273886,0.814423904720982,0.77546757632006,NA,NA,NA
"30",-1.58856512627423,0.8141288624714,0.775289391527928,NA,NA,NA
"30",-1.58015076980961,0.813845166032847,0.775056203612268,NA,NA,NA
"30",-1.57173641334499,0.813573722986723,0.774823629904723,NA,NA,NA
"30",-1.56332205688036,0.813302912757178,0.77465050635249,NA,NA,NA
"30",-1.55490770041574,0.813018664974965,0.774535603145701,NA,NA,NA
"30",-1.54649334395112,0.812746668370968,0.774411389124815,NA,NA,NA
"30",-1.53807898748649,0.812466832151613,0.77420472970989,NA,NA,NA
"30",-1.52966463102187,0.812183226286248,0.774067991703311,NA,NA,NA
"30",-1.52125027455725,0.811910667908928,0.773916342548177,NA,NA,NA
"30",-1.51283591809262,0.811640716013259,0.773768387475302,NA,NA,NA
"30",-1.504421561628,0.811357748122789,0.773583393000029,NA,NA,NA
"30",-1.49600720516338,0.811069275412954,0.773394827233548,NA,NA,NA
"30",-1.48759284869875,0.810776513840803,0.773239504202805,NA,NA,NA
"30",-1.47917849223413,0.810496069477031,0.773070671685466,NA,NA,NA
"30",-1.47076413576951,0.8102055475254,0.772888983623755,NA,NA,NA
"30",-1.46234977930488,0.809920438222223,0.772643164373704,NA,NA,NA
"30",-1.45393542284026,0.80962085923903,0.7724869511799,NA,NA,NA
"30",-1.44552106637564,0.809343305644286,0.77231093662317,NA,NA,NA
"30",-1.43710670991101,0.809061352173083,0.772141290715403,NA,NA,NA
"30",-1.42869235344639,0.808761787540617,0.771962536793823,NA,NA,NA
"30",-1.42027799698177,0.808469248133736,0.77175366926304,NA,NA,NA
"30",-1.41186364051714,0.808175084222852,0.771534509068384,NA,NA,NA
"30",-1.40344928405252,0.807889676203174,0.771363239100078,NA,NA,NA
"30",-1.3950349275879,0.807606321795534,0.771213659589576,NA,NA,NA
"30",-1.38662057112328,0.807331169787253,0.771021216883431,NA,NA,NA
"30",-1.37820621465865,0.807009323672621,0.770808876528822,NA,NA,NA
"30",-1.36979185819403,0.806710656874288,0.77060301644496,NA,NA,NA
"30",-1.36137750172941,0.806409517787467,0.770442702307647,NA,NA,NA
"30",-1.35296314526478,0.806114398583201,0.770270428073793,NA,NA,NA
"30",-1.34454878880016,0.805821546391829,0.770056931791932,NA,NA,NA
"30",-1.33613443233554,0.805493440456736,0.769930780969909,NA,NA,NA
"30",-1.32772007587091,0.805166101328514,0.769727369164653,NA,NA,NA
"30",-1.31930571940629,0.804864543242114,0.769454864999382,NA,NA,NA
"30",-1.31089136294167,0.804555970970029,0.769246867549838,NA,NA,NA
"30",-1.30247700647704,0.804241145090822,0.769011595090434,NA,NA,NA
"30",-1.29406265001242,0.803926924421703,0.768772720854785,NA,NA,NA
"30",-1.2856482935478,0.803592428768142,0.768623040059864,NA,NA,NA
"30",-1.27723393708317,0.803268557900373,0.768371538350431,NA,NA,NA
"30",-1.26881958061855,0.802951574285666,0.768118986823706,NA,NA,NA
"30",-1.26040522415393,0.802637625674284,0.767865381469043,NA,NA,NA
"30",-1.2519908676893,0.802311933475408,0.767615261584705,NA,NA,NA
"30",-1.24357651122468,0.802018265152015,0.767498805748291,NA,NA,NA
"30",-1.23516215476006,0.801666621214342,0.767253121110995,NA,NA,NA
"30",-1.22674779829543,0.801302560773132,0.766984942528111,NA,NA,NA
"30",-1.21833344183081,0.800989133851527,0.766789664461149,NA,NA,NA
"30",-1.20991908536619,0.800650871462285,0.766619058431324,NA,NA,NA
"30",-1.20150472890156,0.800326248268651,0.766425037161531,NA,NA,NA
"30",-1.19309037243694,0.799978696322584,0.766238738753941,NA,NA,NA
"30",-1.18467601597232,0.799650700024013,0.766056216617877,NA,NA,NA
"30",-1.17626165950769,0.799338675976914,0.765870665779626,NA,NA,NA
"30",-1.16784730304307,0.79901486274192,0.76563722683772,NA,NA,NA
"30",-1.15943294657845,0.798692102555784,0.765395234993487,NA,NA,NA
"30",-1.15101859011382,0.798378354454636,0.765143541286665,NA,NA,NA
"30",-1.1426042336492,0.798043102054362,0.764939526832243,NA,NA,NA
"30",-1.13418987718458,0.797696697627619,0.764689998394227,NA,NA,NA
"30",-1.12577552071995,0.79735194592417,0.764395586548857,NA,NA,NA
"30",-1.11736116425533,0.797003594117534,0.764094397949647,NA,NA,NA
"30",-1.10894680779071,0.796661297278082,0.763783391965882,NA,NA,NA
"30",-1.10053245132608,0.796326410017298,0.763494781877939,NA,NA,NA
"30",-1.09211809486146,0.795984486937096,0.763248834241019,NA,NA,NA
"30",-1.08370373839684,0.795626176686206,0.762951713694067,NA,NA,NA
"30",-1.07528938193221,0.795266148094737,0.762672466552893,NA,NA,NA
"30",-1.06687502546759,0.794925839832386,0.762396208930941,NA,NA,NA
"30",-1.05846066900297,0.794570207661888,0.762120786613223,NA,NA,NA
"30",-1.05004631253834,0.794207262233101,0.761840107687933,NA,NA,NA
"30",-1.04163195607372,0.793847557712654,0.761571688579674,NA,NA,NA
"30",-1.0332175996091,0.793490213342845,0.761293351010347,NA,NA,NA
"30",-1.02480324314447,0.793135922275096,0.761014646077287,NA,NA,NA
"30",-1.01638888667985,0.792802825163874,0.760829743299892,NA,NA,NA
"30",-1.00797453021523,0.792456379249546,0.760544192890655,NA,NA,NA
"30",-0.999560173750603,0.792126169401443,0.760247531343602,NA,NA,NA
"30",-0.99114581728598,0.791769270965959,0.760052719043267,NA,NA,NA
"30",-0.982731460821356,0.791403546846245,0.75974417522227,NA,NA,NA
"30",-0.974317104356733,0.791051166436767,0.759477148746727,NA,NA,NA
"30",-0.96590274789211,0.790681114688795,0.759245205017745,NA,NA,NA
"30",-0.957488391427486,0.79028715313346,0.758962615474135,NA,NA,NA
"30",-0.949074034962863,0.789932869284865,0.758679082765935,NA,NA,NA
"30",-0.94065967849824,0.789539702959728,0.758396488437448,NA,NA,NA
"30",-0.932245322033616,0.789177509375243,0.758114471664302,NA,NA,NA
"30",-0.923830965568993,0.788784078512724,0.757816037459677,NA,NA,NA
"30",-0.91541660910437,0.788400377733155,0.75753639456407,NA,NA,NA
"30",-0.907002252639747,0.787995192678405,0.757307060018612,NA,NA,NA
"30",-0.898587896175123,0.787618670469913,0.756980033121966,NA,NA,NA
"30",-0.8901735397105,0.787246093556531,0.75666100437973,NA,NA,NA
"30",-0.881759183245877,0.786871160741329,0.756374400133716,NA,NA,NA
"30",-0.873344826781253,0.786487910015007,0.756073802777777,NA,NA,NA
"30",-0.86493047031663,0.786109875060142,0.755790191106779,NA,NA,NA
"30",-0.856516113852007,0.785714882320648,0.755479668400904,NA,NA,NA
"30",-0.848101757387383,0.785335224063903,0.755182404065401,NA,NA,NA
"30",-0.83968740092276,0.784938738032583,0.754942391330834,NA,NA,NA
"30",-0.831273044458137,0.784551438244834,0.754638295844687,NA,NA,NA
"30",-0.822858687993513,0.784155794077846,0.754306403867966,NA,NA,NA
"30",-0.81444433152889,0.783752596048502,0.753947513522252,NA,NA,NA
"30",-0.806029975064267,0.783341680090674,0.753536066988617,NA,NA,NA
"30",-0.797615618599643,0.782948197052099,0.753244299168424,NA,NA,NA
"30",-0.78920126213502,0.78254022358625,0.752841167862674,NA,NA,NA
"30",-0.780786905670397,0.782174960182288,0.752504114273783,NA,NA,NA
"30",-0.772372549205774,0.781756249162973,0.752237765672944,NA,NA,NA
"30",-0.76395819274115,0.781350784538056,0.751948641702038,NA,NA,NA
"30",-0.755543836276527,0.780945564363065,0.751551982789563,NA,NA,NA
"30",-0.747129479811904,0.780547938012024,0.751152701278033,NA,NA,NA
"30",-0.73871512334728,0.780134469541102,0.750810726343855,NA,NA,NA
"30",-0.730300766882657,0.77971646471371,0.750531574189027,NA,NA,NA
"30",-0.721886410418034,0.779316181489323,0.750219191596477,NA,NA,NA
"30",-0.713472053953411,0.778877848131526,0.749855747395932,NA,NA,NA
"30",-0.705057697488787,0.778462667175381,0.749512974027972,NA,NA,NA
"30",-0.696643341024164,0.778049500915079,0.749168541623935,NA,NA,NA
"30",-0.688228984559541,0.777646646844193,0.748806498224411,NA,NA,NA
"30",-0.679814628094917,0.777207076246999,0.748467727284782,NA,NA,NA
"30",-0.671400271630294,0.77677654614777,0.748148958341621,NA,NA,NA
"30",-0.662985915165671,0.776356430849464,0.747808732909338,NA,NA,NA
"30",-0.654571558701047,0.775934741761567,0.747446055815292,NA,NA,NA
"30",-0.646157202236424,0.775499082588366,0.747102850005654,NA,NA,NA
"30",-0.637742845771801,0.775071297605984,0.746808331536914,NA,NA,NA
"30",-0.629328489307177,0.774636258623658,0.746435310320179,NA,NA,NA
"30",-0.620914132842554,0.774201882202879,0.746061959406464,NA,NA,NA
"30",-0.612499776377931,0.773765565144531,0.745740273849225,NA,NA,NA
"30",-0.604085419913307,0.77335881833057,0.745394408115339,NA,NA,NA
"30",-0.595671063448684,0.772927374631018,0.74500653007209,NA,NA,NA
"30",-0.587256706984061,0.772496724923551,0.744651451713313,NA,NA,NA
"30",-0.578842350519438,0.772067546153373,0.74430571594748,NA,NA,NA
"30",-0.570427994054814,0.771613548582238,0.743958423654892,NA,NA,NA
"30",-0.562013637590191,0.77116762510193,0.743648551593783,NA,NA,NA
"30",-0.553599281125568,0.770725908895464,0.743295179443464,NA,NA,NA
"30",-0.545184924660944,0.77030089981005,0.742894375496029,NA,NA,NA
"30",-0.536770568196321,0.769846627655635,0.742536829582128,NA,NA,NA
"30",-0.528356211731698,0.769394017899516,0.742131945213217,NA,NA,NA
"30",-0.519941855267074,0.768969659896004,0.741723628566213,NA,NA,NA
"30",-0.511527498802451,0.768487727998177,0.741416049052418,NA,NA,NA
"30",-0.503113142337828,0.76804121842507,0.741013982018491,NA,NA,NA
"30",-0.494698785873205,0.767588631341921,0.740611020590735,NA,NA,NA
"30",-0.486284429408581,0.767124594264119,0.740188150382572,NA,NA,NA
"30",-0.477870072943958,0.766684917040583,0.73979373573421,NA,NA,NA
"30",-0.469455716479334,0.766236507451422,0.739382867724364,NA,NA,NA
"30",-0.461041360014711,0.765794185384791,0.738975138470526,NA,NA,NA
"30",-0.452627003550088,0.765328003020879,0.738633502306719,NA,NA,NA
"30",-0.444212647085465,0.764839359222715,0.73816429563544,NA,NA,NA
"30",-0.435798290620841,0.764391556219063,0.737770935730007,NA,NA,NA
"30",-0.427383934156218,0.763915467956784,0.737374378781184,NA,NA,NA
"30",-0.418969577691595,0.763436553940786,0.736969917321962,NA,NA,NA
"30",-0.410555221226971,0.762960400150321,0.73654162932614,NA,NA,NA
"30",-0.402140864762348,0.762479802459591,0.73609060979533,NA,NA,NA
"30",-0.393726508297725,0.761995119593212,0.73569005422681,NA,NA,NA
"30",-0.385312151833102,0.761502638445574,0.73524940866752,NA,NA,NA
"30",-0.376897795368478,0.761014037821576,0.734760289425905,NA,NA,NA
"30",-0.368483438903855,0.760507841794526,0.734294573967575,NA,NA,NA
"30",-0.360069082439232,0.760029302396121,0.73389038505485,NA,NA,NA
"30",-0.351654725974608,0.759545715709565,0.733435351206336,NA,NA,NA
"30",-0.343240369509985,0.759038874121395,0.732987773998624,NA,NA,NA
"30",-0.334826013045362,0.75852915995081,0.73259483193728,NA,NA,NA
"30",-0.326411656580738,0.758054850901353,0.732175335237459,NA,NA,NA
"30",-0.317997300116115,0.757553064377195,0.731761344010553,NA,NA,NA
"30",-0.309582943651492,0.757072827829036,0.731393599163405,NA,NA,NA
"30",-0.301168587186868,0.756603695877309,0.730948948973962,NA,NA,NA
"30",-0.292754230722245,0.756114983289437,0.730534423084616,NA,NA,NA
"30",-0.284339874257622,0.755623142057355,0.730131014791488,NA,NA,NA
"30",-0.275925517792998,0.755122263876804,0.72970685853856,NA,NA,NA
"30",-0.267511161328375,0.754596774965064,0.729211125620747,NA,NA,NA
"30",-0.259096804863752,0.754076430953529,0.728806086725472,NA,NA,NA
"30",-0.250682448399129,0.753552941341856,0.728425744256783,NA,NA,NA
"30",-0.242268091934505,0.753063647482505,0.727970930345996,NA,NA,NA
"30",-0.233853735469882,0.752551312686232,0.727423108312186,NA,NA,NA
"30",-0.225439379005259,0.752033789281488,0.726934174747809,NA,NA,NA
"30",-0.217025022540635,0.751546390745544,0.726412342731872,NA,NA,NA
"30",-0.208610666076012,0.751016585768256,0.725903665731931,NA,NA,NA
"30",-0.200196309611389,0.750466584055565,0.725481459308023,NA,NA,NA
"30",-0.191781953146765,0.749938972712357,0.724970431903596,NA,NA,NA
"30",-0.183367596682142,0.749404132016737,0.724487938208511,NA,NA,NA
"30",-0.174953240217519,0.74884703682142,0.723995328128651,NA,NA,NA
"30",-0.166538883752896,0.748323237820865,0.723489289585825,NA,NA,NA
"30",-0.158124527288272,0.747772052259454,0.722983788018624,NA,NA,NA
"30",-0.149710170823649,0.747276402869734,0.722455590538769,NA,NA,NA
"30",-0.141295814359026,0.74674928983996,0.721948289527939,NA,NA,NA
"30",-0.132881457894402,0.746218828376565,0.721499107158444,NA,NA,NA
"30",-0.124467101429779,0.745684692122167,0.721029933510971,NA,NA,NA
"30",-0.116052744965156,0.745143529241078,0.720554082518252,NA,NA,NA
"30",-0.107638388500532,0.74459805851476,0.720054992070267,NA,NA,NA
"30",-0.099224032035909,0.744064848486108,0.719548567079347,NA,NA,NA
"30",-0.0908096755712857,0.743518141089453,0.719034611459292,NA,NA,NA
"30",-0.0823953191066624,0.74298105244845,0.718533804583513,NA,NA,NA
"30",-0.0739809626420391,0.742413024114452,0.718030881776341,NA,NA,NA
"30",-0.0655666061774158,0.741868138005213,0.717577666647962,NA,NA,NA
"30",-0.0571522497127925,0.741291020043299,0.717072376443831,NA,NA,NA
"30",-0.0487378932481692,0.74071212911054,0.716460883294612,NA,NA,NA
"30",-0.0403235367835459,0.740131584648911,0.715887659272832,NA,NA,NA
"30",-0.0319091803189226,0.739577481357778,0.715376689721402,NA,NA,NA
"30",-0.0234948238542994,0.739011519961357,0.714835786885341,NA,NA,NA
"30",-0.0150804673896761,0.738442310094895,0.714287748100087,NA,NA,NA
"30",-0.00666611092505276,0.737867854843446,0.713724528714331,NA,NA,NA
"30",0.00174824553957054,0.737273649490404,0.71316794174306,NA,NA,NA
"30",0.0101626020041938,0.736718354926669,0.712599693289032,NA,NA,NA
"30",0.0185769584688171,0.736125227106385,0.712001476109174,NA,NA,NA
"30",0.0269913149334404,0.735537500184292,0.711376844759355,NA,NA,NA
"30",0.0354056713980637,0.734942310306464,0.710851211305563,NA,NA,NA
"30",0.043820027862687,0.734379685383553,0.710279442175888,NA,NA,NA
"30",0.0522343843273103,0.733826751502662,0.709631039118517,NA,NA,NA
"30",0.0606487407919338,0.733278339115762,0.709040984076155,NA,NA,NA
"30",0.0690630972565571,0.732697383666303,0.708436233907325,NA,NA,NA
"30",0.0774774537211804,0.732084092759535,0.70788452091447,NA,NA,NA
"30",0.0858918101858037,0.731485745151534,0.707312505284316,NA,NA,NA
"30",0.094306166650427,0.730898593076705,0.706665837278962,NA,NA,NA
"30",0.10272052311505,0.730325119396678,0.706024387407579,NA,NA,NA
"30",0.111134879579674,0.729726531587878,0.705392486559502,NA,NA,NA
"30",0.119549236044297,0.729132833207051,0.704804871070106,NA,NA,NA
"30",0.12796359250892,0.72850245761898,0.704105728971299,NA,NA,NA
"30",0.136377948973543,0.727900146868189,0.703457670277781,NA,NA,NA
"30",0.144792305438167,0.727270755158535,0.702832819320444,NA,NA,NA
"30",0.15320666190279,0.726681160308307,0.70224103324481,NA,NA,NA
"30",0.161621018367413,0.726092388121318,0.701656162660443,NA,NA,NA
"30",0.170035374832037,0.725479244388305,0.701051934805883,NA,NA,NA
"30",0.17844973129666,0.72485765174968,0.700406502085667,NA,NA,NA
"30",0.186864087761283,0.72425241234777,0.699772670021824,NA,NA,NA
"30",0.195278444225907,0.723652328491579,0.699167038039853,NA,NA,NA
"30",0.20369280069053,0.723015911204435,0.698500794969973,NA,NA,NA
"30",0.212107157155153,0.722386292335904,0.697876191524171,NA,NA,NA
"30",0.220521513619777,0.721773436280966,0.697223454480279,NA,NA,NA
"30",0.2289358700844,0.721155263240144,0.696588950354983,NA,NA,NA
"30",0.237350226549023,0.720547561491519,0.695951833657025,NA,NA,NA
"30",0.245764583013647,0.719940183963402,0.695315837572494,NA,NA,NA
"30",0.25417893947827,0.719295042972049,0.694693393465472,NA,NA,NA
"30",0.262593295942893,0.718667992180387,0.694110713429073,NA,NA,NA
"30",0.271007652407516,0.718039065227499,0.693436262528304,NA,NA,NA
"30",0.27942200887214,0.717402403131274,0.69280982608173,NA,NA,NA
"30",0.287836365336763,0.716737574231392,0.692157465233466,NA,NA,NA
"30",0.296250721801386,0.716102589611201,0.691472779775764,NA,NA,NA
"30",0.30466507826601,0.715446899285726,0.69089387368048,NA,NA,NA
"30",0.313079434730633,0.714826223453,0.690196483660837,NA,NA,NA
"30",0.321493791195256,0.714189836897408,0.689490197174362,NA,NA,NA
"30",0.32990814765988,0.713534358105776,0.688800542634125,NA,NA,NA
"30",0.338322504124503,0.712894523010218,0.68816751523755,NA,NA,NA
"30",0.346736860589126,0.712238005268025,0.68742235569799,NA,NA,NA
"30",0.355151217053749,0.711606329399357,0.686845319749738,NA,NA,NA
"30",0.363565573518373,0.710948545163632,0.686167421121846,NA,NA,NA
"30",0.371979929982996,0.710277589579252,0.685501443239029,NA,NA,NA
"30",0.380394286447619,0.709605989640311,0.684847412723983,NA,NA,NA
"30",0.388808642912243,0.708923329356947,0.684175457297198,NA,NA,NA
"30",0.397222999376866,0.708238658285587,0.683540006052496,NA,NA,NA
"30",0.405637355841489,0.707550440837432,0.68282568622287,NA,NA,NA
"30",0.414051712306112,0.706866136002857,0.682170245855467,NA,NA,NA
"30",0.422466068770736,0.706183378044906,0.681508592465828,NA,NA,NA
"30",0.430880425235359,0.705487654622099,0.680787009060508,NA,NA,NA
"30",0.439294781699982,0.704809424507122,0.680099608149844,NA,NA,NA
"30",0.447709138164606,0.704102950485722,0.679413850271692,NA,NA,NA
"30",0.456123494629229,0.703442438604536,0.678717559535823,NA,NA,NA
"30",0.464537851093852,0.702761803880224,0.677983775315799,NA,NA,NA
"30",0.472952207558476,0.702066423608678,0.677298091294113,NA,NA,NA
"30",0.481366564023099,0.701427226385829,0.676607701914574,NA,NA,NA
"30",0.489780920487722,0.70070416285143,0.675909393786345,NA,NA,NA
"30",0.498195276952345,0.700011215958205,0.675194612280568,NA,NA,NA
"30",0.506609633416969,0.699317368438118,0.674465007854428,NA,NA,NA
"30",0.515023989881592,0.698655992223302,0.67371405616852,NA,NA,NA
"30",0.523438346346216,0.697968677003648,0.672963190252494,NA,NA,NA
"30",0.531852702810839,0.697273611311532,0.672196469029291,NA,NA,NA
"30",0.540267059275462,0.696544451915867,0.671428880831919,NA,NA,NA
"30",0.548681415740086,0.695833804184043,0.670666292378354,NA,NA,NA
"30",0.557095772204709,0.69510065927123,0.669901832479909,NA,NA,NA
"30",0.565510128669332,0.694350921310346,0.669128113091434,NA,NA,NA
"30",0.573924485133956,0.693631493812058,0.668369303540078,NA,NA,NA
"30",0.582338841598579,0.69288984871984,0.667715670936492,NA,NA,NA
"30",0.590753198063202,0.692175246266438,0.666956332203389,NA,NA,NA
"30",0.599167554527825,0.691468577227916,0.666194834957013,NA,NA,NA
"30",0.607581910992449,0.690731307814148,0.665410090827761,NA,NA,NA
"30",0.615996267457072,0.690010944353382,0.66459157206245,NA,NA,NA
"30",0.624410623921695,0.689272496652293,0.663794298280629,NA,NA,NA
"30",0.632824980386319,0.688538751255284,0.663082665455154,NA,NA,NA
"30",0.641239336850942,0.687787726225758,0.662307954675077,NA,NA,NA
"30",0.649653693315565,0.68706632045505,0.661500766156835,NA,NA,NA
"30",0.658068049780189,0.686330767384684,0.660687041714341,NA,NA,NA
"30",0.666482406244812,0.685599416280225,0.659976111591494,NA,NA,NA
"30",0.674896762709435,0.684846636236318,0.659192397197872,NA,NA,NA
"30",0.683311119174058,0.684088230238059,0.658320503690131,NA,NA,NA
"30",0.691725475638682,0.683329518694405,0.657572195753037,NA,NA,NA
"30",0.700139832103305,0.682578195686437,0.656775554014148,NA,NA,NA
"30",0.708554188567928,0.681830201331455,0.656021895713764,NA,NA,NA
"30",0.716968545032552,0.681087906641784,0.655261700118868,NA,NA,NA
"30",0.725382901497175,0.680323453904008,0.654492765008202,NA,NA,NA
"30",0.733797257961798,0.679566750907155,0.653701338335257,NA,NA,NA
"30",0.742211614426421,0.678827453525265,0.652859657296978,NA,NA,NA
"30",0.750625970891045,0.678029200455842,0.652023879318271,NA,NA,NA
"30",0.759040327355668,0.677230553755052,0.651277235099687,NA,NA,NA
"30",0.767454683820291,0.676440069328527,0.650455662820258,NA,NA,NA
"30",0.775869040284915,0.675674064244743,0.64966989842321,NA,NA,NA
"30",0.784283396749538,0.674882617134038,0.648859692587879,NA,NA,NA
"30",0.792697753214161,0.674096104019801,0.648102064424382,NA,NA,NA
"30",0.801112109678785,0.673292926260692,0.647272672522271,NA,NA,NA
"30",0.809526466143408,0.672501779210735,0.646423624374243,NA,NA,NA
"30",0.817940822608031,0.67169985297234,0.645571104671149,NA,NA,NA
"30",0.826355179072654,0.670893007218871,0.644738302751274,NA,NA,NA
"30",0.834769535537278,0.670117050463445,0.643912029980046,NA,NA,NA
"30",0.843183892001901,0.669346577603078,0.643079377852104,NA,NA,NA
"30",0.851598248466524,0.668534762038757,0.642282751663217,NA,NA,NA
"30",0.860012604931148,0.667710085721556,0.641480509715365,NA,NA,NA
"30",0.868426961395771,0.666890860042663,0.640665988024151,NA,NA,NA
"30",0.876841317860395,0.666091636780325,0.639812326247052,NA,NA,NA
"30",0.885255674325018,0.665283034500121,0.63900324309452,NA,NA,NA
"30",0.893670030789641,0.664482028226645,0.638149691117389,NA,NA,NA
"30",0.902084387254265,0.663650211016044,0.637291250059881,NA,NA,NA
"30",0.910498743718888,0.662815567339748,0.636399161464579,NA,NA,NA
"30",0.918913100183511,0.661976990759446,0.635531539317523,NA,NA,NA
"30",0.927327456648134,0.661142381912918,0.634635344990571,NA,NA,NA
"30",0.935741813112758,0.660309203267781,0.633776957032051,NA,NA,NA
"30",0.944156169577381,0.659464462423251,0.632926900906717,NA,NA,NA
"30",0.952570526042004,0.658632901432928,0.632046451793869,NA,NA,NA
"30",0.960984882506628,0.657797882170716,0.631148339906823,NA,NA,NA
"30",0.969399238971251,0.656943779113717,0.630277861227805,NA,NA,NA
"30",0.977813595435874,0.656109311904053,0.62939390941137,NA,NA,NA
"30",0.986227951900498,0.655283851593472,0.628528330907825,NA,NA,NA
"30",0.994642308365121,0.654428341994885,0.627750592420516,NA,NA,NA
"30",1.00305666482974,0.653584229130954,0.626867080378121,NA,NA,NA
"30",1.01147102129437,0.652710254134776,0.625956932199289,NA,NA,NA
"30",1.01988537775899,0.651856516307876,0.625030613341591,NA,NA,NA
"30",1.02829973422361,0.650990638008293,0.624108734561553,NA,NA,NA
"30",1.03671409068824,0.65015022271717,0.623213769266779,NA,NA,NA
"30",1.04512844715286,0.6492895318049,0.622299789322397,NA,NA,NA
"30",1.05354280361748,0.648415807003636,0.621395566571517,NA,NA,NA
"30",1.06195716008211,0.647557812242196,0.620492558337477,NA,NA,NA
"30",1.07037151654673,0.646680814050671,0.619588188065994,NA,NA,NA
"30",1.07878587301135,0.645796427036124,0.618621445678422,NA,NA,NA
"30",1.08720022947598,0.644904566045976,0.617718125633633,NA,NA,NA
"30",1.0956145859406,0.644020806421412,0.616864600248545,NA,NA,NA
"30",1.10402894240522,0.643143071517342,0.615835661964973,NA,NA,NA
"30",1.11244329886985,0.64224041444057,0.614878653099485,NA,NA,NA
"30",1.12085765533447,0.641375072024719,0.613949731531435,NA,NA,NA
"30",1.12927201179909,0.640468578582192,0.613025496488007,NA,NA,NA
"30",1.13768636826372,0.639589015572679,0.612088528564796,NA,NA,NA
"30",1.14610072472834,0.638705917274331,0.611175007729758,NA,NA,NA
"30",1.15451508119296,0.637807676195426,0.610199165351759,NA,NA,NA
"30",1.16292943765759,0.636904712221903,0.6092753847574,NA,NA,NA
"30",1.17134379412221,0.63597258827534,0.608334548867771,NA,NA,NA
"30",1.17975815058683,0.635061219450734,0.607389608867181,NA,NA,NA
"30",1.18817250705146,0.634138964150823,0.606428463791918,NA,NA,NA
"30",1.19658686351608,0.633228086898129,0.605493888715377,NA,NA,NA
"30",1.2050012199807,0.632321655659929,0.604577180888384,NA,NA,NA
"30",1.21341557644533,0.631395046316812,0.603591264724859,NA,NA,NA
"30",1.22182993290995,0.630477353773335,0.602633411703743,NA,NA,NA
"30",1.23024428937457,0.629567922973513,0.601653826825621,NA,NA,NA
"30",1.2386586458392,0.628633631755605,0.60069243899931,NA,NA,NA
"30",1.24707300230382,0.627708773140528,0.599742047566974,NA,NA,NA
"30",1.25548735876844,0.626780909860532,0.598786087101059,NA,NA,NA
"30",1.26390171523307,0.625849491987511,0.597848711455414,NA,NA,NA
"30",1.27231607169769,0.624916493249542,0.596868744064245,NA,NA,NA
"30",1.28073042816231,0.624007291294176,0.595917830488076,NA,NA,NA
"30",1.28914478462694,0.623091880440585,0.594940746022294,NA,NA,NA
"30",1.29755914109156,0.62215126380361,0.59392004766016,NA,NA,NA
"30",1.30597349755618,0.621202078253129,0.592940105411768,NA,NA,NA
"30",1.31438785402081,0.62026485289562,0.591958891007557,NA,NA,NA
"30",1.32280221048543,0.619311654366445,0.591011812977581,NA,NA,NA
"30",1.33121656695005,0.618355592605838,0.590024439855616,NA,NA,NA
"30",1.33963092341468,0.617416978473175,0.589016342442548,NA,NA,NA
"30",1.3480452798793,0.61644127386045,0.588006039626349,NA,NA,NA
"30",1.35645963634392,0.61544030436463,0.586986981125602,NA,NA,NA
"30",1.36487399280855,0.614480849937402,0.585992940774055,NA,NA,NA
"30",1.37328834927317,0.613525255792295,0.5849988493509,NA,NA,NA
"30",1.38170270573779,0.612554681357666,0.583999241424173,NA,NA,NA
"30",1.39011706220242,0.611567839316347,0.583010131611204,NA,NA,NA
"30",1.39853141866704,0.610593417558946,0.581992202842718,NA,NA,NA
"30",1.40694577513166,0.609599463870082,0.580945146509328,NA,NA,NA
"30",1.41536013159629,0.608625532882286,0.579946057102115,NA,NA,NA
"30",1.42377448806091,0.607628479172985,0.578944331493704,NA,NA,NA
"30",1.43218884452553,0.606640964522571,0.577840297350982,NA,NA,NA
"30",1.44060320099016,0.605647445707837,0.576802902381618,NA,NA,NA
"30",1.44901755745478,0.604661768357951,0.57570088240587,NA,NA,NA
"30",1.4574319139194,0.603691109324099,0.574656252292876,NA,NA,NA
"30",1.46584627038403,0.60267132083381,0.573616762393725,NA,NA,NA
"30",1.47426062684865,0.601654762500103,0.572593029167011,NA,NA,NA
"30",1.48267498331327,0.600644195853656,0.571567488947503,NA,NA,NA
"30",1.4910893397779,0.599591241824204,0.570541107347434,NA,NA,NA
"30",1.49950369624252,0.598608322763033,0.569529908643921,NA,NA,NA
"30",1.50791805270714,0.597623387226921,0.568484251569398,NA,NA,NA
"30",1.51633240917177,0.5966497161472,0.567449895973476,NA,NA,NA
"30",1.52474676563639,0.595642003830488,0.566416640366995,NA,NA,NA
"30",1.53316112210101,0.59464216313493,0.565377860065492,NA,NA,NA
"30",1.54157547856564,0.593604618671919,0.564337036316489,NA,NA,NA
"30",1.54998983503026,0.592596753461055,0.563195775146594,NA,NA,NA
"30",1.55840419149488,0.591562800901396,0.562144115174673,NA,NA,NA
"30",1.56681854795951,0.590503168852152,0.561112546902987,NA,NA,NA
"30",1.57523290442413,0.589456840236627,0.56001658621914,NA,NA,NA
"30",1.58364726088875,0.588418674327959,0.559002625382301,NA,NA,NA
"30",1.59206161735338,0.587385131490418,0.557951237643853,NA,NA,NA
"30",1.600475973818,0.586366656098117,0.55684349523516,NA,NA,NA
"30",1.60889033028262,0.58532153950596,0.55575521300649,NA,NA,NA
"30",1.61730468674725,0.584283008068546,0.554660124849007,NA,NA,NA
"30",1.62571904321187,0.58323665721422,0.553572743778832,NA,NA,NA
"30",1.63413339967649,0.582196718334849,0.552490711228999,NA,NA,NA
"30",1.64254775614112,0.581153272804411,0.551428240705471,NA,NA,NA
"30",1.65096211260574,0.580109515026155,0.550300887255785,NA,NA,NA
"30",1.65937646907036,0.57902972437593,0.549212529163217,NA,NA,NA
"30",1.66779082553499,0.577974836957996,0.548098699042447,NA,NA,NA
"30",1.67620518199961,0.576906027907554,0.547014538623454,NA,NA,NA
"30",1.68461953846423,0.575840153353943,0.545868155469041,NA,NA,NA
"30",1.69303389492886,0.574763253166392,0.544736910951688,NA,NA,NA
"30",1.70144825139348,0.573709400792676,0.543647352711638,NA,NA,NA
"30",1.7098626078581,0.572631733605737,0.542539185674052,NA,NA,NA
"30",1.71827696432273,0.571535693921661,0.541441973964001,NA,NA,NA
"30",1.72669132078735,0.57046736573377,0.540342697694032,NA,NA,NA
"30",1.73510567725197,0.569371599813743,0.539236411614253,NA,NA,NA
"30",1.7435200337166,0.568290988299681,0.538123123133278,NA,NA,NA
"30",1.75193439018122,0.567179699787421,0.537023267639646,NA,NA,NA
"30",1.76034874664584,0.566072341929131,0.535913871688842,NA,NA,NA
"30",1.76876310311046,0.564959680951058,0.53479384894141,NA,NA,NA
"30",1.77717745957509,0.56386327761147,0.533645344768356,NA,NA,NA
"30",1.78559181603971,0.56278427310725,0.532527816208096,NA,NA,NA
"30",1.79400617250433,0.561680640720861,0.531383310734057,NA,NA,NA
"30",1.80242052896896,0.560600644764491,0.530176815207087,NA,NA,NA
"30",1.81083488543358,0.559514041503203,0.52908964049753,NA,NA,NA
"30",1.8192492418982,0.55840584458719,0.527948993181866,NA,NA,NA
"30",1.82766359836283,0.557288263340195,0.526798963518461,NA,NA,NA
"30",1.83607795482745,0.556161064210457,0.525646436197542,NA,NA,NA
"30",1.84449231129207,0.555050771968237,0.524494471317615,NA,NA,NA
"30",1.8529066677567,0.55394952118522,0.523341622980734,NA,NA,NA
"30",1.86132102422132,0.552833880672954,0.522194914681078,NA,NA,NA
"30",1.86973538068594,0.551723683792457,0.52104643413017,NA,NA,NA
"30",1.87814973715057,0.550582780256151,0.519892335348776,NA,NA,NA
"30",1.88656409361519,0.549440142601938,0.518705724446297,NA,NA,NA
"30",1.89497845007981,0.54829223316979,0.517492502077623,NA,NA,NA
"30",1.90339280654444,0.547126947362785,0.516360653641766,NA,NA,NA
"30",1.91180716300906,0.545979193104857,0.515185766290894,NA,NA,NA
"30",1.92022151947368,0.544832688304522,0.514018804254796,NA,NA,NA
"30",1.92863587593831,0.543681518096819,0.512844509576535,NA,NA,NA
"30",1.93705023240293,0.542504542193194,0.511638252970747,NA,NA,NA
"30",1.94546458886755,0.541349912905685,0.510425301088355,NA,NA,NA
"30",1.95387894533218,0.540191221214247,0.509267944539041,NA,NA,NA
"30",1.9622933017968,0.539029900329527,0.508074837836242,NA,NA,NA
"30",1.97070765826142,0.537870509549328,0.506904540037066,NA,NA,NA
"30",1.97912201472605,0.5367138008852,0.505747237214353,NA,NA,NA
"30",1.98753637119067,0.535542277659941,0.504572108639929,NA,NA,NA
"30",1.99595072765529,0.534360558396294,0.503387444119821,NA,NA,NA
"30",2.00436508411992,0.533206443312915,0.502198344338992,NA,NA,NA
"30",2.01277944058454,0.532038934263242,0.501016368468484,NA,NA,NA
"30",2.02119379704916,0.530881771575045,0.499799129491193,NA,NA,NA
"30",2.02960815351379,0.529689280608828,0.498602614840104,NA,NA,NA
"30",2.03802250997841,0.528503387794734,0.49740178963427,NA,NA,NA
"30",2.04643686644303,0.527327695506489,0.496109177433016,NA,NA,NA
"30",2.05485122290766,0.526120260235496,0.494819808866002,NA,NA,NA
"30",2.06326557937228,0.524919873364415,0.493564683038593,NA,NA,NA
"30",2.0716799358369,0.5237218873299,0.492377076263546,NA,NA,NA
"30",2.08009429230153,0.522560548864937,0.491191098877448,NA,NA,NA
"30",2.08850864876615,0.521377695775198,0.489973905840798,NA,NA,NA
"30",2.09692300523077,0.520168080310273,0.488715761266691,NA,NA,NA
"30",2.1053373616954,0.518947384423517,0.487537615235317,NA,NA,NA
"30",2.11375171816002,0.517762909405804,0.486352325096491,NA,NA,NA
"30",2.12216607462464,0.516564915935415,0.485145265966374,NA,NA,NA
"30",2.13058043108927,0.515354651136332,0.483938179140087,NA,NA,NA
"30",2.13899478755389,0.514160454278747,0.482707159743647,NA,NA,NA
"30",2.14740914401851,0.512944397297429,0.481474862670538,NA,NA,NA
"30",2.15582350048314,0.511724357468195,0.480267216428431,NA,NA,NA
"30",2.16423785694776,0.51049489789205,0.478887469281446,NA,NA,NA
"30",2.17265221341238,0.50928167799738,0.477611691589913,NA,NA,NA
"30",2.18106656987701,0.508062572175629,0.476380384965333,NA,NA,NA
"30",2.18948092634163,0.506849063576772,0.475196981621911,NA,NA,NA
"30",2.19789528280625,0.505620889426767,0.473962274835132,NA,NA,NA
"30",2.20630963927088,0.504393001150549,0.472718727030544,NA,NA,NA
"30",2.2147239957355,0.503141934851508,0.471386023088374,NA,NA,NA
"30",2.22313835220012,0.50191477437968,0.47015896256842,NA,NA,NA
"30",2.23155270866475,0.500668924194826,0.46882013265142,NA,NA,NA
"30",2.23996706512937,0.499438916423395,0.467594226132945,NA,NA,NA
"30",2.24838142159399,0.49823117366383,0.466322090277277,NA,NA,NA
"30",2.25679577805862,0.496979303485478,0.465064615401097,NA,NA,NA
"30",2.26521013452324,0.49573571153189,0.463840942668351,NA,NA,NA
"30",2.27362449098786,0.494459670159734,0.46257166408469,NA,NA,NA
"30",2.28203884745249,0.4932047068573,0.461312504103799,NA,NA,NA
"30",2.29045320391711,0.491978162996723,0.460081105549366,NA,NA,NA
"30",2.29886756038173,0.490730976463645,0.45879987896877,NA,NA,NA
"30",2.30728191684636,0.489478521249398,0.457473850447561,NA,NA,NA
"30",2.31569627331098,0.488223223406645,0.456200966347157,NA,NA,NA
"30",2.3241106297756,0.486954208282499,0.454941260900345,NA,NA,NA
"30",2.33252498624023,0.485689746876309,0.453650536436191,NA,NA,NA
"30",2.34093934270485,0.484441174543297,0.452356556055696,NA,NA,NA
"30",2.34935369916947,0.483184023253262,0.451060640624278,NA,NA,NA
"30",2.3577680556341,0.481908875603396,0.449717813875873,NA,NA,NA
"30",2.36618241209872,0.480649301636541,0.448364171933698,NA,NA,NA
"30",2.37459676856334,0.479376881097602,0.446979839080953,NA,NA,NA
"30",2.38301112502797,0.478107371593123,0.445536408526505,NA,NA,NA
"30",2.39142548149259,0.476833344835022,0.444201430887746,NA,NA,NA
"30",2.39983983795721,0.475556276389911,0.442834655269946,NA,NA,NA
"30",2.40825419442184,0.474268558537078,0.441474544876033,NA,NA,NA
"30",2.41666855088646,0.473002555860942,0.440202472449313,NA,NA,NA
"30",2.42508290735108,0.47174165516854,0.438839232354135,NA,NA,NA
"30",2.43349726381571,0.470463871643437,0.437457704029566,NA,NA,NA
"30",2.44191162028033,0.469171414800479,0.436207821544087,NA,NA,NA
"30",2.45032597674495,0.467898875662372,0.434893868676478,NA,NA,NA
"30",2.45874033320958,0.466595575062122,0.43351990005944,NA,NA,NA
"30",2.4671546896742,0.465273406372756,0.432197349918632,NA,NA,NA
"30",2.47556904613882,0.464001085983587,0.430840326755079,NA,NA,NA
"30",2.48398340260345,0.46270380682299,0.42948206796266,NA,NA,NA
"30",2.49239775906807,0.461422259200101,0.42810435421221,NA,NA,NA
"30",2.50081211553269,0.460098277578441,0.426843610945797,NA,NA,NA
"30",2.50922647199732,0.458799135530114,0.425403574301299,NA,NA,NA
"30",2.51764082846194,0.457504386879488,0.424050392745092,NA,NA,NA
"30",2.52605518492656,0.456202982777128,0.422679287892169,NA,NA,NA
"30",2.53446954139119,0.454899848131872,0.421169039316855,NA,NA,NA
"30",2.54288389785581,0.45358735095353,0.419895033958197,NA,NA,NA
"30",2.55129825432043,0.452277288661986,0.418631105006888,NA,NA,NA
"30",2.55971261078506,0.450968959474879,0.417335226020038,NA,NA,NA
"30",2.56812696724968,0.449642385852448,0.415889949091331,NA,NA,NA
"30",2.5765413237143,0.448336505129162,0.414540293662873,NA,NA,NA
"30",2.58495568017893,0.447019937220807,0.413206244487661,NA,NA,NA
"30",2.59337003664355,0.445706832879517,0.411864799810043,NA,NA,NA
"30",2.60178439310817,0.444373213449717,0.410520815210294,NA,NA,NA
"30",2.6101987495728,0.443050840925876,0.409271875274129,NA,NA,NA
"30",2.61861310603742,0.441726597171489,0.407935618129199,NA,NA,NA
"30",2.62702746250204,0.440400023050331,0.406519330913559,NA,NA,NA
"30",2.63544181896667,0.439066669351753,0.405047602079705,NA,NA,NA
"30",2.64385617543129,0.437705038797683,0.403726805248685,NA,NA,NA
"30",2.65227053189591,0.436362470604383,0.402318466945744,NA,NA,NA
"30",2.66068488836054,0.435028772190434,0.400885233156133,NA,NA,NA
"30",2.66909924482516,0.433679275410401,0.399547404269537,NA,NA,NA
"30",2.67751360128978,0.432368680983942,0.398219927173969,NA,NA,NA
"30",2.68592795775441,0.430990819611488,0.396778108312811,NA,NA,NA
"30",2.69434231421903,0.429626733192415,0.39544470672282,NA,NA,NA
"30",2.70275667068365,0.428271594552873,0.394082349953112,NA,NA,NA
"30",2.71117102714827,0.426946494032143,0.392676083330318,NA,NA,NA
"30",2.7195853836129,0.425602853263279,0.391284360817644,NA,NA,NA
"30",2.72799974007752,0.424237126956644,0.389819220147528,NA,NA,NA
"30",2.73641409654214,0.422881711594653,0.38847876585147,NA,NA,NA
"30",2.74482845300677,0.421531025832846,0.387022469355012,NA,NA,NA
"30",2.75324280947139,0.420199404033629,0.385665522007724,NA,NA,NA
"30",2.76165716593601,0.418862292718018,0.384306937171979,NA,NA,NA
"30",2.77007152240064,0.417538811412365,0.382926327110703,NA,NA,NA
"30",2.77848587886526,0.416182167073321,0.381547183207111,NA,NA,NA
"30",2.78690023532988,0.414828662187847,0.38013905740637,NA,NA,NA
"30",2.79531459179451,0.413466748291523,0.37874175195807,NA,NA,NA
"30",2.80372894825913,0.412101624319614,0.377336718826237,NA,NA,NA
"30",2.81214330472375,0.41071253742426,0.375934201947168,NA,NA,NA
"30",2.82055766118838,0.409332062943698,0.374514957510714,NA,NA,NA
"30",2.828972017653,0.407959640985165,0.373055704522932,NA,NA,NA
"30",2.83738637411763,0.406604162817036,0.371577801154973,NA,NA,NA
"30",2.84580073058225,0.40521246644953,0.37018958795674,NA,NA,NA
"30",2.85421508704687,0.403837669416209,0.368668374677864,NA,NA,NA
"30",2.8626294435115,0.402471872962857,0.367281285392834,NA,NA,NA
"30",2.87104379997612,0.401104628412662,0.365847827199712,NA,NA,NA
"30",2.87945815644074,0.399746119678947,0.364298126331712,NA,NA,NA
"30",2.88787251290537,0.398345498767341,0.362820101293999,NA,NA,NA
"30",2.89628686936999,0.396960856732326,0.361311155551761,NA,NA,NA
"30",2.90470122583461,0.395608827651179,0.35986960905763,NA,NA,NA
"30",2.91311558229923,0.394229759257931,0.358398320346901,NA,NA,NA
"30",2.92152993876386,0.392854607895407,0.35700339290682,NA,NA,NA
"30",2.92994429522848,0.39148345936677,0.355605029155773,NA,NA,NA
"30",2.9383586516931,0.390065227610111,0.354149727692161,NA,NA,NA
"30",2.94677300815773,0.388687356347005,0.352728751916687,NA,NA,NA
"30",2.95518736462235,0.387322406672395,0.35130188524523,NA,NA,NA
"30",2.96360172108697,0.385935006015482,0.349865965102822,NA,NA,NA
"30",2.9720160775516,0.38454076240921,0.348449886144054,NA,NA,NA
"30",2.98043043401622,0.383147129168481,0.347009181230564,NA,NA,NA
"30",2.98884479048084,0.381753132906954,0.345691376098579,NA,NA,NA
"30",2.99725914694547,0.38035801121676,0.344317294175351,NA,NA,NA
"30",3.00567350341009,0.378955653662214,0.34291588123725,NA,NA,NA
"30",3.01408785987471,0.377557914738457,0.34151843871546,NA,NA,NA
"30",3.02250221633934,0.376174187262924,0.340133488925264,NA,NA,NA
"30",3.03091657280396,0.374781830286536,0.338749391307705,NA,NA,NA
"30",3.03933092926858,0.373398971224571,0.337290186031725,NA,NA,NA
"30",3.04774528573321,0.372034366265513,0.335814182820867,NA,NA,NA
"30",3.05615964219783,0.370606940644316,0.334349716621006,NA,NA,NA
"30",3.06457399866245,0.369235173989161,0.332943689692453,NA,NA,NA
"30",3.07298835512708,0.367830590559433,0.331478189026824,NA,NA,NA
"30",3.0814027115917,0.366404108376119,0.33000731630011,NA,NA,NA
"30",3.08981706805632,0.364984225224736,0.328569521130911,NA,NA,NA
"30",3.09823142452095,0.36356904185383,0.327227016514027,NA,NA,NA
"30",3.10664578098557,0.362166058863008,0.325859312117421,NA,NA,NA
"30",3.11506013745019,0.360746832225107,0.324504898802945,NA,NA,NA
"30",3.12347449391482,0.359370803818476,0.323101844809742,NA,NA,NA
"30",3.13188885037944,0.357980400500068,0.321665236769529,NA,NA,NA
"30",3.14030320684406,0.356567508126499,0.320162910514237,NA,NA,NA
"30",3.14871756330869,0.355161267216741,0.318671867781363,NA,NA,NA
"30",3.15713191977331,0.353738133697864,0.31715235642636,NA,NA,NA
"30",3.16554627623793,0.352339260701395,0.31580033620905,NA,NA,NA
"30",3.17396063270256,0.350959281118041,0.314437328275728,NA,NA,NA
"30",3.18237498916718,0.349548218329327,0.313077955803832,NA,NA,NA
"30",3.1907893456318,0.348145233023579,0.311662194897501,NA,NA,NA
"30",3.19920370209643,0.346733261564073,0.310163591565638,NA,NA,NA
"30",3.20761805856105,0.345340848335343,0.308667933629751,NA,NA,NA
"30",3.21603241502567,0.343965508400192,0.307190143406184,NA,NA,NA
"30",3.2244467714903,0.342548842703144,0.30583545017012,NA,NA,NA
"30",3.23286112795492,0.341152989569296,0.304362313264196,NA,NA,NA
"30",3.24127548441954,0.339770084243794,0.302976366424099,NA,NA,NA
"30",3.24968984088417,0.33834394006327,0.301492498837117,NA,NA,NA
"30",3.25810419734879,0.336948705001804,0.300035870777154,NA,NA,NA
"30",3.26651855381341,0.33554285011002,0.29866700114446,NA,NA,NA
"30",3.27493291027804,0.334147107564902,0.297259349527834,NA,NA,NA
"30",3.28334726674266,0.33273659795451,0.29585164116644,NA,NA,NA
"30",3.29176162320728,0.331340180211348,0.294445110791231,NA,NA,NA
"30",3.30017597967191,0.329952433841902,0.293034139817071,NA,NA,NA
"30",3.30859033613653,0.328534080617564,0.291631574179097,NA,NA,NA
"30",3.31700469260115,0.327127200326794,0.290292325056564,NA,NA,NA
"30",3.32541904906578,0.325721183700079,0.288823308499249,NA,NA,NA
"30",3.3338334055304,0.324291243723565,0.287355600224406,NA,NA,NA
"30",3.34224776199502,0.322855488107517,0.285972267063356,NA,NA,NA
"30",3.35066211845965,0.321456551162572,0.284474031072246,NA,NA,NA
"30",3.35907647492427,0.320014324712091,0.28304218310427,NA,NA,NA
"30",3.36749083138889,0.318610394570784,0.281649703189232,NA,NA,NA
"30",3.37590518785352,0.317166018645243,0.280265268626113,NA,NA,NA
"30",3.38431954431814,0.315768372975583,0.278917950510878,NA,NA,NA
"30",3.39273390078276,0.314328661841359,0.277513476978944,NA,NA,NA
"30",3.40114825724739,0.312945871370382,0.276063753353583,NA,NA,NA
"30",3.40956261371201,0.311523273061809,0.274722240898783,NA,NA,NA
"30",3.41797697017663,0.310129364203191,0.27336818136832,NA,NA,NA
"30",3.42639132664126,0.308742829011251,0.27201763746248,NA,NA,NA
"30",3.43480568310588,0.307334832766705,0.270616719922167,NA,NA,NA
"30",3.4432200395705,0.305953890360871,0.269247117887147,NA,NA,NA
"30",3.45163439603513,0.304557496961472,0.267868398076447,NA,NA,NA
"30",3.46004875249975,0.303149631460395,0.266391915513239,NA,NA,NA
"30",3.46846310896437,0.301763747710131,0.264972795345957,NA,NA,NA
"30",3.476877465429,0.300391445830461,0.263563164028994,NA,NA,NA
"30",3.48529182189362,0.298979841972991,0.262128560242933,NA,NA,NA
"30",3.49370617835824,0.297587440275657,0.260705974592154,NA,NA,NA
"30",3.50212053482287,0.296213050999514,0.259239530268435,NA,NA,NA
"30",3.51053489128749,0.294821044707968,0.257955245273013,NA,NA,NA
"30",3.51894924775211,0.293414048378775,0.256609205725559,NA,NA,NA
"30",3.52736360421674,0.292020453197407,0.255265824496068,NA,NA,NA
"30",3.53577796068136,0.290632235907786,0.253997294556096,NA,NA,NA
"30",3.54419231714598,0.289247494245711,0.2526955466099,NA,NA,NA
"30",3.55260667361061,0.287867934366485,0.251402155332533,NA,NA,NA
"30",3.56102103007523,0.286461994597567,0.249925544385758,NA,NA,NA
"30",3.56943538653985,0.285078389272084,0.248474019105634,NA,NA,NA
"30",3.57784974300448,0.283698114517311,0.247023245370855,NA,NA,NA
"30",3.5862640994691,0.282325991908372,0.24567231008938,NA,NA,NA
"30",3.59467845593372,0.280951016434277,0.244375455540311,NA,NA,NA
"30",3.60309281239835,0.279567438161343,0.243016385983532,NA,NA,NA
"30",3.61150716886297,0.278185886314104,0.24183408662411,NA,NA,NA
"30",3.61992152532759,0.276773767560042,0.24047280402435,NA,NA,NA
"30",3.62833588179222,0.275391745737769,0.239204623080754,NA,NA,NA
"30",3.63675023825684,0.273988256844027,0.237849731994439,NA,NA,NA
"30",3.64516459472146,0.272607532158823,0.23646782293546,NA,NA,NA
"30",3.65357895118609,0.271198641919821,0.235175188021668,NA,NA,NA
"30",3.66199330765071,0.269832022070088,0.233731324444581,NA,NA,NA
"30",3.67040766411533,0.268471651344689,0.232348471768912,NA,NA,NA
"30",3.67882202057996,0.267073721856062,0.23099290197882,NA,NA,NA
"30",3.68723637704458,0.265662852179228,0.229620464714161,NA,NA,NA
"30",3.6956507335092,0.264271783956813,0.228259184211218,NA,NA,NA
"30",3.70406508997383,0.262920694948979,0.226911607278647,NA,NA,NA
"30",3.71247944643845,0.261541977914213,0.225570198825893,NA,NA,NA
"30",3.72089380290307,0.260184388667806,0.224234157151762,NA,NA,NA
"30",3.7293081593677,0.258812918204107,0.222926974716946,NA,NA,NA
"30",3.73772251583232,0.25746091267392,0.221630172576158,NA,NA,NA
"30",3.74613687229694,0.256101045926239,0.220266085164733,NA,NA,NA
"30",3.75455122876157,0.254724059635596,0.218992145680092,NA,NA,NA
"30",3.76296558522619,0.253373708156172,0.217735241326042,NA,NA,NA
"30",3.77137994169081,0.252003079381261,0.216454428537727,NA,NA,NA
"30",3.77979429815544,0.250655518601793,0.215210065586159,NA,NA,NA
"30",3.78820865462006,0.249283959653899,0.213872528148117,NA,NA,NA
"30",3.79662301108468,0.24791124561391,0.212568755291997,NA,NA,NA
"30",3.80503736754931,0.246555644498498,0.211416325190999,NA,NA,NA
"30",3.81345172401393,0.245205821714451,0.210226543032487,NA,NA,NA
"30",3.82186608047855,0.24383861478962,0.208942671033718,NA,NA,NA
"30",3.83028043694318,0.242490209584835,0.207710158999391,NA,NA,NA
"30",3.8386947934078,0.241158320565829,0.206418589375066,NA,NA,NA
"30",3.84710914987242,0.239850905393813,0.205124203318938,NA,NA,NA
"30",3.85552350633704,0.238507625710823,0.203849268922039,NA,NA,NA
"30",3.86393786280167,0.237175143592002,0.202580729540001,NA,NA,NA
"30",3.87235221926629,0.235858109627474,0.201293258269032,NA,NA,NA
"30",3.88076657573091,0.234503556742239,0.199984008200882,NA,NA,NA
"30",3.88918093219554,0.233132201968708,0.198833552768493,NA,NA,NA
"30",3.89759528866016,0.231812434970372,0.197598519494762,NA,NA,NA
"30",3.90600964512478,0.230504537467423,0.196338424567669,NA,NA,NA
"30",3.91442400158941,0.229165507991292,0.195073802368729,NA,NA,NA
"30",3.92283835805403,0.227836026345431,0.193779896682636,NA,NA,NA
"30",3.93125271451865,0.22650720333973,0.192506031734332,NA,NA,NA
"30",3.93966707098328,0.225159029561019,0.19120479671493,NA,NA,NA
"30",3.9480814274479,0.223870224848703,0.189991891995241,NA,NA,NA
"30",3.95649578391252,0.222554573611356,0.18884217909166,NA,NA,NA
"30",3.96491014037715,0.22126519295794,0.187610656310045,NA,NA,NA
"30",3.97332449684177,0.219925240482772,0.186350243279565,NA,NA,NA
"30",3.98173885330639,0.218621531681189,0.185122202426573,NA,NA,NA
"30",3.99015320977102,0.217314624109982,0.183902600472238,NA,NA,NA
"30",3.99856756623564,0.21601031625913,0.182607470297536,NA,NA,NA
"30",4.00698192270026,0.214709801467695,0.181349771881587,NA,NA,NA
"30",4.01539627916489,0.21342144624754,0.180218843985939,NA,NA,NA
"30",4.02381063562951,0.212118784662023,0.178930469166802,NA,NA,NA
"30",4.03222499209413,0.210819528035171,0.177753927273654,NA,NA,NA
"30",4.04063934855876,0.209517721409008,0.176618669721721,NA,NA,NA
"30",4.04905370502338,0.20823076691831,0.17554527391654,NA,NA,NA
"30",4.057468061488,0.206930952795665,0.174344288134879,NA,NA,NA
"30",4.06588241795263,0.205655758424407,0.173157528842463,NA,NA,NA
"30",4.07429677441725,0.204366771707509,0.171999432008739,NA,NA,NA
"30",4.08271113088187,0.203111990979059,0.170780039906891,NA,NA,NA
"30",4.0911254873465,0.201829289626325,0.16964984466626,NA,NA,NA
"30",4.09953984381112,0.200551304680859,0.16848861456798,NA,NA,NA
"30",4.10795420027574,0.199259621977538,0.167347528741235,NA,NA,NA
"30",4.11636855674037,0.198000069439602,0.166187876622059,NA,NA,NA
"30",4.12478291320499,0.196743916155844,0.16492846531696,NA,NA,NA
"30",4.13319726966961,0.195487769087407,0.163767902077682,NA,NA,NA
"30",4.14161162613424,0.194237690630306,0.162612182139122,NA,NA,NA
"30",4.15002598259886,0.192975302466148,0.161513605393019,NA,NA,NA
"30",4.15844033906348,0.191716375341578,0.160358776746212,NA,NA,NA
"30",4.16685469552811,0.190528388460618,0.159193467390848,NA,NA,NA
"30",4.17526905199273,0.18924504151781,0.158085841775831,NA,NA,NA
"30",4.18368340845735,0.188012143973212,0.156977091063139,NA,NA,NA
"30",4.19209776492198,0.186784155100521,0.155799326238073,NA,NA,NA
"30",4.2005121213866,0.185541994704601,0.154683965608128,NA,NA,NA
"30",4.20892647785122,0.184262130995619,0.153529690755509,NA,NA,NA
"30",4.21734083431585,0.183027277622455,0.152370360735417,NA,NA,NA
"30",4.22575519078047,0.181794858620716,0.151258887743868,NA,NA,NA
"30",4.23416954724509,0.180571811053073,0.15019320359064,NA,NA,NA
"30",4.24258390370972,0.179336174420798,0.149268477350014,NA,NA,NA
"30",4.25099826017434,0.178109085420538,0.148179961451859,NA,NA,NA
"30",4.25941261663896,0.176890758185175,0.147076702262191,NA,NA,NA
"30",4.26782697310359,0.175688130204264,0.14596341683665,NA,NA,NA
"30",4.27624132956821,0.174465482616341,0.144871317114679,NA,NA,NA
"30",4.28465568603283,0.173240208440083,0.143774346650718,NA,NA,NA
"30",4.29307004249746,0.172025773260731,0.14268365886851,NA,NA,NA
"30",4.30148439896208,0.170807992271337,0.141596967223024,NA,NA,NA
"30",4.3098987554267,0.169626146062399,0.140532416597847,NA,NA,NA
"30",4.31831311189133,0.168432166256073,0.139443654244446,NA,NA,NA
"30",4.32672746835595,0.167274908518868,0.138407299839804,NA,NA,NA
"30",4.33514182482057,0.166101804126327,0.137285153612245,NA,NA,NA
"30",4.3435561812852,0.164919751998797,0.136112812036868,NA,NA,NA
"30",4.35197053774982,0.163750228651272,0.134970287792189,NA,NA,NA
"30",4.36038489421444,0.162572369949678,0.1337922992507,NA,NA,NA
"30",4.36879925067907,0.161382697063316,0.132816707579652,NA,NA,NA
"30",4.37721360714369,0.160232680804118,0.131670759996595,NA,NA,NA
"30",4.38562796360831,0.159081937767922,0.130822036557189,NA,NA,NA
"30",4.39404232007294,0.157933748803935,0.129799029023571,NA,NA,NA
"30",4.40245667653756,0.15677478438349,0.128810037651894,NA,NA,NA
"30",4.41087103300218,0.155628473213166,0.127700551257719,NA,NA,NA
"30",4.41928538946681,0.154487844835094,0.126650861485188,NA,NA,NA
"30",4.42769974593143,0.153363359595842,0.125580258793237,NA,NA,NA
"30",4.43611410239605,0.15222726510033,0.124506881922569,NA,NA,NA
"30",4.44452845886068,0.151105238862563,0.123443750085764,NA,NA,NA
"30",4.4529428153253,0.149972121512061,0.122408977267166,NA,NA,NA
"30",4.46135717178992,0.14884969040175,0.121404149941911,NA,NA,NA
"30",4.46977152825455,0.147735365105587,0.120408438407,NA,NA,NA
"30",4.47818588471917,0.146583744235444,0.119359231792715,NA,NA,NA
"30",4.48660024118379,0.145490011673295,0.118321395308513,NA,NA,NA
"30",4.49501459764842,0.144371320574742,0.11725889839863,NA,NA,NA
"30",4.50342895411304,0.143247322746166,0.11630855351134,NA,NA,NA
"30",4.51184331057766,0.142139759018339,0.115245938499216,NA,NA,NA
"30",4.52025766704229,0.141059228757477,0.114315927038597,NA,NA,NA
"30",4.52867202350691,0.139959741226652,0.113327800729186,NA,NA,NA
"30",4.53708637997153,0.138874200123774,0.112325589430693,NA,NA,NA
"30",4.54550073643616,0.137797070078778,0.111294584126164,NA,NA,NA
"30",4.55391509290078,0.136719858869666,0.110319516293275,NA,NA,NA
"30",4.5623294493654,0.135668818926854,0.109321400806063,NA,NA,NA
"30",4.57074380583003,0.134624503629772,0.108380555410665,NA,NA,NA
"30",4.57915816229465,0.133598909243114,0.107373459109539,NA,NA,NA
"30",4.58757251875927,0.132534790990851,0.106390157313042,NA,NA,NA
"30",4.5959868752239,0.131453375359366,0.105378426469723,NA,NA,NA
"30",4.60440123168852,0.130403871558648,0.104420121500728,NA,NA,NA
"30",4.61281558815314,0.129365878448179,0.103503463006112,NA,NA,NA
"30",4.62122994461777,0.12829306036812,0.102531913585589,NA,NA,NA
"30",4.62964430108239,0.127236422232939,0.101558302846658,NA,NA,NA
"30",4.63805865754701,0.126176867089439,0.100594853827962,NA,NA,NA
"30",4.64647301401164,0.125147981651155,0.0996671172787783,NA,NA,NA
"30",4.65488737047626,0.124123218004893,0.0987295182025537,NA,NA,NA
"30",4.66330172694088,0.123101003274619,0.097800554601901,NA,NA,NA
"30",4.67171608340551,0.122070497864552,0.0968657156418114,NA,NA,NA
"30",4.68013043987013,0.121080142438417,0.0959563350603407,NA,NA,NA
"30",4.68854479633475,0.120080857608326,0.0950965474140531,NA,NA,NA
"30",4.69695915279938,0.119085944207694,0.0941920158102978,NA,NA,NA
"30",4.705373509264,0.118073673016997,0.0932858524143097,NA,NA,NA
"30",4.71378786572862,0.117103871899546,0.092345542743197,NA,NA,NA
"30",4.72220222219325,0.11613307944477,0.0914410062023086,NA,NA,NA
"30",4.73061657865787,0.115153476769305,0.0905350890037016,NA,NA,NA
"30",4.73903093512249,0.11416123752336,0.0896319747263389,NA,NA,NA
"30",4.74744529158712,0.113187081550844,0.0888183802547579,NA,NA,NA
"30",4.75585964805174,0.112242329057013,0.0879546978606048,NA,NA,NA
"30",4.76427400451636,0.111271942841373,0.0870668116782452,NA,NA,NA
"30",4.77268836098099,0.110318837136323,0.0861923491320003,NA,NA,NA
"30",4.78110271744561,0.109345702957226,0.0853611408879012,NA,NA,NA
"30",4.78951707391023,0.108377244443757,0.0845129189243957,NA,NA,NA
"30",4.79793143037486,0.107417744413996,0.0837201426259126,NA,NA,NA
"30",4.80634578683948,0.106481552643162,0.0829168005967312,NA,NA,NA
"30",4.8147601433041,0.105556844043841,0.0820816401165982,NA,NA,NA
"30",4.82317449976872,0.104617544620921,0.0813131197162779,NA,NA,NA
"30",4.83158885623335,0.103676001429602,0.0804589998751005,NA,NA,NA
"30",4.84000321269797,0.102757103151364,0.0796458566940224,NA,NA,NA
"30",4.84841756916259,0.101815665495675,0.0788385363414739,NA,NA,NA
"30",4.85683192562722,0.100895361480607,0.0780028875833806,NA,NA,NA
"30",4.86524628209184,0.0999831383677789,0.0772213347779155,NA,NA,NA
"30",4.87366063855646,0.0990783995126912,0.0764898345331762,NA,NA,NA
"30",4.88207499502109,0.098179976066186,0.0757645368707385,NA,NA,NA
"30",4.89048935148571,0.0972785578083045,0.0750136153451306,NA,NA,NA
"30",4.89890370795033,0.0963894865452204,0.0742595446930566,NA,NA,NA
"30",4.90731806441496,0.0954994815964623,0.0735259831059957,NA,NA,NA
"30",4.91573242087958,0.0946052689975211,0.0727397046250069,NA,NA,NA
"30",4.9241467773442,0.0937302911978206,0.0719512021446453,NA,NA,NA
"30",4.93256113380883,0.0928590988849019,0.071200360984518,NA,NA,NA
"30",4.94097549027345,0.0920039089286182,0.0704452333875884,NA,NA,NA
"30",4.94938984673807,0.0911617282306164,0.0696804353676472,NA,NA,NA
"30",4.9578042032027,0.0903096053267753,0.06890851786313,NA,NA,NA
"30",4.96621855966732,0.0894638307187019,0.0681281444233007,NA,NA,NA
"30",4.97463291613194,0.0886269838583067,0.0673723641697421,NA,NA,NA
"30",4.98304727259657,0.0877705258482367,0.0666190800252429,NA,NA,NA
"30",4.99146162906119,0.0869414083168808,0.0658972552211084,NA,NA,NA
"30",4.99987598552582,0.0861156501621815,0.0652540529478529,NA,NA,NA
"30",5.00829034199044,0.0853139806853209,0.0645385652172231,NA,NA,NA
"30",5.01670469845506,0.0844895636334895,0.0638422831734762,NA,NA,NA
"30",5.02511905491968,0.0836898676074717,0.063148908407604,NA,NA,NA
"30",5.03353341138431,0.0828888844582199,0.0624770629784801,NA,NA,NA
"30",5.04194776784893,0.0820714364515898,0.0618054285486255,NA,NA,NA
"30",5.05036212431355,0.0812710056111396,0.0610749876203328,NA,NA,NA
"30",5.05877648077818,0.0804714610179421,0.0604224629344867,NA,NA,NA
"30",5.0671908372428,0.0796692797089919,0.05977175559207,NA,NA,NA
"30",5.07560519370742,0.0789006862427136,0.059103982444034,NA,NA,NA
"30",5.08401955017205,0.0781378203708702,0.0584677507540463,NA,NA,NA
"30",5.09243390663667,0.0773627255564651,0.0578252522281226,NA,NA,NA
"30",5.10084826310129,0.0765742099098081,0.0572112228520893,NA,NA,NA
"30",5.10926261956592,0.0758091888198971,0.0565506862858294,NA,NA,NA
"30",5.11767697603054,0.0750662798599439,0.0559075029473451,NA,NA,NA
"30",5.12609133249516,0.0743190784791511,0.0552170761434133,NA,NA,NA
"30",5.13450568895979,0.0735683732688094,0.0546068804125289,NA,NA,NA
"30",5.14292004542441,0.07283008461713,0.0539819264650905,NA,NA,NA
"30",5.15133440188903,0.0721137432183163,0.0533017188607652,NA,NA,NA
"30",5.15974875835366,0.0713822573928063,0.052717976227951,NA,NA,NA
"30",5.16816311481828,0.0706608076655833,0.052120588729891,NA,NA,NA
"30",5.1765774712829,0.0699195386447474,0.0515221483537907,NA,NA,NA
"30",5.18499182774753,0.0691941277558905,0.0509132409676872,NA,NA,NA
"30",5.19340618421215,0.0684640694088039,0.0503000576568085,NA,NA,NA
"30",5.20182054067677,0.0677793094476476,0.0497036267203884,NA,NA,NA
"30",5.2102348971414,0.0670585905575111,0.0491044744781904,NA,NA,NA
"30",5.21864925360602,0.0663529738566609,0.0484986119961073,NA,NA,NA
"30",5.22706361007064,0.0656684126013681,0.0479345683094022,NA,NA,NA
"30",5.23547796653527,0.0649751824066753,0.0473780425407546,NA,NA,NA
"30",5.24389232299989,0.0642917763343714,0.0468779298527847,NA,NA,NA
"30",5.25230667946451,0.0636170218403,0.0462892779375443,NA,NA,NA
"30",5.26072103592914,0.0629582643199226,0.0457363627075811,NA,NA,NA
"30",5.26913539239376,0.0622998640976967,0.045220639297468,NA,NA,NA
"30",5.27754974885838,0.0616470104054599,0.0446939584899545,NA,NA,NA
"30",5.28596410532301,0.0609725263181046,0.0441644295977969,NA,NA,NA
"30",5.29437846178763,0.0603161423397616,0.0436279398738824,NA,NA,NA
"30",5.30279281825225,0.0596779559238231,0.0430809067719586,NA,NA,NA
"30",5.31120717471688,0.0590483910461096,0.0425398753101609,NA,NA,NA
"30",5.3196215311815,0.0584024032562936,0.0419971294579656,NA,NA,NA
"30",5.32803588764612,0.0577729016243853,0.0414734858514303,NA,NA,NA
"30",5.33645024411075,0.0571540792010173,0.0409537409815895,NA,NA,NA
"30",5.34486460057537,0.0565330584662744,0.0404455059051096,NA,NA,NA
"30",5.35327895703999,0.0559028886171909,0.0399632884449647,NA,NA,NA
"30",5.36169331350462,0.0552976942935684,0.0394742129185498,NA,NA,NA
"30",5.37010766996924,0.0546858588544621,0.0389660067723095,NA,NA,NA
"30",5.37852202643386,0.0541068962561732,0.0384674794080569,NA,NA,NA
"30",5.38693638289849,0.0535148885230646,0.0379664435596055,NA,NA,NA
"30",5.39535073936311,0.0529261603432503,0.0374892025557808,NA,NA,NA
"30",5.40376509582773,0.0523290358578039,0.0369898761366164,NA,NA,NA
"30",5.41217945229236,0.0517587086494405,0.0364973677826808,NA,NA,NA
"30",5.42059380875698,0.051182682428706,0.0359833681800716,NA,NA,NA
"30",5.4290081652216,0.0506208570024087,0.0354927513665765,NA,NA,NA
"30",5.43742252168623,0.0500455122568291,0.0350272291512074,NA,NA,NA
"30",5.44583687815085,0.0494656317219682,0.0345351904582298,NA,NA,NA
"30",5.45425123461547,0.0489189788867397,0.0340687215318943,NA,NA,NA
"30",5.4626655910801,0.048365700524706,0.0335931507735369,NA,NA,NA
"30",5.47107994754472,0.0477977739860305,0.0331007638871304,NA,NA,NA
"30",5.47949430400934,0.0472365854510784,0.0326898296270687,NA,NA,NA
"30",5.48790866047397,0.0466906953036317,0.0322901203460528,NA,NA,NA
"30",5.49632301693859,0.0461669092100082,0.0318928910356068,NA,NA,NA
"30",5.50473737340321,0.0456369119493412,0.0314363557450405,NA,NA,NA
"30",5.51315172986784,0.0451009050659659,0.0310254016475045,NA,NA,NA
"30",5.52156608633246,0.0445837085036352,0.0306218578582618,NA,NA,NA
"30",5.52998044279708,0.0440689898505332,0.0301913722403583,NA,NA,NA
"30",5.53839479926171,0.0435599054326786,0.0297974968651775,NA,NA,NA
"30",5.54680915572633,0.043053811150576,0.0294321446066865,NA,NA,NA
"30",5.55522351219095,0.0425400003214315,0.0290273369584707,NA,NA,NA
"30",5.56363786865558,0.0420461489100171,0.0286535287369509,NA,NA,NA
"30",5.5720522251202,0.0415672494964836,0.0282624179570144,NA,NA,NA
"30",5.58046658158482,0.041087983760749,0.027886962918495,NA,NA,NA
"30",5.58888093804945,0.0406047098313142,0.0275019574521951,NA,NA,NA
"30",5.59729529451407,0.0401382956330508,0.0270824138738505,NA,NA,NA
"30",5.60570965097869,0.0396731989715079,0.0266942785060891,NA,NA,NA
"30",5.61412400744332,0.0392010133144757,0.026309847779406,NA,NA,NA
"30",5.62253836390794,0.0387627241900686,0.0259214888719045,NA,NA,NA
"30",5.63095272037256,0.0382968370981324,0.0255823819889638,NA,NA,NA
"30",5.63936707683719,0.0378349037203628,0.0252087964516682,NA,NA,NA
"30",5.64778143330181,0.0373874808605954,0.0248336725271207,NA,NA,NA
"30",5.65619578976643,0.0369355102569254,0.0244569534000276,NA,NA,NA
"30",5.66461014623106,0.0365297992930179,0.0241185980974914,NA,NA,NA
"30",5.67302450269568,0.0361063797238298,0.0237588411940685,NA,NA,NA
"30",5.6814388591603,0.0356906960825607,0.0234123257486696,NA,NA,NA
"30",5.68985321562493,0.0352623148834853,0.0230805341006696,NA,NA,NA
"30",5.69826757208955,0.0348332360722468,0.0227934187099844,NA,NA,NA
"30",5.70668192855417,0.0344254656659607,0.0224615843538532,NA,NA,NA
"30",5.7150962850188,0.0340012140778934,0.0221047131365857,NA,NA,NA
"30",5.72351064148342,0.0335774497232009,0.0217385219853869,NA,NA,NA
"30",5.73192499794804,0.0331825603371433,0.0214014709668048,NA,NA,NA
"30",5.74033935441267,0.0328073310479662,0.0210754590353484,NA,NA,NA
"30",5.74875371087729,0.0324053261422928,0.0207184624803769,NA,NA,NA
"30",5.75716806734191,0.0320115807463791,0.020352659897841,NA,NA,NA
"30",5.76558242380654,0.0316200686359326,0.0199916523174788,NA,NA,NA
"30",5.77399678027116,0.0312560109292608,0.0196618597816233,NA,NA,NA
"30",5.78241113673578,0.0308591421373949,0.0193510809439011,NA,NA,NA
"30",5.79082549320041,0.0304902989884235,0.0190192062503891,NA,NA,NA
"30",5.79923984966503,0.0301231197789529,0.0187053990164743,NA,NA,NA
"30",5.80765420612965,0.0297682680419412,0.0183768403382023,NA,NA,NA
"30",5.81606856259428,0.0294084783113547,0.0181105448158524,NA,NA,NA
"30",5.8244829190589,0.0290455756660473,0.0177900479944834,NA,NA,NA
"30",5.83289727552352,0.0286642924516936,0.0174879833334534,NA,NA,NA
"30",5.84131163198815,0.0283016175390056,0.0171849456343269,NA,NA,NA
"30",5.84972598845277,0.0279506382779773,0.0168973282841159,NA,NA,NA
"30",5.85814034491739,0.0276184814646103,0.0166333275039626,NA,NA,NA
"30",5.86655470138202,0.0273076213927027,0.0163481119102527,NA,NA,NA
"30",5.87496905784664,0.0269715157743092,0.01606786626704,NA,NA,NA
"30",5.88338341431126,0.0266504125422501,0.0157997823424516,NA,NA,NA
"30",5.89179777077589,0.0263229279657012,0.0155043315066735,NA,NA,NA
"30",5.90021212724051,0.0260130000661379,0.0152555577068805,NA,NA,NA
"30",5.90862648370513,0.0256942335401396,0.0150068849554014,NA,NA,NA
"30",5.91704084016976,0.0253834054430954,0.0147487481718242,NA,NA,NA
"30",5.92545519663438,0.0250792133602241,0.014485411810462,NA,NA,NA
"30",5.933869553099,0.0247754517738185,0.0142179464484721,NA,NA,NA
"30",5.94228390956363,0.0244809659950838,0.0139548662350113,NA,NA,NA
"30",5.95069826602825,0.0241658642272118,0.0137197161499487,NA,NA,NA
"30",5.95911262249287,0.0238746887856258,0.0134907925311773,NA,NA,NA
"30",5.96752697895749,0.0235619838636864,0.013245260713476,NA,NA,NA
"30",5.97594133542212,0.0232760508298698,0.0129969782883124,NA,NA,NA
"30",5.98435569188674,0.0229575415206648,0.0127383362384513,NA,NA,NA
"30",5.99277004835136,0.0226813997018177,0.0124855470041205,NA,NA,NA
"30",6.00118440481599,0.022393355889654,0.0122350026956833,NA,NA,NA
"30",6.00959876128061,0.022094368962034,0.0119853501171796,NA,NA,NA
"30",6.01801311774523,0.0218301742979835,0.0117842092174992,NA,NA,NA
"30",6.02642747420986,0.0215397753254726,0.0115565486193814,NA,NA,NA
"30",6.03484183067448,0.0212815345947469,0.0113280387444783,NA,NA,NA
"30",6.0432561871391,0.0210505041595793,0.0111044105514587,NA,NA,NA
"30",6.05167054360373,0.0207778173372455,0.0108968386847072,NA,NA,NA
"30",6.06008490006835,0.0205195352328752,0.0106902642837059,NA,NA,NA
"30",6.06849925653297,0.0202471065167596,0.0104876356294793,NA,NA,NA
"30",6.0769136129976,0.0200017921150333,0.0102823832509682,NA,NA,NA
"30",6.08532796946222,0.0197407982499573,0.0100841320976446,NA,NA,NA
"30",6.09374232592684,0.0194839880940712,0.00987210325155776,NA,NA,NA
"30",6.10215668239147,0.0192158223561509,0.00967137762619079,NA,NA,NA
"30",6.11057103885609,0.0189684287073349,0.00946250189041524,NA,NA,NA
"30",6.11898539532071,0.0187158304724115,0.00926751315037491,NA,NA,NA
"30",6.12739975178534,0.0184811968791787,0.00906659276791591,NA,NA,NA
"30",6.13581410824996,0.0182389388280621,0.00887357512655501,NA,NA,NA
"30",6.14422846471458,0.0180107627628644,0.0086845307464024,NA,NA,NA
"30",6.15264282117921,0.0177746026053548,0.00849180794266942,NA,NA,NA
"30",6.16105717764383,0.0175565779381501,0.00831637784513367,NA,NA,NA
"30",6.16947153410845,0.0173313059000507,0.00814077437433493,NA,NA,NA
"30",6.17788589057308,0.017104035183239,0.0079691148684524,NA,NA,NA
"30",6.1863002470377,0.016868587712256,0.00780099032746244,NA,NA,NA
"30",6.19471460350232,0.0166561331685337,0.00763573528766508,NA,NA,NA
"30",6.20312895996695,0.0164305598590473,0.00747299979160207,NA,NA,NA
"30",6.21154331643157,0.0162155345308297,0.00731261725195083,NA,NA,NA
"30",6.21995767289619,0.0159959161608761,0.00715518727598674,NA,NA,NA
"30",6.22837202936082,0.0157879254987206,0.00700118857933695,NA,NA,NA
"30",6.23678638582544,0.0155953080295458,0.00684927959257812,NA,NA,NA
"30",6.24520074229006,0.0153700714310032,0.00669999966674067,NA,NA,NA
"30",6.25361509875469,0.0151636946306266,0.00655302431137902,NA,NA,NA
"30",6.26202945521931,0.0149581470906293,0.00640842460175878,NA,NA,NA
"30",6.27044381168393,0.0147665596154642,0.00626762604890209,NA,NA,NA
"30",6.27885816814856,0.0145711969351209,0.00612807547971177,NA,NA,NA
"30",6.28727252461318,0.0143771091938536,0.00599101233655646,NA,NA,NA
"30",6.2956868810778,0.0141920271681952,0.00585681043034058,NA,NA,NA
"30",6.30410123754243,0.0140199168907949,0.00572526447673427,NA,NA,NA
"30",6.31251559400705,0.0138204226870196,0.00559326033836485,NA,NA,NA
"30",6.32092995047167,0.0136357924224473,0.00546336547692753,NA,NA,NA
"30",6.3293443069363,0.0134659321006373,0.00533557867247091,NA,NA,NA
"30",6.33775866340092,0.0132845049967856,0.00521348482236268,NA,NA,NA
"30",6.34617301986554,0.0131026928061652,0.0050914449748421,NA,NA,NA
"30",6.35458737633017,0.0129310087349527,0.00497785160896073,NA,NA,NA
"30",6.36300173279479,0.0127683581080803,0.00486131190473277,NA,NA,NA
"30",6.37141608925941,0.0126125907698556,0.00474554390222138,NA,NA,NA
"30",6.37983044572404,0.0124401539230437,0.00463649958920191,NA,NA,NA
"30",6.38824480218866,0.012262776096265,0.00452872671865529,NA,NA,NA
"30",6.39665915865328,0.0120879287384595,0.0044205622609434,NA,NA,NA
"30",6.40507351511791,0.0119224323550633,0.00431725270177759,NA,NA,NA
"30",6.41348787158253,0.0117532111648827,0.00421433510797701,NA,NA,NA
"30",6.42190222804715,0.0115865568682192,0.00410880017171998,NA,NA,NA
"30",6.43031658451178,0.0114179843502562,0.00401021430472383,NA,NA,NA
"30",6.4387309409764,0.011247356770989,0.00391801744242366,NA,NA,NA
"30",6.44714529744102,0.0110979794862922,0.00382348718231996,NA,NA,NA
"30",6.45555965390565,0.0109347004842748,0.00372512711241101,NA,NA,NA
"30",6.46397401037027,0.0107628235781366,0.00363095577319102,NA,NA,NA
"30",6.47238836683489,0.0106368856294069,0.00354219352915233,NA,NA,NA
"30",6.48080272329952,0.0104851145895305,0.00345607279677637,NA,NA,NA
"30",6.48921707976414,0.0103401288753408,0.00337002805736921,NA,NA,NA
"30",6.49763143622876,0.0101981423866612,0.00328649870092762,NA,NA,NA
"30",6.50604579269339,0.0100454184740831,0.00320472700198473,NA,NA,NA
"30",6.51446014915801,0.00988862520609367,0.00312463508848527,NA,NA,NA
"30",6.52287450562263,0.00975935515015178,0.00304642704373143,NA,NA,NA
"30",6.53128886208726,0.00961944011370196,0.00296927078798557,NA,NA,NA
"30",6.53970321855188,0.00947699941837338,0.00289333632931368,NA,NA,NA
"30",6.5481175750165,0.00933918419396272,0.00281855291920545,NA,NA,NA
"30",6.55653193148113,0.00919492383271685,0.00274560887676461,NA,NA,NA
"30",6.56494628794575,0.0090600122033239,0.00267435131335364,NA,NA,NA
"30",6.57336064441037,0.00891300839905658,0.00260756162017812,NA,NA,NA
"30",6.57336064441037,NA,0.0301630117404001,NA,NA,NA
"30",6.56494628794575,NA,0.0302447721126474,NA,NA,NA
"30",6.55653193148113,NA,0.0303253917282142,NA,NA,NA
"30",6.5481175750165,NA,0.0304023949350018,NA,NA,NA
"30",6.53970321855188,NA,0.0304650008349333,NA,NA,NA
"30",6.53128886208726,NA,0.0305031413805845,NA,NA,NA
"30",6.52287450562263,NA,0.030546863545269,NA,NA,NA
"30",6.51446014915801,NA,0.0306553448444701,NA,NA,NA
"30",6.50604579269339,NA,0.0307584372175481,NA,NA,NA
"30",6.49763143622876,NA,0.0308084801871818,NA,NA,NA
"30",6.48921707976414,NA,0.0309211293859649,NA,NA,NA
"30",6.48080272329952,NA,0.0310855875772536,NA,NA,NA
"30",6.47238836683489,NA,0.0311846072364868,NA,NA,NA
"30",6.46397401037027,NA,0.0313428057753683,NA,NA,NA
"30",6.45555965390565,NA,0.0314573878101283,NA,NA,NA
"30",6.44714529744102,NA,0.0315651499830469,NA,NA,NA
"30",6.4387309409764,NA,0.0317171701526953,NA,NA,NA
"30",6.43031658451178,NA,0.0318133268994811,NA,NA,NA
"30",6.42190222804715,NA,0.0319482635681304,NA,NA,NA
"30",6.41348787158253,NA,0.0319850576232156,NA,NA,NA
"30",6.40507351511791,NA,0.0321347925299593,NA,NA,NA
"30",6.39665915865328,NA,0.0322771305004681,NA,NA,NA
"30",6.38824480218866,NA,0.0324539590648863,NA,NA,NA
"30",6.37983044572404,NA,0.0325179746319428,NA,NA,NA
"30",6.37141608925941,NA,0.0326076793036195,NA,NA,NA
"30",6.36300173279479,NA,0.032723768569175,NA,NA,NA
"30",6.35458737633017,NA,0.0328185158309364,NA,NA,NA
"30",6.34617301986554,NA,0.0329454857487901,NA,NA,NA
"30",6.33775866340092,NA,0.0330350121227518,NA,NA,NA
"30",6.3293443069363,NA,0.0332074579164766,NA,NA,NA
"30",6.32092995047167,NA,0.0333010588461709,NA,NA,NA
"30",6.31251559400705,NA,0.0333876365715651,NA,NA,NA
"30",6.30410123754243,NA,0.0334716645677558,NA,NA,NA
"30",6.2956868810778,NA,0.0336430509204238,NA,NA,NA
"30",6.28727252461318,NA,0.0337413548334184,NA,NA,NA
"30",6.27885816814856,NA,0.033874626352056,NA,NA,NA
"30",6.27044381168393,NA,0.0340384450425729,NA,NA,NA
"30",6.26202945521931,NA,0.0342204980981572,NA,NA,NA
"30",6.25361509875469,NA,0.0344072968690918,NA,NA,NA
"30",6.24520074229006,NA,0.0345586584284604,NA,NA,NA
"30",6.23678638582544,NA,0.0346717637413925,NA,NA,NA
"30",6.22837202936082,NA,0.0348077388981104,NA,NA,NA
"30",6.21995767289619,NA,0.0349230098184633,NA,NA,NA
"30",6.21154331643157,NA,0.0350898374747134,NA,NA,NA
"30",6.20312895996695,NA,0.035207181324028,NA,NA,NA
"30",6.19471460350232,NA,0.0353262492074215,NA,NA,NA
"30",6.1863002470377,NA,0.0354829639982978,NA,NA,NA
"30",6.17788589057308,NA,0.0356213952877714,NA,NA,NA
"30",6.16947153410845,NA,0.0357322237842457,NA,NA,NA
"30",6.16105717764383,NA,0.0359345075983613,NA,NA,NA
"30",6.15264282117921,NA,0.0361524288693658,NA,NA,NA
"30",6.14422846471458,NA,0.0363184543985361,NA,NA,NA
"30",6.13581410824996,NA,0.0364863680552229,NA,NA,NA
"30",6.12739975178534,NA,0.0366803159211135,NA,NA,NA
"30",6.11898539532071,NA,0.0369167279488206,NA,NA,NA
"30",6.11057103885609,NA,0.0371507098032207,NA,NA,NA
"30",6.10215668239147,NA,0.0373444776157703,NA,NA,NA
"30",6.09374232592684,NA,0.0375194610504929,NA,NA,NA
"30",6.08532796946222,NA,0.037730176123521,NA,NA,NA
"30",6.0769136129976,NA,0.0379489602243718,NA,NA,NA
"30",6.06849925653297,NA,0.0381743074579717,NA,NA,NA
"30",6.06008490006835,NA,0.0383589543631722,NA,NA,NA
"30",6.05167054360373,NA,0.0386316561728024,NA,NA,NA
"30",6.0432561871391,NA,0.0388638915350814,NA,NA,NA
"30",6.03484183067448,NA,0.0391780098963922,NA,NA,NA
"30",6.02642747420986,NA,0.0394129615757236,NA,NA,NA
"30",6.01801311774523,NA,0.0396929450142428,NA,NA,NA
"30",6.00959876128061,NA,0.0400200603013943,NA,NA,NA
"30",6.00118440481599,NA,0.0403343002102261,NA,NA,NA
"30",5.99277004835136,NA,0.0405486698139262,NA,NA,NA
"30",5.98435569188674,NA,0.0407356263836068,NA,NA,NA
"30",5.97594133542212,NA,0.0409685939124225,NA,NA,NA
"30",5.96752697895749,NA,0.0411828479022673,NA,NA,NA
"30",5.95911262249287,NA,0.0414056510318822,NA,NA,NA
"30",5.95069826602825,NA,0.0416875681449027,NA,NA,NA
"30",5.94228390956363,NA,0.0419735044374205,NA,NA,NA
"30",5.933869553099,NA,0.0422619074287042,NA,NA,NA
"30",5.92545519663438,NA,0.0425505037489141,NA,NA,NA
"30",5.91704084016976,NA,0.0429757679972238,NA,NA,NA
"30",5.90862648370513,NA,0.0433340713874039,NA,NA,NA
"30",5.90021212724051,NA,0.0437318606071372,NA,NA,NA
"30",5.89179777077589,NA,0.0439829305820503,NA,NA,NA
"30",5.88338341431126,NA,0.0441854003077766,NA,NA,NA
"30",5.87496905784664,NA,0.0445435387875257,NA,NA,NA
"30",5.86655470138202,NA,0.0449553967283297,NA,NA,NA
"30",5.85814034491739,NA,0.0453026088844206,NA,NA,NA
"30",5.84972598845277,NA,0.0455936827222591,NA,NA,NA
"30",5.84131163198815,NA,0.0459452145055587,NA,NA,NA
"30",5.83289727552352,NA,0.046315242374176,NA,NA,NA
"30",5.8244829190589,NA,0.0466842888924281,NA,NA,NA
"30",5.81606856259428,NA,0.0470566065997819,NA,NA,NA
"30",5.80765420612965,NA,0.0474092698483346,NA,NA,NA
"30",5.79923984966503,NA,0.0478697536021434,NA,NA,NA
"30",5.79082549320041,NA,0.0482503224605589,NA,NA,NA
"30",5.78241113673578,NA,0.0485913017858541,NA,NA,NA
"30",5.77399678027116,NA,0.0490096508038104,NA,NA,NA
"30",5.76558242380654,NA,0.0494639259148532,NA,NA,NA
"30",5.75716806734191,NA,0.0498421460744111,NA,NA,NA
"30",5.74875371087729,NA,0.0502289230882823,NA,NA,NA
"30",5.74033935441267,NA,0.0506574247396202,NA,NA,NA
"30",5.73192499794804,NA,0.0511419819389696,NA,NA,NA
"30",5.72351064148342,NA,0.0515746025980687,NA,NA,NA
"30",5.7150962850188,NA,0.0521011343096604,NA,NA,NA
"30",5.70668192855417,NA,0.0524515448379184,NA,NA,NA
"30",5.69826757208955,NA,0.0528777588375918,NA,NA,NA
"30",5.68985321562493,NA,0.053361394854165,NA,NA,NA
"30",5.6814388591603,NA,0.0537614347624523,NA,NA,NA
"30",5.67302450269568,NA,0.0541877382272836,NA,NA,NA
"30",5.66461014623106,NA,0.0545931399741825,NA,NA,NA
"30",5.65619578976643,NA,0.0550716676176018,NA,NA,NA
"30",5.64778143330181,NA,0.0555303738687552,NA,NA,NA
"30",5.63936707683719,NA,0.0560296028177926,NA,NA,NA
"30",5.63095272037256,NA,0.0565840216462367,NA,NA,NA
"30",5.62253836390794,NA,0.0571755249921315,NA,NA,NA
"30",5.61412400744332,NA,0.0577016134604284,NA,NA,NA
"30",5.60570965097869,NA,0.0581935835913523,NA,NA,NA
"30",5.59729529451407,NA,0.0588047105222479,NA,NA,NA
"30",5.58888093804945,NA,0.0593555334481292,NA,NA,NA
"30",5.58046658158482,NA,0.0598690083014246,NA,NA,NA
"30",5.5720522251202,NA,0.060342827071673,NA,NA,NA
"30",5.56363786865558,NA,0.0608463102321469,NA,NA,NA
"30",5.55522351219095,NA,0.0613605118746961,NA,NA,NA
"30",5.54680915572633,NA,0.0618972886492572,NA,NA,NA
"30",5.53839479926171,NA,0.0624635447723612,NA,NA,NA
"30",5.52998044279708,NA,0.0630885918225356,NA,NA,NA
"30",5.52156608633246,NA,0.0636415788432802,NA,NA,NA
"30",5.51315172986784,NA,0.0642113483596947,NA,NA,NA
"30",5.50473737340321,NA,0.0647577598058357,NA,NA,NA
"30",5.49632301693859,NA,0.0652885383957486,NA,NA,NA
"30",5.48790866047397,NA,0.0657984294730575,NA,NA,NA
"30",5.47949430400934,NA,0.0664099124405916,NA,NA,NA
"30",5.47107994754472,NA,0.0669849207089995,NA,NA,NA
"30",5.4626655910801,NA,0.0676002533737452,NA,NA,NA
"30",5.45425123461547,NA,0.0682505805556873,NA,NA,NA
"30",5.44583687815085,NA,0.0688538935072629,NA,NA,NA
"30",5.43742252168623,NA,0.0694557886482283,NA,NA,NA
"30",5.4290081652216,NA,0.0700194109227576,NA,NA,NA
"30",5.42059380875698,NA,0.0706794280328082,NA,NA,NA
"30",5.41217945229236,NA,0.0713453720772386,NA,NA,NA
"30",5.40376509582773,NA,0.0720099252743913,NA,NA,NA
"30",5.39535073936311,NA,0.0726633745424141,NA,NA,NA
"30",5.38693638289849,NA,0.0733649312093937,NA,NA,NA
"30",5.37852202643386,NA,0.0740756511667995,NA,NA,NA
"30",5.37010766996924,NA,0.0747719972415185,NA,NA,NA
"30",5.36169331350462,NA,0.075369416653039,NA,NA,NA
"30",5.35327895703999,NA,0.0760335593011684,NA,NA,NA
"30",5.34486460057537,NA,0.076731716294955,NA,NA,NA
"30",5.33645024411075,NA,0.0774381677526043,NA,NA,NA
"30",5.32803588764612,NA,0.0781542092254501,NA,NA,NA
"30",5.3196215311815,NA,0.0788529611463206,NA,NA,NA
"30",5.31120717471688,NA,0.079479831388506,NA,NA,NA
"30",5.30279281825225,NA,0.0801842369818177,NA,NA,NA
"30",5.29437846178763,NA,0.08087133755051,NA,NA,NA
"30",5.28596410532301,NA,0.0815958808529722,NA,NA,NA
"30",5.27754974885838,NA,0.0823307152378969,NA,NA,NA
"30",5.26913539239376,NA,0.0830854502532494,NA,NA,NA
"30",5.26072103592914,NA,0.0837404772507988,NA,NA,NA
"30",5.25230667946451,NA,0.0844710076923247,NA,NA,NA
"30",5.24389232299989,NA,0.0852287573166747,NA,NA,NA
"30",5.23547796653527,NA,0.0859783974794683,NA,NA,NA
"30",5.22706361007064,NA,0.0866888776303947,NA,NA,NA
"30",5.21864925360602,NA,0.0874243061463085,NA,NA,NA
"30",5.2102348971414,NA,0.0881885767542964,NA,NA,NA
"30",5.20182054067677,NA,0.0890094191200851,NA,NA,NA
"30",5.19340618421215,NA,0.0898084590169148,NA,NA,NA
"30",5.18499182774753,NA,0.0905970598834216,NA,NA,NA
"30",5.1765774712829,NA,0.0914056651161485,NA,NA,NA
"30",5.16816311481828,NA,0.0921376804346255,NA,NA,NA
"30",5.15974875835366,NA,0.0928613937244996,NA,NA,NA
"30",5.15133440188903,NA,0.0936157527783817,NA,NA,NA
"30",5.14292004542441,NA,0.094438194012408,NA,NA,NA
"30",5.13450568895979,NA,0.0952649018147971,NA,NA,NA
"30",5.12609133249516,NA,0.0960966483570001,NA,NA,NA
"30",5.11767697603054,NA,0.096939762719606,NA,NA,NA
"30",5.10926261956592,NA,0.0978126345373498,NA,NA,NA
"30",5.10084826310129,NA,0.0986121180894474,NA,NA,NA
"30",5.09243390663667,NA,0.0994574732162627,NA,NA,NA
"30",5.08401955017205,NA,0.100270106101804,NA,NA,NA
"30",5.07560519370742,NA,0.101163506974098,NA,NA,NA
"30",5.0671908372428,NA,0.102028006322422,NA,NA,NA
"30",5.05877648077818,NA,0.102913998900847,NA,NA,NA
"30",5.05036212431355,NA,0.103805946297877,NA,NA,NA
"30",5.04194776784893,NA,0.104670680618723,NA,NA,NA
"30",5.03353341138431,NA,0.105565082144349,NA,NA,NA
"30",5.02511905491968,NA,0.106421474321807,NA,NA,NA
"30",5.01670469845506,NA,0.10728836057843,NA,NA,NA
"30",5.00829034199044,NA,0.108171205688573,NA,NA,NA
"30",4.99987598552582,NA,0.109103953586313,NA,NA,NA
"30",4.99146162906119,NA,0.10999101284014,NA,NA,NA
"30",4.98304727259657,NA,0.110821352871228,NA,NA,NA
"30",4.97463291613194,NA,0.111739752448922,NA,NA,NA
"30",4.96621855966732,NA,0.112668537522928,NA,NA,NA
"30",4.9578042032027,NA,0.113567996736109,NA,NA,NA
"30",4.94938984673807,NA,0.114418734712305,NA,NA,NA
"30",4.94097549027345,NA,0.115288797891101,NA,NA,NA
"30",4.93256113380883,NA,0.116207349791026,NA,NA,NA
"30",4.9241467773442,NA,0.117165011415396,NA,NA,NA
"30",4.91573242087958,NA,0.118142079239422,NA,NA,NA
"30",4.90731806441496,NA,0.119153014183842,NA,NA,NA
"30",4.89890370795033,NA,0.120109936887797,NA,NA,NA
"30",4.89048935148571,NA,0.121052528423507,NA,NA,NA
"30",4.88207499502109,NA,0.121979475223945,NA,NA,NA
"30",4.87366063855646,NA,0.122919260761408,NA,NA,NA
"30",4.86524628209184,NA,0.123860597033581,NA,NA,NA
"30",4.85683192562722,NA,0.124828520245717,NA,NA,NA
"30",4.84841756916259,NA,0.125770471659591,NA,NA,NA
"30",4.84000321269797,NA,0.126748243484244,NA,NA,NA
"30",4.83158885623335,NA,0.127706461970634,NA,NA,NA
"30",4.82317449976872,NA,0.128695932702307,NA,NA,NA
"30",4.8147601433041,NA,0.129703346690841,NA,NA,NA
"30",4.80634578683948,NA,0.130720716594537,NA,NA,NA
"30",4.79793143037486,NA,0.131741886225025,NA,NA,NA
"30",4.78951707391023,NA,0.132776931355578,NA,NA,NA
"30",4.78110271744561,NA,0.133797028991182,NA,NA,NA
"30",4.77268836098099,NA,0.13480254273678,NA,NA,NA
"30",4.76427400451636,NA,0.135766179026933,NA,NA,NA
"30",4.75585964805174,NA,0.136851921349343,NA,NA,NA
"30",4.74744529158712,NA,0.137897553985453,NA,NA,NA
"30",4.73903093512249,NA,0.138973667095147,NA,NA,NA
"30",4.73061657865787,NA,0.140012348565379,NA,NA,NA
"30",4.72220222219325,NA,0.141074861144603,NA,NA,NA
"30",4.71378786572862,NA,0.142129139610164,NA,NA,NA
"30",4.705373509264,NA,0.143184986025223,NA,NA,NA
"30",4.69695915279938,NA,0.144240697446186,NA,NA,NA
"30",4.68854479633475,NA,0.145271368864768,NA,NA,NA
"30",4.68013043987013,NA,0.146325887054695,NA,NA,NA
"30",4.67171608340551,NA,0.147375927721299,NA,NA,NA
"30",4.66330172694088,NA,0.148409392066932,NA,NA,NA
"30",4.65488737047626,NA,0.149479429117399,NA,NA,NA
"30",4.64647301401164,NA,0.150537862070477,NA,NA,NA
"30",4.63805865754701,NA,0.151630295106099,NA,NA,NA
"30",4.62964430108239,NA,0.152732663664542,NA,NA,NA
"30",4.62122994461777,NA,0.153838544714611,NA,NA,NA
"30",4.61281558815314,NA,0.154947917050263,NA,NA,NA
"30",4.60440123168852,NA,0.156038134291485,NA,NA,NA
"30",4.5959868752239,NA,0.157160162091056,NA,NA,NA
"30",4.58757251875927,NA,0.158237555966272,NA,NA,NA
"30",4.57915816229465,NA,0.159371836781698,NA,NA,NA
"30",4.57074380583003,NA,0.160468925448193,NA,NA,NA
"30",4.5623294493654,NA,0.161640807474937,NA,NA,NA
"30",4.55391509290078,NA,0.162811732389493,NA,NA,NA
"30",4.54550073643616,NA,0.163921793293859,NA,NA,NA
"30",4.53708637997153,NA,0.165045535317595,NA,NA,NA
"30",4.52867202350691,NA,0.166181326911421,NA,NA,NA
"30",4.52025766704229,NA,0.167322217077029,NA,NA,NA
"30",4.51184331057766,NA,0.168463832357269,NA,NA,NA
"30",4.50342895411304,NA,0.169605711069089,NA,NA,NA
"30",4.49501459764842,NA,0.170713998189609,NA,NA,NA
"30",4.48660024118379,NA,0.171903408906094,NA,NA,NA
"30",4.47818588471917,NA,0.173023017353294,NA,NA,NA
"30",4.46977152825455,NA,0.174221986271984,NA,NA,NA
"30",4.46135717178992,NA,0.175383318107472,NA,NA,NA
"30",4.4529428153253,NA,0.17655840438565,NA,NA,NA
"30",4.44452845886068,NA,0.177687291266918,NA,NA,NA
"30",4.43611410239605,NA,0.178854722591541,NA,NA,NA
"30",4.42769974593143,NA,0.180055126761847,NA,NA,NA
"30",4.41928538946681,NA,0.181257746662632,NA,NA,NA
"30",4.41087103300218,NA,0.182460783759215,NA,NA,NA
"30",4.40245667653756,NA,0.183611026509653,NA,NA,NA
"30",4.39404232007294,NA,0.184774822915391,NA,NA,NA
"30",4.38562796360831,NA,0.186004325668462,NA,NA,NA
"30",4.37721360714369,NA,0.187236915662389,NA,NA,NA
"30",4.36879925067907,NA,0.188444502087856,NA,NA,NA
"30",4.36038489421444,NA,0.189636117389045,NA,NA,NA
"30",4.35197053774982,NA,0.190830444917558,NA,NA,NA
"30",4.3435561812852,NA,0.192014190664557,NA,NA,NA
"30",4.33514182482057,NA,0.193204730684903,NA,NA,NA
"30",4.32672746835595,NA,0.194432084502098,NA,NA,NA
"30",4.31831311189133,NA,0.19566520304521,NA,NA,NA
"30",4.3098987554267,NA,0.196888403631989,NA,NA,NA
"30",4.30148439896208,NA,0.198120741651233,NA,NA,NA
"30",4.29307004249746,NA,0.199306132519469,NA,NA,NA
"30",4.28465568603283,NA,0.200543667173324,NA,NA,NA
"30",4.27624132956821,NA,0.20173604966896,NA,NA,NA
"30",4.26782697310359,NA,0.202954163456525,NA,NA,NA
"30",4.25941261663896,NA,0.204245090034926,NA,NA,NA
"30",4.25099826017434,NA,0.205452209986038,NA,NA,NA
"30",4.24258390370972,NA,0.206678679263852,NA,NA,NA
"30",4.23416954724509,NA,0.207986505621098,NA,NA,NA
"30",4.22575519078047,NA,0.209282071058294,NA,NA,NA
"30",4.21734083431585,NA,0.210514098561957,NA,NA,NA
"30",4.20892647785122,NA,0.211758596499453,NA,NA,NA
"30",4.2005121213866,NA,0.213027622089863,NA,NA,NA
"30",4.19209776492198,NA,0.214277779426293,NA,NA,NA
"30",4.18368340845735,NA,0.215580108601153,NA,NA,NA
"30",4.17526905199273,NA,0.216889371550349,NA,NA,NA
"30",4.16685469552811,NA,0.218192243759299,NA,NA,NA
"30",4.15844033906348,NA,0.219479603536921,NA,NA,NA
"30",4.15002598259886,NA,0.220805027683969,NA,NA,NA
"30",4.14161162613424,NA,0.222120119830197,NA,NA,NA
"30",4.13319726966961,NA,0.223388122160859,NA,NA,NA
"30",4.12478291320499,NA,0.224683912410977,NA,NA,NA
"30",4.11636855674037,NA,0.226011705566979,NA,NA,NA
"30",4.10795420027574,NA,0.227335523956648,NA,NA,NA
"30",4.09953984381112,NA,0.228592569328392,NA,NA,NA
"30",4.0911254873465,NA,0.22981722057555,NA,NA,NA
"30",4.08271113088187,NA,0.231221897744237,NA,NA,NA
"30",4.07429677441725,NA,0.232639154042756,NA,NA,NA
"30",4.06588241795263,NA,0.233973070409309,NA,NA,NA
"30",4.057468061488,NA,0.23530833685404,NA,NA,NA
"30",4.04905370502338,NA,0.236645354284848,NA,NA,NA
"30",4.04063934855876,NA,0.237935363506747,NA,NA,NA
"30",4.03222499209413,NA,0.239235750008182,NA,NA,NA
"30",4.02381063562951,NA,0.240609590589158,NA,NA,NA
"30",4.01539627916489,NA,0.241967934442936,NA,NA,NA
"30",4.00698192270026,NA,0.243299415512444,NA,NA,NA
"30",3.99856756623564,NA,0.244632923306808,NA,NA,NA
"30",3.99015320977102,NA,0.245976129304198,NA,NA,NA
"30",3.98173885330639,NA,0.247281145585109,NA,NA,NA
"30",3.97332449684177,NA,0.248588671062669,NA,NA,NA
"30",3.96491014037715,NA,0.249991272870419,NA,NA,NA
"30",3.95649578391252,NA,0.251458750519762,NA,NA,NA
"30",3.9480814274479,NA,0.25274879457997,NA,NA,NA
"30",3.93966707098328,NA,0.254086780113106,NA,NA,NA
"30",3.93125271451865,NA,0.255463969144533,NA,NA,NA
"30",3.92283835805403,NA,0.256811013625006,NA,NA,NA
"30",3.91442400158941,NA,0.258149440681333,NA,NA,NA
"30",3.90600964512478,NA,0.259490312728346,NA,NA,NA
"30",3.89759528866016,NA,0.260842661301633,NA,NA,NA
"30",3.88918093219554,NA,0.262222897119102,NA,NA,NA
"30",3.88076657573091,NA,0.263795012758233,NA,NA,NA
"30",3.87235221926629,NA,0.265221964211524,NA,NA,NA
"30",3.86393786280167,NA,0.266621092944697,NA,NA,NA
"30",3.85552350633704,NA,0.267962832957887,NA,NA,NA
"30",3.84710914987242,NA,0.269314016806495,NA,NA,NA
"30",3.8386947934078,NA,0.270645867977037,NA,NA,NA
"30",3.83028043694318,NA,0.272015498025463,NA,NA,NA
"30",3.82186608047855,NA,0.273428101827852,NA,NA,NA
"30",3.81345172401393,NA,0.274712241445663,NA,NA,NA
"30",3.80503736754931,NA,0.276187067471399,NA,NA,NA
"30",3.79662301108468,NA,0.277704767597726,NA,NA,NA
"30",3.78820865462006,NA,0.279038242535737,NA,NA,NA
"30",3.77979429815544,NA,0.280379149005995,NA,NA,NA
"30",3.77137994169081,NA,0.281773556400872,NA,NA,NA
"30",3.76296558522619,NA,0.28317270396425,NA,NA,NA
"30",3.75455122876157,NA,0.284542221471603,NA,NA,NA
"30",3.74613687229694,NA,0.285955819892032,NA,NA,NA
"30",3.73772251583232,NA,0.287380911705853,NA,NA,NA
"30",3.7293081593677,NA,0.28876772032227,NA,NA,NA
"30",3.72089380290307,NA,0.290164412020507,NA,NA,NA
"30",3.71247944643845,NA,0.291522450090497,NA,NA,NA
"30",3.70406508997383,NA,0.292987052048769,NA,NA,NA
"30",3.6956507335092,NA,0.294376909516054,NA,NA,NA
"30",3.68723637704458,NA,0.295800919781345,NA,NA,NA
"30",3.67882202057996,NA,0.297178290786478,NA,NA,NA
"30",3.67040766411533,NA,0.298600988549173,NA,NA,NA
"30",3.66199330765071,NA,0.300046648352029,NA,NA,NA
"30",3.65357895118609,NA,0.301451601466313,NA,NA,NA
"30",3.64516459472146,NA,0.302827414435384,NA,NA,NA
"30",3.63675023825684,NA,0.304295598343024,NA,NA,NA
"30",3.62833588179222,NA,0.305694772806082,NA,NA,NA
"30",3.61992152532759,NA,0.307071103203754,NA,NA,NA
"30",3.61150716886297,NA,0.308506544509986,NA,NA,NA
"30",3.60309281239835,NA,0.30998705934411,NA,NA,NA
"30",3.59467845593372,NA,0.311382908988148,NA,NA,NA
"30",3.5862640994691,NA,0.312860168197926,NA,NA,NA
"30",3.57784974300448,NA,0.314319933145713,NA,NA,NA
"30",3.56943538653985,NA,0.315664548840225,NA,NA,NA
"30",3.56102103007523,NA,0.317061142382734,NA,NA,NA
"30",3.55260667361061,NA,0.318518578201397,NA,NA,NA
"30",3.54419231714598,NA,0.32004032770069,NA,NA,NA
"30",3.53577796068136,NA,0.321420033558432,NA,NA,NA
"30",3.52736360421674,NA,0.322764369516569,NA,NA,NA
"30",3.51894924775211,NA,0.324161332760181,NA,NA,NA
"30",3.51053489128749,NA,0.325516916434969,NA,NA,NA
"30",3.50212053482287,NA,0.32699478686923,NA,NA,NA
"30",3.49370617835824,NA,0.328474944818964,NA,NA,NA
"30",3.48529182189362,NA,0.329903398087799,NA,NA,NA
"30",3.476877465429,NA,0.331335659388606,NA,NA,NA
"30",3.46846310896437,NA,0.332777115806596,NA,NA,NA
"30",3.46004875249975,NA,0.334165542712246,NA,NA,NA
"30",3.45163439603513,NA,0.335595252593712,NA,NA,NA
"30",3.4432200395705,NA,0.337054458659164,NA,NA,NA
"30",3.43480568310588,NA,0.33851159684536,NA,NA,NA
"30",3.42639132664126,NA,0.339962378029125,NA,NA,NA
"30",3.41797697017663,NA,0.341414996203835,NA,NA,NA
"30",3.40956261371201,NA,0.342821048787964,NA,NA,NA
"30",3.40114825724739,NA,0.344264923708216,NA,NA,NA
"30",3.39273390078276,NA,0.345661790603521,NA,NA,NA
"30",3.38431954431814,NA,0.347006316707354,NA,NA,NA
"30",3.37590518785352,NA,0.348414635769355,NA,NA,NA
"30",3.36749083138889,NA,0.349831597465108,NA,NA,NA
"30",3.35907647492427,NA,0.35130615913771,NA,NA,NA
"30",3.35066211845965,NA,0.352712727834532,NA,NA,NA
"30",3.34224776199502,NA,0.35409751303196,NA,NA,NA
"30",3.3338334055304,NA,0.355536834007951,NA,NA,NA
"30",3.32541904906578,NA,0.357019532342968,NA,NA,NA
"30",3.31700469260115,NA,0.358499034354582,NA,NA,NA
"30",3.30859033613653,NA,0.359944178779733,NA,NA,NA
"30",3.30017597967191,NA,0.361253531635114,NA,NA,NA
"30",3.29176162320728,NA,0.362720551934191,NA,NA,NA
"30",3.28334726674266,NA,0.36421655725994,NA,NA,NA
"30",3.27493291027804,NA,0.365689630674517,NA,NA,NA
"30",3.26651855381341,NA,0.36719167144063,NA,NA,NA
"30",3.25810419734879,NA,0.368650130900144,NA,NA,NA
"30",3.24968984088417,NA,0.370107224930553,NA,NA,NA
"30",3.24127548441954,NA,0.371526828340778,NA,NA,NA
"30",3.23286112795492,NA,0.372975849349639,NA,NA,NA
"30",3.2244467714903,NA,0.37438751191509,NA,NA,NA
"30",3.21603241502567,NA,0.375835483063054,NA,NA,NA
"30",3.20761805856105,NA,0.377274391290965,NA,NA,NA
"30",3.19920370209643,NA,0.378678415419993,NA,NA,NA
"30",3.1907893456318,NA,0.380191073863095,NA,NA,NA
"30",3.18237498916718,NA,0.381589213000093,NA,NA,NA
"30",3.17396063270256,NA,0.383030682927841,NA,NA,NA
"30",3.16554627623793,NA,0.384429551398334,NA,NA,NA
"30",3.15713191977331,NA,0.385893521007851,NA,NA,NA
"30",3.14871756330869,NA,0.387339738634779,NA,NA,NA
"30",3.14030320684406,NA,0.388795396010651,NA,NA,NA
"30",3.13188885037944,NA,0.390250597557859,NA,NA,NA
"30",3.12347449391482,NA,0.391704109416474,NA,NA,NA
"30",3.11506013745019,NA,0.393156122424038,NA,NA,NA
"30",3.10664578098557,NA,0.394605325329834,NA,NA,NA
"30",3.09823142452095,NA,0.396040637391712,NA,NA,NA
"30",3.08981706805632,NA,0.397413063098398,NA,NA,NA
"30",3.0814027115917,NA,0.398766985348311,NA,NA,NA
"30",3.07298835512708,NA,0.400192151601291,NA,NA,NA
"30",3.06457399866245,NA,0.401665018602064,NA,NA,NA
"30",3.05615964219783,NA,0.403144640663588,NA,NA,NA
"30",3.04774528573321,NA,0.404640813687153,NA,NA,NA
"30",3.03933092926858,NA,0.406001321373914,NA,NA,NA
"30",3.03091657280396,NA,0.407417366173332,NA,NA,NA
"30",3.02250221633934,NA,0.40889348439948,NA,NA,NA
"30",3.01408785987471,NA,0.410319865538777,NA,NA,NA
"30",3.00567350341009,NA,0.41173673234253,NA,NA,NA
"30",2.99725914694547,NA,0.413065470623945,NA,NA,NA
"30",2.98884479048084,NA,0.414391977388925,NA,NA,NA
"30",2.98043043401622,NA,0.415766599900198,NA,NA,NA
"30",2.9720160775516,NA,0.417191414787131,NA,NA,NA
"30",2.96360172108697,NA,0.418638323311335,NA,NA,NA
"30",2.95518736462235,NA,0.420068184299711,NA,NA,NA
"30",2.94677300815773,NA,0.421426927743671,NA,NA,NA
"30",2.9383586516931,NA,0.422875895411744,NA,NA,NA
"30",2.92994429522848,NA,0.424330216789215,NA,NA,NA
"30",2.92152993876386,NA,0.42566396810139,NA,NA,NA
"30",2.91311558229923,NA,0.427073235835117,NA,NA,NA
"30",2.90470122583461,NA,0.428440777120369,NA,NA,NA
"30",2.89628686936999,NA,0.429829227721502,NA,NA,NA
"30",2.88787251290537,NA,0.431185424523197,NA,NA,NA
"30",2.87945815644074,NA,0.432607153872729,NA,NA,NA
"30",2.87104379997612,NA,0.434039382294091,NA,NA,NA
"30",2.8626294435115,NA,0.43540766029815,NA,NA,NA
"30",2.85421508704687,NA,0.436811716287941,NA,NA,NA
"30",2.84580073058225,NA,0.438142322428744,NA,NA,NA
"30",2.83738637411763,NA,0.439502478604221,NA,NA,NA
"30",2.828972017653,NA,0.440860530849856,NA,NA,NA
"30",2.82055766118838,NA,0.442207373972831,NA,NA,NA
"30",2.81214330472375,NA,0.443572730405807,NA,NA,NA
"30",2.80372894825913,NA,0.445011689834208,NA,NA,NA
"30",2.79531459179451,NA,0.446463581367981,NA,NA,NA
"30",2.78690023532988,NA,0.447820212790504,NA,NA,NA
"30",2.77848587886526,NA,0.449284950305513,NA,NA,NA
"30",2.77007152240064,NA,0.450660481455001,NA,NA,NA
"30",2.76165716593601,NA,0.451971539221289,NA,NA,NA
"30",2.75324280947139,NA,0.453383995389703,NA,NA,NA
"30",2.74482845300677,NA,0.454789036225805,NA,NA,NA
"30",2.73641409654214,NA,0.456132975368544,NA,NA,NA
"30",2.72799974007752,NA,0.457483072325338,NA,NA,NA
"30",2.7195853836129,NA,0.458887726005984,NA,NA,NA
"30",2.71117102714827,NA,0.460322132272509,NA,NA,NA
"30",2.70275667068365,NA,0.461746296432093,NA,NA,NA
"30",2.69434231421903,NA,0.463108374062638,NA,NA,NA
"30",2.68592795775441,NA,0.464570787784799,NA,NA,NA
"30",2.67751360128978,NA,0.465966625167115,NA,NA,NA
"30",2.66909924482516,NA,0.467246340228964,NA,NA,NA
"30",2.66068488836054,NA,0.468539362376048,NA,NA,NA
"30",2.65227053189591,NA,0.469871968563014,NA,NA,NA
"30",2.64385617543129,NA,0.471318283994322,NA,NA,NA
"30",2.63544181896667,NA,0.472764066492908,NA,NA,NA
"30",2.62702746250204,NA,0.474091736316238,NA,NA,NA
"30",2.61861310603742,NA,0.475427079708073,NA,NA,NA
"30",2.6101987495728,NA,0.476716231004282,NA,NA,NA
"30",2.60178439310817,NA,0.478015508492433,NA,NA,NA
"30",2.59337003664355,NA,0.479318352565118,NA,NA,NA
"30",2.58495568017893,NA,0.480651265949024,NA,NA,NA
"30",2.5765413237143,NA,0.481977679174075,NA,NA,NA
"30",2.56812696724968,NA,0.483284128434549,NA,NA,NA
"30",2.55971261078506,NA,0.484534798078034,NA,NA,NA
"30",2.55129825432043,NA,0.485843749873682,NA,NA,NA
"30",2.54288389785581,NA,0.487154326681074,NA,NA,NA
"30",2.53446954139119,NA,0.488560245578855,NA,NA,NA
"30",2.52605518492656,NA,0.489818875792292,NA,NA,NA
"30",2.51764082846194,NA,0.491110130956847,NA,NA,NA
"30",2.50922647199732,NA,0.492474333144853,NA,NA,NA
"30",2.50081211553269,NA,0.493780304773393,NA,NA,NA
"30",2.49239775906807,NA,0.49508130286865,NA,NA,NA
"30",2.48398340260345,NA,0.496411311957057,NA,NA,NA
"30",2.47556904613882,NA,0.497689085819448,NA,NA,NA
"30",2.4671546896742,NA,0.499014691501235,NA,NA,NA
"30",2.45874033320958,NA,0.500329944026914,NA,NA,NA
"30",2.45032597674495,NA,0.501595392920512,NA,NA,NA
"30",2.44191162028033,NA,0.502903301107818,NA,NA,NA
"30",2.43349726381571,NA,0.504151859063698,NA,NA,NA
"30",2.42508290735108,NA,0.505399084772733,NA,NA,NA
"30",2.41666855088646,NA,0.506645308732063,NA,NA,NA
"30",2.40825419442184,NA,0.50788917252632,NA,NA,NA
"30",2.39983983795721,NA,0.509132461573855,NA,NA,NA
"30",2.39142548149259,NA,0.510381760808393,NA,NA,NA
"30",2.38301112502797,NA,0.511624037947969,NA,NA,NA
"30",2.37459676856334,NA,0.51283110216529,NA,NA,NA
"30",2.36618241209872,NA,0.514110903086585,NA,NA,NA
"30",2.3577680556341,NA,0.515356720287527,NA,NA,NA
"30",2.34935369916947,NA,0.516595765495697,NA,NA,NA
"30",2.34093934270485,NA,0.517825447682055,NA,NA,NA
"30",2.33252498624023,NA,0.519135446738112,NA,NA,NA
"30",2.3241106297756,NA,0.520390694241262,NA,NA,NA
"30",2.31569627331098,NA,0.521541833997451,NA,NA,NA
"30",2.30728191684636,NA,0.522824851088269,NA,NA,NA
"30",2.29886756038173,NA,0.524115409776921,NA,NA,NA
"30",2.29045320391711,NA,0.525390173339888,NA,NA,NA
"30",2.28203884745249,NA,0.526568482870436,NA,NA,NA
"30",2.27362449098786,NA,0.527831038697117,NA,NA,NA
"30",2.26521013452324,NA,0.529041533328158,NA,NA,NA
"30",2.25679577805862,NA,0.53030017722147,NA,NA,NA
"30",2.24838142159399,NA,0.531551760199225,NA,NA,NA
"30",2.23996706512937,NA,0.532772312860368,NA,NA,NA
"30",2.23155270866475,NA,0.534036619374947,NA,NA,NA
"30",2.22313835220012,NA,0.535243233202034,NA,NA,NA
"30",2.2147239957355,NA,0.536399630358404,NA,NA,NA
"30",2.20630963927088,NA,0.537627027282586,NA,NA,NA
"30",2.19789528280625,NA,0.538854909865218,NA,NA,NA
"30",2.18948092634163,NA,0.540079659546992,NA,NA,NA
"30",2.18106656987701,NA,0.541299969433236,NA,NA,NA
"30",2.17265221341238,NA,0.542515256799122,NA,NA,NA
"30",2.16423785694776,NA,0.54372742882134,NA,NA,NA
"30",2.15582350048314,NA,0.544988106712501,NA,NA,NA
"30",2.14740914401851,NA,0.546142403468117,NA,NA,NA
"30",2.13899478755389,NA,0.547317744644916,NA,NA,NA
"30",2.13058043108927,NA,0.548539887805495,NA,NA,NA
"30",2.12216607462464,NA,0.549733209818565,NA,NA,NA
"30",2.11375171816002,NA,0.550937600372688,NA,NA,NA
"30",2.1053373616954,NA,0.552090660787807,NA,NA,NA
"30",2.09692300523077,NA,0.55329087293462,NA,NA,NA
"30",2.08850864876615,NA,0.554412924452405,NA,NA,NA
"30",2.08009429230153,NA,0.555591409885741,NA,NA,NA
"30",2.0716799358369,NA,0.556704107532654,NA,NA,NA
"30",2.06326557937228,NA,0.557931391054216,NA,NA,NA
"30",2.05485122290766,NA,0.5591749015474,NA,NA,NA
"30",2.04643686644303,NA,0.560238431083065,NA,NA,NA
"30",2.03802250997841,NA,0.561431864598029,NA,NA,NA
"30",2.02960815351379,NA,0.562619420456131,NA,NA,NA
"30",2.02119379704916,NA,0.563806596517425,NA,NA,NA
"30",2.01277944058454,NA,0.564919291331981,NA,NA,NA
"30",2.00436508411992,NA,0.56600179496058,NA,NA,NA
"30",1.99595072765529,NA,0.567079963639312,NA,NA,NA
"30",1.98753637119067,NA,0.56819066696511,NA,NA,NA
"30",1.97912201472605,NA,0.569397857601762,NA,NA,NA
"30",1.97070765826142,NA,0.570583554290044,NA,NA,NA
"30",1.9622933017968,NA,0.5716771677792,NA,NA,NA
"30",1.95387894533218,NA,0.57281996411314,NA,NA,NA
"30",1.94546458886755,NA,0.573928019891082,NA,NA,NA
"30",1.93705023240293,NA,0.574948726435267,NA,NA,NA
"30",1.92863587593831,NA,0.576098518224536,NA,NA,NA
"30",1.92022151947368,NA,0.57723448753813,NA,NA,NA
"30",1.91180716300906,NA,0.578376932827993,NA,NA,NA
"30",1.90339280654444,NA,0.579546304961582,NA,NA,NA
"30",1.89497845007981,NA,0.580639663540533,NA,NA,NA
"30",1.88656409361519,NA,0.581728846516261,NA,NA,NA
"30",1.87814973715057,NA,0.582854396078137,NA,NA,NA
"30",1.86973538068594,NA,0.58400107831945,NA,NA,NA
"30",1.86132102422132,NA,0.585104594067613,NA,NA,NA
"30",1.8529066677567,NA,0.586161978967951,NA,NA,NA
"30",1.84449231129207,NA,0.587283853972306,NA,NA,NA
"30",1.83607795482745,NA,0.58835879183783,NA,NA,NA
"30",1.82766359836283,NA,0.589426230782199,NA,NA,NA
"30",1.8192492418982,NA,0.590471200797659,NA,NA,NA
"30",1.81083488543358,NA,0.591555426471163,NA,NA,NA
"30",1.80242052896896,NA,0.592610368060996,NA,NA,NA
"30",1.79400617250433,NA,0.593671155180907,NA,NA,NA
"30",1.78559181603971,NA,0.594776748250583,NA,NA,NA
"30",1.77717745957509,NA,0.595921093171228,NA,NA,NA
"30",1.76876310311046,NA,0.597035348568925,NA,NA,NA
"30",1.76034874664584,NA,0.598078428010634,NA,NA,NA
"30",1.75193439018122,NA,0.599074176676954,NA,NA,NA
"30",1.7435200337166,NA,0.600219239037803,NA,NA,NA
"30",1.73510567725197,NA,0.601379168390736,NA,NA,NA
"30",1.72669132078735,NA,0.602413993607341,NA,NA,NA
"30",1.71827696432273,NA,0.603461686692617,NA,NA,NA
"30",1.7098626078581,NA,0.604503473230684,NA,NA,NA
"30",1.70144825139348,NA,0.605554726947474,NA,NA,NA
"30",1.69303389492886,NA,0.606576341566571,NA,NA,NA
"30",1.68461953846423,NA,0.607605587215452,NA,NA,NA
"30",1.67620518199961,NA,0.608693655713357,NA,NA,NA
"30",1.66779082553499,NA,0.609697843302419,NA,NA,NA
"30",1.65937646907036,NA,0.610697584724517,NA,NA,NA
"30",1.65096211260574,NA,0.611688953134546,NA,NA,NA
"30",1.64254775614112,NA,0.612617971932578,NA,NA,NA
"30",1.63413339967649,NA,0.61366843979156,NA,NA,NA
"30",1.62571904321187,NA,0.614651087231262,NA,NA,NA
"30",1.61730468674725,NA,0.615552560625143,NA,NA,NA
"30",1.60889033028262,NA,0.616519496518199,NA,NA,NA
"30",1.600475973818,NA,0.617504225852758,NA,NA,NA
"30",1.59206161735338,NA,0.618573877483839,NA,NA,NA
"30",1.58364726088875,NA,0.619678410990855,NA,NA,NA
"30",1.57523290442413,NA,0.620727642588087,NA,NA,NA
"30",1.56681854795951,NA,0.621709793064764,NA,NA,NA
"30",1.55840419149488,NA,0.622678280010332,NA,NA,NA
"30",1.54998983503026,NA,0.623693579596771,NA,NA,NA
"30",1.54157547856564,NA,0.624627758106973,NA,NA,NA
"30",1.53316112210101,NA,0.625592721081244,NA,NA,NA
"30",1.52474676563639,NA,0.626563718821912,NA,NA,NA
"30",1.51633240917177,NA,0.627532291685581,NA,NA,NA
"30",1.50791805270714,NA,0.628497680018864,NA,NA,NA
"30",1.49950369624252,NA,0.629453410511534,NA,NA,NA
"30",1.4910893397779,NA,0.630407132438718,NA,NA,NA
"30",1.48267498331327,NA,0.631386244567765,NA,NA,NA
"30",1.47426062684865,NA,0.632313581695133,NA,NA,NA
"30",1.46584627038403,NA,0.633258979407385,NA,NA,NA
"30",1.4574319139194,NA,0.634200792973059,NA,NA,NA
"30",1.44901755745478,NA,0.63509960195162,NA,NA,NA
"30",1.44060320099016,NA,0.636033743477947,NA,NA,NA
"30",1.43218884452553,NA,0.636979608677933,NA,NA,NA
"30",1.42377448806091,NA,0.637946740342573,NA,NA,NA
"30",1.41536013159629,NA,0.63887278912387,NA,NA,NA
"30",1.40694577513166,NA,0.639797449244656,NA,NA,NA
"30",1.39853141866704,NA,0.640751259065574,NA,NA,NA
"30",1.39011706220242,NA,0.641762062362194,NA,NA,NA
"30",1.38170270573779,NA,0.642737936111908,NA,NA,NA
"30",1.37328834927317,NA,0.643672168948775,NA,NA,NA
"30",1.36487399280855,NA,0.644601961530334,NA,NA,NA
"30",1.35645963634392,NA,0.645530968034606,NA,NA,NA
"30",1.3480452798793,NA,0.646477284724847,NA,NA,NA
"30",1.33963092341468,NA,0.647402087362072,NA,NA,NA
"30",1.33121656695005,NA,0.648407121029762,NA,NA,NA
"30",1.32280221048543,NA,0.649411326637357,NA,NA,NA
"30",1.31438785402081,NA,0.650333260989414,NA,NA,NA
"30",1.30597349755618,NA,0.65124991579907,NA,NA,NA
"30",1.29755914109156,NA,0.652161968752649,NA,NA,NA
"30",1.28914478462694,NA,0.653071160387606,NA,NA,NA
"30",1.28073042816231,NA,0.653948762295934,NA,NA,NA
"30",1.27231607169769,NA,0.654917231254682,NA,NA,NA
"30",1.26390171523307,NA,0.655827821568577,NA,NA,NA
"30",1.25548735876844,NA,0.656701474301537,NA,NA,NA
"30",1.24707300230382,NA,0.657607876851994,NA,NA,NA
"30",1.2386586458392,NA,0.658493636709543,NA,NA,NA
"30",1.23024428937457,NA,0.65941735202029,NA,NA,NA
"30",1.22182993290995,NA,0.660252710050611,NA,NA,NA
"30",1.21341557644533,NA,0.661183718424432,NA,NA,NA
"30",1.2050012199807,NA,0.662134740072001,NA,NA,NA
"30",1.19658686351608,NA,0.662958365420831,NA,NA,NA
"30",1.18817250705146,NA,0.663844514342036,NA,NA,NA
"30",1.17975815058683,NA,0.664676474632015,NA,NA,NA
"30",1.17134379412221,NA,0.665498376472324,NA,NA,NA
"30",1.16292943765759,NA,0.666390195633094,NA,NA,NA
"30",1.15451508119296,NA,0.667243930725864,NA,NA,NA
"30",1.14610072472834,NA,0.668123950564228,NA,NA,NA
"30",1.13768636826372,NA,0.669022658985021,NA,NA,NA
"30",1.12927201179909,NA,0.669856667714789,NA,NA,NA
"30",1.12085765533447,NA,0.670730791226808,NA,NA,NA
"30",1.11244329886985,NA,0.671477148985426,NA,NA,NA
"30",1.10402894240522,NA,0.672300748602783,NA,NA,NA
"30",1.0956145859406,NA,0.673096036893048,NA,NA,NA
"30",1.08720022947598,NA,0.673859133860555,NA,NA,NA
"30",1.07878587301135,NA,0.674740298274754,NA,NA,NA
"30",1.07037151654673,NA,0.6755888503825,NA,NA,NA
"30",1.06195716008211,NA,0.676397787076971,NA,NA,NA
"30",1.05354280361748,NA,0.677255930171258,NA,NA,NA
"30",1.04512844715286,NA,0.678107196083824,NA,NA,NA
"30",1.03671409068824,NA,0.678987450990886,NA,NA,NA
"30",1.02829973422361,NA,0.679852929228655,NA,NA,NA
"30",1.01988537775899,NA,0.680669031934944,NA,NA,NA
"30",1.01147102129437,NA,0.68148234877606,NA,NA,NA
"30",1.00305666482974,NA,0.682308343059495,NA,NA,NA
"30",0.994642308365121,NA,0.68315244093685,NA,NA,NA
"30",0.986227951900498,NA,0.683984563432418,NA,NA,NA
"30",0.977813595435874,NA,0.68481185415873,NA,NA,NA
"30",0.969399238971251,NA,0.68564449085651,NA,NA,NA
"30",0.960984882506628,NA,0.686453168907615,NA,NA,NA
"30",0.952570526042004,NA,0.687201820633845,NA,NA,NA
"30",0.944156169577381,NA,0.68796738019046,NA,NA,NA
"30",0.935741813112758,NA,0.688736487575809,NA,NA,NA
"30",0.927327456648134,NA,0.689562874040192,NA,NA,NA
"30",0.918913100183511,NA,0.690331944230827,NA,NA,NA
"30",0.910498743718888,NA,0.69128512331207,NA,NA,NA
"30",0.902084387254265,NA,0.692132789186285,NA,NA,NA
"30",0.893670030789641,NA,0.69286756871039,NA,NA,NA
"30",0.885255674325018,NA,0.693589099400874,NA,NA,NA
"30",0.876841317860395,NA,0.694279145435954,NA,NA,NA
"30",0.868426961395771,NA,0.694917947785201,NA,NA,NA
"30",0.860012604931148,NA,0.695676956341167,NA,NA,NA
"30",0.851598248466524,NA,0.696404379048796,NA,NA,NA
"30",0.843183892001901,NA,0.697173082998789,NA,NA,NA
"30",0.834769535537278,NA,0.697940579883856,NA,NA,NA
"30",0.826355179072654,NA,0.698646359180498,NA,NA,NA
"30",0.817940822608031,NA,0.699330113345338,NA,NA,NA
"30",0.809526466143408,NA,0.700008155063445,NA,NA,NA
"30",0.801112109678785,NA,0.700737000989434,NA,NA,NA
"30",0.792697753214161,NA,0.701539752438324,NA,NA,NA
"30",0.784283396749538,NA,0.702358557143327,NA,NA,NA
"30",0.775869040284915,NA,0.703163858618296,NA,NA,NA
"30",0.767454683820291,NA,0.703896945551418,NA,NA,NA
"30",0.759040327355668,NA,0.704612618001242,NA,NA,NA
"30",0.750625970891045,NA,0.705279624243682,NA,NA,NA
"30",0.742211614426421,NA,0.706014863631028,NA,NA,NA
"30",0.733797257961798,NA,0.706779909987061,NA,NA,NA
"30",0.725382901497175,NA,0.707442566327954,NA,NA,NA
"30",0.716968545032552,NA,0.708152957631994,NA,NA,NA
"30",0.708554188567928,NA,0.708882253608413,NA,NA,NA
"30",0.700139832103305,NA,0.709652481724261,NA,NA,NA
"30",0.691725475638682,NA,0.710441924836991,NA,NA,NA
"30",0.683311119174058,NA,0.711166481894324,NA,NA,NA
"30",0.674896762709435,NA,0.711865454661268,NA,NA,NA
"30",0.666482406244812,NA,0.712538538708201,NA,NA,NA
"30",0.658068049780189,NA,0.713232579417724,NA,NA,NA
"30",0.649653693315565,NA,0.713979483416936,NA,NA,NA
"30",0.641239336850942,NA,0.71474468058363,NA,NA,NA
"30",0.632824980386319,NA,0.715458446670098,NA,NA,NA
"30",0.624410623921695,NA,0.716146365522762,NA,NA,NA
"30",0.615996267457072,NA,0.716879646678125,NA,NA,NA
"30",0.607581910992449,NA,0.717609034410495,NA,NA,NA
"30",0.599167554527825,NA,0.718335956526116,NA,NA,NA
"30",0.590753198063202,NA,0.719005653602059,NA,NA,NA
"30",0.582338841598579,NA,0.719662574780753,NA,NA,NA
"30",0.573924485133956,NA,0.720352983236412,NA,NA,NA
"30",0.565510128669332,NA,0.721067945707251,NA,NA,NA
"30",0.557095772204709,NA,0.721782700564344,NA,NA,NA
"30",0.548681415740086,NA,0.722469056520777,NA,NA,NA
"30",0.540267059275462,NA,0.723082695603649,NA,NA,NA
"30",0.531852702810839,NA,0.723799017073619,NA,NA,NA
"30",0.523438346346216,NA,0.724483712655796,NA,NA,NA
"30",0.515023989881592,NA,0.725085375220812,NA,NA,NA
"30",0.506609633416969,NA,0.725724948116247,NA,NA,NA
"30",0.498195276952345,NA,0.726460370538703,NA,NA,NA
"30",0.489780920487722,NA,0.727191584314434,NA,NA,NA
"30",0.481366564023099,NA,0.72790363763667,NA,NA,NA
"30",0.472952207558476,NA,0.728610381538211,NA,NA,NA
"30",0.464537851093852,NA,0.729269147074538,NA,NA,NA
"30",0.456123494629229,NA,0.729926134489929,NA,NA,NA
"30",0.447709138164606,NA,0.73048837666755,NA,NA,NA
"30",0.439294781699982,NA,0.731041700214708,NA,NA,NA
"30",0.430880425235359,NA,0.731717976912145,NA,NA,NA
"30",0.422466068770736,NA,0.732273993336125,NA,NA,NA
"30",0.414051712306112,NA,0.732890358229167,NA,NA,NA
"30",0.405637355841489,NA,0.7334476579157,NA,NA,NA
"30",0.397222999376866,NA,0.73403294067299,NA,NA,NA
"30",0.388808642912243,NA,0.7346719425876,NA,NA,NA
"30",0.380394286447619,NA,0.735242997936723,NA,NA,NA
"30",0.371979929982996,NA,0.735946934652567,NA,NA,NA
"30",0.363565573518373,NA,0.736468309793171,NA,NA,NA
"30",0.355151217053749,NA,0.736965336502475,NA,NA,NA
"30",0.346736860589126,NA,0.737631289017988,NA,NA,NA
"30",0.338322504124503,NA,0.73827307593463,NA,NA,NA
"30",0.32990814765988,NA,0.738907147663015,NA,NA,NA
"30",0.321493791195256,NA,0.739464748318842,NA,NA,NA
"30",0.313079434730633,NA,0.74008237057747,NA,NA,NA
"30",0.30466507826601,NA,0.740640448523947,NA,NA,NA
"30",0.296250721801386,NA,0.74117098102884,NA,NA,NA
"30",0.287836365336763,NA,0.741730511390397,NA,NA,NA
"30",0.27942200887214,NA,0.742359332943997,NA,NA,NA
"30",0.271007652407516,NA,0.742956223102351,NA,NA,NA
"30",0.262593295942893,NA,0.743522193684677,NA,NA,NA
"30",0.25417893947827,NA,0.744158896506568,NA,NA,NA
"30",0.245764583013647,NA,0.744772196273243,NA,NA,NA
"30",0.237350226549023,NA,0.745427742066565,NA,NA,NA
"30",0.2289358700844,NA,0.746030739072244,NA,NA,NA
"30",0.220521513619777,NA,0.746601646343107,NA,NA,NA
"30",0.212107157155153,NA,0.747171060518731,NA,NA,NA
"30",0.20369280069053,NA,0.747840815521962,NA,NA,NA
"30",0.195278444225907,NA,0.7484165581992,NA,NA,NA
"30",0.186864087761283,NA,0.748923008444485,NA,NA,NA
"30",0.17844973129666,NA,0.749460114369328,NA,NA,NA
"30",0.170035374832037,NA,0.749939923636027,NA,NA,NA
"30",0.161621018367413,NA,0.750494588248344,NA,NA,NA
"30",0.15320666190279,NA,0.751070804449516,NA,NA,NA
"30",0.144792305438167,NA,0.75166414093499,NA,NA,NA
"30",0.136377948973543,NA,0.752244385024757,NA,NA,NA
"30",0.12796359250892,NA,0.752859585336936,NA,NA,NA
"30",0.119549236044297,NA,0.753403006651366,NA,NA,NA
"30",0.111134879579674,NA,0.753921316693887,NA,NA,NA
"30",0.10272052311505,NA,0.754439077439132,NA,NA,NA
"30",0.094306166650427,NA,0.754979422870506,NA,NA,NA
"30",0.0858918101858037,NA,0.755423799013461,NA,NA,NA
"30",0.0774774537211804,NA,0.756016608880609,NA,NA,NA
"30",0.0690630972565571,NA,0.756530086178645,NA,NA,NA
"30",0.0606487407919338,NA,0.757106114082018,NA,NA,NA
"30",0.0522343843273103,NA,0.757733288439287,NA,NA,NA
"30",0.043820027862687,NA,0.758339684484039,NA,NA,NA
"30",0.0354056713980637,NA,0.758955228184157,NA,NA,NA
"30",0.0269913149334404,NA,0.759558392561813,NA,NA,NA
"30",0.0185769584688171,NA,0.76010336162691,NA,NA,NA
"30",0.0101626020041938,NA,0.760666787608402,NA,NA,NA
"30",0.00174824553957054,NA,0.761252484911818,NA,NA,NA
"30",-0.00666611092505276,NA,0.761846093860638,NA,NA,NA
"30",-0.0150804673896761,NA,0.76244470910043,NA,NA,NA
"30",-0.0234948238542994,NA,0.763062122522504,NA,NA,NA
"30",-0.0319091803189226,NA,0.763585631875209,NA,NA,NA
"30",-0.0403235367835459,NA,0.76411900619155,NA,NA,NA
"30",-0.0487378932481692,NA,0.764734747865501,NA,NA,NA
"30",-0.0571522497127925,NA,0.765242294611803,NA,NA,NA
"30",-0.0655666061774158,NA,0.765705477305011,NA,NA,NA
"30",-0.0739809626420391,NA,0.766276147970388,NA,NA,NA
"30",-0.0823953191066624,NA,0.766834110542224,NA,NA,NA
"30",-0.0908096755712857,NA,0.767361375468218,NA,NA,NA
"30",-0.099224032035909,NA,0.767880401862705,NA,NA,NA
"30",-0.107638388500532,NA,0.768478438309699,NA,NA,NA
"30",-0.116052744965156,NA,0.768969625698678,NA,NA,NA
"30",-0.124467101429779,NA,0.769557756028025,NA,NA,NA
"30",-0.132881457894402,NA,0.770057608155545,NA,NA,NA
"30",-0.141295814359026,NA,0.770518714341242,NA,NA,NA
"30",-0.149710170823649,NA,0.771086443663885,NA,NA,NA
"30",-0.158124527288272,NA,0.771645383755266,NA,NA,NA
"30",-0.166538883752896,NA,0.772127609731993,NA,NA,NA
"30",-0.174953240217519,NA,0.772647713229619,NA,NA,NA
"30",-0.183367596682142,NA,0.773175644471031,NA,NA,NA
"30",-0.191781953146765,NA,0.773694611614583,NA,NA,NA
"30",-0.200196309611389,NA,0.774272640279,NA,NA,NA
"30",-0.208610666076012,NA,0.77479417865936,NA,NA,NA
"30",-0.217025022540635,NA,0.775346662343394,NA,NA,NA
"30",-0.225439379005259,NA,0.77588899928578,NA,NA,NA
"30",-0.233853735469882,NA,0.776421402117492,NA,NA,NA
"30",-0.242268091934505,NA,0.776937084540617,NA,NA,NA
"30",-0.250682448399129,NA,0.777432700202747,NA,NA,NA
"30",-0.259096804863752,NA,0.77788651544484,NA,NA,NA
"30",-0.267511161328375,NA,0.778404210160544,NA,NA,NA
"30",-0.275925517792998,NA,0.77894229117722,NA,NA,NA
"30",-0.284339874257622,NA,0.779437106091482,NA,NA,NA
"30",-0.292754230722245,NA,0.779925012656833,NA,NA,NA
"30",-0.301168587186868,NA,0.780504927585075,NA,NA,NA
"30",-0.309582943651492,NA,0.781013968040054,NA,NA,NA
"30",-0.317997300116115,NA,0.78149308177593,NA,NA,NA
"30",-0.326411656580738,NA,0.782097059862061,NA,NA,NA
"30",-0.334826013045362,NA,0.782527855125673,NA,NA,NA
"30",-0.343240369509985,NA,0.783080780618856,NA,NA,NA
"30",-0.351654725974608,NA,0.783646750445007,NA,NA,NA
"30",-0.360069082439232,NA,0.784126707209058,NA,NA,NA
"30",-0.368483438903855,NA,0.784666689806242,NA,NA,NA
"30",-0.376897795368478,NA,0.78518210416361,NA,NA,NA
"30",-0.385312151833102,NA,0.785697195641631,NA,NA,NA
"30",-0.393726508297725,NA,0.786176162895968,NA,NA,NA
"30",-0.402140864762348,NA,0.786661893140678,NA,NA,NA
"30",-0.410555221226971,NA,0.787138784510618,NA,NA,NA
"30",-0.418969577691595,NA,0.787622341773631,NA,NA,NA
"30",-0.427383934156218,NA,0.788082630331945,NA,NA,NA
"30",-0.435798290620841,NA,0.788532755418628,NA,NA,NA
"30",-0.444212647085465,NA,0.788987496786131,NA,NA,NA
"30",-0.452627003550088,NA,0.789479317002736,NA,NA,NA
"30",-0.461041360014711,NA,0.79002414855705,NA,NA,NA
"30",-0.469455716479334,NA,0.790523873427049,NA,NA,NA
"30",-0.477870072943958,NA,0.790959002153011,NA,NA,NA
"30",-0.486284429408581,NA,0.791441275223813,NA,NA,NA
"30",-0.494698785873205,NA,0.791933882956262,NA,NA,NA
"30",-0.503113142337828,NA,0.792472117277483,NA,NA,NA
"30",-0.511527498802451,NA,0.792940853719433,NA,NA,NA
"30",-0.519941855267074,NA,0.79346351389478,NA,NA,NA
"30",-0.528356211731698,NA,0.793923257810433,NA,NA,NA
"30",-0.536770568196321,NA,0.794382576439198,NA,NA,NA
"30",-0.545184924660944,NA,0.794902984272926,NA,NA,NA
"30",-0.553599281125568,NA,0.795312282241545,NA,NA,NA
"30",-0.562013637590191,NA,0.795759782033629,NA,NA,NA
"30",-0.570427994054814,NA,0.79629729275607,NA,NA,NA
"30",-0.578842350519438,NA,0.796818271294193,NA,NA,NA
"30",-0.587256706984061,NA,0.797345928837963,NA,NA,NA
"30",-0.595671063448684,NA,0.797873032778861,NA,NA,NA
"30",-0.604085419913307,NA,0.798327506663108,NA,NA,NA
"30",-0.612499776377931,NA,0.798831462307177,NA,NA,NA
"30",-0.620914132842554,NA,0.799275439042786,NA,NA,NA
"30",-0.629328489307177,NA,0.799769929063541,NA,NA,NA
"30",-0.637742845771801,NA,0.800226181835798,NA,NA,NA
"30",-0.646157202236424,NA,0.800700793381202,NA,NA,NA
"30",-0.654571558701047,NA,0.801140793734807,NA,NA,NA
"30",-0.662985915165671,NA,0.80156462341149,NA,NA,NA
"30",-0.671400271630294,NA,0.802064851875681,NA,NA,NA
"30",-0.679814628094917,NA,0.802597665361388,NA,NA,NA
"30",-0.688228984559541,NA,0.803052858260433,NA,NA,NA
"30",-0.696643341024164,NA,0.80344137846284,NA,NA,NA
"30",-0.705057697488787,NA,0.803887680976192,NA,NA,NA
"30",-0.713472053953411,NA,0.804369176458395,NA,NA,NA
"30",-0.721886410418034,NA,0.804833138329609,NA,NA,NA
"30",-0.730300766882657,NA,0.805314176746764,NA,NA,NA
"30",-0.73871512334728,NA,0.805795920847509,NA,NA,NA
"30",-0.747129479811904,NA,0.806245854395758,NA,NA,NA
"30",-0.755543836276527,NA,0.806744175546676,NA,NA,NA
"30",-0.76395819274115,NA,0.807124781624976,NA,NA,NA
"30",-0.772372549205774,NA,0.807585276889765,NA,NA,NA
"30",-0.780786905670397,NA,0.808011107751203,NA,NA,NA
"30",-0.78920126213502,NA,0.808496339247587,NA,NA,NA
"30",-0.797615618599643,NA,0.808967289216631,NA,NA,NA
"30",-0.806029975064267,NA,0.809421944813457,NA,NA,NA
"30",-0.81444433152889,NA,0.809862050023014,NA,NA,NA
"30",-0.822858687993513,NA,0.810279640166556,NA,NA,NA
"30",-0.831273044458137,NA,0.810744495107853,NA,NA,NA
"30",-0.83968740092276,NA,0.811216126311566,NA,NA,NA
"30",-0.848101757387383,NA,0.811698365118556,NA,NA,NA
"30",-0.856516113852007,NA,0.812152448000603,NA,NA,NA
"30",-0.86493047031663,NA,0.812603863206998,NA,NA,NA
"30",-0.873344826781253,NA,0.812970714179372,NA,NA,NA
"30",-0.881759183245877,NA,0.813400065470903,NA,NA,NA
"30",-0.8901735397105,NA,0.813848883452704,NA,NA,NA
"30",-0.898587896175123,NA,0.814275657665799,NA,NA,NA
"30",-0.907002252639747,NA,0.814724372073954,NA,NA,NA
"30",-0.91541660910437,NA,0.815171448402693,NA,NA,NA
"30",-0.923830965568993,NA,0.815616891593541,NA,NA,NA
"30",-0.932245322033616,NA,0.81606037685692,NA,NA,NA
"30",-0.94065967849824,NA,0.816504906435744,NA,NA,NA
"30",-0.949074034962863,NA,0.81694326168205,NA,NA,NA
"30",-0.957488391427486,NA,0.817379075369294,NA,NA,NA
"30",-0.96590274789211,NA,0.817759137604353,NA,NA,NA
"30",-0.974317104356733,NA,0.818196250794806,NA,NA,NA
"30",-0.982731460821356,NA,0.818646879202067,NA,NA,NA
"30",-0.99114581728598,NA,0.819095832869056,NA,NA,NA
"30",-0.999560173750603,NA,0.819502126237032,NA,NA,NA
"30",-1.00797453021523,NA,0.819981322522345,NA,NA,NA
"30",-1.01638888667985,NA,0.820411605405759,NA,NA,NA
"30",-1.02480324314447,NA,0.820838109804099,NA,NA,NA
"30",-1.0332175996091,NA,0.821263796147045,NA,NA,NA
"30",-1.04163195607372,NA,0.821715710200126,NA,NA,NA
"30",-1.05004631253834,NA,0.822125268086576,NA,NA,NA
"30",-1.05846066900297,NA,0.822569815833803,NA,NA,NA
"30",-1.06687502546759,NA,0.823025173165763,NA,NA,NA
"30",-1.07528938193221,NA,0.823438322908296,NA,NA,NA
"30",-1.08370373839684,NA,0.823827418941217,NA,NA,NA
"30",-1.09211809486146,NA,0.824263598180809,NA,NA,NA
"30",-1.10053245132608,NA,0.824696429675681,NA,NA,NA
"30",-1.10894680779071,NA,0.825109534000722,NA,NA,NA
"30",-1.11736116425533,NA,0.8255382566226,NA,NA,NA
"30",-1.12577552071995,NA,0.825989031534511,NA,NA,NA
"30",-1.13418987718458,NA,0.826433542870333,NA,NA,NA
"30",-1.1426042336492,NA,0.826859769285602,NA,NA,NA
"30",-1.15101859011382,NA,0.827329052667687,NA,NA,NA
"30",-1.15943294657845,NA,0.827752899769499,NA,NA,NA
"30",-1.16784730304307,NA,0.828170965219683,NA,NA,NA
"30",-1.17626165950769,NA,0.828583901928422,NA,NA,NA
"30",-1.18467601597232,NA,0.828940598725377,NA,NA,NA
"30",-1.19309037243694,NA,0.829360353853919,NA,NA,NA
"30",-1.20150472890156,NA,0.829764518870876,NA,NA,NA
"30",-1.20991908536619,NA,0.83013156735004,NA,NA,NA
"30",-1.21833344183081,NA,0.830518217489264,NA,NA,NA
"30",-1.22674779829543,NA,0.830905349415266,NA,NA,NA
"30",-1.23516215476006,NA,0.831291575841925,NA,NA,NA
"30",-1.24357651122468,NA,0.831681349411966,NA,NA,NA
"30",-1.2519908676893,NA,0.832092998085304,NA,NA,NA
"30",-1.26040522415393,NA,0.832440938283159,NA,NA,NA
"30",-1.26881958061855,NA,0.832775867904799,NA,NA,NA
"30",-1.27723393708317,NA,0.833160410274464,NA,NA,NA
"30",-1.2856482935478,NA,0.833567244927428,NA,NA,NA
"30",-1.29406265001242,NA,0.833972673525165,NA,NA,NA
"30",-1.30247700647704,NA,0.834380865077984,NA,NA,NA
"30",-1.31089136294167,NA,0.834760516104282,NA,NA,NA
"30",-1.31930571940629,NA,0.835162584214203,NA,NA,NA
"30",-1.32772007587091,NA,0.835535039253026,NA,NA,NA
"30",-1.33613443233554,NA,0.83592084201731,NA,NA,NA
"30",-1.34454878880016,NA,0.836328918681608,NA,NA,NA
"30",-1.35296314526478,NA,0.836748737617716,NA,NA,NA
"30",-1.36137750172941,NA,0.837171811848665,NA,NA,NA
"30",-1.36979185819403,NA,0.837500215863903,NA,NA,NA
"30",-1.37820621465865,NA,0.837910065412773,NA,NA,NA
"30",-1.38662057112328,NA,0.838279426126336,NA,NA,NA
"30",-1.3950349275879,NA,0.838618063320976,NA,NA,NA
"30",-1.40344928405252,NA,0.838986466669732,NA,NA,NA
"30",-1.41186364051714,NA,0.839356949973225,NA,NA,NA
"30",-1.42027799698177,NA,0.839788874123201,NA,NA,NA
"30",-1.42869235344639,NA,0.840214155544653,NA,NA,NA
"30",-1.43710670991101,NA,0.840573227105576,NA,NA,NA
"30",-1.44552106637564,NA,0.840935391668725,NA,NA,NA
"30",-1.45393542284026,NA,0.841286082147545,NA,NA,NA
"30",-1.46234977930488,NA,0.841634354986173,NA,NA,NA
"30",-1.47076413576951,NA,0.84198134367283,NA,NA,NA
"30",-1.47917849223413,NA,0.842327052357834,NA,NA,NA
"30",-1.48759284869875,NA,0.842669675290153,NA,NA,NA
"30",-1.49600720516338,NA,0.843063082770242,NA,NA,NA
"30",-1.504421561628,NA,0.843455179095745,NA,NA,NA
"30",-1.51283591809262,NA,0.843807116977606,NA,NA,NA
"30",-1.52125027455725,NA,0.84415551103081,NA,NA,NA
"30",-1.52966463102187,NA,0.844517594313195,NA,NA,NA
"30",-1.53807898748649,NA,0.84488048418954,NA,NA,NA
"30",-1.54649334395112,NA,0.845224402134633,NA,NA,NA
"30",-1.55490770041574,NA,0.845613545945194,NA,NA,NA
"30",-1.56332205688036,NA,0.845997242422067,NA,NA,NA
"30",-1.57173641334499,NA,0.846351145421518,NA,NA,NA
"30",-1.58015076980961,NA,0.84668922091204,NA,NA,NA
"30",-1.58856512627423,NA,0.847022835211979,NA,NA,NA
"30",-1.59697948273886,NA,0.847319091112581,NA,NA,NA
"30",-1.60539383920348,NA,0.847713060103567,NA,NA,NA
"30",-1.6138081956681,NA,0.848104513468776,NA,NA,NA
"30",-1.62222255213273,NA,0.848470992709587,NA,NA,NA
"30",-1.63063690859735,NA,0.848846749321778,NA,NA,NA
"30",-1.63905126506197,NA,0.849166214850567,NA,NA,NA
"30",-1.6474656215266,NA,0.849465826634207,NA,NA,NA
"30",-1.65587997799122,NA,0.849789057589765,NA,NA,NA
"30",-1.66429433445584,NA,0.850037064692546,NA,NA,NA
"30",-1.67270869092047,NA,0.850320975691841,NA,NA,NA
"30",-1.68112304738509,NA,0.850687400996637,NA,NA,NA
"30",-1.68953740384971,NA,0.851056952146203,NA,NA,NA
"30",-1.69795176031434,NA,0.851371117455649,NA,NA,NA
"30",-1.70636611677896,NA,0.851732008950809,NA,NA,NA
"30",-1.71478047324358,NA,0.852092915100509,NA,NA,NA
"30",-1.72319482970821,NA,0.852456787873753,NA,NA,NA
"30",-1.73160918617283,NA,0.852818668236077,NA,NA,NA
"30",-1.74002354263745,NA,0.853179404906685,NA,NA,NA
"30",-1.74843789910208,NA,0.853535159200016,NA,NA,NA
"30",-1.7568522555667,NA,0.853827972008612,NA,NA,NA
"30",-1.76526661203132,NA,0.854117498508656,NA,NA,NA
"30",-1.77368096849595,NA,0.854463875863691,NA,NA,NA
"30",-1.78209532496057,NA,0.854784178937542,NA,NA,NA
"30",-1.79050968142519,NA,0.855078243550456,NA,NA,NA
"30",-1.79892403788982,NA,0.855410955704004,NA,NA,NA
"30",-1.80733839435444,NA,0.855723376170248,NA,NA,NA
"30",-1.81575275081906,NA,0.856032280620141,NA,NA,NA
"30",-1.82416710728369,NA,0.856368026330637,NA,NA,NA
"30",-1.83258146374831,NA,0.856683208418314,NA,NA,NA
"30",NA,NA,NA,-1.2783372196148,0.828433083940047,NA
"30",NA,NA,NA,-1.2783372196148,0.811604085193587,NA
"30",NA,NA,NA,-0.609037599376997,0.791177535863724,NA
"30",NA,NA,NA,-0.78403388457506,0.809335037763003,NA
"30",NA,NA,NA,-0.419938762426469,0.753984366488996,NA
"30",NA,NA,NA,-0.363127226645303,0.759126493450385,NA
"30",NA,NA,NA,-0.224266564157149,0.747626205124569,NA
"30",NA,NA,NA,0.108369746677076,0.742868964691317,NA
"30",NA,NA,NA,0.585917027663586,0.67622942406883,NA
"30",NA,NA,NA,0.474833798299752,0.699543213920508,NA
"30",NA,NA,NA,1.11391244996157,0.598258996068277,NA
"30",NA,NA,NA,1.06266747820157,0.648017437193177,NA
"30",NA,NA,NA,1.76176271579155,0.563876141062489,NA
"30",NA,NA,NA,1.69311055290737,0.527945765825556,NA
"30",NA,NA,NA,2.25811178553658,0.412405023283468,NA
"30",NA,NA,NA,2.33982296565625,0.432650067880015,NA
"30",NA,NA,NA,2.71059351945777,0.417761764678366,NA
"30",NA,NA,NA,2.59045970465896,0.437022334327791,NA
"30",NA,NA,NA,3.06907700176114,0.354363766246775,NA
"30",NA,NA,NA,3.0348878163145,0.380280608405862,NA
"30",NA,NA,NA,3.95355949797788,0.21185931337505,NA
"30",NA,NA,NA,3.88865384119353,0.269201104652155,NA
"30",NA,NA,NA,5.30910858979168,0.0099,NA
"30",NA,NA,NA,5.27207812853643,0.0099,NA
"30",NA,NA,NA,6.57336064441037,0.0099,NA
"30",NA,NA,NA,6.53062382059247,0.0099,NA
"30",NA,NA,NA,-1.83258146374831,0.847368005538678,NA
"30",NA,NA,NA,-1.83258146374831,0.814706529180608,NA
"30",NA,NA,NA,-1.83258146374831,0.815125596516578,NA
"30",NA,NA,NA,-1.07470158461539,0.814303920140853,NA
"30",NA,NA,NA,-1.06529506978158,0.834606800226084,NA
"30",NA,NA,NA,0.0534884072634477,0.776120528191279,NA
"30",NA,NA,NA,0.169642916436879,0.735235334809666,NA
"30",NA,NA,NA,0.609869793906954,0.698299159556968,NA
"30",NA,NA,NA,0.784524758722079,0.657077211205798,NA
"30",NA,NA,NA,1.41508998775098,0.635012985693123,NA
"30",NA,NA,NA,1.28331074783462,0.66719801511423,NA
"30",NA,NA,NA,1.73537464197518,0.598273066420198,NA
"30",NA,NA,NA,1.6183493689927,0.567322473910866,NA
"30",NA,NA,NA,2.52725300188467,0.401088513010673,NA
"30",NA,NA,NA,2.30530572671156,0.402930465468022,NA
"30",NA,NA,NA,3.41037224987567,0.31683036392322,NA
"30",NA,NA,NA,3.50367011629112,0.375232379215924,NA
"30",NA,NA,NA,4.18088047716979,0.364850553252913,NA
"30",NA,NA,NA,4.10652506577655,0.374416482448592,NA
"30",NA,NA,NA,5.01593274844171,0.254433288944966,NA
"30",NA,NA,NA,5.02645703890269,0.0549553589011267,NA
"30",NA,NA,NA,5.71521081041158,0.0099,NA
"30",NA,NA,NA,5.65699340800493,0.0099,NA
"30",NA,NA,NA,6.06952479824323,0.0099,NA
"30",NA,NA,NA,6.07582840943818,0.0099,NA
"30",NA,NA,NA,NA,NA,-0.688075711707128
"30",NA,NA,NA,NA,NA,-1.50751073326821
"30",NA,NA,NA,NA,NA,-0.0825485131056065
"406",-1.96611285637283,0.782596819282325,0.748713183693786,NA,NA,NA
"406",-1.95582112335317,0.782566554582675,0.748709607329239,NA,NA,NA
"406",-1.9455293903335,0.782550151601117,0.748704452821115,NA,NA,NA
"406",-1.93523765731383,0.782534000572183,0.748688761407782,NA,NA,NA
"406",-1.92494592429416,0.782517619082171,0.748672919968951,NA,NA,NA
"406",-1.9146541912745,0.782507021374126,0.748656927073008,NA,NA,NA
"406",-1.90436245825483,0.782475359722215,0.748640781274738,NA,NA,NA
"406",-1.89407072523516,0.782452797055828,0.748624504342261,NA,NA,NA
"406",-1.8837789922155,0.78243374351765,0.748613559140984,NA,NA,NA
"406",-1.87348725919583,0.782400173020551,0.748606008009636,NA,NA,NA
"406",-1.86319552617616,0.782385454599216,0.74859837371764,NA,NA,NA
"406",-1.85290379315649,0.782371685584269,0.748590655349956,NA,NA,NA
"406",-1.84261206013683,0.782355617414562,0.748582851981498,NA,NA,NA
"406",-1.83232032711716,0.782329773502053,0.748575111245987,NA,NA,NA
"406",-1.82202859409749,0.782314022466987,0.748567311442495,NA,NA,NA
"406",-1.81173686107783,0.782299874905736,0.748559425474556,NA,NA,NA
"406",-1.80144512805816,0.782285170723117,0.748551452391253,NA,NA,NA
"406",-1.79115339503849,0.78227031469164,0.7485433912312,NA,NA,NA
"406",-1.78086166201882,0.782249412754358,0.748535241022422,NA,NA,NA
"406",-1.77056992899916,0.782232850808849,0.748527000782237,NA,NA,NA
"406",-1.76027819597949,0.782215369931326,0.748518669517146,NA,NA,NA
"406",-1.74998646295982,0.782197342754792,0.748510246222705,NA,NA,NA
"406",-1.73969472994016,0.782175132345104,0.748501926895765,NA,NA,NA
"406",-1.72940299692049,0.782147768347457,0.748494498372361,NA,NA,NA
"406",-1.71911126390082,0.782128459126966,0.748486986679239,NA,NA,NA
"406",-1.70881953088115,0.782098220326515,0.748479390886083,NA,NA,NA
"406",-1.69852779786149,0.782076951296346,0.748471835033246,NA,NA,NA
"406",-1.68823606484182,0.782038779425631,0.748464396856438,NA,NA,NA
"406",-1.67794433182215,0.782003999243484,0.748456089446762,NA,NA,NA
"406",-1.66765259880249,0.781970430702693,0.748448147740838,NA,NA,NA
"406",-1.65736086578282,0.781952787085427,0.748440117125171,NA,NA,NA
"406",-1.64706913276315,0.781936430493618,0.748431996605363,NA,NA,NA
"406",-1.63677739974348,0.781918367705182,0.74842378517592,NA,NA,NA
"406",-1.62648566672382,0.781896440125741,0.748415481820124,NA,NA,NA
"406",-1.61619393370415,0.781875556788438,0.748391955524037,NA,NA,NA
"406",-1.60590220068448,0.78185283881385,0.748379927120662,NA,NA,NA
"406",-1.59561046766482,0.781828772131429,0.748368640458677,NA,NA,NA
"406",-1.58531873464515,0.781802367016455,0.748357247087403,NA,NA,NA
"406",-1.57502700162548,0.781775567322816,0.748340573363953,NA,NA,NA
"406",-1.56473526860581,0.781750427290153,0.748314832106789,NA,NA,NA
"406",-1.55444353558615,0.781722696492313,0.748288853694846,NA,NA,NA
"406",-1.54415180256648,0.781699310932932,0.748262635950747,NA,NA,NA
"406",-1.53386006954681,0.781674609413032,0.748236176677272,NA,NA,NA
"406",-1.52356833652714,0.781647554072893,0.748209473657183,NA,NA,NA
"406",-1.51327660350748,0.781618763995269,0.748194246462754,NA,NA,NA
"406",-1.50298487048781,0.781589702544563,0.748175610389731,NA,NA,NA
"406",-1.49269313746814,0.781552524743204,0.748160248794491,NA,NA,NA
"406",-1.48240140444848,0.781519816543038,0.748144727784693,NA,NA,NA
"406",-1.47210967142881,0.781486805956823,0.748129402762746,NA,NA,NA
"406",-1.46181793840914,0.781453490202323,0.748113952829049,NA,NA,NA
"406",-1.45152620538947,0.781427394363921,0.748098341131894,NA,NA,NA
"406",-1.44123447236981,0.781402471374466,0.748083035054527,NA,NA,NA
"406",-1.43094273935014,0.781377546016231,0.748067933834933,NA,NA,NA
"406",-1.42065100633047,0.781351181699334,0.748052672248777,NA,NA,NA
"406",-1.41035927331081,0.781315509444543,0.748037248596418,NA,NA,NA
"406",-1.40006754029114,0.781283590168327,0.748021661160272,NA,NA,NA
"406",-1.38977580727147,0.781256262439634,0.74800590820463,NA,NA,NA
"406",-1.3794840742518,0.781233682706458,0.747989987975461,NA,NA,NA
"406",-1.36919234123214,0.781205864162814,0.747973898700226,NA,NA,NA
"406",-1.35890060821247,0.781181963319547,0.747957638587681,NA,NA,NA
"406",-1.3486088751928,0.781143585336201,0.747941205827684,NA,NA,NA
"406",-1.33831714217314,0.781103433425701,0.747924598590995,NA,NA,NA
"406",-1.32802540915347,0.78106739468809,0.747907815029078,NA,NA,NA
"406",-1.3177336761338,0.781034855397802,0.747890853273897,NA,NA,NA
"406",-1.30744194311413,0.780998729281218,0.747856467740131,NA,NA,NA
"406",-1.29715021009447,0.780964312774978,0.747819574647827,NA,NA,NA
"406",-1.2868584770748,0.780937278423748,0.747782342032652,NA,NA,NA
"406",-1.27656674405513,0.780904138870998,0.747763744703085,NA,NA,NA
"406",-1.26627501103547,0.780870687573325,0.747748074854091,NA,NA,NA
"406",-1.2559832780158,0.780850848694334,0.747732421060695,NA,NA,NA
"406",-1.24569154499613,0.780802838041688,0.747712891882398,NA,NA,NA
"406",-1.23539981197646,0.780757371484115,0.747673462782143,NA,NA,NA
"406",-1.2251080789568,0.780713870490794,0.747654412029692,NA,NA,NA
"406",-1.21481634593713,0.780666099778937,0.747635164186408,NA,NA,NA
"406",-1.20452461291746,0.780631174212661,0.747615717203534,NA,NA,NA
"406",-1.1942328798978,0.780598435552144,0.747596964851858,NA,NA,NA
"406",-1.18394114687813,0.780557939181228,0.747578200590765,NA,NA,NA
"406",-1.17364941385846,0.780522165150086,0.747559237989852,NA,NA,NA
"406",-1.16335768083879,0.780488037919094,0.74754007495351,NA,NA,NA
"406",-1.15306594781913,0.780453043109151,0.747520709364062,NA,NA,NA
"406",-1.14277421479946,0.780417987100182,0.747502089202591,NA,NA,NA
"406",-1.13248248177979,0.780376985899101,0.7474833491585,NA,NA,NA
"406",-1.12219074876013,0.780346455232969,0.747464976526344,NA,NA,NA
"406",-1.11189901574046,0.780310801346764,0.747446405963352,NA,NA,NA
"406",-1.10160728272079,0.780263456872939,0.747427635341949,NA,NA,NA
"406",-1.09131554970112,0.780234325768142,0.747373342824259,NA,NA,NA
"406",-1.08102381668146,0.780195032860179,0.747315973910964,NA,NA,NA
"406",-1.07073208366179,0.780151662150859,0.747258099469965,NA,NA,NA
"406",-1.06044035064212,0.780110797393123,0.747199715084386,NA,NA,NA
"406",-1.05014861762246,0.780067726130916,0.74714081629946,NA,NA,NA
"406",-1.03985688460279,0.780033846338431,0.747087233583856,NA,NA,NA
"406",-1.02956515158312,0.780002910739192,0.74707130609571,NA,NA,NA
"406",-1.01927341856345,0.779952885650851,0.747056121625663,NA,NA,NA
"406",-1.00898168554379,0.77991429977506,0.747042277637513,NA,NA,NA
"406",-0.99868995252412,0.779881390967477,0.747028273755819,NA,NA,NA
"406",-0.988398219504453,0.779838325425763,0.747014108137021,NA,NA,NA
"406",-0.978106486484785,0.779794855338891,0.746999778916376,NA,NA,NA
"406",-0.967814753465118,0.779737912575375,0.746985284207719,NA,NA,NA
"406",-0.957523020445451,0.779698571334474,0.746970622103212,NA,NA,NA
"406",-0.947231287425784,0.779658742501396,0.746955790673107,NA,NA,NA
"406",-0.936939554406117,0.779606847859668,0.746940787965484,NA,NA,NA
"406",-0.92664782138645,0.779569455253149,0.74692561200601,NA,NA,NA
"406",-0.916356088366783,0.779528124487969,0.746910260797674,NA,NA,NA
"406",-0.906064355347115,0.779493813706066,0.746894732320535,NA,NA,NA
"406",-0.895772622327448,0.779436725400463,0.746879024531457,NA,NA,NA
"406",-0.885480889307781,0.779397003513134,0.746833358241011,NA,NA,NA
"406",-0.875189156288114,0.779349311536748,0.746779311270939,NA,NA,NA
"406",-0.864897423268447,0.779306184169554,0.746733448575118,NA,NA,NA
"406",-0.85460569024878,0.779259175381662,0.746713950171908,NA,NA,NA
"406",-0.844313957229112,0.779211299547704,0.746694234854566,NA,NA,NA
"406",-0.834022224209445,0.779163738769144,0.746674300201289,NA,NA,NA
"406",-0.823730491189778,0.779119507437912,0.746654143763227,NA,NA,NA
"406",-0.813438758170111,0.779057830714841,0.746634656053602,NA,NA,NA
"406",-0.803147025150444,0.779000069123016,0.746616021322756,NA,NA,NA
"406",-0.792855292130777,0.778942746798383,0.746597172307325,NA,NA,NA
"406",-0.782563559111109,0.778888826391475,0.746578106548935,NA,NA,NA
"406",-0.772271826091442,0.778830337954827,0.746550593883523,NA,NA,NA
"406",-0.761980093071775,0.778769617343653,0.74651164754487,NA,NA,NA
"406",-0.751688360052108,0.778716077930474,0.746472316674403,NA,NA,NA
"406",-0.741396627032441,0.778667951069852,0.746432597493528,NA,NA,NA
"406",-0.731104894012774,0.778611219860935,0.746386159510869,NA,NA,NA
"406",-0.720813160993107,0.778552037685801,0.746302772920641,NA,NA,NA
"406",-0.710521427973439,0.778486770108352,0.746238618924384,NA,NA,NA
"406",-0.700229694953772,0.778430653062818,0.746214789687644,NA,NA,NA
"406",-0.689937961934105,0.778371936802887,0.746191898064246,NA,NA,NA
"406",-0.679646228914438,0.778309194328354,0.746168741311367,NA,NA,NA
"406",-0.669354495894771,0.778259011665885,0.746140965026886,NA,NA,NA
"406",-0.659062762875104,0.778188022716156,0.746076081788809,NA,NA,NA
"406",-0.648771029855436,0.77813288729245,0.746042767685207,NA,NA,NA
"406",-0.638479296835769,0.778062222931771,0.745951249534861,NA,NA,NA
"406",-0.628187563816102,0.77799295276832,0.745925529674209,NA,NA,NA
"406",-0.617895830796435,0.777927671334314,0.745899709393262,NA,NA,NA
"406",-0.607604097776768,0.777860198657545,0.745872285527175,NA,NA,NA
"406",-0.597312364757101,0.777787665555885,0.745825418022983,NA,NA,NA
"406",-0.587020631737433,0.777734869067415,0.745778090655098,NA,NA,NA
"406",-0.576728898717766,0.77768052851702,0.745731015291734,NA,NA,NA
"406",-0.566437165698099,0.777608915572895,0.745688133854156,NA,NA,NA
"406",-0.556145432678432,0.777541456006276,0.745651701585942,NA,NA,NA
"406",-0.545853699658765,0.777479058360795,0.745614879193651,NA,NA,NA
"406",-0.535561966639098,0.777425769077935,0.745577662517923,NA,NA,NA
"406",-0.52527023361943,0.777354076580774,0.745540047355468,NA,NA,NA
"406",-0.514978500599763,0.77728515543049,0.745503002913337,NA,NA,NA
"406",-0.504686767580096,0.777223027253438,0.745466030560464,NA,NA,NA
"406",-0.494395034560429,0.777149191734349,0.745428659025526,NA,NA,NA
"406",-0.484103301540762,0.777058972099775,0.745390884018857,NA,NA,NA
"406",-0.473811568521095,0.776979856785372,0.745351851231616,NA,NA,NA
"406",-0.463519835501427,0.776912638337251,0.745310992943762,NA,NA,NA
"406",-0.45322810248176,0.776831813731695,0.745268337033532,NA,NA,NA
"406",-0.442936369462093,0.776752223530636,0.74521391029138,NA,NA,NA
"406",-0.432644636442426,0.776683551000354,0.745160112216388,NA,NA,NA
"406",-0.422352903422759,0.776600034665862,0.745107032502259,NA,NA,NA
"406",-0.412061170403092,0.776519932141318,0.745050533927125,NA,NA,NA
"406",-0.401769437383424,0.776441611983417,0.744996669312662,NA,NA,NA
"406",-0.391477704363757,0.776358291695678,0.744948623307929,NA,NA,NA
"406",-0.38118597134409,0.776273204202095,0.744918934885269,NA,NA,NA
"406",-0.370894238324423,0.776192911909227,0.744888908911007,NA,NA,NA
"406",-0.360602505304756,0.776115289626411,0.744859637603469,NA,NA,NA
"406",-0.350310772285089,0.77604326738094,0.744830742953221,NA,NA,NA
"406",-0.340019039265422,0.775956523797201,0.744777359101812,NA,NA,NA
"406",-0.329727306245754,0.775887096164077,0.744712760939707,NA,NA,NA
"406",-0.319435573226087,0.775819104128972,0.744644306775101,NA,NA,NA
"406",-0.30914384020642,0.775744784806582,0.744575195871411,NA,NA,NA
"406",-0.298852107186753,0.775662600930867,0.744510062750802,NA,NA,NA
"406",-0.288560374167086,0.775574511586856,0.744485775939171,NA,NA,NA
"406",-0.278268641147419,0.775485042752069,0.744462511617653,NA,NA,NA
"406",-0.267976908127751,0.775411259384069,0.744436115509402,NA,NA,NA
"406",-0.257685175108084,0.775330366637617,0.744380432100168,NA,NA,NA
"406",-0.247393442088417,0.775236914797553,0.744345575536693,NA,NA,NA
"406",-0.23710170906875,0.775131544949182,0.744310320914201,NA,NA,NA
"406",-0.226809976049083,0.775029428531885,0.744272024326982,NA,NA,NA
"406",-0.216518243029416,0.774952828545244,0.744205417535351,NA,NA,NA
"406",-0.206226510009748,0.774876445047336,0.744138137480079,NA,NA,NA
"406",-0.195934776990081,0.774782603117666,0.744071296290862,NA,NA,NA
"406",-0.185643043970414,0.774702583712847,0.744003780766799,NA,NA,NA
"406",-0.175351310950747,0.774605716374734,0.743911921964796,NA,NA,NA
"406",-0.16505957793108,0.774510474138728,0.743857331811689,NA,NA,NA
"406",-0.154767844911413,0.774398533974095,0.743796993870395,NA,NA,NA
"406",-0.144476111891745,0.774301935171294,0.743724880998092,NA,NA,NA
"406",-0.134184378872078,0.774204551369397,0.743655510679515,NA,NA,NA
"406",-0.123892645852411,0.774112909915325,0.743612203807267,NA,NA,NA
"406",-0.113600912832744,0.774014910464212,0.743568413491019,NA,NA,NA
"406",-0.103309179813077,0.773894797884258,0.743499886367259,NA,NA,NA
"406",-0.0930174467934097,0.773797147820297,0.743405639466895,NA,NA,NA
"406",-0.0827257137737425,0.773691677079171,0.743330621459647,NA,NA,NA
"406",-0.0724339807540755,0.773572926437814,0.743244381504724,NA,NA,NA
"406",-0.0621422477344082,0.773468224778707,0.743133734613418,NA,NA,NA
"406",-0.051850514714741,0.773362012858205,0.743053579291763,NA,NA,NA
"406",-0.041558781695074,0.77326021409619,0.743001370885882,NA,NA,NA
"406",-0.0312670486754068,0.773155937575313,0.742924418038236,NA,NA,NA
"406",-0.0209753156557395,0.773038991780371,0.742825500579231,NA,NA,NA
"406",-0.0106835826360725,0.772925877754373,0.742739828154618,NA,NA,NA
"406",-0.00039184961640526,0.772812096224668,0.742688656745749,NA,NA,NA
"406",0.00989988340326176,0.772695514486606,0.7426351559049,NA,NA,NA
"406",0.020191616422929,0.772586228080989,0.742581578977197,NA,NA,NA
"406",0.0304833494425962,0.772473913366924,0.742540306603237,NA,NA,NA
"406",0.0407750824622635,0.772353684239796,0.742506038130998,NA,NA,NA
"406",0.0510668154819307,0.772242576894488,0.742458557632412,NA,NA,NA
"406",0.0613585485015975,0.772138690101456,0.742371459021716,NA,NA,NA
"406",0.0716502815212647,0.772028388767041,0.742298600104092,NA,NA,NA
"406",0.081942014540932,0.771918447600093,0.742233112928033,NA,NA,NA
"406",0.0922337475605992,0.771807503798185,0.742122524231454,NA,NA,NA
"406",0.102525480580266,0.771688913034753,0.742001147754761,NA,NA,NA
"406",0.112817213599933,0.771569917519829,0.741906445036232,NA,NA,NA
"406",0.1231089466196,0.771449137005864,0.741810674800569,NA,NA,NA
"406",0.133400679639268,0.771323767195906,0.74171343711681,NA,NA,NA
"406",0.143692412658935,0.771208757615662,0.741635095359158,NA,NA,NA
"406",0.153984145678602,0.771083149390898,0.741527151964184,NA,NA,NA
"406",0.164275878698269,0.770974777558863,0.741458777427437,NA,NA,NA
"406",0.174567611717936,0.770858133015993,0.741351897091401,NA,NA,NA
"406",0.184859344737603,0.770737807018288,0.741243973519195,NA,NA,NA
"406",0.195151077757271,0.770620279834233,0.741135338795597,NA,NA,NA
"406",0.205442810776938,0.770510305505299,0.74105217071138,NA,NA,NA
"406",0.215734543796605,0.770373429302028,0.74098383884464,NA,NA,NA
"406",0.226026276816272,0.77022904715869,0.740917431138699,NA,NA,NA
"406",0.236318009835939,0.770081340365574,0.740851627694005,NA,NA,NA
"406",0.246609742855606,0.769933464722869,0.740783286692444,NA,NA,NA
"406",0.256901475875274,0.769797796877181,0.740709890394341,NA,NA,NA
"406",0.267193208894941,0.769640634798592,0.740593361330012,NA,NA,NA
"406",0.277484941914608,0.769495464396739,0.740474379847327,NA,NA,NA
"406",0.287776674934275,0.769359391173573,0.740389210980989,NA,NA,NA
"406",0.298068407953942,0.769233893113255,0.740280811757653,NA,NA,NA
"406",0.308360140973609,0.769075344405747,0.740221226277618,NA,NA,NA
"406",0.318651873993277,0.768920773514709,0.740127819523759,NA,NA,NA
"406",0.328943607012944,0.768779447737301,0.740039125777385,NA,NA,NA
"406",0.339235340032611,0.768617933201782,0.739927997316473,NA,NA,NA
"406",0.349527073052278,0.768453469741082,0.739800862725559,NA,NA,NA
"406",0.359818806071945,0.768305546476888,0.739676992262008,NA,NA,NA
"406",0.370110539091612,0.768164891680415,0.739540054538387,NA,NA,NA
"406",0.38040227211128,0.768014344687896,0.739403931868144,NA,NA,NA
"406",0.390694005130947,0.767879306846009,0.739273245926497,NA,NA,NA
"406",0.400985738150614,0.767727021484514,0.739125199309762,NA,NA,NA
"406",0.411277471170281,0.767561952186206,0.739002466048441,NA,NA,NA
"406",0.421569204189948,0.767409068193779,0.738838605832979,NA,NA,NA
"406",0.431860937209615,0.767239048912927,0.738692168835799,NA,NA,NA
"406",0.442152670229283,0.767058295126982,0.738544406665563,NA,NA,NA
"406",0.45244440324895,0.766900390099337,0.738395315928529,NA,NA,NA
"406",0.462736136268617,0.766748200175512,0.73824544354659,NA,NA,NA
"406",0.473027869288284,0.766574611147413,0.73809532128516,NA,NA,NA
"406",0.483319602307951,0.766428819088595,0.737948167337239,NA,NA,NA
"406",0.493611335327618,0.766266017781647,0.737882331843405,NA,NA,NA
"406",0.503903068347286,0.766112337907272,0.737761019463001,NA,NA,NA
"406",0.514194801366953,0.765951870237124,0.737652430822916,NA,NA,NA
"406",0.52448653438662,0.765790582817343,0.737507565763047,NA,NA,NA
"406",0.534778267406287,0.765603995067079,0.737320736013018,NA,NA,NA
"406",0.545070000425954,0.76543051511114,0.737157899497827,NA,NA,NA
"406",0.555361733445621,0.765248547150994,0.736971265308603,NA,NA,NA
"406",0.565653466465289,0.765048662817403,0.73686257641603,NA,NA,NA
"406",0.575945199484956,0.764866534504736,0.73675058849177,NA,NA,NA
"406",0.586236932504623,0.764681949466764,0.736597922577959,NA,NA,NA
"406",0.59652866552429,0.764489404889275,0.736472830060274,NA,NA,NA
"406",0.606820398543957,0.764329389193684,0.736313971693938,NA,NA,NA
"406",0.617112131563624,0.764141187084344,0.736128920488212,NA,NA,NA
"406",0.627403864583292,0.763971817596991,0.735988289120933,NA,NA,NA
"406",0.637695597602959,0.763757306171788,0.735820053201291,NA,NA,NA
"406",0.647987330622626,0.763567884690846,0.735635082249689,NA,NA,NA
"406",0.658279063642293,0.763373270628248,0.735488311067476,NA,NA,NA
"406",0.66857079666196,0.763165049934068,0.735324368489692,NA,NA,NA
"406",0.678862529681627,0.762958298771327,0.735166560437768,NA,NA,NA
"406",0.689154262701295,0.762755334368798,0.734996635716476,NA,NA,NA
"406",0.699445995720961,0.762560937727557,0.734875259782707,NA,NA,NA
"406",0.709737728740629,0.762350749224071,0.73470147772544,NA,NA,NA
"406",0.720029461760296,0.762144956955087,0.73454629831061,NA,NA,NA
"406",0.730321194779963,0.7619238717521,0.734400730384462,NA,NA,NA
"406",0.74061292779963,0.761704908350495,0.734231622083333,NA,NA,NA
"406",0.750904660819298,0.761497673134119,0.734056695945358,NA,NA,NA
"406",0.761196393838964,0.761261917731202,0.733894966825184,NA,NA,NA
"406",0.771488126858632,0.761033588273731,0.733687971205928,NA,NA,NA
"406",0.781779859878299,0.760821029270415,0.733565930297728,NA,NA,NA
"406",0.792071592897966,0.760594727954209,0.733346302956393,NA,NA,NA
"406",0.802363325917633,0.760351444157325,0.733171634507359,NA,NA,NA
"406",0.812655058937301,0.760131669943218,0.732995410186085,NA,NA,NA
"406",0.822946791956967,0.759874348382053,0.732835830982183,NA,NA,NA
"406",0.833238524976635,0.759614327692917,0.732670940691519,NA,NA,NA
"406",0.843530257996302,0.759371542983251,0.732518000807906,NA,NA,NA
"406",0.853821991015969,0.759137282810973,0.732342399646533,NA,NA,NA
"406",0.864113724035636,0.758903392294041,0.732146340314481,NA,NA,NA
"406",0.874405457055303,0.758662651810671,0.731969916133279,NA,NA,NA
"406",0.88469719007497,0.758435458702275,0.731786250026326,NA,NA,NA
"406",0.894988923094638,0.758192667492188,0.73160262602628,NA,NA,NA
"406",0.905280656114305,0.757947173542973,0.731417563280194,NA,NA,NA
"406",0.915572389133972,0.757718051240985,0.731223462704711,NA,NA,NA
"406",0.925864122153639,0.757467579763588,0.731011901685354,NA,NA,NA
"406",0.936155855173306,0.75720272806268,0.730792916312985,NA,NA,NA
"406",0.946447588192973,0.75694895062366,0.730578807448967,NA,NA,NA
"406",0.95673932121264,0.756680708558155,0.730417409921802,NA,NA,NA
"406",0.967031054232308,0.756438483456312,0.730142629454304,NA,NA,NA
"406",0.977322787251975,0.75615536372888,0.729880285388577,NA,NA,NA
"406",0.987614520271642,0.755868061359174,0.729652154877279,NA,NA,NA
"406",0.997906253291309,0.755597029180431,0.729460656690848,NA,NA,NA
"406",1.00819798631098,0.755330047065519,0.729267358992954,NA,NA,NA
"406",1.01848971933064,0.755061683514499,0.729070509104554,NA,NA,NA
"406",1.02878145235031,0.754777715832869,0.72879979872491,NA,NA,NA
"406",1.03907318536998,0.754492601643514,0.728528523548992,NA,NA,NA
"406",1.04936491838964,0.754228485851552,0.728287464989331,NA,NA,NA
"406",1.05965665140931,0.753953035313321,0.728067045641774,NA,NA,NA
"406",1.06994838442898,0.753673256940971,0.727916201334832,NA,NA,NA
"406",1.08024011744865,0.753371882542507,0.727582392792299,NA,NA,NA
"406",1.09053185046831,0.753109167111956,0.727310609919023,NA,NA,NA
"406",1.10082358348798,0.752848591571218,0.72708024675307,NA,NA,NA
"406",1.11111531650765,0.752563782543996,0.726915668036692,NA,NA,NA
"406",1.12140704952731,0.752240223700624,0.726691385874505,NA,NA,NA
"406",1.13169878254698,0.751932890157697,0.726429037282825,NA,NA,NA
"406",1.14199051556665,0.751632560194833,0.726074333641183,NA,NA,NA
"406",1.15228224858632,0.751335701829983,0.725801436062251,NA,NA,NA
"406",1.16257398160598,0.751041562300749,0.725480757612218,NA,NA,NA
"406",1.17286571462565,0.750758185235622,0.725211165646714,NA,NA,NA
"406",1.18315744764532,0.75044332621633,0.72496298168735,NA,NA,NA
"406",1.19344918066499,0.75013071059118,0.724613817331899,NA,NA,NA
"406",1.20374091368465,0.749838551068636,0.724289072821898,NA,NA,NA
"406",1.21403264670432,0.749507622201355,0.723949218994217,NA,NA,NA
"406",1.22432437972399,0.749174425887295,0.723640841543543,NA,NA,NA
"406",1.23461611274365,0.748882056129453,0.72330881810916,NA,NA,NA
"406",1.24490784576332,0.748549940189792,0.723060159773061,NA,NA,NA
"406",1.25519957878299,0.748209707788753,0.722796123199105,NA,NA,NA
"406",1.26549131180266,0.747886495193665,0.722418877684352,NA,NA,NA
"406",1.27578304482232,0.74754763927816,0.722060422811777,NA,NA,NA
"406",1.28607477784199,0.747214314717335,0.721782782561238,NA,NA,NA
"406",1.29636651086166,0.746850868678438,0.721498395682293,NA,NA,NA
"406",1.30665824388132,0.7465272621351,0.721153971065354,NA,NA,NA
"406",1.31694997690099,0.746171218236055,0.720851447835275,NA,NA,NA
"406",1.32724170992066,0.74582751250924,0.720517549121856,NA,NA,NA
"406",1.33753344294033,0.745478160679278,0.72015579220763,NA,NA,NA
"406",1.34782517595999,0.74510879999754,0.719844981347445,NA,NA,NA
"406",1.35811690897966,0.744740402423594,0.71953077453599,NA,NA,NA
"406",1.36840864199933,0.744393949054637,0.719204726248934,NA,NA,NA
"406",1.37870037501899,0.744018266526977,0.718815132061361,NA,NA,NA
"406",1.38899210803866,0.743634478160336,0.718523345773879,NA,NA,NA
"406",1.39928384105833,0.743278163008956,0.71815078909831,NA,NA,NA
"406",1.409575574078,0.74292191253024,0.717815498276592,NA,NA,NA
"406",1.41986730709766,0.742537889835546,0.717379603149651,NA,NA,NA
"406",1.43015904011733,0.742134928715611,0.716981132493142,NA,NA,NA
"406",1.440450773137,0.741753305251617,0.716526162856736,NA,NA,NA
"406",1.45074250615666,0.741361394647953,0.716203054876449,NA,NA,NA
"406",1.46103423917633,0.740949913803356,0.715801272420827,NA,NA,NA
"406",1.471325972196,0.740550208834059,0.71538962870378,NA,NA,NA
"406",1.48161770521567,0.740167891754972,0.714881888201808,NA,NA,NA
"406",1.49190943823533,0.739752910890847,0.714483430681824,NA,NA,NA
"406",1.502201171255,0.739364605911601,0.714027556528888,NA,NA,NA
"406",1.51249290427467,0.738968860163193,0.713702585094043,NA,NA,NA
"406",1.52278463729433,0.738565960194525,0.713278333198979,NA,NA,NA
"406",1.533076370314,0.738138345710228,0.712804509067565,NA,NA,NA
"406",1.54336810333367,0.737718316709363,0.712359914973679,NA,NA,NA
"406",1.55365983635334,0.737289492825947,0.711970512035013,NA,NA,NA
"406",1.563951569373,0.73688082645863,0.711565324778403,NA,NA,NA
"406",1.57424330239267,0.736418117546055,0.711128481139632,NA,NA,NA
"406",1.58453503541234,0.735968116657149,0.710634596265727,NA,NA,NA
"406",1.594826768432,0.735512637622175,0.710170564147581,NA,NA,NA
"406",1.60511850145167,0.735076618314505,0.709677291854623,NA,NA,NA
"406",1.61541023447134,0.734650302573938,0.709149955584211,NA,NA,NA
"406",1.62570196749101,0.734203512527382,0.708698963616866,NA,NA,NA
"406",1.63599370051067,0.73374078630471,0.708218913520535,NA,NA,NA
"406",1.64628543353034,0.733263712757383,0.707783906010572,NA,NA,NA
"406",1.65657716655001,0.732782680155605,0.707308913229699,NA,NA,NA
"406",1.66686889956967,0.732330317025762,0.706839482422363,NA,NA,NA
"406",1.67716063258934,0.73183354797923,0.706390413725267,NA,NA,NA
"406",1.68745236560901,0.731334940428478,0.705924604333388,NA,NA,NA
"406",1.69774409862868,0.73085257318109,0.705470122613258,NA,NA,NA
"406",1.70803583164834,0.730367784487996,0.704927981951834,NA,NA,NA
"406",1.71832756466801,0.729877055477282,0.704366874750828,NA,NA,NA
"406",1.72861929768768,0.729378866776967,0.703798767637162,NA,NA,NA
"406",1.73891103070734,0.728856860663871,0.703240214958349,NA,NA,NA
"406",1.74920276372701,0.728359490729346,0.702658609659188,NA,NA,NA
"406",1.75949449674668,0.727847415344922,0.702069896372912,NA,NA,NA
"406",1.76978622976635,0.727339258536147,0.701491815798358,NA,NA,NA
"406",1.78007796278601,0.726793689833918,0.700928211846331,NA,NA,NA
"406",1.79036969580568,0.726252356135576,0.700340182749047,NA,NA,NA
"406",1.80066142882535,0.725720212752079,0.699799105095375,NA,NA,NA
"406",1.81095316184501,0.725190939563408,0.699220616077646,NA,NA,NA
"406",1.82124489486468,0.724657487824669,0.698543744714506,NA,NA,NA
"406",1.83153662788435,0.724106304194482,0.697907117808384,NA,NA,NA
"406",1.84182836090402,0.723576226950785,0.697323942546915,NA,NA,NA
"406",1.85212009392368,0.723022682814625,0.696627198459377,NA,NA,NA
"406",1.86241182694335,0.722454558603787,0.695979391584054,NA,NA,NA
"406",1.87270355996302,0.721884053225588,0.695343348742197,NA,NA,NA
"406",1.88299529298268,0.721296777563844,0.694689878234639,NA,NA,NA
"406",1.89328702600235,0.720723568888199,0.694047449402597,NA,NA,NA
"406",1.90357875902202,0.720126185288649,0.693393290606986,NA,NA,NA
"406",1.91387049204169,0.719563880908811,0.69272758121663,NA,NA,NA
"406",1.92416222506135,0.718965283710638,0.692029998333891,NA,NA,NA
"406",1.93445395808102,0.718369934114112,0.691399432729349,NA,NA,NA
"406",1.94474569110069,0.717789731840495,0.690743131563922,NA,NA,NA
"406",1.95503742412035,0.717187712362193,0.690073365442183,NA,NA,NA
"406",1.96532915714002,0.716567724101665,0.689398834256941,NA,NA,NA
"406",1.97562089015969,0.715934886841274,0.688710446806759,NA,NA,NA
"406",1.98591262317936,0.715289385895775,0.688010700764256,NA,NA,NA
"406",1.99620435619902,0.714649862868039,0.687323524295577,NA,NA,NA
"406",2.00649608921869,0.714023542836723,0.686579212644396,NA,NA,NA
"406",2.01678782223836,0.713422163975881,0.685844070370337,NA,NA,NA
"406",2.02707955525802,0.71276999217701,0.68510724696508,NA,NA,NA
"406",2.03737128827769,0.712104190288619,0.684420655462339,NA,NA,NA
"406",2.04766302129736,0.711432747785249,0.683643133247565,NA,NA,NA
"406",2.05795475431703,0.710784970683648,0.682848216428335,NA,NA,NA
"406",2.06824648733669,0.710145065933359,0.682090626242781,NA,NA,NA
"406",2.07853822035636,0.70947348339874,0.681326281083392,NA,NA,NA
"406",2.08882995337603,0.708803295831459,0.680632351866749,NA,NA,NA
"406",2.0991216863957,0.708158744892757,0.679880205333424,NA,NA,NA
"406",2.10941341941536,0.707476588355258,0.679107803573916,NA,NA,NA
"406",2.11970515243503,0.706810821625944,0.6783288861781,NA,NA,NA
"406",2.1299968854547,0.70609181280791,0.677537629659539,NA,NA,NA
"406",2.14028861847436,0.705415628698127,0.676733922114634,NA,NA,NA
"406",2.15058035149403,0.704717648877757,0.675957635767743,NA,NA,NA
"406",2.1608720845137,0.704020026936147,0.675154428355607,NA,NA,NA
"406",2.17116381753337,0.703301356806138,0.674420151531104,NA,NA,NA
"406",2.18145555055303,0.702614486494941,0.673594589462803,NA,NA,NA
"406",2.1917472835727,0.701867496272435,0.672784504136091,NA,NA,NA
"406",2.20203901659237,0.701142760660615,0.67196742493554,NA,NA,NA
"406",2.21233074961203,0.700393012597871,0.671101599477716,NA,NA,NA
"406",2.2226224826317,0.699634661078218,0.670276744203451,NA,NA,NA
"406",2.23291421565137,0.6988857181357,0.66950054021551,NA,NA,NA
"406",2.24320594867104,0.698137031197845,0.668631657731799,NA,NA,NA
"406",2.2534976816907,0.697379000210343,0.667722269215951,NA,NA,NA
"406",2.26378941471037,0.696589911235916,0.666817273965568,NA,NA,NA
"406",2.27408114773004,0.695805695649723,0.665875873245826,NA,NA,NA
"406",2.2843728807497,0.695012356172251,0.664990250402515,NA,NA,NA
"406",2.29466461376937,0.694239628752997,0.664065411562614,NA,NA,NA
"406",2.30495634678904,0.693443321439019,0.663100562623266,NA,NA,NA
"406",2.3152480798087,0.692657601273523,0.662251666172554,NA,NA,NA
"406",2.32553981282837,0.691841789273428,0.661312381867613,NA,NA,NA
"406",2.33583154584804,0.69101412938788,0.660394546048105,NA,NA,NA
"406",2.34612327886771,0.690181904632361,0.659479047927318,NA,NA,NA
"406",2.35641501188737,0.689360424019205,0.658551896952989,NA,NA,NA
"406",2.36670674490704,0.688542882475311,0.65758241867554,NA,NA,NA
"406",2.37699847792671,0.687707246434603,0.656490648025161,NA,NA,NA
"406",2.38729021094638,0.686883832319183,0.655552789393963,NA,NA,NA
"406",2.39758194396604,0.686052742817456,0.654633655276619,NA,NA,NA
"406",2.40787367698571,0.685161384506342,0.653774270432101,NA,NA,NA
"406",2.41816541000538,0.684274231698766,0.652786724894986,NA,NA,NA
"406",2.42845714302504,0.683384279133836,0.651717514162533,NA,NA,NA
"406",2.43874887604471,0.682464166350393,0.650615131917896,NA,NA,NA
"406",2.44904060906438,0.68157423353365,0.649612159251494,NA,NA,NA
"406",2.45933234208405,0.680684924949189,0.648537389813896,NA,NA,NA
"406",2.46962407510371,0.679737399376924,0.647567113466811,NA,NA,NA
"406",2.47991580812338,0.678820211963763,0.64649645103355,NA,NA,NA
"406",2.49020754114305,0.677899456799184,0.645426540957836,NA,NA,NA
"406",2.50049927416271,0.67695332548768,0.644485094768933,NA,NA,NA
"406",2.51079100718238,0.676010172903377,0.643322623635292,NA,NA,NA
"406",2.52108274020205,0.675070224719857,0.642259878931001,NA,NA,NA
"406",2.53137447322172,0.674111421242012,0.641188997406295,NA,NA,NA
"406",2.54166620624138,0.673125568655213,0.640139273624265,NA,NA,NA
"406",2.55195793926105,0.672136247438092,0.639031718268879,NA,NA,NA
"406",2.56224967228072,0.671110067301475,0.637949365677063,NA,NA,NA
"406",2.57254140530038,0.67014995938774,0.636751558001012,NA,NA,NA
"406",2.58283313832005,0.66914437169088,0.635559208600176,NA,NA,NA
"406",2.59312487133972,0.668105717091692,0.634383800525685,NA,NA,NA
"406",2.60341660435939,0.667104178661522,0.633304592521939,NA,NA,NA
"406",2.61370833737905,0.666110500267969,0.632172582569873,NA,NA,NA
"406",2.62400007039872,0.66508875045004,0.631094147271126,NA,NA,NA
"406",2.63429180341839,0.664063473291199,0.629868314861369,NA,NA,NA
"406",2.64458353643805,0.662997024666576,0.628743420553506,NA,NA,NA
"406",2.65487526945772,0.661965135594798,0.627639592773363,NA,NA,NA
"406",2.66516700247739,0.660911701846183,0.626492369317004,NA,NA,NA
"406",2.67545873549706,0.659824861274783,0.625290318471911,NA,NA,NA
"406",2.68575046851672,0.658731991826973,0.624106374185447,NA,NA,NA
"406",2.69604220153639,0.657623182025342,0.623035405582683,NA,NA,NA
"406",2.70633393455606,0.656569415362244,0.621680636014605,NA,NA,NA
"406",2.71662566757572,0.655431403760358,0.620491657281286,NA,NA,NA
"406",2.72691740059539,0.654291980765134,0.619305717296045,NA,NA,NA
"406",2.73720913361506,0.653142399374208,0.618122922345106,NA,NA,NA
"406",2.74750086663473,0.652001728199501,0.616890467450952,NA,NA,NA
"406",2.75779259965439,0.650842484295227,0.615659571335883,NA,NA,NA
"406",2.76808433267406,0.64968518522523,0.614390758443927,NA,NA,NA
"406",2.77837606569373,0.648545491709732,0.613114116769469,NA,NA,NA
"406",2.78866779871339,0.64738632329084,0.611805584733998,NA,NA,NA
"406",2.79895953173306,0.646206396609037,0.610445474473729,NA,NA,NA
"406",2.80925126475273,0.645032313143777,0.609141310974189,NA,NA,NA
"406",2.8195429977724,0.643849152981707,0.607781290476548,NA,NA,NA
"406",2.82983473079206,0.642682422079448,0.606376636980056,NA,NA,NA
"406",2.84012646381173,0.641480995474894,0.605083815750869,NA,NA,NA
"406",2.8504181968314,0.640245796451416,0.603671530946936,NA,NA,NA
"406",2.86070992985106,0.638999503901133,0.602304047715487,NA,NA,NA
"406",2.87100166287073,0.637756336060821,0.600958584913789,NA,NA,NA
"406",2.8812933958904,0.63651119005745,0.599603646688479,NA,NA,NA
"406",2.89158512891007,0.635263275046673,0.598202583757951,NA,NA,NA
"406",2.90187686192973,0.634010062899925,0.596753078480432,NA,NA,NA
"406",2.9121685949494,0.632736109702518,0.595337387964096,NA,NA,NA
"406",2.92246032796907,0.631438471126704,0.593927695938498,NA,NA,NA
"406",2.93275206098873,0.630147054398393,0.592561833409983,NA,NA,NA
"406",2.9430437940084,0.628811532247846,0.591192399481,NA,NA,NA
"406",2.95333552702807,0.627457526120759,0.589749323685335,NA,NA,NA
"406",2.96362726004774,0.626149071774927,0.588274892584212,NA,NA,NA
"406",2.9739189930674,0.624836477826,0.586879569070492,NA,NA,NA
"406",2.98421072608707,0.62347625309015,0.585504027401802,NA,NA,NA
"406",2.99450245910674,0.622123415053148,0.584059916529548,NA,NA,NA
"406",3.0047941921264,0.620737670579276,0.582579759124898,NA,NA,NA
"406",3.01508592514607,0.619347331748322,0.581132225288741,NA,NA,NA
"406",3.02537765816574,0.617964665359707,0.579666124711164,NA,NA,NA
"406",3.03566939118541,0.616548298039579,0.578141625840238,NA,NA,NA
"406",3.04596112420507,0.615162110396118,0.576513753141986,NA,NA,NA
"406",3.05625285722474,0.61372968448876,0.574975995062204,NA,NA,NA
"406",3.06654459024441,0.612251524132139,0.573448012109331,NA,NA,NA
"406",3.07683632326408,0.610835247861171,0.571907964230785,NA,NA,NA
"406",3.08712805628374,0.60936502993576,0.570336469204692,NA,NA,NA
"406",3.09741978930341,0.607905059949179,0.568788451754195,NA,NA,NA
"406",3.10771152232308,0.606409676167219,0.567229641245494,NA,NA,NA
"406",3.11800325534274,0.604918258415315,0.565647942240631,NA,NA,NA
"406",3.12829498836241,0.603438224760219,0.564082411363828,NA,NA,NA
"406",3.13858672138208,0.601952669553066,0.562472825539282,NA,NA,NA
"406",3.14887845440175,0.600433072970177,0.560895568906056,NA,NA,NA
"406",3.15917018742141,0.598889275024192,0.559287245681835,NA,NA,NA
"406",3.16946192044108,0.597372757016056,0.557668964230411,NA,NA,NA
"406",3.17975365346075,0.595832316553347,0.556032797393253,NA,NA,NA
"406",3.19004538648041,0.59426659995291,0.554403791896962,NA,NA,NA
"406",3.20033711950008,0.592731318516189,0.552764397845222,NA,NA,NA
"406",3.21062885251975,0.591155034830005,0.551122446794181,NA,NA,NA
"406",3.22092058553942,0.589562187092305,0.549523624863296,NA,NA,NA
"406",3.23121231855908,0.587959759216176,0.547803708231933,NA,NA,NA
"406",3.24150405157875,0.58631011593274,0.546227844811714,NA,NA,NA
"406",3.25179578459842,0.584684115404762,0.544615855598938,NA,NA,NA
"406",3.26208751761808,0.583056803146479,0.542926894907801,NA,NA,NA
"406",3.27237925063775,0.581403262623098,0.541288756288521,NA,NA,NA
"406",3.28267098365742,0.579762775120144,0.539639021822286,NA,NA,NA
"406",3.29296271667709,0.578087973101832,0.537939769403223,NA,NA,NA
"406",3.30325444969675,0.576420958285502,0.536205733147933,NA,NA,NA
"406",3.31354618271642,0.574727027005556,0.534529077667113,NA,NA,NA
"406",3.32383791573609,0.573034578777905,0.532748621310749,NA,NA,NA
"406",3.33412964875575,0.571321410631343,0.531022542201674,NA,NA,NA
"406",3.34442138177542,0.569625298624618,0.529182007093516,NA,NA,NA
"406",3.35471311479509,0.567880298382397,0.527320972296049,NA,NA,NA
"406",3.36500484781476,0.566102880013779,0.525556504491787,NA,NA,NA
"406",3.37529658083442,0.564388092561662,0.523718095499646,NA,NA,NA
"406",3.38558831385409,0.562616364162432,0.521934374895585,NA,NA,NA
"406",3.39588004687376,0.560834746157388,0.520142872140647,NA,NA,NA
"406",3.40617177989342,0.559036087444685,0.51828419687432,NA,NA,NA
"406",3.41646351291309,0.557215576342493,0.51637174700634,NA,NA,NA
"406",3.42675524593276,0.55541022735416,0.514459359604729,NA,NA,NA
"406",3.43704697895243,0.553600650810746,0.512595751542793,NA,NA,NA
"406",3.44733871197209,0.551761761020177,0.510700292057153,NA,NA,NA
"406",3.45763044499176,0.549909034387311,0.508876458660564,NA,NA,NA
"406",3.46792217801143,0.548039138134079,0.506996914999838,NA,NA,NA
"406",3.47821391103109,0.546153158774759,0.505150887140828,NA,NA,NA
"406",3.48850564405076,0.54427368363051,0.503260850509319,NA,NA,NA
"406",3.49879737707043,0.54237996829421,0.501352215733928,NA,NA,NA
"406",3.5090891100901,0.540468074992063,0.499477281224659,NA,NA,NA
"406",3.51938084310976,0.538483169833236,0.497407419747358,NA,NA,NA
"406",3.52967257612943,0.536573031963767,0.495449632808982,NA,NA,NA
"406",3.5399643091491,0.534635071399513,0.493386463856491,NA,NA,NA
"406",3.55025604216876,0.532712070794363,0.491377467423967,NA,NA,NA
"406",3.56054777518843,0.530769843637477,0.48950785417337,NA,NA,NA
"406",3.5708395082081,0.52879672107847,0.487647428549041,NA,NA,NA
"406",3.58113124122777,0.526844143383967,0.485676656212942,NA,NA,NA
"406",3.59142297424743,0.52484031634211,0.483813303824594,NA,NA,NA
"406",3.6017147072671,0.522849736865832,0.481723706821245,NA,NA,NA
"406",3.61200644028677,0.520832820026832,0.47959876860067,NA,NA,NA
"406",3.62229817330643,0.518797055481423,0.477528544046874,NA,NA,NA
"406",3.6325899063261,0.516774268321197,0.475557342699908,NA,NA,NA
"406",3.64288163934577,0.514722299238961,0.473520536936082,NA,NA,NA
"406",3.65317337236544,0.512645735470863,0.471414232982938,NA,NA,NA
"406",3.6634651053851,0.51059607460427,0.469420199520494,NA,NA,NA
"406",3.67375683840477,0.508488359125367,0.467272726773332,NA,NA,NA
"406",3.68404857142444,0.506407779842041,0.465175111358509,NA,NA,NA
"406",3.6943403044441,0.504310894572098,0.463041085314501,NA,NA,NA
"406",3.70463203746377,0.502187572430798,0.460974879360117,NA,NA,NA
"406",3.71492377048344,0.500036472712335,0.458919050949138,NA,NA,NA
"406",3.72521550350311,0.497941760585854,0.456734989970962,NA,NA,NA
"406",3.73550723652277,0.495811595933844,0.454625222791937,NA,NA,NA
"406",3.74579896954244,0.493686347973653,0.452472325374216,NA,NA,NA
"406",3.75609070256211,0.491543290987455,0.450308702102227,NA,NA,NA
"406",3.76638243558178,0.489344641682963,0.448167577879651,NA,NA,NA
"406",3.77667416860144,0.487108961142921,0.446047900953013,NA,NA,NA
"406",3.78696590162111,0.484868634220548,0.443910046202298,NA,NA,NA
"406",3.79725763464078,0.482689549926461,0.441700379548198,NA,NA,NA
"406",3.80754936766044,0.480472719929666,0.439493929769509,NA,NA,NA
"406",3.81784110068011,0.47829957843706,0.437238999831482,NA,NA,NA
"406",3.82813283369978,0.476023071738484,0.435096287871849,NA,NA,NA
"406",3.83842456671944,0.473802308197176,0.432851686379558,NA,NA,NA
"406",3.84871629973911,0.471547871387402,0.430667669952258,NA,NA,NA
"406",3.85900803275878,0.469247498726464,0.428412062761544,NA,NA,NA
"406",3.86929976577845,0.466953112284493,0.426230180119413,NA,NA,NA
"406",3.87959149879811,0.464666806627802,0.42402109771037,NA,NA,NA
"406",3.88988323181778,0.462363938655076,0.421846004665043,NA,NA,NA
"406",3.90017496483745,0.460051468122203,0.419569923834575,NA,NA,NA
"406",3.91046669785711,0.457694269472386,0.417275685502875,NA,NA,NA
"406",3.92075843087678,0.455362896546819,0.4150344244863,NA,NA,NA
"406",3.93105016389645,0.453014499543965,0.412711447832332,NA,NA,NA
"406",3.94134189691612,0.450715526101347,0.410484180260196,NA,NA,NA
"406",3.95163362993578,0.448348584268514,0.408295470210999,NA,NA,NA
"406",3.96192536295545,0.445970895090383,0.40604124422227,NA,NA,NA
"406",3.97221709597512,0.443594343663527,0.403707118119733,NA,NA,NA
"406",3.98250882899478,0.441225584897464,0.401325225256843,NA,NA,NA
"406",3.99280056201445,0.438854975349648,0.399025455197578,NA,NA,NA
"406",4.00309229503412,0.436438669171911,0.396829834172193,NA,NA,NA
"406",4.01338402805379,0.433986043636605,0.394458958270419,NA,NA,NA
"406",4.02367576107345,0.43156103338882,0.39218646846816,NA,NA,NA
"406",4.03396749409312,0.429080776844978,0.389850828513774,NA,NA,NA
"406",4.04425922711279,0.426635836257229,0.387462690854918,NA,NA,NA
"406",4.05455096013246,0.424249778768877,0.38507864201394,NA,NA,NA
"406",4.06484269315212,0.421776385596271,0.382646128227883,NA,NA,NA
"406",4.07513442617179,0.419288028185133,0.380230010381943,NA,NA,NA
"406",4.08542615919146,0.416781024229784,0.377865664127536,NA,NA,NA
"406",4.09571789221112,0.414250304368684,0.375419812312651,NA,NA,NA
"406",4.10600962523079,0.411755452193804,0.373072123194747,NA,NA,NA
"406",4.11630135825046,0.40926758648518,0.370738659346347,NA,NA,NA
"406",4.12659309127013,0.406727374279598,0.368159002954901,NA,NA,NA
"406",4.13688482428979,0.404195643900037,0.365826233705689,NA,NA,NA
"406",4.14717655730946,0.401631882941922,0.363414286669567,NA,NA,NA
"406",4.15746829032913,0.399113705713748,0.36094670489559,NA,NA,NA
"406",4.16776002334879,0.396572097038233,0.35851732906782,NA,NA,NA
"406",4.17805175636846,0.394028464549415,0.356033551726916,NA,NA,NA
"406",4.18834348938813,0.391528827816242,0.353537562218494,NA,NA,NA
"406",4.1986352224078,0.389009372051377,0.351056052266928,NA,NA,NA
"406",4.20892695542746,0.386459484734021,0.348565809825751,NA,NA,NA
"406",4.21921868844713,0.383867733015309,0.346074963609674,NA,NA,NA
"406",4.2295104214668,0.381248988064173,0.343595001467872,NA,NA,NA
"406",4.23980215448646,0.378624227861807,0.341132144606851,NA,NA,NA
"406",4.25009388750613,0.376017018952517,0.338644792426896,NA,NA,NA
"406",4.2603856205258,0.373398376330678,0.336140490458047,NA,NA,NA
"406",4.27067735354547,0.370790104269237,0.333624951478541,NA,NA,NA
"406",4.28096908656513,0.368160085842455,0.331219622321513,NA,NA,NA
"406",4.2912608195848,0.365540752408075,0.328710979014015,NA,NA,NA
"406",4.30155255260447,0.362866825739763,0.326181888133351,NA,NA,NA
"406",4.31184428562413,0.360256150443386,0.32368700868681,NA,NA,NA
"406",4.3221360186438,0.357642589388782,0.321193284345309,NA,NA,NA
"406",4.33242775166347,0.354992065398504,0.318770229857961,NA,NA,NA
"406",4.34271948468314,0.352325152045757,0.316198112567583,NA,NA,NA
"406",4.3530112177028,0.349661901097558,0.313702536413465,NA,NA,NA
"406",4.36330295072247,0.347030933897873,0.311116171674034,NA,NA,NA
"406",4.37359468374214,0.344307032149675,0.308512737486504,NA,NA,NA
"406",4.3838864167618,0.341643094902187,0.305954175771018,NA,NA,NA
"406",4.39417814978147,0.339043083942644,0.303450801999837,NA,NA,NA
"406",4.40446988280114,0.336360633665244,0.300946188006743,NA,NA,NA
"406",4.41476161582081,0.333652761521872,0.29838264737303,NA,NA,NA
"406",4.42505334884047,0.33092501372237,0.295802501987824,NA,NA,NA
"406",4.43534508186014,0.328235779624387,0.293183878260262,NA,NA,NA
"406",4.44563681487981,0.325525028420406,0.290692562960032,NA,NA,NA
"406",4.45592854789947,0.322859363658344,0.288145140854918,NA,NA,NA
"406",4.46622028091914,0.320200517679956,0.285625030953046,NA,NA,NA
"406",4.47651201393881,0.31751400767781,0.282970852414173,NA,NA,NA
"406",4.48680374695848,0.314766534821524,0.280364649234376,NA,NA,NA
"406",4.49709547997814,0.312057028761442,0.277727494919486,NA,NA,NA
"406",4.50738721299781,0.309329133350135,0.275142838883967,NA,NA,NA
"406",4.51767894601748,0.30662290749044,0.272545368228946,NA,NA,NA
"406",4.52797067903714,0.30395257395075,0.269997155987377,NA,NA,NA
"406",4.53826241205681,0.301230164552527,0.267366580349344,NA,NA,NA
"406",4.54855414507648,0.298532263339887,0.265015414428735,NA,NA,NA
"406",4.55884587809615,0.295852958902556,0.262485170756919,NA,NA,NA
"406",4.56913761111581,0.293164024456471,0.259980470872182,NA,NA,NA
"406",4.57942934413548,0.290445090223553,0.257471176144891,NA,NA,NA
"406",4.58972107715515,0.287762013685335,0.254709107986327,NA,NA,NA
"406",4.60001281017481,0.285061464149779,0.252039071939598,NA,NA,NA
"406",4.61030454319448,0.282364697748011,0.249461137222945,NA,NA,NA
"406",4.62059627621415,0.279669725146428,0.246865206605991,NA,NA,NA
"406",4.63088800923382,0.276975470460362,0.244277171221485,NA,NA,NA
"406",4.64117974225348,0.274289852866972,0.241644732050994,NA,NA,NA
"406",4.65147147527315,0.271623882727978,0.23909894891304,NA,NA,NA
"406",4.66176320829282,0.268972740376871,0.23659357716129,NA,NA,NA
"406",4.67205494131248,0.266302271584517,0.234113432129751,NA,NA,NA
"406",4.68234667433215,0.263642171075065,0.231579578980422,NA,NA,NA
"406",4.69263840735182,0.260983772930779,0.229078772308649,NA,NA,NA
"406",4.70293014037149,0.258361125170762,0.226533344736241,NA,NA,NA
"406",4.71322187339115,0.255696055535834,0.224059074798462,NA,NA,NA
"406",4.72351360641082,0.253051184584732,0.221650382127995,NA,NA,NA
"406",4.73380533943049,0.250417781484562,0.219146152461421,NA,NA,NA
"406",4.74409707245016,0.247820045056546,0.216605325532667,NA,NA,NA
"406",4.75438880546982,0.245129188575713,0.214055016365984,NA,NA,NA
"406",4.76468053848949,0.242472309076535,0.211556353778722,NA,NA,NA
"406",4.77497227150916,0.239841240953099,0.209034086057021,NA,NA,NA
"406",4.78526400452882,0.237213006894411,0.206534711742888,NA,NA,NA
"406",4.79555573754849,0.234604365283317,0.204004725468931,NA,NA,NA
"406",4.80584747056816,0.232020046798818,0.201415141132501,NA,NA,NA
"406",4.81613920358783,0.229384243770763,0.19882805606358,NA,NA,NA
"406",4.82643093660749,0.226790548382767,0.196324197155854,NA,NA,NA
"406",4.83672266962716,0.224205629283289,0.193797735919548,NA,NA,NA
"406",4.84701440264683,0.221630661241153,0.191193269693053,NA,NA,NA
"406",4.85730613566649,0.219068378441289,0.188597029940728,NA,NA,NA
"406",4.86759786868616,0.216501998423209,0.186113771159971,NA,NA,NA
"406",4.87788960170583,0.213977831916127,0.183552085325387,NA,NA,NA
"406",4.88818133472549,0.211441594307707,0.181090028632956,NA,NA,NA
"406",4.89847306774516,0.208914103366202,0.178641888882477,NA,NA,NA
"406",4.90876480076483,0.2063566147641,0.176145248971784,NA,NA,NA
"406",4.9190565337845,0.203831618832087,0.173814286873813,NA,NA,NA
"406",4.92934826680416,0.201346139335239,0.171422794326668,NA,NA,NA
"406",4.93963999982383,0.198818287073227,0.169029724323321,NA,NA,NA
"406",4.9499317328435,0.196361656499863,0.166589165569943,NA,NA,NA
"406",4.96022346586316,0.193887391860709,0.164289519687286,NA,NA,NA
"406",4.97051519888283,0.191406084455431,0.161853199535117,NA,NA,NA
"406",4.9808069319025,0.18897622721717,0.15948751703236,NA,NA,NA
"406",4.99109866492217,0.186522919611205,0.157130527362143,NA,NA,NA
"406",5.00139039794183,0.184149894068482,0.154790462832686,NA,NA,NA
"406",5.0116821309615,0.181759397272673,0.152454485048994,NA,NA,NA
"406",5.02197386398117,0.179355496026287,0.150090638447078,NA,NA,NA
"406",5.03226559700084,0.176970901779563,0.147817073528283,NA,NA,NA
"406",5.0425573300205,0.174574311582203,0.145564639281622,NA,NA,NA
"406",5.05284906304017,0.172227138871798,0.143178839779338,NA,NA,NA
"406",5.06314079605984,0.169883866047078,0.141006286581947,NA,NA,NA
"406",5.0734325290795,0.167494066227977,0.138745340600149,NA,NA,NA
"406",5.08372426209917,0.165182807024497,0.136625075387701,NA,NA,NA
"406",5.09401599511884,0.162871530272068,0.134199766775749,NA,NA,NA
"406",5.10430772813851,0.160559080136606,0.131855550716057,NA,NA,NA
"406",5.11459946115817,0.158282154439191,0.129779342127254,NA,NA,NA
"406",5.12489119417784,0.155953466455965,0.127575978373548,NA,NA,NA
"406",5.13518292719751,0.153668753453107,0.125468873207058,NA,NA,NA
"406",5.14547466021717,0.151466892236885,0.123270727947524,NA,NA,NA
"406",5.15576639323684,0.149246682147508,0.121158289268856,NA,NA,NA
"406",5.16605812625651,0.147058216925604,0.119074695474138,NA,NA,NA
"406",5.17634985927618,0.144880640935151,0.117048918614504,NA,NA,NA
"406",5.18664159229584,0.142746835715924,0.115036702225167,NA,NA,NA
"406",5.19693332531551,0.14058190494058,0.112984635933603,NA,NA,NA
"406",5.20722505833518,0.138462313425649,0.111003713739017,NA,NA,NA
"406",5.21751679135484,0.136334357017478,0.109011554918943,NA,NA,NA
"406",5.22780852437451,0.134257675767119,0.107024354445634,NA,NA,NA
"406",5.23810025739418,0.132153541066197,0.1050421808512,NA,NA,NA
"406",5.24839199041385,0.130074594993952,0.10295425138458,NA,NA,NA
"406",5.25868372343351,0.128052581261049,0.101027838486555,NA,NA,NA
"406",5.26897545645318,0.126039758211093,0.0991258938120271,NA,NA,NA
"406",5.27926718947285,0.124023900093505,0.0972857082420456,NA,NA,NA
"406",5.28955892249251,0.122040010918335,0.0953962989463025,NA,NA,NA
"406",5.29985065551218,0.120064645918407,0.0935874942210105,NA,NA,NA
"406",5.31014238853185,0.118100230718217,0.0917118714820468,NA,NA,NA
"406",5.32043412155152,0.116122415168778,0.0899660209379051,NA,NA,NA
"406",5.33072585457118,0.114189526100314,0.0881868678561015,NA,NA,NA
"406",5.34101758759085,0.112290604075092,0.0864640846653203,NA,NA,NA
"406",5.35130932061052,0.110414093753729,0.0847054214671862,NA,NA,NA
"406",5.36160105363018,0.108572421839768,0.0829493306404254,NA,NA,NA
"406",5.37189278664985,0.106704722467891,0.0812505060402345,NA,NA,NA
"406",5.38218451966952,0.104901313343537,0.0794240739310429,NA,NA,NA
"406",5.39247625268919,0.103091578027695,0.0779664430320384,NA,NA,NA
"406",5.40276798570885,0.101303522552996,0.0761669343323169,NA,NA,NA
"406",5.41305971872852,0.0995681657170169,0.0747135876909055,NA,NA,NA
"406",5.42335145174819,0.0978178136580278,0.0731992639159951,NA,NA,NA
"406",5.43364318476785,0.0960751096764597,0.0716146089461438,NA,NA,NA
"406",5.44393491778752,0.0943703247826759,0.0701290825924109,NA,NA,NA
"406",5.45422665080719,0.0927073371040041,0.0686624177549404,NA,NA,NA
"406",5.46451838382686,0.0910239367316232,0.0672198622754568,NA,NA,NA
"406",5.47481011684652,0.089402986412981,0.0657267941582798,NA,NA,NA
"406",5.48510184986619,0.0878048547240769,0.064338713679816,NA,NA,NA
"406",5.49539358288586,0.0861944636961418,0.0629285980506044,NA,NA,NA
"406",5.50568531590552,0.0846249388175538,0.0614996897453876,NA,NA,NA
"406",5.51597704892519,0.0830316312467006,0.060167388293697,NA,NA,NA
"406",5.52626878194486,0.0814764892225529,0.0588497326086673,NA,NA,NA
"406",5.53656051496453,0.0799872345016192,0.0575531870275425,NA,NA,NA
"406",5.54685224798419,0.0785204001024497,0.0562985022214605,NA,NA,NA
"406",5.55714398100386,0.0770425380753055,0.0550362041390936,NA,NA,NA
"406",5.56743571402353,0.0755858993220064,0.053815746910302,NA,NA,NA
"406",5.57772744704319,0.0741315903901944,0.0526311114730281,NA,NA,NA
"406",5.58801918006286,0.0727553336611655,0.051445485413159,NA,NA,NA
"406",5.59831091308253,0.0713892446193917,0.050310065385885,NA,NA,NA
"406",5.6086026461022,0.0700139545764154,0.0491906496337715,NA,NA,NA
"406",5.61889437912186,0.0686715915388093,0.0480978195389752,NA,NA,NA
"406",5.62918611214153,0.0673900750797311,0.0470186709622437,NA,NA,NA
"406",5.6394778451612,0.0660907051658356,0.0459460078972584,NA,NA,NA
"406",5.64976957818087,0.0648438082785498,0.0448524748841021,NA,NA,NA
"406",5.66006131120053,0.0635946568496038,0.0438567526777253,NA,NA,NA
"406",5.6703530442202,0.0623784962810003,0.0429547948428464,NA,NA,NA
"406",5.68064477723987,0.0611536985345157,0.0420072252328339,NA,NA,NA
"406",5.69093651025953,0.0599690660157742,0.0411250730803821,NA,NA,NA
"406",5.7012282432792,0.0588102441931819,0.0402280431797295,NA,NA,NA
"406",5.71151997629887,0.0576250306253226,0.0392779425664435,NA,NA,NA
"406",5.72181170931854,0.0564915345107092,0.0384891681119217,NA,NA,NA
"406",5.7321034423382,0.0553881588835368,0.0375966757679427,NA,NA,NA
"406",5.74239517535787,0.0542983848814232,0.0367467097852644,NA,NA,NA
"406",5.75268690837754,0.0532508304164155,0.0359454034318154,NA,NA,NA
"406",5.7629786413972,0.0522130275358644,0.0351682193977572,NA,NA,NA
"406",5.77327037441687,0.0512018427151079,0.034421366072381,NA,NA,NA
"406",5.78356210743654,0.0501939456700373,0.0336544846596708,NA,NA,NA
"406",5.79385384045621,0.0492045638975348,0.0329170302912501,NA,NA,NA
"406",5.80414557347587,0.0482222129961518,0.0322148088835221,NA,NA,NA
"406",5.81443730649554,0.0473063256382522,0.0315167977687137,NA,NA,NA
"406",5.82472903951521,0.0463837622677436,0.0308318165073818,NA,NA,NA
"406",5.83502077253487,0.0455049189054387,0.0301610029122194,NA,NA,NA
"406",5.84531250555454,0.0446143642134396,0.0295427949232576,NA,NA,NA
"406",5.85560423857421,0.0437492348270234,0.0289747736414484,NA,NA,NA
"406",5.86589597159388,0.0429231334203659,0.0283203913317596,NA,NA,NA
"406",5.87618770461354,0.0421094468694432,0.0276998302070625,NA,NA,NA
"406",5.88647943763321,0.0413173591934952,0.0271100313778389,NA,NA,NA
"406",5.89677117065288,0.0405018936137393,0.0265464583488881,NA,NA,NA
"406",5.90706290367254,0.0397225352170412,0.0259829302352056,NA,NA,NA
"406",5.91735463669221,0.0389758021670653,0.025491391048445,NA,NA,NA
"406",5.92764636971188,0.0382407752413733,0.0249739599900125,NA,NA,NA
"406",5.93793810273154,0.0375155942853875,0.024462327523588,NA,NA,NA
"406",5.94822983575121,0.0367986811878592,0.024009368077257,NA,NA,NA
"406",5.95852156877088,0.0361255846061756,0.0235054266442462,NA,NA,NA
"406",5.96881330179055,0.035476967548856,0.0230258674655338,NA,NA,NA
"406",5.97910503481021,0.0348200025884267,0.0225640611948996,NA,NA,NA
"406",5.98939676782988,0.0342035011097569,0.0221220342869118,NA,NA,NA
"406",5.99968850084955,0.0335934847533092,0.0217098502447253,NA,NA,NA
"406",6.00998023386922,0.033000710611281,0.0212824247870779,NA,NA,NA
"406",6.02027196688888,0.0324236098841625,0.0209041746051295,NA,NA,NA
"406",6.03056369990855,0.0318707194555012,0.0204825728105985,NA,NA,NA
"406",6.04085543292822,0.0313486676338538,0.0200940096081847,NA,NA,NA
"406",6.05114716594789,0.0308426336652008,0.0197220440177704,NA,NA,NA
"406",6.06143889896755,0.0302969068620628,0.0193304609663673,NA,NA,NA
"406",6.07173063198722,0.0298086191754513,0.0190010130010279,NA,NA,NA
"406",6.08202236500689,0.029328663191705,0.0186275699714234,NA,NA,NA
"406",6.09231409802655,0.0288968071349055,0.0183091563307821,NA,NA,NA
"406",6.10260583104622,0.0284553892412709,0.0179730748097633,NA,NA,NA
"406",6.11289756406589,0.0280177861555096,0.017648511290587,NA,NA,NA
"406",6.12318929708555,0.0275706288130148,0.0173519958124147,NA,NA,NA
"406",6.13348103010522,0.0271615889604424,0.0170855627738867,NA,NA,NA
"406",6.14377276312489,0.026769656532167,0.0167882691936448,NA,NA,NA
"406",6.15406449614456,0.0264034448516521,0.0165357188839578,NA,NA,NA
"406",6.16435622916422,0.0260315643541913,0.0162577370668714,NA,NA,NA
"406",6.17464796218389,0.0256640139590536,0.0159884535909756,NA,NA,NA
"406",6.18493969520356,0.0253248377767558,0.0157323721868661,NA,NA,NA
"406",6.19523142822322,0.0249738267628664,0.0154865648563073,NA,NA,NA
"406",6.20552316124289,0.0246367785126433,0.0152388145614105,NA,NA,NA
"406",6.21581489426256,0.0243040126052395,0.0149638186998143,NA,NA,NA
"406",6.22610662728223,0.0239872695997683,0.0147232125981023,NA,NA,NA
"406",6.23639836030189,0.0236822529794247,0.0145123998761484,NA,NA,NA
"406",6.24669009332156,0.023383954459752,0.0143202732365694,NA,NA,NA
"406",6.25698182634123,0.0230900250221076,0.0141105516797117,NA,NA,NA
"406",6.26727355936089,0.0228343617713866,0.0138988457993574,NA,NA,NA
"406",6.27756529238056,0.0225763163679964,0.0136877665805834,NA,NA,NA
"406",6.28785702540023,0.0223225232317916,0.0134661028157686,NA,NA,NA
"406",6.2981487584199,0.0220664826773913,0.0132723505672882,NA,NA,NA
"406",6.30844049143956,0.0218172199568534,0.013071484026659,NA,NA,NA
"406",6.31873222445923,0.0215899285537665,0.0128724611184284,NA,NA,NA
"406",6.3290239574789,0.0213724496642939,0.0126971934714164,NA,NA,NA
"406",6.33931569049856,0.0211649582856501,0.0125380802875766,NA,NA,NA
"406",6.34960742351823,0.0209681390832485,0.0123593815222658,NA,NA,NA
"406",6.3598991565379,0.0207550950338208,0.0121967962809405,NA,NA,NA
"406",6.37019088955757,0.0205809604413371,0.0120550012100582,NA,NA,NA
"406",6.38048262257723,0.0204016253107719,0.0119122424077183,NA,NA,NA
"406",6.3907743555969,0.0202128710766654,0.0117403699158589,NA,NA,NA
"406",6.40106608861657,0.020058544194883,0.0115987811405966,NA,NA,NA
"406",6.41135782163624,0.019888283268473,0.01147853090841,NA,NA,NA
"406",6.4216495546559,0.0197255137174813,0.0113593536215631,NA,NA,NA
"406",6.43194128767557,0.0195711697394897,0.0112481841501789,NA,NA,NA
"406",6.44223302069524,0.0194187872375095,0.0111229266157814,NA,NA,NA
"406",6.4525247537149,0.0192708100282538,0.0109997892151834,NA,NA,NA
"406",6.46281648673457,0.0191342824368853,0.0109006967497199,NA,NA,NA
"406",6.47310821975424,0.0189999852074528,0.0108022479519997,NA,NA,NA
"406",6.4833999527739,0.0188773404900313,0.0106686152579978,NA,NA,NA
"406",6.49369168579357,0.0187612164463264,0.010561853360771,NA,NA,NA
"406",6.50398341881324,0.0186418370492816,0.0104500969183802,NA,NA,NA
"406",6.51427515183291,0.018544068713481,0.0103168891851951,NA,NA,NA
"406",6.52456688485257,0.0184420184093206,0.0102518361808769,NA,NA,NA
"406",6.53485861787224,0.0183510633270867,0.0101550511755608,NA,NA,NA
"406",6.54515035089191,0.0182518619288184,0.0100509343635421,NA,NA,NA
"406",6.55544208391158,0.0181628511530872,0.00993291815692284,NA,NA,NA
"406",6.56573381693124,0.0180786774206939,0.00985086291709491,NA,NA,NA
"406",6.57602554995091,0.0180064165870097,0.00976595603450955,NA,NA,NA
"406",6.58631728297058,0.0179341563561539,0.0096804854437092,NA,NA,NA
"406",6.59660901599024,0.0178517264993143,0.00960569826034599,NA,NA,NA
"406",6.60690074900991,0.0177694861491274,0.00954335073581603,NA,NA,NA
"406",6.61719248202958,0.0177117375377085,0.00948285104342905,NA,NA,NA
"406",6.62748421504925,0.0176377233372349,0.00942747860996325,NA,NA,NA
"406",6.63777594806891,0.0175606417583766,0.0093387920137693,NA,NA,NA
"406",6.64806768108858,0.0175024175417117,0.00927360347093464,NA,NA,NA
"406",6.65835941410825,0.0174461131751982,0.00922343443103653,NA,NA,NA
"406",6.66865114712791,0.0173934080879573,0.00915501148294783,NA,NA,NA
"406",6.67894288014758,0.0173465259351952,0.00908005378578372,NA,NA,NA
"406",6.68923461316725,0.0172987343656117,0.00903246183099812,NA,NA,NA
"406",6.69952634618691,0.0172533739772616,0.00899153379929991,NA,NA,NA
"406",6.70981807920658,0.0172059728542934,0.00894404860256488,NA,NA,NA
"406",6.72010981222625,0.0171656886079708,0.00888917306109242,NA,NA,NA
"406",6.73040154524592,0.0171321142209672,0.00885163314646315,NA,NA,NA
"406",6.74069327826558,0.017099669240402,0.00878455070196802,NA,NA,NA
"406",6.75098501128525,0.0170654795199912,0.00874147175437728,NA,NA,NA
"406",6.76127674430492,0.0170351547181909,0.00870210266195053,NA,NA,NA
"406",6.77156847732459,0.016999607395892,0.00864919259875978,NA,NA,NA
"406",6.78186021034425,0.0169723177826088,0.00862258117947682,NA,NA,NA
"406",6.79215194336392,0.0169442607201704,0.00859363628463619,NA,NA,NA
"406",6.80244367638359,0.0169151998288628,0.0085747575059861,NA,NA,NA
"406",6.81273540940325,0.0168959459194725,0.00855400559670189,NA,NA,NA
"406",6.82302714242292,0.0168684524524178,0.00853212779761796,NA,NA,NA
"406",6.83331887544259,0.0168401597588707,0.00850464708403383,NA,NA,NA
"406",6.84361060846225,0.0168279329454421,0.00845570403416843,NA,NA,NA
"406",6.85390234148192,0.0168076040133755,0.00843170420515222,NA,NA,NA
"406",6.86419407450159,0.0167920934893775,0.00840852115184245,NA,NA,NA
"406",6.87448580752126,0.0167774247415193,0.008377649413894,NA,NA,NA
"406",6.88477754054092,0.0167624229183569,0.00835825443761582,NA,NA,NA
"406",6.89506927356059,0.0167411981365089,0.00833242045796558,NA,NA,NA
"406",6.90536100658026,0.016721307871697,0.00830659330210137,NA,NA,NA
"406",6.91565273959993,0.0167025233039142,0.0082798163254028,NA,NA,NA
"406",6.92594447261959,0.016685678006095,0.00827524406809455,NA,NA,NA
"406",6.93623620563926,0.016682370320468,0.00826104195583703,NA,NA,NA
"406",6.94652793865893,0.0166698687953276,0.00824360744697261,NA,NA,NA
"406",6.95681967167859,0.0166659092913717,0.00822410462363578,NA,NA,NA
"406",6.96711140469826,0.0166572733567578,0.00820770010784558,NA,NA,NA
"406",6.97740313771793,0.0166540194842998,0.00820559952124491,NA,NA,NA
"406",6.9876948707376,0.0166488588570658,0.00820443072241396,NA,NA,NA
"406",6.99798660375726,0.0166399315621506,0.00820342185225238,NA,NA,NA
"406",7.00827833677693,0.0166312313578235,0.00819721727869428,NA,NA,NA
"406",7.0185700697966,0.0166261792549845,0.00817381888804431,NA,NA,NA
"406",7.02886180281626,0.016623658984194,0.00814906572958513,NA,NA,NA
"406",7.03915353583593,0.0166179974080797,0.00812981387133082,NA,NA,NA
"406",7.0494452688556,0.0166078434847363,0.00812580629497245,NA,NA,NA
"406",7.05973700187527,0.016603078004711,0.00812445806422411,NA,NA,NA
"406",7.07002873489493,0.0165962137562889,0.00812324358784178,NA,NA,NA
"406",7.0803204679146,0.0165942084786869,0.00811430528625392,NA,NA,NA
"406",7.09061220093427,0.0165877496169995,0.00809495125956763,NA,NA,NA
"406",7.10090393395394,0.0165845689234172,0.00808694184493272,NA,NA,NA
"406",7.1111956669736,0.0165790131835403,0.00806078620273106,NA,NA,NA
"406",7.12148739999327,0.016576023406933,0.00805672619803811,NA,NA,NA
"406",7.13177913301294,0.0165752842874542,0.00804912753957662,NA,NA,NA
"406",7.1420708660326,0.01657461769925,0.0080437041045992,NA,NA,NA
"406",7.15236259905227,0.0165712808215927,0.00803886273071622,NA,NA,NA
"406",7.16265433207194,0.0165697811665245,0.00803465442359044,NA,NA,NA
"406",7.1729460650916,0.0165677105415914,0.00802318803086889,NA,NA,NA
"406",7.18323779811127,0.0165676420602429,0.00801168196508618,NA,NA,NA
"406",7.19352953113094,0.0165671759056399,0.00800544442739147,NA,NA,NA
"406",7.20382126415061,0.0165647514733385,0.00800342402894958,NA,NA,NA
"406",7.21411299717027,0.0165644077642925,0.00800169813654542,NA,NA,NA
"406",7.22440473018994,0.0165611041042335,0.00800011359136087,NA,NA,NA
"406",7.23469646320961,0.0165583540195502,0.00799866002168445,NA,NA,NA
"406",7.24498819622927,0.0165563163535514,0.00799624031374249,NA,NA,NA
"406",7.25527992924894,0.0165559620994901,0.00799222726834168,NA,NA,NA
"406",7.26557166226861,0.0165554306492882,0.00799135800809311,NA,NA,NA
"406",7.27586339528828,0.016555317886009,0.00799074055866196,NA,NA,NA
"406",7.28615512830794,0.0165545314702555,0.00799021139518966,NA,NA,NA
"406",7.29644686132761,0.0165542195628937,0.00798849364796699,NA,NA,NA
"406",7.30673859434728,0.0165539418148978,0.00798603373015054,NA,NA,NA
"406",7.31703032736695,0.0165536947954747,0.00798377477813422,NA,NA,NA
"406",7.32732206038661,0.0165531697687028,0.00798170216642495,NA,NA,NA
"406",7.33761379340628,0.016552406806974,0.00797980218223734,NA,NA,NA
"406",7.34790552642595,0.0165521625479906,0.00797795932636974,NA,NA,NA
"406",7.35819725944561,0.0165519439122603,0.00797637894373941,NA,NA,NA
"406",7.36848899246528,0.0165517484321329,0.00797562262349721,NA,NA,NA
"406",7.37878072548495,0.0165515738537816,0.00797537684137967,NA,NA,NA
"406",7.38907245850461,0.016551418121074,0.00797515564051684,NA,NA,NA
"406",7.39936419152428,0.0165509757265907,0.00797495675513528,NA,NA,NA
"406",7.40965592454395,0.0165504857252949,0.00797312083879259,NA,NA,NA
"406",7.41994765756362,0.0165500919837218,0.00797032222729369,NA,NA,NA
"406",7.43023939058328,0.0165498402141277,0.00797019840379345,NA,NA,NA
"406",7.44053112360295,0.016549805345055,0.00797010992669082,NA,NA,NA
"406",7.45082285662262,0.0165497746045023,0.00797003106535005,NA,NA,NA
"406",7.46111458964229,0.0165497475367245,0.00796996083789242,NA,NA,NA
"406",7.47140632266195,0.0165497237322611,0.00796989835534621,NA,NA,NA
"406",7.48169805568162,0.0165497028236968,0.00796984281367566,NA,NA,NA
"406",7.49198978870129,0.016549684481761,0.00796979348640699,NA,NA,NA
"406",7.50228152172095,0.0165496684117439,0.00796975752852844,NA,NA,NA
"406",7.51257325474062,0.0165496543502084,0.00796973493228708,NA,NA,NA
"406",7.52286498776029,0.0165496420619769,0.0079697152305654,NA,NA,NA
"406",7.53315672077995,0.0165496313373751,0.00796969807601092,NA,NA,NA
"406",7.54344845379962,0.0165496219897125,0.00796968315985535,NA,NA,NA
"406",7.55374018681929,0.0165496138529848,0.00796967020801622,NA,NA,NA
"406",7.56403191983896,0.0165496067797801,0.00796965897754682,NA,NA,NA
"406",7.57432365285862,0.0165493951966473,0.00796964925340837,NA,NA,NA
"406",7.58461538587829,0.0165487978009725,0.00796964084553978,NA,NA,NA
"406",7.59490711889796,0.0165482498160026,0.00796963358620157,NA,NA,NA
"406",7.60519885191763,0.0165477475365694,0.00796962732757223,NA,NA,NA
"406",7.61549058493729,0.0165477017465846,0.00796962193957649,NA,NA,NA
"406",7.62578231795696,0.0165477016019941,0.00796961730792608,NA,NA,NA
"406",7.63607405097663,0.0165477014843243,0.00796961333235521,NA,NA,NA
"406",7.64636578399629,0.0165477013887774,0.00796960992503393,NA,NA,NA
"406",7.65665751701596,0.0165477013113697,0.00796960700914371,NA,NA,NA
"406",7.66694925003563,0.016547701248801,0.0079696045176008,NA,NA,NA
"406",7.6772409830553,0.0165477011983435,0.00796960239191393,NA,NA,NA
"406",7.68753271607496,0.0165477011577478,0.00796960058116385,NA,NA,NA
"406",7.69782444909463,0.0165477011251634,0.00796959904109336,NA,NA,NA
"406",7.7081161821143,0.0165477010990718,0.00796959773329707,NA,NA,NA
"406",7.71840791513396,0.0165477010782294,0.00796959662450131,NA,NA,NA
"406",7.72869964815363,0.0165477010616207,0.00796959568592524,NA,NA,NA
"406",7.7389913811733,0.0165477010484182,0.00796955274544771,NA,NA,NA
"406",7.74928311419297,0.0165477010379494,0.00796890960091788,NA,NA,NA
"406",7.75957484721263,0.0165477010296691,0.00796831705342965,NA,NA,NA
"406",7.7698665802323,0.0165477010231364,0.00796777150039754,NA,NA,NA
"406",7.78015831325197,0.0165477010179956,0.00796726956518046,NA,NA,NA
"406",7.79045004627163,0.0165477010139607,0.00796680808518763,NA,NA,NA
"406",7.8007417792913,0.016547701010802,0.00796638410045591,NA,NA,NA
"406",7.81103351231097,0.0165477010083358,0.00796599484268945,NA,NA,NA
"406",7.82132524533064,0.0165477010064154,0.0079656377247521,NA,NA,NA
"406",7.8316169783503,0.016547701004924,0.00796531033060287,NA,NA,NA
"406",7.84190871136997,0.016547701003769,0.00796501040566417,NA,NA,NA
"406",7.85220044438964,0.0165477010028769,0.00796473584761231,NA,NA,NA
"406",7.8624921774093,0.0165477010021898,0.00796448469757976,NA,NA,NA
"406",7.87278391042897,0.0165477010016621,0.00796425513175796,NA,NA,NA
"406",7.88307564344864,0.016547701001258,0.0079640454533898,NA,NA,NA
"406",7.8933673764683,0.0165477010009494,0.00796385408514043,NA,NA,NA
"406",7.90365910948797,0.0165477010007144,0.00796367956183505,NA,NA,NA
"406",7.91395084250764,0.016547701000536,0.00796366387492862,NA,NA,NA
"406",7.92424257552731,0.0165477010004009,0.00796365609826183,NA,NA,NA
"406",7.93453430854697,0.016547701000299,0.0079636490345799,NA,NA,NA
"406",7.94482604156664,0.0165477010002223,0.0079636426227913,NA,NA,NA
"406",7.95511777458631,0.0165477010001648,0.00796363680669225,NA,NA,NA
"406",7.96540950760598,0.0165477010001218,0.00796363153459801,NA,NA,NA
"406",7.97570124062564,0.0165477010000897,0.00796362675900121,NA,NA,NA
"406",7.98599297364531,0.0165477010000659,0.00796362243625529,NA,NA,NA
"406",7.99628470666498,0.0165477010000482,0.00796361852628104,NA,NA,NA
"406",8.00657643968465,0.0165477010000352,0.00796361499229453,NA,NA,NA
"406",8.01686817270431,0.0165477010000256,0.00796361180055494,NA,NA,NA
"406",8.02715990572398,0.0165477010000185,0.00796360892013065,NA,NA,NA
"406",8.03745163874365,0.0165477010000134,0.00796360632268242,NA,NA,NA
"406",8.04774337176331,0.0165477010000096,0.00796360398226223,NA,NA,NA
"406",8.05803510478298,0.0165477010000069,0.00796360187512691,NA,NA,NA
"406",8.06832683780265,0.0165477010000049,0.00796359997956518,NA,NA,NA
"406",8.07861857082231,0.0165477010000035,0.00796359827573742,NA,NA,NA
"406",8.08891030384198,0.0165477010000025,0.00796359674552713,NA,NA,NA
"406",8.09920203686165,0.0165477010000018,0.00796359537240328,NA,NA,NA
"406",8.10949376988132,0.0165477010000013,0.00796359414129274,NA,NA,NA
"406",8.11978550290098,0.0165477010000009,0.00796359303846225,NA,NA,NA
"406",8.13007723592065,0.0165477010000006,0.00796359205140904,NA,NA,NA
"406",8.14036896894032,0.0165477010000004,0.00796359116875968,NA,NA,NA
"406",8.15066070195999,0.0165477010000003,0.00796359038017644,NA,NA,NA
"406",8.16095243497965,0.0165477010000002,0.00796358967627086,NA,NA,NA
"406",8.17124416799932,0.0165477010000001,0.0079635890485237,NA,NA,NA
"406",8.18153590101899,0.0165477010000001,0.00796358848921117,NA,NA,NA
"406",8.19182763403865,0.0165477010000001,0.00796358799133679,NA,NA,NA
"406",8.20211936705832,0.016547701,0.0079635875485685,NA,NA,NA
"406",8.21241110007799,0.016547701,0.00796358715518076,NA,NA,NA
"406",8.22270283309765,0.016547701,0.0079635868060012,NA,NA,NA
"406",8.23299456611732,0.016547701,0.00796358649636152,NA,NA,NA
"406",8.24328629913699,0.016547701,0.00796358622205231,NA,NA,NA
"406",8.25357803215666,0.016547701,0.00796358597928158,NA,NA,NA
"406",8.26386976517632,0.016547701,0.00796358576463667,NA,NA,NA
"406",8.27416149819599,0.016547701,0.0079635855750493,NA,NA,NA
"406",8.28445323121566,0.016547701,0.00796358540776354,NA,NA,NA
"406",8.29474496423532,0.016547701,0.00796358526030649,NA,NA,NA
"406",8.30503669725499,0.016547701,0.00796358513046147,NA,NA,NA
"406",8.31532843027466,0.016547701,0.00796358501624348,NA,NA,NA
"406",8.31532843027466,NA,0.0289085862507986,NA,NA,NA
"406",8.30503669725499,NA,0.0289085862510204,NA,NA,NA
"406",8.29474496423532,NA,0.0289085862513009,NA,NA,NA
"406",8.28445323121566,NA,0.028908586251655,NA,NA,NA
"406",8.27416149819599,NA,0.028908586252101,NA,NA,NA
"406",8.26386976517632,NA,0.0289085862526614,NA,NA,NA
"406",8.25357803215666,NA,0.0289085862533643,NA,NA,NA
"406",8.24328629913699,NA,0.0289085862542439,NA,NA,NA
"406",8.23299456611732,NA,0.0289085862553424,NA,NA,NA
"406",8.22270283309765,NA,0.0289085862567116,NA,NA,NA
"406",8.21241110007799,NA,0.0289085862584145,NA,NA,NA
"406",8.20211936705832,NA,0.0289085862605282,NA,NA,NA
"406",8.19182763403865,NA,0.0289085862631467,NA,NA,NA
"406",8.18153590101899,NA,0.028908586266384,NA,NA,NA
"406",8.17124416799932,NA,0.0289085862703786,NA,NA,NA
"406",8.16095243497965,NA,0.0289085862752978,NA,NA,NA
"406",8.15066070195999,NA,0.028908586281344,NA,NA,NA
"406",8.14036896894032,NA,0.0289085862887614,NA,NA,NA
"406",8.13007723592065,NA,0.0289085862978434,NA,NA,NA
"406",8.11978550290098,NA,0.0289085863089429,NA,NA,NA
"406",8.10949376988132,NA,0.0289085863224827,NA,NA,NA
"406",8.09920203686165,NA,0.0289085863389687,NA,NA,NA
"406",8.08891030384198,NA,0.0289085863590054,NA,NA,NA
"406",8.07861857082231,NA,0.0289085863833133,NA,NA,NA
"406",8.06832683780265,NA,0.0289085864127499,NA,NA,NA
"406",8.05803510478298,NA,0.0289085864483337,NA,NA,NA
"406",8.04774337176331,NA,0.0289085864912724,NA,NA,NA
"406",8.03745163874365,NA,0.0289085865429957,NA,NA,NA
"406",8.02715990572398,NA,0.0289085866051926,NA,NA,NA
"406",8.01686817270431,NA,0.0289085866798553,NA,NA,NA
"406",8.00657643968465,NA,0.0289085867693295,NA,NA,NA
"406",7.99628470666498,NA,0.0289085868763725,NA,NA,NA
"406",7.98599297364531,NA,0.0289085870042196,NA,NA,NA
"406",7.97570124062564,NA,0.0289085871566608,NA,NA,NA
"406",7.96540950760598,NA,0.0289085873381284,NA,NA,NA
"406",7.95511777458631,NA,0.0289085875537973,NA,NA,NA
"406",7.94482604156664,NA,0.0289085878096996,NA,NA,NA
"406",7.93453430854697,NA,0.0289085881128546,NA,NA,NA
"406",7.92424257552731,NA,0.028908588471418,NA,NA,NA
"406",7.91395084250764,NA,0.02890858889485,NA,NA,NA
"406",7.90365910948797,NA,0.0289085893941069,NA,NA,NA
"406",7.8933673764683,NA,0.0289085899818576,NA,NA,NA
"406",7.88307564344864,NA,0.0289085906727286,NA,NA,NA
"406",7.87278391042897,NA,0.0289085914835802,NA,NA,NA
"406",7.8624921774093,NA,0.0289085924338179,NA,NA,NA
"406",7.85220044438964,NA,0.0289085935457428,NA,NA,NA
"406",7.84190871136997,NA,0.028908594844945,NA,NA,NA
"406",7.8316169783503,NA,0.0289085963607448,NA,NA,NA
"406",7.82132524533064,NA,0.0289085981266869,NA,NA,NA
"406",7.81103351231097,NA,0.0289086001810924,NA,NA,NA
"406",7.8007417792913,NA,0.0289086025676755,NA,NA,NA
"406",7.79045004627163,NA,0.0289086053362304,NA,NA,NA
"406",7.78015831325197,NA,0.0289086085433963,NA,NA,NA
"406",7.7698665802323,NA,0.0289086122535066,NA,NA,NA
"406",7.75957484721263,NA,0.0289086165395316,NA,NA,NA
"406",7.74928311419297,NA,0.0289086214841229,NA,NA,NA
"406",7.7389913811733,NA,0.0289086271807687,NA,NA,NA
"406",7.72869964815363,NA,0.0289086337350697,NA,NA,NA
"406",7.71840791513396,NA,0.0289086412661469,NA,NA,NA
"406",7.7081161821143,NA,0.0289086499081915,NA,NA,NA
"406",7.69782444909463,NA,0.0289086598121703,NA,NA,NA
"406",7.68753271607496,NA,0.0289086711476986,NA,NA,NA
"406",7.6772409830553,NA,0.0289086841050936,NA,NA,NA
"406",7.66694925003563,NA,0.0289086988976241,NA,NA,NA
"406",7.65665751701596,NA,0.0289087157639706,NA,NA,NA
"406",7.64636578399629,NA,0.0289087349709123,NA,NA,NA
"406",7.63607405097663,NA,0.0289087568162577,NA,NA,NA
"406",7.62578231795696,NA,0.0289087816320364,NA,NA,NA
"406",7.61549058493729,NA,0.0289088097879717,NA,NA,NA
"406",7.60519885191763,NA,0.0289088416952511,NA,NA,NA
"406",7.59490711889796,NA,0.0289088778106189,NA,NA,NA
"406",7.58461538587829,NA,0.0289089154243066,NA,NA,NA
"406",7.57432365285862,NA,0.0289089181160766,NA,NA,NA
"406",7.56403191983896,NA,0.0289089211742265,NA,NA,NA
"406",7.55374018681929,NA,0.0289089246459472,NA,NA,NA
"406",7.54344845379962,NA,0.0289089285842096,NA,NA,NA
"406",7.53315672077995,NA,0.0289089330484425,NA,NA,NA
"406",7.52286498776029,NA,0.0289089381052856,NA,NA,NA
"406",7.51257325474062,NA,0.0289089438294281,NA,NA,NA
"406",7.50228152172095,NA,0.028908950304539,NA,NA,NA
"406",7.49198978870129,NA,0.0289089576243014,NA,NA,NA
"406",7.48169805568162,NA,0.0289089658935591,NA,NA,NA
"406",7.47140632266195,NA,0.02890897387459,NA,NA,NA
"406",7.46111458964229,NA,0.0289089758915577,NA,NA,NA
"406",7.45082285662262,NA,0.0289089782838718,NA,NA,NA
"406",7.44053112360295,NA,0.0289089811162519,NA,NA,NA
"406",7.43023939058328,NA,0.0289089844636458,NA,NA,NA
"406",7.41994765756362,NA,0.0289089884126884,NA,NA,NA
"406",7.40965592454395,NA,0.0289089930633442,NA,NA,NA
"406",7.39936419152428,NA,0.0289089985307542,NA,NA,NA
"406",7.38907245850461,NA,0.028909004947305,NA,NA,NA
"406",7.37878072548495,NA,0.028909012464948,NA,NA,NA
"406",7.36848899246528,NA,0.0289090212577884,NA,NA,NA
"406",7.35819725944561,NA,0.0289090315249751,NA,NA,NA
"406",7.34790552642595,NA,0.0289090434939164,NA,NA,NA
"406",7.33761379340628,NA,0.0289090574238552,NA,NA,NA
"406",7.32732206038661,NA,0.0289090736098344,NA,NA,NA
"406",7.31703032736695,NA,0.0289090923870883,NA,NA,NA
"406",7.30673859434728,NA,0.0289091141358971,NA,NA,NA
"406",7.29644686132761,NA,0.0289091392869436,NA,NA,NA
"406",7.28615512830794,NA,0.0289091683272145,NA,NA,NA
"406",7.27586339528828,NA,0.0289092018064889,NA,NA,NA
"406",7.26557166226861,NA,0.0289092403444625,NA,NA,NA
"406",7.25527992924894,NA,0.0289092846385542,NA,NA,NA
"406",7.24498819622927,NA,0.0289093354724471,NA,NA,NA
"406",7.23469646320961,NA,0.0289093937254173,NA,NA,NA
"406",7.22440473018994,NA,0.0289094603825061,NA,NA,NA
"406",7.21411299717027,NA,0.0289095365455928,NA,NA,NA
"406",7.20382126415061,NA,0.0289096234454286,NA,NA,NA
"406",7.19352953113094,NA,0.0289097224546939,NA,NA,NA
"406",7.18323779811127,NA,0.0289098351021416,NA,NA,NA
"406",7.1729460650916,NA,0.0289099630878934,NA,NA,NA
"406",7.16265433207194,NA,0.0289106887370297,NA,NA,NA
"406",7.15236259905227,NA,0.0289108827549925,NA,NA,NA
"406",7.1420708660326,NA,0.0289110765595096,NA,NA,NA
"406",7.13177913301294,NA,0.0289112264638337,NA,NA,NA
"406",7.12148739999327,NA,0.0289113965742999,NA,NA,NA
"406",7.1111956669736,NA,0.0289115893471703,NA,NA,NA
"406",7.10090393395394,NA,0.0289118075020041,NA,NA,NA
"406",7.09061220093427,NA,0.0289120540456401,NA,NA,NA
"406",7.0803204679146,NA,0.0289124057113931,NA,NA,NA
"406",7.07002873489493,NA,0.0289128389204777,NA,NA,NA
"406",7.05973700187527,NA,0.028913323911165,NA,NA,NA
"406",7.0494452688556,NA,0.0289138662045686,NA,NA,NA
"406",7.03915353583593,NA,0.0289144718321939,NA,NA,NA
"406",7.02886180281626,NA,0.0289151473748333,NA,NA,NA
"406",7.0185700697966,NA,0.0289159000036426,NA,NA,NA
"406",7.00827833677693,NA,0.0289167375234533,NA,NA,NA
"406",6.99798660375726,NA,0.0289176684183751,NA,NA,NA
"406",6.9876948707376,NA,0.0289187018997362,NA,NA,NA
"406",6.97740313771793,NA,0.0289198479564034,NA,NA,NA
"406",6.96711140469826,NA,0.0289211174075233,NA,NA,NA
"406",6.95681967167859,NA,0.0289225219577132,NA,NA,NA
"406",6.94652793865893,NA,0.0289240742547306,NA,NA,NA
"406",6.93623620563926,NA,0.0289257879496406,NA,NA,NA
"406",6.92594447261959,NA,0.0289276777594918,NA,NA,NA
"406",6.91565273959993,NA,0.0289297595325074,NA,NA,NA
"406",6.90536100658026,NA,0.028936552430587,NA,NA,NA
"406",6.89506927356059,NA,0.0289390577694548,NA,NA,NA
"406",6.88477754054092,NA,0.0289417235690104,NA,NA,NA
"406",6.87448580752126,NA,0.0289440588663959,NA,NA,NA
"406",6.86419407450159,NA,0.0289448197773276,NA,NA,NA
"406",6.85390234148192,NA,0.0289473290086894,NA,NA,NA
"406",6.84361060846225,NA,0.0289536896978034,NA,NA,NA
"406",6.83331887544259,NA,0.0289601257416856,NA,NA,NA
"406",6.82302714242292,NA,0.0289729185566157,NA,NA,NA
"406",6.81273540940325,NA,0.0289840873537783,NA,NA,NA
"406",6.80244367638359,NA,0.0289953308368468,NA,NA,NA
"406",6.79215194336392,NA,0.0290015276828632,NA,NA,NA
"406",6.78186021034425,NA,0.029015547300456,NA,NA,NA
"406",6.77156847732459,NA,0.0290357551644692,NA,NA,NA
"406",6.76127674430492,NA,0.0290524888097827,NA,NA,NA
"406",6.75098501128525,NA,0.0290983918245082,NA,NA,NA
"406",6.74069327826558,NA,0.0291471694866982,NA,NA,NA
"406",6.73040154524592,NA,0.0291984794720032,NA,NA,NA
"406",6.72010981222625,NA,0.0292236739296841,NA,NA,NA
"406",6.70981807920658,NA,0.0292580738086132,NA,NA,NA
"406",6.69952634618691,NA,0.0293037161434555,NA,NA,NA
"406",6.68923461316725,NA,0.029348123393505,NA,NA,NA
"406",6.67894288014758,NA,0.0293977370909687,NA,NA,NA
"406",6.66865114712791,NA,0.0294415438409466,NA,NA,NA
"406",6.65835941410825,NA,0.0294993548893924,NA,NA,NA
"406",6.64806768108858,NA,0.0295603434763145,NA,NA,NA
"406",6.63777594806891,NA,0.0295868755710946,NA,NA,NA
"406",6.62748421504925,NA,0.0296310711318223,NA,NA,NA
"406",6.61719248202958,NA,0.0296880168412429,NA,NA,NA
"406",6.60690074900991,NA,0.0297398376596074,NA,NA,NA
"406",6.59660901599024,NA,0.0297938487434499,NA,NA,NA
"406",6.58631728297058,NA,0.0298559179938243,NA,NA,NA
"406",6.57602554995091,NA,0.0298925868743482,NA,NA,NA
"406",6.56573381693124,NA,0.0300089883905164,NA,NA,NA
"406",6.55544208391158,NA,0.030097769860506,NA,NA,NA
"406",6.54515035089191,NA,0.0301984687406588,NA,NA,NA
"406",6.53485861787224,NA,0.0302670931305957,NA,NA,NA
"406",6.52456688485257,NA,0.0303485092588468,NA,NA,NA
"406",6.51427515183291,NA,0.0304155473071984,NA,NA,NA
"406",6.50398341881324,NA,0.0305925170218169,NA,NA,NA
"406",6.49369168579357,NA,0.0306923332382985,NA,NA,NA
"406",6.4833999527739,NA,0.0308008395895682,NA,NA,NA
"406",6.47310821975424,NA,0.0309062349766886,NA,NA,NA
"406",6.46281648673457,NA,0.0310462579770205,NA,NA,NA
"406",6.4525247537149,NA,0.0312181354902608,NA,NA,NA
"406",6.44223302069524,NA,0.0312676663545045,NA,NA,NA
"406",6.43194128767557,NA,0.0313974748069621,NA,NA,NA
"406",6.4216495546559,NA,0.0315906647473956,NA,NA,NA
"406",6.41135782163624,NA,0.0317796290875232,NA,NA,NA
"406",6.40106608861657,NA,0.0319674066488949,NA,NA,NA
"406",6.3907743555969,NA,0.03212353609627,NA,NA,NA
"406",6.38048262257723,NA,0.0323022652340726,NA,NA,NA
"406",6.37019088955757,NA,0.0324972465695882,NA,NA,NA
"406",6.3598991565379,NA,0.032722771105999,NA,NA,NA
"406",6.34960742351823,NA,0.0329460333661097,NA,NA,NA
"406",6.33931569049856,NA,0.0331510842196295,NA,NA,NA
"406",6.3290239574789,NA,0.0334281068567858,NA,NA,NA
"406",6.31873222445923,NA,0.0337599857600075,NA,NA,NA
"406",6.30844049143956,NA,0.0340635345892679,NA,NA,NA
"406",6.2981487584199,NA,0.0343479498401176,NA,NA,NA
"406",6.28785702540023,NA,0.0346364701407424,NA,NA,NA
"406",6.27756529238056,NA,0.034978111472946,NA,NA,NA
"406",6.26727355936089,NA,0.0353769515544939,NA,NA,NA
"406",6.25698182634123,NA,0.0356600584724315,NA,NA,NA
"406",6.24669009332156,NA,0.0360757047551575,NA,NA,NA
"406",6.23639836030189,NA,0.0364305270307483,NA,NA,NA
"406",6.22610662728223,NA,0.0368195817714891,NA,NA,NA
"406",6.21581489426256,NA,0.0372566548726927,NA,NA,NA
"406",6.20552316124289,NA,0.0377061495250967,NA,NA,NA
"406",6.19523142822322,NA,0.0381764287541426,NA,NA,NA
"406",6.18493969520356,NA,0.0386060033401534,NA,NA,NA
"406",6.17464796218389,NA,0.0390360361935369,NA,NA,NA
"406",6.16435622916422,NA,0.0395229165604927,NA,NA,NA
"406",6.15406449614456,NA,0.0400448183916127,NA,NA,NA
"406",6.14377276312489,NA,0.0405184596268978,NA,NA,NA
"406",6.13348103010522,NA,0.041052229641149,NA,NA,NA
"406",6.12318929708555,NA,0.0416261002501825,NA,NA,NA
"406",6.11289756406589,NA,0.0421505209187107,NA,NA,NA
"406",6.10260583104622,NA,0.0427803304510753,NA,NA,NA
"406",6.09231409802655,NA,0.0434302545032083,NA,NA,NA
"406",6.08202236500689,NA,0.0440286350651438,NA,NA,NA
"406",6.07173063198722,NA,0.0447492638161298,NA,NA,NA
"406",6.06143889896755,NA,0.0453782838589166,NA,NA,NA
"406",6.05114716594789,NA,0.0461550867803557,NA,NA,NA
"406",6.04085543292822,NA,0.0468135069489335,NA,NA,NA
"406",6.03056369990855,NA,0.0475367466718087,NA,NA,NA
"406",6.02027196688888,NA,0.0482873017742023,NA,NA,NA
"406",6.00998023386922,NA,0.0490543357666569,NA,NA,NA
"406",5.99968850084955,NA,0.0498527097167796,NA,NA,NA
"406",5.98939676782988,NA,0.0506627852746324,NA,NA,NA
"406",5.97910503481021,NA,0.0514786765169402,NA,NA,NA
"406",5.96881330179055,NA,0.0523035893292099,NA,NA,NA
"406",5.95852156877088,NA,0.0531987781428335,NA,NA,NA
"406",5.94822983575121,NA,0.0540327917758641,NA,NA,NA
"406",5.93793810273154,NA,0.0548976158764992,NA,NA,NA
"406",5.92764636971188,NA,0.055802308035372,NA,NA,NA
"406",5.91735463669221,NA,0.0567438731002371,NA,NA,NA
"406",5.90706290367254,NA,0.0576420575346589,NA,NA,NA
"406",5.89677117065288,NA,0.0586076860061133,NA,NA,NA
"406",5.88647943763321,NA,0.059612296871877,NA,NA,NA
"406",5.87618770461354,NA,0.060682345839724,NA,NA,NA
"406",5.86589597159388,NA,0.0616794059262912,NA,NA,NA
"406",5.85560423857421,NA,0.0626886804412173,NA,NA,NA
"406",5.84531250555454,NA,0.0637831792171215,NA,NA,NA
"406",5.83502077253487,NA,0.0648298163564675,NA,NA,NA
"406",5.82472903951521,NA,0.0660186528150493,NA,NA,NA
"406",5.81443730649554,NA,0.0670874830025581,NA,NA,NA
"406",5.80414557347587,NA,0.0682588429764166,NA,NA,NA
"406",5.79385384045621,NA,0.069329968689251,NA,NA,NA
"406",5.78356210743654,NA,0.0705420983093378,NA,NA,NA
"406",5.77327037441687,NA,0.0717535380659768,NA,NA,NA
"406",5.7629786413972,NA,0.0729461616316302,NA,NA,NA
"406",5.75268690837754,NA,0.0741875723177461,NA,NA,NA
"406",5.74239517535787,NA,0.0754599490144579,NA,NA,NA
"406",5.7321034423382,NA,0.0767195723360218,NA,NA,NA
"406",5.72181170931854,NA,0.0780008284258887,NA,NA,NA
"406",5.71151997629887,NA,0.0792862691117208,NA,NA,NA
"406",5.7012282432792,NA,0.0806744019088523,NA,NA,NA
"406",5.69093651025953,NA,0.0820271270359421,NA,NA,NA
"406",5.68064477723987,NA,0.0834012822598482,NA,NA,NA
"406",5.6703530442202,NA,0.0847595367479492,NA,NA,NA
"406",5.66006131120053,NA,0.0861688541544219,NA,NA,NA
"406",5.64976957818087,NA,0.0876169787584795,NA,NA,NA
"406",5.6394778451612,NA,0.0890747616011026,NA,NA,NA
"406",5.62918611214153,NA,0.0904980486633407,NA,NA,NA
"406",5.61889437912186,NA,0.091959510669898,NA,NA,NA
"406",5.6086026461022,NA,0.0934370594231703,NA,NA,NA
"406",5.59831091308253,NA,0.0949659952113237,NA,NA,NA
"406",5.58801918006286,NA,0.0965313492537931,NA,NA,NA
"406",5.57772744704319,NA,0.0980979339461255,NA,NA,NA
"406",5.56743571402353,NA,0.0997007469296175,NA,NA,NA
"406",5.55714398100386,NA,0.101306321303035,NA,NA,NA
"406",5.54685224798419,NA,0.102908907607377,NA,NA,NA
"406",5.53656051496453,NA,0.104553509622516,NA,NA,NA
"406",5.52626878194486,NA,0.106203240782516,NA,NA,NA
"406",5.51597704892519,NA,0.107838138324638,NA,NA,NA
"406",5.50568531590552,NA,0.109532684961569,NA,NA,NA
"406",5.49539358288586,NA,0.111270364596376,NA,NA,NA
"406",5.48510184986619,NA,0.113004473209213,NA,NA,NA
"406",5.47481011684652,NA,0.114868489916117,NA,NA,NA
"406",5.46451838382686,NA,0.116617801508811,NA,NA,NA
"406",5.45422665080719,NA,0.118413621901366,NA,NA,NA
"406",5.44393491778752,NA,0.120158232551618,NA,NA,NA
"406",5.43364318476785,NA,0.121992688586969,NA,NA,NA
"406",5.42335145174819,NA,0.123871700641051,NA,NA,NA
"406",5.41305971872852,NA,0.125732146129248,NA,NA,NA
"406",5.40276798570885,NA,0.127581330039192,NA,NA,NA
"406",5.39247625268919,NA,0.129492458079494,NA,NA,NA
"406",5.38218451966952,NA,0.131386765303035,NA,NA,NA
"406",5.37189278664985,NA,0.133335037945002,NA,NA,NA
"406",5.36160105363018,NA,0.135338767647382,NA,NA,NA
"406",5.35130932061052,NA,0.137379551995101,NA,NA,NA
"406",5.34101758759085,NA,0.139398331548689,NA,NA,NA
"406",5.33072585457118,NA,0.141416356245782,NA,NA,NA
"406",5.32043412155152,NA,0.143429138161345,NA,NA,NA
"406",5.31014238853185,NA,0.145457364567395,NA,NA,NA
"406",5.29985065551218,NA,0.147622743383767,NA,NA,NA
"406",5.28955892249251,NA,0.149749164710187,NA,NA,NA
"406",5.27926718947285,NA,0.151955950722043,NA,NA,NA
"406",5.26897545645318,NA,0.154150860670258,NA,NA,NA
"406",5.25868372343351,NA,0.156381079426423,NA,NA,NA
"406",5.24839199041385,NA,0.158601587601239,NA,NA,NA
"406",5.23810025739418,NA,0.160841272090486,NA,NA,NA
"406",5.22780852437451,NA,0.163066292821934,NA,NA,NA
"406",5.21751679135484,NA,0.165271765965724,NA,NA,NA
"406",5.20722505833518,NA,0.167533349461736,NA,NA,NA
"406",5.19693332531551,NA,0.169790987276655,NA,NA,NA
"406",5.18664159229584,NA,0.172096461595937,NA,NA,NA
"406",5.17634985927618,NA,0.17431275176915,NA,NA,NA
"406",5.16605812625651,NA,0.176638089002887,NA,NA,NA
"406",5.15576639323684,NA,0.178824113076593,NA,NA,NA
"406",5.14547466021717,NA,0.18119847223261,NA,NA,NA
"406",5.13518292719751,NA,0.183502786965008,NA,NA,NA
"406",5.12489119417784,NA,0.185866231659756,NA,NA,NA
"406",5.11459946115817,NA,0.18830706219295,NA,NA,NA
"406",5.10430772813851,NA,0.19066932083474,NA,NA,NA
"406",5.09401599511884,NA,0.193178833802004,NA,NA,NA
"406",5.08372426209917,NA,0.195609102132667,NA,NA,NA
"406",5.0734325290795,NA,0.198094337213765,NA,NA,NA
"406",5.06314079605984,NA,0.20047575325108,NA,NA,NA
"406",5.05284906304017,NA,0.202953152214456,NA,NA,NA
"406",5.0425573300205,NA,0.205293917184715,NA,NA,NA
"406",5.03226559700084,NA,0.207758501341763,NA,NA,NA
"406",5.02197386398117,NA,0.210376425135168,NA,NA,NA
"406",5.0116821309615,NA,0.212950164406634,NA,NA,NA
"406",5.00139039794183,NA,0.215509276506967,NA,NA,NA
"406",4.99109866492217,NA,0.218092014923106,NA,NA,NA
"406",4.9808069319025,NA,0.220710560483971,NA,NA,NA
"406",4.97051519888283,NA,0.223330962032039,NA,NA,NA
"406",4.96022346586316,NA,0.225931211701638,NA,NA,NA
"406",4.9499317328435,NA,0.228676911283683,NA,NA,NA
"406",4.93963999982383,NA,0.23120014906462,NA,NA,NA
"406",4.92934826680416,NA,0.233821339468587,NA,NA,NA
"406",4.9190565337845,NA,0.236495670692376,NA,NA,NA
"406",4.90876480076483,NA,0.239249594422823,NA,NA,NA
"406",4.89847306774516,NA,0.241965120812521,NA,NA,NA
"406",4.88818133472549,NA,0.244627382349332,NA,NA,NA
"406",4.87788960170583,NA,0.247353928213416,NA,NA,NA
"406",4.86759786868616,NA,0.249975043974098,NA,NA,NA
"406",4.85730613566649,NA,0.252619305173474,NA,NA,NA
"406",4.84701440264683,NA,0.255284828760928,NA,NA,NA
"406",4.83672266962716,NA,0.257990881074282,NA,NA,NA
"406",4.82643093660749,NA,0.260799575487835,NA,NA,NA
"406",4.81613920358783,NA,0.263500494683261,NA,NA,NA
"406",4.80584747056816,NA,0.266297499110648,NA,NA,NA
"406",4.79555573754849,NA,0.269096611121807,NA,NA,NA
"406",4.78526400452882,NA,0.271834316982077,NA,NA,NA
"406",4.77497227150916,NA,0.274654632989499,NA,NA,NA
"406",4.76468053848949,NA,0.27748811989097,NA,NA,NA
"406",4.75438880546982,NA,0.280373540330238,NA,NA,NA
"406",4.74409707245016,NA,0.283318143739219,NA,NA,NA
"406",4.73380533943049,NA,0.286237486219027,NA,NA,NA
"406",4.72351360641082,NA,0.288955321106297,NA,NA,NA
"406",4.71322187339115,NA,0.291755478138905,NA,NA,NA
"406",4.70293014037149,NA,0.29464668950881,NA,NA,NA
"406",4.69263840735182,NA,0.297342841993737,NA,NA,NA
"406",4.68234667433215,NA,0.300305755308373,NA,NA,NA
"406",4.67205494131248,NA,0.303032535140869,NA,NA,NA
"406",4.66176320829282,NA,0.305874134840201,NA,NA,NA
"406",4.65147147527315,NA,0.308717481329811,NA,NA,NA
"406",4.64117974225348,NA,0.311521178453076,NA,NA,NA
"406",4.63088800923382,NA,0.314532483036961,NA,NA,NA
"406",4.62059627621415,NA,0.317388038035542,NA,NA,NA
"406",4.61030454319448,NA,0.32026693400458,NA,NA,NA
"406",4.60001281017481,NA,0.323028322762042,NA,NA,NA
"406",4.58972107715515,NA,0.32590250517809,NA,NA,NA
"406",4.57942934413548,NA,0.328904057857517,NA,NA,NA
"406",4.56913761111581,NA,0.331665714933566,NA,NA,NA
"406",4.55884587809615,NA,0.334561618957718,NA,NA,NA
"406",4.54855414507648,NA,0.33746180241997,NA,NA,NA
"406",4.53826241205681,NA,0.340383544231289,NA,NA,NA
"406",4.52797067903714,NA,0.343305387531548,NA,NA,NA
"406",4.51767894601748,NA,0.346155298663845,NA,NA,NA
"406",4.50738721299781,NA,0.349152859594699,NA,NA,NA
"406",4.49709547997814,NA,0.352021543975498,NA,NA,NA
"406",4.48680374695848,NA,0.354841270935776,NA,NA,NA
"406",4.47651201393881,NA,0.357634010231659,NA,NA,NA
"406",4.46622028091914,NA,0.360536288160223,NA,NA,NA
"406",4.45592854789947,NA,0.363485041034527,NA,NA,NA
"406",4.44563681487981,NA,0.366312387089376,NA,NA,NA
"406",4.43534508186014,NA,0.369083175881728,NA,NA,NA
"406",4.42505334884047,NA,0.371983010090833,NA,NA,NA
"406",4.41476161582081,NA,0.374890072951956,NA,NA,NA
"406",4.40446988280114,NA,0.377713203305761,NA,NA,NA
"406",4.39417814978147,NA,0.380472846964891,NA,NA,NA
"406",4.3838864167618,NA,0.383334237727312,NA,NA,NA
"406",4.37359468374214,NA,0.385967782516458,NA,NA,NA
"406",4.36330295072247,NA,0.388680657018124,NA,NA,NA
"406",4.3530112177028,NA,0.391512260163233,NA,NA,NA
"406",4.34271948468314,NA,0.394226141154792,NA,NA,NA
"406",4.33242775166347,NA,0.397058347213251,NA,NA,NA
"406",4.3221360186438,NA,0.399918148379727,NA,NA,NA
"406",4.31184428562413,NA,0.402698539222248,NA,NA,NA
"406",4.30155255260447,NA,0.405533166613712,NA,NA,NA
"406",4.2912608195848,NA,0.408201342036019,NA,NA,NA
"406",4.28096908656513,NA,0.4109115875663,NA,NA,NA
"406",4.27067735354547,NA,0.413784352356235,NA,NA,NA
"406",4.2603856205258,NA,0.416669112682346,NA,NA,NA
"406",4.25009388750613,NA,0.419485110109311,NA,NA,NA
"406",4.23980215448646,NA,0.422255221191883,NA,NA,NA
"406",4.2295104214668,NA,0.424879305975128,NA,NA,NA
"406",4.21921868844713,NA,0.427570589689295,NA,NA,NA
"406",4.20892695542746,NA,0.430396577884178,NA,NA,NA
"406",4.1986352224078,NA,0.433113137320732,NA,NA,NA
"406",4.18834348938813,NA,0.435920281910109,NA,NA,NA
"406",4.17805175636846,NA,0.438547684875351,NA,NA,NA
"406",4.16776002334879,NA,0.441199509327474,NA,NA,NA
"406",4.15746829032913,NA,0.443842684304559,NA,NA,NA
"406",4.14717655730946,NA,0.446565463709351,NA,NA,NA
"406",4.13688482428979,NA,0.44916711241433,NA,NA,NA
"406",4.12659309127013,NA,0.451808713692503,NA,NA,NA
"406",4.11630135825046,NA,0.45453067314224,NA,NA,NA
"406",4.10600962523079,NA,0.457191110720955,NA,NA,NA
"406",4.09571789221112,NA,0.459791497391138,NA,NA,NA
"406",4.08542615919146,NA,0.462371973038346,NA,NA,NA
"406",4.07513442617179,NA,0.464946988253074,NA,NA,NA
"406",4.06484269315212,NA,0.467513306499481,NA,NA,NA
"406",4.05455096013246,NA,0.470083767599375,NA,NA,NA
"406",4.04425922711279,NA,0.47256226666123,NA,NA,NA
"406",4.03396749409312,NA,0.475164937123261,NA,NA,NA
"406",4.02367576107345,NA,0.477691562284652,NA,NA,NA
"406",4.01338402805379,NA,0.480315508308378,NA,NA,NA
"406",4.00309229503412,NA,0.482763369436891,NA,NA,NA
"406",3.99280056201445,NA,0.485195735158404,NA,NA,NA
"406",3.98250882899478,NA,0.487652871680117,NA,NA,NA
"406",3.97221709597512,NA,0.490048169594406,NA,NA,NA
"406",3.96192536295545,NA,0.492479992624179,NA,NA,NA
"406",3.95163362993578,NA,0.494862535285331,NA,NA,NA
"406",3.94134189691612,NA,0.497360835994265,NA,NA,NA
"406",3.93105016389645,NA,0.499659350298192,NA,NA,NA
"406",3.92075843087678,NA,0.502030031042645,NA,NA,NA
"406",3.91046669785711,NA,0.504408463629503,NA,NA,NA
"406",3.90017496483745,NA,0.50677308534674,NA,NA,NA
"406",3.88988323181778,NA,0.509123993459838,NA,NA,NA
"406",3.87959149879811,NA,0.51145462201541,NA,NA,NA
"406",3.86929976577845,NA,0.513757870674235,NA,NA,NA
"406",3.85900803275878,NA,0.516014597271676,NA,NA,NA
"406",3.84871629973911,NA,0.518265611889475,NA,NA,NA
"406",3.83842456671944,NA,0.520626966500206,NA,NA,NA
"406",3.82813283369978,NA,0.522778780936334,NA,NA,NA
"406",3.81784110068011,NA,0.525081090174166,NA,NA,NA
"406",3.80754936766044,NA,0.527341236852815,NA,NA,NA
"406",3.79725763464078,NA,0.529496539862953,NA,NA,NA
"406",3.78696590162111,NA,0.531627241473338,NA,NA,NA
"406",3.77667416860144,NA,0.533741166745729,NA,NA,NA
"406",3.76638243558178,NA,0.535838160528389,NA,NA,NA
"406",3.75609070256211,NA,0.537931957235237,NA,NA,NA
"406",3.74579896954244,NA,0.540170836843803,NA,NA,NA
"406",3.73550723652277,NA,0.542154772586477,NA,NA,NA
"406",3.72521550350311,NA,0.544399183672819,NA,NA,NA
"406",3.71492377048344,NA,0.546598320356388,NA,NA,NA
"406",3.70463203746377,NA,0.548632992595223,NA,NA,NA
"406",3.6943403044441,NA,0.550648694011558,NA,NA,NA
"406",3.68404857142444,NA,0.552646914954775,NA,NA,NA
"406",3.67375683840477,NA,0.554622612747133,NA,NA,NA
"406",3.6634651053851,NA,0.556537152201212,NA,NA,NA
"406",3.65317337236544,NA,0.558465509137881,NA,NA,NA
"406",3.64288163934577,NA,0.560366067281698,NA,NA,NA
"406",3.6325899063261,NA,0.562286168244466,NA,NA,NA
"406",3.62229817330643,NA,0.564236648944503,NA,NA,NA
"406",3.61200644028677,NA,0.566190121618818,NA,NA,NA
"406",3.6017147072671,NA,0.568198728557613,NA,NA,NA
"406",3.59142297424743,NA,0.570016330185861,NA,NA,NA
"406",3.58113124122777,NA,0.571747237619977,NA,NA,NA
"406",3.5708395082081,NA,0.573579478972357,NA,NA,NA
"406",3.56054777518843,NA,0.575438191327887,NA,NA,NA
"406",3.55025604216876,NA,0.577427630349528,NA,NA,NA
"406",3.5399643091491,NA,0.579358849429382,NA,NA,NA
"406",3.52967257612943,NA,0.581202433248224,NA,NA,NA
"406",3.51938084310976,NA,0.583166367031042,NA,NA,NA
"406",3.5090891100901,NA,0.585005541755027,NA,NA,NA
"406",3.49879737707043,NA,0.586633731390089,NA,NA,NA
"406",3.48850564405076,NA,0.588363488541408,NA,NA,NA
"406",3.47821391103109,NA,0.590266614378785,NA,NA,NA
"406",3.46792217801143,NA,0.591944086470634,NA,NA,NA
"406",3.45763044499176,NA,0.593536690365542,NA,NA,NA
"406",3.44733871197209,NA,0.595148747639426,NA,NA,NA
"406",3.43704697895243,NA,0.596868143240156,NA,NA,NA
"406",3.42675524593276,NA,0.598665162289581,NA,NA,NA
"406",3.41646351291309,NA,0.600298318410055,NA,NA,NA
"406",3.40617177989342,NA,0.602008358941973,NA,NA,NA
"406",3.39588004687376,NA,0.603715447468645,NA,NA,NA
"406",3.38558831385409,NA,0.605480902698941,NA,NA,NA
"406",3.37529658083442,NA,0.607150240983475,NA,NA,NA
"406",3.36500484781476,NA,0.608697391241792,NA,NA,NA
"406",3.35471311479509,NA,0.610404575275872,NA,NA,NA
"406",3.34442138177542,NA,0.612043649224819,NA,NA,NA
"406",3.33412964875575,NA,0.613586772658341,NA,NA,NA
"406",3.32383791573609,NA,0.615257658299159,NA,NA,NA
"406",3.31354618271642,NA,0.616816901948965,NA,NA,NA
"406",3.30325444969675,NA,0.618398396851095,NA,NA,NA
"406",3.29296271667709,NA,0.619882982369707,NA,NA,NA
"406",3.28267098365742,NA,0.621402740150158,NA,NA,NA
"406",3.27237925063775,NA,0.622813050740058,NA,NA,NA
"406",3.26208751761808,NA,0.624358956289063,NA,NA,NA
"406",3.25179578459842,NA,0.625811755938309,NA,NA,NA
"406",3.24150405157875,NA,0.627300740779088,NA,NA,NA
"406",3.23121231855908,NA,0.628755685608224,NA,NA,NA
"406",3.22092058553942,NA,0.6302517819183,NA,NA,NA
"406",3.21062885251975,NA,0.63164522732201,NA,NA,NA
"406",3.20033711950008,NA,0.632955634313428,NA,NA,NA
"406",3.19004538648041,NA,0.634257479560641,NA,NA,NA
"406",3.17975365346075,NA,0.635684343402449,NA,NA,NA
"406",3.16946192044108,NA,0.637201862066478,NA,NA,NA
"406",3.15917018742141,NA,0.638546762170509,NA,NA,NA
"406",3.14887845440175,NA,0.63990446622341,NA,NA,NA
"406",3.13858672138208,NA,0.641241629998911,NA,NA,NA
"406",3.12829498836241,NA,0.642618444601771,NA,NA,NA
"406",3.11800325534274,NA,0.64398040915636,NA,NA,NA
"406",3.10771152232308,NA,0.645382214825178,NA,NA,NA
"406",3.09741978930341,NA,0.646662953420063,NA,NA,NA
"406",3.08712805628374,NA,0.647974544003059,NA,NA,NA
"406",3.07683632326408,NA,0.649262694481187,NA,NA,NA
"406",3.06654459024441,NA,0.650561522413627,NA,NA,NA
"406",3.05625285722474,NA,0.651848880051663,NA,NA,NA
"406",3.04596112420507,NA,0.653107485158209,NA,NA,NA
"406",3.03566939118541,NA,0.654328070346103,NA,NA,NA
"406",3.02537765816574,NA,0.655652339266752,NA,NA,NA
"406",3.01508592514607,NA,0.656951677589538,NA,NA,NA
"406",3.0047941921264,NA,0.658167934255589,NA,NA,NA
"406",2.99450245910674,NA,0.659280770735062,NA,NA,NA
"406",2.98421072608707,NA,0.66040699160741,NA,NA,NA
"406",2.9739189930674,NA,0.66158582708779,NA,NA,NA
"406",2.96362726004774,NA,0.662640575952432,NA,NA,NA
"406",2.95333552702807,NA,0.663770602351634,NA,NA,NA
"406",2.9430437940084,NA,0.664844273017844,NA,NA,NA
"406",2.93275206098873,NA,0.665919968548365,NA,NA,NA
"406",2.92246032796907,NA,0.667003287134999,NA,NA,NA
"406",2.9121685949494,NA,0.668155634483789,NA,NA,NA
"406",2.90187686192973,NA,0.669176773447896,NA,NA,NA
"406",2.89158512891007,NA,0.670179935045478,NA,NA,NA
"406",2.8812933958904,NA,0.671301269723384,NA,NA,NA
"406",2.87100166287073,NA,0.672496545761252,NA,NA,NA
"406",2.86070992985106,NA,0.673692977867797,NA,NA,NA
"406",2.8504181968314,NA,0.67483771834854,NA,NA,NA
"406",2.84012646381173,NA,0.675924049117019,NA,NA,NA
"406",2.82983473079206,NA,0.676982032563435,NA,NA,NA
"406",2.8195429977724,NA,0.678019215335014,NA,NA,NA
"406",2.80925126475273,NA,0.678976006722467,NA,NA,NA
"406",2.79895953173306,NA,0.680104870066378,NA,NA,NA
"406",2.78866779871339,NA,0.681212815513039,NA,NA,NA
"406",2.77837606569373,NA,0.682238013901408,NA,NA,NA
"406",2.76808433267406,NA,0.683222929120949,NA,NA,NA
"406",2.75779259965439,NA,0.684133351924133,NA,NA,NA
"406",2.74750086663473,NA,0.685109226636731,NA,NA,NA
"406",2.73720913361506,NA,0.686088634473108,NA,NA,NA
"406",2.72691740059539,NA,0.687006297499776,NA,NA,NA
"406",2.71662566757572,NA,0.687936313899513,NA,NA,NA
"406",2.70633393455606,NA,0.688960651413484,NA,NA,NA
"406",2.69604220153639,NA,0.689870985859899,NA,NA,NA
"406",2.68575046851672,NA,0.690823579447511,NA,NA,NA
"406",2.67545873549706,NA,0.691654568539296,NA,NA,NA
"406",2.66516700247739,NA,0.692620248191257,NA,NA,NA
"406",2.65487526945772,NA,0.693617430189897,NA,NA,NA
"406",2.64458353643805,NA,0.694549486879717,NA,NA,NA
"406",2.63429180341839,NA,0.695345561798293,NA,NA,NA
"406",2.62400007039872,NA,0.696198054889221,NA,NA,NA
"406",2.61370833737905,NA,0.697101015346241,NA,NA,NA
"406",2.60341660435939,NA,0.698009888136884,NA,NA,NA
"406",2.59312487133972,NA,0.698907672394182,NA,NA,NA
"406",2.58283313832005,NA,0.699785663540308,NA,NA,NA
"406",2.57254140530038,NA,0.700720825409264,NA,NA,NA
"406",2.56224967228072,NA,0.701463611640502,NA,NA,NA
"406",2.55195793926105,NA,0.702296191263747,NA,NA,NA
"406",2.54166620624138,NA,0.703187305237196,NA,NA,NA
"406",2.53137447322172,NA,0.704055039726069,NA,NA,NA
"406",2.52108274020205,NA,0.704782656625469,NA,NA,NA
"406",2.51079100718238,NA,0.70557484219279,NA,NA,NA
"406",2.50049927416271,NA,0.70639503436683,NA,NA,NA
"406",2.49020754114305,NA,0.707177781233603,NA,NA,NA
"406",2.47991580812338,NA,0.707943114226886,NA,NA,NA
"406",2.46962407510371,NA,0.708696547806624,NA,NA,NA
"406",2.45933234208405,NA,0.709461884669357,NA,NA,NA
"406",2.44904060906438,NA,0.710238793959028,NA,NA,NA
"406",2.43874887604471,NA,0.711022252437007,NA,NA,NA
"406",2.42845714302504,NA,0.711847651829132,NA,NA,NA
"406",2.41816541000538,NA,0.712598092329206,NA,NA,NA
"406",2.40787367698571,NA,0.713354643818917,NA,NA,NA
"406",2.39758194396604,NA,0.714135507153608,NA,NA,NA
"406",2.38729021094638,NA,0.714909958374404,NA,NA,NA
"406",2.37699847792671,NA,0.715472600361187,NA,NA,NA
"406",2.36670674490704,NA,0.716414710003495,NA,NA,NA
"406",2.35641501188737,NA,0.71708623044631,NA,NA,NA
"406",2.34612327886771,NA,0.717839012549956,NA,NA,NA
"406",2.33583154584804,NA,0.718608680253041,NA,NA,NA
"406",2.32553981282837,NA,0.719264051274539,NA,NA,NA
"406",2.3152480798087,NA,0.719982668730327,NA,NA,NA
"406",2.30495634678904,NA,0.720723511010559,NA,NA,NA
"406",2.29466461376937,NA,0.721488978174955,NA,NA,NA
"406",2.2843728807497,NA,0.722086501880508,NA,NA,NA
"406",2.27408114773004,NA,0.722768458888976,NA,NA,NA
"406",2.26378941471037,NA,0.723426666558725,NA,NA,NA
"406",2.2534976816907,NA,0.724162772310065,NA,NA,NA
"406",2.24320594867104,NA,0.724908870595199,NA,NA,NA
"406",2.23291421565137,NA,0.725521301829011,NA,NA,NA
"406",2.2226224826317,NA,0.726077465499461,NA,NA,NA
"406",2.21233074961203,NA,0.726667837866539,NA,NA,NA
"406",2.20203901659237,NA,0.727262214250961,NA,NA,NA
"406",2.1917472835727,NA,0.727995921377289,NA,NA,NA
"406",2.18145555055303,NA,0.728580064638928,NA,NA,NA
"406",2.17116381753337,NA,0.72924531091128,NA,NA,NA
"406",2.1608720845137,NA,0.72993012390826,NA,NA,NA
"406",2.15058035149403,NA,0.730592801281207,NA,NA,NA
"406",2.14028861847436,NA,0.731165448441495,NA,NA,NA
"406",2.1299968854547,NA,0.73175323084778,NA,NA,NA
"406",2.11970515243503,NA,0.732320929548568,NA,NA,NA
"406",2.10941341941536,NA,0.732954391269839,NA,NA,NA
"406",2.0991216863957,NA,0.733613153083926,NA,NA,NA
"406",2.08882995337603,NA,0.734214341039591,NA,NA,NA
"406",2.07853822035636,NA,0.734928454486219,NA,NA,NA
"406",2.06824648733669,NA,0.735497020020833,NA,NA,NA
"406",2.05795475431703,NA,0.736145362537111,NA,NA,NA
"406",2.04766302129736,NA,0.736791148288686,NA,NA,NA
"406",2.03737128827769,NA,0.737381843356556,NA,NA,NA
"406",2.02707955525802,NA,0.737993587858845,NA,NA,NA
"406",2.01678782223836,NA,0.738565073536065,NA,NA,NA
"406",2.00649608921869,NA,0.739057374421609,NA,NA,NA
"406",1.99620435619902,NA,0.739553159795917,NA,NA,NA
"406",1.98591262317936,NA,0.740114744226854,NA,NA,NA
"406",1.97562089015969,NA,0.740669112638132,NA,NA,NA
"406",1.96532915714002,NA,0.741296785773302,NA,NA,NA
"406",1.95503742412035,NA,0.741859827730632,NA,NA,NA
"406",1.94474569110069,NA,0.742432975656702,NA,NA,NA
"406",1.93445395808102,NA,0.742925717617075,NA,NA,NA
"406",1.92416222506135,NA,0.743510047875435,NA,NA,NA
"406",1.91387049204169,NA,0.74415756751147,NA,NA,NA
"406",1.90357875902202,NA,0.744710927333815,NA,NA,NA
"406",1.89328702600235,NA,0.745203387444158,NA,NA,NA
"406",1.88299529298268,NA,0.745752890328565,NA,NA,NA
"406",1.87270355996302,NA,0.746299637255759,NA,NA,NA
"406",1.86241182694335,NA,0.746780822624259,NA,NA,NA
"406",1.85212009392368,NA,0.747315156446086,NA,NA,NA
"406",1.84182836090402,NA,0.747828979359365,NA,NA,NA
"406",1.83153662788435,NA,0.748341891842442,NA,NA,NA
"406",1.82124489486468,NA,0.748785535271687,NA,NA,NA
"406",1.81095316184501,NA,0.749273121392477,NA,NA,NA
"406",1.80066142882535,NA,0.749801442794848,NA,NA,NA
"406",1.79036969580568,NA,0.750346114861394,NA,NA,NA
"406",1.78007796278601,NA,0.750876376381037,NA,NA,NA
"406",1.76978622976635,NA,0.751304078482226,NA,NA,NA
"406",1.75949449674668,NA,0.751788682932565,NA,NA,NA
"406",1.74920276372701,NA,0.752259091238209,NA,NA,NA
"406",1.73891103070734,NA,0.75271557594368,NA,NA,NA
"406",1.72861929768768,NA,0.753127548969126,NA,NA,NA
"406",1.71832756466801,NA,0.753642827502593,NA,NA,NA
"406",1.70803583164834,NA,0.754002707549924,NA,NA,NA
"406",1.69774409862868,NA,0.754510743109986,NA,NA,NA
"406",1.68745236560901,NA,0.754998553388773,NA,NA,NA
"406",1.67716063258934,NA,0.755416626184478,NA,NA,NA
"406",1.66686889956967,NA,0.75590181964279,NA,NA,NA
"406",1.65657716655001,NA,0.756384322289135,NA,NA,NA
"406",1.64628543353034,NA,0.756857556571763,NA,NA,NA
"406",1.63599370051067,NA,0.757317805231616,NA,NA,NA
"406",1.62570196749101,NA,0.757779165882468,NA,NA,NA
"406",1.61541023447134,NA,0.758241270473421,NA,NA,NA
"406",1.60511850145167,NA,0.758668920640382,NA,NA,NA
"406",1.594826768432,NA,0.759032527143214,NA,NA,NA
"406",1.58453503541234,NA,0.759463509938271,NA,NA,NA
"406",1.57424330239267,NA,0.75986028266589,NA,NA,NA
"406",1.563951569373,NA,0.760262714080881,NA,NA,NA
"406",1.55365983635334,NA,0.760689101839024,NA,NA,NA
"406",1.54336810333367,NA,0.761049908919743,NA,NA,NA
"406",1.533076370314,NA,0.761443441641665,NA,NA,NA
"406",1.52278463729433,NA,0.761853851407615,NA,NA,NA
"406",1.51249290427467,NA,0.762201914723284,NA,NA,NA
"406",1.502201171255,NA,0.762596433101519,NA,NA,NA
"406",1.49190943823533,NA,0.763054652317052,NA,NA,NA
"406",1.48161770521567,NA,0.763542689082341,NA,NA,NA
"406",1.471325972196,NA,0.763921424423819,NA,NA,NA
"406",1.46103423917633,NA,0.764271788807167,NA,NA,NA
"406",1.45074250615666,NA,0.764601344079776,NA,NA,NA
"406",1.440450773137,NA,0.765036639960639,NA,NA,NA
"406",1.43015904011733,NA,0.765461186482704,NA,NA,NA
"406",1.41986730709766,NA,0.765835626091217,NA,NA,NA
"406",1.409575574078,NA,0.766172715761096,NA,NA,NA
"406",1.39928384105833,NA,0.76657232057632,NA,NA,NA
"406",1.38899210803866,NA,0.76699467373477,NA,NA,NA
"406",1.37870037501899,NA,0.767400044492124,NA,NA,NA
"406",1.36840864199933,NA,0.767792787288265,NA,NA,NA
"406",1.35811690897966,NA,0.768193641220413,NA,NA,NA
"406",1.34782517595999,NA,0.768585289448499,NA,NA,NA
"406",1.33753344294033,NA,0.768934561238917,NA,NA,NA
"406",1.32724170992066,NA,0.769275173678721,NA,NA,NA
"406",1.31694997690099,NA,0.769657954354081,NA,NA,NA
"406",1.30665824388132,NA,0.77000229668595,NA,NA,NA
"406",1.29636651086166,NA,0.77042030854864,NA,NA,NA
"406",1.28607477784199,NA,0.770834788538046,NA,NA,NA
"406",1.27578304482232,NA,0.771196126504029,NA,NA,NA
"406",1.26549131180266,NA,0.771514979238417,NA,NA,NA
"406",1.25519957878299,NA,0.77183087936594,NA,NA,NA
"406",1.24490784576332,NA,0.772168019492444,NA,NA,NA
"406",1.23461611274365,NA,0.772457092209644,NA,NA,NA
"406",1.22432437972399,NA,0.772759437313824,NA,NA,NA
"406",1.21403264670432,NA,0.773093265514681,NA,NA,NA
"406",1.20374091368465,NA,0.773445162740011,NA,NA,NA
"406",1.19344918066499,NA,0.773771490727706,NA,NA,NA
"406",1.18315744764532,NA,0.774089717467556,NA,NA,NA
"406",1.17286571462565,NA,0.774457280194651,NA,NA,NA
"406",1.16257398160598,NA,0.774938937064978,NA,NA,NA
"406",1.15228224858632,NA,0.775225363818761,NA,NA,NA
"406",1.14199051556665,NA,0.77554342212028,NA,NA,NA
"406",1.13169878254698,NA,0.775887440074441,NA,NA,NA
"406",1.12140704952731,NA,0.776251905738101,NA,NA,NA
"406",1.11111531650765,NA,0.776533105519951,NA,NA,NA
"406",1.10082358348798,NA,0.776832356597052,NA,NA,NA
"406",1.09053185046831,NA,0.777156788775713,NA,NA,NA
"406",1.08024011744865,NA,0.777504177626364,NA,NA,NA
"406",1.06994838442898,NA,0.777849774140486,NA,NA,NA
"406",1.05965665140931,NA,0.778087167405404,NA,NA,NA
"406",1.04936491838964,NA,0.778373511101447,NA,NA,NA
"406",1.03907318536998,NA,0.778668519213954,NA,NA,NA
"406",1.02878145235031,NA,0.778915589666424,NA,NA,NA
"406",1.01848971933064,NA,0.779268562140166,NA,NA,NA
"406",1.00819798631098,NA,0.779620213482642,NA,NA,NA
"406",0.997906253291309,NA,0.77992121276567,NA,NA,NA
"406",0.987614520271642,NA,0.780186850210766,NA,NA,NA
"406",0.977322787251975,NA,0.780446311589724,NA,NA,NA
"406",0.967031054232308,NA,0.780780352042166,NA,NA,NA
"406",0.95673932121264,NA,0.781104865190268,NA,NA,NA
"406",0.946447588192973,NA,0.781415382830826,NA,NA,NA
"406",0.936155855173306,NA,0.781692646060894,NA,NA,NA
"406",0.925864122153639,NA,0.781986488437794,NA,NA,NA
"406",0.915572389133972,NA,0.782277093429137,NA,NA,NA
"406",0.905280656114305,NA,0.782523869496702,NA,NA,NA
"406",0.894988923094638,NA,0.782804661358257,NA,NA,NA
"406",0.88469719007497,NA,0.783047311528874,NA,NA,NA
"406",0.874405457055303,NA,0.783338827441377,NA,NA,NA
"406",0.864113724035636,NA,0.783585872310747,NA,NA,NA
"406",0.853821991015969,NA,0.783885832123207,NA,NA,NA
"406",0.843530257996302,NA,0.784102165208082,NA,NA,NA
"406",0.833238524976635,NA,0.784438378832326,NA,NA,NA
"406",0.822946791956967,NA,0.784662585203323,NA,NA,NA
"406",0.812655058937301,NA,0.784939546199324,NA,NA,NA
"406",0.802363325917633,NA,0.785221212919935,NA,NA,NA
"406",0.792071592897966,NA,0.785500184386109,NA,NA,NA
"406",0.781779859878299,NA,0.785799927143113,NA,NA,NA
"406",0.771488126858632,NA,0.786067377170772,NA,NA,NA
"406",0.761196393838964,NA,0.786319560322613,NA,NA,NA
"406",0.750904660819298,NA,0.786568445803222,NA,NA,NA
"406",0.74061292779963,NA,0.786840695250006,NA,NA,NA
"406",0.730321194779963,NA,0.787094322260635,NA,NA,NA
"406",0.720029461760296,NA,0.787362574947496,NA,NA,NA
"406",0.709737728740629,NA,0.787608586105127,NA,NA,NA
"406",0.699445995720961,NA,0.787793551916931,NA,NA,NA
"406",0.689154262701295,NA,0.78800522908567,NA,NA,NA
"406",0.678862529681627,NA,0.788245421271096,NA,NA,NA
"406",0.66857079666196,NA,0.788520380290245,NA,NA,NA
"406",0.658279063642293,NA,0.788709940109906,NA,NA,NA
"406",0.647987330622626,NA,0.78893844440362,NA,NA,NA
"406",0.637695597602959,NA,0.789144766281245,NA,NA,NA
"406",0.627403864583292,NA,0.789349982838625,NA,NA,NA
"406",0.617112131563624,NA,0.789552499321593,NA,NA,NA
"406",0.606820398543957,NA,0.78972578166833,NA,NA,NA
"406",0.59652866552429,NA,0.789959912950271,NA,NA,NA
"406",0.586236932504623,NA,0.790184515920675,NA,NA,NA
"406",0.575945199484956,NA,0.790393807169118,NA,NA,NA
"406",0.565653466465289,NA,0.790604713039567,NA,NA,NA
"406",0.555361733445621,NA,0.790851984190991,NA,NA,NA
"406",0.545070000425954,NA,0.791047158310029,NA,NA,NA
"406",0.534778267406287,NA,0.791262401494532,NA,NA,NA
"406",0.52448653438662,NA,0.791463745687452,NA,NA,NA
"406",0.514194801366953,NA,0.791655092508867,NA,NA,NA
"406",0.503903068347286,NA,0.791815306923522,NA,NA,NA
"406",0.493611335327618,NA,0.79205890982253,NA,NA,NA
"406",0.483319602307951,NA,0.792268595376044,NA,NA,NA
"406",0.473027869288284,NA,0.79246650452462,NA,NA,NA
"406",0.462736136268617,NA,0.792644991825518,NA,NA,NA
"406",0.45244440324895,NA,0.792827550573861,NA,NA,NA
"406",0.442152670229283,NA,0.79301563753924,NA,NA,NA
"406",0.431860937209615,NA,0.793192950187704,NA,NA,NA
"406",0.421569204189948,NA,0.793351314941348,NA,NA,NA
"406",0.411277471170281,NA,0.793562174932315,NA,NA,NA
"406",0.400985738150614,NA,0.793745156496377,NA,NA,NA
"406",0.390694005130947,NA,0.793936848001014,NA,NA,NA
"406",0.38040227211128,NA,0.794099522958884,NA,NA,NA
"406",0.370110539091612,NA,0.794274574232008,NA,NA,NA
"406",0.359818806071945,NA,0.794447772783984,NA,NA,NA
"406",0.349527073052278,NA,0.794622835858062,NA,NA,NA
"406",0.339235340032611,NA,0.794855534265198,NA,NA,NA
"406",0.328943607012944,NA,0.795064295534727,NA,NA,NA
"406",0.318651873993277,NA,0.795247466617385,NA,NA,NA
"406",0.308360140973609,NA,0.795427687787105,NA,NA,NA
"406",0.298068407953942,NA,0.795609734739493,NA,NA,NA
"406",0.287776674934275,NA,0.795785905541497,NA,NA,NA
"406",0.277484941914608,NA,0.795980402899026,NA,NA,NA
"406",0.267193208894941,NA,0.796148610838511,NA,NA,NA
"406",0.256901475875274,NA,0.79630863712508,NA,NA,NA
"406",0.246609742855606,NA,0.796478878157966,NA,NA,NA
"406",0.236318009835939,NA,0.796647588004997,NA,NA,NA
"406",0.226026276816272,NA,0.796814208411069,NA,NA,NA
"406",0.215734543796605,NA,0.796942538565732,NA,NA,NA
"406",0.205442810776938,NA,0.797074303540307,NA,NA,NA
"406",0.195151077757271,NA,0.797260430763291,NA,NA,NA
"406",0.184859344737603,NA,0.797381685370504,NA,NA,NA
"406",0.174567611717936,NA,0.797532854097763,NA,NA,NA
"406",0.164275878698269,NA,0.797699462453969,NA,NA,NA
"406",0.153984145678602,NA,0.797858472288149,NA,NA,NA
"406",0.143692412658935,NA,0.798033597345761,NA,NA,NA
"406",0.133400679639268,NA,0.798238078427801,NA,NA,NA
"406",0.1231089466196,NA,0.798410862398074,NA,NA,NA
"406",0.112817213599933,NA,0.798544693169406,NA,NA,NA
"406",0.102525480580266,NA,0.798677704129396,NA,NA,NA
"406",0.0922337475605992,NA,0.798863711534528,NA,NA,NA
"406",0.081942014540932,NA,0.799010609712246,NA,NA,NA
"406",0.0716502815212647,NA,0.799139968024403,NA,NA,NA
"406",0.0613585485015975,NA,0.799302669541801,NA,NA,NA
"406",0.0510668154819307,NA,0.799482672346163,NA,NA,NA
"406",0.0407750824622635,NA,0.799655652197098,NA,NA,NA
"406",0.0304833494425962,NA,0.799822539109572,NA,NA,NA
"406",0.020191616422929,NA,0.799971300364769,NA,NA,NA
"406",0.00989988340326176,NA,0.800152901628033,NA,NA,NA
"406",-0.00039184961640526,NA,0.800328668649464,NA,NA,NA
"406",-0.0106835826360725,NA,0.800494278559217,NA,NA,NA
"406",-0.0209753156557395,NA,0.800642849265202,NA,NA,NA
"406",-0.0312670486754068,NA,0.800758727553659,NA,NA,NA
"406",-0.041558781695074,NA,0.800871792682138,NA,NA,NA
"406",-0.051850514714741,NA,0.800973150925139,NA,NA,NA
"406",-0.0621422477344082,NA,0.801042380562302,NA,NA,NA
"406",-0.0724339807540755,NA,0.801110887106442,NA,NA,NA
"406",-0.0827257137737425,NA,0.801208790883707,NA,NA,NA
"406",-0.0930174467934097,NA,0.801337085347688,NA,NA,NA
"406",-0.103309179813077,NA,0.801529948796953,NA,NA,NA
"406",-0.113600912832744,NA,0.801644302756994,NA,NA,NA
"406",-0.123892645852411,NA,0.801782320143449,NA,NA,NA
"406",-0.134184378872078,NA,0.801912663257565,NA,NA,NA
"406",-0.144476111891745,NA,0.802054385796996,NA,NA,NA
"406",-0.154767844911413,NA,0.802211899591805,NA,NA,NA
"406",-0.16505957793108,NA,0.802366705068448,NA,NA,NA
"406",-0.175351310950747,NA,0.802510627435217,NA,NA,NA
"406",-0.185643043970414,NA,0.802632575867137,NA,NA,NA
"406",-0.195934776990081,NA,0.802727079876024,NA,NA,NA
"406",-0.206226510009748,NA,0.80280730157577,NA,NA,NA
"406",-0.216518243029416,NA,0.802940355287899,NA,NA,NA
"406",-0.226809976049083,NA,0.803070716084709,NA,NA,NA
"406",-0.23710170906875,NA,0.80315989046485,NA,NA,NA
"406",-0.247393442088417,NA,0.803296996749486,NA,NA,NA
"406",-0.257685175108084,NA,0.803434500226461,NA,NA,NA
"406",-0.267976908127751,NA,0.803573023415578,NA,NA,NA
"406",-0.278268641147419,NA,0.803703108216172,NA,NA,NA
"406",-0.288560374167086,NA,0.803762382503176,NA,NA,NA
"406",-0.298852107186753,NA,0.803833543730265,NA,NA,NA
"406",-0.30914384020642,NA,0.803952757662807,NA,NA,NA
"406",-0.319435573226087,NA,0.804075875918125,NA,NA,NA
"406",-0.329727306245754,NA,0.804206946574867,NA,NA,NA
"406",-0.340019039265422,NA,0.804310858375761,NA,NA,NA
"406",-0.350310772285089,NA,0.80442750265493,NA,NA,NA
"406",-0.360602505304756,NA,0.80454398578131,NA,NA,NA
"406",-0.370894238324423,NA,0.804659489912901,NA,NA,NA
"406",-0.38118597134409,NA,0.804776376800448,NA,NA,NA
"406",-0.391477704363757,NA,0.804918513294289,NA,NA,NA
"406",-0.401769437383424,NA,0.805046242070166,NA,NA,NA
"406",-0.412061170403092,NA,0.805215739456181,NA,NA,NA
"406",-0.422352903422759,NA,0.805334606127508,NA,NA,NA
"406",-0.432644636442426,NA,0.805418982509374,NA,NA,NA
"406",-0.442936369462093,NA,0.805519587704705,NA,NA,NA
"406",-0.45322810248176,NA,0.805624064562693,NA,NA,NA
"406",-0.463519835501427,NA,0.805708930318894,NA,NA,NA
"406",-0.473811568521095,NA,0.805802832672695,NA,NA,NA
"406",-0.484103301540762,NA,0.805946547616957,NA,NA,NA
"406",-0.494395034560429,NA,0.806087087735743,NA,NA,NA
"406",-0.504686767580096,NA,0.806189415757955,NA,NA,NA
"406",-0.514978500599763,NA,0.806266066553748,NA,NA,NA
"406",-0.52527023361943,NA,0.806347422385558,NA,NA,NA
"406",-0.535561966639098,NA,0.80645800615973,NA,NA,NA
"406",-0.545853699658765,NA,0.806529526512064,NA,NA,NA
"406",-0.556145432678432,NA,0.806635603440384,NA,NA,NA
"406",-0.566437165698099,NA,0.80674362336072,NA,NA,NA
"406",-0.576728898717766,NA,0.806842802151077,NA,NA,NA
"406",-0.587020631737433,NA,0.806928355414113,NA,NA,NA
"406",-0.597312364757101,NA,0.807028627086923,NA,NA,NA
"406",-0.607604097776768,NA,0.807153247498865,NA,NA,NA
"406",-0.617895830796435,NA,0.807232212833249,NA,NA,NA
"406",-0.628187563816102,NA,0.807329156645925,NA,NA,NA
"406",-0.638479296835769,NA,0.807437065605383,NA,NA,NA
"406",-0.648771029855436,NA,0.807534606984658,NA,NA,NA
"406",-0.659062762875104,NA,0.807633956627556,NA,NA,NA
"406",-0.669354495894771,NA,0.807727253642095,NA,NA,NA
"406",-0.679646228914438,NA,0.807798066772465,NA,NA,NA
"406",-0.689937961934105,NA,0.807881214465204,NA,NA,NA
"406",-0.700229694953772,NA,0.807968227483742,NA,NA,NA
"406",-0.710521427973439,NA,0.808052320419584,NA,NA,NA
"406",-0.720813160993107,NA,0.808133033643299,NA,NA,NA
"406",-0.731104894012774,NA,0.808231780285558,NA,NA,NA
"406",-0.741396627032441,NA,0.808326557034592,NA,NA,NA
"406",-0.751688360052108,NA,0.808414168746705,NA,NA,NA
"406",-0.761980093071775,NA,0.808493443662403,NA,NA,NA
"406",-0.772271826091442,NA,0.80855146259423,NA,NA,NA
"406",-0.782563559111109,NA,0.808599447130196,NA,NA,NA
"406",-0.792855292130777,NA,0.808646950158317,NA,NA,NA
"406",-0.803147025150444,NA,0.808710003214871,NA,NA,NA
"406",-0.813438758170111,NA,0.808791082746025,NA,NA,NA
"406",-0.823730491189778,NA,0.808869095267291,NA,NA,NA
"406",-0.834022224209445,NA,0.808946845591679,NA,NA,NA
"406",-0.844313957229112,NA,0.809023110425077,NA,NA,NA
"406",-0.85460569024878,NA,0.809077740396537,NA,NA,NA
"406",-0.864897423268447,NA,0.809182574003649,NA,NA,NA
"406",-0.875189156288114,NA,0.80929269715261,NA,NA,NA
"406",-0.885480889307781,NA,0.809363741428471,NA,NA,NA
"406",-0.895772622327448,NA,0.809433490305385,NA,NA,NA
"406",-0.906064355347115,NA,0.809520988613138,NA,NA,NA
"406",-0.916356088366783,NA,0.809608751229051,NA,NA,NA
"406",-0.92664782138645,NA,0.809697209050104,NA,NA,NA
"406",-0.936939554406117,NA,0.809784592651851,NA,NA,NA
"406",-0.947231287425784,NA,0.809844075928457,NA,NA,NA
"406",-0.957523020445451,NA,0.809936839012783,NA,NA,NA
"406",-0.967814753465118,NA,0.810002234144866,NA,NA,NA
"406",-0.978106486484785,NA,0.810046025477488,NA,NA,NA
"406",-0.988398219504453,NA,0.810113847481661,NA,NA,NA
"406",-0.99868995252412,NA,0.810191732734454,NA,NA,NA
"406",-1.00898168554379,NA,0.810268725194559,NA,NA,NA
"406",-1.01927341856345,NA,0.810344743378437,NA,NA,NA
"406",-1.02956515158312,NA,0.8104197911846,NA,NA,NA
"406",-1.03985688460279,NA,0.810492467539326,NA,NA,NA
"406",-1.05014861762246,NA,0.810558479360942,NA,NA,NA
"406",-1.06044035064212,NA,0.810611627718094,NA,NA,NA
"406",-1.07073208366179,NA,0.810698948756009,NA,NA,NA
"406",-1.08102381668146,NA,0.810784635706325,NA,NA,NA
"406",-1.09131554970112,NA,0.810856986303719,NA,NA,NA
"406",-1.10160728272079,NA,0.810911596252231,NA,NA,NA
"406",-1.11189901574046,NA,0.810958408751032,NA,NA,NA
"406",-1.12219074876013,NA,0.81100474434995,NA,NA,NA
"406",-1.13248248177979,NA,0.811050656701559,NA,NA,NA
"406",-1.14277421479946,NA,0.811107463940026,NA,NA,NA
"406",-1.15306594781913,NA,0.811188171403944,NA,NA,NA
"406",-1.16335768083879,NA,0.811260029093835,NA,NA,NA
"406",-1.17364941385846,NA,0.811313818974941,NA,NA,NA
"406",-1.18394114687813,NA,0.811366933293127,NA,NA,NA
"406",-1.1942328798978,NA,0.811419623417124,NA,NA,NA
"406",-1.20452461291746,NA,0.811473369027316,NA,NA,NA
"406",-1.21481634593713,NA,0.811526654859656,NA,NA,NA
"406",-1.2251080789568,NA,0.811579484820488,NA,NA,NA
"406",-1.23539981197646,NA,0.811631427403906,NA,NA,NA
"406",-1.24569154499613,NA,0.811681410037603,NA,NA,NA
"406",-1.2559832780158,NA,0.811730959772505,NA,NA,NA
"406",-1.26627501103547,NA,0.811780080332097,NA,NA,NA
"406",-1.27656674405513,NA,0.811828775408288,NA,NA,NA
"406",-1.2868584770748,NA,0.811882453047026,NA,NA,NA
"406",-1.29715021009447,NA,0.811948293864342,NA,NA,NA
"406",-1.30744194311413,NA,0.812013597175996,NA,NA,NA
"406",-1.3177336761338,NA,0.812078367328312,NA,NA,NA
"406",-1.32802540915347,NA,0.812140052828188,NA,NA,NA
"406",-1.33831714217314,NA,0.812204487763848,NA,NA,NA
"406",-1.3486088751928,NA,0.812246377015589,NA,NA,NA
"406",-1.35890060821247,NA,0.81227326542522,NA,NA,NA
"406",-1.36919234123214,NA,0.812298959045072,NA,NA,NA
"406",-1.3794840742518,NA,0.812324392279274,NA,NA,NA
"406",-1.38977580727147,NA,0.812350133668223,NA,NA,NA
"406",-1.40006754029114,NA,0.812398683893707,NA,NA,NA
"406",-1.41035927331081,NA,0.812435863002165,NA,NA,NA
"406",-1.42065100633047,NA,0.812478154688247,NA,NA,NA
"406",-1.43094273935014,NA,0.812525352973577,NA,NA,NA
"406",-1.44123447236981,NA,0.812572148563696,NA,NA,NA
"406",-1.45152620538947,NA,0.81260887405134,NA,NA,NA
"406",-1.46181793840914,NA,0.812649863399364,NA,NA,NA
"406",-1.47210967142881,NA,0.812708774052866,NA,NA,NA
"406",-1.48240140444848,NA,0.812745453113093,NA,NA,NA
"406",-1.49269313746814,NA,0.812797675472763,NA,NA,NA
"406",-1.50298487048781,NA,0.812849157917859,NA,NA,NA
"406",-1.51327660350748,NA,0.81287951799663,NA,NA,NA
"406",-1.52356833652714,NA,0.812904699567934,NA,NA,NA
"406",-1.53386006954681,NA,0.812960884593345,NA,NA,NA
"406",-1.54415180256648,NA,0.813016616708903,NA,NA,NA
"406",-1.55444353558615,NA,0.813068751479018,NA,NA,NA
"406",-1.56473526860581,NA,0.813112253814253,NA,NA,NA
"406",-1.57502700162548,NA,0.813156851029449,NA,NA,NA
"406",-1.58531873464515,NA,0.81321626504672,NA,NA,NA
"406",-1.59561046766482,NA,0.813274511200492,NA,NA,NA
"406",-1.60590220068448,NA,0.813308822911988,NA,NA,NA
"406",-1.61619393370415,NA,0.813352899010994,NA,NA,NA
"406",-1.62648566672382,NA,0.81340285681818,NA,NA,NA
"406",-1.63677739974348,NA,0.813452256095265,NA,NA,NA
"406",-1.64706913276315,NA,0.813501151610273,NA,NA,NA
"406",-1.65736086578282,NA,0.813549471046921,NA,NA,NA
"406",-1.66765259880249,NA,0.813596695087726,NA,NA,NA
"406",-1.67794433182215,NA,0.813643528696976,NA,NA,NA
"406",-1.68823606484182,NA,0.813689975080799,NA,NA,NA
"406",-1.69852779786149,NA,0.813736037419363,NA,NA,NA
"406",-1.70881953088115,NA,0.813780105883527,NA,NA,NA
"406",-1.71911126390082,NA,0.813826749763021,NA,NA,NA
"406",-1.72940299692049,NA,0.813857822320545,NA,NA,NA
"406",-1.73969472994016,NA,0.813878594926369,NA,NA,NA
"406",-1.74998646295982,NA,0.813911603001267,NA,NA,NA
"406",-1.76027819597949,NA,0.813958891489237,NA,NA,NA
"406",-1.77056992899916,NA,0.814006279724011,NA,NA,NA
"406",-1.78086166201882,NA,0.814053292984553,NA,NA,NA
"406",-1.79115339503849,NA,0.814099934216249,NA,NA,NA
"406",-1.80144512805816,NA,0.814146206341695,NA,NA,NA
"406",-1.81173686107783,NA,0.814191642450239,NA,NA,NA
"406",-1.82202859409749,NA,0.814232190964461,NA,NA,NA
"406",-1.83232032711716,NA,0.814261938365676,NA,NA,NA
"406",-1.84261206013683,NA,0.814291420969224,NA,NA,NA
"406",-1.85290379315649,NA,0.814320641124881,NA,NA,NA
"406",-1.86319552617616,NA,0.814363473694185,NA,NA,NA
"406",-1.87348725919583,NA,0.814407850021495,NA,NA,NA
"406",-1.8837789922155,NA,0.814451865082358,NA,NA,NA
"406",-1.89407072523516,NA,0.814495521798097,NA,NA,NA
"406",-1.90436245825483,NA,0.814538823066733,NA,NA,NA
"406",-1.9146541912745,NA,0.814581771763168,NA,NA,NA
"406",-1.92494592429416,NA,0.814623881023439,NA,NA,NA
"406",-1.93523765731383,NA,0.81466543945547,NA,NA,NA
"406",-1.9455293903335,NA,0.814706658107251,NA,NA,NA
"406",-1.95582112335317,NA,0.814748003243407,NA,NA,NA
"406",-1.96611285637283,NA,0.814781293311255,NA,NA,NA
"406",NA,NA,NA,-1.64823492736015,0.832336409362678,NA
"406",NA,NA,NA,-1.96611285637283,0.820638994073375,NA
"406",NA,NA,NA,-1.96611285637283,0.824224728126144,NA
"406",NA,NA,NA,1.19979964218498,0.755005021443641,NA
"406",NA,NA,NA,1.06937287576303,0.684304849670088,NA
"406",NA,NA,NA,1.79488236025726,0.683633978054532,NA
"406",NA,NA,NA,1.7106219344917,0.692328819681253,NA
"406",NA,NA,NA,3.02668702770017,0.539326480471877,NA
"406",NA,NA,NA,2.98508808564768,0.59795020843797,NA
"406",NA,NA,NA,3.48973697785752,0.473444265572665,NA
"406",NA,NA,NA,3.42225875039775,0.453645986099991,NA
"406",NA,NA,NA,4.27338147213159,0.355882543117962,NA
"406",NA,NA,NA,4.19930368498258,0.317534255823629,NA
"406",NA,NA,NA,5.10623241757679,0.193541378821169,NA
"406",NA,NA,NA,5.06500883013158,0.214602274090462,NA
"406",NA,NA,NA,5.83843101687002,0.0099,NA
"406",NA,NA,NA,5.76858012596665,0.0262947216167244,NA
"406",NA,NA,NA,6.24201155257865,0.0099,NA
"406",NA,NA,NA,6.19280893683718,0.0099,NA
"406",NA,NA,NA,6.57274495520542,0.0099,NA
"406",NA,NA,NA,6.5355152426237,0.0099,NA
"406",NA,NA,NA,7.26553071046227,0.0099,NA
"406",NA,NA,NA,7.2965455427372,0.0099,NA
"406",NA,NA,NA,8.31532843027466,0.0099,NA
"406",NA,NA,NA,8.28064445956008,0.0099,NA
"406",NA,NA,NA,-1.4823987582313,0.829854426402093,NA
"406",NA,NA,NA,-1.96611285637283,0.82438666729866,NA
"406",NA,NA,NA,-1.96611285637283,0.822959037861444,NA
"406",NA,NA,NA,-0.848325880285299,0.800506968587805,NA
"406",NA,NA,NA,-1.02056553435412,0.749691651382736,NA
"406",NA,NA,NA,0.308051051105456,0.780233615552074,NA
"406",NA,NA,NA,0.291139437870141,0.771155055099528,NA
"406",NA,NA,NA,1.02679299554065,0.752532302760552,NA
"406",NA,NA,NA,1.07042956671698,0.754209096522129,NA
"406",NA,NA,NA,1.77750431070413,0.655449608117692,NA
"406",NA,NA,NA,1.78163674944177,0.655949817915014,NA
"406",NA,NA,NA,2.44527954006682,0.625384849936692,NA
"406",NA,NA,NA,2.4726949706547,0.643308972174207,NA
"406",NA,NA,NA,3.27391288790041,0.546726792695101,NA
"406",NA,NA,NA,3.27648714135448,0.602280880926349,NA
"406",NA,NA,NA,3.82206190817898,0.520009973125369,NA
"406",NA,NA,NA,3.81634933464898,0.490602537117615,NA
"406",NA,NA,NA,4.09401757476753,0.52128836102075,NA
"406",NA,NA,NA,4.10062099216246,0.578429919864618,NA
"406",NA,NA,NA,4.72021293181083,0.387051371300413,NA
"406",NA,NA,NA,4.71164020881514,0.423045695391859,NA
"406",NA,NA,NA,5.7194644567497,0.0099,NA
"406",NA,NA,NA,5.68684583032457,0.026649678612124,NA
"406",NA,NA,NA,-0.602733023100121,0.835835342496959,NA
"406",NA,NA,NA,-1.84027953677686,0.834171723628588,NA
"406",NA,NA,NA,NA,NA,1.46111408670231
"406",NA,NA,NA,NA,NA,0.221654375423136
"406",NA,NA,NA,NA,NA,1.9713453538911
