"model","value"
"X30",-0.858237989292069
"X30",-0.57240734431437
"X30",-0.561426338025776
"X30",-0.509226831004763
"X30",-0.405325703679135
"X30",-0.619951313446624
"X30",-1.03237656822242
"X30",-0.839423704320236
"X30",-0.254041597087197
"X30",-0.356268845409505
"X30",-0.480839769439854
"X30",-0.966927790225161
"X30",-0.98911862598416
"X30",-1.16747872991287
"X30",-1.36085235074167
"X30",-0.696455731693719
"X30",-0.856578048269386
"X30",-0.875575780920479
"X30",-0.734751915401002
"X30",-0.502231397000528
"X30",-0.352829644006333
"X30",-0.794109016876138
"X30",-0.682466157196066
"X30",-0.637013260590891
"X30",-0.893004618143233
"X30",-0.676641278904521
"X30",-0.887474074408207
"X30",-1.00699920760509
"X30",-0.898317124374166
"X30",-0.706786036223414
"X30",-0.42163152936666
"X30",-0.992774251042151
"X30",-0.885416877003073
"X30",-1.20166481142479
"X30",-0.902167203113839
"X30",-0.946019026393327
"X30",-1.80447067572784
"X30",-0.463436077005933
"X30",-0.59974996212143
"X30",0.472017661810162
"X30",-0.690170650511538
"X30",-0.799772797173684
"X30",-0.697782419777529
"X30",-0.442979018106421
"X30",-0.161850246450407
"X30",-0.614314761647195
"X30",0.257432468300512
"X30",-0.647727522743492
"X30",-0.76106969137584
"X30",-0.696137712106557
"X30",-1.18985518972299
"X30",-0.778796166213944
"X30",-0.724558751094765
"X30",-0.658167521838751
"X30",-0.749536204829154
"X30",-0.757412936018928
"X30",-0.53485290335085
"X30",-0.400501852382627
"X30",-0.483562529290538
"X30",-1.23487698317454
"X30",-0.130132318191568
"X30",-0.692677449320177
"X30",-0.286285569385047
"X30",-0.321827486842309
"X30",-0.349251423844111
"X30",-0.872612870539119
"X30",-0.138842148452783
"X30",-0.94765285236466
"X30",-0.729248739549182
"X30",-1.0067902824898
"X30",-1.07266716355331
"X30",-0.672317288234458
"X30",-1.12525542580669
"X30",-0.188172864872257
"X30",-1.24815100552461
"X30",-1.02254660052461
"X30",-0.847394082369817
"X30",-0.646406811146169
"X30",-1.24882390143658
"X30",-0.335556180783864
"X30",-0.270369039008338
"X30",-0.621229691661456
"X30",-0.292294504832233
"X30",-0.543267076438474
"X30",-0.732847786147864
"X30",-0.395132286750895
"X30",-0.556590969954745
"X30",-0.624785172451532
"X30",-0.847828520361087
"X30",-0.571390585073161
"X30",-0.378755977109599
"X30",-0.740440341221774
"X30",-0.645172706727976
"X30",-0.381889099944267
"X30",-1.04595306213174
"X30",-0.853930709126712
"X30",-0.619891934255939
"X30",-0.240092737325308
"X30",-0.742772886252516
"X30",-0.688128227121444
"X30",-0.158507882775844
"X30",-1.31436576071673
"X30",-0.798484459559872
"X30",-0.647866523167122
"X30",-0.663029999014364
"X30",-0.4181548386528
"X30",-0.453860714270519
"X30",-0.974043326374446
"X30",-0.741375327834488
"X30",-0.761863744365924
"X30",-0.854318711636417
"X30",-0.494973760620872
"X30",-1.03911673502728
"X30",-0.211042806070482
"X30",-1.29167614398096
"X30",-0.73766817310454
"X30",-1.0096420824537
"X30",-0.793683779354439
"X30",-0.679858812566531
"X30",-0.503947326198066
"X30",-1.12317204142023
"X30",-1.18343640155163
"X30",-0.634543008168647
"X30",-0.810086171657397
"X30",-0.756517883718985
"X30",-0.630863657473021
"X30",-0.70256806317962
"X30",-0.675683004519123
"X30",-0.848438534933984
"X30",-0.457144880168099
"X30",-0.600225876257041
"X30",-0.62549577675704
"X30",-0.507832935856155
"X30",-0.460444667301881
"X30",-0.766245744073091
"X30",-0.590553095530441
"X30",-0.695301686034655
"X30",-1.00398206402671
"X30",-0.62372390960579
"X30",-0.611334069246298
"X30",-0.815399919355364
"X30",-0.503566632514839
"X30",-0.667942047123658
"X30",-0.222198926898249
"X30",-0.60384951248752
"X30",-0.455628135789642
"X30",-0.310560239296495
"X30",-0.168309646878719
"X30",-0.817513004360104
"X30",-0.693683035817181
"X30",-0.800473681393668
"X30",-0.922069796428935
"X30",-0.371771692394006
"X30",-0.932505133678842
"X30",-0.449525543201066
"X30",-1.45980814749674
"X30",-1.31527877125316
"X30",-0.384387795259906
"X30",-1.06700798369571
"X30",-0.492401024677322
"X30",-0.0481752521164217
"X30",-0.928369991817823
"X30",-0.529108446115879
"X30",-0.319645055677365
"X30",-0.647954126700894
"X30",-0.61260784256792
"X30",-0.895614865488642
"X30",-0.61881981440997
"X30",-0.604366863091266
"X30",-0.746703931211941
"X30",-0.371392549285392
"X30",0.702506187827878
"X30",-0.55554444572829
"X30",-1.71374406039808
"X30",-0.83599586635474
"X30",-0.92096881458714
"X30",-0.64344150610743
"X30",-0.64252533300606
"X30",-0.913429066641693
"X30",-1.14329147819794
"X30",-0.445669719434085
"X30",-0.982877703074745
"X30",-0.40568859790902
"X30",-0.771524489328113
"X30",-0.874866308093726
"X30",-0.14284587399016
"X30",-0.687595515615948
"X30",-0.834149593944663
"X30",-0.668231048032898
"X30",-0.770797223215159
"X30",-1.01907805259659
"X30",-0.505752450632534
"X30",-0.618453279318472
"X30",-0.555661575922956
"X30",-0.724883291560755
"X30",-0.973273804179795
"X30",-0.819478648486865
"X30",-0.187279343854471
"X30",-0.0880500568623246
"X30",-0.4101152373763
"X30",-0.648798561957403
"X30",-0.866283687334279
"X30",-0.384306438850644
"X30",-0.760668306353986
"X30",-0.702386154955712
"X30",-0.83359566283653
"X30",-0.843308973100796
"X30",-0.574847702927516
"X30",-0.630134136070306
"X30",-0.549066406722765
"X30",-0.597942624663326
"X30",0.132250335111791
"X30",-0.629027548371194
"X30",-1.36089474563671
"X30",-0.606954333283858
"X30",-0.690120003456763
"X30",-0.948070807131245
"X30",-0.829091876017546
"X30",-0.436800321571754
"X30",-0.665539383479594
"X30",-0.502432108538995
"X30",-1.01679034101486
"X30",-0.743412471469053
"X30",-1.0354754627303
"X30",-0.859780443131118
"X30",-0.825623911344734
"X30",-1.26626794870726
"X30",-1.83258146374831
"X30",-0.502530305262326
"X30",-0.974982790768102
"X30",-1.04252085954357
"X30",-1.51125709816323
"X30",-0.390500593095806
"X30",-0.817209478097513
"X30",-0.697086782192962
"X30",-0.811925090456897
"X30",-1.50814971351106
"X30",-1.00828044565757
"X30",-0.920516428890457
"X30",-0.743622154333754
"X30",-0.299926812416768
"X30",-1.06831037656082
"X30",-1.83258146374831
"X30",-0.594055374624654
"X30",-0.46077148535848
"X30",-0.496146967670094
"X30",-0.223980593438221
"X30",-0.435934510099505
"X30",-0.708418000851866
"X30",-0.689399544810062
"X30",-0.961173237063054
"X30",-0.525296746834972
"X30",-0.845988638408006
"X30",-0.443148580506726
"X30",-0.558089645544124
"X30",-0.736557272817129
"X30",-0.544584771411644
"X30",-0.315009109306938
"X30",-0.536965367844267
"X30",-0.456740608162865
"X30",-0.441532618260412
"X30",-1.07895063407324
"X30",-0.264694766686329
"X30",-0.747631957330063
"X30",-0.736167104030029
"X30",-1.03156892958622
"X30",0.354562359068158
"X30",-1.83258146374831
"X30",-0.653760975814456
"X30",-0.0819483981399238
"X30",-0.703186811528107
"X30",-0.942316662680877
"X30",-0.867653344659664
"X30",-0.562755516194937
"X30",-0.683482188703288
"X30",-0.42145930797511
"X30",-1.34030937822067
"X30",-1.3145451179745
"X30",-0.466814752648336
"X30",-0.408792851675097
"X30",-0.468429326600822
"X30",-1.23378443323999
"X30",-0.641002223384821
"X30",-0.191698585279486
"X30",-1.18346372506653
"X30",-0.635055110239446
"X30",-0.599862738198641
"X30",-0.375390498706238
"X30",-0.965908983427841
"X30",-0.252451612785281
"X30",-1.68230224548072
"X30",-0.56393985667089
"X30",-0.702397639128397
"X30",-0.349873723640545
"X30",-0.322676852788621
"X30",-0.960906224316265
"X30",-0.739416152803736
"X30",-0.960030295624079
"X30",-1.18932948602037
"X30",-0.753662107572029
"X30",-0.82151082429331
"X30",-0.645032801510198
"X30",-0.551169410753513
"X30",-0.557164786143062
"X30",-0.697816432273667
"X30",-0.711704047508897
"X30",-0.616213814808642
"X30",-1.15918543023521
"X30",-0.276093073354245
"X30",-0.268122248399275
"X30",-0.739313054251237
"X30",-0.435549960199292
"X30",-1.05427688352239
"X30",-0.637943024266263
"X30",-0.338135354299205
"X30",-0.547032756488279
"X30",-1.01199624052431
"X30",-0.943892052607428
"X30",-0.402247804107898
"X30",-1.17084447366421
"X30",-0.498021935854369
"X30",-0.43525584482896
"X30",-0.555088198041264
"X30",-0.677823727061019
"X30",-0.742870731955687
"X30",-0.774140996164261
"X30",-0.700864596934014
"X30",-0.67132325561893
"X30",-0.350236979212873
"X30",-0.386216406057683
"X30",-0.863241167638069
"X30",-1.5624734822547
"X30",-0.469715091071156
"X30",-0.764771654110399
"X30",-0.597272000395809
"X30",-0.677817418954685
"X30",-0.44111890978624
"X30",-0.872363645426546
"X30",-0.460519782658202
"X30",-0.85570726729609
"X30",-0.0109072436129163
"X30",-1.36450179374489
"X30",-0.634062899256406
"X30",-1.01840744816889
"X30",-0.722358033883272
"X30",-0.875246028482017
"X30",-0.539060698267539
"X30",-1.44323056909185
"X30",-0.830280742324853
"X30",-0.289322056465571
"X30",-0.127696206232734
"X30",-0.473482152782056
"X30",-0.851920385430208
"X30",-0.888285064230009
"X30",-0.38619565958944
"X30",-0.324588300974249
"X30",-0.955066980398339
"X30",-0.250607446048804
"X30",-0.522450388574474
"X30",-1.02999579043496
"X30",-0.599185611228533
"X30",-0.807781553067548
"X30",-0.767240300697098
"X30",-0.660020183009958
"X30",0.0675735979015409
"X30",-0.499295090253927
"X30",-0.644747006272336
"X30",-0.456778218910648
"X30",-0.729850216599076
"X30",-0.601572318780769
"X30",0.393430424059021
"X30",-0.358902008623678
"X30",-0.593042423884118
"X30",-0.813216163572222
"X30",-0.665342632401295
"X30",-0.745943431634248
"X30",-0.934628777756471
"X30",-1.02180491296621
"X30",-0.999509086526539
"X30",-0.757794690489432
"X30",0.13164551348073
"X30",-0.943871437469229
"X30",-0.344458171509591
"X30",-0.867336685384741
"X30",-1.00441497231977
"X30",-0.798543384279961
"X30",-0.694476349392084
"X30",-0.072251029137604
"X30",-1.83258146374831
"X30",-1.37658942490313
"X30",-0.942880672778728
"X30",-0.0377654193952552
"X30",-0.195090346158318
"X30",-1.1830328705858
"X30",-0.147124746047698
"X30",-0.693793831977976
"X30",-0.0812050420549481
"X30",-1.83258146374831
"X30",-0.678260693594995
"X30",-0.559362072458251
"X30",-1.0854679279682
"X30",-0.838681695881112
"X30",-0.93300359164682
"X30",-0.507341756477058
"X30",-1.15468244737675
"X30",-0.734302144734737
"X30",-0.647726280320492
"X30",-0.853132063822828
"X30",-0.551180927643345
"X30",-0.630981971513315
"X30",0.196122329707048
"X30",-0.166741622079394
"X30",-1.57714353468658
"X30",-1.09324619157279
"X30",-0.894545695531343
"X30",-0.512437414143409
"X30",-0.586393999187873
"X30",-1.83258146374831
"X30",-0.813413744382762
"X30",-1.07401956884211
"X30",-1.45313141742159
"X30",-1.83258146374831
"X30",-0.598646275320236
"X30",-1.30610119224866
"X30",-0.832371343582305
"X30",-0.957340293085781
"X30",-0.47270700557767
"X30",-0.23106788378492
"X30",-0.233714392772762
"X30",-1.68012871637833
"X30",-1.04072107345153
"X30",-0.862565041918818
"X30",-1.2741046838735
"X30",-0.983878776291547
"X30",-0.672154594323384
"X30",-1.00481195576224
"X30",-0.459850163877355
"X30",-0.740176096043381
"X30",-0.875128546028919
"X30",-0.696019263131418
"X30",-0.353453698847024
"X30",-0.829196307334292
"X30",-1.44150458143741
"X30",-0.648294260156717
"X30",-0.590493052434295
"X30",-0.451459511779493
"X30",-0.713717186497408
"X30",-0.812061241372161
"X30",-1.03551215639409
"X30",-0.686626284335542
"X30",-0.0257974018910401
"X30",-0.137286317229531
"X30",-0.714498656509898
"X30",-0.507443453868712
"X30",-0.618750835690505
"X30",-0.755319070853586
"X30",-0.598240418936576
"X30",-0.635587337218346
"X30",-0.3569079718618
"X30",-0.887971609360262
"X30",-1.0691108422284
"X30",-0.799324464809692
"X30",-0.661982323709521
"X30",-0.671102405473627
"X30",-0.919573422022279
"X30",-0.399578109886219
"X30",-0.611120130502542
"X30",-0.65523957907794
"X30",-0.518841974036777
"X30",-0.557467393022867
"X30",-0.351054871331902
"X30",-0.34942277964802
"X30",-0.195864495253374
"X30",-0.698922280343641
"X30",-1.14538914994412
"X30",-0.5698486219836
"X30",-1.19082512696398
"X30",-0.365828161403313
"X30",-1.50659438349202
"X30",-0.340103137604179
"X30",-0.419613916917523
"X30",-1.29754888213644
"X30",-0.394225077423359
"X30",-1.52568578364763
"X30",-0.261859939301826
"X30",-1.03175777776791
"X30",-0.586931127148339
"X30",-0.850042539687694
"X30",-0.305227772630204
"X30",-0.666683678690907
"X30",-0.67926587945165
"X30",-1.12706080752303
"X30",-0.517142592863769
"X30",-0.408755968811519
"X30",-0.845110493539837
"X30",-1.16930838261254
"X30",-0.209229110547981
"X30",-0.799405345772457
"X30",-0.191476488215207
"X30",-0.848175878979931
"X30",-0.493837248796799
"X30",-1.19923623627018
"X30",-0.749011852056322
"X30",-0.214287606079637
"X30",-0.783723821769351
"X30",-0.584068917595315
"X30",-1.08699190762323
"X30",-1.2132660196833
"X30",-0.389617559457196
"X30",-1.20394869945181
"X30",-0.786953787026914
"X30",-0.675878870322897
"X30",-0.781129191302084
"X30",-0.565559507641897
"X30",-0.619354935956102
"X30",-0.506490138922291
"X30",-0.701760659875237
"X30",-1.02754709847402
"X30",-0.911549823337226
"X30",-1.23556507012863
"X30",-0.803006967519408
"X30",-0.651367121443291
"X30",-0.937488491510886
"X30",-0.601115959486358
"X30",-0.3897507689457
"X30",-0.892298725110284
"X30",-0.754846260450184
"X30",0.257312403684958
"X30",-0.604026798342088
"X30",-0.471117779446626
"X30",1.07467218605845
"X30",-0.500571430374461
"X30",-0.949142063539348
"X30",-1.83258146374831
"X30",-0.314551971574544
"X30",-0.835174537643768
"X30",-0.278146683789728
"X30",-0.774447144252407
"X30",-0.770381176765981
"X30",-0.804449624079866
"X30",-0.840789976556913
"X30",-0.575590044467572
"X30",-1.05285245427674
"X30",-0.81157347692125
"X30",-0.962086902893406
"X30",-0.736859347716839
"X30",-0.700462100458881
"X30",-0.806022648639112
"X30",-0.366554622432742
"X30",-0.297990541713683
"X30",-0.438999818284866
"X30",-1.08460228151837
"X30",-0.646948038479956
"X30",-0.48230436822172
"X30",-0.62303428721779
"X30",-0.776533348953748
"X30",-1.55841912737898
"X30",-1.83258146374831
"X30",-0.712972285495191
"X30",-0.258816344225398
"X30",-1.2966473835673
"X30",-0.920867113199971
"X30",-0.759925146458646
"X30",-0.562464927002081
"X30",-0.566156287416645
"X30",-0.838923929902455
"X30",-0.455969631091089
"X30",-0.655183107410789
"X30",-0.777173842602359
"X30",-0.398667953886571
"X30",-0.716743731586662
"X30",-0.795060130912007
"X30",-0.313417602163483
"X30",-0.581684495070831
"X30",-1.2623063798679
"X30",-0.321398195723749
"X30",-1.25505391752201
"X30",-1.18827056890193
"X30",-0.554182783946814
"X30",-0.608200701273296
"X30",-0.803355564258803
"X30",-0.7101862427784
"X30",-0.868212569366461
"X30",-0.32609166476027
"X30",-0.543509713875914
"X30",-0.767305113878295
"X30",-1.11279993750587
"X30",-0.92490571369173
"X30",-0.715562882874029
"X30",-0.385204455817788
"X30",-0.64330951237907
"X30",-0.37602505689268
"X30",-0.826110102814242
"X30",-0.646125186438543
"X30",-0.677023376737045
"X30",-0.923011417524375
"X30",-0.685524520218184
"X30",-0.264291628192731
"X30",-0.856428134861805
"X30",-0.271755423930074
"X30",-0.942810676655625
"X30",-0.522932375720302
"X30",-0.374362269438308
"X30",-0.612431488053949
"X30",-0.569974809194371
"X30",-0.24813424343386
"X30",-0.73153902231552
"X30",0.918252919701438
"X30",-0.540408151175447
"X30",-0.686526460595598
"X30",-0.532776729575758
"X30",-0.792590205046873
"X30",-1.27688047745558
"X30",-0.283835370107672
"X30",-0.79234763614354
"X30",-0.890318477580497
"X30",-0.594387341357849
"X30",-0.327825000255912
"X30",-0.64416018289458
"X30",-0.80246490380737
"X30",-0.656548236125995
"X30",-0.619311084867192
"X30",-0.647198558238624
"X30",-0.917063338508616
"X30",-0.674912867597801
"X30",-0.980182709997482
"X30",-0.699999260225202
"X30",-0.724493288619642
"X30",-0.55036053458258
"X30",-1.24282646230806
"X30",-0.395340193327524
"X30",-0.39071745387904
"X30",-0.6428220692981
"X30",-1.28672353416397
"X30",-0.561576070843078
"X30",-0.984992063916776
"X30",-1.31088804928755
"X30",-1.75806740339973
"X30",-0.472906904937143
"X30",-0.535404390689658
"X30",-0.903450131468601
"X30",-0.787831900944891
"X30",-0.866888458654166
"X30",-0.886080052128409
"X30",-1.03403135451618
"X30",-0.79960531939987
"X30",-0.437875567230609
"X30",-0.745062389820301
"X30",-1.6492099104024
"X30",-0.322538917515323
"X30",-1.39575443079931
"X30",-0.472699971028857
"X30",-0.591023390477596
"X30",-0.226910640731309
"X30",-0.358375125606179
"X30",-1.29522233916202
"X30",-0.651910123374057
"X30",-0.540993379359583
"X30",-0.814329359161533
"X30",-0.605585349044042
"X30",-0.444910305232276
"X30",-0.563681163761473
"X30",-0.611078702221074
"X30",-0.507447655101087
"X30",-0.598971211155709
"X30",-0.780511783893509
"X30",-0.305942290127814
"X30",-0.295764129167526
"X30",-0.65779407866561
"X30",-0.474244758384562
"X30",-1.09043285201081
"X30",-0.617911993417904
"X30",-0.991456450094905
"X30",-1.26571433311498
"X30",-0.551641321506604
"X30",-0.463081757722011
"X30",-0.549350321741821
"X30",-1.11446394092214
"X30",-0.618263179628052
"X30",-0.304077116616197
"X30",-0.480916393578279
"X30",-1.78580651899943
"X30",-0.492519791545044
"X30",-1.28726804419572
"X30",-0.786203080685857
"X30",-0.993671904273993
"X30",-0.541347483270317
"X30",-0.956250354080466
"X30",-0.721702114746384
"X30",-0.66235415002671
"X30",-1.83258146374831
"X30",-0.630994893460989
"X30",-0.695847740639542
"X30",-0.746736560041229
"X30",-1.20854074044298
"X30",-0.798593366463993
"X30",-0.613829990082342
"X30",-0.308780652701722
"X30",-0.909026016294648
"X30",-0.555317824686447
"X30",-1.83258146374831
"X30",-0.428769590084101
"X30",-1.44884542727301
"X30",-1.01647452852973
"X30",-0.597231597380027
"X30",-0.623559267328562
"X30",-0.3061892041114
"X30",-0.679151653440919
"X30",-0.957053599034248
"X30",-0.721711795124334
"X30",-0.175518534780215
"X30",-0.540680808249176
"X30",-0.62420310395767
"X30",-0.676643127424984
"X30",-0.340938992771803
"X30",-0.951016275585042
"X30",-0.372246676122933
"X30",-0.634482496316243
"X30",-0.711183011514652
"X30",-1.30771902361898
"X30",-0.303351923305155
"X30",-0.368936504909164
"X30",-0.855369948994685
"X30",-0.477882660857121
"X30",-0.569043791240781
"X30",-0.699124535526545
"X30",-0.780440388129679
"X30",-0.484887203897413
"X30",-0.976692024998581
"X30",-0.612228747003918
"X30",-1.60764324246921
"X30",-0.936887116745887
"X30",-0.723779329623476
"X30",-0.936343775509292
"X30",-1.11457578005024
"X30",-0.96804950061597
"X30",-0.618750598124858
"X30",-0.676223118750119
"X30",-1.04531093626457
"X30",-0.88530634474915
"X30",-0.850537449918588
"X30",-0.662064169021156
"X30",-0.476228335202802
"X30",-0.910364978592357
"X30",-1.23081013873739
"X30",-0.533958220715084
"X30",-1.09360366514259
"X30",-0.569828064149915
"X30",-0.437705583558926
"X30",-0.451957547491255
"X30",-1.00772439604078
"X30",-0.277042620917861
"X30",-0.615311885008711
"X30",-1.83258146374831
"X30",-1.28951018098661
"X30",-0.812261031965198
"X30",-0.190150555250035
"X30",-0.983872869294278
"X30",-0.629256471727896
"X30",-0.584141354957391
"X30",-0.472889660742904
"X30",-0.642724213742879
"X30",-0.30997562839223
"X30",-0.464237288499427
"X30",-0.899181990336303
"X30",-0.858223539008214
"X30",-0.810915656998985
"X30",-0.596838800947518
"X30",-0.496356558332013
"X30",-0.172012748576917
"X30",-0.376884987639683
"X30",-0.431180257114758
"X30",-0.868188843380785
"X30",-1.03538132245637
"X30",-0.943950597482577
"X30",-1.0354967431419
"X30",-0.901351686749143
"X30",-0.398352980245962
"X30",-0.671682581441824
"X30",-0.991686425093851
"X30",-0.525083332899279
"X30",-0.442187738539325
"X30",-0.824443682636332
"X30",-0.64228530316131
"X30",-0.731904926639923
"X30",-1.55198690498631
"X30",-0.377238807756358
"X30",-0.315425728287893
"X30",-1.4672899129503
"X30",-0.562745692616974
"X30",-0.479010141319111
"X30",-1.49537148263098
"X30",-0.529290349254138
"X30",-0.434846572613946
"X30",-0.506320757633915
"X30",-0.58658185742723
"X30",-1.13961793153328
"X30",-0.910604624830673
"X30",-0.725314594688032
"X30",-0.798084718620848
"X30",-1.22787315663961
"X30",-1.18754853741019
"X30",-0.37733310895367
"X30",-0.514433170991085
"X30",-0.694212630614987
"X30",-0.225724656070407
"X30",-0.959929905196669
"X30",-1.06712185248352
"X30",0.0907723576940156
"X30",-1.21783673354795
"X30",-0.724772595375547
"X30",-0.888255994474537
"X30",-1.5481483530229
"X30",-0.973153455435102
"X30",-0.817044866513268
"X30",-0.686980101808723
"X30",-0.991539880025987
"X30",-0.999140147899461
"X30",-0.678915306348999
"X30",-0.540677360926636
"X30",-0.309770959517241
"X30",-1.83258146374831
"X30",-0.88399250852904
"X30",-0.404102875089785
"X30",-0.550567736467826
"X30",-0.362285683533978
"X30",-0.260482428455127
"X30",-0.675188523909274
"X30",-0.895632908398494
"X30",-0.890970791201512
"X30",-0.281345576369347
"X30",-1.0717918253049
"X30",-0.766295394617819
"X30",-0.453222985112682
"X30",-0.792013992593997
"X30",-0.51518367409066
"X30",-1.06719658845932
"X30",-1.3049065860114
"X30",-0.249975391348267
"X30",-0.776223949963189
"X30",-0.87582209661759
"X30",-0.689021530262036
"X30",-0.713801757990016
"X30",-0.346935756304198
"X30",-0.778277958028738
"X30",-0.521644773974908
"X30",-0.298238232319131
"X30",-0.732605214538603
"X30",-0.423314240835577
"X30",-1.02498911823135
"X30",-1.00131591372908
"X30",-1.69798110945776
"X30",-0.342815370506433
"X30",-0.906101161352552
"X30",-0.60153935707041
"X30",-0.894187456927955
"X30",-0.848101076923487
"X30",-1.83258146374831
"X30",-0.661815788498875
"X30",-1.12862418876555
"X30",-1.12796018596684
"X30",-0.554511465457227
"X30",-0.591536710689057
"X30",-0.58875452195588
"X30",-1.43907210289691
"X30",-0.60683650560741
"X30",-0.760956585645232
"X30",-0.519335080229799
"X30",-0.574358771680588
"X30",-0.573468151635172
"X30",-1.06767337694873
"X30",-0.71753046901665
"X30",-0.26579459976474
"X30",-0.390345451551828
"X30",-0.314974308459781
"X30",-0.580528735789027
"X30",-0.524492258091358
"X30",-0.803772081268998
"X30",-0.839965080188431
"X30",-0.937763786840456
"X30",-0.9113976755067
"X30",-0.703837474383361
"X30",-0.930913546224417
"X30",-0.875967433146389
"X30",-0.341647142954873
"X30",-0.86764265722957
"X30",-0.618204201000688
"X30",-0.300527911120061
"X30",-0.680188678977625
"X30",-0.434798542066487
"X30",-0.0294572139803529
"X30",-0.62985721836778
"X30",-1.10028984763076
"X30",-0.576124485638654
"X30",-0.490062737789039
"X30",-1.02035490596419
"X30",-0.369347411468746
"X30",-0.450154511167443
"X30",-0.6652119844906
"X30",-1.11614466121322
"X30",-1.51504865180752
"X30",-0.733780020496618
"X30",-1.33654136756406
"X30",-0.939096766472842
"X30",-0.823475457047584
"X30",-1.0016428161119
"X30",-1.00374792823025
"X30",-1.00536104029119
"X30",-0.940441794190832
"X30",-0.544807683609504
"X30",-0.452569619418485
"X30",-1.00406760517528
"X30",-0.409750834476863
"X30",-0.656329045025094
"X30",-0.752544175383833
"X30",-0.540812110450035
"X30",-0.934426330925382
"X30",-0.759028905899561
"X30",-0.310986610720461
"X30",-1.21277588875893
"X30",-0.222693299160577
"X30",-1.02926272121137
"X30",-0.85443074424683
"X30",-0.40929406597926
"X30",-0.837795312819903
"X30",-0.416693210818324
"X30",-0.43801959684439
"X30",-0.365536396948459
"X30",-0.83334352888106
"X30",-1.02098747689466
"X30",-0.916450032873474
"X30",-0.593936747382133
"X30",-0.651432526516396
"X30",-0.732537700280781
"X30",-0.533731334854514
"X30",-0.396123658325352
"X30",-0.44407221853627
"X30",-0.492972688645214
"X30",-0.19891107610769
"X30",-0.407420221407924
"X30",-0.590695003913603
"X30",-0.859815483728611
"X30",-0.48743661852662
"X30",-0.682610015124562
"X30",-0.0854700831977238
"X30",-0.349798235844461
"X30",-0.565102341483785
"X30",-1.06873420073569
"X30",-0.263093695337377
"X30",-0.524117664451052
"X30",-0.507112534443158
"X30",-0.915495196142482
"X30",-1.23341596708783
"X30",-0.750710980108217
"X30",-0.997481463660884
"X30",-0.496897895865782
"X30",-1.02331631904651
"X30",-0.883913439777909
"X30",-0.940665960550477
"X30",-0.828983430516186
"X30",-0.487936696700991
"X30",-0.621396697340202
"X30",-0.669488417787381
"X30",-0.757646667324457
"X30",-0.356404675105374
"X30",-0.816351669630108
"X30",-0.779234203058436
"X30",-0.494465174721588
"X30",-1.03317663015697
"X30",-1.45317400676018
"X30",-0.612406956122869
"X30",-0.568818681933046
"X30",-0.700520393744481
"X30",-0.745760256102936
"X30",-0.399467193133799
"X30",-0.847796327089946
"X30",-0.982365683892691
"X30",-0.217161176842634
"X30",-1.10716216162824
"X30",-0.243010872033876
"X30",-0.197715497282594
"X30",-1.83258146374831
"X30",-0.521019697378704
"X30",-0.491894690323947
"X30",-0.549300244579032
"X30",-0.480081003114
"X30",-0.70264823203251
"X30",-0.916299841926165
"X30",-1.11885349898695
"X30",-1.68224172528724
"X30",-0.729526429611656
"X30",-0.582204853029761
"X30",-0.55596319677987
"X30",-0.77825337762347
"X30",-0.142246074238384
"X30",-0.72161922869635
"X30",-0.237113789204935
"X30",-0.346490779419204
"X30",-0.195242546223192
"X30",-0.846360712934714
"X30",-0.84890070099778
"X30",-0.758618208172235
"X30",-0.774946573828642
"X30",-0.192228320944234
"X30",-0.431119146888088
"X30",0.0287693677703288
"X30",-0.406109048384028
"X30",-0.598670460684117
"X30",-0.901579175961494
"X30",-0.81757447440565
"X30",-0.143865068928165
"X30",-0.713558650926882
"X30",-0.673873123718274
"X30",-0.0296739873791266
"X30",-1.33101725481347
"X30",-0.503365776875944
"X30",0.744686097473499
"X30",-0.491474958289481
"X30",-0.706315265731491
"X30",-0.354084201397416
"X30",-0.676675128972891
"X30",-0.18897368724172
"X30",-0.956431938023534
"X30",-0.509374461389469
"X30",-0.454620070236269
"X30",-0.416067735263743
"X30",-0.427471012386467
"X30",-0.21088697634594
"X30",-0.552588576640743
"X30",-0.572049552853168
"X30",-1.38043400166757
"X30",-0.70385526822874
"X30",-1.02119227901244
"X30",-1.08835564650565
"X30",-0.75753052437603
"X30",-0.655333339517029
"X30",-1.04017979634466
"X30",-0.421883634237322
"X30",-0.424387456438246
"X30",-0.987047507368361
"X30",-0.515862238207305
"X30",0.765424692417712
"X30",-0.976334746855254
"X30",-0.791030743222689
"X30",-0.700652039659312
"X30",-0.571649078299619
"X30",-1.13964384405592
"X30",-0.604930422363973
"X30",-1.16497285453013
"X30",-0.619692562002825
"X30",-1.06529442085176
"X30",-1.59488509807801
"X30",-0.397915131392778
"X30",-0.535091498109994
"X30",-0.758237956606774
"X30",-0.493604270222682
"X30",-0.58058813441698
"X30",-0.804314026557813
"X30",-0.552592729153524
"X30",-0.489048688945103
"X30",-0.885531334995973
"X30",-0.957061182401311
"X30",-0.404023669315836
"X30",-0.129372622550941
"X30",0.0150557076550304
"X30",-0.895361633505366
"X30",-1.10934405730513
"X30",-0.860484386288596
"X30",-1.10146639879582
"X30",-0.478006216453035
"X30",-0.634563727394759
"X30",-0.708470232999983
"X30",-0.87554805650603
"X30",-0.614730565618443
"X30",-0.375945778988278
"X30",-0.624468533567216
"X30",-0.429420794780832
"X30",-0.62560027483504
"X30",-0.560205077654432
"X30",-1.42963361965238
"X30",-0.759743572858509
"X30",-0.966098180066458
"X30",-1.08525796746381
"X30",-0.168126984723124
"X30",-0.440796352585145
"X30",-1.06224669342302
"X30",-0.459853785641141
"X30",-0.624541029057553
"X30",-0.443344627907404
"X30",-0.587566060059855
"X30",-0.716048906200581
"X30",-1.04374647668223
"X30",-0.49044374308763
"X30",-0.484241824495417
"X30",-0.824011077769442
"X30",-0.400229361054075
"X30",-0.352686867003384
"X30",-0.925670708937647
"X30",-0.843266419624029
"X30",-0.707145322758778
"X30",-1.16960185421723
"X30",-0.717383821232174
"X30",-1.23907743283889
"X30",-0.54820394902203
"X30",-0.365381087479729
"X30",-0.756381864581205
"X30",-0.510457217303184
"X30",-0.472116435997438
"X30",-0.916526090314866
"X30",-1.0722623792482
"X30",-1.01061466764969
"X30",-0.720543738193237
"X30",-0.963276622038313
"X30",-0.551943777232727
"X30",-0.158371138050936
"X30",-0.83895029408063
"X30",-0.571627540641099
"X30",-0.589455790823574
"X30",-0.630649666752071
"X30",-0.268876660014263
"X30",-0.546194018064223
"X30",-1.15649381193465
"X30",-0.680635576468173
"X30",-0.383789926113784
"X30",-0.539682210583838
"X30",-0.281405444342685
"X30",-0.652853393693763
"X30",-0.700017417857402
"X30",-1.03529227071178
"X30",-0.738500747987674
"X30",-0.631791307933047
"X30",-0.595424004252932
"X30",-0.18926897254952
"X30",-1.27593240266646
"X30",-1.29849513599467
"X30",-1.13941147616287
"X30",-0.718193244905136
"X30",-0.366353771990011
"X30",-1.1403115155144
"X30",-0.563321115950645
"X30",-0.973250299762515
"X30",-0.558451114465717
"X30",-0.636659778668981
"X30",-1.05507141051324
"X30",-0.858613597583133
"X30",-0.746537619799743
"X30",-0.878837832904796
"X30",-0.828870254928949
"X30",-0.817938991772217
"X30",-0.761254963880563
"X30",-0.579759789063471
"X30",-0.91904643852299
"X30",-0.835951762295745
"X30",-1.23574374938761
"X30",-0.316138827398738
"X30",-0.547622848254418
"X30",-1.45700418227853
"X30",-0.457552467108894
"X30",-0.94381144627124
"X30",-0.709102363797592
"X30",-0.752407400468289
"X30",-0.221074349537422
"X30",-0.493294916799107
"X30",-0.508496719999606
"X30",-0.93669269591668
"X30",-0.821754493195261
"X30",-1.20908188614633
"X30",-0.84368345106442
"X30",-0.50644676423544
"X30",-0.180118335401659
"X30",-0.701956957456859
"X30",-0.765083052744182
"X30",-0.520760222603415
"X30",-0.678878514762523
"X30",-0.663776281715733
"X30",-0.373434383048762
"X30",-0.194889253325897
"X30",-1.83258146374831
"X30",-0.408326068743744
"X30",-0.391562901769833
"X30",-0.568316874588291
"X30",-1.10702716720817
"X30",-0.531437295712487
"X30",-1.83258146374831
"X30",-0.479799816420926
"X30",-1.3616304626348
"X30",-0.551979476933297
"X30",-0.652496386837742
"X30",-0.505016087229721
"X30",-0.163887845058655
"X30",-1.09134318012459
"X30",-0.75186306554711
"X30",-0.779955934044637
"X30",-1.16222990398716
"X30",-0.670066129879805
"X30",-0.656253720442439
"X30",0.391096801152962
"X30",-0.513962940230044
"X30",-0.496625139298696
"X30",-0.922591969692345
"X30",-1.06796292986083
"X30",-0.641151598037764
"X30",-0.523060075536593
"X30",-0.652650490003434
"X30",-0.783065780907147
"X30",-0.350012086046638
"X30",-1.01521223304445
"X30",-0.917648287466151
"X30",-1.02637073793957
"X30",-0.42649955884982
"X30",-0.36790843146075
"X30",-0.513776852650726
"X30",-0.536971593757203
"X30",-0.479837105724295
"X30",-0.345484704671
"X30",-1.03608484023347
"X30",-1.52965450372084
"X30",-0.414947351316105
"X30",-0.725678454639014
"X30",-0.50846558788395
"X30",-0.525356378364806
"X30",-0.613951643210491
"X30",-0.767073126130893
"X30",-0.674893567321406
"X30",-0.439200651126734
"X30",-0.427950201641717
"X30",-0.668711906385316
"X30",-0.885098915256889
"X30",-1.54620249359947
"X30",-0.679671465618304
"X30",-1.44292940064667
"X30",-1.09326055959409
"X30",-0.437727013581637
"X30",-0.960562797654242
"X30",-0.591869336202107
"X30",-0.932466337120774
"X30",-0.745641080461263
"X30",-0.600135934488328
"X30",-1.19732064910702
"X30",-0.224322375732228
"X30",-0.638011019273148
"X30",-0.727692783533039
"X30",-0.0338333669029371
"X30",-0.532752587483048
"X30",-0.606822448006269
"X30",-0.376507773440568
"X30",-0.795658240863212
"X30",-0.975429437739813
"X30",-0.872195521805783
"X30",-1.56765647255883
"X30",-0.389579260079315
"X30",-0.58007296338203
"X30",-0.43952126486227
"X30",-0.68310614454346
"X30",-0.586789432479228
"X30",-0.855386197558358
"X30",-0.672137807568889
"X30",-0.949724119089965
"X30",-1.0668392456764
"X30",-0.984266718832388
"X30",-1.31783879016491
"X30",-0.774210383046734
"X30",-1.0747884237706
"X30",-0.820928971587054
"X30",-1.34424442692752
"X30",-0.30524634662643
"X30",-1.83249612544493
"X30",-1.34193044502666
"X30",-0.401389436440763
"X30",-0.520771347687001
"X30",-0.696175979032228
"X30",-0.96756957593007
"X30",-0.550077888793197
"X30",-1.83258146374831
"X30",-0.34097140879151
"X30",-0.88764896716673
"X30",-0.196173790168803
"X30",-0.913122033816373
"X30",-0.427475991111281
"X30",-0.545084755552953
"X30",-0.899126342170975
"X30",-0.956565447089041
"X30",-1.1842813311974
"X30",-0.700611426462558
"X30",-0.484189182195724
"X30",-0.407354089891311
"X30",-0.57635814729083
"X30",-1.13700345290725
"X30",-0.756680972457852
"X30",-0.532992563183907
"X30",-0.825948959817971
"X30",-0.598494457102871
"X30",-1.33344980627295
"X30",-0.579110106704554
"X30",-0.453853796253505
"X30",-1.2458202824023
"X30",-0.325236604427115
"X30",-0.55341426819496
"X30",-0.943653971672764
"X30",-0.736835102481292
"X30",-1.83258146374831
"X30",-0.282452121139947
"X30",-0.902598683881831
"X30",-0.595260441087789
"X30",-0.555860339602805
"X30",-0.297296026694726
"X30",-0.545775793854836
"X30",-1.0286234605435
"X30",-0.420565013998374
"X30",-0.907894648557319
"X30",-0.407933787399403
"X30",-0.582505449904734
"X30",-0.490450804718495
"X30",-1.06165096345164
"X30",-0.927790540058657
"X30",-0.872339497727163
"X30",-0.300834687130223
"X30",-0.809424156821804
"X30",-0.743002739707855
"X30",-0.76610762724078
"X30",-1.19661797306465
"X30",-0.630238805580033
"X30",-0.731275764597387
"X30",-0.854405370780915
"X30",-0.526104152330377
"X30",-0.6573419233618
"X30",-0.617726377156591
"X30",-0.600573072489488
"X30",-1.40039947552267
"X30",-0.74813912468282
"X30",-0.766208507897358
"X30",-0.459098893282705
"X30",-0.649283908953117
"X30",-0.357204289965106
"X30",-0.706544164294642
"X30",-1.19997525675121
"X30",-0.678955836818324
"X30",-1.56146602117443
"X30",-1.10169651869933
"X30",-0.211117008610583
"X30",0.0970634275488248
"X30",-0.90958778195381
"X30",-0.50591947550653
"X30",-0.50329448147149
"X30",-0.339634522040171
"X30",-0.391345538657557
"X30",-0.513506183570978
"X30",-0.591680719370489
"X30",-1.00961950099486
"X30",-1.40564162567551
"X30",-1.07801964746823
"X30",-1.39392811559706
"X30",-0.458614534560272
"X30",-0.63832892402034
"X30",-1.4056266080792
"X30",-1.03488323543398
"X30",-0.320809280155875
"X30",-0.890119311760065
"X30",-0.581247673398306
"X30",-0.871465733168772
"X30",-1.69952990651782
"X30",-1.03784657077041
"X30",-0.329000707356585
"X30",-0.411999610188127
"X30",-0.794377860917029
"X30",-0.449563625972401
"X30",-0.636657790437897
"X30",-0.930370365345499
"X30",-1.06437788382341
"X30",-0.175341234688155
"X30",-0.548125567096366
"X30",-0.637835576277282
"X30",-0.630723613195888
"X30",-1.3077406329861
"X30",-0.58683945167823
"X30",-0.859988382349381
"X30",-0.603444595403683
"X30",-0.303374956632483
"X30",-0.329970797062259
"X30",-0.915609813975569
"X30",-0.992884381472808
"X30",-0.419817837889379
"X30",-0.61846572407997
"X30",-1.83258146374831
"X30",-0.941350565133574
"X30",-0.650094552103218
"X30",-0.797487927525776
"X30",-0.515757695352791
"X30",-0.770042990597617
"X30",-1.13954505142674
"X30",-1.29814815949909
"X30",-0.602666412799376
"X30",-0.641542471335989
"X30",-0.866466895917531
"X30",-0.843670647685291
"X30",-0.765810902048726
"X30",-0.382122545508128
"X30",-0.814071012505315
"X30",-0.53305414363642
"X30",-0.505378213965029
"X30",-0.399808071151692
"X30",-0.650308647177228
"X30",-0.574847707968505
"X30",-0.533365580325251
"X30",-0.594240075849852
"X30",-0.676851590323229
"X30",-1.18582381897573
"X30",-0.457958541055177
"X30",-0.598671283530933
"X30",-0.574842694470652
"X30",-0.571389680002151
"X30",-0.850412217976557
"X30",-0.57462353245987
"X30",-0.715098555211955
"X30",-0.87601792032567
"X30",-0.925409666767504
"X30",-0.68550867240464
"X30",-0.514620677230556
"X30",-0.914313251248188
"X30",-0.65651092402795
"X30",-0.840699151264779
"X30",-0.961107382567883
"X30",-0.451210000185916
"X30",-0.683131071692794
"X30",-1.07494243197337
"X30",-0.912393804691929
"X30",-0.366689390320989
"X30",-0.6324717452091
"X30",-0.221772848425852
"X30",-0.364335073317921
"X30",-0.372716523491697
"X30",-1.41374263121099
"X30",-0.540691338344998
"X30",-0.697133350295515
"X30",-1.83258146374831
"X30",-0.406294922155006
"X30",-0.825995110994131
"X30",-0.697336329989784
"X30",-1.74723681048022
"X30",-0.824904205781557
"X30",-0.952619658731308
"X30",-0.918932578870249
"X30",-0.424613868775303
"X30",-0.74940448692643
"X30",-0.277631703859115
"X30",-0.50491889152734
"X30",-0.512943013286129
"X30",-0.579995132432817
"X30",-0.860965670540841
"X30",-0.826007386970412
"X30",-0.653578644974196
"X30",-0.984885359764744
"X30",-0.432711560271814
"X30",-0.685307644634275
"X30",-0.981526995264495
"X30",-0.808290086673207
"X30",-0.494922565755035
"X30",-1.42204288339588
"X30",-1.83258146374831
"X30",-1.38461738297349
"X30",-0.722294287619565
"X30",-0.603430669674317
"X30",-0.582837944162656
"X30",-0.198175985047529
"X30",-0.616840665988522
"X30",-0.368842149554232
"X30",-0.367651574834397
"X30",-0.442517945659961
"X30",-0.413777115499345
"X30",-0.576777774904
"X30",-0.631163253772861
"X30",-1.02947636181992
"X30",-0.592904604716858
"X30",-0.236677907936061
"X30",-1.08084381483142
"X30",-0.758765077395966
"X30",-0.697757241263895
"X30",-0.447229724369849
"X30",-0.724786265461616
"X30",-0.880628555117479
"X30",-0.435242449312151
"X30",-1.83258146374831
"X30",-0.877797547192695
"X30",-0.930796603899
"X30",0.386068986379054
"X30",-0.267330195073485
"X30",-0.753621251345412
"X30",-1.13014116537529
"X30",-0.444243257039684
"X30",-0.745437331244614
"X30",-1.56353506729328
"X30",-1.22447092887754
"X30",-0.643946683663894
"X30",-0.647191834339345
"X30",-0.575202403765157
"X30",-0.994616240618569
"X30",-0.581052011918158
"X30",-0.776394299358748
"X30",-0.992896281735025
"X30",-0.744848397178362
"X30",-0.365530947966744
"X30",-0.799405345772457
"X30",-0.913414676737452
"X30",0.65614044896206
"X30",-0.685066829631729
"X30",-0.983739001404933
"X30",-0.612596518503972
"X30",-1.11168730728727
"X30",-0.920553786959128
"X30",-0.581880808699604
"X30",-0.719975778403694
"X30",-1.17230810700251
"X30",-0.230423608998368
"X30",-0.475978101816804
"X30",-0.938569944195168
"X30",-0.540271643327648
"X30",-0.635738350219448
"X30",-1.17261476472758
"X30",-0.272891318176715
"X30",-0.676562859886125
"X30",-1.07054541121649
"X30",-0.698945570120822
"X30",-0.546889483021238
"X30",-0.634421107635903
"X30",0.873317836282513
"X30",-1.13673466263087
"X30",-0.928423721444285
"X30",-0.896409260662019
"X30",-1.00470731917615
"X30",-1.07356948166895
"X30",-0.521254488432344
"X30",-0.162614915759551
"X30",-0.360185483181449
"X30",-0.481242760791538
"X30",-0.822763946637473
"X30",-0.510915545426107
"X30",-0.609689409669291
"X30",-0.150476584157399
"X30",-1.28089187963795
"X30",-1.18708333504983
"X30",-0.664077977039503
"X30",-0.530729715286038
"X30",-0.551746977692154
"X30",-1.30686876492554
"X30",-0.69800809876647
"X30",-0.776499612378646
"X30",-0.780793601446945
"X30",-0.712424383360671
"X30",-0.636968252060983
"X30",-0.992120086823627
"X30",-0.336008278014956
"X30",-0.632376066024972
"X30",0.268774698556652
"X30",-0.955320019599933
"X30",-1.00016617404006
"X30",-0.611362750231441
"X30",-1.43194430484499
"X30",-0.680882163995768
"X30",-0.390903412346649
"X30",-1.3310505617825
"X30",-0.397721148539556
"X30",-0.756523991854423
"X30",-1.01716056630497
"X30",-0.855404412946718
"X30",-0.815606933837828
"X30",-0.568864256141312
"X30",-0.74541134159453
"X30",-0.811330227763935
"X30",-0.436512696508905
"X30",-0.623923270852236
"X30",-0.598859481424161
"X30",-0.618670988538308
"X30",-0.456268440708388
"X30",-0.614214007370931
"X30",-0.447627444973903
"X30",-0.497312720834103
"X30",-0.792871029419667
"X30",-0.271689407753056
"X30",-1.03155578689365
"X30",-1.22652409542139
"X30",-0.725562024180666
"X30",-0.683692482059893
"X30",-0.364830803418324
"X30",-0.972730997984878
"X30",-1.09827802406586
"X30",-0.939815066307325
"X30",-0.418926620438404
"X30",-1.2947749887362
"X30",-0.573445181137725
"X30",-0.569109341541787
"X30",-0.398418385634059
"X30",-0.910912943250199
"X30",-0.666622517374822
"X30",-0.259357337186075
"X30",-1.37720914440239
"X30",-0.753285369583743
"X30",-0.42710335720638
"X30",-0.918973848301001
"X30",-0.381248325471492
"X30",-1.07435142933168
"X30",-0.698166050101474
"X30",-1.29003526855223
"X30",-1.63026552318703
"X30",-0.516555740226514
"X30",-0.924016955476183
"X30",-0.374782894999024
"X30",-0.540426815255766
"X30",-1.00780280009011
"X30",-0.406789650573612
"X30",-0.093073869472475
"X30",-0.712293038749209
"X30",-0.488584091065771
"X30",-0.888669892958973
"X30",0.81394148834085
"X30",-0.827750597498665
"X30",-0.414153510640069
"X30",-0.4630425073543
"X30",-1.12981557423765
"X30",-0.802407431083439
"X30",-1.05681876879312
"X30",-0.48171283378554
"X30",-0.602642245562973
"X30",-0.323897584816215
"X30",-0.892718994126345
"X30",-0.884884221456808
"X30",-0.970985364977959
"X30",-1.05797598263854
"X30",-0.218517440561153
"X30",-0.928352962401722
"X30",-1.34834318317173
"X30",-0.919352950730381
"X30",-0.374042711910909
"X30",-0.815838163238424
"X30",-0.554012480560497
"X30",-0.859463607944287
"X30",-0.348970087599979
"X30",-0.491662193576866
"X30",-0.543520425727159
"X30",-0.450940298255845
"X30",-1.13440484619113
"X30",-1.02999427122917
"X30",-0.34938136665546
"X30",-0.878861106747286
"X30",-0.382009991773023
"X30",-1.83258146374831
"X30",-0.398152386418234
"X30",-0.682497751526956
"X30",-0.43611212757676
"X30",-0.690740301498211
"X30",-0.48004741190264
"X30",-0.176107852740697
"X30",-0.295951368719362
"X30",-0.679949142000646
"X30",0.60346792873999
"X30",-0.85944847763148
"X30",-1.24594639502453
"X30",-0.541120583546061
"X30",-0.991879669420225
"X30",-0.211771134465677
"X30",-0.516127884600205
"X30",-0.170137866331477
"X30",-1.07926406678431
"X30",-0.866562674246891
"X30",-0.792714868762164
"X30",-0.360925433619522
"X30",-0.818036053960422
"X30",-0.810203738711242
"X30",-0.413494953625884
"X30",-0.1054318572719
"X30",-0.687399595730279
"X30",-1.27195752834407
"X30",-0.155016419730725
"X30",-0.763863092492223
"X30",-1.07704797927614
"X30",-0.737043772096471
"X30",-0.547014222108197
"X30",-0.569109387852999
"X30",-0.573691263241602
"X30",-0.26950898857133
"X30",-0.223044565888954
"X30",-0.688380334330467
"X30",-1.0672666290582
"X30",-0.87360795682453
"X30",-0.499371239856288
"X30",-0.588165405189505
"X30",-0.325841116970461
"X30",-0.719147602996502
"X30",-0.751816496930456
"X30",-0.438870715600537
"X30",-0.728258479273808
"X30",-0.755418227934808
"X30",-0.993316111339263
"X30",-0.806049682795549
"X30",-0.952350454679609
"X30",-0.401999852538576
"X30",-1.04819501490221
"X30",-0.973870455828759
"X30",-0.853926899341954
"X30",-0.953195537921014
"X30",-1.07973475734002
"X30",-1.83258146374831
"X30",-0.870486746133547
"X30",-1.83258146374831
"X30",-0.494749832231584
"X30",-0.895648499429668
"X30",-0.570368142415009
"X30",-0.866947893258204
"X30",-1.83258146374831
"X30",-0.730477193941418
"X30",-0.663166087875278
"X30",-0.510487696585827
"X30",-0.931295460409709
"X30",-0.916262777284667
"X30",-0.527066661904851
"X30",-0.465481992032917
"X30",-1.0788084678619
"X30",-0.764860554969653
"X30",-0.683890863095914
"X30",-0.728353281919138
"X30",-0.171551065200149
"X30",-0.558412252544103
"X30",-0.190308962106072
"X30",-0.551842447474214
"X30",-0.344442014273944
"X30",-1.52589281358077
"X30",-1.34116152283737
"X30",-0.788106290460046
"X30",-0.629638611028886
"X30",-0.602632233745443
"X30",-1.45453136498797
"X30",-0.110130539834091
"X30",-0.6773740639176
"X30",-0.355847059024929
"X30",-0.254462587539067
"X30",-0.88837622218894
"X30",-0.439634315812108
"X30",-0.454538581822517
"X30",-1.14534938263838
"X30",-0.746359337993914
"X30",-0.630586087017263
"X30",-1.07592865441566
"X30",-1.16682301407589
"X30",-0.981930329198695
"X30",-0.819461021442941
"X30",-0.634236933483092
"X30",-0.69155571849358
"X30",-0.752748376698438
"X30",-0.498161402910722
"X30",-0.436337843711178
"X30",-0.964172128647841
"X30",-0.381496316757752
"X30",-0.791941224323733
"X30",-0.304036628757892
"X30",-0.161654925620597
"X30",-0.573216206228646
"X30",-0.838032054262549
"X30",-0.407724573541603
"X30",-0.48217951846481
"X30",-0.692221032621532
"X30",-0.446464909775067
"X30",-1.25209358842724
"X30",-0.412861859314512
"X30",-0.365293485818328
"X30",-0.866293084073769
"X30",0.947340900375927
"X30",-0.75318029993559
"X30",-0.110461734171139
"X30",-0.932587943958104
"X30",-1.54433632998115
"X30",-1.16672851949829
"X30",-0.831016796708338
"X30",-0.441445781954796
"X30",-1.16773228767991
"X30",-0.652448471787542
"X30",-1.27708413702585
"X30",-0.588639222568538
"X30",-0.740741388994565
"X30",-0.614990229843588
"X30",-1.04028870093361
"X30",-0.512491388663896
"X30",-0.335180325297993
"X30",-0.310023077347643
"X30",-0.773393901519717
"X30",-0.944664934190976
"X30",-0.621448444735024
"X30",-0.259544245221472
"X30",-0.569334254991699
"X30",-0.287817310410653
"X30",-0.416273531782523
"X30",-0.735926486905064
"X30",-1.04120385998914
"X30",-0.57429602009475
"X30",0.0498543363901285
"X30",-0.107435288875755
"X30",-0.41534441201929
"X30",-0.326345022445348
"X30",-0.6145341671139
"X30",-1.10909635433234
"X30",-0.746001550769893
"X30",-1.06572035794953
"X30",-1.33794360325885
"X30",-0.484928951673114
"X30",-1.00121654989001
"X30",-0.861881276887086
"X30",-1.08321461754462
"X30",-0.293224081311663
"X30",-0.826694649848924
"X30",-0.944607790637495
"X30",-0.878210348339159
"X30",-0.4559519547371
"X30",-0.801509085353242
"X30",-0.449925786228744
"X30",-1.1733240643173
"X30",-0.562219463221007
"X30",-0.766307354634411
"X30",-1.28798854963176
"X30",-1.21415667168917
"X30",-1.13429549578949
"X30",-0.522656098343745
"X30",-0.855250362641699
"X30",-0.394206728426442
"X30",-0.827704502426106
"X30",-0.434195049870371
"X30",-0.681604629983123
"X30",-0.760096388304112
"X30",-1.0863599075391
"X30",-0.71002531771639
"X30",-0.662223801443695
"X30",-0.175353951302554
"X30",-0.689536450476546
"X30",-0.612468322370912
"X30",-0.762429301422427
"X30",-1.06101066087077
"X30",-0.468841442117135
"X30",-0.178752253809511
"X30",-0.55050248565641
"X30",-0.26913949162878
"X30",-0.739952788402491
"X30",-0.328692797855515
"X30",-0.469243986924009
"X30",-0.583597857146261
"X30",-0.580608669715225
"X30",-0.156295595191906
"X30",-0.510745653314203
"X30",-0.776827386773321
"X30",-1.36778349110369
"X30",-0.820641801245984
"X30",-0.473268002894898
"X30",-1.26255481671427
"X30",-0.760360576037223
"X30",-0.716424631565945
"X30",-1.36368373898347
"X30",-1.15455929405249
"X30",-0.317389541468793
"X30",-1.32621905434135
"X30",-0.852694386525725
"X30",-0.47053958241595
"X30",-1.59075518944801
"X30",-0.555764747625023
"X30",-1.13217848088912
"X30",-0.856528620739141
"X30",-0.648373365983998
"X30",-0.483575401775697
"X30",-0.587558618935779
"X30",-0.66260744446053
"X30",-0.867116789453915
"X30",-0.804388034256393
"X30",-0.613172638930591
"X30",-0.341622855842371
"X30",-0.530260404854647
"X30",-1.09631918937184
"X30",-0.535457384629465
"X30",-0.442040245774887
"X30",-0.839993890536245
"X30",-0.962606947214413
"X30",-0.99762438051269
"X30",-0.729649857382431
"X30",-0.710628401548473
"X30",-0.0629189820628522
"X30",-1.15543507218915
"X30",-0.765680485143657
"X30",-0.597195289841924
"X30",-0.90423479495435
"X30",-0.495372235612192
"X30",-0.333153320146751
"X30",-0.624843157372566
"X30",-0.891707939951061
"X30",-0.575697452453816
"X30",-0.747410271551906
"X30",-0.297537216887887
"X30",-0.445865851150466
"X30",-0.344126781975596
"X30",-0.157299971850969
"X30",-0.463293918154296
"X30",-0.612675972734999
"X30",-0.640200794142099
"X30",-0.544857456175691
"X30",-0.876509154058115
"X30",-0.479056077574751
"X30",-0.728565880602775
"X30",-0.87351886902937
"X30",-1.50814971351106
"X30",-0.762056656978128
"X30",-0.601640520790042
"X30",0.0690368808198332
"X30",-0.587499047634781
"X30",-0.496895753076625
"X30",-1.2321617364795
"X30",0.849358607601742
"X30",-0.409235225384189
"X30",-0.246040152111851
"X30",-0.567472125564698
"X30",-0.617090320900024
"X30",-0.802458969890544
"X30",0.0308702915309164
"X30",-0.474590915616788
"X30",-1.68212974107875
"X30",-0.713022916497736
"X30",-0.509740385907984
"X30",-0.458900381322184
"X30",-0.425808923492825
"X30",-0.352053034199964
"X30",-0.869215320138347
"X30",-0.799816723097249
"X30",-1.28789016586021
"X30",-1.05668739160878
"X30",-1.31280247032434
"X30",-0.75688099517569
"X30",-1.09982454146636
"X30",-0.509832682368325
"X30",-0.550058935420014
"X30",-0.83836873428389
"X30",-0.542624523692489
"X30",-0.349271552904544
"X30",-0.526717917183517
"X30",-0.458969695502813
"X30",-0.462932801508386
"X30",-0.469279704135797
"X30",-0.597123146362821
"X30",-0.794303886405067
"X30",-0.502031496709351
"X30",-0.344780438699652
"X30",-1.1292925602537
"X30",-1.02333472865524
"X30",-1.34906066351178
"X30",-0.535420891550738
"X30",-0.471755143744732
"X30",-0.573333903600302
"X30",-0.44936797291556
"X30",-0.794273281847386
"X30",-0.808123397849351
"X30",-0.946789957262151
"X30",-0.522035046384234
"X30",-0.714330906392392
"X30",-0.339664327082844
"X30",-0.60195413478
"X30",-0.701502558696439
"X30",-0.446652589857616
"X30",-0.54449161249654
"X30",-1.00803205712276
"X30",-0.605042716438054
"X30",-0.537600910401508
"X30",-0.371564105918259
"X30",-1.14487873802437
"X30",-0.779324890193126
"X30",-1.04342373478408
"X30",-1.83258146374831
"X30",-0.554070840457364
"X30",-0.647976361389793
"X30",-0.644222649781686
"X30",-0.635850110240097
"X30",-0.900901875587569
"X30",-0.708365452395535
"X30",-0.710403285234747
"X30",-0.711073316294173
"X30",-0.656947342549644
"X30",-0.541985157041391
"X30",-1.11162723271957
"X30",-0.529559037516299
"X30",-0.72237606488856
"X30",-0.88197728127141
"X30",-1.39511744622855
"X30",-0.113060174262685
"X30",-0.589067391413254
"X30",-0.745234363873018
"X30",0.221557984659849
"X30",-0.46971582049665
"X30",-0.603744149729527
"X30",-0.834128053416552
"X30",-1.40895662170655
"X30",-0.908693457008988
"X30",-0.599108508217865
"X30",-0.509693790653486
"X30",-0.400297814071631
"X30",-0.952729488001593
"X30",-0.905745089886745
"X30",-0.985101050277422
"X30",-1.11091176898645
"X30",-0.467465512145597
"X30",-1.18083133402414
"X30",-1.7150519193373
"X30",-1.32780132011938
"X30",-0.753951176362964
"X30",-0.417821146913162
"X30",-0.564303601995023
"X30",-0.816977200936467
"X30",-0.574828265057929
"X30",-0.987197700796827
"X30",-0.70834506013996
"X30",-0.620643270687836
"X30",-0.992979601819351
"X30",-0.880297037019242
"X30",-0.61664530813744
"X30",-1.15809636464289
"X30",-0.735959399808842
"X30",-0.714725418181375
"X30",-1.25078803385177
"X30",-0.218016134366426
"X30",-0.843855985146227
"X30",-0.440148061969181
"X30",-0.722559155568412
"X30",-0.816911443982753
"X30",-0.317532321851959
"X30",-0.634432052945437
"X30",-1.23094994976069
"X30",-0.849413537346617
"X30",-0.764930277456798
"X30",-1.2552485997863
"X30",-1.25413960131196
"X30",0.341775367263864
"X30",-0.870759874291583
"X30",-1.08079602438878
"X30",-0.400633937172129
"X30",-1.42599154579566
"X30",-0.380191662247874
"X30",-0.431729466813244
"X30",-0.716680596599648
"X30",-0.761709503711025
"X30",-0.0387592496502095
"X30",-0.701286753181368
"X30",-1.11400661299453
"X30",-0.446560274455499
"X30",0.000922316858129206
"X30",-0.401151709955457
"X30",-0.839435907312898
"X30",-0.491912668936951
"X30",-0.864080829281841
"X30",-1.65162601957792
"X30",0.959033170650034
"X30",-0.928622870280895
"X30",-0.464374324286669
"X30",-0.827431470586966
"X30",-0.780057302219491
"X30",-0.779727874821793
"X30",-0.533070257046356
"X30",-0.288522583559551
"X30",-0.748464937129725
"X30",-0.712436758829405
"X30",-0.384361283074398
"X30",-0.993408360753132
"X30",-1.18790472860485
"X30",-1.128448646886
"X30",-0.224063538694509
"X30",-1.1702655145343
"X30",-0.589339345933029
"X30",-0.989662098250832
"X30",-0.478185172868021
"X30",-0.24589162876432
"X30",-0.488620802672037
"X30",-0.630097829378024
"X30",-0.877204744868419
"X30",-0.964530078253194
"X30",-1.3675941587997
"X30",-0.529746894298696
"X30",-0.454585352057825
"X30",-0.32150918394341
"X30",-0.512035798533567
"X30",-1.18187145977169
"X30",-0.641178772878056
"X30",-0.775260667306528
"X30",-0.603736469219193
"X30",-0.775964240725836
"X30",-0.738931182710002
"X30",-0.406601429147864
"X30",-0.564898050473339
"X30",-0.689109298675613
"X30",-1.00601145598088
"X30",-0.448237887268215
"X30",-0.683869428960674
"X30",-0.34129567455338
"X30",-1.04937107337078
"X30",-0.457126380004733
"X30",-0.612191113378205
"X30",-0.636215041809335
"X30",-0.59666644362927
"X30",-0.592904549690217
"X30",-0.921185873738921
"X30",-1.0460926132021
"X30",-0.456334564043752
"X30",-0.222094335617101
"X30",-1.29305997101212
"X30",-0.682679579557353
"X30",-0.728950296131703
"X30",-0.73674211575068
"X30",-1.00643424168136
"X30",-0.64689804213604
"X30",-1.20792057693116
"X30",-1.15792082609982
"X30",-0.86798630740448
"X30",-0.502208504146013
"X30",-0.890265180070166
"X30",-1.14278893015439
"X30",-0.404837763403563
"X30",-0.558949663890555
"X30",-0.403795329225014
"X30",-0.286588128509432
"X30",-0.437960864158365
"X30",-0.704780778659622
"X30",0.34627939177569
"X30",-0.489862286416779
"X30",-0.561516252572038
"X30",-1.00220270570226
"X30",-0.529125788817309
"X30",-0.532643380318607
"X30",-0.240671027694275
"X30",-0.796445542798532
"X30",-0.402116816833573
"X30",-1.45086164973833
"X30",-0.700885624933957
"X30",-0.419083639575579
"X30",-0.641832140208606
"X30",-0.829396550261087
"X30",-1.65097051586042
"X30",-1.17090890961712
"X30",-1.14135309958799
"X30",-1.44093754956312
"X30",-0.499003293686947
"X30",-0.785291793030407
"X30",-0.352812006527475
"X30",-0.809476422945684
"X30",-1.27219202831115
"X30",-1.37263061171312
"X30",-0.49514153985924
"X30",-0.572102546057765
"X30",-0.828401283787421
"X30",-1.78056001789083
"X30",-0.84630776249388
"X30",-0.310054361563591
"X30",-0.220450704336056
"X30",-0.629883775318855
"X30",-0.648405042063151
"X30",-1.07143626924146
"X30",-1.00649640872735
"X30",-0.657401602462636
"X30",-0.434938857813767
"X30",-0.597310716357317
"X30",-0.936514313529834
"X30",-0.784680076953425
"X30",-0.972263669228021
"X30",-0.599843986685943
"X30",-0.737339566978321
"X30",-0.655992908459298
"X30",-0.424730373502187
"X30",-1.07465007392907
"X30",-1.08818142094884
"X30",-0.603860615737506
"X30",-0.988445446758185
"X30",-0.522469276174398
"X30",-0.501658303592964
"X30",-0.896640489996811
"X30",-1.04126036972826
"X30",-0.372644250988292
"X30",-0.279775264636074
"X30",-0.00803281355994755
"X30",-1.22713809409451
"X30",-1.55017569339268
"X30",-0.933223488488916
"X30",-0.295732250861331
"X30",0.0463978607142371
"X30",-0.909633240429322
"X30",-0.724673858053044
"X30",-0.812443774009144
"X30",-0.413112982833694
"X30",-0.419020725900707
"X30",-0.390834726312934
"X30",-0.993872647764582
"X30",-0.931733593386274
"X30",-0.782185112035964
"X30",-0.940063249828786
"X30",-0.871152361058256
"X30",-0.386848534285297
"X30",-0.776439701664894
"X30",-0.111623401393189
"X30",-1.02340432598623
"X30",-0.423180295061259
"X30",-0.536842986061471
"X30",-1.71925559373301
"X30",-0.733314539703478
"X30",-0.654188487996499
"X30",-1.13652165844555
"X30",0.192452166581703
"X30",-0.678662941758464
"X30",-0.472111373097356
"X30",-0.600336913387992
"X30",-0.362256988000003
"X30",-0.994473670667632
"X30",-0.372863218074129
"X30",-0.888152075564374
"X30",-0.590629380008058
"X30",-0.45271908037996
"X30",-0.732603591226068
"X30",-0.507596205415343
"X30",-0.8189715129412
"X30",-0.580016840161459
"X30",-0.581807874906263
"X30",-0.750190404611601
"X30",-0.268690223579685
"X30",-0.723639445194986
"X30",-1.41887952291781
"X30",-0.539690293036581
"X30",-0.601894163924229
"X30",-0.493868496589591
"X30",-1.50072435743625
"X30",-0.498688994711496
"X30",-0.834545908255766
"X30",-0.471503184490778
"X30",-0.412871261563473
"X30",-0.627441235735913
"X30",-0.760572843166703
"X30",-1.83258146374831
"X30",-0.430296292321975
"X30",-1.16418559886679
"X30",-0.151488110109987
"X30",-0.530511238239868
"X30",-0.796570403121496
"X30",-0.504050837158501
"X30",-0.543158121804722
"X30",-0.894174587631005
"X30",-0.355608037092167
"X30",-0.957941355955605
"X30",-0.346560868714807
"X30",-0.849678883261729
"X30",-0.59432443371037
"X30",-0.234789828136233
"X30",-0.736041707483396
"X30",-0.431303609065511
"X30",-0.570054877121769
"X30",-0.805031088428664
"X30",-1.15554692954859
"X30",-0.865473934751061
"X30",-0.466890953734214
"X30",-1.60305010277929
"X30",-0.706075667315036
"X30",-0.718488425154975
"X30",-0.761933374357871
"X30",-0.771451365548331
"X30",-0.571009002517905
"X30",-0.695632988454752
"X30",-0.232786726714458
"X30",-0.586794377369385
"X30",0.035279886658634
"X30",-0.696988330349081
"X30",-1.15309484464665
"X30",-0.969699985867584
"X30",-0.389027553478291
"X30",-0.0713429063419505
"X30",-0.636214647986715
"X30",-0.610073466792404
"X30",0.0657550850866616
"X30",-1.00110628577908
"X30",-0.996895437724115
"X30",-1.15790308706862
"X30",-1.02700959347132
"X30",-0.694490960376201
"X30",-0.423122214134045
"X30",0.0380993069228875
"X30",-0.80370002003049
"X30",-1.00705339032771
"X30",-1.12830240451051
"X30",-0.474579280620447
"X30",-0.641786424050181
"X30",-0.79561878289444
"X30",-0.819140021636003
"X30",-0.370641598439441
"X30",-0.595274727619889
"X30",-0.692654652503048
"X30",-0.788526032288631
"X30",-0.713594463642919
"X30",-0.413378379396091
"X30",-0.419357146738428
"X30",-0.455449111194015
"X30",-0.53143436689978
"X30",-0.41909459339811
"X30",-0.889871462142282
"X30",-0.411713993440969
"X30",0.984763826538149
"X30",-0.676097907342259
"X30",-0.606933434443721
"X30",-0.933471277340004
"X30",-0.135699431637622
"X30",-0.318538962728703
"X30",-0.512055317975471
"X30",-1.48115605110629
"X30",-0.659735936681883
"X30",-0.602999427089434
"X30",-0.524841168464663
"X30",-0.64933808713471
"X30",-0.568297798672436
"X30",-0.894852065917874
"X30",-1.02397315951882
"X30",-0.458639568364998
"X30",-0.476458385585057
"X30",-0.441328751557204
"X30",-0.741944568574261
"X30",-0.885714940897946
"X30",-1.02834858983881
"X30",-0.339806409417619
"X30",-0.839210448833902
"X30",-0.547650850876846
"X30",-0.579650434333117
"X30",-0.462552044156369
"X30",-0.221344077801776
"X30",-0.585124726730259
"X30",-1.13593604692819
"X30",-1.67640740347515
"X30",-0.104169195861748
"X30",-0.513574455333358
"X30",-0.794143758588305
"X30",-0.458881880752025
"X30",-0.495157471525647
"X30",-0.511043627478478
"X30",-0.518697794290849
"X30",-0.860192728549489
"X30",-0.559920657716366
"X30",-0.477942853378567
"X30",-0.45150123239769
"X30",-0.936578636303648
"X30",-0.829782656445298
"X30",-1.19702080112409
"X30",-0.849167092103103
"X30",-0.604032954299299
"X30",-1.21408048506232
"X30",-0.480143532658403
"X30",-0.831810979275837
"X30",-0.673933138362073
"X30",-0.684260407349092
"X30",-0.299440323939775
"X30",-0.812176131556207
"X30",-0.529066737574203
"X30",-0.349528720183293
"X30",-0.698669168624854
"X30",-0.48715409337196
"X30",-0.813947276794105
"X30",-1.01267798443678
"X30",-0.413586497568062
"X30",-0.316325110773456
"X30",-0.913228929309606
"X30",-0.498687341081834
"X30",-0.358880035320501
"X30",-0.444693387968124
"X30",-0.897861138879716
"X30",-1.3421829111584
"X30",-1.01368213448222
"X30",-0.475776474151201
"X30",-1.07662911162795
"X30",-0.607931336370918
"X30",-0.151464723808471
"X30",-0.230082848737093
"X30",-0.414464209579415
"X30",-0.294643347570977
"X30",-0.855916139802034
"X30",-0.32629468939526
"X30",-0.850032539962271
"X30",-0.721370965505213
"X30",-0.990777195035593
"X30",-0.265012370492185
"X30",-0.69432911004821
"X30",-0.921226899714865
"X30",-0.561724843908733
"X30",-1.80474997596779
"X30",-0.706142186306764
"X30",-0.642636628376479
"X30",-0.687151676837038
"X30",-0.490942760630432
"X30",-0.848195998339619
"X30",-0.471749237334416
"X30",-0.908072747630492
"X30",-1.22978649482272
"X30",-0.198763378216868
"X30",-0.780515132480423
"X30",-0.690050777687826
"X30",-1.35202312193812
"X30",-0.989033242309419
"X30",-0.989855546237199
"X30",-0.839321958963036
"X30",-0.666105719468966
"X30",-0.497740632817034
"X30",-0.611553625047219
"X30",-0.244214134331177
"X30",-0.6273771911541
"X30",-0.675116885396315
"X30",-0.456112593750105
"X30",-0.226652212742453
"X30",-0.815018698997857
"X30",-0.803608996248239
"X30",-0.514351210308508
"X30",-0.658944688518236
"X30",-0.629365267579187
"X30",-1.10132272215565
"X30",-0.434601562378368
"X30",-1.21823682796977
"X30",-0.421109791530538
"X30",-0.682715525348533
"X30",-0.601815650456533
"X30",-0.697588022352438
"X30",-0.534285250042458
"X30",-1.28152672340551
"X30",-0.624350906234917
"X30",-1.10080150478757
"X30",-0.414055292834601
"X30",-0.555587224327561
"X30",-1.18080186751725
"X30",-0.820965222740534
"X30",-0.477502022890877
"X30",-1.16233301527469
"X30",-0.659018694331457
"X30",-0.699506869066762
"X30",-0.967317347232294
"X30",-0.852422138911152
"X30",-0.846927299339213
"X30",-0.777531185133747
"X30",-0.780807327453079
"X30",-0.566889413963702
"X30",-0.756722446005437
"X30",-0.560650497414409
"X30",-0.858215322205823
"X30",-0.294900955160856
"X30",-0.686195882986291
"X30",-0.713657875785147
"X30",-0.716908688780048
"X30",-0.73680557758261
"X30",-0.332252476946844
"X30",-0.694760628571114
"X30",-0.832268087633441
"X30",-0.691341088918465
"X30",-1.24326044303261
"X30",-0.410943403880849
"X30",-0.746518490863925
"X30",-0.868314159418691
"X30",-1.36759152320898
"X30",-0.988891841508139
"X30",-0.497719266552073
"X30",-0.318693048886847
"X30",-0.652886372846493
"X30",-0.614877005257306
"X30",-0.159278679586598
"X30",-0.797290713775842
"X30",-0.573706661669232
"X30",-0.569023600357886
"X30",-0.489894021710227
"X30",-0.112462873772238
"X30",-0.638549814980505
"X30",-0.405161039129906
"X30",-0.814310116708779
"X30",-1.00811829332958
"X30",-0.573347358530624
"X30",0.599917432098764
"X30",-1.11736763927389
"X30",-0.783447288569202
"X30",-1.33976123945034
"X30",-0.651853280094278
"X30",-1.21990030607861
"X30",-0.669018979442911
"X30",-0.57831255623666
"X30",-0.734238334601644
"X30",-0.97795325239081
"X30",-0.310683044215712
"X30",-0.88594872940009
"X30",-0.557914015499975
"X30",-0.847699330693045
"X30",-0.227752379935333
"X30",-1.35489352083942
"X30",-1.10289178139564
"X30",-0.681447706376209
"X30",-0.912280089551881
"X30",-1.08937028187902
"X30",-0.732072554325827
"X30",-0.548503851858852
"X30",-0.0628294735034745
"X30",-1.02016911283429
"X30",-1.83258146374831
"X30",-0.32072564135485
"X30",-0.788212461176151
"X30",-0.570871476206904
"X30",-1.20258288771119
"X30",-0.548792698838682
"X30",-0.669767877471712
"X30",-0.712182257663857
"X30",-0.607612792559975
"X30",-0.619699381850902
"X30",-1.04755344596388
"X30",-0.21080823270198
"X30",-0.442794674980877
"X30",-0.929845757723087
"X30",-0.674562960138053
"X30",-0.856632331232524
"X30",-0.689331437756424
"X30",-1.05859757050968
"X30",-0.597695891292433
"X30",-0.497734865263278
"X30",-1.07558397719873
"X30",-1.08704472663596
"X30",-0.743214882872192
"X30",-1.66072736297995
"X30",-0.71590889731475
"X30",-0.50769126553694
"X30",-1.10015287681131
"X30",-0.918841849752552
"X30",-0.96741646635276
"X30",-0.504241946844108
"X30",-0.765627998770555
"X30",-0.277613771179327
"X30",-0.341185783058678
"X30",-0.364961283829291
"X30",-1.18160725788224
"X30",-0.349335499755088
"X30",-0.299399580253179
"X30",-0.506063027340378
"X30",-0.699673788841768
"X30",-0.780095351398999
"X30",-0.662380508057976
"X30",-0.439291167526705
"X30",-0.948534219429076
"X30",-0.463018150815292
"X30",-0.752745801353226
"X30",-0.455522830898582
"X30",-0.452501797674324
"X30",-0.695339424121951
"X30",-0.585915714650461
"X30",-1.09466055729513
"X30",-0.129494801870949
"X30",-0.480478974466079
"X30",-0.34337699919635
"X30",-0.245149296505195
"X30",-0.655387391955923
"X30",-1.52264374274876
"X30",-0.678803728721374
"X30",-0.79236908092572
"X30",-0.470773442921052
"X30",-0.579621346304965
"X30",-0.546978832020227
"X30",-0.66305463005109
"X30",-0.352402975482952
"X30",0.0525852722848057
"X30",-0.44252149595348
"X30",-1.08047745683488
"X30",-0.233065041800001
"X30",-1.19082299532409
"X30",-0.82237066931277
"X30",-0.745129963345734
"X30",-1.05124364225942
"X30",-0.344860301995844
"X30",-0.709404317429895
"X30",-1.1738098873939
"X30",-1.04039100623387
"X30",-0.493028405545796
"X30",-0.74012705763808
"X30",-0.671418168400807
"X30",-0.719400986711587
"X30",-0.646415828192282
"X30",-1.04910065483277
"X30",-0.668348207023555
"X30",-0.561031169285851
"X30",-0.62212542841562
"X30",-0.915229216011393
"X30",-0.398381657241978
"X30",-0.415554754406215
"X30",-1.19648182828628
"X30",-1.03987682067758
"X30",-0.469623470214198
"X30",-0.55306663025282
"X30",-0.526819076694973
"X30",-0.65136160122516
"X30",-1.09864716517108
"X30",-0.468360471488914
"X30",-1.20798551151938
"X30",-0.804497476747102
"X30",-0.344732626339344
"X30",-0.67990987204379
"X30",-0.317986448437212
"X30",-0.541072845493125
"X30",-0.626733115579262
"X30",-0.587416709385644
"X30",-0.161006393437407
"X30",-0.434226079878935
"X30",-0.536789989102153
"X30",-0.265735121893141
"X30",-0.349758033109271
"X30",-0.75478417075504
"X30",-0.811840668378052
"X30",-0.456104835439274
"X30",-0.636525790227879
"X30",-0.568253674078159
"X30",-0.435384509613571
"X30",-1.063232930583
"X30",-1.15260437443638
"X30",-0.887054485194853
"X30",-0.738943947450258
"X30",-0.984373004262531
"X30",-0.924828418896499
"X30",-0.563184760797608
"X30",-1.22406753949272
"X30",-0.679724486063681
"X30",-0.505041086257964
"X30",-0.622550471052587
"X30",-1.01845551814938
"X30",-0.133654650692314
"X30",-1.46842443377574
"X30",-0.911324223817285
"X30",-0.843496888804711
"X30",-0.0702775943929469
"X30",-0.643348899098749
"X30",-0.736070678993225
"X30",-0.931661293344216
"X30",-0.476371831968918
"X30",-0.412116010563064
"X30",-1.4735715475439
"X30",-0.764894204891113
"X30",-0.719231836296953
"X30",-0.875591829203046
"X30",-0.323551899302699
"X30",-0.687411565077467
"X30",-0.981436842004978
"X30",-0.979451105869791
"X30",-0.746870550946939
"X30",-0.967490627666569
"X30",-0.987350763246845
"X30",-0.457091762232703
"X30",-0.331257283584201
"X30",-0.746310360080764
"X30",-0.414405935447586
"X30",-1.73962018559334
"X30",-1.41462400077702
"X30",-0.372801231039492
"X30",-0.975815042736996
"X30",-0.509045530444385
"X30",-1.21907863984462
"X30",-0.773392131688285
"X30",-0.60625683004274
"X30",-0.908806406938602
"X30",-0.839692499880881
"X30",-0.839832103871986
"X30",-0.763374357610625
"X30",-0.450168009542988
"X30",-0.568640215116546
"X30",-0.748853321235687
"X30",-0.561982387242838
"X30",-0.514168689361942
"X30",-0.522053177441697
"X30",-0.401657860204501
"X30",-0.650476774395164
"X30",-1.6710898947433
"X30",-0.597627027086417
"X30",-0.750252284470117
"X30",-0.430683392575893
"X30",-0.848890646803976
"X30",-0.307453648791096
"X30",-0.683372158298604
"X30",-0.682321056340443
"X30",-0.835248399084065
"X30",-1.10981514116646
"X30",-0.699029330127581
"X30",-0.715237571457506
"X30",-0.436089759782438
"X30",-0.661061210504368
"X30",-0.244926579421771
"X30",-0.618059562122607
"X30",-0.737959960799765
"X30",-0.369054253715331
"X30",-0.728819424642889
"X30",-0.513573793035357
"X30",-0.679037833182294
"X30",-0.622215161165862
"X30",-0.410287583949588
"X30",-1.37694065202822
"X30",-0.77093422763598
"X30",-0.679656734069561
"X30",-0.877630656551699
"X30",-0.615879790115995
"X30",-1.11835380542038
"X30",-1.39766718126112
"X30",-1.82016383313904
"X30",-0.404281526927502
"X30",-1.02730589650041
"X30",-0.332333525545409
"X30",-0.774416676673561
"X30",-1.15297968755341
"X30",-0.933027147383529
"X30",-0.841464939416625
"X30",-1.09300754692038
"X30",-0.76164220722791
"X30",-0.80656151439354
"X30",-0.777771650366239
"X30",-1.1756465817761
"X30",-1.03561143759274
"X30",-1.31232251814497
"X30",-0.909995609916812
"X30",-0.337060016200471
"X30",-1.0235360198499
"X30",-0.999918113866956
"X30",-0.479636761055574
"X30",-0.101514243594681
"X30",-0.916067722767373
"X30",-0.504334963478368
"X30",-0.729982537034803
"X30",-0.563578912817316
"X30",-1.10753575755992
"X30",-0.819851270548062
"X30",-0.440210447359966
"X30",-1.1184092385332
"X30",-0.669905270512574
"X30",-0.694167892209301
"X30",-0.570336024248141
"X30",-0.242723853602221
"X30",-0.70929543276886
"X30",0.165539242990192
"X30",-1.83258146374831
"X30",-0.723416930729915
"X30",-0.425992870357856
"X30",-1.25722111001947
"X30",-0.685105247867705
"X30",-0.507199706115024
"X30",-1.19727844784101
"X30",-0.983943253925062
"X30",-0.241084287305389
"X30",-0.50500891718483
"X30",-0.439106593627128
"X30",-0.607751525897495
"X30",-0.473435212204213
"X30",-0.396527551752237
"X30",-0.275457266050684
"X30",-1.37424119257906
"X30",-0.543126830340659
"X30",-0.864824595081047
"X30",-0.480272845592924
"X30",-1.83258146374831
"X30",-0.340796282236384
"X30",-0.247520677142248
"X30",-0.434452670245274
"X30",-0.381889099944267
"X30",-0.774128172533486
"X30",-0.175519469400126
"X30",-0.302014822654607
"X30",-0.716450580057791
"X30",-1.07681473376335
"X30",-0.58440368627474
"X30",-0.797695719624228
"X30",-0.632126706828627
"X30",-0.276476273010541
"X30",-0.859074483950686
"X30",-0.790126627391825
"X30",-0.592971797939548
"X30",-0.883822668184248
"X30",-1.17336281314771
"X30",-0.541253391288661
"X30",-0.41723750702865
"X30",-0.632707327105791
"X30",-0.855182114611237
"X30",-0.441640255988644
"X30",-1.4906419155996
"X30",-0.99516689578514
"X30",-0.929647565984109
"X30",-0.308729882855918
"X30",-0.386711628796446
"X30",-1.29737147044241
"X30",-1.13820269507267
"X30",-1.68609519635723
"X30",-0.488102737098816
"X30",-0.580765519981721
"X30",-0.807484272473754
"X30",-0.653515313761677
"X30",-0.416728561081722
"X30",-0.657081908908462
"X30",-0.886862923996209
"X30",-0.796869468072542
"X30",-0.462203120906739
"X30",-0.491768018313143
"X30",-1.43204026096524
"X30",-0.733120577859936
"X30",-0.787606576029021
"X30",-1.09806972982639
"X30",-1.16561259865807
"X30",-0.73259980386991
"X30",-1.28479310290823
"X30",-0.982254156494047
"X30",-0.474571342170335
"X30",-1.03389074393193
"X30",-0.474786855509238
"X30",-0.730353554608235
"X30",-0.861407436311553
"X30",-0.566991535092171
"X30",-0.238210263682709
"X30",-0.924857093364124
"X30",-0.897094203686642
"X30",-0.78689977996241
"X30",-0.78343960211545
"X30",-1.13432639407615
"X30",-0.735551921797899
"X30",-0.442215036497173
"X30",-0.327703999105367
"X30",0.125502045106101
"X30",-1.12049046720321
"X30",-0.260828606124872
"X30",-0.538449706633628
"X30",-0.529416591844097
"X30",-0.642213978390676
"X30",-1.66698597803728
"X30",-1.08423520591658
"X30",-0.522956141912716
"X30",-0.711840758520411
"X30",-0.366857919012167
"X30",-0.364882325987433
"X30",-0.790727451379848
"X30",-0.676378243202813
"X30",-0.740568693560642
"X30",-0.780739865202257
"X30",-0.550541150973713
"X30",-0.581170373462162
"X30",-0.281103285354492
"X30",-0.468022814811049
"X30",-1.10968270412716
"X30",-0.886490978496039
"X30",-0.357727767474005
"X30",-0.575738931274827
"X30",-0.710602479701499
"X30",-0.593862594439857
"X30",-0.295650751289365
"X30",-1.0330440012067
"X30",-0.810817576519125
"X30",-1.30108921276093
"X30",-0.373868328296945
"X30",-1.35176963058912
"X30",-0.593514980730322
"X30",0.940406833589542
"X30",-0.832079301935398
"X30",-0.774938963950056
"X30",-0.04913406744516
"X30",-1.09202427613462
"X30",-0.667339591883706
"X30",-0.684872457354933
"X30",-1.04225134793504
"X30",0.385952970291096
"X30",-0.558552405752225
"X30",-0.351131915096609
"X30",-0.908069909530491
"X30",-1.01583967861642
"X30",-0.913381743507425
"X30",-0.577892892658481
"X30",-0.714753360542144
"X30",-0.591709922119923
"X30",-0.348787879488213
"X30",-0.813399973514078
"X30",-0.973438545305204
"X30",-0.919415100096963
"X30",-0.446652668983956
"X30",-0.771974569462383
"X30",-0.600658108427319
"X30",-0.294680386839075
"X30",-0.497662905139924
"X30",-0.505447834341891
"X30",-0.594336008227056
"X30",-0.887194503214741
"X30",-0.703944629546142
"X30",-0.493533208257519
"X30",-0.700286396207867
"X30",-0.762583010768015
"X30",-0.736868747238714
"X30",-0.666255965554887
"X30",-0.79479054167735
"X30",-1.31860514635668
"X30",-0.373347659383533
"X30",-0.800367927565033
"X30",-0.789487267857298
"X30",-0.494629049272583
"X30",-0.379132371419912
"X30",-0.400965938258726
"X30",-1.83258146374831
"X30",-0.5699065846407
"X30",-0.476250427318578
"X30",-1.45992123493974
"X30",-0.598264674561115
"X30",-0.565180284917094
"X30",-0.748969013415072
"X30",-0.75201960185403
"X30",-0.973023889760294
"X30",-0.634006797230498
"X30",-1.08646710370674
"X30",-1.23953454102647
"X30",-0.678381515796362
"X30",-0.630533380645326
"X30",-0.858297640783663
"X30",-0.384143935762902
"X30",-0.138531684043118
"X30",-0.573932295221858
"X30",-1.00110323696195
"X30",-0.85090201710534
"X30",-0.729627563658402
"X30",-0.738568548237581
"X30",-0.46395739220943
"X30",-1.09993484709749
"X30",-0.615544830722444
"X30",-0.455500165048187
"X30",-0.715667166849749
"X30",-0.730128704675923
"X30",-1.17498029376557
"X30",-0.451887879223031
"X30",-0.448815654973898
"X30",-0.309141393780598
"X30",-0.700186058474571
"X30",-0.630809587103881
"X30",-1.10045411473337
"X30",-0.585950474583584
"X30",-0.4434129241348
"X30",-0.542224522894027
"X30",-0.399853074974067
"X30",-0.704502931971616
"X30",-0.614645278844266
"X30",-0.263272954690583
"X30",-0.558022935452394
"X30",-0.457144118005502
"X30",-0.668965940551898
"X30",-0.844419728259703
"X30",-1.65473419072866
"X30",-0.52347772655801
"X30",-0.456792396071308
"X30",-0.768149475613702
"X30",-0.627481439241796
"X30",-0.304992670298859
"X30",-0.502823884690006
"X30",-0.562319342871601
"X30",-0.781123209984196
"X30",-0.629161059006824
"X30",-0.71722055222459
"X30",-0.527115462892429
"X30",-1.33893460765341
"X30",-0.543003224239835
"X30",-0.850144676134816
"X30",-0.835080369294425
"X30",-0.416805353020326
"X30",-0.235119686518539
"X30",-0.46969450388123
"X30",-0.440736694580744
"X30",-0.555049407503455
"X30",-0.666901866339482
"X30",-0.531113062479036
"X30",-0.567997341831014
"X30",-0.671114978130194
"X30",-0.245244239514639
"X30",-0.658984683929726
"X30",-0.573074092723338
"X30",-0.0175500777913436
"X30",-0.264928599389399
"X30",-0.976067761182924
"X30",-0.469636962355972
"X30",-0.693912889037958
"X30",-0.703896741754584
"X30",-0.663182297128298
"X30",-0.441973067828914
"X30",-0.605493822594319
"X30",-0.716478172137172
"X30",-0.364229642276226
"X30",-0.226186787238278
"X30",-0.710602479701499
"X30",-0.959094701860165
"X30",-0.431680463672762
"X30",-0.758835298468284
"X30",-0.816759000378007
"X30",-0.584562656226268
"X30",1.1161964679058
"X30",-0.372417942057598
"X30",-0.990155226334545
"X30",-1.09261653069926
"X30",-0.374730837548637
"X30",-0.592387850038375
"X30",-0.479524623714184
"X30",-0.780424704494819
"X30",0.181190250399085
"X30",-0.504008649086292
"X30",-0.828342180970698
"X30",-1.0701176809272
"X30",-0.92427853070681
"X30",-0.550484632073237
"X30",-1.04803891714851
"X30",-1.1586491697002
"X30",0.117919612390877
"X30",-1.1037019746787
"X30",-0.535899916725303
"X30",-0.72361860093799
"X30",-0.767604893149674
"X30",-0.000277527527924653
"X30",-0.765473633317791
"X30",0.300816058143812
"X30",-0.482942253096605
"X30",-0.439125037255181
"X30",-0.766139019293932
"X30",-1.35211369557256
"X30",-1.50105721207278
"X30",-1.20755614078957
"X30",-1.0381999364115
"X30",-1.02439196052998
"X30",-0.730189006787136
"X30",-0.907421683951158
"X30",-0.334290890457794
"X30",-0.456182434986467
"X30",-0.733490119366047
"X30",-0.671660922205386
"X30",-0.465388907238905
"X30",-1.56498016162824
"X30",-0.574270129989429
"X30",-0.557194114168714
"X30",-0.281695247826073
"X30",-0.564885839288159
"X30",-1.16213816529285
"X30",-0.501946071519835
"X30",-0.584934695744371
"X30",-0.683903237252625
"X30",-0.903806380446055
"X30",-0.914187252264788
"X30",-0.441034827661325
"X30",-0.934607931337841
"X30",-0.481628537276125
"X30",-0.410378110593267
"X30",-0.90516872340967
"X30",-0.533641892856966
"X30",-1.66072736297995
"X30",-1.15716864496622
"X30",-0.590744101302771
"X30",-0.985775128393532
"X30",-0.774562541593533
"X30",-0.546017724707154
"X30",-0.336329840844325
"X30",-0.909955004571156
"X30",-0.629701647388671
"X30",-0.950155210550503
"X30",-0.500674023742619
"X30",-0.70200958910904
"X30",-1.21863235602646
"X30",-0.905110614934871
"X30",-0.232482191191621
"X30",-0.880958080461387
"X30",-0.238505568295699
"X30",-1.27960843570404
"X30",-1.00018584605877
"X30",-0.286393609544873
"X30",-0.807576774114249
"X30",-0.372565674462709
"X30",-0.466090636276276
"X30",-0.731028992806045
"X30",-0.908035351083623
"X30",-1.43763987211628
"X30",-0.591509732260715
"X30",-0.742307245595204
"X30",-0.459495965491465
"X30",-1.36317049925984
"X30",-0.629479010169108
"X30",-0.882932166967771
"X30",-0.701581235755686
"X30",-0.734053594377362
"X30",-0.663350836121228
"X30",-0.712556091235382
"X30",-0.898685961119592
"X30",-1.83258146374831
"X30",-0.718326504515375
"X30",-0.301344315643249
"X30",-0.630669529305913
"X30",-0.894711196061677
"X30",-0.343429350214752
"X30",-0.400220797806094
"X30",-0.810418740140073
"X30",-1.51855267846801
"X30",-0.62804235608255
"X30",-0.842062258586599
"X30",-0.540788936486548
"X30",-0.753137284557786
"X30",-1.2231962434857
"X30",-0.543467927036526
"X30",-0.46063346088547
"X30",-0.636030607785349
"X30",-1.08059351665694
"X30",-1.11432729409161
"X30",-0.822472296389039
"X30",-0.291300198479391
"X30",-0.481914877033122
"X30",-0.684324180663028
"X30",-0.426958204990669
"X30",-0.338731209721985
"X30",-0.61718548863655
"X30",-0.532569466461663
"X30",-0.689110080590261
"X30",-0.546596812682103
"X30",-0.560705453661508
"X30",-0.724995850551966
"X30",-1.11432248880625
"X30",-0.561538201886981
"X30",-0.667861653950352
"X30",-1.06873420073569
"X30",-1.04421695033788
"X30",-1.49867269209061
"X30",-0.331174659815262
"X30",-0.58434078083957
"X30",-1.24940557033514
"X30",-0.06599053562403
"X30",-0.591973303675167
"X30",0.650796795043718
"X30",-0.224308069167593
"X30",-0.291955971147189
"X30",-1.19142754829947
"X30",-0.499323882150346
"X30",-0.69683997789114
"X30",-1.02514083860613
"X30",-0.96559607274203
"X30",-0.514325995212629
"X30",-0.838769115566826
"X30",-0.782126712183383
"X30",-0.249566924651227
"X30",-0.469842239348505
"X30",-0.69561932759925
"X30",-0.645073284874508
"X30",-0.670619491527515
"X30",-0.666226425992318
"X30",-0.908771683870341
"X30",-0.361686041292649
"X30",-0.426553068764795
"X30",-1.20824418485546
"X30",-0.56771047626391
"X30",-1.06604707226297
"X30",-0.614567707293807
"X30",-1.53528306140097
"X30",-0.323339462406235
"X30",-0.286117608547562
"X30",-0.528576251222803
"X30",-0.759733996178118
"X30",-0.592736404450479
"X30",-0.537250309763213
"X30",-0.84799114042153
"X30",-0.619165448417642
"X30",-0.842057928165093
"X30",-0.31247956647507
"X30",-0.542351051569205
"X30",-1.02152974308783
"X30",-0.221772848425852
"X30",-0.658312237450446
"X30",-1.46152425257064
"X30",-0.521150836622252
"X30",-0.397144865638106
"X30",-1.11814230109628
"X30",-0.319168204823225
"X30",-0.525751972969671
"X30",-0.144280231113399
"X30",-0.639262825692634
"X30",-0.619812226515653
"X30",-0.47076633453002
"X30",-0.787382595549773
"X30",-1.12821857807442
"X30",-0.90856678240813
"X30",-0.59861993056393
"X30",-0.867760799264557
"X30",-0.338540181150769
"X30",-0.636951404467208
"X30",-0.547076034610426
"X30",-0.745297731278853
"X30",-1.43822188814462
"X30",-0.707628194148621
"X30",-1.085177184332
"X30",-0.543985507724835
"X30",-0.518553547713806
"X30",-0.845094242957639
"X30",-0.824014608004024
"X30",-0.261353179552479
"X30",-0.597903898693502
"X30",-0.955012174320283
"X30",-0.813563212815724
"X30",-0.686899922742021
"X30",-0.603096748783959
"X30",-0.623296005258735
"X30",-0.729809069894543
"X30",-0.396740063364999
"X30",-0.728628391994734
"X30",0.248005369371794
"X30",-0.805675468429642
"X30",-0.829640003749828
"X30",-0.269611242564195
"X30",-0.793163327897401
"X30",-0.724371583372685
"X30",-0.356123021489352
"X30",-0.662190783433676
"X30",-1.35263669489533
"X30",-1.59309620685283
"X30",-0.46551326038914
"X30",-0.661276256975968
"X30",-0.783663129419289
"X30",-1.0736301210455
"X30",-1.30802722653973
"X30",-0.725467522512632
"X30",-0.572795651336983
"X30",-1.83258146374831
"X30",-0.329860438984479
"X30",-0.693953824161223
"X30",-0.823977509203344
"X30",-0.920457180501059
"X30",-0.735904358529719
"X30",-0.935112398892167
"X30",-0.358621850287303
"X30",-0.392145149313293
"X30",-0.77962340652613
"X30",-1.17252063346811
"X30",-0.57723430177173
"X30",-0.870038737608699
"X30",-0.593608942563306
"X30",-0.638907057581335
"X30",-0.512977737406421
"X30",-0.416068670116367
"X30",-1.09824913253763
"X30",-1.15216112637556
"X30",-0.561636057872524
"X30",-0.720485569186031
"X30",-0.453079661218712
"X30",-0.429296717405109
"X30",-0.0717401933266359
"X30",-0.786056645627689
"X30",-0.760850306713011
"X30",-0.648608632587446
"X30",-0.80016115985836
"X30",-1.25438426841433
"X30",-0.95597440405544
"X30",-0.99767626539608
"X30",-0.45746725907294
"X30",-1.27676631268908
"X30",-1.08128384472415
"X30",-0.698312072468276
"X30",-0.953008850184944
"X30",-0.740650658074958
"X30",-1.01252378346385
"X30",-0.166033107921315
"X30",-1.07423306705488
"X30",-0.232334505464961
"X30",-1.53264795516707
"X30",-0.753190809063048
"X30",-0.681211139003212
"X30",-0.448990090134747
"X30",-1.14106342661404
"X30",-0.797627823370135
"X30",-0.445822064817925
"X30",-0.768700490406694
"X30",-0.778954905505109
"X30",-0.451109416950738
"X30",-0.638238160674389
"X30",-0.673761936491182
"X30",-0.952612527989424
"X30",-1.22399710900774
"X30",-0.356903605524056
"X30",-0.375804887865113
"X30",-0.567325300275081
"X30",-0.956296611028475
"X30",-0.794525953787466
"X30",-0.753675573825522
"X30",-0.854085005800497
"X30",-0.893815926243518
"X30",-0.41942831791428
"X30",-0.600386346652565
"X30",-0.707061563186429
"X30",-1.12004915110879
"X30",-0.652347901203725
"X30",-0.426169486132811
"X30",-0.978170169702429
"X30",-0.869700656476986
"X30",-0.619572323625531
"X30",-0.901416351057283
"X30",-0.719853721318315
"X30",-0.827863529568037
"X30",-0.725681551374541
"X30",-0.895116608235782
"X30",-1.0424427419163
"X30",-0.368556942610978
"X30",-0.642241056089325
"X30",-0.931051706630656
"X30",0.258075383475685
"X30",-0.878252904752676
"X30",-0.745777202686731
"X30",-0.623772590162753
"X30",-0.400586263671074
"X30",-0.548572792751348
"X30",-0.566578137561691
"X30",-0.262375390785782
"X30",-0.212230997683578
"X30",-0.512483925469887
"X30",-1.0146081336632
"X30",-0.560349071367782
"X30",-1.04727300992258
"X30",-0.381826122978059
"X30",-0.505753577565791
"X30",-0.661023822102519
"X30",-0.941143408088982
"X30",-0.577956466687996
"X30",-0.360257997303506
"X30",-0.61610837170605
"X30",-0.728319406114797
"X30",-0.767958107945852
"X30",-0.892557693310614
"X30",-0.621646858364127
"X30",-0.167265671581009
"X30",-0.249907376425015
"X30",-0.750160500935273
"X30",-0.343762246459563
"X30",-0.46274513967444
"X30",-0.662447469671818
"X30",-0.655611094557593
"X30",-0.887967810878882
"X30",-0.511002617416702
"X30",-0.985334350005815
"X30",-0.665914444551561
"X30",-0.748145681155955
"X30",-0.60004746519896
"X30",-1.00259091110521
"X30",-0.972440424832346
"X30",-0.659705198344908
"X30",-0.306549100421834
"X30",-1.09412866315262
"X30",-0.944065108318034
"X30",-0.69668637170206
"X30",-0.506395563189236
"X30",-0.72773527880235
"X30",-1.41564152449956
"X30",0.0578894294551978
"X30",-0.933676994878196
"X30",-1.08303650619835
"X30",-0.746505744573499
"X30",-0.564120251475333
"X30",-1.26324276984922
"X30",-0.580372184457503
"X30",-0.943684924373977
"X30",-0.373629502863063
"X30",-0.776060390455709
"X30",-0.365402201094403
"X30",-0.505230689563468
"X30",-0.495195636359212
"X30",-0.310400400467253
"X30",-1.48222948041307
"X30",-1.06810369131112
"X30",-0.849391389741719
"X30",-0.569864105248755
"X30",-0.4984407607449
"X30",-1.00566831819992
"X30",-0.530953088464033
"X30",-0.440638884186116
"X30",-0.514073102995046
"X30",-1.28435333481234
"X30",-1.48016134518986
"X30",-1.00546116133918
"X30",-1.83258146374831
"X30",-0.806607432414591
"X30",-0.329831181460776
"X30",-0.864687843988254
"X30",-0.521591625569247
"X30",-1.06367077059332
"X30",-0.735540700548558
"X30",-1.1283345478898
"X30",0.245886656797992
"X30",-0.581337937536416
"X30",-0.475817565968092
"X30",-0.357485241665458
"X30",-0.735983817210374
"X30",-0.81667334855192
"X30",-1.04125070032006
"X30",-0.799560106392166
"X30",-1.83258146374831
"X30",-0.664941596421141
"X30",-0.963650908648398
"X30",-0.893083098212427
"X30",-0.480184207605067
"X30",-0.628953264111114
"X30",-0.600897467864084
"X30",-0.537816842309298
"X30",-0.292734166759629
"X30",-0.529253643905712
"X30",-0.708075712836307
"X30",-0.383196594050805
"X30",-0.841117850021367
"X30",-1.36999136424855
"X30",-0.91671550563906
"X30",-0.523736098584126
"X30",-0.928421971294391
"X30",-0.579995283385869
"X30",-0.87316990293917
"X30",-0.850703812694654
"X30",-0.406467182009919
"X30",-0.541294079751451
"X30",-0.0840246869100428
"X30",-0.697931619408902
"X30",-0.778746922720815
"X30",-0.51216106631918
"X30",-0.438147126667489
"X30",-1.2742484959133
"X30",-0.514542018818028
"X30",-0.575341706794811
"X30",-0.570086793014637
"X30",-0.0568599741400203
"X30",-0.691395494640093
"X30",-0.755045422756472
"X30",-0.686509141343443
"X30",-0.911916905474731
"X30",-1.31037436609342
"X30",-0.32716273073024
"X30",-0.757261944295106
"X30",-1.06040409460795
"X30",-0.532588028196541
"X30",-0.731369649062201
"X30",-0.814237013844552
"X30",-1.07550687323681
"X30",-1.19895982741305
"X30",-0.761761025463739
"X30",-0.591249238731399
"X30",-0.324693905290467
"X30",-1.08170761394548
"X30",-0.866437757266258
"X30",-0.755248352610641
"X30",-0.565273513025967
"X30",-1.3757217722163
"X30",-0.686628821126645
"X30",-0.473921077456515
"X30",-0.726697574821839
"X30",-0.659404173324542
"X30",-0.511361046941282
"X30",-0.0954319170794357
"X30",0.194064197295248
"X30",-0.720185271951512
"X30",-0.921604086353117
"X30",-0.769446960710124
"X30",-0.793073171140304
"X30",-0.730640064663028
"X30",-0.922580481734497
"X30",-0.674395206234263
"X30",-1.02624647179371
"X30",-0.154613001054453
"X30",-0.325895662124562
"X30",-0.339992504206377
"X30",-0.607754934718485
"X30",-0.94576023449134
"X30",-1.31387187280458
"X30",-1.11213216746082
"X30",-0.722353766662258
"X30",-0.71582573442722
"X30",-0.58362756846577
"X30",-0.599780117448349
"X30",-0.730215254449357
"X30",-0.90832004312186
"X30",0.00987194894530451
"X30",-0.681229871233434
"X30",-0.529770025694087
"X30",-0.894646311065147
"X30",-0.687575385442069
"X30",-0.262850377480037
"X30",-0.314809165341465
"X30",-0.982007146337667
"X30",0.19874288246058
"X30",-1.05648668860477
"X30",-0.900819407873375
"X30",-1.1371154917849
"X30",-1.0043848762356
"X30",-0.810518755372829
"X30",-0.568277722016485
"X30",-0.201570854614803
"X30",-0.522373027722995
"X30",-0.334936613227161
"X30",-1.15771310304253
"X30",-0.928079115849683
"X30",-0.710679178251174
"X30",-0.950655914218519
"X30",-0.437274427798404
"X30",-0.714780910605474
"X30",-1.24081733584139
"X30",-0.988354722707151
"X30",-0.614781365313544
"X30",-0.57135180517844
"X30",-0.936591201890623
"X30",-0.61041352896826
"X30",-0.720838187618384
"X30",-0.918208655443938
"X30",-0.75021719465704
"X30",-0.512433624190416
"X30",-0.416770570916878
"X30",-1.05085175539169
"X30",-0.825890243612508
"X30",-0.669061146776678
"X30",-0.540574431610989
"X30",-0.783803528182061
"X30",-0.989865835378471
"X30",-0.808649875601531
"X30",-0.599605188627112
"X30",-0.709381187330285
"X30",-0.958108807491759
"X30",-0.498012163888692
"X30",-0.651586349421122
"X30",-0.545248341732554
"X30",-1.03800327798819
"X30",-0.853156483052508
"X30",-0.584586936672831
"X30",-0.478167061052396
"X30",-0.299315514157871
"X30",-1.14646252533622
"X30",-0.580155323231876
"X30",-0.827664878141097
"X30",-0.782538847749376
"X30",-0.600158797156061
"X30",-0.533880331737767
"X30",-1.01924587114872
"X30",0.0612845041019793
"X30",-1.27271146229175
"X30",-0.158092210270315
"X30",-0.808048261064639
"X30",-0.861637319513538
"X30",-0.334082540696844
"X30",-0.388877689747139
"X30",-0.895915260599946
"X30",-1.42646553253378
"X30",-0.661992794245315
"X30",-0.765340999950676
"X30",-1.02230480333775
"X30",-0.851028748987301
"X30",-0.964041114755116
"X30",-0.842552155933221
"X30",-0.404189665608825
"X30",-0.395746726534548
"X30",-0.161562630556227
"X30",-0.420962106050296
"X30",-0.762583322718403
"X30",-0.889449587597059
"X30",-0.476575155309391
"X30",-1.43358193459876
"X30",-0.64057684231949
"X30",-0.552728171493031
"X30",-0.333053979831868
"X30",-0.953567482361993
"X30",-1.1764370068514
"X30",-0.619955279377694
"X30",-0.696753899388591
"X30",-0.826358566812166
"X30",-0.78675667071058
"X30",-0.667331818769002
"X30",-0.903428055168043
"X30",-0.0950756854097331
"X30",-0.421147723767492
"X30",-0.343415022119669
"X30",-0.347388049224392
"X30",-0.943981531756175
"X30",-0.686585049076178
"X30",-0.964871980236891
"X30",-0.415023360755345
"X30",-0.931522523543017
"X30",-0.559336199629327
"X30",-0.5564431626929
"X30",-0.564369945427869
"X30",-0.861099429971569
"X30",-0.488702626331834
"X30",-0.582342555048829
"X30",-0.329925711110658
"X30",-0.842152198836467
"X30",-0.279176491317013
"X30",-1.17429587183673
"X30",-1.06964498737361
"X30",-1.21970734483751
"X30",-0.228716603674816
"X30",-0.674950613615527
"X30",-0.798852689956072
"X30",-0.559177210014635
"X30",-0.827346765656582
"X30",-0.333898097922823
"X30",-1.3117320227626
"X30",-1.12053309130208
"X30",-0.66007534228896
"X30",-0.66320704068597
"X30",-0.898583951877246
"X30",-0.585947239115017
"X30",-0.424235833842589
"X30",-1.17340723645665
"X30",-0.633450945178648
"X30",-0.71347081678078
"X30",-0.40366067765601
"X30",-0.80150555225586
"X30",-1.06869963166161
"X30",-0.50709655985694
"X30",-0.18745894139722
"X30",-0.600102177708287
"X30",-0.521061403757839
"X30",-0.663919716792497
"X30",-0.696670459150278
"X30",-0.50918084770343
"X30",-0.455155715514076
"X30",-0.554511078374885
"X30",-1.43149468013331
"X30",-0.332458948524585
"X30",-0.651842814147518
"X30",-0.652494212984266
"X30",-0.991251888482635
"X30",0.0905669949376605
"X30",-0.154713084449741
"X30",-0.739062811293436
"X30",-0.617478196603422
"X30",-1.47485128858257
"X30",-0.966272505723924
"X30",-0.580767468754007
"X30",-1.10122012811855
"X30",-0.816699256710801
"X30",-0.817357057912622
"X30",-0.585951592007757
"X30",-0.729334563986042
"X30",-0.55828266643846
"X30",-0.366095823346517
"X30",-0.359460928840321
"X30",-0.987902219535787
"X30",-0.729265350432824
"X30",-0.303669096396344
"X30",-0.648611829480142
"X30",-0.609557363440042
"X30",-1.1440527966504
"X30",-0.445799613070943
"X30",-0.775938459067418
"X30",-0.417291791324462
"X30",-0.696067147820888
"X30",-0.610537659962871
"X30",-0.502850070696259
"X30",-1.13882854880161
"X30",-0.31070353180593
"X30",-0.572602883647166
"X30",-0.728469538507458
"X30",-0.847638875902503
"X30",-0.58404024458654
"X30",-0.918947765859418
"X30",-0.6746202350532
"X30",-0.56245946589591
"X30",-0.703911520311271
"X30",-0.32873777225293
"X30",-1.14195975134303
"X30",-0.407402608713801
"X30",-0.924353320373866
"X30",-0.490587781903389
"X30",0.0416758483507396
"X30",-0.8713412046687
"X30",-1.33625685401136
"X30",-0.85301721657522
"X30",-0.66688594611154
"X30",-0.667340536049125
"X30",-0.514363500886712
"X30",-0.517524342033121
"X30",-0.759622368330079
"X30",-0.469476714273415
"X30",-0.774635526814412
"X30",-0.61331295953576
"X30",-0.114530804258599
"X30",-1.1108012096643
"X30",-0.478773116837466
"X30",-1.25778687064671
"X30",0.355766293417573
"X30",-0.409617240321761
"X30",-0.564943193661627
"X30",-1.45348191701985
"X30",-0.767901413792102
"X30",-0.980504995861619
"X30",-1.31675904240494
"X30",-0.252208228864201
"X30",-0.863735876009347
"X30",-0.619488776837454
"X30",-0.51138010145219
"X30",-1.43878547242217
"X30",-0.556125836430884
"X30",-0.593437816757024
"X30",-0.232639846347706
"X30",-0.38737986958958
"X30",-0.27244923167053
"X30",-1.04639515713226
"X30",-1.77627171006193
"X30",-0.689616808179617
"X30",-0.717808711390393
"X30",-0.600431949444718
"X30",-0.442060366141388
"X30",-0.862067861349209
"X30",-0.849230975621904
"X30",-0.952795692491597
"X30",-0.982213756217707
"X30",-0.663786924145916
"X30",-0.58757084335584
"X30",-0.825906469780513
"X30",-0.529886816025317
"X30",-0.629293491723295
"X30",-0.605869925496319
"X30",-0.838406895409255
"X30",-0.254483366675106
"X30",-0.62116179335671
"X30",-0.501998917760162
"X30",-1.07518083483382
"X30",-0.403659487150225
"X30",-0.453272310070144
"X30",-0.210318392802377
"X30",-0.409038182977058
"X30",-0.566995997303859
"X30",0.365981144352721
"X30",-1.00398527950172
"X30",-0.730484260814246
"X30",-0.652492774048529
"X30",-0.700831060620215
"X30",-0.801009537027706
"X30",-1.06307980342817
"X30",-0.597526692545039
"X30",-0.468550562777237
"X30",-0.541424613762741
"X30",-0.621615515798145
"X30",-0.459519204714904
"X30",-0.520134980371565
"X30",-0.127964746175604
"X30",-0.399936088269686
"X30",-0.400038701380115
"X30",-1.1674471667226
"X30",-0.607121021084426
"X30",-0.379994821984426
"X30",0.134927324151993
"X30",-0.354322658212921
"X30",-0.671126796006202
"X30",-0.408130597162332
"X30",-0.598977816845379
"X30",-0.957688050436184
"X30",-0.702824531762931
"X30",-0.526178532135445
"X30",-0.46187816967129
"X30",-1.01718792512
"X30",-0.557549425633616
"X30",-0.960466232433634
"X30",-0.581650660639785
"X30",-0.448034152228009
"X30",-1.1030104972257
"X30",-0.784057536745688
"X30",-0.517075825996352
"X30",-0.767293689835043
"X30",-0.763352586998937
"X30",-0.558368882005211
"X30",-0.545947657306836
"X30",-1.52542823840397
"X30",-0.543287720575972
"X30",-0.725747718175369
"X30",-0.727095685330112
"X30",-0.619162911084737
"X30",-0.403772194246788
"X30",-1.06631541037388
"X30",-1.47525216370929
"X30",-1.14903788055577
"X30",-1.16056848516343
"X30",-0.648530158083064
"X30",-0.658387545399893
"X30",-0.419514762722915
"X30",-1.02443313540763
"X30",-0.487698150051963
"X30",-0.457573310341537
"X30",-0.53831525548934
"X30",-0.787252794922204
"X30",-0.870179205871002
"X30",-1.83258146374831
"X30",-0.600071653791642
"X30",-0.549407655709062
"X30",-0.556068959670845
"X30",-1.00406087620539
"X30",-0.689482052317436
"X30",-0.788660059280828
"X30",-0.777137845506567
"X30",-0.480822233130272
"X30",-0.470401130246034
"X30",-0.843698348604939
"X30",-0.886712704371555
"X30",-1.07856049871125
"X30",-0.421010476543771
"X30",-0.535713086983822
"X30",-0.264242811617824
"X30",-0.415473775103228
"X30",-1.09030208528688
"X30",-0.737819471225589
"X30",-0.725322746738433
"X30",-0.494326147262795
"X30",-0.291135123670006
"X30",-0.69989965898483
"X30",-1.20532024419524
"X30",-0.360024617684159
"X30",-0.351006538179341
"X30",-0.641014705263621
"X30",-0.792751471833107
"X30",-0.78893290052512
"X30",-0.893820160274449
"X30",-0.241343549450074
"X30",-1.34684792130578
"X30",-0.915810325823801
"X30",-0.876850581623564
"X30",-0.762763182904076
"X30",-0.442401120254302
"X30",-0.768153031839403
"X30",-1.18301244274788
"X30",-0.736562002370714
"X30",-0.748967086067711
"X30",-0.694078764884029
"X30",-0.356983147180331
"X30",-0.822457748237309
"X30",-0.475892015166766
"X30",-0.602401994248331
"X30",-0.729976830020192
"X30",-0.763541672633464
"X30",-1.09759636891045
"X30",-1.51706134578646
"X30",-0.204408873895296
"X30",-0.633137318249219
"X30",-0.760200745561352
"X30",-1.17687604864997
"X30",-0.664973281878453
"X30",-0.827168936260566
"X30",-1.83258146374831
"X30",-0.521296825215446
"X30",-0.592128427490325
"X30",-0.927228746427561
"X30",-0.708960901133385
"X30",-0.778181421243623
"X30",-1.83258146374831
"X30",-0.927403020572836
"X30",-0.481518494297778
"X30",-0.584032930088623
"X30",-0.300313502828348
"X30",-0.185456538191462
"X30",-0.857256614666723
"X30",-0.403743046700106
"X30",-0.531004188833963
"X30",-1.18028037918226
"X30",-0.871736520096991
"X30",-0.870018774126817
"X30",-0.373776867753523
"X30",-0.740981431338852
"X30",-0.435779484379808
"X30",-0.375925513251572
"X30",-1.10131912318993
"X30",-0.38608959150288
"X30",-0.677387136360073
"X30",-1.11268962382585
"X30",-1.09396087183843
"X30",-0.609134444999281
"X30",-0.781838818795643
"X30",-0.586342116734172
"X30",-0.328214958580357
"X30",-0.803866124808658
"X30",-0.629671516951073
"X30",-0.394166822652128
"X30",-0.508144783976744
"X30",-0.784656702355754
"X30",-1.0835747123974
"X30",-0.78545362751071
"X30",-0.774122708266801
"X30",-0.369533860037097
"X30",-0.483176865792593
"X30",-0.52094573163716
"X30",-0.427146398120311
"X30",-0.987351709154565
"X30",-0.352566650849308
"X30",-0.738569627204389
"X30",-0.745964747477985
"X30",-1.83258146374831
"X30",-1.04753631920085
"X30",-0.969959531762106
"X30",-0.816361830346486
"X30",-0.844267939849621
"X30",-1.53075005061242
"X30",-0.49971433111044
"X30",-0.367759025979363
"X30",-0.957014223574616
"X30",-0.337660866140367
"X30",-0.44254480329688
"X30",-0.43334914487473
"X30",-0.386884641242918
"X30",-1.29901120743854
"X30",-1.02920565108119
"X30",-0.465650394284251
"X30",-0.695321742673141
"X30",-0.642638967509624
"X30",-0.74227368254002
"X30",-0.318039996509745
"X30",-0.949367575718246
"X30",-0.726715269327695
"X30",-0.75869299392929
"X30",-0.387592583693391
"X30",-0.546763914432163
"X30",-0.681815898553343
"X30",-0.77148101242044
"X30",-0.210440857542119
"X30",-1.28705631315077
"X30",-0.711074784446004
"X30",-0.489831181450886
"X30",-0.497472403407992
"X30",-1.483800668117
"X30",-0.433872418347996
"X30",-0.390569926602033
"X30",-1.29750555436108
"X30",-0.95106668995761
"X30",-0.682856761357264
"X30",-0.931549066375286
"X30",-0.32303637611819
"X30",-0.544368865161416
"X30",-0.732391698111552
"X30",-0.74612535756733
"X30",-0.612687055119047
"X30",-0.358913807480449
"X30",-1.39438169286745
"X30",-0.677678560040587
"X30",-0.483030263733686
"X30",-0.481260560664826
"X30",-0.844458589611701
"X30",-0.770878489059326
"X30",-0.76972201787053
"X30",-0.6797190265148
"X30",-1.43566764060112
"X30",-0.477299911989768
"X30",-0.492197093123596
"X30",-0.404365130439867
"X30",-0.658429939947638
"X30",-0.412039136099544
"X30",-0.370881656309515
"X30",-0.385480870927043
"X30",-1.56907360565128
"X30",-0.0816903820923914
"X30",-0.348644658342737
"X30",-0.560254358688657
"X30",-0.6702898938933
"X30",-0.564458631545899
"X30",-0.691496737664689
"X30",-0.64067715557912
"X30",-1.21526750663456
"X30",-0.715932764031448
"X30",-0.570063115492649
"X30",-0.362881699099862
"X30",-0.655130671311681
"X30",-0.214059916038162
"X30",-0.609800888357011
"X30",-0.848757444795983
"X30",-0.463121771207444
"X30",-0.815402257874258
"X30",-0.746252061808438
"X30",-0.990658780854272
"X30",0.864292633811204
"X30",-0.866971168382633
"X30",-0.585415192687553
"X30",-0.731635048127603
"X30",-0.306755112435878
"X30",-1.65170336623836
"X30",-1.83258146374831
"X30",-0.493801908482677
"X30",-0.320023890963635
"X30",-1.04009958094374
"X30",0.0678778571330904
"X30",-0.669626064651082
"X30",-0.205864117907719
"X30",-0.919144712296368
"X30",-0.972794095930775
"X30",-0.64228530316131
"X30",-0.154126803071148
"X30",-0.771442371694715
"X30",-0.686530047477029
"X30",-0.901258266344795
"X30",-0.322302674000153
"X30",-1.04130981183761
"X30",-0.76972366495615
"X30",-0.745180638717445
"X30",-1.16216688653352
"X30",-0.627269916613717
"X30",-0.787727927103203
"X30",-0.674930045158635
"X30",-0.759415434099408
"X30",-0.616867909864072
"X30",-0.435869707922151
"X30",-1.31331197582457
"X30",-1.46567469171844
"X30",-0.412306732513457
"X30",-0.870106539693453
"X30",-0.72438832623492
"X30",-0.609379963365366
"X30",-0.738679610780226
"X30",-0.435571628086826
"X30",-1.1725063521719
"X30",-0.497230826870424
"X30",-0.48476256233803
"X30",-0.559062151438938
"X30",-0.613446569500476
"X30",-1.49849812737084
"X30",-0.676847646249237
"X30",-1.02432039827282
"X30",-0.991803643595984
"X30",-1.25507217715482
"X30",-0.735140102782212
"X30",-0.746808302752247
"X30",-0.435623427934239
"X30",-0.988714097734538
"X30",-0.271945993650562
"X30",-1.18027071697378
"X30",-0.943311388473808
"X30",-0.876658135788209
"X30",-0.934238313630603
"X30",-0.174148729639376
"X30",-1.0014258295966
"X30",-0.644223846209955
"X30",-0.535280508601896
"X30",-0.212117059451325
"X30",-0.468164739600822
"X30",-0.812073696484189
"X30",-0.761872600440154
"X30",-0.297712650673806
"X30",-1.15659474222551
"X30",-1.25653791504277
"X30",-0.422928638282865
"X30",-0.791319192795134
"X30",-0.553146290894438
"X30",-0.538606175964184
"X30",-1.04367280880043
"X30",-0.521251529982185
"X30",-0.936150151675207
"X30",-0.158092210270315
"X30",-0.725827993042667
"X30",-0.842499726051321
"X30",-0.591355140989044
"X30",-0.866505811468116
"X30",-0.716448938866527
"X30",-0.730477462913069
"X30",-0.881044173831414
"X30",-0.760852961555973
"X30",-0.82908611257671
"X30",-0.988862864687994
"X30",-0.451223408981911
"X30",-0.592062557558098
"X30",-0.878621544128883
"X30",-0.83080250197304
"X30",0.132314081766084
"X30",-0.492474533111506
"X30",-0.489195850948977
"X30",-0.428178831560396
"X30",-0.681550437208245
"X30",-0.531938103973879
"X30",-0.588745129683229
"X30",-0.638559274720824
"X30",-1.02545807153676
"X30",-0.760113984439658
"X30",-0.637153731372587
"X30",-0.554174091231248
"X30",-0.624400618190289
"X30",-0.820335782404329
"X30",-1.83258146374831
"X30",-0.337673220086828
"X30",0.489605160069283
"X30",-0.540521376885117
"X30",-0.537654158006011
"X30",-0.509993404777944
"X30",-0.784981063211112
"X30",-0.317315042814266
"X30",-0.697172632366373
"X30",-0.652098866763172
"X30",-0.783916091799407
"X30",-0.958527992948964
"X30",-0.911625879346403
"X30",-0.715693429221427
"X30",-1.04695391247002
"X30",-0.667713855513814
"X30",-0.956091694684839
"X30",-0.829485624339676
"X30",-0.823296184133054
"X30",-0.997705912702959
"X30",-0.287896609981325
"X30",-0.799186176515378
"X30",-0.653927565206731
"X30",-0.929177838362077
"X30",-0.381944016515284
"X30",1.0717074
"X30",-0.540893613027364
"X30",-0.506582907697225
"X30",-0.432510879507941
"X30",-0.930309186553923
"X30",-0.805481258608215
"X30",-0.454356877663616
"X30",-0.188337779015466
"X30",-1.22277949613805
"X30",-0.610366786084854
"X30",-0.466375180778129
"X30",-0.148668442019197
"X30",-0.737851566947076
"X30",-0.622872987386228
"X30",-0.496505724424242
"X30",-0.640133050462642
"X30",-0.86392640382324
"X30",-0.240179644546912
"X30",-0.655581581676591
"X30",-0.5913015643177
"X30",-0.802153859726788
"X30",-0.436433654743287
"X30",-0.38607367409115
"X30",-0.273014252695029
"X30",-1.1587943920873
"X30",-0.510804099647532
"X30",-0.594847087503568
"X30",-0.698830452583817
"X30",-0.541466201508699
"X30",-0.149267501376361
"X30",-0.786551352223539
"X30",-1.83258146374831
"X30",-0.217812600364397
"X30",-1.12854549973765
"X30",-0.442166383314841
"X30",-0.723231825120081
"X30",-0.497882544090422
"X30",-0.562952949990588
"X30",-1.03248160787318
"X30",-0.911324128417537
"X30",-0.729697667035844
"X30",-0.77043205174298
"X30",-0.704028714916032
"X30",-0.824236698907793
"X30",-0.672334276096655
"X30",-0.491034982943475
"X30",-0.236396623992186
"X30",-0.507968355674476
"X30",-0.552581345812391
"X30",-0.452390638719229
"X30",-0.651738544759396
"X30",-0.412584774332721
"X30",-1.16369854343756
"X30",-0.415962374109611
"X30",-1.27703803971608
"X30",-0.924346099888801
"X30",-0.602176082793342
"X30",-0.451512267962913
"X30",-0.95098963155081
"X30",-1.50119646163607
"X30",-0.604729814500725
"X30",-0.571035476945196
"X30",-0.640419275568992
"X30",-1.46367107632155
"X30",-1.66260108961509
"X30",-0.809989690829728
"X30",-1.17225277679956
"X30",-0.494284695914847
"X30",-0.600808281585794
"X30",-0.603000507308569
"X30",-0.534046684384352
"X30",-0.469218110103292
"X30",-0.307724825330175
"X30",-0.98486937696836
"X30",-0.290948062682214
"X30",-1.14203395993366
"X30",-0.538287078282873
"X30",-0.757884450936332
"X30",-0.123471815313355
"X30",-1.55439460191537
"X30",-1.35092846352969
"X30",0.289761590772092
"X30",-0.412982761456133
"X30",-0.618314971624276
"X30",-0.831973824281811
"X30",-0.839987541557693
"X30",-0.403612314130271
"X30",-0.537838697658382
"X30",-1.63358960152873
"X30",-0.273978063359186
"X30",-0.654125735110921
"X30",0.226797409127485
"X30",-0.536764921127797
"X30",-1.26108237774827
"X30",-0.41444090209261
"X30",-0.438430571739066
"X30",-0.335754967844781
"X30",-0.541806481359861
"X30",-0.447562149034225
"X30",-0.731382227552403
"X30",-1.176053253235
"X30",-1.10656730026239
"X30",-1.13423478873816
"X30",-0.710193999845598
"X30",-0.605620228353028
"X30",-0.313484459885115
"X30",-0.335551426846579
"X30",-1.22932061827483
"X30",-0.604195427301146
"X30",-1.37324528465212
"X30",-0.918447090277948
"X30",-0.68073778686203
"X30",-0.261330494324777
"X30",-0.510406732550508
"X30",-1.18452312139558
"X30",-1.0907592869527
"X30",-1.52855184177575
"X30",-0.820340989340407
"X30",-0.380867208579778
"X30",-0.332677803778894
"X30",-0.497443436139271
"X30",-0.380771014610499
"X30",-0.340259811644041
"X30",-0.865075020913529
"X30",-0.285491442629357
"X30",0.0423831313237575
"X30",-0.777091363774952
"X30",-0.511646868129869
"X30",-1.1640427063908
"X30",-1.27525033329964
"X30",-0.926369749575318
"X30",-0.396963954221164
"X30",-0.086912809897079
"X30",-0.960817006779469
"X30",-0.39472514845532
"X30",-0.227584584372544
"X30",-0.851726541367589
"X30",-1.19550034300017
"X30",-0.302617779002639
"X30",-1.27923723588179
"X30",-0.455212180303075
"X30",-0.822057688085884
"X30",-0.895617457516617
"X30",-0.570508762126585
"X30",-1.45480444041488
"X30",-0.393780700687971
"X30",-0.857018621202891
"X30",-0.717935825772666
"X30",-1.0057245936477
"X30",-0.634733069724954
"X30",-0.602770237050261
"X30",-0.682359120095011
"X30",-0.472928835337073
"X30",-0.991244470209656
"X30",-1.41205675001957
"X30",-0.489370935000146
"X30",-0.185128485364808
"X30",-0.436881912841693
"X30",-1.01299789126239
"X30",-0.516271802313465
"X30",-0.526837080040614
"X30",-0.62920696181964
"X30",-0.254731703372436
"X30",-0.354189522291447
"X30",-0.392927743344232
"X30",-0.652831555646296
"X30",-0.632315068525886
"X30",-0.825044598614129
"X30",-0.747650745957856
"X30",-0.452349753986134
"X30",-0.511906519420353
"X30",-0.241124621783943
"X30",-0.531029804557298
"X30",-1.05709595908326
"X30",-1.06933278986954
"X30",-0.488686855920596
"X30",-0.722539811575621
"X30",-0.486706604891872
"X30",-0.902215053442247
"X30",-1.20370044520564
"X30",-0.489680297868327
"X30",-0.54055477509676
"X30",-0.581885177096106
"X30",-0.70799700658607
"X30",-0.53423001771186
"X30",-0.38428172847792
"X30",-1.54734110032992
"X30",-1.36706582752354
"X30",-0.736894271356909
"X30",-0.960998152340556
"X30",-0.321952194115689
"X30",-0.992604432407105
"X30",-0.972531220633297
"X30",-0.945781656582497
"X30",-0.601355986678073
"X30",-0.644886689527664
"X30",-0.480462372238493
"X30",-0.449220076352273
"X30",-0.8423957555795
"X30",-0.617178800661068
"X30",-0.412921411614698
"X30",-0.577353790809181
"X30",-0.457119039783302
"X30",-0.112979349274967
"X30",-0.749500906133604
"X30",-0.746023829682045
"X30",-1.16902266862672
"X30",-0.598646275320236
"X30",-0.843493136209552
"X30",-0.913717963873575
"X30",-0.44550968506115
"X30",-0.438277580622617
"X30",-0.686433767048668
"X30",-1.03497007629523
"X30",-0.485004884360058
"X30",-0.386335985438269
"X30",-0.473973063588075
"X30",-0.73364224003798
"X30",-0.513254898804672
"X30",-0.682106145557327
"X30",-0.736018078863331
"X30",-0.84350954755296
"X30",-0.542215657011903
"X30",-0.437868105545525
"X30",-0.138937389020373
"X30",-0.46453062492629
"X30",-1.06091819676402
"X30",-1.13838320029423
"X30",-1.12389341355802
"X30",-0.71328820539787
"X30",-0.660608130360147
"X30",-0.87587459754226
"X30",-0.489121444596288
"X30",-0.712623792385035
"X30",-0.777372313068911
"X30",-1.14559328333896
"X30",-0.653521504543244
"X30",-0.374053866763655
"X30",-0.619024786906404
"X30",-1.37206469308222
"X30",-0.581964626800308
"X30",-0.750442579397172
"X30",-0.553427725848261
"X30",-0.266740607505534
"X30",-0.884472102730937
"X30",-0.853558024415617
"X30",-0.759693907835742
"X30",-1.02024340732783
"X30",-0.40240733618391
"X30",-0.917097855420479
"X30",-0.665841405086181
"X30",-0.615530996146753
"X30",-0.218132353369054
"X30",-0.621078201876687
"X30",-0.704250236704654
"X30",-0.92324187435908
"X30",-0.606936316092372
"X30",-0.98593862638387
"X30",-1.07458107062915
"X30",-0.799943410146601
"X30",-0.452912437687326
"X30",-1.70418016292262
"X30",-0.277099623639455
"X30",-1.04838636425915
"X30",-0.996959837613279
"X30",-0.753612736993073
"X30",-0.808247377463959
"X30",-0.709603053645845
"X30",-0.779462258138792
"X30",-0.634198836470251
"X30",-0.36014444074553
"X30",-0.523790245478119
"X30",-0.537192822599958
"X30",-0.868321204768344
"X30",-0.905323061158881
"X30",-1.08959801722894
"X30",-0.646485887191241
"X30",-0.606513654486729
"X30",-0.429823461486914
"X30",-0.688874611788313
"X30",-0.823805797409431
"X30",-0.778703284620577
"X30",-1.83258146374831
"X30",0.0703689462186532
"X30",-0.285635986187527
"X30",-0.426876846504328
"X30",-0.78954981807851
"X30",-0.513666669062803
"X30",-0.522979662278793
"X30",-0.696296692824494
"X30",-0.753075070400614
"X30",-0.725483396353963
"X30",-0.587471237485446
"X30",-0.650169316557476
"X30",-0.68772967997335
"X30",-0.454316619732151
"X30",-0.815782805911163
"X30",-0.766122291787652
"X30",-0.232074288240821
"X30",-0.613177831777859
"X30",0.0823567304043351
"X30",-0.700476095970556
"X30",-0.709786334947618
"X30",-0.822759959447914
"X30",-0.56620113692002
"X30",-0.581925607324925
"X30",-0.693511102123279
"X30",-0.477237225491157
"X30",-1.05582957772444
"X30",-0.417682841552885
"X30",-1.01277943649778
"X30",-0.762339339845224
"X30",-0.503349558088096
"X30",-1.15505025469139
"X30",-0.321257253957133
"X30",-0.662534303943262
"X30",-1.11151242484368
"X30",-0.657646946970344
"X30",-0.571087813942037
"X30",-0.470014149463976
"X30",-0.654886382417835
"X30",-0.928870804671064
"X30",0.0209721866292178
"X30",-0.600976324403483
"X30",-0.56689543412497
"X30",-1.27114740537038
"X30",-0.848778981020465
"X30",-0.724810089180751
"X30",-1.04858440756042
"X30",-0.322793810500711
"X30",-0.695685841252943
"X30",-0.681748193116936
"X30",-0.338117524127571
"X30",-0.471850871222766
"X30",-0.80516473945972
"X30",-0.463991845962646
"X30",-0.985121621973007
"X30",-0.652366907982373
"X30",-0.685077189285116
"X30",-1.03174812469512
"X30",-0.931863835171477
"X30",-1.03984805385188
"X30",-1.07292860341241
"X30",-0.622500489220695
"X30",-1.03689850809287
"X30",-0.430663945247903
"X30",0.314089117897983
"X30",-0.45708732763521
"X30",-0.696391331581134
"X30",-0.606804225685345
"X30",-1.12178440518072
"X30",-0.74030482279667
"X30",-0.593319753981813
"X30",-0.067180656391051
"X30",-0.510655159565588
"X30",-0.553618063610784
"X30",-0.235507735246013
"X30",-0.3777270650316
"X30",-0.372557108301638
"X30",-1.83258146374831
"X30",-0.120255871274112
"X30",-0.914585632909014
"X30",-0.890376288078017
"X30",-0.662225858974079
"X30",-0.790848082103192
"X30",0.112510089591903
"X30",-0.652950310449143
"X30",-0.308000692755294
"X30",-0.655472851368046
"X30",-0.644235442250298
"X30",-0.649364861713252
"X30",-0.539245542854281
"X30",-0.535625927214694
"X30",-0.57309950962862
"X30",-0.807572446661884
"X30",-0.743993339178065
"X30",-0.790266451551674
"X30",-0.706896649452375
"X30",-0.673790996427537
"X30",-0.453184320240461
"X30",-0.631839904665412
"X30",-0.915908937553443
"X30",-1.51955943081567
"X30",-0.632684012029951
"X30",-0.779045336857855
"X30",-0.556097406805025
"X30",-0.525961078480499
"X30",-1.08473215065526
"X30",-1.01117807711316
"X30",-1.24700631316169
"X30",-0.471611677179208
"X30",-0.772003681948173
"X30",-0.99374806828371
"X30",-1.4518988012338
"X30",-0.0172532217476451
"X30",-1.07351033368043
"X30",-0.358985300082201
"X30",-0.3612894535748
"X30",-0.745712719695397
"X30",-0.627380119368151
"X30",-1.01592797612083
"X30",-0.645149093620829
"X30",-0.487376954234587
"X30",-0.828290053308486
"X30",-1.07604585650938
"X30",-1.33543843268231
"X30",-0.446154275170777
"X30",-0.4610412092687
"X30",-0.53887596575853
"X30",-0.631042450564771
"X30",-1.11024970336561
"X30",-0.42762163619503
"X30",-0.537862431776026
"X30",-0.697706704960328
"X30",-0.446303609517331
"X30",-0.732090787569866
"X30",-0.593187669148639
"X30",-0.463984588812525
"X30",-0.570197384947537
"X30",-0.880183647242
"X30",-0.314617764785026
"X30",-0.523376105262795
"X30",-0.695690363593336
"X30",-0.919212867699914
"X30",-1.55198246989422
"X30",-0.300178992180343
"X30",-0.496915571269823
"X30",-1.32828659075436
"X30",-1.74649852709096
"X30",-0.771578697908361
"X30",-0.821772295709162
"X30",-0.122036542756214
"X30",0.314644922701294
"X30",-1.01224356398843
"X30",-0.38883657426062
"X30",-0.261846614142366
"X30",-0.326724539607479
"X30",-0.431534311845486
"X30",-0.796220977280535
"X30",-0.6929439499656
"X30",-0.662805218110571
"X30",-1.29727849524175
"X30",-1.42600941205152
"X30",-0.376192856990017
"X30",-0.319098607954866
"X30",-0.982573698117069
"X30",-0.814746023370762
"X30",-0.737186433133318
"X30",-0.950015774599959
"X30",-0.370829973520865
"X30",-0.602894867758271
"X30",-1.11266769659748
"X30",-0.718598914925517
"X30",-0.324510477569008
"X30",-0.732011481104272
"X30",-0.381386301164025
"X30",-0.945197983767095
"X30",-0.636617743611406
"X30",-0.478087521666695
"X30",-0.513886714913503
"X30",-0.992355605401232
"X30",-0.63102702797561
"X30",-0.531236457575398
"X30",-0.365078537669343
"X30",-0.515545740502291
"X30",-0.100263124591387
"X30",-0.475141558644655
"X30",-0.820649766960223
"X30",-0.736270985826637
"X30",-0.659820932605782
"X30",-0.484862117416013
"X30",-0.382841231170448
"X30",-1.14043451231307
"X30",-0.367250501902057
"X30",-0.513513408821708
"X30",-0.866895062385101
"X30",-1.28405311633094
"X30",-0.716988416258487
"X30",-0.763662526702722
"X30",-0.746329488774143
"X30",-0.480390775425741
"X30",-0.279894596708562
"X30",-0.456761728845931
"X30",-0.389503855602888
"X30",-0.534606904060507
"X30",-0.50177246929194
"X30",-0.706121982776429
"X30",-0.755461559217182
"X30",-1.18526869453529
"X30",-1.16327331444359
"X30",-0.513574244035372
"X30",-0.760583663779094
"X30",-0.405065865870113
"X30",-0.461551904503339
"X30",-0.345014224737273
"X30",-0.867985117008589
"X30",-0.500308940783818
"X30",-0.464152421653857
"X30",-0.899670846641041
"X30",-1.16991863269836
"X30",-0.277605072106934
"X30",-0.906230367732815
"X30",-0.0575621706011409
"X30",-0.822378989710327
"X30",-0.681545289746295
"X30",-1.18858518646807
"X30",-0.37132969588871
"X30",-0.0726249012878195
"X30",-0.88748793213699
"X30",-1.01504385352152
"X30",-0.510768005711964
"X30",-0.810219598930013
"X30",-1.08811958286281
"X30",-0.485712078684874
"X30",-0.515545315601039
"X30",-0.654702780203494
"X30",-1.0717367098626
"X30",-0.762698126300455
"X30",-0.81400945957202
"X30",-0.415987858220201
"X30",-0.858507550727693
"X30",-0.463920253128912
"X30",-0.875947756975767
"X30",-0.961818059866132
"X30",-1.08428722366922
"X30",-1.83258146374831
"X30",-0.474846824205311
"X30",-0.754151404607493
"X30",-0.617888632758816
"X30",-0.61764322033778
"X30",-0.253251278457187
"X30",-0.401098217073581
"X30",-0.176790377494163
"X30",-0.997117524977765
"X30",-0.955777064490085
"X30",-0.730790741477068
"X30",-0.826911778424921
"X30",-0.566304281034815
"X30",-0.822338529222306
"X30",-0.826183300274256
"X30",-0.634884021882104
"X30",-0.439401257611214
"X30",-0.6520088989404
"X30",-0.421045142396876
"X30",-0.278182638563948
"X30",-0.248436716297392
"X30",-0.208141320674513
"X30",-0.654426646240417
"X30",-1.57601196707397
"X30",-1.83258146374831
"X30",-0.824165642614393
"X30",-0.588018843072146
"X30",-0.431753358968439
"X30",-0.611532757672658
"X30",-0.882789455673728
"X30",-0.298192131103728
"X30",-1.13474833298747
"X30",-0.884437818150347
"X30",0.101573722803366
"X30",-0.652966643372845
"X30",-0.527116181656079
"X30",-0.60301008529178
"X30",-0.197545590559893
"X30",-0.680604252496749
"X30",-1.11288523536827
"X30",-0.462675671736452
"X30",-0.551335273573842
"X30",-0.406804448410952
"X30",-0.784017028262833
"X30",-0.506096502814432
"X30",-1.83258146374831
"X30",0.135727729722601
"X30",-1.56080302113906
"X30",-1.26267795979053
"X30",-0.827742958566797
"X30",-0.552774813847656
"X30",-0.604402984303947
"X30",-0.668808837578408
"X30",-0.555566189501288
"X30",-0.489825867521311
"X30",-0.590178051128301
"X30",-0.800105296121091
"X30",-0.272457133662321
"X30",-0.12998834507041
"X30",-0.547989414295761
"X30",-0.934152219510002
"X30",-0.972535272519838
"X30",-1.08369835996665
"X30",-0.897644588426588
"X30",-1.27334343773675
"X30",-0.6922982959649
"X30",-0.795680873278882
"X30",-0.723180988886154
"X30",-1.46832429686105
"X30",-0.240589501778657
"X30",-0.970338922675431
"X30",-0.606471306985704
"X30",-0.918099723044678
"X30",-0.988689325360522
"X30",-0.690612038672601
"X30",-0.862158411585228
"X30",-0.755101540948974
"X30",-0.552454783999915
"X30",-0.396782677330008
"X30",-1.02068706123602
"X30",-1.02052339446512
"X30",-0.698499405586711
"X30",-0.774932175484798
"X30",-0.792743639897703
"X30",-0.879425139168205
"X30",-0.737199353145241
"X30",-0.710073736453815
"X30",-1.78843509055636
"X30",-0.513190177510613
"X30",-0.780968474445472
"X30",-0.375187770301642
"X30",-0.2457132129389
"X30",-0.391907227449945
"X30",-0.443082763740526
"X30",-0.798503236136749
"X30",-1.58604724859386
"X30",-0.819149926605292
"X30",-0.913672746235483
"X30",-0.797522574981282
"X30",-1.10234574762129
"X30",-0.828178517107867
"X30",-0.469417413835052
"X30",-0.929474549583558
"X30",-0.455708872157844
"X30",-0.649170076459313
"X30",-0.695558366820041
"X30",-0.438694614891214
"X30",-0.79999902287378
"X30",-0.49772113415948
"X30",-1.00692047876375
"X30",-0.28074923811719
"X30",-0.803688806017134
"X30",-0.754357548464557
"X30",-0.612363174513479
"X30",-0.873807880532419
"X30",-0.275661846915437
"X30",-0.428003431669038
"X30",-0.34959787583686
"X30",-0.61485680081192
"X30",-0.259596933920819
"X30",-0.463952647313385
"X30",-0.607138574900516
"X30",-0.963024446883146
"X30",-0.294708527153528
"X30",-0.593093214684489
"X30",-0.686521575893082
"X30",-0.696226974634924
"X30",-0.699150433172428
"X30",-0.902953447352053
"X30",-0.452480103078934
"X30",-0.780499920930853
"X30",-1.155692969038
"X30",-1.08770662060357
"X30",-0.352996699649687
"X30",-0.795245355120511
"X30",-0.779531511277778
"X30",-0.987961044041569
"X30",-0.567302420452779
"X30",0.671174476615884
"X30",-0.849402300579231
"X30",-1.4735746996064
"X30",-0.655908058214327
"X30",-0.654418162740091
"X30",-1.02152143002099
"X30",-0.766445050731894
"X30",-0.935139840768721
"X30",-1.57072789566433
"X30",-0.951224096905701
"X30",-0.854314126172838
"X30",-0.479151731993608
"X30",-0.216516562931877
"X30",-0.744088000261875
"X30",-0.423609814650729
"X30",-1.01966189800796
"X30",-0.413401512619419
"X30",-1.04805803277691
"X30",-1.51200820497964
"X30",-0.695995981276316
"X30",-0.0743597362728826
"X30",-0.25018945662052
"X30",-0.542044133635108
"X30",-0.819823101748783
"X30",-0.488039170893656
"X30",-0.784645860782089
"X30",-0.85427087712692
"X30",-0.6456245339031
"X30",-0.672372217221986
"X30",-0.559467883690851
"X30",-0.511139405270898
"X30",-0.650705662777699
"X30",1.07193114083905
"X30",-0.715153878604503
"X30",-0.482546400706746
"X30",-0.420363508281533
"X30",-0.769923874873651
"X30",-0.926098640293364
"X30",-1.11363639052088
"X30",-0.920170291070673
"X30",-1.06241615732333
"X30",-0.371632738253506
"X30",-0.781513162347287
"X30",-0.500967495319762
"X30",-0.400133013024785
"X30",-0.848140318371395
"X30",-0.72773527880235
"X30",-0.136727824238423
"X30",-0.678780700214719
"X30",-0.773155821829072
"X30",-0.427683927727265
"X30",-0.648518530385082
"X30",-0.20655793665978
"X30",-0.863688888226488
"X30",-0.585984042526677
"X30",-0.838224106837303
"X30",-1.17287349818573
"X30",-0.706647323537104
"X30",-0.553178115528395
"X30",-0.537802673096947
"X30",-0.350535140478407
"X30",-0.522484014426829
"X30",-0.36945212592275
"X30",-0.703089829056348
"X30",-0.458002014106456
"X30",-0.903556880200154
"X30",-0.20519637310419
"X30",-1.03397582996383
"X30",-0.520756092450292
"X30",-0.588185342056227
"X30",-0.702794497079734
"X30",-0.636589890861916
"X30",-0.726421957081219
"X30",-0.327090863328862
"X30",-0.450223793228636
"X30",-0.590230118766778
"X30",-0.571010959524411
"X30",-0.770957425957373
"X30",-0.623116839862025
"X30",-0.397037503268222
"X30",-0.692884462180704
"X30",-0.56092156302355
"X30",-1.09418644761273
"X30",-0.961744007009465
"X30",-0.853988204803631
"X30",-0.351906885493319
"X30",-1.0294869852651
"X30",-0.76543864266358
"X30",-0.638871169134217
"X30",-0.443961362302006
"X30",-0.316350580398643
"X30",-0.603238671731144
"X30",-0.652951432029851
"X30",-1.01670869445035
"X30",-0.456752599439783
"X30",-0.967569706316742
"X30",-0.935034778576686
"X30",-1.02039488396228
"X30",-0.51322404423557
"X30",-0.353503367991563
"X30",-0.466205604353281
"X30",-1.03273648258001
"X30",-0.399231347597082
"X30",-0.794203388531696
"X30",-0.691071090004323
"X30",-0.659802275585028
"X30",-0.380689829596519
"X30",-0.598219084700117
"X30",-1.0096420824537
"X30",-0.834413048320221
"X30",-0.182350366384128
"X30",-0.352486465077552
"X30",-1.04341454459391
"X30",-0.907374287040849
"X30",-0.964484468401187
"X30",-0.975454278086132
"X30",-0.518830104751935
"X30",-0.946468275101981
"X30",-0.923951330597736
"X30",-0.444090571864723
"X30",-0.993718832110331
"X30",-0.383123021038733
"X30",-0.820193076775287
"X30",-0.492638194841057
"X30",-0.971993476132923
"X30",-0.186556283959632
"X30",-0.647218957227719
"X30",-0.465161453928802
"X30",-0.601926146495727
"X30",-0.386390870222743
"X30",-0.859582931815259
"X30",-0.731757994459814
"X30",-0.250070844433263
"X30",-0.478960466132638
"X30",-1.37082991855033
"X30",-0.689656316580623
"X30",-0.554186935186464
"X30",-0.304960640497888
"X30",-0.416778854940426
"X30",-0.655833364412368
"X30",-0.296594802551582
"X30",-0.96771955035282
"X30",-1.15525497521916
"X30",-0.228475944597265
"X30",-0.532433802914922
"X30",-0.697245365743756
"X30",-0.91541574336948
"X30",0.0506241036308278
"X30",-0.676277486145192
"X30",0.323233510763769
"X30",-0.695786774441696
"X30",-0.683209348301209
"X30",-0.923188240292837
"X30",-0.587531881597922
"X30",-0.883928325275433
"X30",-0.484050545341439
"X30",-0.972885989418551
"X30",-0.124414529027368
"X30",-0.199069045470305
"X30",-0.957191899776826
"X30",-0.694536996598432
"X30",-0.385274409272799
"X30",-0.422958201448276
"X30",0.765859966347196
"X30",-1.56632384929445
"X30",-0.6113365148354
"X30",-1.74398981222771
"X30",-0.514004705980821
"X30",-0.492820562781962
"X30",-1.13110098140117
"X30",-0.989987865950264
"X30",-0.834366812189719
"X30",-1.0260734417595
"X30",-1.02440963421285
"X30",-0.620644805785373
"X30",-0.530844787527666
"X30",-1.00779449083561
"X30",-0.569328935103301
"X30",-0.456618491603939
"X30",-0.532831583445686
"X30",-1.08378378846394
"X30",-0.37821242638086
"X30",-0.458446608022034
"X30",-1.12873655382538
"X30",-0.561925878424182
"X30",-0.338763930340984
"X30",-0.64307887376715
"X30",-1.83258146374831
"X30",-0.474936499030846
"X30",-0.565079064587069
"X30",-0.458969648623176
"X30",-0.834306673171055
"X30",-0.652236174148654
"X30",-0.509943075736491
"X30",-0.737462957426725
"X30",-0.587751696798033
"X30",-0.240739061593339
"X30",-0.912920229292312
"X30",-0.918373804141441
"X30",-0.858772639752935
"X30",-1.05998695824607
"X30",-0.479330210939123
"X30",-0.780362320047158
"X30",-0.887091115833561
"X30",-0.973303202466735
"X30",-0.901872039687144
"X30",-0.581390212093304
"X30",-0.789991609322313
"X30",-0.685074657630825
"X30",-0.639466653774722
"X30",-0.208287334181395
"X30",-0.613498187239162
"X30",-1.37134347394246
"X30",-0.991983526843666
"X30",-0.871200608653646
"X30",-0.920879401829101
"X30",-0.991707618864704
"X30",-0.938384622617168
"X30",-0.839080539456517
"X30",-0.575265984401726
"X30",-0.125826855755809
"X30",-1.39570255712923
"X30",-0.367040324396141
"X30",-0.721728161549693
"X30",-1.24356448098589
"X30",-0.545301028342352
"X30",-0.259110412168392
"X30",-0.823908944080081
"X30",-0.394202152238019
"X30",-0.98452273966639
"X30",-0.388108538061041
"X30",-1.24597902753943
"X30",-0.729466490260846
"X30",-0.682566788454967
"X30",-0.922897539746942
"X30",-1.83258146374831
"X30",-0.684873461163591
"X30",-0.704665910921315
"X30",-0.369712565823717
"X30",-0.274696274933824
"X30",-0.797282890150892
"X30",-0.905084096364819
"X30",-0.619702896231314
"X30",-0.919190168327924
"X30",-0.28827867648981
"X30",-0.145746843392137
"X30",-1.07447344481366
"X30",-0.929616885548531
"X30",-1.44937959269995
"X30",-0.540339249430951
"X30",-1.3387869006107
"X30",-0.117017714451848
"X30",-0.690254357391739
"X30",-0.751075997985142
"X30",-0.81931194883472
"X30",-0.623615306195014
"X30",-0.820334740652123
"X30",-1.8253084980834
"X30",-0.546355490616083
"X30",-0.764373877148307
"X30",-0.976007931431176
"X30",-0.665542986532361
"X30",-0.843918229118142
"X30",-0.779588528953939
"X30",-0.6790904960232
"X30",-0.617842045854158
"X30",-1.18521473762763
"X30",-0.437534487825473
"X30",-0.871330237616575
"X30",-0.898732016059812
"X30",-1.15567285713327
"X30",-0.941707856618727
"X30",-0.439845355652404
"X30",-0.827064133577987
"X30",-0.332369723928916
"X30",-0.781523087549236
"X30",-1.12843740884951
"X30",-0.402535433162024
"X30",-0.572035595616372
"X30",-0.157826805010856
"X30",-0.949904849920704
"X30",-1.31971571673665
"X30",-0.785949577624915
"X30",-1.25360533725868
"X30",-0.993672000041526
"X30",-0.671429439800522
"X30",-1.20845978929275
"X30",-0.401492357769968
"X30",-0.892552168858853
"X30",-0.938803830871093
"X30",-0.589616604473994
"X30",-0.470286798218706
"X30",-0.512677671086686
"X30",-1.29449664790245
"X30",-0.38616888474284
"X30",-0.296462613248787
"X30",-0.794435937850441
"X30",-1.30144419209655
"X30",-0.381094713284912
"X30",-0.305964773326124
"X30",-0.544511764306693
"X30",-0.465761478562643
"X30",-1.01230996128072
"X30",-0.622280131985285
"X30",-1.03326563631781
"X30",-0.621091856724185
"X30",-0.854943512480658
"X30",-0.722528131067629
"X30",-0.618239149890114
"X30",-0.358061715063841
"X30",-0.350890102838384
"X30",-1.43673606031653
"X30",-1.83258146374831
"X30",-0.928986162631378
"X30",-0.688178983120844
"X30",-0.0970374688084493
"X30",-0.499267658262565
"X30",-0.28090112359296
"X30",-0.467793877293831
"X30",-0.576479534449962
"X30",-0.610946849494461
"X30",-0.732753459719179
"X30",-0.732304035654422
"X30",-0.39120187918779
"X30",-1.09007935120373
"X30",-0.823526682521407
"X30",-0.731875776426323
"X30",-1.02814408984343
"X30",-0.42483553706764
"X30",-1.32223123844402
"X30",-0.368947990104234
"X30",-1.01773586250786
"X30",-0.952964239003167
"X30",0.026546139372288
"X30",-0.319087855646205
"X30",-0.860328536429488
"X30",-0.996403064776081
"X30",-0.42601150954704
"X30",-0.421634733235432
"X30",-0.897084083766422
"X30",-0.344411209975628
"X30",-0.527365908270564
"X30",-0.325295154385602
"X30",-1.06110801115116
"X30",-1.19999005542811
"X30",-1.3180396843991
"X30",-0.714199544620082
"X30",-0.753725618517345
"X30",-0.584609562133606
"X30",-0.587441746213
"X30",-0.473680579583145
"X30",-0.900045030447793
"X30",-0.782014834291335
"X30",-0.361420955918892
"X30",-0.770177851242552
"X30",-0.576468305623725
"X30",-0.709511318685836
"X30",-1.00835348463674
"X30",-0.769639438599544
"X30",-0.506484382487781
"X30",-0.949104405656982
"X30",-0.466335568665678
"X30",-1.07395833167187
"X30",-0.719722782603248
"X30",-0.712374053345985
"X30",-0.402002865570587
"X30",-0.666374807094412
"X30",-0.497379486608441
"X30",-1.83258146374831
"X30",-0.552907516754552
"X30",-0.767123693864416
"X30",-0.18662164978697
"X30",-1.56278105798319
"X30",-0.621562038128123
"X30",-0.758597633058307
"X30",-1.48463734682813
"X30",-0.340097274184632
"X30",-0.654705283425642
"X30",-0.39551422594102
"X30",-0.472271909339892
"X30",-0.411684107472506
"X30",-1.30860404253019
"X30",-0.461410242416999
"X30",0.138538523595862
"X30",-0.387488827666169
"X30",-1.40929385600717
"X30",-0.502311768187635
"X30",-0.923556207902775
"X30",-0.718466157842931
"X30",-0.327857402954142
"X30",-0.632967557697834
"X30",-0.888744911200573
"X30",-1.24159597343726
"X30",-0.789101836247603
"X30",-0.63770349950913
"X30",-0.714720011853727
"X30",-0.400309991932756
"X30",-0.399797479526354
"X30",-0.750165143422583
"X30",-0.913189758399292
"X30",-0.947628399400635
"X30",-0.881891824103182
"X30",-0.286029166490797
"X30",-0.877947609239355
"X30",-0.740253573652603
"X30",-0.599493306202631
"X30",-0.85726672521799
"X30",-0.651991901606648
"X30",-0.51377130763398
"X30",-0.509209981003824
"X30",-0.923913218540931
"X30",-0.944517377714728
"X30",-0.861650631938461
"X30",-0.637256169729615
"X30",-0.462701232723091
"X30",-0.44362664419155
"X30",-1.05539214374227
"X30",-0.642779940517578
"X30",-1.05664737790012
"X30",-0.34025670051273
"X30",-0.937570255545849
"X30",-0.724464812530834
"X30",0.738625248085996
"X30",-0.81509635322193
"X30",0.22865532491957
"X30",-0.691911046569239
"X30",-0.433798904993205
"X30",-0.389250121271366
"X30",-0.6854349540882
"X30",-0.246195060503911
"X30",-0.791446226026305
"X30",-0.544585868566502
"X30",-1.83258146374831
"X30",-0.674460857355315
"X30",-0.346728294238505
"X30",-1.17679647976992
"X30",-0.959811576037833
"X30",-0.648775009472387
"X30",-0.599887789450416
"X30",-1.0588818181867
"X30",-0.192253880947348
"X30",-0.888308313933808
"X30",-0.543044822997659
"X30",-0.554493697670126
"X30",-0.448571858483888
"X30",-0.506511069930472
"X30",-0.564510495770996
"X30",-0.5329724129127
"X30",-1.0207134822907
"X30",-0.977793071089854
"X30",-0.914543987831825
"X30",-0.940196927023608
"X30",-0.855542473267237
"X30",-0.526046111520526
"X30",-1.26873885464312
"X30",-1.08856849556549
"X30",-1.05317121235635
"X30",-0.559658354606895
"X30",-1.63703703124822
"X30",-1.33429071001496
"X30",-0.708624257558555
"X30",-0.83524696650816
"X30",-1.03279552250613
"X30",-1.27362995998568
"X30",-0.549243781946725
"X30",-0.510977720676988
"X30",-0.82252558164049
"X30",-0.766958718178733
"X30",0.118215659022516
"X30",-0.437130097895818
"X30",-0.938657556766296
"X30",-0.699860700780892
"X30",-0.648127272423958
"X30",-0.334980908093099
"X30",-0.804099312298421
"X30",-0.394856054475279
"X30",-0.47441889936316
"X30",-0.223542333571533
"X30",-0.681105671847249
"X30",-0.214972346300945
"X30",-0.526079045304614
"X30",-0.779648116357588
"X30",-0.467250534723972
"X30",-0.783768211945297
"X30",-0.645174112974481
"X30",0.0788638134552263
"X30",-0.449964709342136
"X30",-0.838472748635953
"X30",-0.254224827584777
"X30",-0.316922866279211
"X30",-0.794510138672716
"X30",-0.337022944959351
"X30",-0.496149015435088
"X30",-0.531069640307778
"X30",-0.617043236043752
"X30",-0.832361814543236
"X30",-1.15221037068202
"X30",-1.36775850851216
"X30",-0.602721066330781
"X30",-0.709081149643173
"X30",-1.26154221895413
"X30",-0.846927299339213
"X30",-1.19198194623856
"X30",-1.00472478505113
"X30",-0.465950396219947
"X30",-0.594684872087071
"X30",-1.02544452468088
"X30",-0.886067895884091
"X30",-0.531206640933425
"X30",-0.830464088803317
"X30",-1.16977960140307
"X30",0.114564172221302
"X30",-1.17026256452243
"X30",-0.770562815488236
"X30",-0.652293226670399
"X30",-0.747774170097329
"X30",-0.767553139779911
"X30",-0.501587249933879
"X30",-1.04109952114829
"X30",-0.434535732159251
"X30",-1.22071272557894
"X30",-0.495733810815197
"X30",-1.28910906360279
"X30",-0.581216153997112
"X30",-0.565394430495159
"X30",-1.65688685775137
"X30",-0.963366751535116
"X30",-0.974101302609105
"X30",-1.051373455337
"X30",-1.18019246520987
"X30",-0.597257848920862
"X30",-0.546981085220336
"X30",-0.865788408243037
"X30",-0.664562364649333
"X30",-0.540501518611503
"X30",-0.910353920209566
"X30",-0.455212180303075
"X30",-0.785277987441432
"X30",-0.72239619000957
"X30",-0.641913538112561
"X30",-0.0453872648055988
"X30",-0.547622608893085
"X30",-0.862959664640534
"X30",-0.674104406534125
"X30",-0.685927593492778
"X30",-0.328592305546427
"X30",-0.547417049314338
"X30",-0.750653554324566
"X30",-0.848363885764017
"X30",-1.37941266917804
"X30",-0.402951693259551
"X30",-0.518467640759943
"X30",-0.553990631054221
"X30",-0.318074725239625
"X30",-0.954794404809189
"X30",-0.659261708572939
"X30",-0.612193378473983
"X30",-1.43197707317919
"X30",-0.770087391805363
"X30",-0.748917393558785
"X30",-0.604133606452366
"X30",-1.31853149020911
"X30",-0.751534126044203
"X30",-0.424636410851467
"X30",-0.488254714722301
"X30",-0.56569306720531
"X30",-1.36976609057787
"X30",-0.293895895760327
"X30",-0.554916714969811
"X30",-0.956833375615591
"X30",-0.348840793491041
"X30",-0.340932079498882
"X30",-1.43302722005129
"X30",-0.420469506618922
"X30",-1.43041982328606
"X30",-0.877430291070858
"X30",-0.845217489862161
"X30",-1.09573917021086
"X30",-0.880261381603041
"X30",-0.512886997533059
"X30",-0.783594791485389
"X30",-0.739478695184412
"X30",-0.429875503419101
"X30",-0.467464925432308
"X30",-0.538155678495244
"X30",-0.46505670458435
"X30",-1.04557912341345
"X30",-0.629191618504434
"X30",-0.652342731084431
"X30",-0.479171525487326
"X30",-0.677271930941552
"X30",-0.927865947411344
"X30",-0.848851234828093
"X30",-0.202965490648564
"X30",-0.447727752396228
"X30",-0.378853391161491
"X30",-0.700997407762675
"X30",-0.702171814118379
"X30",0.724539286009166
"X30",-0.58927939814642
"X30",-1.62112807448501
"X30",-0.886837199561828
"X30",-0.539596612988438
"X30",-0.581949864760962
"X30",-0.521717370807002
"X30",-0.748285658378034
"X30",-0.546147186846323
"X30",-0.337807194542019
"X30",-0.744493471958081
"X30",-0.375706179418592
"X30",-0.334290890457794
"X30",-0.48775452472915
"X30",0.014236842899043
"X30",-0.524284768270849
"X30",-0.604599752912541
"X30",-0.0688492675068658
"X30",-0.826623793990526
"X30",-1.10421169423844
"X30",-0.912717965181428
"X30",-0.606267259273774
"X30",-0.465042015059889
"X30",-0.738243835601567
"X30",-0.398786979682411
"X30",-0.400485814030695
"X30",-0.779163756099532
"X30",-0.766990334749112
"X30",-0.575894566908128
"X30",-0.520150341827546
"X30",-0.654386334080363
"X30",-0.823143631711019
"X30",-0.379147369142679
"X30",-0.404568582189912
"X30",-0.732803371953406
"X30",-0.814454494773135
"X30",-0.0168209588509508
"X30",-0.661428969502012
"X30",-0.67242430300735
"X30",-0.999303237113551
"X30",-0.697644497087561
"X30",-1.51077837339942
"X30",-0.230145946299815
"X30",-0.214743112338987
"X30",-0.894823699690604
"X30",-0.508588828208243
"X30",-0.397956819721133
"X30",-0.526634620282203
"X30",-0.221561530573058
"X30",-0.570071985607457
"X30",-0.579443772541019
"X30",-0.76391033245496
"X30",-0.819076537429823
"X30",-0.220552361407465
"X30",-0.509005753219671
"X30",-0.477702807981408
"X30",-0.747783739541459
"X30",-0.365941039339853
"X30",-0.565168202658527
"X30",-0.664252509764313
"X30",-0.663755537203496
"X30",-0.393360279731955
"X30",-0.469486721005049
"X30",-0.498346449297713
"X30",-1.06162401182151
"X30",-0.618401030656315
"X30",-0.415453230638699
"X30",-0.562174558270082
"X30",-0.531100838341107
"X30",-0.336713410422554
"X30",-0.811910471263531
"X30",-0.696038100335253
"X30",-0.778900366458643
"X30",-0.341951148744024
"X30",-0.607903664096242
"X30",-0.876004983448671
"X30",-0.600496458594426
"X30",-0.833920931770148
"X30",-0.8139824065156
"X30",-1.16231417199699
"X30",-0.528433938762582
"X30",-0.835334434162774
"X30",-0.575615740840357
"X30",-0.849981747649429
"X30",-0.671907722800831
"X30",-0.529743825927905
"X30",-0.941248436817447
"X30",-0.858936093938546
"X30",-0.401262474588026
"X30",-0.194508285479485
"X30",-1.64190390174626
"X30",-0.580044667968271
"X30",-0.320280523367665
"X30",-1.08249097661186
"X30",-0.486849678483176
"X30",-0.543343525430625
"X30",-1.83258146374831
"X30",-1.1372346834257
"X30",-0.654884306705952
"X30",-0.306996275654087
"X30",-1.47316680069752
"X30",-0.418301729218792
"X30",-0.490953340826146
"X30",-0.652829173487931
"X30",-0.494100974517874
"X30",-1.03377606745085
"X30",-0.425161055550511
"X30",-0.633526089497053
"X30",-0.829037968143518
"X30",0.36808953329744
"X30",-0.755956691134859
"X30",-0.685966910658954
"X30",-0.754402235450407
"X30",-0.855504157694432
"X30",-0.663905286230268
"X30",-1.11005806853946
"X30",-0.834399145439593
"X30",-0.474678794170722
"X30",-0.533949727289483
"X30",-1.37724453439492
"X30",-0.768733260390221
"X30",-0.936333304154542
"X30",-0.458120618254958
"X30",-0.605860896317902
"X30",-1.01647642820344
"X30",-1.25804219450524
"X30",-0.655029389223857
"X30",-0.718294670675266
"X30",-0.864369611454511
"X30",-0.346086769009143
"X30",-0.60370201797628
"X30",-0.56483361665342
"X30",-0.857372056497466
"X30",-0.583538048363778
"X30",-0.628404452393574
"X30",-0.775442311463004
"X30",-0.299228131961628
"X30",-0.366566759678715
"X30",-0.142345674610739
"X30",-0.576679218437068
"X30",-0.730758577819881
"X30",-0.597550497299933
"X30",-0.755396313380502
"X30",-0.351939568443942
"X30",-0.54823569476042
"X30",-1.13837261297704
"X30",-1.00543567448936
"X30",-0.564504080452567
"X30",-0.677463331765467
"X30",-0.633672938649127
"X30",-0.290326405542104
"X30",-0.852884252120809
"X30",-0.752988206851365
"X30",-0.950226956055889
"X30",-0.715889726214495
"X30",-0.739166227816479
"X30",-0.74246525819513
"X30",-0.662123840034505
"X30",-0.969376336649933
"X30",-0.81830416028739
"X30",-1.83258146374831
"X30",-0.515839785023498
"X30",-0.181329319417106
"X30",-0.901673544354377
"X30",-0.315029467696392
"X30",-0.557341842282325
"X30",-0.679366029730937
"X30",-0.941125351057191
"X30",-1.52248211829635
"X30",-1.18565900698898
"X30",-0.626940286640071
"X30",-0.769013111183473
"X30",-0.610664624860768
"X30",-0.649503213736693
"X30",-0.457160666001935
"X30",-0.698528552343384
"X30",-0.907480263720186
"X30",0.320306828621338
"X30",-0.29993342245756
"X30",-0.692335870642672
"X30",-1.05749923568464
"X30",-0.626229209842258
"X30",-0.2964088247593
"X30",-0.630821256895408
"X30",-0.455213133299276
"X30",-1.18826843858445
"X30",-1.04246136358042
"X30",-0.577899481326999
"X30",-1.71272167860112
"X30",-0.828542078788797
"X30",-0.629361526870045
"X30",-0.432964776954536
"X30",-0.719090469907044
"X30",-0.904999150075095
"X30",-0.482152025709892
"X30",-0.488546796418669
"X30",-1.12796018596684
"X30",-1.00318005751693
"X30",-1.02971048811194
"X30",-0.91315440147543
"X30",-0.51592229005024
"X30",-1.12286038908839
"X30",-1.01991551623638
"X30",-0.945573816704611
"X30",-0.332851313138991
"X30",-1.02195641871334
"X30",-0.568782608807243
"X30",-0.649689138195766
"X30",-0.690708227493969
"X30",-0.865688026971123
"X30",-0.392969031062295
"X30",-0.761374230028117
"X30",-0.453089728600062
"X30",-0.684858075614544
"X30",-1.13470799082251
"X30",-0.452001024343989
"X30",-0.521366515902255
"X30",-0.536949305751852
"X30",-0.60222677108376
"X30",-0.32002752255047
"X30",-0.499714120630713
"X30",-0.654410230787657
"X30",-0.328321565844752
"X30",-0.692580027332601
"X30",-1.02817442916908
"X30",-0.943599736267781
"X30",-1.83258146374831
"X30",-0.60011970530913
"X30",-0.43980593940894
"X30",-1.1271672903983
"X30",-0.608309841551247
"X30",-0.694709388616434
"X30",-0.44105757955362
"X30",-0.425207416277154
"X30",-0.507467193810513
"X30",-0.994055622681007
"X30",-0.698809425321561
"X30",0.193126242955004
"X30",-0.442433461600668
"X30",-0.804976908720126
"X30",-0.443846054534061
"X30",-0.934240619814389
"X30",-1.4243831777171
"X30",-0.60642828059008
"X30",-0.401008631530293
"X30",-0.476876441268553
"X30",-0.469050237315729
"X30",-0.740361605111283
"X30",-1.16245247243979
"X30",-0.438338891681103
"X30",-1.0808881990963
"X30",-0.774871755983414
"X30",-0.55950863425477
"X30",-0.522538072554975
"X30",-0.316364394688968
"X30",-0.484429868047154
"X30",-0.625073256985476
"X30",-0.638015526528227
"X30",-0.793371114232534
"X30",-1.15399070272804
"X30",-0.534040343321393
"X30",-1.3334224472946
"X30",-0.66977601281914
"X30",-0.450132536695705
"X30",-0.597175499487834
"X30",-0.476755101896823
"X30",-0.235069331833573
"X30",-0.514601905619119
"X30",-0.528555568315051
"X30",-0.712422200077182
"X30",-0.881737790920218
"X30",-0.498551633138657
"X30",-1.08449997337704
"X30",-0.94323786810231
"X30",-0.715994711807949
"X30",-0.868972480964221
"X30",-0.70896212619166
"X30",-0.48432670167799
"X30",-0.920256897496115
"X30",-0.486064054181307
"X30",-1.07506457351092
"X30",-0.915572180475732
"X30",-0.955364642415316
"X30",-0.578034339725312
"X30",-1.01788734148413
"X30",-0.268782784818034
"X30",-0.276375278770917
"X30",-0.53398807015943
"X30",-0.707146590639094
"X30",-1.23925649211064
"X30",-0.990753563231756
"X30",-0.46184524148424
"X30",-1.34997032447689
"X30",-0.526421286751565
"X30",-1.46567469171844
"X30",-0.730312081332953
"X30",-0.809335874414899
"X30",-0.345890093924373
"X30",-1.01236475806943
"X30",-0.487875251539158
"X30",-0.77251742569124
"X30",-1.36085456309972
"X30",-1.08339332621791
"X30",-0.408727532314067
"X30",-0.44442465852904
"X30",-0.48027811391384
"X30",-0.630263849561308
"X30",-0.951729826726828
"X30",-0.663569101155696
"X30",-0.628291725248964
"X30",-1.76288383374234
"X30",-0.423795231926236
"X30",-0.859895702975839
"X30",-0.0605684928896737
"X30",-0.620152785839135
"X30",-1.02914931870397
"X30",-0.644122872860898
"X30",-0.772047406700272
"X30",-0.0800741468517988
"X30",-0.552483731746073
"X30",-0.75111667036817
"X30",-0.656475049306725
"X30",-0.300831870249018
"X30",-1.03517311302026
"X30",-0.565209448898801
"X30",-0.624950746671774
"X30",-0.84909974634169
"X30",-0.604424326349628
"X30",-0.748755848856797
"X30",-0.796228712685148
"X30",-0.508927366727334
"X30",-0.894560522449002
"X30",-0.661328732816386
"X30",-0.463032554277776
"X30",-0.391180847330284
"X30",-0.9073490578082
"X30",-0.773197460062997
"X30",-1.83258146374831
"X30",-0.554677389955322
"X30",-0.592084670261179
"X30",-0.606892055842064
"X30",-0.657163698288714
"X30",-0.185839895905272
"X30",-0.456349553564414
"X30",-0.602834767159461
"X30",-0.741503217966282
"X30",-0.954551014310035
"X30",-0.604736841169495
"X30",-0.479046507563267
"X30",-1.19113489235558
"X30",-0.463990575177613
"X30",-0.844712509747893
"X30",-0.639616877534903
"X30",-0.499968069164983
"X30",-1.05405558247636
"X30",-0.393529701211091
"X30",-0.671166790742999
"X30",-0.797615100183299
"X30",-0.216518048198537
"X30",-0.764503663319277
"X30",-0.736765944262815
"X30",-0.42985708550078
"X30",-0.790265328330282
"X30",-1.29977811051399
"X30",-0.497277823110625
"X30",-0.330441971317909
"X30",-0.608320428480149
"X30",-0.978440857453164
"X30",-0.959440827634327
"X30",-1.12395695091056
"X30",-0.464785722948728
"X30",-0.456891657530348
"X30",-0.757821082448028
"X30",-1.03923154872822
"X30",-0.589578107934231
"X30",-0.737480607670639
"X30",-0.363236153445076
"X30",-0.528345857429908
"X30",-0.405621538533648
"X30",-0.982450150494913
"X30",-0.486596835918137
"X30",-0.326602199966812
"X30",-0.319054458274364
"X30",-1.02066571168019
"X30",-0.97492604877818
"X30",-0.993224164931301
"X30",-1.44217956946643
"X30",-1.243670080702
"X30",-0.847850688143774
"X30",-0.697124352379058
"X30",-0.831485136764681
"X30",-1.16491091949366
"X30",-0.617485756480021
"X30",-0.620742996811778
"X30",-0.216515400983089
"X30",-0.712691706082442
"X30",-1.04522714046309
"X30",-0.568356060149895
"X30",-0.678174216180922
"X30",-0.87278767237989
"X30",-0.325219604111198
"X30",-0.880886739369769
"X30",-0.794046473817719
"X30",-0.64202036228882
"X30",-0.959523292392476
"X30",-0.600028347075006
"X30",-0.550134991619304
"X30",-0.976823956807104
"X30",-0.731232521475912
"X30",-0.728846738609555
"X30",-0.855139680810166
"X30",-0.979698394813853
"X30",-0.947083590316393
"X30",-0.774936612361251
"X30",-0.849596601450077
"X30",-1.59901353536858
"X30",-0.630140426815046
"X30",-0.642714435307065
"X30",-0.73568124366365
"X30",-1.81843938378771
"X30",-0.518319460088993
"X30",-0.797564196164949
"X30",0.642346164443659
"X30",-0.520579571931948
"X30",-0.272308919324701
"X30",-0.544708461695156
"X30",-0.389756840050388
"X30",-1.10648684791321
"X30",-0.850906709161833
"X30",-1.03425455917008
"X30",-0.326485312976033
"X30",-0.684320377601136
"X30",-1.40301129756758
"X30",-1.17147807847649
"X30",-0.810280971705882
"X30",-0.204398823411921
"X30",-0.860143172791281
"X30",-0.62765594955892
"X30",-1.52781028158931
"X30",-0.789959403398772
"X30",-0.398776028572304
"X30",-0.376411813373542
"X30",-0.850351383992357
"X30",-0.333031869549924
"X30",-0.124942690702754
"X30",-0.643466844129088
"X30",-0.679399300141367
"X30",-0.396907558146787
"X30",-0.241988660645065
"X30",-0.806592663364015
"X30",-0.947806842287299
"X30",-0.572660589637397
"X30",-0.646551946474829
"X30",-0.832425717377006
"X30",-1.03016539584749
"X30",-0.744141336461946
"X30",-0.404207728578828
"X30",-0.925774288740564
"X30",-0.284318498514677
"X30",-0.72212416805128
"X30",-0.317763058677884
"X30",-1.18747286117006
"X30",-0.833273073540025
"X30",-1.46361280209225
"X30",-0.700492168609702
"X30",-0.745809516187769
"X30",-0.247060340779899
"X30",-1.07063207716249
"X30",-0.995634811317605
"X30",-0.703504067902084
"X30",-0.14421729080475
"X30",-0.734779423924471
"X30",-0.166407167212833
"X30",-1.68238487612546
"X30",-0.733284978646905
"X30",-0.6586535140875
"X30",-0.246871003246341
"X30",-0.801577141979105
"X30",-0.576028640256176
"X30",-0.658119559922045
"X30",-0.181616304096741
"X30",-0.0292300547103715
"X30",-0.25583284594767
"X30",-0.225632160868261
"X30",-0.798347220900178
"X30",-1.3434543792952
"X30",-0.833048209690216
"X30",-0.118464492975724
"X30",-0.597064606813439
"X30",-0.950345647712071
"X30",-0.659234051225297
"X30",-1.1063937467139
"X30",-0.572073728805607
"X30",-0.439884197176575
"X30",-0.41511002162349
"X30",-1.69722363870629
"X30",-0.469402508212196
"X30",-0.864876207162363
"X30",-0.773738785362689
"X30",-1.10602841725355
"X30",-0.571297013294043
"X30",-0.402718089702744
"X30",-0.683397934689052
"X30",-0.956907872050634
"X30",-1.83258146374831
"X30",-0.924389725677976
"X30",-1.24565823100983
"X30",-0.89083885317758
"X30",-0.374745247006463
"X30",-0.477440775695784
"X30",-0.771915509217176
"X30",-1.26220192276156
"X30",-0.692543725296058
"X30",-1.04579431794114
"X30",-1.03398082435186
"X30",-0.95098167025377
"X30",-0.300488699861336
"X30",-0.570755979934664
"X30",-1.0101590874172
"X30",-1.14376560647175
"X30",-1.00930222046502
"X30",-1.06411985565447
"X30",-0.400636324009891
"X30",-0.660712389866161
"X30",-0.815427958541243
"X30",-0.767601680838765
"X30",-0.311560789229454
"X30",-0.563820027248394
"X30",-0.71194525030633
"X30",-0.778336310615835
"X30",-0.772357213761428
"X30",-0.636148559339582
"X30",-0.43547296971941
"X30",-1.11914485171436
"X30",-1.25573406024352
"X30",-0.617060057065194
"X30",-1.05747725450573
"X30",-0.515519182984631
"X30",-1.02367660446533
"X30",-1.03379589083002
"X30",-1.62111560895588
"X30",-0.557511271078202
"X30",-0.496471268811094
"X30",-0.873303763988966
"X30",-0.710286330217108
"X30",-0.755526085643565
"X30",-0.464982368762799
"X30",-0.384630435674573
"X30",-1.15869790658279
"X30",-1.34809438285471
"X30",-0.752251343387285
"X30",-0.679890613702654
"X30",-1.21177667586162
"X30",-0.366575975101541
"X30",-0.335958845457809
"X30",-0.753628589805513
"X30",-0.469547083112581
"X30",0.0194478602601571
"X30",-0.572162036249437
"X30",-0.492859181920574
"X30",-0.688549228625329
"X30",-0.944382067130749
"X30",-0.655857329074583
"X30",-0.603813486893047
"X30",-0.386686689019124
"X30",-1.00861627102392
"X30",-0.569221047940762
"X30",-0.947086493709804
"X30",-0.627647767746645
"X30",-1.26661236881699
"X30",-0.293827709282682
"X30",-1.28290394274279
"X30",-0.694500323826903
"X30",-0.577611456235782
"X30",-0.755958419668753
"X30",-0.135935997778497
"X30",-0.912320416032743
"X30",-0.373779025573009
"X30",-0.224279124108894
"X30",-0.845494394421573
"X30",-0.180710931605849
"X30",-0.831788067322915
"X30",-0.624704294330713
"X30",-0.682729862765819
"X30",0.355107089360878
"X30",-1.04080607297646
"X30",-0.519565670413492
"X30",-0.849678883261729
"X30",-0.569148079598919
"X30",-1.04014894809871
"X30",-0.617165170810073
"X30",-1.2617597544337
"X30",-0.414137954293732
"X30",-0.515268820957412
"X30",-1.01865344019426
"X30",-0.706969595659558
"X30",-0.487674141937179
"X30",-0.767280904254879
"X30",-0.604181919154332
"X30",-0.840872911949324
"X30",-0.575182889955274
"X30",-0.839454615252616
"X30",-0.674687845041828
"X30",-0.697259628751991
"X30",-0.456459025134414
"X30",-0.411465976049247
"X30",-0.56531490439129
"X30",-1.00551900572078
"X30",-0.700030784182421
"X30",-0.371218574694247
"X30",-0.490747989014819
"X30",-0.11553635675676
"X30",-0.748935670974168
"X30",-0.892180849213034
"X30",-0.400107943277455
"X30",-0.819170848603836
"X30",-1.04808903709969
"X30",-0.534261651346238
"X30",-0.63162558112195
"X30",-1.83258146374831
"X30",-0.38303073285558
"X30",-0.157924422146416
"X30",-1.2303466964654
"X30",-0.867857047006687
"X30",-0.695763056110193
"X30",-0.525619056442454
"X30",-0.497966366040892
"X30",-0.537645304916159
"X30",-0.80157709706005
"X30",-0.519306002828819
"X30",-0.272605064281985
"X30",-0.71732193982417
"X30",-0.566104429325274
"X30",-0.607473085768079
"X30",-0.591765796400209
"X30",-0.594874850346945
"X30",-1.12425430980667
"X30",-0.457353844958799
"X30",-0.611841370746687
"X30",-0.49894483484284
"X30",-0.70019659423275
"X30",-0.59992457674021
"X30",-0.333750971293422
"X30",-0.401750400684299
"X30",-0.385938531331789
"X30",-0.775210001260652
"X30",-0.583945934974055
"X30",-0.600962031350275
"X30",-1.41438015156238
"X30",-0.889621129693014
"X30",-0.604665080430684
"X30",-0.614241152260771
"X30",-0.564328125009485
"X30",-0.5660328343378
"X30",-0.310446497195741
"X30",-0.223664369576816
"X30",-0.63526670483942
"X30",-0.931744180208033
"X30",-1.00767590053862
"X30",-0.340870581736896
"X30",-0.659219845150242
"X30",-0.989226169128344
"X30",-1.71374406039808
"X30",-1.06391349413636
"X30",-0.457684717233221
"X30",-0.913416699960057
"X30",-0.320398773140887
"X30",-0.34452331895383
"X30",-0.643272617187929
"X30",-0.621945332723776
"X30",-0.503385345250959
"X30",-0.0414388787434936
"X30",-0.73020563435335
"X30",-0.444569059001257
"X30",-0.424846808968925
"X30",-0.462545976859932
"X30",-0.716450547202561
"X30",-0.76285252322387
"X30",-0.710736706845745
"X30",-0.606859049055006
"X30",-0.47033485921294
"X30",-1.724864498669
"X30",-0.707980043215387
"X30",-0.221052007142764
"X30",-0.578180165001236
"X30",-0.718008622927058
"X30",-1.04735721296033
"X30",-0.569005945575448
"X30",-0.589020362951295
"X30",-0.976802418621075
"X30",-0.95793468298898
"X30",-0.46878213907113
"X30",-0.643314644985105
"X30",-0.348048713369031
"X30",-0.786032078817234
"X30",-0.318734687673241
"X30",-0.441381113250899
"X30",-1.04217076241837
"X30",-1.13671195586049
"X30",-0.861959454135285
"X30",-0.752138352476148
"X30",-0.178260586447478
"X30",-0.818650782963663
"X30",-0.883437264218356
"X30",-0.455488162780951
"X30",-0.899342792585085
"X30",-0.472791011004147
"X30",-1.74153166144897
"X30",-0.311575916742427
"X30",-0.964087295242306
"X30",-0.987846993088134
"X30",-0.816605342047996
"X30",-0.674226047551751
"X30",-0.908732380036144
"X30",-0.604950906947313
"X30",-0.76495538807649
"X30",-0.529994121597226
"X30",-0.979952406714918
"X30",-0.261328315791719
"X30",-0.443734268325073
"X30",-0.890520186071242
"X30",-0.671848312661798
"X30",-0.993639436105348
"X30",-0.581754581321422
"X30",-0.686123503765447
"X30",-1.27719738074474
"X30",-0.866872664141809
"X30",-0.612699014653998
"X30",-0.814070057278733
"X30",-0.917954060184493
"X30",-1.08751612429957
"X30",-1.00123838861109
"X30",-0.962776777851975
"X30",-0.732632851231982
"X30",-1.18860916386767
"X30",-1.11444813812775
"X30",-0.477708124152067
"X30",-0.026652946999412
"X30",-0.854692562140379
"X30",-0.741283296128484
"X30",-0.404800941606611
"X30",-0.933227070737829
"X30",-1.21723718620293
"X30",-0.332961200762627
"X30",-0.373938210656816
"X30",-0.697459296974418
"X30",-0.353666640764246
"X30",-0.502308680605113
"X30",-0.665362232246494
"X30",-0.733012370455411
"X30",-0.32222396409438
"X30",-0.802602788733039
"X30",-0.442052456927136
"X30",-0.454747868262833
"X30",-0.878053659150165
"X30",-0.303339812651256
"X30",-1.09749404826828
"X30",-0.136603557358945
"X30",-1.12066698635309
"X30",-1.09905970947751
"X30",-0.524550094109577
"X30",-0.879705072128412
"X30",-0.630027421583356
"X30",-0.613247693410346
"X30",-0.92586262543157
"X30",-0.409428074670305
"X30",-0.60625061776892
"X30",-1.20597967966202
"X30",-0.706921821968882
"X30",-0.654522736444827
"X30",-0.844909077531074
"X30",-0.591471445527567
"X30",-1.18003881232867
"X30",-0.773231402998049
"X30",-0.366874743854913
"X30",-0.445366360118077
"X30",-0.412681540980703
"X30",-0.830146008232425
"X30",-0.622981401936477
"X30",-1.53759090767433
"X30",-1.40728861681894
"X30",-0.212550841013238
"X30",-0.728747319049558
"X30",-0.539038293701565
"X30",-0.454147892534888
"X30",-1.29269916541326
"X30",-0.409898319442962
"X30",-0.98008628593147
"X30",-0.361727627382415
"X30",0.260184371222668
"X30",-1.34197023641834
"X30",-1.17665585615798
"X30",-0.769822597823108
"X30",-0.654410230787657
"X30",-1.12997994357654
"X30",-0.585869537044209
"X30",-0.31442658098506
"X30",-0.2075726972099
"X30",-0.55901604529
"X30",-0.513642193037359
"X30",-0.669630472130774
"X30",-0.408647788232016
"X30",-0.606035144419996
"X30",-0.710991577351684
"X30",-0.963034371513653
"X30",0.724055204166005
"X30",-0.490647933840644
"X30",-0.750730572170028
"X30",-0.430834599284184
"X30",-1.15825099249125
"X30",-0.142525407534463
"X30",-0.542265828581525
"X30",-0.587964663126991
"X30",-0.858556324167309
"X30",-0.650966187776431
"X30",-0.426909834975118
"X30",-0.634476526402075
"X30",-0.94331096245749
"X30",-1.09580454552381
"X30",-0.511198502970939
"X30",-0.845143161619566
"X30",-1.44262565520586
"X30",-0.749328268864484
"X30",-0.324151694610667
"X30",-0.746345434334791
"X30",-0.88146094177284
"X30",-0.687959339825261
"X30",-0.296644968329337
"X30",-0.707959742006333
"X30",-0.712433482123149
"X30",-0.371864958177407
"X30",-0.501209644095671
"X30",-0.495895528353769
"X30",-1.30583129728185
"X30",-0.119869007446253
"X30",-1.09758166422452
"X30",-0.716687992766735
"X30",-0.386207011514902
"X30",-0.478602936946974
"X30",-1.34980092598842
"X30",-0.692945565435167
"X30",-1.28066950015887
"X30",-0.822979216893058
"X30",-0.429765161844307
"X30",-0.661114491125436
"X30",-0.50147628613191
"X30",-0.730358830315127
"X30",-1.83258146374831
"X30",-0.866273798766333
"X30",-0.364480934071338
"X30",-1.02143069837662
"X30",-0.37119589131805
"X30",-1.18051686661088
"X30",-0.488786122164145
"X30",-0.636047145112543
"X30",-0.777289394817228
"X30",-0.578594124308447
"X30",-0.394557589631656
"X30",-0.809852278927158
"X30",-1.56962385284213
"X30",-0.0880500568623246
"X30",-0.949814951655155
"X30",-0.931956785152535
"X30",-1.49024686765191
"X30",-0.770206013369542
"X30",-0.15057187012962
"X30",-0.513677184530676
"X30",-0.509703784462122
"X30",-0.449103496706486
"X30",-0.632356969016115
"X30",-0.452720196651385
"X30",-0.573280825078399
"X30",-0.642280149759913
"X30",1.03377797002029
"X30",-0.989740980171537
"X30",-0.543439243620239
"X30",-0.786739198520183
"X30",-0.361701760731569
"X30",-0.476504149407957
"X30",-0.811017100184819
"X30",-0.821105104273161
"X30",-0.898764605961321
"X30",-0.556043742051738
"X30",-0.528219633073627
"X30",-0.622107150202618
"X30",-0.956983166829808
"X30",-0.67966953319569
"X30",-0.793025269484539
"X30",-0.494812439021528
"X30",-1.53631427917583
"X30",-0.524436883126801
"X30",-0.652335396792849
"X30",-0.682046588917186
"X30",-0.777180952467928
"X30",-0.647810506319552
"X30",-0.577710294918731
"X30",-1.20760454416689
"X30",-1.51132630619185
"X30",-1.16111838349954
"X30",-0.884238864112113
"X30",-0.357700449186263
"X30",-0.515904750040886
"X30",-0.302018164411548
"X30",-0.945372495162358
"X30",-0.48074486362725
"X30",-0.596917900063685
"X30",-0.876071963288349
"X30",-1.04613533444305
"X30",-0.363656588740869
"X30",-0.698188723618196
"X30",-0.696039016869573
"X30",0.129858843613263
"X30",-0.335561609525875
"X30",-0.386658300264776
"X30",-1.03469215235128
"X30",-0.50444094777615
"X30",-0.540859303388973
"X30",-0.789883548174865
"X30",-0.787398568879371
"X30",-1.29011165594041
"X30",-0.903592203864849
"X30",-0.0930982310195304
"X30",-0.915494136298081
"X30",-1.14148448556731
"X30",-0.331068734771288
"X30",-0.342946807177082
"X30",-0.649204811157935
"X30",0.74046318796393
"X30",-0.410232647075383
"X30",-0.485774564265675
"X30",-0.887345248290763
"X30",-0.635743464302739
"X30",-0.397914770376867
"X30",-0.320183418048826
"X30",-0.37999163670595
"X30",-1.0234276901885
"X30",-0.678597914433687
"X30",-0.150321934032075
"X30",-0.724703951317412
"X30",-0.606982744643813
"X30",-0.342557463797496
"X30",-0.573131486061112
"X30",-0.99021679162008
"X30",-1.02563185525158
"X30",-0.734014279628791
"X30",-1.01447353012201
"X30",-0.467046264401582
"X30",-0.871330237616575
"X30",-0.638454008055614
"X30",-0.334694076282445
"X30",-0.297660814880004
"X30",-0.367865365682691
"X30",-0.516482638232092
"X30",-0.41665324820428
"X30",-0.375165583682654
"X30",-0.590251562493297
"X30",-1.83258146374831
"X30",-0.694425276299236
"X30",-0.536352337940912
"X30",-1.01113598029343
"X30",-0.814837495064741
"X30",-0.898593412282263
"X30",-0.751152383344126
"X30",-0.589849883208803
"X30",-0.396272045388175
"X30",-0.824714903728428
"X30",0.00570802811035337
"X30",-0.984246805573164
"X30",-0.495647097982145
"X30",-0.516007823744471
"X30",-0.548507696595402
"X30",-0.356322749792678
"X30",-1.30843981320211
"X30",-0.947527599882708
"X30",-0.600753945265445
"X30",-0.731633067313716
"X30",-0.820703222390775
"X30",-1.06403917568785
"X30",-0.485837229388191
"X30",-0.425408973000229
"X30",-0.566377624354964
"X30",-1.02393663275168
"X30",-0.649269436549523
"X30",-0.918628769251918
"X30",-0.871427201076178
"X30",-1.29845738718645
"X30",-0.892698022103644
"X30",-0.828892754827473
"X30",-1.01562307446049
"X30",-0.757197587806267
"X30",-1.1078652428672
"X30",-1.04523186608412
"X30",-0.549787948032329
"X30",-0.651858606737404
"X30",-0.876402300912301
"X30",-0.837190575375975
"X30",-0.38580191445725
"X30",-0.625901446073895
"X30",-0.618235040731162
"X30",-0.590251260714861
"X30",-0.426005672490923
"X30",-0.447697548319392
"X30",-1.82518137131666
"X30",-0.810132902197647
"X30",-0.167897568736319
"X30",-0.516764251679554
"X30",0.015229168572574
"X30",-0.0300821163980075
"X30",-0.578980759551378
"X30",-0.663306404436934
"X30",-0.666812737298247
"X30",-0.49518233897548
"X30",-0.675796345733281
"X30",-0.588723301544636
"X30",-0.66698499959018
"X30",-1.15873604634398
"X30",-0.847402038697335
"X30",-0.61961255431239
"X30",-0.411906066790951
"X30",-0.639483607995173
"X30",-0.456004700914011
"X30",-0.659025732291986
"X30",-0.645765758531487
"X30",-0.776716697718961
"X30",-0.443978033439344
"X30",-0.955093283365804
"X30",-0.487930307700125
"X30",-0.617249682253785
"X30",-0.668862493921862
"X30",-0.997121485227309
"X30",-0.320723903584725
"X30",-0.959394030223742
"X30",-0.362745970318048
"X30",-0.74940952693294
"X30",-0.610965257107765
"X30",-0.411885901529593
"X30",-0.71996320087123
"X30",-0.708761447870248
"X30",-0.45721072962385
"X30",-0.121588779689469
"X30",-0.860364130804415
"X30",-0.909665495893657
"X30",-0.350554133391071
"X30",-0.495048942347025
"X30",-1.02516513574941
"X30",-0.295592433100502
"X30",-0.37790030242931
"X30",-1.04664933630218
"X30",-0.411662757171395
"X30",-0.499123252631695
"X30",-0.703496576307522
"X30",-1.28101717199183
"X30",-0.477785315005334
"X30",-0.675480591684226
"X30",0.345096995897784
"X30",-0.564825961577274
"X30",-0.463323771946466
"X30",-0.418009428965789
"X30",0.220171230084384
"X30",-0.436366572139438
"X30",-0.881371324315783
"X30",-0.548975928627896
"X30",-0.478063399371252
"X30",-0.771977073288736
"X30",-0.684301961874652
"X30",-0.998820583129259
"X30",-0.682617639570549
"X30",-0.774578832098009
"X30",-1.01211636124774
"X30",-1.14119634583577
"X30",-1.31249216137764
"X30",-0.606859402572087
"X30",-0.842530037806428
"X30",-0.496110894718324
"X30",-0.0844733126382064
"X30",-0.809295863878938
"X30",-0.682622042611131
"X30",-0.866633014155132
"X30",-0.6758194860297
"X30",-0.879851391992212
"X30",-0.552482981705213
"X30",-0.717015779159518
"X30",-1.65632104828394
"X30",-0.292708528113401
"X30",-0.715803643619036
"X30",-0.552224119650714
"X30",-0.17347860095046
"X30",-0.840201771670876
"X30",-0.889555025145334
"X30",-1.09437792083599
"X30",-0.53116120151031
"X30",-0.941978824854463
"X30",-1.38027725808307
"X30",-0.576720377331979
"X30",-0.705837506522738
"X30",-0.582568588537436
"X30",-0.334021752103342
"X30",-0.73782655804783
"X30",-0.516859584294926
"X30",-0.586661069184905
"X30",-0.789028853409744
"X30",-0.677417845810587
"X30",-0.41994111185176
"X30",-0.421188189793898
"X30",-0.556826940007908
"X30",-0.520311216054098
"X30",-0.607373424762029
"X30",-0.806798848870024
"X30",-0.244931170446864
"X30",-0.622310849229999
"X30",-0.83635509334326
"X30",-1.6276178279349
"X30",-0.545679168488457
"X30",-0.465723728232687
"X30",-0.719483321121098
"X30",-0.645132521892555
"X30",-1.15096289703508
"X30",-0.519007285308244
"X30",-0.877703435095109
"X30",-0.366556527306899
"X30",-1.34299605498928
"X30",-0.515179397604792
"X30",-0.686340090401616
"X30",-0.410805227104133
"X30",0.671248147000326
"X30",-0.696168279748556
"X30",-0.231348082425184
"X30",-0.9213547993658
"X30",-0.51129899839589
"X30",-0.920095220983406
"X30",-0.422733248084264
"X30",-0.506641271523847
"X30",-0.36372159824425
"X30",-0.4454674410918
"X30",-0.74595849983907
"X30",-0.124634014728715
"X30",-0.593108727948702
"X30",-0.585329613741742
"X30",-0.355191373595147
"X30",-1.50637446624093
"X30",-0.761626713750782
"X30",-0.667690467829092
"X30",-1.14646236858067
"X30",-0.463437770625728
"X30",-0.531275585370482
"X30",-0.501426038673559
"X30",-0.802398224319888
"X30",-0.596810148965528
"X30",-0.329175438887134
"X30",-0.32281356571591
"X30",-0.644621572599895
"X30",-0.568560372874688
"X30",-0.389509628017087
"X30",-1.01598606806323
"X30",-0.966712644039718
"X30",-0.712064064193243
"X30",-0.916983469305226
"X30",-1.27094209838073
"X30",-0.332225752078675
"X30",-0.812056373614737
"X30",-0.868837983386553
"X30",-0.220131351292305
"X30",-0.576386814843588
"X30",-1.2480797014238
"X30",-1.12477374085003
"X30",-0.23229844816518
"X30",-0.288580282422536
"X30",-0.734350417044929
"X30",-1.03619257165478
"X30",-0.730715733726833
"X30",-0.747684123336006
"X30",-1.40341052135494
"X30",-0.345489996218954
"X30",-0.866514271982966
"X30",-0.379108114370059
"X30",-0.645235351160215
"X30",-0.808516270673992
"X30",-0.644136505281862
"X30",-0.712184464134476
"X30",0.403582028414873
"X30",-0.448933087120053
"X30",-0.811179412024353
"X30",-0.908105263193098
"X30",-0.431927321432998
"X30",-0.651520117659472
"X30",-0.727786318042918
"X30",-0.673609341442002
"X30",-1.04068672741041
"X30",0.446846390094068
"X30",-0.627522607172642
"X30",-0.729868378599476
"X30",-0.43672380133557
"X30",-0.593090051387285
"X30",-0.917766341747859
"X30",-0.189353198964639
"X30",-1.17290348817224
"X30",-0.488749504621612
"X30",-0.78972783872172
"X30",-0.784485230717861
"X30",-1.61436221400363
"X30",-0.791227700247549
"X30",-0.570291354192959
"X30",-1.15350734452761
"X30",-0.596105307705175
"X30",-0.571515818581268
"X30",-1.17175805481062
"X30",-0.581500707859655
"X30",-0.87910567348727
"X30",-0.714935277070087
"X30",-0.836196734523506
"X30",-0.697293453601662
"X30",-0.50156117670802
"X30",-0.627629637707314
"X30",-1.01526549279884
"X30",-1.40324351076428
"X30",-0.499813153699542
"X30",-1.23209807850276
"X30",-1.12596555472267
"X30",-0.39238731331728
"X30",0.032488772537089
"X30",-0.591598946806872
"X30",-1.15071392164305
"X30",-0.418665914752277
"X30",-0.632138381065541
"X30",-0.401646119210283
"X30",-0.6305648965542
"X30",-0.51875132573648
"X30",-0.481955204867875
"X30",-0.835622214918467
"X30",-1.0842038562495
"X30",-0.388376103205158
"X30",-0.543929513857814
"X30",-0.53332768183554
"X30",-1.83258146374831
"X30",-0.661459546319075
"X30",-0.749083396609873
"X30",-0.34350482714821
"X30",-0.78832534269434
"X30",-0.642699712649228
"X30",-0.818622782783184
"X30",-0.33816972162214
"X30",-0.683710886036318
"X30",-1.0308190851122
"X30",-0.961345852591902
"X30",-0.489758033553028
"X30",-0.328212542799419
"X30",-0.918402352423443
"X30",-0.52530419906213
"X30",-1.03451203564326
"X30",-0.863845322022003
"X30",-0.828704423664575
"X30",-0.679235338693202
"X30",-0.585965668333768
"X30",-0.200172704640723
"X30",-1.07121751305144
"X30",-0.41122337334228
"X30",-0.91770802439002
"X30",-0.632659264534141
"X30",-0.91749009349178
"X30",-0.57927768726653
"X30",-1.17226281085642
"X30",-1.33147493473354
"X30",-0.622818183521661
"X30",-0.719901290220835
"X30",-0.417922111729037
"X30",-0.63303731043244
"X30",-1.17313487524427
"X30",-0.650113426812374
"X30",-0.680511134460517
"X30",-1.7521279087968
"X30",-0.518859380531887
"X30",-1.31971571673665
"X30",-0.786779343109699
"X30",-1.83258146374831
"X30",-0.815689961445222
"X30",-0.976027657919107
"X30",-0.480612873693467
"X30",-1.10171620358776
"X30",-0.615004290951736
"X30",-0.896777812689245
"X30",-1.2188948526199
"X30",-0.791333627775707
"X30",-0.204995921449144
"X30",-0.538682635998303
"X30",-1.23061962365088
"X30",-0.797883026528199
"X30",-1.83258146374831
"X30",-0.707379401333178
"X30",-1.83258146374831
"X30",-0.925813094439482
"X30",-0.607217639124765
"X30",-0.909256099377054
"X30",-0.763833758666668
"X30",-0.692109471611593
"X30",-1.61959424454733
"X30",-0.378799112590548
"X30",-0.828525001938565
"X30",-1.03696806737073
"X30",-0.556236525796747
"X30",-0.320350904899625
"X30",-0.702870631560716
"X30",-0.913958735095584
"X30",0.737182259979831
"X30",-0.98627111419397
"X30",-0.96841982410597
"X30",-0.770034390342889
"X30",-0.423449662532588
"X30",-0.695470403603014
"X30",-0.761801822718515
"X30",-1.02564000007522
"X30",-0.98269209466252
"X30",-0.727348538813957
"X30",-0.769365270873421
"X30",-1.06174098986846
"X30",-0.539972730979667
"X30",-1.09623951469349
"X30",-0.395207212297669
"X30",-0.4246742999752
"X30",-0.402871461836156
"X30",-0.783244060835784
"X30",-0.568190012658339
"X30",-0.88109311826305
"X30",-1.127345786693
"X30",-0.360401382183
"X30",-0.724233540774455
"X30",-0.584630566020663
"X30",-0.501401333472779
"X30",-1.14385320309922
"X30",-1.29786150210059
"X30",-0.49484432001186
"X30",-1.0321232849346
"X30",-0.350689626755865
"X30",-0.721191991808318
"X30",-1.40458969414906
"X30",-1.48796981704284
"X30",-0.371259398228686
"X30",-0.927128908414355
"X30",-0.625662719010014
"X30",-0.832182525836249
"X30",-0.43221455945915
"X30",-0.465656085243464
"X30",-0.663080389551638
"X30",-0.743973284100071
"X30",-1.32792423114304
"X30",-0.697837286956739
"X30",-0.738071055638823
"X30",-1.25521982441346
"X30",-1.02700959347132
"X30",-0.630379214246227
"X30",-0.65879035983724
"X30",-0.652969712625898
"X30",-0.521138766039332
"X30",-0.740663275663511
"X30",-0.854327759821546
"X30",-0.677741183972968
"X30",-0.715459516728163
"X30",-0.273978063359186
"X30",-0.515428160618419
"X30",-0.635709018201256
"X30",-0.891816205962472
"X30",-0.628239742853968
"X30",-0.4193921237379
"X30",-0.868998687258777
"X30",-1.83258146374831
"X30",-0.41088706748229
"X30",-0.359643985695949
"X30",-0.525342215160304
"X30",-0.623073994992149
"X30",-0.720406263896893
"X30",-0.564095518885368
"X30",-0.0463487128010368
"X30",-1.18216893718049
"X30",-0.542103936589752
"X30",-1.05360078514676
"X30",-0.630080846412853
"X30",-0.623346112379002
"X30",-0.689994842651061
"X30",-0.781142259349037
"X30",-0.379907735663321
"X30",-0.605884905668401
"X30",-0.327591925761602
"X30",-0.859951813548067
"X30",-0.583977902508993
"X30",-0.279996370083196
"X30",-0.969406644951961
"X30",-1.01560592844275
"X30",-0.609490112780213
"X30",-0.822838225593032
"X30",-0.585490504600155
"X30",-1.33206121888615
"X30",-0.668010852156055
"X30",-0.82139587032879
"X30",-0.709033934435372
"X30",-1.02611062941325
"X30",-0.631439129378306
"X30",-0.697447882933639
"X30",-0.881046282875607
"X30",-0.231281253659479
"X30",-0.750712989959619
"X30",-0.703036654968568
"X30",-0.513926516060299
"X30",-1.13751948434961
"X30",-0.475619584634947
"X30",-0.422265124726102
"X30",-0.699544107772492
"X30",-0.641532875165314
"X30",-0.0650241719901131
"X30",-0.687372749572786
"X30",-0.605316473647269
"X30",-0.912472336350384
"X30",-1.0452776540189
"X30",-0.456315604551975
"X30",-0.689327679942333
"X30",-0.958720023611345
"X30",-0.893407660240097
"X30",-0.861730108174521
"X30",-0.600769748494904
"X30",-0.506336268717524
"X30",-0.693784968063061
"X30",-0.326678304332536
"X30",-0.320350489676972
"X30",-0.567408541885645
"X30",-0.540105908939204
"X30",-0.436523548957635
"X30",-1.34652511843314
"X30",-0.626690672026852
"X30",-0.669878483525293
"X30",-0.830225513104872
"X30",-0.343428813133718
"X30",-1.32729276927472
"X30",-0.678378910260962
"X30",-0.341922915591085
"X30",-0.638983314795649
"X30",-0.492900601259581
"X30",-1.74195220637889
"X30",-0.703404851132381
"X30",-0.539126343240516
"X30",-0.314331519672037
"X30",-1.04302062665802
"X30",-0.458970269404598
"X30",-0.391945075022136
"X30",-0.773400657326349
"X30",-0.0818578810378878
"X30",-0.906582190343772
"X30",-0.792404803220089
"X30",-1.83258146374831
"X30",-0.355975372360651
"X30",-0.732551400610524
"X30",-0.647748147498016
"X30",-0.584020538765067
"X30",-0.905910992448101
"X30",-1.53268891974662
"X30",-0.850830136718839
"X30",-1.2010267424647
"X30",-0.615902772036707
"X30",-0.869412321039719
"X30",-0.475652086553604
"X30",-0.581901828986749
"X30",-0.371143969078356
"X30",-0.488712935500835
"X30",-0.797393879839801
"X30",-1.21399178915385
"X30",-0.701798709582139
"X30",-0.434765138585749
"X30",-0.976310511556775
"X30",-0.863957831620668
"X30",-0.533339523565387
"X30",-0.813936141954562
"X30",-0.953569753741485
"X30",-0.412269850353634
"X30",-0.456229174166577
"X30",-0.425812352041109
"X30",-0.704382421717189
"X30",-0.698348374536505
"X30",-0.876617829499412
"X30",-0.513600377301883
"X30",-1.01419148421218
"X30",-0.191805862631333
"X30",-0.731221465313524
"X30",-0.349636946466071
"X30",0.767051680841124
"X30",-0.813106643799111
"X30",-0.829311319571877
"X30",-0.7397206823305
"X30",-0.727931548650168
"X30",-0.617839375398805
"X30",-0.477272755161398
"X30",-0.749237657167871
"X30",-0.849321575175018
"X30",-0.248375735921833
"X30",-0.389276938641468
"X30",-0.615297226167844
"X30",-0.875060581665906
"X30",-0.657795914708552
"X30",-0.397125975204291
"X30",-1.24442281264447
"X30",-0.513277577577761
"X30",-0.550012036453066
"X30",-0.40951325961688
"X30",-0.819740509251312
"X30",-0.88746467997866
"X30",-0.633662717980554
"X30",-0.880309117365939
"X30",-0.761962649795393
"X30",-1.12276614092167
"X30",-0.777105747286496
"X30",-0.778556690833992
"X30",-1.01224973620197
"X30",-0.953001815599821
"X30",-0.558234269128928
"X30",-0.875211349579881
"X30",-0.45045920298402
"X30",-0.781840682748118
"X30",-0.429099396545753
"X30",-1.83258146374831
"X30",-0.677611899611241
"X30",-1.29355318014692
"X30",-0.358416544844445
"X30",-0.869986449839644
"X30",-0.555930690092592
"X30",-0.516508008068818
"X30",-0.766318369101771
"X30",-1.23281170971321
"X30",-1.02501304413142
"X30",-0.505421535513771
"X30",-1.00281851884109
"X30",-0.818038283144773
"X30",-0.131824994577637
"X30",-0.499452699580889
"X30",-0.892284062096057
"X30",-0.471976472601881
"X30",-1.29444387886658
"X30",-1.2788109476507
"X30",-0.619720060095701
"X30",0.263176031179509
"X30",-0.286353868449466
"X30",-0.809177179813872
"X30",-0.666267313891438
"X30",-0.66482954943167
"X30",-0.50447222220813
"X30",-0.320303272360382
"X30",-0.336516400892679
"X30",-0.827061948782066
"X30",-0.634367092485428
"X30",-0.680097321149789
"X30",-0.803406123552565
"X30",-0.937577932233343
"X30",-1.0108339367066
"X30",-0.912289865593254
"X30",-0.31213413264779
"X30",-1.05043625317876
"X30",-0.667159334607622
"X30",-0.431600829490094
"X30",-0.577312755800847
"X30",-0.443746352862122
"X30",-0.258837287264864
"X30",0.356901057317342
"X30",0.0209200836913668
"X30",-1.34569477083877
"X30",-0.687281182762229
"X30",-0.696909686635422
"X30",-1.29824287762889
"X30",-0.868681106189123
"X30",-1.22717762423305
"X30",-0.504089948347022
"X30",-0.615908637206692
"X30",-0.49977481863555
"X30",-1.44843077050064
"X30",-1.30777259677043
"X30",-1.13823849305117
"X30",-0.487315155131782
"X30",-0.652550111972536
"X30",-0.90119744455152
"X30",-0.533958447874318
"X30",-0.503612447367408
"X30",-1.18961958123471
"X30",-0.516106410625052
"X30",-0.584781364838083
"X30",-0.823536587791729
"X30",-0.59559179294335
"X30",-0.690802014870146
"X30",-0.716536835433157
"X30",-0.598346026808589
"X30",-1.01984436452622
"X30",-0.291664624549666
"X30",-0.611105918099179
"X30",-0.480240252328582
"X30",-0.941553026438387
"X30",-0.997941180672797
"X30",-0.565524062701427
"X30",-0.522142859925389
"X30",-0.547907315627992
"X30",-0.865633667510484
"X30",-1.14266715098307
"X30",-0.916133901167491
"X30",-0.815970899963612
"X30",-1.46333711228313
"X30",-0.796149507498819
"X30",-0.863090216945961
"X30",-0.541982047273886
"X30",-0.800823069970959
"X30",-0.971767226791391
"X30",-0.562912092225859
"X30",-0.851635343248588
"X30",-0.984311860245566
"X30",-0.760971016173894
"X30",-0.875757646323345
"X30",-0.576194633307083
"X30",-0.942699647381439
"X30",0.112866326017529
"X30",-0.513578559347931
"X30",-0.778635680991433
"X30",-0.801686943610436
"X30",-0.778608725032315
"X30",-0.478450233506243
"X30",-0.573356221289024
"X30",-0.719121678951558
"X30",-1.12707041178644
"X30",-0.323695038173968
"X30",-0.616915141461736
"X30",-0.512088838759916
"X30",-0.35608334728642
"X30",-0.594764302979689
"X30",-0.776772980304921
"X30",-0.197543376263478
"X30",-0.476936989661105
"X30",-0.68180469240912
"X30",-0.704907660264891
"X30",-1.2536680961423
"X30",-0.770032146710384
"X30",-0.968693401210031
"X30",-0.582286767342258
"X30",-0.921596048093316
"X30",-0.868335513881215
"X30",-0.508421543470466
"X30",-0.548243681557863
"X30",-0.838575977354045
"X30",-0.62969000366144
"X30",-0.460049637248171
"X30",0.1997363779461
"X30",-0.680103174315906
"X30",-0.545842363959717
"X30",-0.648187007782654
"X30",-0.515334178817704
"X30",-0.723362714756121
"X30",-0.580335680583928
"X30",-0.456712951641348
"X30",-0.713243361245131
"X30",-0.772914992990629
"X30",-0.867252586859581
"X30",-0.279786084502514
"X30",-0.45053133104582
"X30",-1.13062278463367
"X30",-0.07271596414099
"X30",-0.571297013294043
"X30",-0.389257465906661
"X30",-0.851970600286035
"X30",-0.427896042350122
"X30",-0.988563295467953
"X30",-0.640121682531188
"X30",-0.571764437395175
"X30",-0.460179257896169
"X30",-0.625434101684088
"X30",-0.653497384065226
"X30",-0.314073453106057
"X30",-0.909785607752501
"X30",-0.854503678510948
"X30",-1.11488742156707
"X30",-1.05958811659925
"X30",-0.576068467521592
"X30",-0.467367757658765
"X30",-0.680525235108794
"X30",-0.633593005991258
"X30",-0.785891908367697
"X30",-0.569745089357021
"X30",-0.630625609243522
"X30",-0.633704254410588
"X30",-1.28673879213287
"X30",-1.05573497704353
"X30",-0.414420091057144
"X30",-0.564121714874402
"X30",-0.931573158048938
"X30",-0.741805092805487
"X30",-0.692980041186719
"X30",-0.152683677959373
"X30",-0.824506160299509
"X30",-0.641970981781027
"X30",-0.39067424806175
"X30",-0.464441501272879
"X30",-0.724086185558592
"X30",-1.04953754457414
"X30",-0.681597868871071
"X30",-0.426922445542855
"X30",-0.545219904128036
"X30",-0.808098324500511
"X30",-0.268614967628393
"X30",-0.607706593727971
"X30",-0.568395096082027
"X30",-0.206310809920873
"X30",-0.75519834274869
"X30",-0.65661947565846
"X30",-0.836642130169224
"X30",-0.244343480355301
"X30",-1.35357905553423
"X30",-0.25570656402159
"X30",-1.59799971562166
"X30",-0.531161214075111
"X30",-1.00840618315414
"X30",-0.676025866204531
"X30",-0.975892699971015
"X30",-0.422548196402147
"X30",-0.811170579810983
"X30",-0.839671914123144
"X30",-0.731118200650043
"X30",-0.713537007018646
"X30",-1.00574485800987
"X30",-0.800141753997708
"X30",-0.60017849083306
"X30",-0.633030749978851
"X30",-0.533812576781706
"X30",-0.745348930542385
"X30",-0.267583749934922
"X30",-1.0733021281654
"X30",-1.04831652236042
"X30",-0.683057865681136
"X30",-1.13247942695026
"X30",-0.641238459082523
"X30",-1.34160179578362
"X30",-0.44114628509671
"X30",-0.399037548565299
"X30",-0.346482149878493
"X30",-0.631334247319967
"X30",-0.754251592946642
"X30",-1.23226670271753
"X30",-0.780466477616324
"X30",-0.785178385488825
"X30",-0.488143096715615
"X30",-0.903825943900866
"X30",-0.801008805431659
"X30",-1.3551074710682
"X30",-0.662516052967781
"X30",-0.426575804410505
"X30",-0.731185402339283
"X30",-0.627502452411211
"X30",0.229815089893368
"X30",-1.14527730144217
"X30",-0.901272460397405
"X30",-0.567936030452752
"X30",-0.536304991362486
"X30",-0.615273489395158
"X30",-0.705917420743006
"X30",-0.461495593161469
"X30",-0.741702121888603
"X30",-0.574347882570509
"X30",-0.428174274785251
"X30",-0.494754854838446
"X30",-0.638680296347408
"X30",-0.708313931096078
"X30",-0.968736586364443
"X30",-0.344149425931499
"X30",-0.396370020940819
"X30",-0.419347611106978
"X30",-0.637655128624977
"X30",-0.534724093198214
"X30",-0.555111922275953
"X30",-1.03381718423377
"X30",-0.306470216077059
"X30",-0.524241968377703
"X30",-1.11414119984303
"X30",-1.08095359038376
"X30",-1.27992280174495
"X30",-0.63917365524221
"X30",-0.760029010909232
"X30",-0.466026833182597
"X30",-0.432269451737444
"X30",-0.416356933039733
"X30",-0.282442881367067
"X30",-0.666289360207347
"X30",-0.621241484838848
"X30",-0.738266517172267
"X30",-0.645726059096518
"X30",-0.994678026880045
"X30",-0.730860645965752
"X30",-1.02907454465458
"X30",-0.569070505434527
"X30",-0.94119451104117
"X30",-0.914444011131594
"X30",-0.390032693907519
"X30",-1.20111746374807
"X30",-0.113624403004837
"X30",-1.35554075800411
"X30",-0.462186982099469
"X30",-0.799248856345998
"X30",-0.728601247219602
"X30",-0.196990143552688
"X30",-1.30143972903504
"X30",-0.827850496242502
"X30",-0.781247203998235
"X30",-0.439575280564662
"X30",-0.641671867466064
"X30",-0.557439095589332
"X30",-0.914728628999561
"X30",-0.0954537437963952
"X30",-0.11701890346402
"X30",-0.865102869391124
"X30",-0.589536547036797
"X30",-0.716366066284684
"X30",-0.264933411832918
"X30",-0.782208540379582
"X30",-1.36113046415971
"X30",-0.809501378854735
"X30",-1.14189594694004
"X30",-0.675732495457578
"X30",-1.08385898648815
"X30",-0.666668680040934
"X30",-0.721343663923488
"X30",-1.11989611066294
"X30",-0.238638686789099
"X30",-0.694972180070051
"X30",-0.692347095737739
"X30",-0.707952758435172
"X30",-0.340459417439676
"X30",-0.78975545348127
"X30",-0.753420673978002
"X30",-0.762210961164665
"X30",-1.14484278216239
"X30",-0.672482189243906
"X30",-0.514935921786591
"X30",-0.752342826187904
"X30",-1.11811371655926
"X30",-1.38092623403453
"X30",-0.676651946515178
"X30",-0.71859696312198
"X30",-0.55755007744599
"X30",-0.591349358828322
"X30",-0.918778314841357
"X30",-0.824247106068942
"X30",-0.700034712610132
"X30",-1.14611193272637
"X30",-0.600223321913957
"X30",-1.02047975401085
"X30",-0.365001081674726
"X30",-1.04603133175604
"X30",-0.472272767890094
"X30",-0.484563009896524
"X30",-0.685266106800777
"X30",-1.03117150692243
"X30",-0.861713818843118
"X30",-0.724902062451176
"X30",-0.421162944374319
"X30",-0.491522447594318
"X30",-0.208885319923532
"X30",-1.08630410963111
"X30",-0.593652039998426
"X30",-0.548031969179714
"X30",-0.653890527936624
"X30",-0.753150211067017
"X30",-0.873624923121914
"X30",-0.564997790907194
"X30",-1.17531951113742
"X30",-1.56436410121107
"X30",0.658882436612757
"X30",-1.79665518846632
"X30",-1.56332425279319
"X30",-0.883416920210984
"X30",-0.865981227998487
"X30",-0.551267363697908
"X30",-0.534561422965308
"X30",-1.24731191758216
"X30",-0.539727083195519
"X30",-0.789163633768397
"X30",-0.357872582701361
"X30",-1.01378112957865
"X30",-0.552222713141497
"X30",-1.26026280002231
"X30",-0.713954527278871
"X30",-0.906333230529334
"X30",-0.823112831973657
"X30",-0.230010259708298
"X30",-1.24413371552447
"X30",-0.56801579753004
"X30",-0.719540147924202
"X30",-1.08639537739247
"X30",-0.59490874323625
"X30",-0.718627484248733
"X30",0.200910031935157
"X30",-0.804063758047168
"X30",-1.22885529105293
"X30",-0.69748026706733
"X30",-0.934627627647355
"X30",-0.6827219405553
"X30",-0.725208595866488
"X30",-1.27038581723735
"X30",-0.278090218379479
"X30",-0.853663995809898
"X30",-0.614294413668986
"X30",-0.644710636834645
"X30",-0.645161670492285
"X30",-0.167283007006506
"X30",-0.486582577003426
"X30",-0.943504984324674
"X30",-0.810202897432044
"X30",-0.512421543665941
"X30",-0.940790223376616
"X30",-0.992134107198008
"X30",-0.923442015198056
"X30",-0.422866015634252
"X30",-0.405393727790807
"X30",-0.545609205227062
"X30",-0.984070548554613
"X30",-0.236389855271463
"X30",-0.812443136309671
"X30",-0.770729233493629
"X30",-0.817665538638741
"X30",-0.811799202270444
"X30",-0.620328522374396
"X30",-0.295038039572663
"X30",-0.456997195015401
"X30",-1.04874983010843
"X30",-0.315482614856204
"X30",-0.647118564322852
"X30",-0.335113239383135
"X30",-0.844025363449837
"X30",-0.788839602800821
"X30",-1.12215040075943
"X30",-0.658008053314139
"X30",-0.832879143728002
"X30",-0.555291102861555
"X30",-0.910649428609649
"X30",-0.640034992275701
"X30",-0.512476312921562
"X30",-0.215496702545866
"X30",-0.823514045718596
"X30",-0.870902301886693
"X30",-0.359686944088845
"X30",-0.562307963493793
"X30",-0.721521306425006
"X30",-0.944404583180276
"X30",-0.730071631478852
"X30",-1.36092278521524
"X30",-1.32422970671915
"X30",-0.395840572094776
"X30",-0.255446323474111
"X30",-1.50646522271577
"X30",-0.387089936331448
"X30",-0.750047470692309
"X30",-0.358961963400611
"X30",-0.839930681811227
"X30",-0.698613416924867
"X30",-1.02151273860885
"X30",-1.12418949972655
"X30",-0.649977272198015
"X30",-0.428316561537046
"X30",-0.781757794354618
"X30",-0.331727562710364
"X30",-0.986922686259287
"X30",-0.182227396263284
"X30",-0.529732572720508
"X30",-1.14953976988754
"X30",-0.491654747776386
"X30",-0.550495289777322
"X30",-0.888934563106894
"X30",-0.406051872528423
"X30",-1.06927649635862
"X30",-0.534296046790501
"X30",-0.859098275424903
"X30",-0.670788389432898
"X30",-1.0537683679084
"X30",-0.868220314542922
"X30",-0.366295194736322
"X30",-0.847440636846411
"X30",-0.17640791177407
"X30",-0.714797716721566
"X30",-0.278441933406537
"X30",-0.586903020552091
"X30",-0.568527470121186
"X30",-0.66291888827747
"X30",-0.464785917895194
"X30",-0.443080476478903
"X30",-1.01154650518092
"X30",-0.94456336667646
"X30",-1.64347299065837
"X30",-0.847573485199838
"X30",-0.892956656677597
"X30",-0.968983045211863
"X30",-0.696601764776125
"X30",-0.752266503320438
"X30",-0.579009525750916
"X30",-0.909182522617335
"X30",-0.556054522706263
"X30",-0.647713923194513
"X30",-1.10200527508291
"X30",-0.49600354648321
"X30",-0.742098258099036
"X30",-0.367202790777359
"X30",-1.22923263432092
"X30",-0.310205791455164
"X30",-0.566733475598474
"X30",-0.742732432307648
"X30",-0.642981386595381
"X30",-0.748889605156955
"X30",-0.727904382693886
"X30",-0.847282486426257
"X30",-1.55830171018018
"X30",-0.318828872207332
"X30",-0.520315455442616
"X30",-0.771377224967667
"X30",-0.142499236142169
"X30",-0.75751267193524
"X30",-0.358089713873412
"X30",-0.242883686352574
"X30",-0.515223305897119
"X30",-0.729697667035844
"X30",-0.931718722583523
"X30",-1.06129305097487
"X30",-1.07513404485533
"X30",-1.01491130767597
"X30",-0.444107830123375
"X30",-0.228716603674816
"X30",-0.699858292403855
"X30",0.187228106448762
"X30",-0.401721293575906
"X30",-0.71276385513178
"X30",-0.532918187691193
"X30",-0.534028387630242
"X30",-0.702388130662072
"X30",-0.835460378585904
"X30",-0.232391323436497
"X30",-0.55636124550529
"X30",-0.450776910992839
"X30",-0.354504987748418
"X30",-0.57914232395325
"X30",-0.47663497785465
"X30",-0.78317147759512
"X30",-1.02571460934245
"X30",-0.617635145595334
"X30",-0.882401794915901
"X30",0.335200935002357
"X30",-0.451627439434296
"X30",-0.568735032275397
"X30",-0.542622170794892
"X30",-0.461471378104839
"X30",-0.956847437482639
"X30",-0.681354150624863
"X30",-0.715887667762061
"X30",-0.678368612236442
"X30",-0.849983319123649
"X30",-0.933784330775249
"X30",-1.32939762582006
"X30",-0.556176798674649
"X30",-0.660901202089552
"X30",-0.855018692036232
"X30",-1.12084817661212
"X30",-0.625191147852813
"X30",-0.434311782243429
"X30",-1.09146272848333
"X30",-0.980982929221438
"X30",-0.466149134947577
"X30",-1.04342004009194
"X30",-0.34466101656611
"X30",-1.04818615988642
"X30",-0.614941429353422
"X30",-0.963589133674046
"X30",-0.488783406517856
"X30",-0.390671752383347
"X30",-0.425479833660335
"X30",-0.431352375343443
"X30",-1.17331873769208
"X30",-0.25716927209707
"X30",-0.518090759229446
"X30",-0.506984324683277
"X30",-1.30365492164935
"X30",-0.634079248267236
"X30",-1.15944519149905
"X30",-0.502270187646879
"X30",-0.73646000034749
"X30",-0.773241079369624
"X30",-0.991881235482739
"X30",-1.6949272114513
"X30",-0.219908875565986
"X30",-0.812554798914732
"X30",-0.795272538580738
"X30",-0.806504603006297
"X30",-0.869137890580636
"X30",-1.04511301977943
"X30",-0.57067542423738
"X30",-0.623654509323441
"X30",-0.743209894414678
"X30",-0.662260432782221
"X30",-0.525193619942263
"X30",-0.656239079206013
"X30",-1.05305483377593
"X30",-1.14458106841887
"X30",-0.796826194732026
"X30",-1.31249394137857
"X30",-0.464249352379045
"X30",-0.828864511763588
"X30",-0.586334624144052
"X30",-0.633924169737123
"X30",-0.674198315852321
"X30",-0.854467766196644
"X30",-0.70212490227974
"X30",-0.58000779152016
"X30",-0.726576225616081
"X30",-0.619347627189278
"X30",-0.452378703136912
"X30",-0.762817412299324
"X30",-0.681748083180692
"X30",-0.661733100463688
"X30",-0.796214794063989
"X30",-0.319846612198041
"X30",-0.549035067542136
"X30",-0.158261934784174
"X30",-0.45522395371949
"X30",-0.849729429698421
"X30",-0.483854900720013
"X30",-0.357857126619096
"X30",-1.05941529306016
"X30",-0.855436658431277
"X30",-0.242311802584297
"X30",-1.13343300542964
"X30",-0.862014784245957
"X30",-0.546902954317624
"X30",-0.757198082007838
"X30",-0.833785734819945
"X30",-0.409338520314189
"X30",-0.642072623345704
"X30",-0.937093105153419
"X30",-0.691462703427553
"X30",-0.806227513055956
"X30",0.0643116148854743
"X30",-1.73028874024847
"X30",-0.656617512835668
"X30",-0.659567407309186
"X30",-0.548125119355843
"X30",-0.169621931233346
"X30",-0.839673727573312
"X30",-0.410667486281283
"X30",-0.678476284573776
"X30",-0.789534459439341
"X30",-0.472768164409012
"X30",-0.373902448744833
"X30",-0.0116363284909957
"X30",-0.407985409503174
"X30",-0.881941568483068
"X30",-0.709739319392202
"X30",-0.76448088532331
"X30",-0.609065608088359
"X30",-0.707560533101886
"X30",-0.747294774148194
"X30",-0.830073514782954
"X30",-0.523904167693682
"X30",-0.173314727514132
"X30",-0.469840137498533
"X30",-1.14047791621032
"X30",-0.452330397801717
"X30",0.0393530715791654
"X30",-0.488854897048878
"X30",-1.14831661769134
"X30",-0.461595105891159
"X30",-0.263031443364689
"X30",-0.633642889030752
"X30",-0.423219430097187
"X30",-1.01809945576709
"X30",-0.628988035581969
"X30",-0.62849831934073
"X30",-0.633193558294231
"X30",-1.05033188478724
"X30",-0.840022663627034
"X30",-0.520113850787007
"X30",-0.703053356960504
"X30",-0.636577495695561
"X30",-0.634745668266916
"X30",-0.849236615858548
"X30",-0.420830093946734
"X30",-0.639288793542137
"X30",-0.411575347494602
"X30",-0.384345987669361
"X30",-0.17716201192299
"X30",-0.746712638131561
"X30",-0.620676961409771
"X30",-0.708594359005334
"X30",-0.910521738320148
"X30",-1.07778879485362
"X30",-0.46253850217808
"X30",-0.950158462013014
"X30",-0.489441122433369
"X30",-1.26831647394657
"X30",-0.487643961953012
"X30",-0.831146646602294
"X30",-0.451650061411827
"X30",-1.15404353685589
"X30",-1.26747709320611
"X30",-1.44327000746705
"X30",-0.760578054665137
"X30",-0.843521800162241
"X30",-0.570549819264463
"X30",-0.675237970574593
"X30",-0.572888791982882
"X30",-0.675342783812254
"X30",-0.150744934463589
"X30",-0.607822805857588
"X30",-0.447323491717111
"X30",-0.390137184603099
"X30",-0.746870356340484
"X30",-0.66200618313917
"X30",-0.416312125536117
"X30",-1.78009581412142
"X30",-0.365698473979109
"X30",-0.922041512534795
"X30",-0.410255226778946
"X30",-0.768606191398508
"X30",-0.286461846750986
"X30",-1.03851161588904
"X30",-0.7280823777664
"X30",-0.784161813700991
"X30",-0.921491088377755
"X30",-0.592439927565098
"X30",-0.628022075404238
"X30",-1.24875939717249
"X30",-1.13411670640842
"X30",-0.410829335464765
"X30",-0.907270441883729
"X30",-0.279969969914691
"X30",-0.490954568400684
"X30",-0.928587864946498
"X30",-1.41159569140772
"X30",-0.68365588332457
"X30",-0.458211816687244
"X30",-0.623266463226207
"X30",-0.680944167101912
"X30",-0.537406442274476
"X30",-0.227937835225785
"X30",-0.841955706782224
"X30",-0.388861517235195
"X30",-0.370168834203788
"X30",-0.59469760971806
"X30",-0.661358445107458
"X30",-0.79550972663353
"X30",-0.451911372213261
"X30",-0.509081512635353
"X30",-0.795108423648178
"X30",-0.986127732801473
"X30",-0.702233114240163
"X30",-1.05582599273232
"X30",-0.659940926323057
"X30",-0.779842839566706
"X30",-0.674177925653531
"X30",-0.465558657792949
"X30",-0.857443396858355
"X30",0.0590701445227439
"X30",-0.431940246894505
"X30",-1.35147287774206
"X30",-0.278179019139007
"X30",-0.352644846993846
"X30",-0.521531150838985
"X30",-0.671396450834325
"X30",-0.810561716898409
"X30",-0.515310173515282
"X30",-0.944223032936014
"X30",-0.95479132381251
"X30",-0.793390184714561
"X30",0.320736849064683
"X30",-0.620173928561286
"X30",-0.634903692381994
"X30",-1.07465062873016
"X30",-0.742786631559484
"X30",-1.27845804864765
"X30",-0.944405985412088
"X30",0.226973293823338
"X30",-0.629829190040275
"X30",-0.759058423381513
"X30",-0.562385499015095
"X30",-0.653765486428497
"X30",-0.458152765306012
"X30",-0.411484070798091
"X30",-0.862542302070128
"X30",-0.303165992895224
"X30",-0.807884583130722
"X30",-0.154899739732148
"X30",-1.12786103202031
"X30",-1.27521123494257
"X30",-0.820631809350798
"X30",-0.572184630075326
"X30",-1.22828357069033
"X30",-0.116785671191799
"X30",-0.396973956932376
"X30",-0.2875441048432
"X30",-0.336785809863098
"X30",-0.703031885288289
"X30",-1.5781308894979
"X30",-0.776970518632002
"X30",-0.988618849400516
"X30",-0.692617928727967
"X30",-1.25823192546321
"X30",-0.575385372008615
"X30",-0.659654585744258
"X30",-1.00752017913224
"X30",-0.582487078163277
"X30",-0.644818393430485
"X30",-1.03992311296817
"X30",-0.89188116953222
"X30",-0.700681754129137
"X30",-0.593429599206717
"X30",-0.901089281755939
"X30",-0.510654417656672
"X30",-0.791801961159647
"X30",-0.779888602830555
"X30",0.162962529695309
"X30",-0.339398331055881
"X30",-0.676849684705017
"X30",-0.361028166423177
"X30",-0.914186884544298
"X30",-1.18261006549424
"X30",-0.905595194924396
"X30",-1.09252350849056
"X30",-0.739527842389534
"X30",-0.488712134975328
"X30",-0.974862384357874
"X30",-0.404119989631755
"X30",-1.49941592716822
"X30",-0.836400111018113
"X30",-0.540591886244165
"X30",-0.0821411222594723
"X30",-0.683894524819607
"X30",-0.565966371618091
"X30",-0.396821621057845
"X30",-0.701760083780139
"X30",-1.16705462466528
"X30",-0.786030776638005
"X30",-0.749783034560441
"X30",-1.11257957369782
"X30",-0.810781529886905
"X30",-0.835818412278467
"X30",-0.725926690987745
"X30",-1.68337518539657
"X30",-1.00374085316602
"X30",-0.623890139937114
"X30",-1.20876325273894
"X30",-1.09123204968432
"X30",-0.496563742160472
"X30",-0.916298420290387
"X30",-0.763448073430347
"X30",-0.556050344171982
"X30",-0.53877935780426
"X30",-0.821909963459903
"X30",-0.285503145065987
"X30",-0.594550511127096
"X30",-0.535091732157919
"X30",-0.941773299913821
"X30",-0.520979727410077
"X30",-0.800750972370008
"X30",-1.43853125265597
"X30",0.242505522801332
"X30",-0.388283650063585
"X30",-0.0301912485796932
"X30",-0.881917365633281
"X30",-1.02402263836937
"X30",-0.690937669460909
"X30",-0.410616539348012
"X30",-1.83258146374831
"X30",-0.715064294279055
"X30",-0.940286131275824
"X30",-0.589892628290761
"X30",-0.349165486256819
"X30",-0.998195083562014
"X30",-0.499611911672298
"X30",-0.432364337143511
"X30",-0.297267445224735
"X30",-0.72673522829897
"X30",-1.24661278302115
"X30",-1.17540266444959
"X30",-0.699387545526296
"X30",-0.717434563206591
"X30",-0.832676531925906
"X30",-0.268613882928481
"X30",-0.627225335611739
"X30",-1.19379465816347
"X30",-0.869711206888189
"X30",-1.00479341098808
"X30",-0.739870487935431
"X30",-0.901806510044433
"X30",-0.823109893530917
"X30",-0.310349647125309
"X30",-0.229439261525631
"X30",-0.228259064895209
"X30",-1.52088532466519
"X30",-0.380893914381653
"X30",-0.623489929482722
"X30",-1.02534950571183
"X30",-0.512559452891559
"X30",-0.662353183963826
"X30",-0.611380776432566
"X30",-1.24634894157136
"X30",-0.581134986522312
"X30",-1.04481942050803
"X30",-1.11834191041215
"X30",-0.591301057271707
"X30",-0.730459498259185
"X30",-0.586663996503186
"X30",-0.403529319666572
"X30",-0.99234229532469
"X30",-1.09169782898386
"X30",-1.25761474039677
"X30",-0.779727152843858
"X30",-1.1405733933836
"X30",-1.12757656120262
"X30",-1.08304857481132
"X30",-0.410001429316017
"X30",-0.208577348655623
"X30",-1.13480783460861
"X30",-0.306271972916056
"X30",-0.733483047243404
"X30",-1.04138248001949
"X30",-0.766855031717511
"X30",-0.592187685386962
"X30",-0.676131972981583
"X30",-0.636830127719424
"X30",-0.396522036231678
"X30",-0.737552200221133
"X30",-0.726700459976443
"X30",-0.509833606805809
"X30",-0.506289254572522
"X30",-0.682253732501229
"X30",-1.02765365834272
"X30",-0.481128061951245
"X30",-0.608547923451334
"X30",-0.838529527078456
"X30",-0.672891532793263
"X30",-1.03736779983751
"X30",-0.772380049052706
"X30",-0.787368688059983
"X30",-0.476905294888306
"X30",-0.363008029818925
"X30",-0.760501492550046
"X30",-0.874511951859402
"X30",-0.849951886915184
"X30",-0.808221691271421
"X30",-0.861640601902408
"X30",-0.905209065690647
"X30",-0.930891558355894
"X30",-0.282199718624422
"X30",-0.57768639574981
"X30",-0.526472716266479
"X30",-0.126321902410733
"X30",-0.19683115183832
"X30",-0.354995449137154
"X30",-0.598160027103677
"X30",-0.338357348815534
"X30",-0.652335073158263
"X30",-0.697977083015359
"X30",-0.365725157270156
"X30",-0.554520143790984
"X30",-0.876745036235744
"X30",-0.541185934961107
"X30",-0.929462915813329
"X30",-0.933024669605171
"X30",-0.765828025137191
"X30",-0.577290740772179
"X30",-0.149022036066367
"X30",-1.05361948568365
"X30",-0.980546991271512
"X30",-0.658696693254829
"X30",-0.628637523228574
"X30",-0.569582715271121
"X30",-1.07043673469749
"X30",-0.593635604188891
"X30",-1.040922465577
"X30",-0.768081512071738
"X30",-0.602952028990219
"X30",-0.193300511892459
"X30",-0.396034994857877
"X30",-0.900762547719847
"X30",-0.981376540926636
"X30",-1.06703488745882
"X30",-0.613130190783583
"X30",-0.912593155317397
"X30",-0.426100464365948
"X30",-1.07390578709082
"X30",-0.384462694555964
"X30",-0.535277489523508
"X30",-0.531799832290731
"X30",-0.569288330909255
"X30",-0.3231762348653
"X30",-0.738280871574751
"X30",-0.52940730220992
"X30",-0.611160251716345
"X30",-0.620450262933468
"X30",-0.408450700028505
"X30",-0.892959015625687
"X30",-1.48047810530469
"X30",-0.534262270369316
"X30",-0.453200443314931
"X30",-0.814857962807693
"X30",-0.726413953595439
"X30",-0.627985086765157
"X30",-0.548566206226261
"X30",-0.397843657251792
"X30",-0.416106084133766
"X30",-1.2689903249326
"X30",-0.894532041381323
"X30",-0.956950598238938
"X30",-0.252359556321096
"X30",-0.50657775116741
"X30",-0.258591006297359
"X30",-1.54555426793421
"X30",-0.181335359360873
"X30",-1.27147447089608
"X30",-1.83258146374831
"X30",-0.134035786823922
"X30",-0.366089030970513
"X30",-1.22198687988552
"X30",-1.24405365535201
"X30",-0.505042645126319
"X30",-0.388644769183918
"X30",-0.985235875303926
"X30",-1.0920194720291
"X30",-0.728993535989635
"X30",-0.802208327438618
"X30",-0.425891269352686
"X30",-0.546908195422919
"X30",-0.848947236170742
"X30",-0.559419549590288
"X30",-0.996256402768835
"X30",-1.35883509739517
"X30",-0.387566991729184
"X30",-0.817435206210051
"X30",-0.469037488396962
"X30",-0.621662935453007
"X30",-0.602617968087627
"X30",-0.686356996437895
"X30",-0.447692395679454
"X30",-0.471251142707039
"X30",-0.361220171486617
"X30",-0.441787333273435
"X30",-0.338652369892546
"X30",-0.909379931959296
"X30",-0.677140686748903
"X30",-1.07395024553129
"X30",-0.924036614175258
"X30",-1.07765150590522
"X30",-0.207585965026303
"X30",-0.0271053497175308
"X30",-1.34683614979955
"X30",-0.63057856207906
"X30",-0.607629934672634
"X30",-0.418242839746432
"X30",-0.588754058452138
"X30",-0.426811363305804
"X30",-0.667638296905786
"X30",-1.00680878866299
"X30",-0.533105347418586
"X30",-1.19499305633985
"X30",-1.13072785024183
"X30",-0.733779600268928
"X30",-1.11737726601453
"X30",-1.83258146374831
"X30",-0.821264033177163
"X30",-0.0994490382014337
"X30",-0.342828115905161
"X30",-0.140540381617198
"X30",-0.734095804530331
"X30",-0.81977886708854
"X30",-0.576386814843588
"X30",-0.555417106003208
"X30",-0.495428246099744
"X30",-0.900194821416582
"X30",-0.309221035910389
"X30",-0.92039880519944
"X30",-1.32559436054275
"X30",-1.68040515582233
"X30",-0.808272092117745
"X30",-0.986608244933889
"X30",-1.00913094767457
"X30",-0.379336374778277
"X30",-0.625643966697956
"X30",0.0840646725428818
"X30",-0.475351737999032
"X30",-0.709527764115542
"X30",-0.874295289540248
"X30",-1.1935464111133
"X30",-0.664608599066626
"X30",-0.523648342999129
"X30",-0.653556341573773
"X30",-0.697882749385964
"X30",-1.62637792941469
"X30",-0.50058980913539
"X30",-1.00032917275955
"X30",-0.429326019984226
"X30",-0.723048274114169
"X30",-0.748556722354222
"X30",-0.838598406846344
"X30",-1.09746601052754
"X30",-0.42031596768641
"X30",-0.597742444045234
"X30",-0.727721405535106
"X30",-0.328164770628831
"X30",-0.866404118250629
"X30",-0.766939773715592
"X30",-0.852979917078961
"X30",-0.734893699359826
"X30",-0.358072550616288
"X30",-0.692258622296696
"X30",-0.447906182713608
"X30",-0.524541545131078
"X30",-0.937795528199195
"X30",-0.790283684290185
"X30",-0.583299904666778
"X30",-0.643223685080378
"X30",-0.777111562650466
"X30",-0.518058855062751
"X30",-0.456346978207847
"X30",-1.28150261192224
"X30",-1.12469873026569
"X30",-0.677889105218031
"X30",-0.778001822375911
"X30",-0.968079382803314
"X30",-0.635976219226385
"X30",-0.305719982163303
"X30",-0.878128264483071
"X30",-0.88253986071057
"X30",0.140050396848107
"X30",-0.090363976923351
"X30",-1.23391168578332
"X30",-0.406885081866121
"X30",-1.15579789068666
"X30",-0.284524946726096
"X30",-0.74921479799979
"X30",-0.347017271109598
"X30",-0.770795629202676
"X30",-0.343929534116913
"X30",-1.27702244886785
"X30",-1.72258416535024
"X30",-1.09670075001068
"X30",-0.921565314373108
"X30",-0.497031363318537
"X30",-0.497397019153434
"X30",-0.574373911668825
"X30",-0.753849332887141
"X30",-0.199968230459741
"X30",-0.668526229081131
"X30",-0.58260471298566
"X30",-0.521140291377374
"X30",-0.324419209675947
"X30",-1.34803109923885
"X30",-0.525592299581348
"X30",-0.762835492438654
"X30",-0.453119385823569
"X30",-0.113459898088228
"X30",-0.362404998620568
"X30",-0.903754956317691
"X30",-0.550248910777185
"X30",-1.29406434089467
"X30",-0.626702148466015
"X30",-0.948969799332836
"X30",-0.326324523238087
"X30",-0.825764836579009
"X30",-0.755757694357332
"X30",-0.965169450893309
"X30",-0.541363714815217
"X406",0.800657877386409
"X406",1.44132099009235
"X406",1.41040658402244
"X406",1.74329563058722
"X406",1.46341766397094
"X406",1.92470564661039
"X406",1.60991837508564
"X406",1.33522784454588
"X406",1.33815945889579
"X406",1.08896151106675
"X406",1.29327952000933
"X406",1.79772699860852
"X406",1.07275292446575
"X406",1.46958511603948
"X406",1.32554296317263
"X406",1.71994918182278
"X406",1.5706929089033
"X406",1.57087158217556
"X406",1.96139648692551
"X406",-1.96611285637283
"X406",1.73578167661385
"X406",1.54470721418329
"X406",0.633443488756137
"X406",1.54000266077596
"X406",1.62290181077627
"X406",1.96236638205141
"X406",1.59557097622929
"X406",1.42150475807578
"X406",1.54245569114736
"X406",1.17389211024366
"X406",1.12705341699463
"X406",1.3506712446934
"X406",1.68694330734059
"X406",1.39401750794561
"X406",1.76386397366069
"X406",1.64281231488962
"X406",1.83940242868311
"X406",1.45728054599182
"X406",1.15306141944752
"X406",1.68857825196571
"X406",1.49574275893248
"X406",0.731313567264925
"X406",1.67195827213605
"X406",1.36218722752537
"X406",0.957926712851561
"X406",1.28192741329428
"X406",1.47625673174674
"X406",1.64363011239085
"X406",1.56303718677231
"X406",1.49600844546338
"X406",1.53142346447354
"X406",1.65612439087844
"X406",1.30823348276637
"X406",1.12473119520519
"X406",1.34297309894356
"X406",1.4757858691208
"X406",0.851037557983175
"X406",1.22465423619418
"X406",1.75631080147995
"X406",1.93836577531532
"X406",0.520253586668268
"X406",1.22481153743291
"X406",1.12973211907659
"X406",1.7555628366586
"X406",1.94790882312207
"X406",1.43650928047819
"X406",1.35104496189965
"X406",1.40411146018024
"X406",1.33662518284109
"X406",1.54975700495786
"X406",1.29014942878453
"X406",1.48643052086237
"X406",1.32213373442389
"X406",1.6109989955585
"X406",1.92066879700765
"X406",1.35479275400138
"X406",1.06738415831441
"X406",1.73968831973497
"X406",1.57797672787632
"X406",1.45430879959798
"X406",1.54030516121679
"X406",1.58889080847249
"X406",1.49669222339497
"X406",0.984782425565173
"X406",1.80042897311544
"X406",1.73875575381393
"X406",1.42405278674587
"X406",1.22276899686912
"X406",1.58238988773756
"X406",1.59917892836919
"X406",1.33146740861895
"X406",1.25047507897771
"X406",1.7173129762944
"X406",1.16802215793476
"X406",1.52742879030006
"X406",1.41620320892945
"X406",1.73741173929736
"X406",1.75180544768578
"X406",1.00955374585001
"X406",1.60968793004578
"X406",1.92678010808831
"X406",1.69835878531302
"X406",1.61037485760959
"X406",1.6373477389745
"X406",0.507469355105292
"X406",1.5432902081535
"X406",0.605957123782898
"X406",0.753412425057535
"X406",1.69560398190394
"X406",1.42132532537958
"X406",1.26502182066064
"X406",1.47168421132668
"X406",1.47034415362365
"X406",1.26981107471773
"X406",1.27522633310652
"X406",1.10862244582484
"X406",1.7021595497462
"X406",1.20596625613267
"X406",0.911784564299674
"X406",1.48220289459441
"X406",0.952848895118702
"X406",1.70480451568066
"X406",1.25865126455328
"X406",1.69623135449936
"X406",1.66116316199828
"X406",1.71726470503676
"X406",1.28941093535062
"X406",1.50331863033019
"X406",1.96643904990245
"X406",1.65114035192334
"X406",1.19987236079898
"X406",1.37456379337849
"X406",0.96383653961613
"X406",1.79194275737366
"X406",1.55578782228459
"X406",1.62292726806601
"X406",1.64810207318732
"X406",1.58583300832982
"X406",1.13204534642545
"X406",1.66783841021824
"X406",1.20071118433127
"X406",1.52228902826395
"X406",1.0758126115646
"X406",0.897774888652173
"X406",1.89244906647015
"X406",0.720293266682675
"X406",1.67461400933836
"X406",1.45311184872944
"X406",1.57812171290816
"X406",1.09826489357438
"X406",1.02220343924617
"X406",0.713429190204614
"X406",1.38976050186795
"X406",1.14137068955402
"X406",1.25020905543048
"X406",1.40889663509869
"X406",-1.96611285637283
"X406",1.8295305445868
"X406",0.993806117207275
"X406",1.3494209058214
"X406",1.65122159084592
"X406",0.577895671436383
"X406",1.43948716135266
"X406",0.91785011407831
"X406",1.40694055676792
"X406",0.957086500267539
"X406",1.28376560586952
"X406",1.34287781788839
"X406",0.635560092473863
"X406",1.7187267430984
"X406",1.53341821180011
"X406",1.8147907172375
"X406",1.61903362756429
"X406",1.10842174996404
"X406",0.904140158732944
"X406",1.42967401809225
"X406",2.03218677107807
"X406",1.11692209018177
"X406",0.846217692903732
"X406",0.469121895186923
"X406",-0.00450804107300778
"X406",1.29800785859501
"X406",2.06093704164726
"X406",1.60765138649947
"X406",1.4508911664324
"X406",1.21602567002656
"X406",1.16245462330827
"X406",1.26215993005269
"X406",0.448931480184935
"X406",1.50828593843898
"X406",1.78294461448507
"X406",1.77921000358127
"X406",1.3123498622511
"X406",1.14212107501166
"X406",1.25909941817799
"X406",0.449300925750072
"X406",1.44689679630849
"X406",1.4133412180133
"X406",1.5406846198147
"X406",1.79342267661254
"X406",1.0308751797668
"X406",0.632576432310452
"X406",1.39862289430008
"X406",1.68083922845392
"X406",0.97677395373072
"X406",1.66412439861862
"X406",1.45684288156684
"X406",1.0616581706177
"X406",0.224828797862558
"X406",1.61876034689354
"X406",1.65787820561718
"X406",1.74576030089215
"X406",1.38014477010518
"X406",1.67258293320125
"X406",1.50397908722979
"X406",1.3423146340865
"X406",1.01071242715771
"X406",1.50559047181508
"X406",1.35961238247114
"X406",1.43778006651001
"X406",1.34262649383335
"X406",1.46512552976349
"X406",0.87252396668639
"X406",1.32001411433461
"X406",1.20179032254118
"X406",1.5655933130297
"X406",1.55076240897503
"X406",1.74497425810565
"X406",1.51593978592513
"X406",1.20623041348188
"X406",1.8049783781379
"X406",1.83585792354934
"X406",1.86546591991779
"X406",1.10957367325029
"X406",1.58470828282275
"X406",1.42686536860613
"X406",1.57763198121384
"X406",0.979930588648595
"X406",1.28388064236145
"X406",1.19755005773697
"X406",1.73246066218954
"X406",0.460314742782912
"X406",1.75705775261896
"X406",1.32947479439132
"X406",1.45698340059103
"X406",1.36706212598659
"X406",1.26425031372985
"X406",1.37492227024231
"X406",0.743437437514624
"X406",1.24562425055136
"X406",-1.96611285637283
"X406",0.829007995297691
"X406",0.767294680161594
"X406",1.43065750838376
"X406",1.66870688926002
"X406",0.324668474575246
"X406",1.50769013820615
"X406",1.82955866730444
"X406",1.25227569850691
"X406",1.38387287030746
"X406",1.41515685473172
"X406",1.0826581253205
"X406",1.03022879046761
"X406",1.88735527429475
"X406",1.58989509230963
"X406",0.740627532506181
"X406",1.40013170973945
"X406",1.52298639318339
"X406",1.04051959011684
"X406",1.4380858515612
"X406",1.24947678136076
"X406",1.30394001048961
"X406",1.70975387327128
"X406",0.894439812426434
"X406",1.90864816315426
"X406",1.64792872262391
"X406",1.91640621952498
"X406",1.64402132610123
"X406",1.09916711941432
"X406",1.04230639973083
"X406",1.48108772173341
"X406",1.34050753373287
"X406",1.99162531080215
"X406",1.55029247354318
"X406",1.32508161782693
"X406",0.407250411538098
"X406",0.718858018175413
"X406",1.96628310979888
"X406",1.63101455173108
"X406",1.67206847932169
"X406",1.83152245283326
"X406",1.32223957135071
"X406",1.65353029621663
"X406",0.815052564225206
"X406",1.61737158289766
"X406",1.56298032012121
"X406",1.69208390017497
"X406",1.80482393463352
"X406",1.49266043030431
"X406",0.85710613566517
"X406",0.935236227196069
"X406",1.69616324826413
"X406",1.8122421735715
"X406",1.82906726904113
"X406",1.53001819141492
"X406",1.31500780403162
"X406",0.953000737178425
"X406",1.29190047910565
"X406",1.23324415763882
"X406",1.03407652806783
"X406",1.39190849231218
"X406",1.07851899208607
"X406",1.66345177579563
"X406",0.864115783958001
"X406",-0.8107297466031
"X406",0.499176654354835
"X406",1.3945905671263
"X406",1.40632962059983
"X406",-1.01580196469334
"X406",1.593468182263
"X406",1.6562323046228
"X406",1.62630668756475
"X406",1.51197586105125
"X406",1.92863134288383
"X406",1.81572097413362
"X406",1.80524175709913
"X406",0.291733864687063
"X406",2.08916405214097
"X406",1.18987010051912
"X406",1.33550043030151
"X406",1.80946353917827
"X406",1.19951123911724
"X406",1.73375393113006
"X406",1.03838911120748
"X406",1.11689184112123
"X406",1.8216600423845
"X406",1.20379664966223
"X406",1.6968539831271
"X406",1.35151877962349
"X406",1.62521093953999
"X406",1.58197401670564
"X406",1.87956515216261
"X406",0.814294368680483
"X406",1.41839298754052
"X406",1.74151973443196
"X406",1.84722149492141
"X406",1.61323579155282
"X406",0.804082177151416
"X406",1.51345865350077
"X406",1.26194660579275
"X406",1.67269874949168
"X406",0.200855844801124
"X406",1.70526663765764
"X406",0.519847687258349
"X406",1.22966269414104
"X406",1.46327336047771
"X406",0.959165995335579
"X406",1.60798100273756
"X406",1.53520088428708
"X406",1.63993251141102
"X406",1.5766470544043
"X406",-1.96611285637283
"X406",1.11386190006529
"X406",1.32025863728785
"X406",1.39065905022837
"X406",1.51299788567312
"X406",0.81822651460068
"X406",1.37769199560739
"X406",1.44804136632175
"X406",1.50787578229274
"X406",1.83448333911247
"X406",1.47081836656977
"X406",0.289012396313618
"X406",0.734318804465462
"X406",1.37065218002611
"X406",1.18530824885427
"X406",1.77655568635776
"X406",1.61106257522236
"X406",1.65365974835016
"X406",1.74800228472048
"X406",1.0405336362343
"X406",1.11109448541853
"X406",1.64803051479193
"X406",1.25469799540615
"X406",-0.26980728427532
"X406",1.30187364488232
"X406",1.31408760727124
"X406",1.93066325684516
"X406",1.40560648333211
"X406",1.77294652351017
"X406",1.47839765840651
"X406",1.34191703469
"X406",-1.96611285637283
"X406",1.08913133684952
"X406",1.63905978189852
"X406",0.891240372950105
"X406",1.93330467782024
"X406",1.32905938242016
"X406",1.61271036512247
"X406",1.42551159614897
"X406",1.72091117101888
"X406",1.53512314015546
"X406",1.5832631176611
"X406",1.46705764370073
"X406",0.976092703022392
"X406",1.56173770391912
"X406",1.32336640105738
"X406",1.4086305033679
"X406",1.44377036090556
"X406",1.41741193023067
"X406",0.590636669282496
"X406",1.49306214401678
"X406",2.13296329585985
"X406",1.81935900635967
"X406",1.6279864411314
"X406",1.31876182709884
"X406",1.51601142012615
"X406",1.12970472902199
"X406",0.867174461262979
"X406",0.977272822369625
"X406",1.22855789730764
"X406",2.15334401144236
"X406",1.12592644567866
"X406",1.20429931784308
"X406",1.68307203686033
"X406",1.02045240961316
"X406",1.3728356608136
"X406",1.78810377552222
"X406",0.90207192107804
"X406",1.50946733797159
"X406",1.44269882177273
"X406",0.982812732524896
"X406",1.58213117397797
"X406",1.7189995530895
"X406",1.56493713296224
"X406",-0.543587060481012
"X406",0.871723532921877
"X406",1.29804658072314
"X406",0.978110641450075
"X406",1.54082655509304
"X406",1.44777282620064
"X406",1.67747198108123
"X406",1.56800571619198
"X406",1.46091189266073
"X406",1.18039852604423
"X406",1.71405164492948
"X406",0.699449342344906
"X406",1.04883264618159
"X406",1.44447404048212
"X406",1.38379474322831
"X406",1.58008101852338
"X406",1.64853933143598
"X406",1.37549384434276
"X406",1.6329678759498
"X406",1.29008763739937
"X406",1.44158292204847
"X406",1.22851298096878
"X406",0.671489253073836
"X406",1.85118078458057
"X406",0.634385081542959
"X406",1.65918171148019
"X406",1.66814461942415
"X406",0.46133062297977
"X406",1.59232936274627
"X406",1.42786718130589
"X406",1.61851968994865
"X406",1.4697627123806
"X406",1.43118825444429
"X406",1.2078608943898
"X406",1.43118929918037
"X406",1.5586750863002
"X406",1.5211152729427
"X406",1.28300912075433
"X406",1.49850821661432
"X406",0.976092695185838
"X406",1.04049521656008
"X406",1.60711039064599
"X406",1.30478479879161
"X406",1.64105104447295
"X406",0.912352681639575
"X406",1.09915725338446
"X406",1.55066966987947
"X406",1.34427773782769
"X406",1.70001220182985
"X406",1.61818768015779
"X406",1.1827891810037
"X406",1.54128067348302
"X406",1.45711915466958
"X406",1.20902629633772
"X406",1.81016945550647
"X406",1.67790465998287
"X406",0.908435356743593
"X406",1.27290545031498
"X406",0.84243104209427
"X406",1.57907173507549
"X406",1.41318772149857
"X406",1.54451088274348
"X406",1.0193076646662
"X406",1.55086905669398
"X406",1.23835043534388
"X406",1.24565168946371
"X406",1.34297960764055
"X406",1.52164658299998
"X406",1.60078724738196
"X406",1.64268058130134
"X406",1.30080549195521
"X406",0.571585291039881
"X406",1.43680699709107
"X406",1.58359159508401
"X406",1.02477320412803
"X406",1.11903846221154
"X406",1.88561524219348
"X406",0.76985363180637
"X406",0.449958251239092
"X406",1.4258040365616
"X406",1.0286103874785
"X406",1.75063248632645
"X406",1.55352179563997
"X406",1.77064088862335
"X406",1.39795669332349
"X406",1.61541333550459
"X406",1.63594713065938
"X406",1.62735491019464
"X406",1.76589733192016
"X406",1.43769029782856
"X406",1.72757465726961
"X406",1.36642478392792
"X406",1.79716900933552
"X406",1.73297380682333
"X406",1.56089996671547
"X406",1.5921933057668
"X406",1.09626948041478
"X406",1.54883996387365
"X406",0.900514561078032
"X406",1.41731973934941
"X406",0.877536328671928
"X406",1.54440352109081
"X406",1.41355552334507
"X406",1.74891965909711
"X406",1.94102918628574
"X406",1.35509699996837
"X406",1.47562897956882
"X406",1.32050800890393
"X406",1.4434378194886
"X406",1.48712050293236
"X406",1.02332017746909
"X406",0.750662658906714
"X406",1.70663049745605
"X406",1.15410653129877
"X406",0.709078030178303
"X406",0.146183390540203
"X406",1.72215309959236
"X406",1.68306922911789
"X406",0.54914769355018
"X406",1.47216979196346
"X406",1.3985276011511
"X406",1.92981739735582
"X406",1.4316331058527
"X406",1.54920008130346
"X406",1.50219544559108
"X406",1.44233035581114
"X406",0.568708260458485
"X406",1.55019372115288
"X406",0.215113488561053
"X406",0.516899370396616
"X406",1.75265557005876
"X406",0.749303940402048
"X406",1.63647088848228
"X406",1.09669506160438
"X406",1.97383973030749
"X406",1.70254586484922
"X406",1.5896697514178
"X406",0.981522224268802
"X406",1.87958363695378
"X406",1.27698280539003
"X406",1.08202938316819
"X406",1.65602423051682
"X406",1.69108603358391
"X406",1.43751872272905
"X406",1.87171292230724
"X406",1.85100197660551
"X406",1.27562434986367
"X406",1.51743879944972
"X406",1.79591405855654
"X406",1.25470332226973
"X406",1.42484859585662
"X406",0.587679849748171
"X406",1.58646296204718
"X406",1.16322502747426
"X406",1.27851308925507
"X406",1.24227266636003
"X406",1.40562069739099
"X406",1.28267024624242
"X406",0.923089595018311
"X406",1.26549782534456
"X406",1.49213597222572
"X406",2.21145619135121
"X406",1.74261871499496
"X406",1.54829662276947
"X406",1.64556029394453
"X406",1.49113245645396
"X406",1.64525814733356
"X406",1.22124799182005
"X406",1.86290428881903
"X406",1.82903080087609
"X406",1.55877129586866
"X406",1.0431059957724
"X406",1.63090720884598
"X406",0.803407445933972
"X406",-0.536001298472546
"X406",-1.20950021602118
"X406",1.17986466429799
"X406",1.25962710665212
"X406",1.59129188368454
"X406",1.52280404472109
"X406",1.78401054789096
"X406",1.9404476976772
"X406",1.41904942522012
"X406",1.6251979688858
"X406",0.823881074930376
"X406",1.36276488792368
"X406",1.57255954237597
"X406",1.20868062345181
"X406",0.377317283756914
"X406",1.77931933980564
"X406",1.73703738114746
"X406",0.967202476738815
"X406",1.21287400560608
"X406",1.30857977847181
"X406",1.62147064046546
"X406",1.5162839493459
"X406",1.51612818529798
"X406",1.91805515728242
"X406",1.26654594985549
"X406",1.57717872652304
"X406",1.52413204765262
"X406",0.390170265476362
"X406",1.20678170821997
"X406",1.35600827587385
"X406",1.40675416891514
"X406",1.3970009420414
"X406",1.34826870447291
"X406",1.32114270790934
"X406",1.52623380122937
"X406",1.48856886233099
"X406",1.69251489409386
"X406",1.55336617958731
"X406",1.84676006258296
"X406",1.26191165566727
"X406",1.14873512209364
"X406",1.4349630001928
"X406",1.55126757597069
"X406",1.35347062462493
"X406",1.20328929966698
"X406",1.02326898905409
"X406",-1.52052670105063
"X406",1.13333097241054
"X406",1.30408873555144
"X406",0.866088402657243
"X406",1.11658539901422
"X406",1.43670052910318
"X406",0.900013303556052
"X406",1.69169216500394
"X406",1.40122477127801
"X406",1.7609183768117
"X406",0.981246304583613
"X406",1.63689226403562
"X406",1.6326154991049
"X406",1.37427523350522
"X406",0.540836596064862
"X406",1.42641915844481
"X406",1.26780679846536
"X406",1.57376872684525
"X406",0.719465827366877
"X406",1.5022115898714
"X406",1.41130861084537
"X406",1.55926945946963
"X406",1.37773042380155
"X406",1.65386763169315
"X406",1.8665070588868
"X406",0.810930533363701
"X406",1.60793799678294
"X406",1.27115737975368
"X406",1.18116143536453
"X406",1.26527835895514
"X406",0.960617553318679
"X406",0.566865809364727
"X406",0.877893043961122
"X406",1.51922348417403
"X406",0.832634289170882
"X406",1.19155758356754
"X406",1.43815025987473
"X406",1.62565752867213
"X406",0.657317701793269
"X406",1.27199921944099
"X406",1.49279255135417
"X406",1.62031671733355
"X406",1.99598951583387
"X406",1.35520621664531
"X406",1.43624950156641
"X406",1.53220599551919
"X406",1.51922058849768
"X406",1.34337980624355
"X406",1.56476159338228
"X406",1.09947235311067
"X406",1.69465072331063
"X406",1.69657532644336
"X406",1.52610666928699
"X406",1.56115076497675
"X406",1.28256270836071
"X406",1.47515055988702
"X406",1.1345974553007
"X406",1.32548083650289
"X406",1.46235033051795
"X406",1.28258813081838
"X406",1.23393588830137
"X406",1.49428726356823
"X406",1.23366624422592
"X406",0.868392930920127
"X406",1.40233967319099
"X406",1.76309457500041
"X406",1.39839014617851
"X406",1.5971270060106
"X406",1.41764977494861
"X406",1.43217292951725
"X406",1.77747887969612
"X406",1.80045056869081
"X406",1.5679272720163
"X406",1.60518071415929
"X406",1.44616785193098
"X406",1.21336441234865
"X406",1.10592743228438
"X406",1.12146932830539
"X406",1.55140123059162
"X406",-1.96611285637283
"X406",1.78890253983775
"X406",1.76021111695058
"X406",1.34199184527984
"X406",1.27047885217496
"X406",0.864960465741219
"X406",1.43096840792585
"X406",1.80233668893884
"X406",0.560336870671855
"X406",0.939402107143227
"X406",1.63469519918775
"X406",1.27659280121584
"X406",0.413058719705196
"X406",1.29650859928462
"X406",1.22924906354257
"X406",1.41367947861203
"X406",1.4957669654206
"X406",1.39451628795796
"X406",1.36371434112613
"X406",1.70663396451527
"X406",1.50068823827066
"X406",1.37290761754701
"X406",1.60621634878
"X406",1.09924655578588
"X406",1.44605445860362
"X406",1.58900170976306
"X406",1.63848310878828
"X406",1.52994849393655
"X406",2.10346177862196
"X406",1.64200830269129
"X406",1.6804794560048
"X406",0.99791189066389
"X406",0.0536258328310864
"X406",1.30003302508844
"X406",0.0597566375924685
"X406",1.10137500387624
"X406",0.503618138076553
"X406",1.33827567939376
"X406",1.00412633403338
"X406",1.59009796924051
"X406",2.06945513589402
"X406",1.44093544798654
"X406",1.43819231134042
"X406",1.4800815669579
"X406",1.22368196657586
"X406",1.83831105495044
"X406",1.23259799488372
"X406",1.44127064602171
"X406",1.77356637956056
"X406",1.96026550308294
"X406",1.5248244332622
"X406",1.58349576413301
"X406",1.01243986084918
"X406",1.78173763495464
"X406",1.62145809144675
"X406",1.55260017914871
"X406",1.40760020820414
"X406",1.41658615559446
"X406",1.49837224872835
"X406",1.81508844027751
"X406",1.36048715028988
"X406",1.56966268880336
"X406",1.47255613763416
"X406",1.43735462499708
"X406",1.33847254734808
"X406",1.54026491483928
"X406",1.62745461721134
"X406",1.39801258204866
"X406",1.41843224339219
"X406",1.85028399241076
"X406",1.62541700826587
"X406",0.857831229655717
"X406",1.72419362224955
"X406",0.194564961133515
"X406",1.47512088414358
"X406",1.50632968378524
"X406",1.67139373598096
"X406",1.27665891436697
"X406",1.23181225888844
"X406",0.787196238158693
"X406",1.44453142143468
"X406",1.38361582191418
"X406",1.52559837229155
"X406",1.35520960150226
"X406",1.69878686894669
"X406",1.20456348569329
"X406",1.60225956108794
"X406",1.26344495702117
"X406",1.52576908906348
"X406",1.75476329547526
"X406",1.45334325471585
"X406",1.21028002084282
"X406",1.49636533438857
"X406",1.49149293188226
"X406",1.11479699713599
"X406",1.84545922364577
"X406",1.30610948891819
"X406",1.33475617599534
"X406",1.23200116568813
"X406",1.37976883956743
"X406",1.81786378274113
"X406",1.24685165130271
"X406",1.78810499578947
"X406",1.52590483192635
"X406",0.906941142436848
"X406",1.39007654345848
"X406",1.37609828841011
"X406",1.0317332427817
"X406",1.39237146646139
"X406",1.35192080294124
"X406",1.74525138314898
"X406",1.61519732626725
"X406",1.53667597232663
"X406",1.86355638873474
"X406",0.957433271085744
"X406",1.29186498092677
"X406",1.62225953427481
"X406",1.75674604124958
"X406",1.8208683186716
"X406",1.44262150106457
"X406",1.29991718809349
"X406",1.31170733741255
"X406",1.60873504938412
"X406",1.82395693604185
"X406",1.35130482214387
"X406",1.72926926525884
"X406",1.4914254284005
"X406",0.943910170530279
"X406",0.929471944153578
"X406",1.56222545598818
"X406",1.24039305991025
"X406",1.48003583548717
"X406",1.41037936375202
"X406",0.767517045214701
"X406",1.80918481083561
"X406",1.02093485844527
"X406",1.69728699598828
"X406",0.934917158641782
"X406",1.89631509224397
"X406",1.06655936309595
"X406",0.544897225561536
"X406",1.45691172851652
"X406",1.74568366251064
"X406",1.30179040021867
"X406",1.49951321144407
"X406",1.71981509112407
"X406",1.28515573475147
"X406",1.58094130408493
"X406",1.3126651079955
"X406",1.46989574488856
"X406",1.71489366046572
"X406",1.69175602543789
"X406",1.55050139011099
"X406",1.11412189146235
"X406",1.91080648398141
"X406",1.43674897433497
"X406",0.793268440592723
"X406",1.23147926881083
"X406",1.23606074314395
"X406",1.50777342398983
"X406",-1.96611285637283
"X406",1.16954238953418
"X406",1.4063291764322
"X406",0.939874519655508
"X406",1.43136553139226
"X406",1.42713689939224
"X406",1.37686624980595
"X406",1.48441559936713
"X406",1.57856322871823
"X406",1.2376691680972
"X406",1.20196916599358
"X406",1.21448808055292
"X406",1.80665147545169
"X406",1.48407537655237
"X406",1.72608914596621
"X406",1.04004543932653
"X406",1.24271477243469
"X406",1.68446235625005
"X406",1.64200742572289
"X406",1.67685652436171
"X406",0.954583636408475
"X406",1.76536808596642
"X406",1.71835745899557
"X406",1.73769819526419
"X406",1.44393175954461
"X406",1.35919036231321
"X406",1.64725276894703
"X406",0.926893879902844
"X406",1.85132953386198
"X406",1.18216337167048
"X406",1.10145086879613
"X406",1.31860724131807
"X406",1.72728542555419
"X406",1.47445140297174
"X406",1.24262008637665
"X406",0.880701163797397
"X406",1.02700184027417
"X406",1.21779607579847
"X406",0.533332497666142
"X406",1.56685802990711
"X406",-0.266963005386132
"X406",1.86724867122866
"X406",0.476940653955251
"X406",1.88216957003599
"X406",0.387687614375709
"X406",1.64086676708196
"X406",1.7503836388654
"X406",0.66537786843669
"X406",1.17059698601519
"X406",1.49728346524508
"X406",1.18588633310081
"X406",1.56287100168831
"X406",1.20245650038969
"X406",1.11352927182571
"X406",1.31175290898532
"X406",1.83302072450563
"X406",0.946096697846341
"X406",1.02932972180722
"X406",1.48738344362857
"X406",1.22310519758838
"X406",1.40304876685371
"X406",1.04362679484916
"X406",1.59215108317791
"X406",1.60707520315597
"X406",1.41030155777616
"X406",1.57676859342924
"X406",1.89437380577823
"X406",1.81194032560702
"X406",1.49974951330888
"X406",1.69929818707202
"X406",1.69561925573173
"X406",1.09074033837275
"X406",1.22376270222625
"X406",1.52272385429489
"X406",1.58701626981694
"X406",1.75427204774731
"X406",1.31214185231354
"X406",1.5318845742075
"X406",1.23510621169718
"X406",1.58142692891026
"X406",1.9011133753096
"X406",1.36254356959114
"X406",1.36964047252357
"X406",1.00292482186581
"X406",1.78821397943649
"X406",1.63333824793954
"X406",1.36139854236672
"X406",0.825651491882366
"X406",1.13982110925536
"X406",1.63034601855099
"X406",1.09959188683419
"X406",1.33960793076273
"X406",1.43117635675502
"X406",1.15082024972236
"X406",1.41269992826098
"X406",1.65798045463764
"X406",1.53219952198595
"X406",1.01693093050308
"X406",1.94543904568303
"X406",0.850970103194427
"X406",1.79449364482288
"X406",1.46449180404146
"X406",1.87561895209724
"X406",1.4991067832188
"X406",1.38916175043925
"X406",1.14226851179007
"X406",1.73615073355327
"X406",1.57164042059357
"X406",1.5831112131661
"X406",1.95713988581101
"X406",0.792605419801864
"X406",1.55657479134533
"X406",1.35359430070981
"X406",1.83960455058338
"X406",1.78860243342652
"X406",1.76926089950208
"X406",1.14035808310942
"X406",1.73821703487904
"X406",1.27574324865313
"X406",1.87656972698898
"X406",1.31356898911855
"X406",0.86472343683723
"X406",1.58162302435207
"X406",1.30904933774265
"X406",1.06992252557085
"X406",0.622156107060709
"X406",-1.96611285637283
"X406",1.22735558739922
"X406",1.5682724614322
"X406",1.43579032089374
"X406",1.55578038336684
"X406",1.64855744057788
"X406",1.26179733561257
"X406",1.12418037070953
"X406",1.47382573254067
"X406",2.38398822723395
"X406",1.76366004414315
"X406",1.49540570040367
"X406",1.72948059421567
"X406",1.58286816641294
"X406",1.11576959105539
"X406",1.38265560326702
"X406",1.01385435730366
"X406",1.76040212537575
"X406",1.91505770244509
"X406",1.62502623450747
"X406",1.74772247240367
"X406",1.31253396710973
"X406",1.63343571457239
"X406",-1.96611285637283
"X406",1.2639356644477
"X406",1.07636558105698
"X406",1.62512382856442
"X406",1.20869057151388
"X406",1.43163635805163
"X406",1.55149309362863
"X406",1.39922694052181
"X406",0.602726351656652
"X406",1.47258603243935
"X406",1.42883592966821
"X406",0.200834364787222
"X406",1.55254505201295
"X406",1.32009359754093
"X406",1.58491218831703
"X406",1.44221327105773
"X406",1.29588102724049
"X406",1.13210971133932
"X406",1.64302959181541
"X406",1.45018368270969
"X406",1.60169318140587
"X406",1.47008048570196
"X406",1.57466187537157
"X406",1.32764870063152
"X406",0.845407332429837
"X406",1.40239450667742
"X406",1.77536313303174
"X406",1.6378568501067
"X406",1.48607345577052
"X406",1.81545132659169
"X406",0.856476090310136
"X406",1.64032275462918
"X406",1.22435862592087
"X406",1.90109465089699
"X406",0.838576833783501
"X406",1.09515023503202
"X406",1.60484372789598
"X406",1.05286925737548
"X406",0.770846333426268
"X406",1.52172137784851
"X406",1.62394463821677
"X406",1.6010885596089
"X406",1.65588857000068
"X406",1.52919878181617
"X406",1.76047752276893
"X406",1.73915066005714
"X406",0.392567072900265
"X406",1.30675933559894
"X406",1.02949739671013
"X406",1.22953172777195
"X406",1.42236701589655
"X406",1.39246918620102
"X406",1.33477080875691
"X406",0.841280961255678
"X406",1.04796254458895
"X406",1.35063002062387
"X406",1.34754426085477
"X406",1.26774204250682
"X406",1.86272254070341
"X406",1.95995270074008
"X406",1.91596912659302
"X406",1.12773551049182
"X406",1.56238339316069
"X406",1.65075083670393
"X406",1.58145544136229
"X406",1.41684576694186
"X406",0.479358088042001
"X406",1.47005006201816
"X406",1.50531052286667
"X406",1.29903739219692
"X406",1.50051949102401
"X406",1.20913708363441
"X406",1.28311583348897
"X406",1.71290466127092
"X406",1.59238645236251
"X406",1.56872546871894
"X406",1.07847077493892
"X406",1.71281522923285
"X406",1.11764025925551
"X406",0.945752229604989
"X406",1.94841054847226
"X406",1.02656701608663
"X406",1.67137890296654
"X406",1.26109322750063
"X406",1.00970743258126
"X406",1.35722008649402
"X406",1.24237511343755
"X406",1.32088981840408
"X406",1.74541497641061
"X406",1.61430483526153
"X406",1.8080080522673
"X406",1.5760770630788
"X406",1.41970685200543
"X406",1.84015599162888
"X406",1.37509278246505
"X406",1.45080193766083
"X406",1.30354439869001
"X406",0.656585317034034
"X406",1.49447555219612
"X406",1.53315368794128
"X406",1.5524322093938
"X406",1.24047544955374
"X406",0.984388718451367
"X406",1.87559615180125
"X406",1.93785301531763
"X406",1.1183401909739
"X406",0.95458626640719
"X406",1.26893650889292
"X406",1.77741751009717
"X406",1.54847661353556
"X406",1.27790386094308
"X406",1.39401740238177
"X406",1.13903866587418
"X406",1.53369078304944
"X406",1.04773011440367
"X406",1.05271497973624
"X406",1.18231423643325
"X406",1.61253212322865
"X406",1.85159214654535
"X406",0.943242168055704
"X406",1.3119214563113
"X406",1.38797129171529
"X406",1.36675349555753
"X406",1.6027039891704
"X406",1.64506971624472
"X406",1.55997357128672
"X406",1.4854830593145
"X406",1.64111769681967
"X406",1.56410737174782
"X406",0.020182169395149
"X406",1.41600389104901
"X406",1.6625139833958
"X406",1.15248007484454
"X406",1.52852270467181
"X406",1.30225533573394
"X406",1.77481240647444
"X406",1.21649754558571
"X406",1.35780859930416
"X406",1.44318887247626
"X406",0.795568787302144
"X406",0.887272613489074
"X406",1.67109307835896
"X406",1.67337736291595
"X406",1.73473007060798
"X406",1.5770275777052
"X406",1.6188040484526
"X406",1.64939336842086
"X406",1.44161557500165
"X406",1.53660987270942
"X406",1.9019951910267
"X406",0.999187802643109
"X406",1.43041724370442
"X406",1.4646016311526
"X406",1.39974494189416
"X406",1.49163627467293
"X406",1.5100724627169
"X406",1.58553470668235
"X406",1.24804076382551
"X406",1.36735477854614
"X406",1.61324916781618
"X406",1.0298306897885
"X406",1.38233085380617
"X406",1.73770732749879
"X406",1.70004789158214
"X406",1.63693841268526
"X406",1.32382022428414
"X406",1.73478996768071
"X406",1.12877055258717
"X406",1.53062399996137
"X406",0.761906017977489
"X406",0.961953259212505
"X406",1.98715595086596
"X406",1.72604808531827
"X406",1.65247498150722
"X406",1.70834422583342
"X406",0.75161981480577
"X406",1.64064392687525
"X406",1.58529190008297
"X406",1.29796128580644
"X406",0.520298501141052
"X406",1.6780513714251
"X406",1.82074516048643
"X406",1.56850443763326
"X406",1.44314276436505
"X406",1.86268353465738
"X406",1.35381160074055
"X406",1.35508425259897
"X406",1.24181681248009
"X406",1.8067738652775
"X406",1.4826972444233
"X406",1.54293364464802
"X406",1.11137945143809
"X406",1.67149581401073
"X406",1.93181703005265
"X406",0.472603669520565
"X406",1.01834667564336
"X406",1.11419233068128
"X406",1.42483659226115
"X406",1.74333577407591
"X406",1.46611449517363
"X406",1.66949011522539
"X406",1.24081372099635
"X406",1.63099707208878
"X406",1.75932342288272
"X406",1.5109716558232
"X406",1.51052894270905
"X406",1.22851668723142
"X406",1.42137411611454
"X406",0.687622010632137
"X406",1.24188654483784
"X406",1.49916699695789
"X406",1.25228727694982
"X406",1.54091328950721
"X406",1.70637514336427
"X406",0.296505916907367
"X406",1.46186965104269
"X406",1.34140282987213
"X406",1.86001115127993
"X406",1.57914654089692
"X406",1.27044289905162
"X406",1.51772542208292
"X406",1.58443393111924
"X406",1.50494562494878
"X406",1.86317630372304
"X406",2.08287427654107
"X406",1.58718174045312
"X406",1.58012933387925
"X406",1.80343969876572
"X406",1.38231629545604
"X406",1.12801187733637
"X406",1.48146641582857
"X406",0.926130347735153
"X406",1.08187254375997
"X406",1.30635914008028
"X406",1.75849767953384
"X406",1.04863058139833
"X406",1.49944093537747
"X406",1.54387486106873
"X406",1.58346119527281
"X406",1.76887708098414
"X406",1.64103802666465
"X406",1.49465580975647
"X406",1.89350992266704
"X406",1.23632909680588
"X406",1.12103722761154
"X406",1.69241876418328
"X406",0.837021238744962
"X406",0.851555935223409
"X406",1.6802981967281
"X406",1.10991217456051
"X406",0.65903071054159
"X406",1.26299599270714
"X406",1.80527457813502
"X406",1.96967500498699
"X406",1.01418161125584
"X406",1.25153300286349
"X406",1.20447094382259
"X406",1.32634109926344
"X406",2.03518307228429
"X406",1.12633990058069
"X406",1.29838744899281
"X406",1.51660946073775
"X406",1.08074971517445
"X406",0.976156144625584
"X406",1.3595090173235
"X406",1.65320380696301
"X406",1.56586519262361
"X406",1.48990124983764
"X406",1.64376863298274
"X406",1.77006436363999
"X406",1.23617200576332
"X406",1.27683791350625
"X406",1.26269540976139
"X406",1.66436956897588
"X406",1.3680558185184
"X406",-0.969698884594467
"X406",1.86214414595935
"X406",1.57651275139537
"X406",1.39528301633083
"X406",1.99037371651917
"X406",0.954872210473777
"X406",1.45068825222549
"X406",1.45348044272593
"X406",1.25300809440914
"X406",1.16608753478863
"X406",1.15619045416732
"X406",1.6488559629561
"X406",1.2075793219364
"X406",1.44940362276957
"X406",1.42178853949843
"X406",1.50130894454466
"X406",1.36730304384279
"X406",1.14001616428982
"X406",1.29301340847529
"X406",1.29471662142877
"X406",1.04072094416704
"X406",1.46298645316639
"X406",1.18280334618221
"X406",1.53831393478011
"X406",1.80525514914065
"X406",1.35811003723264
"X406",1.48042535228769
"X406",0.708252263150252
"X406",1.58685164290898
"X406",1.50602520836201
"X406",1.16173654332122
"X406",1.02910873477522
"X406",1.61751727489633
"X406",1.63527759995235
"X406",1.72007645655417
"X406",1.12894478486946
"X406",1.67619425659758
"X406",1.59024966832141
"X406",1.49616163062797
"X406",1.76946778997128
"X406",1.43688148735703
"X406",1.20595400242931
"X406",1.90577484824436
"X406",1.47105455919189
"X406",0.339028304307983
"X406",1.51411313337162
"X406",1.38648321759297
"X406",1.43664620133358
"X406",1.17800181010549
"X406",1.43928944629012
"X406",1.69864587338715
"X406",1.42871644347053
"X406",1.47807173165131
"X406",1.57972959064306
"X406",1.12826299940185
"X406",1.25390853411688
"X406",1.86831051738379
"X406",-1.96611285637283
"X406",1.55332486187658
"X406",1.49412560094069
"X406",1.70889149587332
"X406",1.63454539342303
"X406",1.53962588293526
"X406",1.30531471393221
"X406",1.23182755378362
"X406",1.27191960522956
"X406",0.844771329746972
"X406",1.67860142332366
"X406",1.77855109502665
"X406",1.72406097163626
"X406",1.29023140336687
"X406",1.96495782092087
"X406",1.39936908665076
"X406",1.66340476460078
"X406",1.14796612249474
"X406",1.39642029989887
"X406",0.642302787590978
"X406",1.01009166115561
"X406",-1.96611285637283
"X406",1.27848246507857
"X406",1.45838042094927
"X406",0.170220188228228
"X406",1.57339698556895
"X406",1.39040785977232
"X406",1.89503012226308
"X406",1.42766445543927
"X406",1.42129357316604
"X406",1.46516853182241
"X406",1.76771692496702
"X406",1.60638393360201
"X406",1.35241587755911
"X406",0.770539390687238
"X406",1.41769372306526
"X406",1.6662834995534
"X406",1.03132520486571
"X406",1.01982123649796
"X406",1.86867737513451
"X406",0.800789073064056
"X406",1.30787206143909
"X406",1.47593036591974
"X406",1.87101650573397
"X406",1.74652380972471
"X406",1.46265834419226
"X406",1.55892508514835
"X406",1.55290769358005
"X406",1.43942008615115
"X406",1.0903485215787
"X406",0.979467964722417
"X406",1.74042160773144
"X406",1.57082769190032
"X406",1.21971908004558
"X406",0.191073712416898
"X406",1.44384046396278
"X406",1.47874651329486
"X406",0.639060885582732
"X406",1.20452960956262
"X406",1.4485310642394
"X406",1.67955749576301
"X406",1.52496568688499
"X406",1.44827421234493
"X406",1.67738718292887
"X406",1.05961877848001
"X406",0.93540872792058
"X406",1.26292178519196
"X406",-0.956654193461729
"X406",0.891709895961078
"X406",1.31043254290894
"X406",1.9659078818084
"X406",1.51603867371413
"X406",1.34912761501153
"X406",1.3603471196282
"X406",-1.96611285637283
"X406",1.57308712776943
"X406",1.43695515956865
"X406",1.55315203980281
"X406",1.13842117914646
"X406",1.41808027031898
"X406",1.41166896671575
"X406",1.7564742790443
"X406",1.31826152844668
"X406",1.73137307956116
"X406",0.731679921336124
"X406",1.39382094025916
"X406",1.87255624811027
"X406",0.851651236162547
"X406",1.30336962120635
"X406",1.05803672844422
"X406",1.69411267508681
"X406",1.38553230259423
"X406",1.2483663499223
"X406",1.64376535895383
"X406",1.54087929486104
"X406",1.2321128928907
"X406",1.31962913832591
"X406",1.09842584229992
"X406",1.80942677485986
"X406",0.572821081579668
"X406",1.52686792599814
"X406",1.71059670467043
"X406",1.44606995523588
"X406",1.92066070476927
"X406",1.61697760834717
"X406",1.51477147805441
"X406",1.68614305684602
"X406",1.30353312094531
"X406",1.89568763289965
"X406",1.42520005018992
"X406",1.51751291578807
"X406",1.72136867911133
"X406",1.15943415780698
"X406",1.46771748778247
"X406",2.03584344275592
"X406",1.68208560873845
"X406",0.969483992487119
"X406",-0.422162869455997
"X406",1.80652650690953
"X406",1.19731221651491
"X406",1.64504466836775
"X406",1.63461569197856
"X406",1.60232870484759
"X406",1.26605534491386
"X406",1.36463924413658
"X406",1.65454926257805
"X406",1.63891510236506
"X406",1.11774930376711
"X406",1.1353351611341
"X406",1.89023478458305
"X406",1.21626944705193
"X406",1.83717026483504
"X406",0.256597710455741
"X406",1.44941763552699
"X406",1.27090330639569
"X406",1.28851066860563
"X406",1.77333181356904
"X406",1.39212615521468
"X406",1.34879819095769
"X406",1.16197626249412
"X406",1.93965081259587
"X406",0.951057866307662
"X406",1.53504748010961
"X406",1.52202043721141
"X406",1.41549913682264
"X406",1.39169590282399
"X406",1.78122911910654
"X406",1.57826736719066
"X406",1.35980480915152
"X406",1.56145577624427
"X406",1.511043532465
"X406",1.01896733186711
"X406",1.69645739897496
"X406",1.26449332927807
"X406",1.69886796074659
"X406",1.85649127621689
"X406",1.43724894947614
"X406",1.67079781638488
"X406",1.11086227869094
"X406",1.68294426321039
"X406",1.36630195012175
"X406",1.30085659266966
"X406",1.69288099965858
"X406",1.5887668135502
"X406",1.77481617329057
"X406",1.1759717718603
"X406",1.54130175547528
"X406",1.53756457821493
"X406",1.5533925367241
"X406",-1.29386305666988
"X406",0.351357377577025
"X406",1.3580370330755
"X406",1.40492324982345
"X406",1.25488494522338
"X406",1.48522622941133
"X406",1.6444876585526
"X406",0.711320931989591
"X406",1.57028538365725
"X406",1.53947234905453
"X406",1.81693802469337
"X406",1.57583951009773
"X406",1.44913799305378
"X406",1.71446015688658
"X406",1.88699833222667
"X406",0.834896826996698
"X406",1.27994948265224
"X406",1.62288283535505
"X406",1.68480159561778
"X406",1.32020755913369
"X406",1.6114091168256
"X406",1.32035936517483
"X406",0.960770753001797
"X406",1.25862608461507
"X406",1.30300707470351
"X406",1.34767343157744
"X406",1.5427252959933
"X406",1.46179913849221
"X406",1.60053335811204
"X406",1.30503468580856
"X406",1.6043649907708
"X406",1.27057886457799
"X406",1.17308806181997
"X406",1.30315733312795
"X406",1.35747284092935
"X406",1.10581451634342
"X406",1.78649737255642
"X406",-0.101002240336995
"X406",1.55927917507076
"X406",1.94811629606362
"X406",1.19028562501338
"X406",0.998797409154695
"X406",1.8381519440418
"X406",1.67400887702648
"X406",0.0934855365962364
"X406",1.50536119939629
"X406",1.3032812731633
"X406",1.64465232595045
"X406",1.83841021602686
"X406",0.665632532104536
"X406",1.92957088181758
"X406",1.90572073390858
"X406",1.85535994847141
"X406",1.34124583819407
"X406",1.31909613692298
"X406",1.58048994404734
"X406",1.56126488417078
"X406",1.59529405254838
"X406",1.26022638211263
"X406",1.44894209430394
"X406",1.58207857893156
"X406",1.40910356306742
"X406",0.780141463048393
"X406",1.17164109558491
"X406",1.55391084550061
"X406",1.57136475536797
"X406",1.8043383859549
"X406",1.71166907514352
"X406",2.10017883866576
"X406",1.78029711014412
"X406",1.10659369667019
"X406",1.55242829239361
"X406",1.6998991606355
"X406",1.25238137139356
"X406",0.882853808865956
"X406",0.565112107300407
"X406",1.62975734177717
"X406",1.43928606871226
"X406",-0.0460206303974888
"X406",1.25891480609898
"X406",1.67137890296654
"X406",0.822565730382639
"X406",1.27352714648709
"X406",1.74363222458167
"X406",1.87944476920952
"X406",1.74929380116955
"X406",0.938204675804407
"X406",0.516634027171142
"X406",1.69079249974786
"X406",1.58975485119381
"X406",1.74897851371979
"X406",1.37853194821668
"X406",1.30572162586848
"X406",1.39693278754333
"X406",1.38291697401075
"X406",1.28750804866004
"X406",1.33416891689093
"X406",1.13642025068193
"X406",1.14504744542991
"X406",0.255233428386791
"X406",0.828030146525786
"X406",1.52290756534869
"X406",1.30203724202927
"X406",0.970489476580252
"X406",1.07867694032468
"X406",1.62945884243398
"X406",1.59581144347877
"X406",1.30244289523949
"X406",1.22430892539174
"X406",1.54059117950515
"X406",1.49215608843298
"X406",1.7165647141955
"X406",1.6919861655502
"X406",1.79670036837744
"X406",1.3507144917575
"X406",1.52241868114787
"X406",1.7604026085366
"X406",1.51068806248981
"X406",1.52995611349877
"X406",1.95630704381416
"X406",1.52161343858498
"X406",1.11105330934781
"X406",1.43687343230797
"X406",1.77216098525552
"X406",1.4087244352249
"X406",0.659384565906662
"X406",1.35819034067357
"X406",1.65567617609759
"X406",1.12924103519347
"X406",1.66683482984562
"X406",1.50732094858544
"X406",1.72018776262323
"X406",1.33478127037672
"X406",1.46388589831555
"X406",1.37509473557145
"X406",0.447121604499934
"X406",1.11161109765694
"X406",1.31030301335382
"X406",1.7327102576186
"X406",1.52243403089243
"X406",2.0103105265323
"X406",-0.617593852296296
"X406",1.07162927217346
"X406",1.73966702965733
"X406",1.44416578520522
"X406",1.5461002331194
"X406",1.72207615335845
"X406",1.65439211276747
"X406",1.59681242583561
"X406",1.66586206871962
"X406",1.02300382472616
"X406",1.78393034037117
"X406",0.942994008602394
"X406",1.18873484355064
"X406",1.54460873317001
"X406",0.481742070844874
"X406",0.86466796340778
"X406",0.994815181617102
"X406",0.825155005097656
"X406",1.9550688486708
"X406",1.72802792610888
"X406",1.16227220786143
"X406",1.52540546241914
"X406",1.37403044711437
"X406",1.38040536624141
"X406",1.55616791875065
"X406",1.2506860533995
"X406",1.46849973731389
"X406",1.8561147242127
"X406",1.10912712305129
"X406",1.44216625449226
"X406",1.31557018347018
"X406",1.53614358539618
"X406",1.57862499139554
"X406",1.47338910803384
"X406",0.99072432604986
"X406",1.62631926835934
"X406",1.53453193609932
"X406",0.738072190039877
"X406",1.35841695454923
"X406",1.48527340537744
"X406",1.03841811476814
"X406",1.67723610196312
"X406",0.932211925612469
"X406",0.850286110760646
"X406",1.194023954321
"X406",1.58448430160285
"X406",1.68413041001936
"X406",1.49974175300816
"X406",0.580231331929644
"X406",1.07690044469775
"X406",1.63751687653879
"X406",1.68597552061535
"X406",1.42174557573089
"X406",0.988580468924468
"X406",1.91690871474583
"X406",1.61029189090733
"X406",1.25957423240255
"X406",1.42901550179847
"X406",1.00532474526689
"X406",1.43956686952525
"X406",1.64762968193194
"X406",0.868798561776438
"X406",1.01595238003175
"X406",1.6386834733778
"X406",1.9953733176199
"X406",1.20207525583115
"X406",1.41680980422484
"X406",1.33927609740076
"X406",1.43508544218959
"X406",1.62215575420153
"X406",1.29171795766548
"X406",2.01374550106268
"X406",1.21782202186609
"X406",1.32831571704839
"X406",1.76352155647148
"X406",0.93503210125257
"X406",1.1999149994022
"X406",1.53292409978797
"X406",1.02012217714894
"X406",1.28292344849385
"X406",1.37802380955364
"X406",1.39586289721362
"X406",1.56784638545682
"X406",0.62087994098784
"X406",1.26057688067272
"X406",1.57082791699526
"X406",1.09406012072091
"X406",1.66763853244918
"X406",1.32590737007583
"X406",1.67053249035559
"X406",1.3908384130912
"X406",1.60438974198264
"X406",1.57298547507713
"X406",1.69163279874198
"X406",1.59878120068992
"X406",0.952197511996382
"X406",0.881238960875615
"X406",0.898549248102774
"X406",1.30150135998229
"X406",1.39629184953176
"X406",1.23600220630003
"X406",1.45074050824561
"X406",1.11387804316563
"X406",1.61647018349812
"X406",1.02466236290657
"X406",0.979760225945773
"X406",1.86693299720204
"X406",1.05647820290436
"X406",1.60967242868705
"X406",1.37381504468505
"X406",1.73778750627938
"X406",1.87683819898749
"X406",1.70919554683956
"X406",1.90976453701223
"X406",1.66790076794872
"X406",1.63699331213289
"X406",1.41072551611047
"X406",1.36879662313846
"X406",0.95152130882204
"X406",1.58317960437599
"X406",1.39782553716414
"X406",1.29103067794852
"X406",1.32384667427281
"X406",1.04561668895671
"X406",1.76781028000904
"X406",1.1868679925785
"X406",1.9414840113575
"X406",1.98949216157552
"X406",1.55413584075343
"X406",1.51555829723139
"X406",1.29694748576233
"X406",1.5675128976557
"X406",1.61211718532172
"X406",1.26580296099978
"X406",1.74604272058358
"X406",1.31940246020292
"X406",1.25252487317338
"X406",1.09946732910357
"X406",1.45615079669943
"X406",1.22662782954686
"X406",1.79433446774755
"X406",1.34987692588267
"X406",1.24162168443453
"X406",1.40898612331768
"X406",1.16339775277656
"X406",0.678593620533628
"X406",1.74415216947955
"X406",1.0107558759004
"X406",1.59242195703397
"X406",0.652261112964355
"X406",1.17009597798393
"X406",1.4492622734305
"X406",1.59506073301667
"X406",1.23649008284918
"X406",1.45356517261482
"X406",1.36430313958345
"X406",0.797029708519189
"X406",2.06892358762316
"X406",1.64551312650816
"X406",1.49583560732124
"X406",1.66374445863591
"X406",1.82009389128946
"X406",1.5459963256507
"X406",1.72315024594819
"X406",1.67884187520822
"X406",1.73819052501729
"X406",1.11505872628779
"X406",1.05298382888655
"X406",1.49197050953738
"X406",1.222370323491
"X406",0.818988309105856
"X406",1.64303258391745
"X406",1.50894487731418
"X406",0.959143048051622
"X406",1.70206326369168
"X406",1.59466685341971
"X406",1.23511565271428
"X406",1.52400539292456
"X406",1.92260680989771
"X406",1.40136848675783
"X406",1.61979516102149
"X406",1.50977427035122
"X406",1.07511576903142
"X406",1.8051639846591
"X406",1.31401570954018
"X406",-1.96611285637283
"X406",1.51753238529292
"X406",1.44278470292135
"X406",1.19819638600879
"X406",1.09125047534647
"X406",1.49462396967739
"X406",-1.96611285637283
"X406",1.28300385071643
"X406",1.5563145055903
"X406",1.52779688996255
"X406",1.17206901999275
"X406",1.24268589815914
"X406",1.71031637914374
"X406",1.60006071176954
"X406",0.577132431972962
"X406",1.20995231173178
"X406",1.53996895842146
"X406",0.667141760087292
"X406",1.33998771083547
"X406",2.15852556890915
"X406",1.81837812259815
"X406",1.72858765500448
"X406",1.39122494183744
"X406",1.79005998877954
"X406",1.73301646487941
"X406",0.970754703412591
"X406",0.356699877850776
"X406",1.74403994072928
"X406",1.48464581396427
"X406",1.264682981781
"X406",1.28715783297866
"X406",1.69772130179119
"X406",1.64415691158956
"X406",1.31637614834193
"X406",1.49752024492947
"X406",-0.922688240072987
"X406",1.55251987879446
"X406",1.59871022004419
"X406",1.8128191030014
"X406",1.40348669769345
"X406",1.44833268271488
"X406",1.46221347699047
"X406",1.18995420269781
"X406",1.06696275185872
"X406",1.25970873605115
"X406",1.19706449389734
"X406",1.14685901163623
"X406",1.68004814625378
"X406",1.18114834776502
"X406",1.27148825354034
"X406",1.97811917887268
"X406",1.26679727682623
"X406",1.85717303525772
"X406",1.228650413823
"X406",1.7014449644424
"X406",-1.48117506578323
"X406",1.42953561825245
"X406",1.69096165206431
"X406",1.20143951279249
"X406",0.770128130598369
"X406",1.69346388943927
"X406",1.53838214518672
"X406",1.19288185756309
"X406",1.04217545736932
"X406",1.01871299135448
"X406",1.6444768904783
"X406",0.119857037762922
"X406",1.4611887972578
"X406",0.419658471728041
"X406",1.6286222848363
"X406",1.79388979959506
"X406",1.12211011250075
"X406",1.71238362870165
"X406",1.46677518196673
"X406",1.54885518694001
"X406",1.07342021266496
"X406",1.15066626053242
"X406",1.55933079175795
"X406",1.39552170304343
"X406",1.07258495003787
"X406",1.60723493891727
"X406",1.56843531364459
"X406",1.12141150699534
"X406",0.199627179602861
"X406",1.49390441922061
"X406",1.79260348443308
"X406",1.22653642719455
"X406",-1.96611285637283
"X406",1.48290414892038
"X406",-0.0284560581856702
"X406",1.64981890129179
"X406",1.8784783102194
"X406",1.48020598834301
"X406",1.29837646768576
"X406",1.83986250394541
"X406",1.05881048153559
"X406",0.960203580096432
"X406",0.949467372307128
"X406",2.00121781727589
"X406",1.50822259130332
"X406",0.406975287288448
"X406",1.41017873388665
"X406",1.90381113681416
"X406",1.53159535970962
"X406",1.63651555607674
"X406",1.63035472190961
"X406",0.252755940430904
"X406",1.83534771696277
"X406",1.17323140569904
"X406",0.81170633199125
"X406",1.64596590465921
"X406",1.51408734124213
"X406",1.6696608230926
"X406",1.32440675141195
"X406",2.10649160867221
"X406",1.49019656682069
"X406",1.73309400353029
"X406",1.12774254543242
"X406",1.65943200718676
"X406",1.16367542649094
"X406",0.999283297917682
"X406",1.26248455962284
"X406",0.836956499770033
"X406",1.42764376490281
"X406",-0.624107977255517
"X406",0.918235111694625
"X406",0.832507008861045
"X406",0.773225683928397
"X406",-0.234597158929136
"X406",1.37932216392169
"X406",2.03686326640475
"X406",1.2294200030457
"X406",1.6773194093409
"X406",1.23631124271587
"X406",1.3938167535095
"X406",1.01418755829745
"X406",1.2245195171882
"X406",1.45578989211164
"X406",1.52795832083279
"X406",0.274502653861708
"X406",1.72747084609123
"X406",1.58995423520413
"X406",1.44080551492048
"X406",1.16297854851805
"X406",1.22139194308181
"X406",1.28769815506069
"X406",1.21564063136201
"X406",1.31205401717443
"X406",1.54516516748604
"X406",1.35233301902415
"X406",1.87219824907023
"X406",1.39499805674754
"X406",2.05523455199255
"X406",1.59577044995308
"X406",1.76773558616283
"X406",1.53105067277584
"X406",1.6639469140715
"X406",1.24563755935986
"X406",1.30429664870001
"X406",1.39668786520933
"X406",1.41567980551586
"X406",1.10722497123768
"X406",1.45259080544764
"X406",1.37987392762477
"X406",1.91020921864362
"X406",1.70069513124863
"X406",1.19019201496804
"X406",1.37604984418631
"X406",1.58461589426392
"X406",1.90993138089112
"X406",1.92210804470162
"X406",1.22998852056183
"X406",1.9948058089392
"X406",1.34798621212411
"X406",1.20203664975885
"X406",1.23462801780449
"X406",1.74088650325836
"X406",1.16734481156548
"X406",1.74022069448396
"X406",1.21487108811981
"X406",1.900792972307
"X406",1.79957867239384
"X406",1.72109636328749
"X406",1.37494578723108
"X406",0.85545751116934
"X406",1.52654938744526
"X406",1.61668560774494
"X406",1.58316570391393
"X406",1.34682272952153
"X406",1.61937593281973
"X406",1.87507003383805
"X406",1.40214761499728
"X406",1.48097392974821
"X406",1.33685922217812
"X406",1.37769437282813
"X406",1.36014692928835
"X406",1.69809952276337
"X406",1.68532676445527
"X406",1.03605646303088
"X406",1.56976040586828
"X406",1.95722408651382
"X406",1.6446795922824
"X406",1.1455017144565
"X406",0.972708446360555
"X406",1.6036177378892
"X406",0.519946497258522
"X406",1.77470649230837
"X406",1.6620289796708
"X406",1.56327859123051
"X406",1.53622050944749
"X406",1.40478372831997
"X406",1.27969485683542
"X406",1.02337947131779
"X406",0.901603360701986
"X406",1.2827266933977
"X406",1.41806144399236
"X406",1.67944737796933
"X406",1.74324968413777
"X406",1.31243517663653
"X406",1.42330202802387
"X406",1.02135239547296
"X406",1.62873515435526
"X406",1.42478921627676
"X406",1.3535336520868
"X406",1.75996106095733
"X406",0.307067465924145
"X406",0.980029219851222
"X406",0.790536964248378
"X406",1.47828176008445
"X406",1.70746987563429
"X406",1.65039174940042
"X406",1.26927749714159
"X406",1.12337221436307
"X406",1.5074902053167
"X406",1.71991572531669
"X406",0.774794166476996
"X406",1.57542735265462
"X406",0.801232614360121
"X406",0.902192108861024
"X406",1.34166061068439
"X406",1.6497581908557
"X406",1.58873040306545
"X406",1.63988053482259
"X406",1.00019511512991
"X406",1.74620104248182
"X406",0.835536360255609
"X406",1.30354710812698
"X406",1.30426751534573
"X406",-1.96611285637283
"X406",1.92731701014319
"X406",1.2005506271794
"X406",1.40643723083391
"X406",1.37638452836303
"X406",1.45313830350372
"X406",1.52522287275001
"X406",1.32771048274416
"X406",1.84171059081504
"X406",1.42441833198352
"X406",0.945015604834412
"X406",1.79538411773471
"X406",1.02975396525138
"X406",1.36894125309002
"X406",1.12329239278404
"X406",0.175264135805987
"X406",1.17847283704404
"X406",1.63926418482236
"X406",0.79662298463609
"X406",1.37931246046121
"X406",1.11718989754812
"X406",1.3425366204389
"X406",1.45448691014583
"X406",1.31929968370839
"X406",1.73130024507279
"X406",0.807838803496455
"X406",0.994538545112786
"X406",1.58667236932153
"X406",1.3373002466955
"X406",1.85345127489043
"X406",1.91014294537612
"X406",1.79766600259991
"X406",1.5738705095878
"X406",2.21769317522123
"X406",1.4062193275274
"X406",-1.96611285637283
"X406",0.924041529210584
"X406",1.3900343915544
"X406",1.64051957057542
"X406",1.72804128465491
"X406",1.35097426411686
"X406",1.28234223267234
"X406",1.64473772777909
"X406",1.66101391451283
"X406",-1.96611285637283
"X406",1.14740505196917
"X406",0.936522071405703
"X406",1.96876643142592
"X406",0.802324496317914
"X406",-1.96611285637283
"X406",1.23107221573806
"X406",1.55520477099039
"X406",1.67674881794098
"X406",1.27684440346818
"X406",1.75118178790462
"X406",1.11884435332451
"X406",1.85052932925054
"X406",1.29960272438626
"X406",1.62882876426646
"X406",1.46304222469678
"X406",1.15877908747304
"X406",0.957245573610991
"X406",1.25449616859225
"X406",1.37436523543247
"X406",1.70386449224583
"X406",1.36532702362422
"X406",1.58209944731525
"X406",1.68994562608373
"X406",1.12146018307995
"X406",1.19665160147001
"X406",1.33286186457901
"X406",1.00854953023244
"X406",1.49755187855875
"X406",1.67604643099078
"X406",1.54689073993519
"X406",1.87110686520896
"X406",1.43149191959664
"X406",1.38021750179446
"X406",1.48089913876139
"X406",1.17070980981789
"X406",1.23836899821758
"X406",1.26763599952233
"X406",1.52397198407298
"X406",1.28763854042926
"X406",1.42613441246379
"X406",1.04074934852904
"X406",1.81911172978165
"X406",1.47483609492788
"X406",1.23140535578401
"X406",1.35675548772459
"X406",1.57830946269272
"X406",1.39587333400642
"X406",1.1421325225648
"X406",1.31772699092704
"X406",0.756487771393913
"X406",1.1325043395504
"X406",1.21077442607755
"X406",1.50699339743473
"X406",0.92459493131822
"X406",1.04901012084054
"X406",1.57515685891777
"X406",1.65315451792824
"X406",1.18278555539246
"X406",1.41219626327696
"X406",1.31892808457738
"X406",1.88867134573423
"X406",1.30245538498145
"X406",1.67465962420411
"X406",1.97394426925287
"X406",1.72685992046241
"X406",2.14617520282027
"X406",1.37620302862721
"X406",1.5605155490331
"X406",1.49909916476379
"X406",1.55293075703614
"X406",1.56099558281676
"X406",1.34951586474202
"X406",1.09951962627982
"X406",0.474486776961281
"X406",1.64581833810076
"X406",1.20775871405688
"X406",1.05625567330801
"X406",1.06297608090064
"X406",1.38139187428318
"X406",1.30253286639848
"X406",1.26552873561055
"X406",1.69307619533186
"X406",1.62938604868243
"X406",1.60108866084145
"X406",1.34662162447903
"X406",1.49814921571359
"X406",1.6063175826249
"X406",1.67200029203022
"X406",1.57636473940025
"X406",1.30287998622629
"X406",0.932346776144103
"X406",1.40023916033203
"X406",1.3259310466786
"X406",1.81079126217816
"X406",1.82838950655526
"X406",1.94056774667438
"X406",1.10441508615703
"X406",1.42576231747597
"X406",0.773225683928397
"X406",1.62568708091568
"X406",1.18496936714897
"X406",1.08382487011817
"X406",0.718937582929566
"X406",1.19697379497043
"X406",1.25202505587453
"X406",1.31304903606476
"X406",1.80992944195588
"X406",1.79708162329607
"X406",-1.96611285637283
"X406",1.80746381509383
"X406",1.25845467834102
"X406",1.56226017987066
"X406",1.48736756310274
"X406",1.42156177671141
"X406",1.19045429803436
"X406",1.35419482429086
"X406",1.46735360926182
"X406",1.47469829865363
"X406",0.925745913582227
"X406",1.12446973724336
"X406",1.8182876465483
"X406",1.21830960447331
"X406",1.07943735969648
"X406",0.737333225032247
"X406",1.37901350339136
"X406",1.72229833114467
"X406",1.42571572494725
"X406",1.70914882505341
"X406",1.31335060762963
"X406",1.73455497101204
"X406",2.0314334124262
"X406",1.39921614691034
"X406",0.417079470917427
"X406",1.17824962818646
"X406",1.65856579897647
"X406",1.8151225421664
"X406",0.75479072207164
"X406",1.74137452968053
"X406",1.76083170108168
"X406",1.40701460739977
"X406",1.47486442299439
"X406",1.32597192462826
"X406",1.73755601630055
"X406",1.11995423706391
"X406",1.27319193146351
"X406",0.921272807330485
"X406",1.78090335290882
"X406",1.5001284058502
"X406",1.75485959352033
"X406",0.807377068643026
"X406",1.62172730436751
"X406",1.39193687451032
"X406",1.57816084657346
"X406",1.30301288153657
"X406",1.32954694393106
"X406",1.55318046574414
"X406",0.758167093497103
"X406",1.05962939860125
"X406",1.12349769687835
"X406",1.59598845682123
"X406",1.26050960138528
"X406",1.33828917264132
"X406",1.6612585401168
"X406",1.43921835752703
"X406",0.967186387001025
"X406",1.6739607938812
"X406",1.78049044156547
"X406",-1.4388841772788
"X406",0.730116802234209
"X406",1.27629989690081
"X406",1.22444895981475
"X406",1.59070499862389
"X406",1.91082617895737
"X406",1.55895243359047
"X406",1.75496557678936
"X406",1.37706780745464
"X406",1.83637480661025
"X406",1.43939320674301
"X406",1.43384412747001
"X406",1.65055124425854
"X406",1.74391537421609
"X406",1.213255180029
"X406",1.29782465715302
"X406",1.01524741981254
"X406",0.762582485897472
"X406",0.126742450042511
"X406",1.81770586072096
"X406",1.41083844336883
"X406",1.64990119278896
"X406",1.03743331958355
"X406",1.29029353929845
"X406",1.26239615266525
"X406",1.8303434027503
"X406",1.65959746455576
"X406",1.68148010281214
"X406",1.35408866014388
"X406",1.81865883842057
"X406",1.69932385022075
"X406",1.37129705958771
"X406",0.9167456789986
"X406",1.17710765194331
"X406",1.04511726598857
"X406",1.65942766658544
"X406",1.77152100039342
"X406",1.99627471919011
"X406",1.48753186684264
"X406",1.45314741384285
"X406",1.16253711352193
"X406",1.97754578194996
"X406",1.86696367519896
"X406",-1.96611285637283
"X406",0.745801393076973
"X406",1.33801320346284
"X406",1.59081576127761
"X406",1.46870330197413
"X406",1.18822502900062
"X406",0.410074135933942
"X406",1.41150111128536
"X406",1.59586188035768
"X406",0.999400291767895
"X406",1.29217961455895
"X406",1.55105390141043
"X406",1.76509280660985
"X406",1.52494108595648
"X406",1.19063055857977
"X406",1.25982378801184
"X406",1.67840838859992
"X406",1.14096958400676
"X406",1.47793582301252
"X406",1.33877532974895
"X406",1.77499150248857
"X406",1.27236706603552
"X406",0.662205799581614
"X406",1.54978343356092
"X406",1.49619968483252
"X406",1.44017313848266
"X406",1.87273597701492
"X406",1.54463064060546
"X406",1.54607628686792
"X406",0.158389004208642
"X406",1.42501836996815
"X406",1.13459921404026
"X406",-1.96611285637283
"X406",1.5245894938158
"X406",1.87639318984145
"X406",0.919802333154717
"X406",1.3467034650435
"X406",0.973972731704739
"X406",1.37095697006591
"X406",0.989668178319697
"X406",1.48594893834271
"X406",1.59897941793416
"X406",0.750744713449786
"X406",1.2587503685723
"X406",1.73751662301417
"X406",0.35620335525255
"X406",1.61317697842936
"X406",1.39446328157388
"X406",1.33384929030425
"X406",1.56903847563956
"X406",0.993825091904075
"X406",1.76229482388773
"X406",1.64151171584604
"X406",1.53190301649828
"X406",1.65431786652423
"X406",1.52123187183879
"X406",1.73555028167785
"X406",1.72637664773543
"X406",1.29415164440812
"X406",1.71940572690268
"X406",1.33100270856646
"X406",1.19180373442045
"X406",1.68995657213807
"X406",2.0171204352103
"X406",0.970636290169917
"X406",1.44635004252171
"X406",1.42823514318344
"X406",1.32373778166947
"X406",1.63275801522829
"X406",1.18772522048511
"X406",1.54899838378841
"X406",1.60873334374757
"X406",1.64503542127156
"X406",1.98683575208112
"X406",0.91905231233929
"X406",1.9501524002693
"X406",1.57733136971897
"X406",1.57151177536199
"X406",1.43844318762954
"X406",1.17335916540561
"X406",1.10841454669146
"X406",1.48782324982885
"X406",1.89484165954278
"X406",0.784330009549796
"X406",1.53811159330476
"X406",1.358736112854
"X406",1.0596851132853
"X406",0.337633867867499
"X406",2.04144134883628
"X406",1.23462077577173
"X406",1.64601564256265
"X406",0.389169447325029
"X406",1.42628417965598
"X406",1.28765995591304
"X406",1.14176723054352
"X406",1.77089968999209
"X406",0.998175622041888
"X406",0.969459199104534
"X406",1.67665967937265
"X406",0.480784230902534
"X406",1.24599499470673
"X406",1.66192095734408
"X406",0.931430372774439
"X406",0.6160780801034
"X406",1.39674904114638
"X406",1.771685754528
"X406",2.31297001543009
"X406",1.86174411805475
"X406",1.13216865176104
"X406",1.64007949208674
"X406",1.09147288552579
"X406",0.68801496136392
"X406",1.05170983616845
"X406",1.3172798429631
"X406",0.800267688924563
"X406",0.616640604900289
"X406",1.59035006150129
"X406",1.38755441643599
"X406",0.83717762162165
"X406",1.64055770825058
"X406",1.78353504510647
"X406",1.68768565509599
"X406",1.3259717048397
"X406",1.19153215024662
"X406",0.968698727049674
"X406",0.019961356540656
"X406",1.35947193164269
"X406",1.58882855827647
"X406",1.4366707364142
"X406",1.50724991581264
"X406",1.2877880213855
"X406",1.4156032342367
"X406",1.47731609397678
"X406",1.79491607203646
"X406",1.65928105349947
"X406",1.20913549952466
"X406",1.57547838381258
"X406",1.39304941921272
"X406",1.30513855123226
"X406",1.20692186930037
"X406",1.00228615727289
"X406",1.22741742893044
"X406",1.17472537846972
"X406",1.56202117275571
"X406",1.57505579125392
"X406",1.29195604428348
"X406",1.68375412705923
"X406",1.50306393560958
"X406",1.87615245091846
"X406",1.08043853043429
"X406",1.51247009104595
"X406",1.33657296429282
"X406",1.16511960849167
"X406",1.27254924246032
"X406",1.71878240367856
"X406",1.44038190261242
"X406",1.15978902718098
"X406",1.49094591967803
"X406",1.66097221482873
"X406",1.14731827621648
"X406",1.54151629228919
"X406",-1.70913669602039
"X406",1.27277825472973
"X406",1.38090073940994
"X406",1.07425625230916
"X406",1.49331846138665
"X406",0.666668514121337
"X406",1.76518021319386
"X406",1.08517178950513
"X406",1.66163707479129
"X406",1.57765431916637
"X406",0.577093811071869
"X406",1.3326699019565
"X406",1.53838824115909
"X406",1.48512594422641
"X406",1.73259899639101
"X406",1.55360493557126
"X406",1.35193678745983
"X406",1.22427638704908
"X406",1.57960973704726
"X406",1.19514770173831
"X406",0.93472537272691
"X406",1.30015507630894
"X406",1.75220747327139
"X406",1.68305410353011
"X406",1.08325489206497
"X406",0.748291931999603
"X406",1.58520019105848
"X406",1.3800985686475
"X406",0.647623633386362
"X406",0.953532470528777
"X406",1.24837070146519
"X406",1.12535130854389
"X406",1.79601851986243
"X406",1.32185863998195
"X406",0.872104994273484
"X406",2.05309841823093
"X406",1.51809315779253
"X406",0.793745299735951
"X406",2.10783419263463
"X406",1.50947727972145
"X406",1.76771226953832
"X406",1.38380242092631
"X406",1.33367833345072
"X406",1.45433984869399
"X406",1.37383878987241
"X406",0.813356546796408
"X406",1.51511633158457
"X406",1.81882675287496
"X406",0.609631262034635
"X406",1.05369339513898
"X406",1.31170547276323
"X406",0.996191951065519
"X406",1.37066270443291
"X406",1.10829078848992
"X406",1.42506712481612
"X406",1.40587896939609
"X406",0.760674774682078
"X406",1.88249173070928
"X406",1.52943256009171
"X406",1.75943652666818
"X406",1.6962504779716
"X406",1.11227940441658
"X406",0.971056158727881
"X406",1.77243569046006
"X406",1.79763937566208
"X406",1.79492469626749
"X406",2.1116443307571
"X406",1.22500128002044
"X406",1.50881358962854
"X406",1.03039081293021
"X406",1.66550404840541
"X406",1.0147617310632
"X406",1.09326011095022
"X406",1.31129220856906
"X406",1.17931815673571
"X406",1.41090656573458
"X406",1.59285959745472
"X406",1.22087340926694
"X406",1.53340279630531
"X406",0.625865715913246
"X406",1.56430855365694
"X406",2.02019700471845
"X406",1.36258733025747
"X406",1.16621164675781
"X406",1.40955232858409
"X406",0.759065600169939
"X406",1.61452165209444
"X406",1.51242804266436
"X406",1.42914198948023
"X406",1.11088977294533
"X406",1.81365637929156
"X406",1.36226671710524
"X406",1.27033772710042
"X406",1.18163996683522
"X406",1.84416784586846
"X406",1.39251538704974
"X406",0.783392544348057
"X406",1.48788965827085
"X406",1.6062558017756
"X406",1.84776520683587
"X406",1.44119410105867
"X406",1.37661133552773
"X406",1.27755293857934
"X406",1.80602263075563
"X406",1.34122637609979
"X406",1.12982162746164
"X406",-1.96611285637283
"X406",1.66345437563982
"X406",1.4665684514177
"X406",1.27519519404321
"X406",1.68975517581735
"X406",1.19125455427024
"X406",1.35482682218474
"X406",1.48772609367774
"X406",1.76954613148339
"X406",1.41531031405064
"X406",1.09702571107083
"X406",1.81753661483334
"X406",1.234358038154
"X406",1.69437743407864
"X406",1.23581400957425
"X406",-0.383201052255529
"X406",1.69985166324665
"X406",1.46847002950989
"X406",2.06691431878227
"X406",1.39878207530161
"X406",1.74158877156113
"X406",0.929845504566387
"X406",0.791468063584251
"X406",1.58665993039167
"X406",1.55390621288602
"X406",0.712097711962152
"X406",1.73968304921445
"X406",1.41320903327159
"X406",1.48458062359881
"X406",1.78244345641129
"X406",1.32554049104509
"X406",0.758630239563071
"X406",1.93510208720659
"X406",1.46545994732913
"X406",2.26644279964634
"X406",1.29860528301947
"X406",1.34802968508927
"X406",-1.96611285637283
"X406",-0.80138029996481
"X406",1.4559298104033
"X406",1.44299949283847
"X406",0.94788825010887
"X406",1.36350534831319
"X406",0.240629620996286
"X406",1.43473061939217
"X406",1.55710216021644
"X406",1.12023614907114
"X406",1.66566905405552
"X406",1.22831043396135
"X406",1.05136326121738
"X406",1.48236023749058
"X406",1.65112747234481
"X406",1.49445362788925
"X406",1.32857723819545
"X406",1.54318415559078
"X406",1.52629749005318
"X406",1.1484925863771
"X406",1.03477934133921
"X406",1.42329729440264
"X406",1.34749921390004
"X406",1.58125880623513
"X406",0.946704244757046
"X406",1.83149770829644
"X406",1.59685134542245
"X406",1.31370614327576
"X406",1.42883161040673
"X406",1.53738285924972
"X406",1.28256271047237
"X406",0.618788028510882
"X406",1.71342944343983
"X406",0.971158742515643
"X406",0.51115087607984
"X406",1.52384199441885
"X406",1.09163605813048
"X406",-0.820051522515874
"X406",1.57296304720195
"X406",0.547502277609948
"X406",1.61464635468693
"X406",0.502481791605997
"X406",0.962842125470751
"X406",1.63240808603997
"X406",1.73564532308319
"X406",1.29084451426507
"X406",1.18024007303784
"X406",1.5722803617336
"X406",1.11177645236249
"X406",1.4034504414543
"X406",1.58290922792252
"X406",1.19140379259058
"X406",1.10060243682291
"X406",0.6734195162263
"X406",1.46025027102258
"X406",1.51229773484114
"X406",1.48713547807847
"X406",1.34844064966769
"X406",1.63654547512815
"X406",1.78673192346265
"X406",0.773690469792243
"X406",0.236530644148723
"X406",1.4093080321145
"X406",1.40724512522753
"X406",1.69681975799478
"X406",0.333766580160839
"X406",1.29530505199252
"X406",1.51499211694569
"X406",1.4022587807943
"X406",1.08398999506195
"X406",1.57260793912943
"X406",1.30757276605505
"X406",1.07541175659962
"X406",1.71827893591986
"X406",1.68549742295089
"X406",1.1313965461124
"X406",1.43642816054194
"X406",1.29102433987996
"X406",1.32362255462304
"X406",1.54406609465943
"X406",1.72947685706641
"X406",0.674941701119543
"X406",1.33450278042283
"X406",0.97851559782679
"X406",1.37982558156532
"X406",1.18010073116328
"X406",1.24395870812339
"X406",1.26774400095639
"X406",1.69059413798413
"X406",1.90304591907607
"X406",2.05975617783971
"X406",0.952508419905782
"X406",1.17743494863409
"X406",1.85573059368718
"X406",-1.96611285637283
"X406",1.43614914587791
"X406",1.70181575976841
"X406",1.57910241725958
"X406",0.231874634545675
"X406",1.5490143946035
"X406",-1.96611285637283
"X406",1.38396049099286
"X406",1.57859009160774
"X406",1.37165430655296
"X406",1.47120812247054
"X406",1.90863444936434
"X406",1.69635698159406
"X406",1.34860188415361
"X406",1.47157375769908
"X406",1.41982859305761
"X406",1.48725716278002
"X406",1.36815985682301
"X406",1.79297114396641
"X406",1.52203609455844
"X406",1.64546498023241
"X406",1.07329861047706
"X406",1.47017628369552
"X406",0.6906435568094
"X406",1.45919249831196
"X406",1.59891611355571
"X406",0.891997151308662
"X406",1.65795916505101
"X406",1.4489415638736
"X406",1.17269515885902
"X406",1.57713414208872
"X406",1.36367351475352
"X406",1.52347804748064
"X406",1.5405583140593
"X406",1.47812528358848
"X406",2.39249424666823
"X406",1.25219955948386
"X406",1.51613365777708
"X406",1.54518580566089
"X406",1.15368935160652
"X406",1.48099321682332
"X406",1.25712683594817
"X406",1.5435521377755
"X406",1.37790974430363
"X406",1.31620071403436
"X406",1.29023573618752
"X406",0.513336853547972
"X406",1.74959337020946
"X406",1.5615719455677
"X406",1.44802575798126
"X406",1.09666006239579
"X406",1.30354439869001
"X406",1.81564705122914
"X406",1.35410212335364
"X406",1.60734292959637
"X406",1.43997832264707
"X406",0.643921640328351
"X406",1.08179916636806
"X406",0.349884682287308
"X406",1.09497481017245
"X406",0.905912339221178
"X406",2.05151844016258
"X406",1.79710177279419
"X406",1.28909889182091
"X406",1.22930804958349
"X406",1.27144472558089
"X406",1.47979849154494
"X406",1.993443872016
"X406",1.02543005334379
"X406",1.04194641705806
"X406",1.4483477691596
"X406",1.04287558648152
"X406",1.58833670495148
"X406",0.151698045441741
"X406",1.65206120421297
"X406",1.80724535250481
"X406",1.18594259393799
"X406",1.3324557694613
"X406",1.32473474315842
"X406",1.35673711198987
"X406",1.66816967915988
"X406",1.50900332219093
"X406",1.25760524386682
"X406",1.71231572923588
"X406",1.08453374697178
"X406",1.71994918182278
"X406",1.70562310790515
"X406",1.16156137697273
"X406",1.18751184695168
"X406",0.876231174874813
"X406",1.76896909920283
"X406",0.871546203519109
"X406",1.51979355552649
"X406",1.87396775452203
"X406",1.72909401006922
"X406",1.23535652358918
"X406",1.2834596702291
"X406",1.20076082979244
"X406",1.38260330286721
"X406",1.00444814986509
"X406",1.00122179796661
"X406",0.848963163715085
"X406",1.63103008999841
"X406",1.0010138289607
"X406",1.11118112633957
"X406",1.75308975498278
"X406",1.57747393917849
"X406",0.0578727644551792
"X406",1.31591326311514
"X406",0.577310572189795
"X406",1.23793972452854
"X406",2.02011165748089
"X406",1.32284378450395
"X406",1.44061073566461
"X406",1.36646742336638
"X406",1.53687881817223
"X406",1.05230606153834
"X406",1.2561710434296
"X406",1.13579468340727
"X406",0.655154808456214
"X406",1.85570382354073
"X406",2.07523149519075
"X406",1.00252037929747
"X406",1.413360215615
"X406",1.70193552450855
"X406",1.58465770118322
"X406",1.77960120714099
"X406",1.25949640489339
"X406",1.59661342233519
"X406",1.73641720125133
"X406",1.39214781985666
"X406",1.79914059666092
"X406",1.83733658349729
"X406",1.60062986023564
"X406",1.16320984963777
"X406",0.985463712100476
"X406",1.46897427651129
"X406",1.3825658019809
"X406",1.94162574046799
"X406",1.29026640103477
"X406",1.74421794835954
"X406",1.6953393373029
"X406",1.92576113533699
"X406",1.28141015084798
"X406",1.33330697451826
"X406",1.20874008316348
"X406",1.0780925516577
"X406",1.8539376054708
"X406",0.91738502204431
"X406",1.41846127520136
"X406",1.47390930192145
"X406",1.522814881674
"X406",1.54943332328135
"X406",0.775862719573229
"X406",1.83986080959993
"X406",1.34774531545501
"X406",1.66597764095131
"X406",1.1054554937044
"X406",1.39125293275646
"X406",0.855884041912967
"X406",1.57569281086495
"X406",0.224950806988158
"X406",1.51891542714473
"X406",1.51683743006095
"X406",1.64691496883065
"X406",1.72774750788233
"X406",1.64717809024039
"X406",1.14812500469257
"X406",1.66376232475566
"X406",1.28055469349584
"X406",0.890598107724057
"X406",1.41660116739026
"X406",1.69056312556723
"X406",0.993200332889654
"X406",1.03751791296144
"X406",2.15069816650209
"X406",1.52030873661331
"X406",1.55926881820593
"X406",1.54559708594559
"X406",1.48871991149371
"X406",0.768823300276759
"X406",0.944261680302147
"X406",1.50497109744825
"X406",1.17247099022067
"X406",1.92716023340304
"X406",1.09055944428556
"X406",1.53146317286716
"X406",1.35789859794933
"X406",1.76057780188785
"X406",1.13204846334904
"X406",1.66857096182215
"X406",0.183906970480551
"X406",1.58915496087922
"X406",1.58139975034226
"X406",1.09436218809532
"X406",1.50962919897212
"X406",1.25127549563353
"X406",1.63891767212375
"X406",1.7450828387924
"X406",1.44400367769327
"X406",0.761908425064955
"X406",1.57716613618021
"X406",1.66084013948588
"X406",1.52286855949972
"X406",0.552103859221669
"X406",1.33799299768099
"X406",1.1984476208275
"X406",1.61745524135773
"X406",1.47099185393072
"X406",1.25135540811982
"X406",1.46352964550129
"X406",1.44828670555962
"X406",1.57465804081849
"X406",0.949254227690123
"X406",0.839520561154213
"X406",1.8540222896646
"X406",1.11462307746547
"X406",1.01374769009806
"X406",1.80315898281616
"X406",1.59112890065144
"X406",1.92018163288787
"X406",1.60565149390949
"X406",1.87312386040528
"X406",1.72333691099717
"X406",1.50878474634488
"X406",-1.96611285637283
"X406",1.51178861437521
"X406",1.2433260988428
"X406",1.1373789027899
"X406",1.64052020033361
"X406",1.41656334097796
"X406",1.5188323806547
"X406",1.51361382094135
"X406",0.897171799763275
"X406",1.46591064523586
"X406",1.42990619766271
"X406",0.531226384094762
"X406",1.54087355882182
"X406",1.49354003648682
"X406",1.56596762385207
"X406",1.08700044172686
"X406",1.58977241286806
"X406",1.77118563626855
"X406",0.824855754185209
"X406",1.55435429568096
"X406",1.27588941543497
"X406",1.09754240518376
"X406",1.33765525873462
"X406",1.81779177873604
"X406",0.421971691117318
"X406",1.26245137716976
"X406",1.5084044314014
"X406",1.37943194118846
"X406",1.15684846811798
"X406",1.52717946217424
"X406",1.37229547016608
"X406",1.02818936980034
"X406",1.40180049727411
"X406",1.56356975614321
"X406",1.6512202956608
"X406",1.59632561392371
"X406",0.349581231753915
"X406",1.51614937267806
"X406",1.27349124830291
"X406",1.23773125968701
"X406",1.64462189042398
"X406",1.66881610669989
"X406",1.1923955777332
"X406",1.18575052642808
"X406",1.13383702525083
"X406",1.50883150423943
"X406",1.31316807559158
"X406",1.22909716120551
"X406",1.70076908498642
"X406",1.55257311874709
"X406",-1.96611285637283
"X406",1.3288198703365
"X406",0.051419083721647
"X406",1.76263755857834
"X406",1.22377283769242
"X406",1.6982978012906
"X406",1.17812144565716
"X406",1.41842505843159
"X406",1.68927886978672
"X406",1.74882066221649
"X406",1.5066650868518
"X406",1.8332711671829
"X406",1.41862077155207
"X406",0.931076638193906
"X406",1.65244383397812
"X406",1.51639008443938
"X406",1.30982627638996
"X406",1.81817799117849
"X406",1.75529057356694
"X406",1.59519732407906
"X406",1.69700397562612
"X406",1.09878912747988
"X406",1.28516661648236
"X406",1.47047048532731
"X406",1.04937625059624
"X406",1.92237425124742
"X406",1.78788625559414
"X406",0.972903679574381
"X406",0.574078774195723
"X406",1.35443256275593
"X406",2.00460464017333
"X406",1.22030245550804
"X406",1.35668050000465
"X406",1.56859256901432
"X406",1.59601259676931
"X406",1.19903073560329
"X406",1.50344690555386
"X406",1.85174793668761
"X406",1.17700833838423
"X406",1.12323654913848
"X406",1.41882575498599
"X406",1.14829152883818
"X406",1.49170036702437
"X406",1.39819538833671
"X406",1.11801015505649
"X406",1.31742074915829
"X406",0.821439363984251
"X406",1.04788177679859
"X406",0.747078166679569
"X406",1.33447882457581
"X406",1.00579536223754
"X406",1.6036255408183
"X406",1.83144352115192
"X406",1.33454617325891
"X406",1.58491746479361
"X406",1.79896174665711
"X406",1.66873004054752
"X406",1.73146197866997
"X406",1.58644589828741
"X406",1.43719618295258
"X406",1.55254712025567
"X406",0.671083753292477
"X406",1.13428251067878
"X406",1.5244677386912
"X406",1.66537230400753
"X406",1.03279865931169
"X406",1.2153653463951
"X406",1.34764201984984
"X406",1.51876494763434
"X406",1.68499766350346
"X406",1.49368558359294
"X406",1.31813842880089
"X406",-0.555634689269043
"X406",1.04429918028113
"X406",1.5690574469538
"X406",1.08593653732986
"X406",1.11585600376648
"X406",1.16662510101854
"X406",1.48363997113073
"X406",1.35722085712549
"X406",0.153876159832536
"X406",1.58474827843998
"X406",1.79652850365074
"X406",1.79911881357046
"X406",0.992967613228671
"X406",1.65438580053141
"X406",2.00409293243608
"X406",1.00963901696337
"X406",1.10646434017585
"X406",1.50380605488029
"X406",1.15719588068629
"X406",1.30476497907673
"X406",2.04162424099914
"X406",0.434222329352821
"X406",1.22609358130262
"X406",1.14571637961875
"X406",1.53062399996137
"X406",1.02545588468927
"X406",1.64879000573068
"X406",1.04250073172669
"X406",1.89267562657385
"X406",1.75110132927902
"X406",1.80774473104842
"X406",1.91368308402016
"X406",1.56935749923872
"X406",-0.29839945688067
"X406",1.71347706685938
"X406",1.56601492936438
"X406",0.742121974734003
"X406",1.82864097819967
"X406",1.57236504271658
"X406",0.948637833935681
"X406",1.39915972282502
"X406",1.34463737395623
"X406",1.60802433818784
"X406",1.1347020440164
"X406",1.40273633562693
"X406",1.25466281663422
"X406",0.925564376158509
"X406",1.58360726119321
"X406",1.66164946145255
"X406",1.45135002745417
"X406",1.45733586706964
"X406",1.74599437027426
"X406",1.76484583622818
"X406",1.35699313023653
"X406",1.19185655565976
"X406",1.37098036121324
"X406",1.6831490451934
"X406",1.1732136131492
"X406",1.56685294961501
"X406",1.68978513588673
"X406",1.42595200758976
"X406",1.48062162200614
"X406",1.88195514122592
"X406",1.4445317222138
"X406",0.884162094765645
"X406",0.798866913161289
"X406",0.614971236982013
"X406",1.05162990597603
"X406",1.58776883271863
"X406",0.794091029462524
"X406",1.35025814953355
"X406",0.997358122790984
"X406",1.56971647191523
"X406",1.61555687727179
"X406",0.982080625971888
"X406",0.766995633607957
"X406",1.27661250808626
"X406",1.08728640634623
"X406",1.11175370645189
"X406",1.49240749899966
"X406",1.68272994008803
"X406",1.30047557106518
"X406",0.673601828178643
"X406",1.21761747098477
"X406",1.30321296392455
"X406",1.46877228821075
"X406",1.37257841271453
"X406",0.228093214843323
"X406",1.28429557613937
"X406",1.60763238285395
"X406",1.3439245737366
"X406",1.93210240888452
"X406",1.61946765081114
"X406",1.8863723855651
"X406",1.36292283997954
"X406",1.60273641980906
"X406",1.45734927033951
"X406",1.71531114145821
"X406",1.4505045649229
"X406",0.855498936198103
"X406",-0.911733229911343
"X406",1.77248666160401
"X406",1.39976354499744
"X406",1.82444790432694
"X406",1.4815907448814
"X406",1.75629601887333
"X406",1.24725289359482
"X406",0.523092110598889
"X406",0.991304474245238
"X406",1.11620008497355
"X406",1.09896932809057
"X406",1.51832973236969
"X406",1.78438178840855
"X406",1.68501863010207
"X406",0.928874493150545
"X406",1.37497329379682
"X406",1.62754393736142
"X406",-1.96611285637283
"X406",1.82377383905887
"X406",0.816001120365986
"X406",1.58528938213751
"X406",1.60711636615322
"X406",0.792503700221635
"X406",1.59373683915794
"X406",1.41874508553521
"X406",1.27924869300982
"X406",1.57438300457908
"X406",1.20619943112101
"X406",0.531149557625957
"X406",1.54787815211898
"X406",0.912168733471473
"X406",1.76734756349263
"X406",1.48425286673617
"X406",1.99178172661273
"X406",1.42430316140595
"X406",1.62111867299119
"X406",1.28221942456873
"X406",-0.804230549160241
"X406",1.91110826949289
"X406",0.975656559649937
"X406",1.27452934911134
"X406",1.31451016570708
"X406",1.53947022048189
"X406",1.67952106366573
"X406",0.643734633879304
"X406",1.47046420707384
"X406",0.788471231703942
"X406",1.32557881470552
"X406",1.26604693844125
"X406",1.02065775456979
"X406",1.18328529773154
"X406",1.11927774635854
"X406",1.62387181620476
"X406",1.24613228862945
"X406",1.39558440901361
"X406",1.47201477206804
"X406",1.27604763528103
"X406",1.81677019043355
"X406",1.79741684954752
"X406",1.48188711035541
"X406",1.09650794940412
"X406",1.67028162172487
"X406",1.48935554758309
"X406",1.3926406262571
"X406",1.74374480190862
"X406",1.53954534791681
"X406",1.85310444569348
"X406",0.542089466384498
"X406",2.07053110092502
"X406",0.538332252387841
"X406",1.28716871051181
"X406",1.27601188963463
"X406",1.50446881187752
"X406",1.09054784899426
"X406",0.950762001670841
"X406",1.58692316795446
"X406",1.86298539980198
"X406",1.38384108159449
"X406",0.325701691362137
"X406",1.58019789791413
"X406",1.4560909933705
"X406",1.98158291613296
"X406",1.10064903875404
"X406",1.71489077844603
"X406",0.489020920345221
"X406",1.34046577264476
"X406",1.03724900229542
"X406",1.98978264429757
"X406",1.00097385260841
"X406",1.7178569003047
"X406",1.2256996090665
"X406",1.84408541790626
"X406",1.07738288820508
"X406",1.84971854051706
"X406",1.75605305986182
"X406",1.50338885717462
"X406",1.6570724643753
"X406",1.66038463134305
"X406",1.76927573865103
"X406",0.34412429303838
"X406",0.702180861106249
"X406",1.3478313511492
"X406",1.59773229133951
"X406",1.45285132417822
"X406",0.818144188234876
"X406",1.455866895139
"X406",1.43453932285072
"X406",1.50436736805356
"X406",1.55610173777731
"X406",0.578144288313599
"X406",1.30756674948428
"X406",1.17215301566834
"X406",1.66883739870764
"X406",1.52750834379866
"X406",2.00623374768768
"X406",1.71514963232431
"X406",1.43637540551274
"X406",1.0422653273698
"X406",1.57285861428388
"X406",1.35071594258823
"X406",1.3915757666427
"X406",1.54948299505352
"X406",0.477299675684479
"X406",1.84685270132349
"X406",1.10392094909515
"X406",1.46384763251212
"X406",1.52224474666372
"X406",1.42561351420423
"X406",1.03223880802011
"X406",1.68962093752603
"X406",1.29146674476079
"X406",1.57381624278057
"X406",1.84536283465057
"X406",-0.447272983990815
"X406",1.18134579215754
"X406",1.41984720927943
"X406",1.15862228756588
"X406",0.0618097574453965
"X406",-0.211277478273137
"X406",1.70910366424328
"X406",1.22186393499598
"X406",-0.178451746291839
"X406",1.02584441815281
"X406",1.45222958885831
"X406",1.06337799896911
"X406",1.18052339671134
"X406",1.53219722455509
"X406",1.09834707516357
"X406",1.62982401877853
"X406",1.49998660049035
"X406",1.43966937357076
"X406",1.5688558412566
"X406",1.73890396676736
"X406",1.2848114296698
"X406",1.2064927804372
"X406",1.6704931616282
"X406",1.46479432520576
"X406",1.33206875890953
"X406",1.83167789830496
"X406",1.27354490908346
"X406",1.20038112563247
"X406",-0.0600634552189441
"X406",1.27938446777535
"X406",1.81764575393205
"X406",1.43542037373373
"X406",1.26024542298512
"X406",1.7005242261129
"X406",0.925284885151403
"X406",2.04279117771399
"X406",1.46443444760309
"X406",1.39169590282399
"X406",0.820582876688771
"X406",1.843548999271
"X406",1.14182901547665
"X406",1.41269889422332
"X406",1.50605152196689
"X406",1.62328274215416
"X406",1.46752399539972
"X406",1.84772439203161
"X406",0.90236562466217
"X406",1.13823427222482
"X406",1.4237688950413
"X406",1.35329730252866
"X406",0.615521420519889
"X406",1.47003920543164
"X406",-1.96611285637283
"X406",1.50219128276985
"X406",1.73953996904132
"X406",1.05960525681785
"X406",1.62263169557039
"X406",1.80570402457161
"X406",1.23292854701263
"X406",1.44342918590135
"X406",1.24520657176652
"X406",1.06596369957989
"X406",1.47765561212587
"X406",1.50726560113924
"X406",1.67339512036031
"X406",1.42820850184643
"X406",1.07707862280321
"X406",1.17811781408544
"X406",0.981314506901165
"X406",1.72342764324723
"X406",1.86591585483962
"X406",-1.96611285637283
"X406",1.70780068581018
"X406",1.1946045150048
"X406",1.28799174048018
"X406",1.59251346815918
"X406",1.13079463778958
"X406",1.461651458365
"X406",1.45448691014583
"X406",0.872767261599452
"X406",1.79715596918368
"X406",1.28158033879172
"X406",1.47015810298609
"X406",0.783063599810767
"X406",1.29104669297148
"X406",1.84726855124935
"X406",1.63746255064967
"X406",1.46453040862188
"X406",1.54403212571083
"X406",0.957378202851122
"X406",-0.298761697011819
"X406",1.4185063825181
"X406",1.50642041438703
"X406",1.62522049117813
"X406",-0.400246112384637
"X406",1.65384384785385
"X406",1.41322866097933
"X406",1.17981134986345
"X406",1.70042250019665
"X406",1.29624274608216
"X406",1.03995318429718
"X406",1.11871043520834
"X406",1.29809160520787
"X406",1.60488904044752
"X406",1.11919962524905
"X406",1.47201477206804
"X406",1.23040164642347
"X406",1.15537584266121
"X406",1.2535852354382
"X406",1.53204383869163
"X406",1.38001241120663
"X406",1.66019871948351
"X406",2.12145381512479
"X406",1.52328754333334
"X406",0.445778368787148
"X406",1.81896170429504
"X406",1.45769077378338
"X406",1.43874571165647
"X406",1.66451965993602
"X406",1.21571952529143
"X406",1.3959842242875
"X406",1.74504344114707
"X406",1.56837307240058
"X406",1.6014393013039
"X406",1.51599309109309
"X406",1.80152754711946
"X406",1.88148014308231
"X406",1.68153026436101
"X406",1.43347306324726
"X406",1.9814952213962
"X406",1.3476091589301
"X406",0.721618968424332
"X406",1.40038218409856
"X406",1.73380748957113
"X406",1.60235539091895
"X406",1.51207968747892
"X406",1.30607069807476
"X406",1.67320930188391
"X406",1.16553089918335
"X406",1.00197519070093
"X406",1.35719757173404
"X406",1.42906862129446
"X406",1.68298607647675
"X406",1.50242599776415
"X406",1.31248775358809
"X406",-1.41435413361925
"X406",1.76931757539231
"X406",1.56577169389213
"X406",1.9058066441722
"X406",1.46856635091664
"X406",-1.96611285637283
"X406",1.24223182213806
"X406",1.53123410432353
"X406",1.36344492838699
"X406",1.25329052931034
"X406",1.5889678784325
"X406",1.28864480393049
"X406",1.65656928159992
"X406",1.49774732697638
"X406",1.59416346465618
"X406",1.32698672802559
"X406",1.35338373730532
"X406",1.7601154249827
"X406",0.916843774852381
"X406",1.08222371279826
"X406",1.43312830355319
"X406",1.69716399598768
"X406",1.58631744247051
"X406",1.87517430450074
"X406",1.44452480910776
"X406",1.696786985108
"X406",1.61039717535921
"X406",1.1976149608481
"X406",1.77268830093623
"X406",0.375657153701183
"X406",1.90068228415895
"X406",1.94413502327744
"X406",1.21934155220894
"X406",0.716811724397972
"X406",1.56437530446058
"X406",1.59096933371498
"X406",0.955917197549674
"X406",-0.744529520252143
"X406",1.57659527292405
"X406",1.24186285948977
"X406",0.804148777850808
"X406",0.980057686806256
"X406",1.32517481596634
"X406",1.60177542530948
"X406",1.3622051769814
"X406",1.50089856383375
"X406",0.977530714557681
"X406",1.45360156362266
"X406",0.792182085147992
"X406",0.909100161394342
"X406",0.819016544481771
"X406",0.541579409240591
"X406",1.56976848581365
"X406",1.51927974108077
"X406",1.50671584994425
"X406",1.56995241609042
"X406",1.19875632978429
"X406",0.847893010859448
"X406",1.34623247890162
"X406",0.200016429400308
"X406",1.10102410496763
"X406",1.44456796280724
"X406",1.22782058290565
"X406",1.46341406970493
"X406",1.15142197839905
"X406",1.58151400189164
"X406",1.01346167670927
"X406",1.61382008091749
"X406",1.40699883957506
"X406",1.30932695617336
"X406",1.63609987807726
"X406",1.32717093925935
"X406",1.31792716578762
"X406",1.28269936708196
"X406",1.00063218909561
"X406",0.597152759518911
"X406",1.94179117081477
"X406",1.73690091148463
"X406",1.96000984772015
"X406",1.85214458068509
"X406",1.21850354309359
"X406",1.64481659577637
"X406",1.94752381957526
"X406",1.09309218575262
"X406",1.56094285301396
"X406",1.42071566666537
"X406",-1.96611285637283
"X406",1.05605065159559
"X406",1.65786518666871
"X406",1.88573544276386
"X406",1.55462340789177
"X406",1.43238221788078
"X406",1.65614470429718
"X406",0.522037535608556
"X406",1.42071745130177
"X406",1.15128672964652
"X406",1.67301413339061
"X406",1.65182213781926
"X406",1.17885974361403
"X406",1.6140432886428
"X406",1.42744662864257
"X406",1.32716262428891
"X406",1.88489303225737
"X406",1.53396097719501
"X406",1.34059109377222
"X406",1.38284817996518
"X406",1.48697680051505
"X406",1.73703897902647
"X406",0.0686241933606398
"X406",1.63873028064209
"X406",-1.96611285637283
"X406",1.74676280151131
"X406",1.49557876234109
"X406",1.00092372975433
"X406",1.41232419300484
"X406",1.7780843928161
"X406",0.237206499522991
"X406",1.55966917366484
"X406",1.12138921358936
"X406",1.18668766722882
"X406",0.679216769911522
"X406",1.06939670539288
"X406",1.74799967709733
"X406",1.26723224502362
"X406",1.28970229121858
"X406",1.71878603117704
"X406",1.45263377663528
"X406",1.94544962366147
"X406",0.998040169720316
"X406",1.52662321036239
"X406",1.16556530126164
"X406",1.35613650383886
"X406",1.61187715100477
"X406",1.28937131198439
"X406",1.84632494348381
"X406",1.46440304867135
"X406",1.63987054531622
"X406",1.51941765232869
"X406",1.14117774113402
"X406",1.54191572403281
"X406",1.54705449385526
"X406",1.74056241820919
"X406",1.3808321822429
"X406",1.64260492914633
"X406",1.26852042710614
"X406",1.68931493081538
"X406",1.35685677080793
"X406",1.26618200666732
"X406",1.5992348315697
"X406",1.17835781869414
"X406",0.978870135188075
"X406",2.13839541643756
"X406",1.63652178678788
"X406",1.2285664224282
"X406",1.81523759466311
"X406",1.81893229097693
"X406",1.58808416164018
"X406",1.86113977763893
"X406",0.304956106323133
"X406",1.32428412291793
"X406",1.78854502774064
"X406",1.70475507298929
"X406",1.34915464102813
"X406",1.27174138830007
"X406",1.5183952428456
"X406",1.47033775020287
"X406",2.04037786586642
"X406",0.926707136869051
"X406",1.4471167568106
"X406",1.73267756215579
"X406",1.40941845222795
"X406",1.95217456432658
"X406",0.269073925421629
"X406",1.78975190368557
"X406",1.34397096806221
"X406",0.325302230978567
"X406",1.42835745553831
"X406",1.66289627121716
"X406",1.53263969933536
"X406",0.926759821186961
"X406",1.86547685172632
"X406",1.17373922651781
"X406",1.16980171443082
"X406",1.62353687519937
"X406",1.13048388836671
"X406",1.73800786444268
"X406",0.713043535302013
"X406",1.13872509612146
"X406",1.20102750613541
"X406",1.73535758059443
"X406",0.641078428735266
"X406",1.82931295559726
"X406",1.42252679423631
"X406",1.61564601289552
"X406",0.894303316579694
"X406",1.55638407302609
"X406",1.6920618370603
"X406",1.77085855378178
"X406",1.72396961015266
"X406",1.72926926525884
"X406",1.62114853608094
"X406",1.04789137321124
"X406",0.35700181308246
"X406",1.46674418929196
"X406",1.41345630398627
"X406",1.12005078579028
"X406",0.471901014358475
"X406",1.55723888166244
"X406",0.821817819888396
"X406",1.17430945943824
"X406",0.990308272094617
"X406",1.48563230440544
"X406",0.939354547437968
"X406",1.4574998930861
"X406",0.827355487168051
"X406",1.82334878525711
"X406",1.3506763730889
"X406",1.44161557500165
"X406",1.43987764775058
"X406",1.38644095772323
"X406",1.34808231189626
"X406",1.51782642452955
"X406",1.4652361072817
"X406",-1.96611285637283
"X406",1.34462670275773
"X406",1.25989511484392
"X406",1.18405581733123
"X406",1.18761243588595
"X406",1.52357074180712
"X406",1.48344740004476
"X406",0.991244926177747
"X406",0.8928818740143
"X406",1.70769750633285
"X406",1.51621333102195
"X406",1.60891378643965
"X406",0.919095578658157
"X406",1.59175358438332
"X406",1.43348612692659
"X406",1.30246110834006
"X406",1.55880076889004
"X406",1.73742549911868
"X406",1.34283876193898
"X406",1.27245822087088
"X406",1.55752123900927
"X406",1.63079828474077
"X406",1.406954483945
"X406",-0.419615792794098
"X406",1.62185058260378
"X406",1.34661297323889
"X406",1.67831456006941
"X406",0.528446344199172
"X406",1.92529170301548
"X406",1.68288191978485
"X406",1.3204293839432
"X406",2.0616240780493
"X406",1.14421471498905
"X406",0.681232033698238
"X406",1.21441809865964
"X406",1.88199166608472
"X406",1.96908858994406
"X406",1.689246872108
"X406",1.59083190969003
"X406",1.38101223906166
"X406",1.01127595200469
"X406",1.62777203647034
"X406",1.48578521464264
"X406",1.47997276582213
"X406",1.50535873163039
"X406",1.22335806597983
"X406",2.04541092821587
"X406",1.75316658259857
"X406",1.20684996661498
"X406",1.49133379854853
"X406",1.36534139292069
"X406",1.87012887130036
"X406",1.21528386484878
"X406",1.56087058843396
"X406",1.15281965865062
"X406",1.37678409585034
"X406",0.878976871656755
"X406",1.2410309940584
"X406",2.01547563869181
"X406",0.42359696148049
"X406",1.04568289685335
"X406",1.36606385104961
"X406",1.11490726175749
"X406",1.70588372933701
"X406",1.41379577077208
"X406",-1.07935701419804
"X406",1.16130190093041
"X406",0.907860701594319
"X406",1.14280924986331
"X406",1.74619517313151
"X406",1.79141914990224
"X406",0.981293096294549
"X406",1.38919298522969
"X406",1.59655106797555
"X406",1.01569926908583
"X406",1.43394630786931
"X406",1.24680735984532
"X406",0.0122078882642422
"X406",1.61302476466197
"X406",1.57986204417374
"X406",1.77590994210802
"X406",1.69041043471554
"X406",1.41190341365201
"X406",0.832027182216952
"X406",1.02145390952513
"X406",1.49571143091165
"X406",0.925761581466196
"X406",1.34045665357943
"X406",0.976390614731024
"X406",1.19654157370197
"X406",1.86462391750046
"X406",1.09270618494899
"X406",1.02208069999244
"X406",1.84815658411828
"X406",1.50110235396801
"X406",1.61747998146584
"X406",1.38880033851161
"X406",1.58683567787609
"X406",1.37386380194923
"X406",1.80856813450179
"X406",1.41295367767327
"X406",1.49125622020579
"X406",1.1004678803507
"X406",1.83563429559423
"X406",0.693168061897465
"X406",0.0709331759973041
"X406",1.75575258177726
"X406",-1.96611285637283
"X406",-1.96611285637283
"X406",0.467409872368745
"X406",1.24025738111915
"X406",1.36267608987718
"X406",1.27160775560664
"X406",1.47827366750544
"X406",0.894422000678993
"X406",1.57466785437428
"X406",1.50645314357895
"X406",1.66936820391696
"X406",1.75289689621045
"X406",1.46422796758689
"X406",1.57945927704758
"X406",1.70409102117363
"X406",1.36741902927912
"X406",1.64661311588386
"X406",0.653637992810355
"X406",1.47255613763416
"X406",0.691090651499714
"X406",1.5414251072912
"X406",1.44735167709065
"X406",2.07214295240252
"X406",1.58594475877519
"X406",-1.96611285637283
"X406",1.47584896501143
"X406",1.24590419670187
"X406",1.87141670924891
"X406",1.58740334523105
"X406",1.12352390246653
"X406",1.6806646739901
"X406",1.34410053574604
"X406",1.24643946494393
"X406",1.14778349675467
"X406",1.2254690219473
"X406",1.42636681016152
"X406",1.53880424430393
"X406",1.96192656640908
"X406",1.18597808041672
"X406",1.40415987482341
"X406",1.14543450685639
"X406",0.881776224520902
"X406",1.53596415200661
"X406",1.70542054712272
"X406",1.56351174723512
"X406",1.84927777049273
"X406",1.8010034604653
"X406",-1.96611285637283
"X406",1.56229398154317
"X406",1.57609810642112
"X406",1.58696371087227
"X406",1.84676925480752
"X406",1.57006736998073
"X406",1.61721079459095
"X406",1.40514836353129
"X406",1.30358690133209
"X406",1.49617594058867
"X406",0.812568072835774
"X406",1.41133287679596
"X406",1.57027939072051
"X406",1.69386363859346
"X406",1.6413429996504
"X406",1.45013217006074
"X406",0.18017484779621
"X406",1.59010776870175
"X406",1.41770956880719
"X406",1.43430828376156
"X406",1.03022423632154
"X406",1.1385549863584
"X406",1.45674013906632
"X406",1.3623397513267
"X406",1.51313243199848
"X406",0.950450714326812
"X406",1.47969033715314
"X406",1.47420661037475
"X406",1.91127528936276
"X406",0.913180225811633
"X406",1.92402141826691
"X406",0.975932301581819
"X406",2.01515798863945
"X406",1.42143041089761
"X406",1.04630685063271
"X406",0.778171556784169
"X406",1.67701738708671
"X406",1.53472027694482
"X406",1.38740618892563
"X406",1.05938595910162
"X406",0.897273376505537
"X406",1.50876210528056
"X406",0.907180202665362
"X406",0.39238023681393
"X406",1.4864682023928
"X406",1.4932645360044
"X406",0.938723959433766
"X406",1.01814078723153
"X406",1.62034003313506
"X406",1.63074054940371
"X406",1.25647270645446
"X406",1.9191586489314
"X406",1.82893137400376
"X406",1.38818307291507
"X406",1.51086438336491
"X406",0.873439244282448
"X406",1.62325176331133
"X406",1.56481625851233
"X406",1.48130314930783
"X406",1.42015406178381
"X406",1.72015244651986
"X406",1.41770060062981
"X406",1.68320509229868
"X406",1.67282366151731
"X406",1.39702400436166
"X406",1.56884485745647
"X406",1.20548319255621
"X406",1.24650494060969
"X406",1.63878452125139
"X406",1.13589723183808
"X406",1.36644756621645
"X406",1.05756781189018
"X406",1.93592074990423
"X406",1.08811362557612
"X406",1.21322146449898
"X406",1.31313126525514
"X406",1.69325644801489
"X406",1.07795694031336
"X406",1.368843353232
"X406",1.34548230255554
"X406",1.17687241324747
"X406",1.2300627916508
"X406",1.38536891051124
"X406",0.909679134499468
"X406",0.82827128695775
"X406",1.3785401235785
"X406",1.22356745422832
"X406",1.66457874904143
"X406",1.34837882439309
"X406",1.6717072936774
"X406",-0.0255395669396293
"X406",1.74447855217414
"X406",1.39226499591021
"X406",1.39267970082891
"X406",1.61722993656435
"X406",1.6833915081378
"X406",1.81162636696371
"X406",1.81364643669892
"X406",1.43837862134486
"X406",1.54404907627734
"X406",1.38054853886296
"X406",0.42452795251472
"X406",1.50192720899158
"X406",1.1037324826934
"X406",1.52500989438395
"X406",1.58419184869305
"X406",1.64659137084796
"X406",1.084400778854
"X406",1.28090095233036
"X406",1.74141316467397
"X406",1.5572406700797
"X406",1.20678383371767
"X406",1.15052413749866
"X406",1.76101002398418
"X406",1.71816150148063
"X406",1.41571270572292
"X406",1.36954911812801
"X406",1.22724823171353
"X406",1.47729638483924
"X406",1.81756852784588
"X406",1.38831961431977
"X406",1.28464956740118
"X406",1.31175012284754
"X406",1.85221595913869
"X406",1.12322307789518
"X406",0.740933215049715
"X406",1.41895923724085
"X406",1.57513879894895
"X406",1.16238563244419
"X406",1.63738318862556
"X406",1.47296992355193
"X406",1.76548307064629
"X406",1.20747763116892
"X406",1.38691218924999
"X406",1.0922737040883
"X406",1.30741782214385
"X406",1.8206581334857
"X406",0.713336542887344
"X406",1.9600011371028
"X406",1.35960645248384
"X406",1.90670616437864
"X406",1.38418303137345
"X406",1.50379101812647
"X406",0.671576758574894
"X406",1.74965827616349
"X406",1.69703437033334
"X406",1.08632293322655
"X406",1.48554222124867
"X406",1.7833498285435
"X406",1.3318755093051
"X406",1.14775872597701
"X406",1.21925093008541
"X406",1.61997201554833
"X406",1.1395858890156
"X406",1.59602691181715
"X406",1.08841686294602
"X406",1.22058711401252
"X406",1.59669031305644
"X406",1.71535342269599
"X406",0.950288922396447
"X406",1.2166239941728
"X406",1.16722204381752
"X406",1.49253651621697
"X406",1.42400430940021
"X406",1.51056668334325
"X406",1.68901220898689
"X406",1.18123950244855
"X406",1.36862464277636
"X406",1.03081399540268
"X406",1.39735759498572
"X406",1.33525373499087
"X406",1.75156809147798
"X406",1.57728032244227
"X406",1.63335963620918
"X406",1.60828844982792
"X406",1.55324973803526
"X406",1.27117721726601
"X406",1.2972949069809
"X406",1.24942016411105
"X406",2.00836375242068
"X406",1.31629099745021
"X406",1.81129715148345
"X406",1.33988486818682
"X406",1.26646653278032
"X406",1.44266540089802
"X406",1.35164491397161
"X406",1.16361788524115
"X406",1.62947420029057
"X406",1.18030051485603
"X406",1.58697519334608
"X406",1.42319727871786
"X406",0.772608007093747
"X406",-1.96611285637283
"X406",1.45254809698222
"X406",-1.96397102133083
"X406",1.35061896724294
"X406",1.73562648545169
"X406",1.44058777162146
"X406",1.69864809089064
"X406",1.64827858294834
"X406",1.27556918566298
"X406",0.812955491386946
"X406",1.65951904343762
"X406",0.981466483651402
"X406",1.66626250906979
"X406",-1.96611285637283
"X406",1.96442836497038
"X406",0.962014615416009
"X406",1.12032715099795
"X406",1.48958058201559
"X406",1.90713769499295
"X406",1.59746990693381
"X406",1.51189331456368
"X406",0.715343837778076
"X406",0.95100264831545
"X406",1.31569641616182
"X406",1.52001227014901
"X406",0.581904790499607
"X406",1.54772326735117
"X406",1.2934160601491
"X406",1.65406547860896
"X406",1.53529887330762
"X406",1.78022216755663
"X406",1.03526257710634
"X406",1.08976657664976
"X406",1.12542321116226
"X406",0.782720482374426
"X406",1.07291355655665
"X406",0.872282811396439
"X406",1.59246377084745
"X406",1.19137992535877
"X406",0.61652151185026
"X406",0.788746348963907
"X406",1.82858165719754
"X406",-1.96611285637283
"X406",1.74554579759333
"X406",1.7146187470607
"X406",0.680076573462662
"X406",1.06440447029345
"X406",1.39621668006
"X406",1.14830440874297
"X406",1.66843817799942
"X406",1.02220103065208
"X406",1.05701165749633
"X406",1.70316095903685
"X406",1.4712727086722
"X406",1.32192342603398
"X406",1.66573480812236
"X406",0.874902345298431
"X406",1.032360621246
"X406",0.63356473612244
"X406",1.57909949751373
"X406",1.38311380191802
"X406",1.72684840700726
"X406",1.24752563327026
"X406",0.752120620196381
"X406",1.41529951834185
"X406",1.04318810292252
"X406",1.30372081433668
"X406",1.3678748932895
"X406",1.63232018118225
"X406",1.79936940344233
"X406",1.40555646777846
"X406",1.80997990100241
"X406",1.14718998218962
"X406",1.5488294467708
"X406",1.41280155144612
"X406",1.34801128432533
"X406",1.53477105524092
"X406",1.8021600430972
"X406",1.54893798910948
"X406",0.879211184603167
"X406",1.90679984741619
"X406",1.59595819241781
"X406",1.01912068927487
"X406",1.18796322109696
"X406",1.38455257910286
"X406",1.54139307025052
"X406",0.500521355935943
"X406",1.41451294742182
"X406",-0.700731817136716
"X406",-1.96611285637283
"X406",1.62622880184761
"X406",0.759592878636295
"X406",1.30001993686711
"X406",0.858063579566069
"X406",1.6929106879221
"X406",1.40990972992977
"X406",1.52458558765443
"X406",1.64281264041567
"X406",1.47469771269885
"X406",1.58218108491136
"X406",1.03117188115163
"X406",1.4354458103583
"X406",1.48509912696106
"X406",1.44083029583886
"X406",1.60257180145793
"X406",1.2514597153459
"X406",0.63841635636457
"X406",0.671397647688593
"X406",1.61402649898626
"X406",1.37944576525335
"X406",1.29702631371226
"X406",1.57321436677346
"X406",1.58641688490811
"X406",1.19911196177798
"X406",1.2961210118367
"X406",1.9579620775809
"X406",1.13504761953313
"X406",1.69996597739372
"X406",1.21037438543529
"X406",1.48027156631088
"X406",1.52310090530835
"X406",1.52421580355824
"X406",0.988593510782003
"X406",0.519591383361776
"X406",1.37139414196031
"X406",1.15262677543197
"X406",1.91077758811749
"X406",1.21409940636525
"X406",2.09393794102093
"X406",1.36209899814411
"X406",0.525201924256691
"X406",1.97806608500136
"X406",1.62459242296658
"X406",0.963051871249794
"X406",1.47978255793351
"X406",1.70386233257817
"X406",1.12474594047461
"X406",1.01902260687087
"X406",1.96593467290461
"X406",1.74647304007595
"X406",1.62273437447052
"X406",1.30929776542565
"X406",1.51127539369043
"X406",1.52058585339401
"X406",0.936383021018921
"X406",1.79035689594979
"X406",1.51349791322787
"X406",0.329498436007419
"X406",1.98957127949678
"X406",0.917413585654798
"X406",1.4228378428102
"X406",0.454372255839439
"X406",1.48757225018543
"X406",1.86248965105476
"X406",0.914296781748635
"X406",1.08500274465505
"X406",1.23525577299519
"X406",1.58586372342306
"X406",1.33448515522557
"X406",1.5495130671599
"X406",1.53192970507361
"X406",1.16075788375444
"X406",1.12349769687835
"X406",1.8188702846598
"X406",1.61743729048546
"X406",1.31572412259557
"X406",1.55213620942122
"X406",1.32344892645815
"X406",1.16197151630097
"X406",1.17080113130373
"X406",1.32089215932032
"X406",1.51449680044093
"X406",1.35124011443369
"X406",1.34667972481832
"X406",1.31488730104468
"X406",0.669015819763781
"X406",1.60163677504082
"X406",1.92397528463767
"X406",1.47570812048849
"X406",1.27695159077909
"X406",1.42637200264057
"X406",1.25994976832831
"X406",1.58028993354915
"X406",1.5830404903591
"X406",1.4773069103715
"X406",1.03201698990407
"X406",1.72393649762558
"X406",1.59803493235576
"X406",1.3309721413937
"X406",1.54517959697831
"X406",0.855521559430701
"X406",0.909445788039913
"X406",1.50052650173465
"X406",1.62505306402276
"X406",1.64523080920445
"X406",0.567178874167132
"X406",1.87626347268903
"X406",1.77562661081891
"X406",0.706209056230581
"X406",1.61113271085747
"X406",1.3493904540337
"X406",1.76722004266203
"X406",1.54804254725791
"X406",1.22982681281597
"X406",1.8026162178447
"X406",1.15277044601009
"X406",0.97696345189386
"X406",1.43469377252021
"X406",1.50163806954705
"X406",0.853656223734718
"X406",1.51250774947648
"X406",1.83547722099967
"X406",1.77615238897859
"X406",1.5465215551339
"X406",0.762105923196339
"X406",1.88996516890504
"X406",1.63157825258529
"X406",1.58378033115491
"X406",1.5226351151133
"X406",1.75238280459636
"X406",1.33903437758662
"X406",1.65031765688363
"X406",1.37617979711717
"X406",1.74024461143651
"X406",0.919522104180348
"X406",0.0512359707756036
"X406",0.522264910102198
"X406",1.28417604811441
"X406",1.54860079170354
"X406",1.20542669739059
"X406",-0.494889206263859
"X406",1.45394261435504
"X406",0.596996017513395
"X406",1.45941795493756
"X406",1.39729990628033
"X406",1.07798854999711
"X406",1.76634581826683
"X406",0.961298345373798
"X406",0.930093489346894
"X406",0.514854976631056
"X406",1.55919760762887
"X406",-1.96611285637283
"X406",0.864046640491156
"X406",1.7584819838533
"X406",1.17417194094797
"X406",1.21743949047562
"X406",0.883622171989709
"X406",1.38538515121629
"X406",1.70395693295334
"X406",0.990227478204746
"X406",1.68983299334933
"X406",1.15827778574294
"X406",1.08744558112488
"X406",1.4487077857849
"X406",0.638453553259175
"X406",0.908537026082812
"X406",1.56508698177843
"X406",1.19670997902062
"X406",0.674859922005786
"X406",1.54738532951647
"X406",1.1880548874876
"X406",1.3066767917452
"X406",1.61562945985123
"X406",1.40634250755639
"X406",1.65765195047826
"X406",1.89425792521642
"X406",1.68111403793766
"X406",1.49948430588143
"X406",1.57765495060274
"X406",1.78188436049468
"X406",1.51231206217891
"X406",1.54505753490851
"X406",1.35068535300409
"X406",1.63340016282015
"X406",0.893040476208118
"X406",1.45904471789309
"X406",1.66167745285808
"X406",1.56832910843126
"X406",1.85047316827397
"X406",1.32705198792586
"X406",0.893050188769491
"X406",1.75163350108807
"X406",1.44823757411815
"X406",0.938574240208735
"X406",1.48294791361255
"X406",1.72851110546167
"X406",1.56971068454311
"X406",1.47505574359056
"X406",1.80052095259702
"X406",1.49599649252233
"X406",1.33692132850848
"X406",1.32664033639691
"X406",1.45965590033185
"X406",1.48398061277843
"X406",1.21273062870703
"X406",1.19787961896035
"X406",2.03366631832703
"X406",0.98241638396755
"X406",0.670769692874797
"X406",1.50056828958956
"X406",1.44777282620064
"X406",1.48031218296399
"X406",1.05987309518913
"X406",1.51547159293049
"X406",1.46663278003344
"X406",1.58390201854309
"X406",1.70204958714224
"X406",1.46403646070689
"X406",1.44350544516761
"X406",1.50193751271749
"X406",1.5390231117758
"X406",-0.0825468516272835
"X406",1.5057013613007
"X406",1.42839811325798
"X406",1.28626620716242
"X406",1.39361364124064
"X406",1.41707234676445
"X406",1.84188761970219
"X406",1.18052344904067
"X406",1.03839697433731
"X406",1.24362840702475
"X406",1.74300201320849
"X406",0.502841539690996
"X406",1.64310469046968
"X406",1.67184778274029
"X406",1.41517823798509
"X406",1.20174346973377
"X406",1.69908953594894
"X406",1.0557818200801
"X406",1.36120328146133
"X406",1.02433009145466
"X406",1.5998902646622
"X406",1.83288319099358
"X406",1.02216149261785
"X406",1.67671048406342
"X406",1.84281627758873
"X406",1.62926992342707
"X406",1.35483403770458
"X406",1.56240599045145
"X406",0.943537356358097
"X406",1.54218623926083
"X406",1.53219683365652
"X406",1.34096263680991
"X406",1.91983095736723
"X406",1.41523949404391
"X406",0.14268893164608
"X406",1.71555901782299
"X406",-1.96611285637283
"X406",1.5347711492268
"X406",1.986092058786
"X406",1.31466190993324
"X406",1.01437159559384
"X406",1.59712919270989
"X406",1.1250755339086
"X406",1.60692139158954
"X406",-0.256655452178451
"X406",1.76814598919144
"X406",1.464479613548
"X406",1.4811079946692
"X406",1.26704401172563
"X406",1.32997829909403
"X406",1.29866873685593
"X406",1.08711565615298
"X406",1.60527214840324
"X406",1.63669359081144
"X406",1.71415146056039
"X406",1.54695477034637
"X406",1.70326066819883
"X406",1.34818142740794
"X406",1.5585530424545
"X406",1.42393823061009
"X406",-1.96611285637283
"X406",1.56398893141073
"X406",1.12557782689899
"X406",1.6778299517683
"X406",1.83868873450089
"X406",1.50725157190005
"X406",1.78957339019744
"X406",1.54013062106606
"X406",1.52202342966532
"X406",0.0170147103549735
"X406",1.18914279392465
"X406",1.60860360662081
"X406",1.24974753616186
"X406",1.56763083401727
"X406",1.21842183528307
"X406",1.14373352504967
"X406",1.31243353900965
"X406",1.52222391492163
"X406",1.0891816482235
"X406",1.497803437387
"X406",1.20688422059863
"X406",1.12903639039333
"X406",1.26334811812957
"X406",0.847292393137926
"X406",1.07687151519532
"X406",1.28386894729856
"X406",1.64051669173455
"X406",1.38882689391966
"X406",1.12769157379773
"X406",1.41819708074474
"X406",0.997627884452574
"X406",1.02571363702839
"X406",1.66793071898659
"X406",1.0830431016318
"X406",1.85354995633868
"X406",0.192709216818539
"X406",1.44640116183501
"X406",1.66595772097866
"X406",1.89300173259899
"X406",0.387437425156171
"X406",1.49798233186756
"X406",0.279441332667591
"X406",1.2185017259949
"X406",1.3728587464473
"X406",1.3322330535899
"X406",0.317201117850849
"X406",1.8809260066761
"X406",1.51365626497697
"X406",1.3612535706528
"X406",1.86469460451976
"X406",1.84508065661539
"X406",1.28007925408494
"X406",1.814642468915
"X406",1.45348318410459
"X406",1.57373868615663
"X406",1.32409250170618
"X406",1.06646579725316
"X406",1.34970903885954
"X406",1.26911687073864
"X406",1.55050968148018
"X406",-1.96611285637283
"X406",1.19256531528482
"X406",1.2074088468854
"X406",1.51967483382705
"X406",1.65965335803729
"X406",1.11241172872291
"X406",1.25531603381419
"X406",1.01725963928431
"X406",1.1153182440572
"X406",1.60893599550913
"X406",1.64063676777061
"X406",1.79963652405806
"X406",1.99128297247669
"X406",1.48440419555586
"X406",1.32354390999785
"X406",1.38346771510588
"X406",1.57579338450307
"X406",1.16807373470876
"X406",-1.96611285637283
"X406",1.83108752333472
"X406",1.67523026223751
"X406",-1.96611285637283
"X406",1.98568562972456
"X406",1.34256698899112
"X406",1.73829788281499
"X406",1.3848805215211
"X406",1.08044276474477
"X406",0.597615301594839
"X406",0.364263160682568
"X406",1.90987171438923
"X406",1.17963389998498
"X406",1.21528090850263
"X406",1.59501245427247
"X406",1.74524881990234
"X406",1.62908559348487
"X406",1.59076012737282
"X406",1.27878755846491
"X406",1.75946922016912
"X406",1.76735581009278
"X406",1.24034185189243
"X406",1.98488492156062
"X406",1.38862655704748
"X406",1.34305874526435
"X406",1.21302904500845
"X406",1.36738898121612
"X406",1.28173002401469
"X406",1.39105418375096
"X406",1.64120299972806
"X406",0.970696262057095
"X406",1.47184824337036
"X406",1.45846256355314
"X406",0.346278489370615
"X406",1.67413241061077
"X406",0.76715127007278
"X406",1.61566899569559
"X406",1.61917843024575
"X406",0.545237204012363
"X406",0.891634198302298
"X406",1.33480296518965
"X406",1.45670924444666
"X406",1.5498751508798
"X406",1.23230182531217
"X406",0.905013109219572
"X406",1.54668484017385
"X406",1.07710890987823
"X406",1.88359882422705
"X406",1.72769850643209
"X406",1.67579824526119
"X406",1.61115817100541
"X406",1.76457602710729
"X406",0.830657493876973
"X406",1.09611418143222
"X406",0.658358668941785
"X406",1.30405672107312
"X406",1.51115690079859
"X406",0.741971427699332
"X406",1.75526636876013
"X406",0.5477352829472
"X406",1.73302857543424
"X406",0.760249149771842
"X406",1.85507043563816
"X406",1.07925316890698
"X406",1.63432929422556
"X406",1.69009146659436
"X406",1.41078313259172
"X406",1.37182942415838
"X406",1.38496861490367
"X406",1.30000237075042
"X406",1.4108964439259
"X406",1.45983026028696
"X406",1.98820707750481
"X406",1.9736283876878
"X406",1.3727585690842
"X406",1.4810268530008
"X406",1.67209939563643
"X406",1.01177480612193
"X406",1.35367041413602
"X406",1.57735133711657
"X406",1.84630793173827
"X406",1.49505567565268
"X406",1.29279371640254
"X406",-0.909572822199518
"X406",1.53536790129133
"X406",0.745236616673386
"X406",0.595404328352543
"X406",1.31425233799585
"X406",1.41788284571627
"X406",1.66909958968299
"X406",1.45352483878417
"X406",1.00799637612393
"X406",-1.96611285637283
"X406",1.29654791945212
"X406",1.48828543042161
"X406",1.9974816219059
"X406",0.0915813315474874
"X406",1.44367095351177
"X406",1.40362406059413
"X406",0.954580816519309
"X406",1.67052643194849
"X406",1.3472833363275
"X406",1.45059501737273
"X406",1.19938693779974
"X406",1.55690574210908
"X406",1.58294964208417
"X406",1.79008921756796
"X406",1.46282714106472
"X406",1.40148725706584
"X406",1.30291367280631
"X406",1.44334636730983
"X406",1.76428360566468
"X406",0.886432670877481
"X406",1.34776076941445
"X406",1.32542471122804
"X406",1.49793338416132
"X406",1.22561957995144
"X406",1.04071214693469
"X406",1.66648684280852
"X406",0.729322263294805
"X406",0.863738512924031
"X406",1.46470080343125
"X406",0.753964360913767
"X406",1.45189527113474
"X406",1.12502044274584
"X406",1.63881659844452
"X406",1.76745899608588
"X406",1.43387820102929
"X406",1.55254147141559
"X406",1.79636819802255
"X406",1.58992309687411
"X406",1.3266836956573
"X406",1.52305678277471
"X406",1.61905709241251
"X406",0.633443488756137
"X406",0.908387438365224
"X406",1.45749701075271
"X406",1.31501952007885
"X406",1.43829818360666
"X406",1.76865263858523
"X406",1.69659137132131
"X406",1.54423259557994
"X406",1.91521549625504
"X406",1.63597584074335
"X406",-1.96611285637283
"X406",1.8359550539874
"X406",1.10516654839122
"X406",1.52775400258827
"X406",1.55695568443209
"X406",0.443259752201635
"X406",1.15917486069803
"X406",1.51646991952884
"X406",0.885258688709933
"X406",1.25124515122328
"X406",1.57534308970552
"X406",1.50941214054384
"X406",1.51193132824164
"X406",2.06487972007531
"X406",1.85139168218847
"X406",1.88055063455858
"X406",1.00717047875815
"X406",1.25660297413816
"X406",1.54897985683689
"X406",1.32700639210854
"X406",1.82901683620775
"X406",1.44426456980544
"X406",1.19733962450028
"X406",1.32774170591014
"X406",1.42021179313401
"X406",1.2043451223335
"X406",1.40740913645284
"X406",-1.10472941323727
"X406",1.39541955750785
"X406",1.48571760552464
"X406",1.08071350906962
"X406",1.47369699624064
"X406",1.78093617880655
"X406",0.236820621104493
"X406",1.49654129789264
"X406",1.62341165928701
"X406",1.56279805265841
"X406",1.83194823328914
"X406",1.61866896393098
"X406",1.35704037594651
"X406",1.45227432784331
"X406",1.79178651883895
"X406",1.31124533045941
"X406",1.5578690005946
"X406",1.65932960953526
"X406",0.992342587312428
"X406",1.66877283367819
"X406",0.160473289353172
"X406",1.37471818050343
"X406",1.5704810278236
"X406",1.05380685709897
"X406",1.4737732271945
"X406",1.39270172547695
"X406",1.38085061026207
"X406",1.24005725813343
"X406",1.17828577655325
"X406",1.83272255335594
"X406",1.1893080490485
"X406",1.05198102688199
"X406",1.68802533130568
"X406",1.25144508344133
"X406",1.70821102268283
"X406",0.773173817052739
"X406",1.75402853387107
"X406",1.01098017109674
"X406",1.40596233056199
"X406",1.44556114836109
"X406",1.73029828054211
"X406",0.557594814055708
"X406",1.46534009523479
"X406",0.98316292592743
"X406",1.00312094089934
"X406",1.44925000698284
"X406",1.23584962300651
"X406",0.913193234638641
"X406",0.223585549037471
"X406",0.943376227447161
"X406",0.927425224844385
"X406",1.8896974792676
"X406",1.71057262926074
"X406",1.02085945768576
"X406",1.14550287763855
"X406",1.09715670093697
"X406",0.989784469267676
"X406",1.6715431103525
"X406",1.55470391032478
"X406",1.40953624283734
"X406",1.29000904379794
"X406",1.38065272171107
"X406",1.42583826527183
"X406",-0.0961837470411376
"X406",1.37022214503627
"X406",1.33862617046897
"X406",1.16263903128629
"X406",1.44401934795234
"X406",1.52613703757656
"X406",1.38920690897957
"X406",1.12215399380128
"X406",1.88872978415663
"X406",1.23459923622949
"X406",1.25324299169648
"X406",1.23226554123359
"X406",1.55384745493561
"X406",1.17432767853396
"X406",1.75509535660217
"X406",1.54752997659278
"X406",1.10594007175169
"X406",1.74046219546889
"X406",0.320255122317455
"X406",1.71428489503608
"X406",1.48536110177843
"X406",1.31767145905904
"X406",1.06055383641736
"X406",1.29650383577485
"X406",1.95155642989142
"X406",1.24453207662767
"X406",1.65038972459666
"X406",-1.96611285637283
"X406",1.05843594256196
"X406",0.975318962854434
"X406",1.41591271650339
"X406",1.48224818165588
"X406",1.16880389495747
"X406",1.47665770552471
"X406",1.31600267186052
"X406",1.67583410833941
"X406",1.58173897864161
"X406",1.05374287145665
"X406",1.30540392014713
"X406",1.83366230762316
"X406",1.16790560700608
"X406",1.86874699198649
"X406",1.18116877260034
"X406",0.110792489205953
"X406",1.53232714665559
"X406",1.68473645055224
"X406",1.55837319218058
"X406",1.51287653221626
"X406",1.22400962022916
"X406",1.41210273622343
"X406",-1.96611285637283
"X406",1.27694543235348
"X406",1.4946105479087
"X406",0.979840809608954
"X406",0.866775893946833
"X406",1.42812608929192
"X406",1.52306918759143
"X406",1.31090285792084
"X406",0.615810135794465
"X406",1.37745967108679
"X406",1.10082831241504
"X406",0.930329715509304
"X406",1.61509764379716
"X406",1.84790750942027
"X406",1.43989345768176
"X406",1.30532440684591
"X406",1.29495227008384
"X406",2.1088108002344
"X406",1.10383336761734
"X406",1.08539869746338
"X406",1.47508840672358
"X406",1.02869020761178
"X406",1.57692737653907
"X406",1.55536249093533
"X406",1.32983655135559
"X406",0.858147657856107
"X406",1.68657734392977
"X406",1.71072263203515
"X406",1.89073553118866
"X406",1.32613378963564
"X406",1.68599771259395
"X406",1.00361335415773
"X406",1.5668808249096
"X406",1.73579247222172
"X406",1.80119812857357
"X406",1.98988974836107
"X406",1.92289975776644
"X406",1.38141604065464
"X406",0.877055389219206
"X406",0.95625987217391
"X406",1.83627618061053
"X406",1.67257692447025
"X406",1.57386785989825
"X406",1.70744008208599
"X406",1.59053440762982
"X406",1.6635329011257
"X406",1.67458044003884
"X406",0.764917329385561
"X406",1.59208965259109
"X406",1.79306419234876
"X406",1.31860724131807
"X406",0.421315746063508
"X406",1.76641491399621
"X406",1.94419790491095
"X406",1.16563207637934
"X406",1.77017672136269
"X406",1.12007658675687
"X406",1.28869902263452
"X406",1.49336505323696
"X406",0.892661412675129
"X406",1.03811700988483
"X406",1.03253055752788
"X406",1.81018506234709
"X406",1.54308843477646
"X406",1.56506322239909
"X406",1.48901196646872
"X406",0.616635489122673
"X406",-0.120358454147147
"X406",0.867046192232723
"X406",1.38552472005071
"X406",1.22475793387768
"X406",-0.132142614608255
"X406",1.21164232404001
"X406",1.55155906528474
"X406",1.21120449272084
"X406",1.49648830837609
"X406",0.869546563888031
"X406",1.42030611520308
"X406",0.526517485931909
"X406",-1.96611285637283
"X406",1.80871705066348
"X406",0.910055275012704
"X406",1.582271407851
"X406",1.42421459642099
"X406",1.11675636576135
"X406",1.83646064466388
"X406",1.67165098929118
"X406",1.62037194588628
"X406",1.61953811847965
"X406",1.46634448663939
"X406",1.30361548973535
"X406",1.5763794456678
"X406",1.03904865660274
"X406",0.916659557459311
"X406",0.542700858537717
"X406",1.79471443768251
"X406",0.552397274706634
"X406",1.64888474933668
"X406",1.56029039798584
"X406",1.67787894522942
"X406",1.49529265323426
"X406",1.1373625782793
"X406",1.44248483545615
"X406",1.2586724056953
"X406",1.51827268562972
"X406",-0.461402275639128
"X406",0.684008643427172
"X406",1.47641256066857
"X406",1.66579572556538
"X406",1.33485972739102
"X406",0.931353991755121
"X406",1.46466134639544
"X406",1.29779627268642
"X406",1.46945116445696
"X406",1.52734487427899
"X406",1.52956824905583
"X406",-0.299007738824418
"X406",1.84654644352397
"X406",1.40122663729851
"X406",1.5203730735171
"X406",1.47250887090665
"X406",1.44840073919995
"X406",1.47716300859918
"X406",1.64372599331502
"X406",1.63862372195959
"X406",1.10926960140565
"X406",1.37098013153159
"X406",0.984960557685739
"X406",0.893138211468253
"X406",1.49024232113077
"X406",1.21506465458681
"X406",1.55425401229348
"X406",1.49214385416656
"X406",1.1036127608502
"X406",1.5057208758826
"X406",0.97971245928623
"X406",0.531216441721416
"X406",0.956124877297341
"X406",1.67190931295311
"X406",1.58191431981434
"X406",1.22310501906173
"X406",1.9110791527865
"X406",1.00967675393008
"X406",1.24743606586134
"X406",1.78294473844347
"X406",1.60978292625019
"X406",1.66758951391901
"X406",1.60770529037439
"X406",1.50611805149576
"X406",-0.909849285622508
"X406",0.718310414858887
"X406",1.16953337432403
"X406",1.58338368882433
"X406",1.65036666543181
"X406",1.47694817420339
"X406",1.62417779607315
"X406",1.43332665904313
"X406",1.63995823572042
"X406",0.978917934858537
"X406",1.71281567707797
"X406",1.84899367791687
"X406",1.56324687858365
"X406",1.26898454493076
"X406",1.57816881112376
"X406",1.83977507482265
"X406",1.24935357533566
"X406",1.05261731276482
"X406",0.952697543367863
"X406",1.28240428619064
"X406",1.77971905864174
"X406",1.43073223700161
"X406",1.33604786916064
"X406",1.16122844819014
"X406",1.74030290713704
"X406",1.49819870485362
"X406",1.13953594540342
"X406",1.50336805351544
"X406",-0.694839865673024
"X406",1.38653048733892
"X406",1.61099405594581
"X406",1.19057250673675
"X406",1.27764131208038
"X406",1.57253051515885
"X406",1.02769335667312
"X406",1.49591320308791
"X406",1.35495988840546
"X406",1.30919291672547
"X406",1.21392085102548
"X406",1.4503818478895
"X406",1.65163317688586
"X406",1.51584993226107
"X406",1.47464244377798
"X406",0.75520160619629
"X406",1.6709855833166
"X406",1.59340020808584
"X406",1.03598692742046
"X406",1.20926116907766
"X406",0.887997454020103
"X406",1.21458013833445
"X406",1.57588651508151
"X406",1.52722800338743
"X406",1.57611850017859
"X406",1.82018694064309
"X406",1.70040530375374
"X406",1.53546680359143
"X406",1.61906529132955
"X406",1.19632353880743
"X406",1.80523871433802
"X406",1.6327489028401
"X406",1.18764051777845
"X406",0.817907294420693
"X406",1.64047996323185
"X406",1.83630996714118
"X406",1.16629533288116
"X406",1.88564302397956
"X406",1.39961670199385
"X406",1.25034383503385
"X406",1.26636080058028
"X406",1.42932461423332
"X406",1.87891674837624
"X406",1.2754584355984
"X406",1.85831221451248
"X406",1.62660144252569
"X406",1.28409388062632
"X406",1.90695094311179
"X406",1.17558227047001
"X406",1.44285403206744
"X406",1.55598998704765
"X406",1.053888700652
"X406",1.81129596148775
"X406",1.5182638954185
"X406",1.68634395163848
"X406",1.00275333798711
"X406",1.51687450835456
"X406",1.66904146484327
"X406",1.61043058949894
"X406",1.22931576097324
"X406",1.38423798691012
"X406",1.64927277226477
"X406",1.45773806155877
"X406",1.11199991998493
"X406",1.64591125743761
"X406",1.37507798731551
"X406",1.34291527665045
"X406",1.80467864626265
"X406",1.47837468003514
"X406",1.84193565196769
"X406",1.55704059848924
"X406",-1.96611285637283
"X406",1.25522463384352
"X406",1.55943614047094
"X406",0.742006581734224
"X406",2.09367151362218
"X406",1.64485486131498
"X406",1.85089633922601
"X406",1.6185622257823
"X406",1.24525471892807
"X406",1.01636302522482
"X406",1.67301070828392
"X406",1.57062695867778
"X406",1.09605022290838
"X406",1.60397281591306
"X406",1.74042422004474
"X406",1.20157029861455
"X406",1.11020595502767
"X406",1.16725233344008
"X406",0.82462765419293
"X406",1.85792414306574
"X406",1.99805284350451
"X406",1.27500015933361
"X406",1.01057527520004
"X406",0.868698150711252
"X406",1.35336656199587
"X406",0.955569318781692
"X406",1.44228332614104
"X406",1.65762214055896
"X406",1.73555505983925
"X406",1.32283884943492
"X406",1.23625511634407
"X406",1.21767647458484
"X406",0.924525469524949
"X406",1.43954710196133
"X406",0.563704819841954
"X406",1.88269149921374
"X406",1.51403367456947
"X406",1.42932398787689
"X406",2.00812348844789
"X406",1.0605902978781
"X406",1.05759276524214
"X406",1.44154303287583
"X406",1.73153868270871
"X406",1.74824572769043
"X406",1.90702479187025
"X406",1.5901432987697
"X406",1.02850467712725
"X406",2.01345552740863
"X406",1.12390885033496
"X406",1.30938873864137
"X406",1.62069214944043
"X406",1.13239644506259
"X406",1.93432357423272
"X406",1.04301558756554
"X406",1.43096319556922
"X406",1.45013323095627
"X406",1.51671711044778
"X406",0.983260414935432
"X406",1.36548401132313
"X406",1.37015348943494
"X406",1.3728587464473
"X406",0.962161184536717
"X406",1.01441219304993
"X406",1.30822014536085
"X406",1.31858095630878
"X406",1.25558009217215
"X406",1.63023003945784
"X406",1.6582830740468
"X406",1.83093949826041
"X406",0.778963416862046
"X406",1.66110138725725
"X406",1.62901863485621
"X406",1.29830816295722
"X406",1.49334849691329
"X406",1.98079845696043
"X406",1.42504604358477
"X406",1.27300756464535
"X406",1.23844241132381
"X406",1.55379696460968
"X406",1.5915517290884
"X406",1.36227261471061
"X406",1.25477256735586
"X406",1.67676148821295
"X406",1.45922979079007
"X406",-1.96611285637283
"X406",1.92605530531225
"X406",1.56385600546868
"X406",1.55598537845624
"X406",1.95045388947725
"X406",1.10160913425409
"X406",1.66679704974326
"X406",1.63451461149375
"X406",1.17740773766279
"X406",1.5086878998516
"X406",-1.08769928919794
"X406",1.28032289013025
"X406",1.34866225957391
"X406",1.33850254780458
"X406",1.45716614281303
"X406",1.33448515522557
"X406",1.94734537965526
"X406",-0.1589915523599
"X406",1.07829514326255
"X406",-1.90383805954124
"X406",1.54677162435309
"X406",1.67864274268869
"X406",1.63283056738356
"X406",1.17146134457165
"X406",1.0513914030488
"X406",0.945866318892822
"X406",1.26944237811759
"X406",1.14288374418553
"X406",1.73664351518561
"X406",1.62704252003295
"X406",1.11589046555947
"X406",1.31151956858016
"X406",1.40051223041654
"X406",0.766327652835065
"X406",1.46939904344038
"X406",1.99521067177263
"X406",1.23221126688628
"X406",1.34545074242527
"X406",0.97964566870529
"X406",1.94790887957031
"X406",0.207142326856895
"X406",1.70883535717952
"X406",1.22256616355819
"X406",1.13176571984587
"X406",1.58736568836711
"X406",0.562507927487762
"X406",0.644267219686503
"X406",1.39090306495869
"X406",1.00439177861125
"X406",0.376538719552719
"X406",1.70374040049179
"X406",1.59275964506207
"X406",1.80749114818611
"X406",1.09690835084099
"X406",1.50305634298951
"X406",1.65342482354093
"X406",1.65523992615751
"X406",1.11509424603584
"X406",1.54570795028146
"X406",1.11299248672841
"X406",1.03595267626862
"X406",1.52714097546367
"X406",1.33071222992536
"X406",1.82011832341615
"X406",1.43166369568321
"X406",1.33633698935556
"X406",1.85682460039686
"X406",1.79804621262636
"X406",1.63665847453324
"X406",1.92005869202972
"X406",0.966572849010085
"X406",1.42744304350142
"X406",1.83897008112913
"X406",1.43192285670251
"X406",1.966767999517
"X406",1.40504111092671
"X406",1.3473289756091
"X406",1.05213805381199
"X406",1.3824896735116
"X406",1.27362128463363
"X406",2.25109116785311
"X406",1.61544644857278
"X406",1.45978775057486
"X406",1.37022929323552
"X406",1.70492769685965
"X406",1.44141810192241
"X406",1.90793973274059
"X406",1.33839301325423
"X406",1.16631593279848
"X406",1.57483327971515
"X406",1.71995556289915
"X406",1.62384906260647
"X406",1.61118622814518
"X406",-0.735605603405937
"X406",0.930359550215419
"X406",1.84069873115114
"X406",1.49978511218345
"X406",1.07324087150653
"X406",1.64124615594109
"X406",1.32555355093976
"X406",1.61485614122737
"X406",1.90808621745556
"X406",1.1501113502685
"X406",1.39156381138257
"X406",0.947111475953888
"X406",0.521480349914476
"X406",1.10085180012616
"X406",1.15232695000089
"X406",1.2534066693033
"X406",1.68301619418778
"X406",1.1961645447969
"X406",1.44753854795421
"X406",1.68218461229838
"X406",1.44469414275369
"X406",1.1165953059491
"X406",1.76181838677235
"X406",1.63188447940047
"X406",1.29248012053174
"X406",1.39114331263038
"X406",0.990700182741432
"X406",1.09271835173395
"X406",1.85080662116313
"X406",1.9357143503524
"X406",1.88671963891392
"X406",1.29162590745484
"X406",1.34004461661183
"X406",1.39889477202795
"X406",1.49219858205244
"X406",0.829422415982156
"X406",1.0854812490904
"X406",1.31113599421223
"X406",1.6275239387735
"X406",1.58397906858886
"X406",1.22323620225827
"X406",1.13287022888328
"X406",1.662624175986
"X406",0.434531469070299
"X406",1.72615394599519
"X406",1.17403075780561
"X406",2.07079734534587
"X406",0.998930102620986
"X406",1.75873018039707
"X406",1.56284744118547
"X406",1.25988892081844
"X406",1.24945306242899
"X406",1.74966539838867
"X406",1.7108458723253
"X406",1.39201717732355
"X406",1.50498136934239
"X406",1.21088663252526
"X406",1.75110133938793
"X406",1.31899777978918
"X406",1.69052915406187
"X406",1.83105789259441
"X406",1.10628184893572
"X406",1.69295741053584
"X406",-1.96611285637283
"X406",1.63289585651552
"X406",1.32871914435011
"X406",1.05376649663257
"X406",-0.712426604515467
"X406",1.26858085805479
"X406",1.67445808824152
"X406",1.60550405475917
"X406",1.27218377787651
"X406",-0.832477293528999
"X406",1.43546441070979
"X406",1.7497268565795
"X406",1.47467863225387
"X406",1.72508597442941
"X406",0.0488908562375077
"X406",1.75326339492097
"X406",1.57501462213119
"X406",1.24719136178693
"X406",1.32616001739298
"X406",-1.0944555318934
"X406",1.51987478221745
"X406",1.50120240891966
"X406",1.02933943487318
"X406",1.75398807517021
"X406",1.142882263844
"X406",1.52987263585284
"X406",1.17918049418359
"X406",1.52190675835404
"X406",1.85546451360434
"X406",1.40005823113333
"X406",1.12592665805546
"X406",1.54811718215205
"X406",1.47290474772851
"X406",1.76723595853102
"X406",1.49836376156533
"X406",1.39162009472382
"X406",0.461922829169977
"X406",0.851735310141449
"X406",0.00265730941547657
"X406",1.22896734860932
"X406",1.52823797576194
"X406",1.55855582693251
"X406",1.5919392489813
"X406",1.2525083896197
"X406",1.52392304009097
"X406",1.3659371651204
"X406",1.85589042008293
"X406",1.51425691996328
"X406",1.42622896686394
"X406",1.5353557199103
"X406",1.38296224204986
"X406",1.62101283346032
"X406",1.74380294042505
"X406",1.32666295818667
"X406",1.18260781384102
"X406",1.27901484836501
"X406",0.358760898900746
"X406",0.627594081231037
"X406",1.25051717566114
"X406",1.68464195344587
"X406",1.17749015812599
"X406",1.46858672836164
"X406",1.29463434584152
"X406",1.95814898314883
"X406",0.791881132125587
"X406",1.2945597230023
"X406",1.18105507381558
"X406",0.570289473586758
"X406",0.186469296015605
"X406",1.02448081755901
"X406",1.74131006785529
"X406",1.43199946155332
"X406",1.63139210108869
"X406",2.06556048227193
"X406",0.898524060301198
"X406",1.63299438311144
"X406",0.969829903114459
"X406",1.24229137130128
"X406",1.98146563876402
"X406",0.406872536390978
"X406",1.0190603239821
"X406",0.962162149796129
"X406",1.59986426098665
"X406",1.45712448558713
"X406",1.26624444162699
"X406",1.20607705899069
"X406",1.65092242215528
"X406",0.0826813943674377
"X406",0.735377571148933
"X406",1.062361537459
"X406",1.63587247595683
"X406",-0.216057154744006
"X406",1.65391537033346
"X406",1.51497617790367
"X406",1.32319620212446
"X406",1.32912903401609
"X406",1.46455185900308
"X406",1.28546276105638
"X406",1.4732637044272
"X406",1.44271842845035
"X406",2.02722419350185
"X406",1.36461898284026
"X406",1.98339823636343
"X406",1.53104691638325
"X406",1.69601896420914
"X406",1.05609521650994
"X406",1.42046926115578
"X406",1.09679011031557
"X406",1.25766420665483
"X406",2.09605696970994
"X406",1.3524452171502
"X406",-0.9018994325248
"X406",1.42954092824493
"X406",1.20238590648214
"X406",0.972647179885483
"X406",1.26622162254642
"X406",1.68681555648307
"X406",1.58211586070199
"X406",1.64896125963237
"X406",1.81810418299431
"X406",1.16332836751666
"X406",1.15888596246256
"X406",0.872822800268523
"X406",1.6213710330974
"X406",1.15340972729645
"X406",0.882228202312021
"X406",1.52355316399638
"X406",0.832635955778321
"X406",0.00596679159955488
"X406",1.69952539124554
"X406",1.62831178412079
"X406",-1.96611285637283
"X406",1.31027975387509
"X406",1.09023344119661
"X406",1.77239995190523
"X406",0.954381358923457
"X406",0.926020981485345
"X406",1.36511947439568
"X406",1.14039689193371
"X406",1.39614148014492
"X406",1.61108047282459
"X406",1.47565569529261
"X406",1.528621207256
"X406",1.23344160696201
"X406",1.70250978720439
"X406",1.37742095549653
"X406",1.40453237114623
"X406",1.33611074307068
"X406",1.80350860191359
"X406",1.62804062857594
"X406",1.57210317645639
"X406",-0.357621763373587
"X406",1.45286038312243
"X406",1.38995641989182
"X406",1.55885790793698
"X406",1.2777031109948
"X406",1.34556665830202
"X406",1.24077705816386
"X406",1.37764887451164
"X406",1.70117198648567
"X406",0.459608828535912
"X406",1.2521028583749
"X406",1.76995878842612
"X406",0.917058810175818
"X406",1.5845432268329
"X406",1.38150883304124
"X406",1.69287394523977
"X406",0.823433788441538
"X406",1.41954216315937
"X406",2.2954222677972
"X406",1.33938656024493
"X406",1.48537493868659
"X406",1.78758513610268
"X406",1.8730879218532
"X406",0.549558984683935
"X406",1.47843641673088
"X406",1.5649714356778
"X406",0.780456694132713
"X406",1.82169166265501
"X406",1.52268568485603
"X406",1.56306610316311
"X406",1.49016211420327
"X406",1.50803654984696
"X406",1.324130701743
"X406",0.150736651257169
"X406",1.49809519405739
"X406",0.464540974469134
"X406",1.34352359586802
"X406",1.75551251531992
"X406",1.43440706885905
"X406",1.51274968942495
"X406",1.34442318295643
"X406",1.20264219754884
"X406",1.84353106222281
"X406",1.24311915461506
"X406",1.25565157609715
"X406",1.36727072836138
"X406",1.53699665819634
"X406",1.42533976726492
"X406",-1.96611285637283
"X406",1.46499800881618
"X406",1.25746905744527
"X406",1.39879756562548
"X406",0.319410643344693
"X406",1.31361475269594
"X406",1.57912561031528
"X406",0.916255763062165
"X406",1.33286563697297
"X406",1.35925897480459
"X406",1.43714608074087
"X406",1.3641005463575
"X406",1.14452464606119
"X406",0.670732962543219
"X406",1.56447647066846
"X406",1.31351034152866
"X406",1.54764143929986
"X406",1.11093029874899
"X406",1.85911019935878
"X406",0.961856966923502
"X406",1.6283478943089
"X406",1.20628374668953
"X406",-1.96611285637283
"X406",1.71339612355297
"X406",1.74238981189344
"X406",0.919342459433162
"X406",1.44262397210574
"X406",0.834749607363351
"X406",1.49980048747062
"X406",1.20346251793034
"X406",1.40655065454161
"X406",1.62464946059339
"X406",1.82019409878132
"X406",1.05222308945428
"X406",1.19351935729586
"X406",1.66597261222329
"X406",1.40883259534641
"X406",1.33748765530559
"X406",1.85578721923094
"X406",1.5437088094122
"X406",1.35003541555285
"X406",1.41953773144825
"X406",1.5259997828897
"X406",0.803573281202048
"X406",1.77154477691139
"X406",1.80063104889916
"X406",1.45238846845975
"X406",0.823082222464331
"X406",1.54778325308935
"X406",1.03947578918871
"X406",1.41944541284694
"X406",1.47561934923359
"X406",1.22962154229222
"X406",1.84252538269629
"X406",0.778182520041251
"X406",1.36782327635389
"X406",1.19053406929974
"X406",1.45450143991676
"X406",1.5114349461058
"X406",1.74902389564392
"X406",0.882459434224602
"X406",1.51104500875365
"X406",1.21938054787129
"X406",1.70436563925746
"X406",1.81336039333188
"X406",1.8079137194819
"X406",1.2923054888761
"X406",1.34414357100356
"X406",0.662081176591843
"X406",1.19295138692595
"X406",1.49026269258796
"X406",1.35446039911151
"X406",1.81954211014493
"X406",1.0847361334078
"X406",1.46907546435168
"X406",1.059841009031
"X406",0.974323776093903
"X406",1.46693267964383
"X406",0.806918699415125
"X406",1.06686599047783
"X406",1.3656915885504
"X406",0.343023588499444
"X406",1.98751638950744
"X406",1.12696519039638
"X406",1.63551047444202
"X406",1.27740512406914
"X406",1.48682943288649
"X406",1.27987638449489
"X406",1.33022897184052
"X406",1.77451621267782
"X406",1.49299933358508
"X406",1.52249607119377
"X406",1.3205632694261
"X406",1.56025113534634
"X406",1.26162980305794
"X406",1.71570748519221
"X406",1.16487654401729
"X406",1.41746184354856
"X406",1.71289890067978
"X406",0.524263038787822
"X406",1.36508580369289
"X406",1.58322471385317
"X406",1.24663151426387
"X406",1.34436556499625
"X406",1.40476299842967
"X406",-1.10136731409936
"X406",0.529771335989716
"X406",1.66768201369896
"X406",1.78992554072433
"X406",1.84993280283224
"X406",1.51329468951184
"X406",1.69722899684795
"X406",1.65787696242605
"X406",1.37963001109119
"X406",0.979760805250633
"X406",1.54804879556084
"X406",1.93036443895568
"X406",1.44949857601265
"X406",1.60105633621623
"X406",1.43158420901793
"X406",0.882446688021312
"X406",1.36211023034338
"X406",1.27998746362446
"X406",1.10146521568647
"X406",1.60832115835395
"X406",1.654526364967
"X406",1.52759846533056
"X406",1.55586179428846
"X406",0.881790765429599
"X406",1.6494979052433
"X406",0.201152858256285
"X406",0.839490202060272
"X406",1.54361008957205
"X406",1.4598136578359
"X406",1.35958100415842
"X406",1.0002952364166
"X406",1.63015621696885
"X406",1.47000033309806
"X406",2.06310859348487
"X406",1.52062909825625
"X406",0.82542238546029
"X406",1.15302388511367
"X406",1.36335002089069
"X406",0.411406711219644
"X406",1.55511453523722
"X406",1.70994624485024
"X406",1.70317722852025
"X406",1.3606054277068
"X406",1.26075511087137
"X406",1.41422720274624
"X406",1.09639603252003
"X406",1.4827969005372
"X406",1.36359874617656
"X406",1.43629845762391
"X406",1.40950906577657
"X406",-1.96611285637283
"X406",0.838562730143414
"X406",1.62517742543396
"X406",1.19166862432568
"X406",1.32798413591079
"X406",0.887468088850253
"X406",1.33949763430025
"X406",1.81918782965115
"X406",1.06695278648623
"X406",2.16990792024548
"X406",1.91198114883152
"X406",0.965709708794676
"X406",1.6522602710136
"X406",1.34093670317017
"X406",1.12580402206376
"X406",1.48359635801591
"X406",0.960447212017809
"X406",1.35393511045267
"X406",1.31847011171291
"X406",1.52098151000949
"X406",1.38547843000399
"X406",1.12421274718647
"X406",1.26714463932662
"X406",1.61433680407669
"X406",1.63308685222928
"X406",1.36248360472765
"X406",1.02407105342438
"X406",1.27703217618199
"X406",1.05527551635753
"X406",1.20972627547499
"X406",1.16768237684463
"X406",1.39725373768322
"X406",1.71719478400886
"X406",1.24344395889779
"X406",1.58681743904556
"X406",1.4607377681268
"X406",1.95735834637938
"X406",1.35142928412115
"X406",1.68006309453694
"X406",1.57180510784069
"X406",1.66908785498146
"X406",1.14438131747268
"X406",1.18210033330788
"X406",0.720210515545725
"X406",1.42169651505411
"X406",1.48667150012084
"X406",1.11064984845932
"X406",1.28966842519186
"X406",0.81378677210001
"X406",1.67934775728469
"X406",1.8284275040972
"X406",1.43969475392739
"X406",1.67376514942497
"X406",1.40640683583316
"X406",1.26589515270944
"X406",0.986918965987437
"X406",-1.96611285637283
"X406",1.13374514469445
"X406",1.08760728881152
"X406",1.60156267704299
"X406",1.44177360360132
"X406",0.890493852454516
"X406",1.26212457949381
"X406",1.30777570096253
"X406",1.51264653575398
"X406",1.55417140257766
"X406",1.51182740701264
"X406",1.46983933994523
"X406",1.123656805051
"X406",-0.396540256338448
"X406",1.94191412306079
"X406",0.974070819170514
"X406",1.78797899149688
"X406",1.66840749320846
"X406",1.52566696506484
"X406",1.61156019436587
"X406",0.86620761698211
"X406",1.48879587271217
"X406",1.58330052333158
"X406",0.926533521764067
"X406",1.62701685781721
"X406",0.921275415667604
"X406",0.849282204559297
"X406",1.19139933317446
"X406",0.81443449628767
"X406",1.71359142164898
"X406",1.06229808040409
"X406",1.40437859681609
"X406",1.39740553062577
"X406",1.1626088798084
"X406",1.4131220094189
"X406",1.35093397260657
"X406",1.63874208570213
"X406",1.42552365828721
"X406",1.53557350453778
"X406",0.916782421575438
"X406",1.56931118428613
"X406",0.647875694508664
"X406",1.23182799321683
"X406",1.16057995878833
"X406",0.956729315304679
"X406",1.21861333640762
"X406",1.01088858439664
"X406",1.54260792330652
"X406",1.26676933091365
"X406",1.48731277068988
"X406",1.3681490074009
"X406",1.01184230280864
"X406",1.55849120179148
"X406",1.31075083274262
"X406",1.09916986071269
"X406",1.59533190364479
"X406",1.82127634955987
"X406",0.237297290515677
"X406",1.06054218868674
"X406",1.25534404453
"X406",1.88333566746821
"X406",1.6298842106321
"X406",1.06666520560939
"X406",1.2616940529258
"X406",0.968219331042536
"X406",1.86756496633625
"X406",1.42327394985755
"X406",0.387946282386325
"X406",1.11962391629669
"X406",1.42101084469384
"X406",1.98886953761464
"X406",1.83295448813039
"X406",1.70799406632165
"X406",1.64751197955922
"X406",1.97261528970439
"X406",1.65014132587852
"X406",1.46617016969542
"X406",1.75357971154379
"X406",1.61975849516182
"X406",1.80575449336378
"X406",1.31332148072281
"X406",1.9183564908046
"X406",1.2980173103018
"X406",2.0101862182432
"X406",1.48407889450638
"X406",0.574123892581101
"X406",1.22022869711842
"X406",1.47585985864501
"X406",0.660266578079505
"X406",1.62201731520565
"X406",1.57826703501134
"X406",1.51437457387005
"X406",0.625378921948394
"X406",1.36395972359592
"X406",1.84158954080399
"X406",1.66771862538792
"X406",1.6314219806775
"X406",1.66002187476965
"X406",0.976092703022392
"X406",1.56603273253952
"X406",1.43549532454345
"X406",1.60908216661015
"X406",0.818326360083665
"X406",1.35793810052768
"X406",1.00265420954808
"X406",1.51825476331993
"X406",0.890897636301798
"X406",1.25095196358609
"X406",1.56599127886991
"X406",0.203046782084025
"X406",-0.504183598642858
"X406",0.888521575703124
"X406",1.52469888155725
"X406",1.60431049837126
"X406",1.67744285257996
"X406",1.97572583550562
"X406",1.06989048205512
"X406",1.78979161775494
"X406",1.37409746904566
"X406",1.9322466649208
"X406",1.29872051330249
"X406",1.47513206692814
"X406",1.80919610011046
"X406",1.523742338327
"X406",-0.0253135028383487
"X406",1.6093178009524
"X406",1.52360883683448
"X406",1.12786805502255
"X406",1.37988302380716
"X406",1.55674750490395
"X406",1.38495270129693
"X406",1.33982926596925
"X406",0.886728404115459
"X406",1.17042923582896
"X406",1.62742219116535
"X406",1.66477987520842
"X406",1.48826768887277
"X406",1.70670657190307
"X406",1.43140380811873
"X406",1.63327261272494
"X406",1.13159795013212
"X406",1.70433996141133
"X406",1.47330837689062
"X406",1.54273031348604
"X406",1.82164446349531
"X406",1.70611414306554
"X406",1.66970548797798
"X406",1.51030123908308
"X406",1.50505386559569
"X406",1.44656301906502
"X406",2.04142327791162
"X406",1.15292257843043
"X406",1.68809322372066
"X406",1.66198641561659
"X406",1.65903796028323
"X406",1.55822399160092
"X406",1.62015701543253
"X406",0.762485285641062
"X406",1.48395924070449
"X406",1.05047348751607
"X406",1.52463077547286
"X406",1.4027623417583
"X406",1.5139377379803
"X406",0.719006814539014
"X406",1.07993613725155
"X406",1.2556683037326
"X406",1.82376758166534
"X406",0.745856097243582
"X406",1.16843733312361
"X406",1.25172696385809
"X406",1.38143147244982
"X406",1.68832633746728
"X406",1.41171056492909
"X406",1.6436831315979
"X406",1.8647194047121
"X406",1.52206783771134
"X406",1.55182879150071
"X406",0.926476454369861
"X406",1.10089879864413
"X406",1.21822778778964
"X406",1.39551572899508
"X406",1.77533588602591
"X406",1.51392803019111
"X406",1.76755761993345
"X406",1.3530974660412
"X406",1.35636814217495
"X406",1.69084976412841
"X406",1.61799820217483
"X406",2.02344076140096
"X406",1.88665569658038
"X406",1.59561495104145
"X406",1.59137652222279
"X406",1.62847836301116
"X406",1.45185057150317
"X406",-0.295303009675668
"X406",1.59501212981155
"X406",1.45823612253766
"X406",1.58269668180254
"X406",1.61263224870995
"X406",1.16531551933281
"X406",1.35727871976441
"X406",0.752833709922442
"X406",1.03784971232432
"X406",0.304895346989733
"X406",1.47554026749281
"X406",1.89771362962304
"X406",1.2118359949817
"X406",1.78294428818692
"X406",1.66534292554229
"X406",1.54768253957771
"X406",1.57470772834356
"X406",1.12073820852041
"X406",1.64154664371412
"X406",0.385086269727613
"X406",1.20981334514787
"X406",1.35109141924303
"X406",1.72358775967047
"X406",1.6545246771398
"X406",1.5858143394854
"X406",0.493583109969198
"X406",1.8573213248419
"X406",1.58289416305648
"X406",0.738627218684298
"X406",1.53473632343258
"X406",1.33701020998692
"X406",1.35446039911151
"X406",0.0578105857067845
"X406",1.67788984065946
"X406",1.58134477357796
"X406",1.62063306344089
"X406",1.54327269897643
"X406",1.45533007054785
"X406",0.688630279153557
"X406",1.35442240379145
"X406",1.5245894938158
"X406",1.20943752321257
"X406",1.87245571642077
"X406",1.48433762683587
"X406",1.65030099957575
"X406",1.75736628722517
"X406",1.61647374041605
"X406",0.549742875024522
"X406",0.744524789023294
"X406",1.10824471479371
"X406",1.34384507280596
"X406",1.14545005620805
"X406",1.70668033609668
"X406",1.06833270586235
"X406",1.80851469864785
"X406",1.27180949485291
"X406",0.957656248997686
"X406",0.819141618327437
"X406",1.92547545467061
"X406",1.36329196337844
"X406",1.33770286315763
"X406",1.65720476912807
"X406",1.40913736780334
"X406",1.44891831831006
"X406",1.21996083553044
"X406",1.34289217632416
"X406",1.08727224168484
"X406",1.62470809821598
"X406",1.34775431177053
"X406",1.43589618356173
"X406",1.78581919958344
"X406",1.44966672823897
"X406",1.66786737777292
"X406",1.34121165740936
"X406",1.43612994275914
"X406",0.798847983783349
"X406",1.49205593849792
"X406",1.57428031510799
"X406",0.862751921240913
"X406",1.89005906790069
"X406",1.51118024021437
"X406",1.97474470916916
"X406",1.97247803972978
"X406",1.46265687068591
"X406",1.58459256057942
"X406",-0.0479150712793305
"X406",1.79768016234342
"X406",-0.518583491701284
"X406",1.68821288865467
"X406",-1.96611285637283
"X406",0.388982039394646
"X406",1.27250183308541
"X406",1.23117639532831
"X406",1.85220967184699
"X406",1.21695607763905
"X406",0.780927887118262
"X406",0.78572439943407
"X406",1.3817071666939
"X406",1.52609047148058
"X406",1.08238429879229
"X406",0.880172198569558
"X406",1.67344615403332
"X406",1.2815885994788
"X406",1.39658825887337
"X406",1.23419508593209
"X406",1.54638247569046
"X406",1.53069675260148
"X406",1.22265788716257
"X406",1.35091382049141
"X406",1.53206151148112
"X406",1.00832784204467
"X406",1.20168024132418
"X406",-1.96611285637283
"X406",1.33891101233623
"X406",-1.96611285637283
"X406",1.18926829876018
"X406",1.5738705095878
"X406",1.41723656391255
"X406",0.921058607436481
"X406",1.84731649036159
"X406",1.5819791168048
"X406",1.45794284788302
"X406",1.30394752873717
"X406",1.34433264799089
"X406",1.76131059596882
"X406",1.51069336044373
"X406",0.730067345934324
"X406",1.84736056432974
"X406",0.86755269765036
"X406",1.54038104176369
"X406",1.97209108830263
"X406",1.29669683211398
"X406",1.57859009160774
"X406",1.26961976608412
"X406",2.17119415580632
"X406",1.86132875242494
"X406",1.7779662941714
"X406",1.72811101341417
"X406",0.5826797530402
"X406",1.70096957232989
"X406",1.49698797914129
"X406",1.58486589523549
"X406",0.940941077911345
"X406",1.26525284409229
"X406",1.21085007026998
"X406",1.48237685199176
"X406",1.97030840211995
"X406",1.57277661931628
"X406",-0.277294789304289
"X406",1.39771487216944
"X406",1.62029163250916
"X406",1.29544462522797
"X406",1.81523727452962
"X406",1.1318011811269
"X406",1.63734723422762
"X406",1.60254330453109
"X406",1.25901462610703
"X406",1.33028343007997
"X406",0.811557087977771
"X406",1.46984454790749
"X406",1.24618096672853
"X406",1.13074178397861
"X406",1.26745445282448
"X406",1.16882957516665
"X406",1.20894869358333
"X406",1.51719089609252
"X406",1.80562420821043
"X406",2.01732727679188
"X406",1.58994507684655
"X406",1.33582682988742
"X406",1.23969593985959
"X406",1.85850734064535
"X406",0.563286426853239
"X406",1.51755119347327
"X406",0.97889871862538
"X406",1.585086937868
"X406",0.759922247883479
"X406",1.40685685018634
"X406",0.795624479728198
"X406",1.20962248029829
"X406",1.60986935510594
"X406",0.828368277372665
"X406",1.03108567031529
"X406",1.24640170543698
"X406",1.02585113730895
"X406",1.27295435578736
"X406",0.595236616050261
"X406",1.64406912109297
"X406",1.8149172266399
"X406",0.787381950363349
"X406",1.40625230492148
"X406",1.2988139668903
"X406",0.923970472504068
"X406",1.3336383150091
"X406",1.3493545275511
"X406",1.17056038099912
"X406",1.03745204381722
"X406",1.38419706291475
"X406",1.46670068627704
"X406",1.47248071543282
"X406",0.560425348871634
"X406",1.58473737244212
"X406",1.91900634643859
"X406",-1.96611285637283
"X406",1.58814231944141
"X406",1.85513877010217
"X406",1.65247894215096
"X406",1.5767879544156
"X406",1.13270847727454
"X406",1.54113724007029
"X406",1.28261493274746
"X406",1.96743048002269
"X406",1.64169098599018
"X406",1.53963019045101
"X406",1.8549498031023
"X406",1.83816160899514
"X406",1.87833527290533
"X406",0.995527293355507
"X406",1.21442759921817
"X406",1.85167049993715
"X406",1.57892523649024
"X406",1.45553354111224
"X406",1.53789912446998
"X406",1.11255534225493
"X406",0.525869246504679
"X406",1.62908002289389
"X406",1.50453362979708
"X406",0.725051448093158
"X406",1.83898943660607
"X406",1.44404332957127
"X406",0.385935251576488
"X406",1.02294997938934
"X406",1.12480863889023
"X406",1.74446266674511
"X406",1.71752358705578
"X406",1.20522712480841
"X406",1.37847807128492
"X406",1.01647630751322
"X406",1.51041006486707
"X406",1.40906673355266
"X406",1.24103668922861
"X406",1.4966061382461
"X406",1.64473816318484
"X406",1.13440442191964
"X406",0.861431522381645
"X406",1.66525866505164
"X406",1.67319555537932
"X406",1.78966780791951
"X406",1.03332360758466
"X406",1.26463391716151
"X406",-0.780451112978241
"X406",1.68927769081516
"X406",1.53366980864078
"X406",1.16207804606217
"X406",-1.96611285637283
"X406",1.76809944762538
"X406",1.3226501594959
"X406",1.28355231750314
"X406",1.64971886460025
"X406",1.20754413665182
"X406",1.92191121971931
"X406",1.78730681663723
"X406",1.57785039696668
"X406",0.452560321893709
"X406",1.54226851976209
"X406",1.86081598599615
"X406",1.40425233527473
"X406",1.40875839896954
"X406",1.69741465224101
"X406",1.25885766337195
"X406",1.50093091821548
"X406",1.29692788689585
"X406",1.11141448652692
"X406",1.55373601683516
"X406",1.58895714666489
"X406",1.47114578449146
"X406",1.44077518066527
"X406",1.40048063791584
"X406",1.54534268741355
"X406",1.33217659796081
"X406",1.00531495009534
"X406",1.36482073327502
"X406",1.32190047196028
"X406",1.38610289779304
"X406",1.80162223536018
"X406",1.57506128395526
"X406",1.27286881429609
"X406",1.59490542328124
"X406",0.885157658126346
"X406",1.12398453430075
"X406",-1.96611285637283
"X406",1.46282943555336
"X406",1.40747280946069
"X406",1.73186490208038
"X406",1.42589936308469
"X406",1.59925916835835
"X406",1.62280754538387
"X406",1.9637119466398
"X406",1.78268402228436
"X406",1.36416195282779
"X406",1.97201004017735
"X406",1.5152349775565
"X406",1.72372916112828
"X406",1.32976330225474
"X406",1.10281335004193
"X406",0.912426117817805
"X406",1.60168147505515
"X406",1.60292730097504
"X406",1.85633540291454
"X406",1.8108252764194
"X406",1.34001527471
"X406",0.944049894983079
"X406",1.22286377401029
"X406",0.838625200867003
"X406",1.66915626104732
"X406",1.1537486337288
"X406",1.12761721301262
"X406",1.57861542995608
"X406",1.13472269721536
"X406",1.57673827541286
"X406",1.59293511142218
"X406",1.58427567887605
"X406",0.966715880959218
"X406",0.68858543662194
"X406",1.36739140864449
"X406",1.4114565963619
"X406",1.59328164981713
"X406",1.8451332093646
"X406",1.40292814621861
"X406",1.34295995203378
"X406",1.9928721763463
"X406",0.87586092146691
"X406",1.36723971020373
"X406",1.58213948162449
"X406",0.796941192503298
"X406",0.638251027469239
"X406",1.69892993415178
"X406",1.84070782893286
"X406",1.42525764625459
"X406",0.979805596504714
"X406",0.990083691058706
"X406",1.820795894841
"X406",1.53235773425099
"X406",1.28952892265434
"X406",1.79606679975495
"X406",1.31335060762963
"X406",1.52730746194696
"X406",0.256266376109372
"X406",1.70006986678412
"X406",1.44322806786649
"X406",1.38260164756584
"X406",1.14375459499269
"X406",1.00894101099467
"X406",1.70568672628507
"X406",1.32698604054784
"X406",1.89132181089709
"X406",0.399776594407564
"X406",1.14496854933379
"X406",1.42550604810409
"X406",1.14353386283948
"X406",1.67241931561288
"X406",1.43371174382674
"X406",1.62241829565551
"X406",1.44754525802699
"X406",1.22616029381851
"X406",1.08241014280503
"X406",1.62264655059886
"X406",1.74561392543222
"X406",1.21961733818996
"X406",1.25840189969137
"X406",1.16178827796802
"X406",1.22514809075481
"X406",1.31410344717162
"X406",1.70936947950771
"X406",1.55974953618129
"X406",1.33536443639279
"X406",1.31261499604819
"X406",0.950420851492037
"X406",1.86867205827961
"X406",1.51523302448376
"X406",1.74425063010391
"X406",1.29131573683448
"X406",1.4260401239004
"X406",1.51308202653746
"X406",1.5796283676301
"X406",1.08198988387107
"X406",1.52113161729866
"X406",1.69585067979613
"X406",1.9944962210178
"X406",1.6680811099307
"X406",1.70580279236301
"X406",1.36018606508135
"X406",1.0944568375463
"X406",1.37491892022138
"X406",1.42243196945298
"X406",1.42395692969014
"X406",0.783079963162681
"X406",1.29798405872745
"X406",1.28649252439173
"X406",1.11062785308302
"X406",-0.814729376619136
"X406",1.52984447513944
"X406",1.79109887137883
"X406",1.65546032955823
"X406",1.42080295289198
"X406",1.52936171000821
"X406",1.20363601394973
"X406",1.27202612050984
"X406",0.835344928632128
"X406",1.39974931646114
"X406",1.6891459581587
"X406",1.11252336799774
"X406",1.04236602736252
"X406",1.26352231903611
"X406",1.482737111919
"X406",0.957566273443021
"X406",1.44050744960457
"X406",1.9421163121107
"X406",-0.384482263082103
"X406",1.71088777056888
"X406",1.27711016473976
"X406",1.58149226366723
"X406",0.781952404529308
"X406",0.346004279623877
"X406",1.52276014219268
"X406",1.44190856059781
"X406",1.17060105097822
"X406",0.723084840161657
"X406",0.964203268411424
"X406",1.16538936923102
"X406",1.57717865316785
"X406",1.52986295199315
"X406",1.46030279465104
"X406",1.26671484223781
"X406",1.69585888429447
"X406",1.72360604389539
"X406",1.39646718409084
"X406",1.5135864558501
"X406",1.82642560772473
"X406",1.25556648201332
"X406",1.2537409032171
"X406",1.15235101372816
"X406",1.18280540837964
"X406",1.21287081676497
"X406",1.15881477803611
"X406",1.40154673985784
"X406",1.33768777131327
"X406",1.3116602767981
"X406",1.33391991829707
"X406",0.88337972236221
"X406",1.53334695556247
"X406",1.39510815236908
"X406",1.25814488030836
"X406",1.38986846962696
"X406",0.543439397441208
"X406",0.827068130022568
"X406",0.673400311578809
"X406",1.7211977384861
"X406",1.07632086295551
"X406",1.60350705386334
"X406",1.34968969654348
"X406",1.48866697451009
"X406",2.12302190950117
"X406",1.20288195896693
"X406",1.00736251445528
"X406",1.48472632515465
"X406",1.34029192965543
"X406",1.43758560483242
"X406",0.36378727270776
"X406",0.959923385902075
"X406",1.21668135400709
"X406",1.46190181745876
"X406",1.28621288508456
"X406",1.21008367819418
"X406",0.63724616715924
"X406",1.32544430343302
"X406",1.6702341086229
"X406",1.84207192984753
"X406",1.39826423577993
"X406",1.07611434863213
"X406",1.78221834168357
"X406",1.20387417049293
"X406",1.54509429685761
"X406",1.43742829650683
"X406",1.45445600825992
"X406",1.64812610561003
"X406",1.39610892160171
"X406",0.571496967815609
"X406",1.66625935634342
"X406",1.08674232888639
"X406",1.46356362883005
"X406",1.24938349332612
"X406",1.47038027927114
"X406",1.29575017399151
"X406",1.69089875470086
"X406",0.766963970362485
"X406",1.40551070735494
"X406",1.43519402029878
"X406",1.37368319854983
"X406",1.13798002671058
"X406",1.57660563986917
"X406",1.46178087420684
"X406",1.34100718202645
"X406",1.48291318357023
"X406",0.707805907972526
"X406",1.27240661970872
"X406",0.90316190886834
"X406",1.37826214439086
"X406",0.441338202776934
"X406",1.58329368195842
"X406",1.69106282247023
"X406",0.369351777736234
"X406",0.895384206883369
"X406",1.25121514427744
"X406",0.888126796282983
"X406",1.1995187798224
"X406",1.25401105759268
"X406",1.43324140052959
"X406",1.4194440464441
"X406",1.02549944074869
"X406",1.53686519259532
"X406",1.50022794546148
"X406",1.51901938582771
"X406",1.37439202309987
"X406",1.1820674664942
"X406",1.43651518712167
"X406",1.50371067925583
"X406",1.78032901892609
"X406",1.6967235823581
"X406",1.11665976173055
"X406",1.40875493882768
"X406",1.404433621818
"X406",1.03569334742319
"X406",1.50350763932717
"X406",1.15448110752336
"X406",2.01695778171666
"X406",1.3386254378873
"X406",-1.96611285637283
"X406",1.46808883257863
"X406",1.52771885717221
"X406",2.01288032844551
"X406",1.32889629797421
"X406",1.51392552555052
"X406",1.57441559264825
"X406",0.46401605398174
"X406",0.510361456244034
"X406",1.58864473138674
"X406",0.356287688999374
"X406",1.30008196885662
"X406",1.61100914198996
"X406",1.70995036059579
"X406",1.24023918206957
"X406",0.882877819817552
"X406",1.58569236298576
"X406",1.6281935631385
"X406",0.854681619457583
"X406",1.2581284024961
"X406",0.984870922317599
"X406",1.38290488547163
"X406",1.24710869167687
"X406",1.5402081832181
"X406",1.8321916308041
"X406",1.68643850508953
"X406",1.02999336613426
"X406",0.466518902278504
"X406",1.43627765634551
"X406",1.87974707785882
"X406",1.6708300452042
"X406",0.556003050715891
"X406",1.47279149170424
"X406",1.30551214486166
"X406",1.6173085125329
"X406",-1.17539017155181
"X406",2.02289577438841
"X406",1.52315109489652
"X406",1.51646781293361
"X406",1.13123545400129
"X406",1.29044504992507
"X406",0.646656743938058
"X406",1.45862133568335
"X406",1.25247838779591
"X406",1.68359830744248
"X406",1.52676416045707
"X406",1.49068375027242
"X406",1.6678585610103
"X406",1.78409976736219
"X406",1.93317202848913
"X406",1.46590583139958
"X406",-1.47579814577083
"X406",0.960329312178954
"X406",1.1900967537139
"X406",1.71308768470294
"X406",1.40418999122712
"X406",1.16640312863526
"X406",1.44907639925042
"X406",1.76613431190396
"X406",0.256273028902776
"X406",1.21028353743682
"X406",1.1720290388925
"X406",1.28911000291266
"X406",1.97425682235237
"X406",1.43359986712352
"X406",1.46408838790448
"X406",0.941029711160394
"X406",-1.96611285637283
"X406",1.77172320838033
"X406",1.57092814768244
"X406",0.925933414397314
"X406",0.350775681174808
"X406",1.57937481576883
"X406",1.33233582816496
"X406",1.13497972677301
"X406",1.60871413864599
"X406",1.1616957116172
"X406",1.54102809386609
"X406",1.07056537459047
"X406",0.83616973671975
"X406",1.48824146310192
"X406",1.4501124425723
"X406",1.5809418960941
"X406",1.00116210784139
"X406",1.13176287800199
"X406",1.57670524335159
"X406",1.73870079905691
"X406",1.69470792924566
"X406",1.73616611834936
"X406",1.28867578982962
"X406",1.91016153582516
"X406",-0.778739007150585
"X406",0.999431815427918
"X406",1.67107593131701
"X406",1.06964393377177
"X406",1.74502940858027
"X406",0.186939992223272
"X406",1.32323293152975
"X406",1.64993117930274
"X406",1.76026897863608
"X406",0.0357992562014889
"X406",1.29663383347553
"X406",2.08070498790177
"X406",0.853054212480138
"X406",0.983947561830115
"X406",1.70551248855833
"X406",0.334337496267117
"X406",1.54923565618441
"X406",1.00241162314715
"X406",1.85783149155563
"X406",1.70957622886418
"X406",0.873859951761055
"X406",1.6891665244639
"X406",1.51280742051699
"X406",1.72857185942202
"X406",1.10893128649349
"X406",1.3670071582483
"X406",0.818345721726803
"X406",1.36926099438841
"X406",1.52080556551812
"X406",1.09851483638205
"X406",1.66319660241405
"X406",1.01424292032722
"X406",1.39112565205417
"X406",1.48238216830277
"X406",1.63578891879853
"X406",2.06840444732681
"X406",0.505460392217624
"X406",1.15277270575852
"X406",1.25563901300797
"X406",1.39625112696101
"X406",1.3747977631153
"X406",1.70858469564406
"X406",1.33529788668738
"X406",1.34009181480813
"X406",1.37307219862282
"X406",1.68373973339403
"X406",1.24966500447284
"X406",0.648718179952163
"X406",1.60467437124032
"X406",1.73666989486651
"X406",1.49938674573907
"X406",0.979878178131007
"X406",0.896561242129856
"X406",1.67339022298588
"X406",1.10554075463524
"X406",1.408434051554
"X406",1.34442032641709
"X406",1.44737088886581
"X406",0.325486046246945
"X406",0.816055860141295
"X406",1.1001579868064
"X406",1.35871703906815
"X406",1.42231709672191
"X406",1.51606799429479
"X406",0.100522686885697
"X406",-0.768165706597037
"X406",1.2783727883647
"X406",1.38780952815462
"X406",1.60977419854306
"X406",0.0378798625788254
"X406",1.66279531327078
"X406",1.77864319561912
"X406",1.56558877503505
"X406",1.33343894554539
"X406",1.29214748743217
"X406",1.58535852051725
"X406",1.73556263928855
"X406",1.52080482706415
"X406",0.413536086773365
"X406",1.40493341428457
"X406",1.91285587784027
"X406",1.46293524721921
"X406",1.22193870964381
"X406",1.42486787220476
"X406",1.49697170364562
"X406",1.58287923589078
"X406",1.51695598701176
"X406",1.45351661760688
"X406",1.11462615144309
"X406",1.16129553032101
"X406",1.28721122426348
"X406",1.76132605995238
"X406",1.55046647578599
"X406",1.70937234513093
"X406",1.50493484853807
"X406",1.33372771139786
"X406",1.15127630920985
"X406",0.794184108944131
"X406",1.72245806970134
"X406",1.17539794666713
"X406",1.86563619475158
"X406",0.924469083273602
"X406",1.63667383203021
"X406",1.77332089458495
"X406",1.73849579982487
"X406",1.15597472980753
"X406",1.44917039932468
"X406",1.7967236075201
"X406",0.831522540549648
"X406",1.39136614582753
"X406",1.06130642814159
"X406",1.10625867606897
"X406",1.12070698332855
"X406",0.849636787715726
"X406",1.73656360766229
"X406",1.8710458181396
"X406",1.67322038451093
"X406",1.21689461277594
"X406",1.82754073360051
"X406",1.09262422542095
"X406",1.50709646733115
"X406",2.07531056794145
"X406",-1.96611285637283
"X406",2.06093579398386
"X406",1.69233951837134
"X406",1.02500121863227
"X406",0.61746486816844
"X406",1.26343043638435
"X406",1.11360351245064
"X406",2.00931334746467
"X406",1.06201075338734
"X406",1.69287352618156
"X406",1.29787952573283
"X406",1.4033202228745
"X406",1.43975135423112
"X406",1.8789463868371
"X406",0.132478855953323
"X406",1.60080652438317
"X406",1.47380872532921
"X406",1.44675944684685
"X406",1.1663440803434
"X406",1.22639891299178
"X406",1.47738486505378
"X406",1.50258815798983
"X406",1.43765365671461
"X406",1.50545200006228
"X406",1.86371358292155
"X406",1.6977758434957
"X406",0.919987178790261
"X406",1.29433599031572
"X406",1.58715176429915
"X406",1.34604976317226
"X406",1.2382983315521
"X406",1.22790454613155
"X406",1.44309666813163
"X406",1.57420170844229
"X406",1.31096221204669
"X406",1.05561975070045
"X406",1.60538654579311
"X406",1.84682445313588
"X406",1.82391249408188
"X406",1.68619224929464
"X406",0.703980563497676
"X406",0.751529788332783
"X406",1.10640339346114
"X406",1.01263191081304
"X406",1.2113459680882
"X406",1.11252011105482
"X406",1.66192780779591
"X406",1.68015231803197
"X406",0.988655167253785
"X406",1.29800496230327
"X406",0.84276677743879
"X406",1.52700758524092
"X406",-1.96611285637283
"X406",1.57784337356689
"X406",0.917164575574836
"X406",0.793418692386088
"X406",0.315908321111186
"X406",1.66887829395843
"X406",1.31122334511655
"X406",1.26467895322092
"X406",-0.914691060393576
"X406",1.93023670129702
"X406",1.83767958082484
"X406",1.61371237989826
"X406",1.19282268657168
"X406",1.35641781581481
"X406",1.41183074062303
"X406",1.07072189857659
"X406",1.53202704973379
"X406",1.83007624916984
"X406",1.16273262335688
"X406",1.36367781611059
"X406",1.33970705746269
"X406",1.65079179068579
"X406",1.38235867995476
"X406",1.22341161371981
"X406",1.29232124264693
"X406",1.67886037711653
"X406",1.67094741085315
"X406",1.67650442381627
"X406",2.13825190475284
"X406",0.712146410312827
"X406",1.18444600255353
"X406",1.52235961960262
"X406",1.34113483310843
"X406",1.12219051713008
"X406",1.11839026501816
"X406",0.831044148402841
"X406",1.62645303477546
"X406",0.963384256789819
"X406",1.61031299189202
"X406",1.268953265333
"X406",2.02344170077599
"X406",1.65958007128604
"X406",1.50561560304788
"X406",1.77482430236483
"X406",0.850480826462258
"X406",1.14088912627238
"X406",0.929393719558857
"X406",1.02191994978805
"X406",1.36891953176189
"X406",1.10234195261468
"X406",1.50598002275134
"X406",1.76748726710025
"X406",1.16368502538466
"X406",1.37668591370275
"X406",1.25269893413868
"X406",1.62613499285772
"X406",1.70776107811916
"X406",1.35542924363562
"X406",1.18000576810902
"X406",1.37265936474414
"X406",1.49942226613917
"X406",1.13040057730277
"X406",1.4055380104918
"X406",1.45269029032384
"X406",-0.998665550856614
"X406",1.68207166378668
"X406",1.34695325279032
"X406",1.69976794563015
"X406",1.73463628726896
"X406",1.41110167814468
"X406",1.57660173574518
"X406",1.64683575098966
"X406",1.48960762179904
"X406",1.97133510106425
"X406",1.40997035853623
"X406",1.39412117300155
"X406",1.3157369017011
"X406",1.50848008814032
"X406",1.42388629881117
"X406",1.39799736659682
"X406",1.28438791510399
"X406",1.58657245101625
"X406",1.71065710971552
"X406",1.50936498703473
"X406",1.53242470836401
"X406",1.71455108449627
"X406",1.38407134212596
"X406",0.896157471067502
"X406",1.46650495842612
"X406",1.54787994473325
"X406",1.12660959888836
"X406",1.54989137721246
"X406",1.34957390611495
"X406",1.36819691581116
"X406",0.429562481672518
"X406",1.09023830970504
"X406",1.37780071791619
"X406",1.39526695402705
"X406",1.53336656093122
"X406",1.66449516342847
"X406",1.92610218754328
"X406",1.95994779505268
"X406",1.1446881158844
"X406",1.50728362092776
"X406",1.89209320162337
"X406",1.23096300368443
"X406",1.53606132905104
"X406",1.2936525722897
"X406",1.70946237119159
"X406",1.77632947339706
"X406",1.99788271149571
"X406",1.84212149250201
"X406",1.73633436147154
"X406",1.50061198017527
"X406",1.63239347288528
"X406",2.00626922367691
"X406",1.56405830812415
"X406",0.924102301247666
"X406",0.810929716334602
"X406",0.710295670571011
"X406",1.18055907681842
"X406",0.415160960583871
"X406",1.70540545395483
"X406",1.62066079457122
"X406",1.31477644520703
"X406",1.38337492341503
"X406",1.48347951867675
"X406",0.965199078952377
"X406",1.10687936288054
"X406",1.64399473853247
"X406",1.32095667183019
"X406",1.40812983734512
"X406",1.61247966186474
"X406",1.54593997068905
"X406",1.43137639700256
"X406",1.47760429824556
"X406",1.61434139639942
"X406",1.31350416416572
"X406",1.80300033423445
"X406",1.58778309619676
"X406",1.37105409997686
"X406",0.712181271574017
"X406",1.5211152729427
"X406",1.73338783588589
"X406",1.55152451354345
"X406",1.82387768930112
"X406",1.31109906161899
"X406",1.58603438017318
"X406",0.963415010358001
"X406",1.42153372988291
"X406",1.52908819486456
"X406",1.61955880174273
"X406",1.60215777739937
"X406",0.952187973168278
"X406",1.62751067474659
"X406",1.55374797125936
"X406",1.20080371225915
"X406",0.674835161639442
"X406",1.03747728872357
"X406",0.834107087073358
"X406",0.95295831580663
"X406",1.22916592272317
"X406",1.11111612535408
"X406",1.41452992002521
"X406",1.23671749476882
"X406",0.797533404905002
"X406",1.61488263203972
"X406",1.40630024702259
"X406",1.30274363757824
"X406",1.51652050501801
"X406",1.4540302985556
"X406",1.15851688322077
"X406",1.46679625333601
"X406",-1.96611285637283
"X406",1.38720547619685
"X406",1.15056704874944
"X406",1.61359727200673
"X406",1.27122992644564
"X406",1.5667146943273
"X406",1.80191150357098
"X406",1.59743608522191
"X406",1.36458971415488
"X406",1.37065711635876
"X406",1.79798191989845
"X406",1.57571533453199
"X406",1.58048612094851
"X406",0.882184867520816
"X406",0.900065995150667
"X406",1.56845252840467
"X406",1.46913580139736
"X406",-1.96611285637283
"X406",1.44403255053963
"X406",1.51347862256522
"X406",1.83058675863833
"X406",0.847809012501437
"X406",0.910307588336723
"X406",0.921036201101043
"X406",1.17944185448352
"X406",1.31816910697464
"X406",1.06261706069365
"X406",1.54038974677868
"X406",1.88076344309714
"X406",1.66746699567945
"X406",0.304545070512097
"X406",1.54169966005315
"X406",1.56748185790194
"X406",0.445103275565529
"X406",1.75567026906927
"X406",1.65840101545142
"X406",1.58328872918985
"X406",0.989256921829918
"X406",1.76707394744472
"X406",1.45853254577905
"X406",1.59681081327819
"X406",1.46797907618762
"X406",1.52488506770235
"X406",1.19178368529787
"X406",1.4952254567216
"X406",1.79592907267318
"X406",1.66071384849805
"X406",1.63488730025229
"X406",1.48887215048572
"X406",1.56709915271759
"X406",1.70221589722534
"X406",1.63227211907814
"X406",1.51006705458152
"X406",1.85869692344726
"X406",0.725303942410596
"X406",1.74360516011664
"X406",1.64300992650857
"X406",0.905717185787164
"X406",0.953568476483368
"X406",1.30740870772096
"X406",1.36365447425117
"X406",1.46627631428431
"X406",1.69938534384402
"X406",1.44785312572121
"X406",1.46755361570507
"X406",0.883148899897997
"X406",-1.96611285637283
"X406",1.19236625014054
"X406",1.47066130752944
"X406",1.68446280917886
"X406",0.662654025262015
"X406",1.77341237538149
"X406",0.285379135002091
"X406",1.48720345121586
"X406",1.91923286094235
"X406",1.22644094876959
"X406",1.6785546993142
"X406",0.672006898671159
"X406",2.0551416139788
"X406",1.49810379680097
"X406",0.357998156448336
"X406",1.26011015899808
"X406",1.44437434042451
"X406",1.14242071404298
"X406",1.55816518009789
"X406",1.72956428121809
"X406",1.92173741162211
"X406",1.7219069455463
"X406",1.27762546265234
"X406",1.53303952468126
"X406",1.54285521327042
"X406",1.1604429168936
"X406",1.40109286995613
"X406",1.47301455225667
"X406",1.95075440364212
"X406",1.0114197512922
"X406",1.82362835277012
"X406",1.70103789140935
"X406",1.31637614834193
"X406",1.71467305575001
"X406",0.874465055487095
"X406",1.47544280679578
"X406",1.7434907501646
"X406",1.45894547542437
"X406",1.3623353708246
"X406",1.77112420463967
"X406",0.991518137138783
"X406",0.78962797412
"X406",1.29402869360902
"X406",0.900793131067923
"X406",1.36935479633808
"X406",1.81706773511537
"X406",1.78403568224153
"X406",1.64452325385696
"X406",1.52624884115456
"X406",1.33757243642726
"X406",1.57804362874901
"X406",1.67807948020496
"X406",1.41812584894462
"X406",1.19612776324192
"X406",1.85987217681489
"X406",1.52528952489816
"X406",1.29090959985639
"X406",1.6591566433404
"X406",1.47655854394428
"X406",1.27430576466535
"X406",1.31966262280087
"X406",0.263799323290486
"X406",1.50469687025395
"X406",1.3544289868881
"X406",1.28625420458516
"X406",1.05350481127711
"X406",1.27168630269622
"X406",1.59473760378506
"X406",0.809812765223704
"X406",1.86280457824158
"X406",1.16260160991947
"X406",1.46033269461053
"X406",0.980870801950984
"X406",1.48357428061532
"X406",0.434148169594285
"X406",0.769524233097965
"X406",1.22163430616721
"X406",1.06819823872768
"X406",1.73417388144984
"X406",1.19777282004307
"X406",1.74486319026622
"X406",1.89283901789898
"X406",1.00524043061496
"X406",1.95738293211905
"X406",1.3238494865019
"X406",1.51704941398374
"X406",1.08753126276867
"X406",1.32630774650206
"X406",1.16507648692685
"X406",2.22265260691553
"X406",1.33742802258243
"X406",1.54845617347628
"X406",0.713756612394223
"X406",1.69196586013701
"X406",1.8310340673028
"X406",1.52958214574479
"X406",1.84571517784781
"X406",1.70876159418625
"X406",1.22157615929672
"X406",1.69527263397886
"X406",-0.742246284474578
"X406",1.85253682353886
"X406",1.23770335675064
"X406",0.478824679567419
"X406",1.6518638309888
"X406",1.42369332047522
"X406",0.918015536555515
"X406",1.73528297850772
"X406",1.73330992486605
"X406",1.3442304508863
"X406",0.350508841871177
"X406",1.38208938428168
"X406",1.55883747134209
"X406",1.53535924320898
"X406",1.43454193418729
"X406",1.74571096197067
"X406",1.31955475161482
"X406",1.90618951546489
"X406",1.11339437271148
"X406",0.940289556339468
"X406",0.79648581304894
"X406",1.17638570963605
"X406",0.277576538637149
"X406",1.60223484214724
"X406",1.47309150918161
"X406",1.34643824624048
"X406",1.53752835013941
"X406",1.05558949346533
"X406",1.5545735742105
"X406",1.64245131063853
"X406",1.31626420656236
"X406",0.548076476776105
"X406",1.80630820261191
"X406",1.18339784733551
"X406",1.56433084131641
"X406",1.6962650037295
"X406",1.55829996503247
"X406",1.51909715118535
"X406",1.76102782419113
"X406",1.19796292706659
"X406",1.66544971274546
"X406",1.1266630297923
"X406",1.31567566019161
"X406",1.06585791937052
"X406",2.00856526370031
"X406",1.54146842528594
"X406",1.19322325327351
"X406",1.47592740689688
"X406",1.7644560409084
"X406",1.40545620924187
"X406",1.5782183517297
"X406",1.03224446741206
"X406",1.31695057763127
"X406",1.58021391014101
"X406",1.68730911965877
"X406",1.42497823045221
"X406",1.53328115717927
"X406",1.13666895274025
"X406",1.34716510099398
"X406",2.03334110006976
"X406",1.01558605709651
"X406",0.865091225536588
"X406",1.78865667807452
"X406",1.61768064717696
"X406",1.52877656045428
"X406",1.56936793781268
"X406",1.72050025743001
"X406",0.166899290224893
"X406",1.36752992254644
"X406",1.24698765668241
"X406",1.00998337469734
"X406",1.47417779598786
"X406",1.22184339339969
"X406",1.56165948885305
"X406",0.548347456848206
"X406",1.45680672196608
"X406",1.35986741205614
"X406",1.75252898398974
"X406",1.25739845422979
"X406",1.3190782713144
"X406",0.973244361245906
"X406",1.35762969428465
"X406",1.22951875303679
"X406",1.35067163700107
"X406",1.79997919268454
"X406",1.58083376919456
"X406",2.06231863745335
"X406",1.72858412874126
"X406",1.36968156284238
"X406",1.5833513755062
"X406",1.53112628169444
"X406",1.27728031871519
"X406",1.08635987527466
"X406",1.32035226316988
"X406",1.59990353525043
"X406",1.6915037098854
"X406",1.12304202833583
"X406",1.20246049225947
"X406",1.59276997740872
"X406",1.74030187274712
"X406",1.48787730162288
"X406",1.57607012559576
"X406",1.56441525610877
"X406",1.3226605816994
"X406",1.08728640634623
"X406",1.71016565540851
"X406",1.32068320918696
"X406",1.30720124501056
"X406",1.34549702315498
"X406",1.81018506234709
"X406",1.7801392102643
"X406",1.43594753203859
"X406",1.87731897277857
"X406",1.54344712271685
"X406",1.94172596369291
"X406",1.44618659397976
"X406",1.43890830504299
"X406",1.44752993915943
"X406",1.77951424457496
"X406",1.52377051391353
"X406",1.06013206961887
"X406",1.54713500717153
"X406",1.38456859262241
"X406",1.13046939967569
"X406",1.24962931305231
"X406",-0.363641579215494
"X406",2.01984183638344
"X406",1.55492154296942
"X406",-1.96611285637283
"X406",1.57608861292251
"X406",-0.66171077996199
"X406",1.390643560334
"X406",1.33155760247731
"X406",1.55315990968788
"X406",1.54846644143199
"X406",1.7457240641691
"X406",1.30204288477813
"X406",1.40833867850039
"X406",0.865069182282142
"X406",1.4720181207499
"X406",0.957723548129551
"X406",1.97397537091315
"X406",1.71860463209942
"X406",1.33986093842096
"X406",1.8275912524425
"X406",1.10371693101423
"X406",0.876943412618452
"X406",1.32875725133405
"X406",1.25559906334861
"X406",1.27818072335796
"X406",1.71001030560714
"X406",0.413966674667414
"X406",1.14027841693898
"X406",1.1649459587491
"X406",1.38173025769578
"X406",1.440450548816
"X406",0.638335365802095
"X406",1.58187183449758
"X406",1.57986349942229
"X406",1.26361020765916
"X406",1.42411204581613
"X406",1.08558453589457
"X406",1.71270900359819
"X406",1.13818465618774
"X406",1.25026828026118
"X406",1.43135363065111
"X406",1.17753502578393
"X406",1.83369318931114
"X406",1.5131065423083
"X406",-0.10255066595943
"X406",1.26606559253023
"X406",-1.35859274499823
"X406",-0.0800571743411419
"X406",1.29845484106691
"X406",1.56277225659904
"X406",1.1196100752131
"X406",1.12546577587217
"X406",1.36498123618562
"X406",1.58834980521317
"X406",1.32190159590114
"X406",1.17533686050542
"X406",1.50233593886524
"X406",1.58294865354496
"X406",1.24070990825722
"X406",1.2941008887441
"X406",1.84688586129715
"X406",1.30874329598931
"X406",1.14827574534208
"X406",1.64696694834902
"X406",1.37736254108685
"X406",1.60592517457771
"X406",0.878052682054381
"X406",1.57127955177993
"X406",1.60840976288192
"X406",1.60222245731768
"X406",1.73337899803691
"X406",1.32520655460462
"X406",1.84376161032927
"X406",1.75537352216982
"X406",1.45320243081189
"X406",1.38242972090006
"X406",1.60817446668883
"X406",1.36009027143174
"X406",1.72304660553639
"X406",1.32296611503216
"X406",1.62620850523633
"X406",1.64217613267534
"X406",1.51798954107588
"X406",1.39263209141015
"X406",0.974521958649752
"X406",1.28615119295843
"X406",1.37714586383432
"X406",1.76424923267921
"X406",1.33006693292335
"X406",1.07130031555337
"X406",1.09846175176201
"X406",1.62513625321192
"X406",1.66169096836799
"X406",1.3342833341667
"X406",0.728299753260205
"X406",1.29815000945443
"X406",1.55805044169682
"X406",1.76522159653279
"X406",1.4480816136589
"X406",1.65971775756618
"X406",1.38010285374993
"X406",1.00702671339053
"X406",1.46041927958043
"X406",1.55041291227972
"X406",1.57917644738755
"X406",0.860201516736869
"X406",1.26723224502362
"X406",1.30616689933806
"X406",1.27063151565697
"X406",0.844957028865378
"X406",1.73615781653227
"X406",1.03642263762349
"X406",1.02840297091265
"X406",1.52618299302274
"X406",-0.768908166799778
"X406",1.56709829086871
"X406",0.48976036726858
"X406",1.66148673389663
"X406",1.13515763033565
"X406",1.60397143533128
"X406",1.31705928942217
"X406",0.938501927850293
"X406",1.83040421686706
"X406",1.72295134294903
"X406",0.603664796577627
"X406",2.03380541725527
"X406",0.948666371260406
"X406",1.57344431352685
"X406",1.21571641969244
"X406",1.61962012930111
"X406",0.658627103341393
"X406",1.14570554788557
"X406",1.4949926143945
"X406",1.33900064848051
"X406",1.51479639603985
"X406",1.63399493547697
"X406",1.54885856500942
"X406",1.30377915638416
"X406",1.46815009438078
"X406",1.50587833778798
"X406",1.73223316641691
"X406",1.89690534568957
"X406",1.39110749141551
"X406",1.35753934027609
"X406",1.47792830810187
"X406",1.12338791064594
"X406",1.27645965716575
"X406",1.51967744840665
"X406",0.723155901890413
"X406",-0.333246721469336
"X406",1.41084930404407
"X406",1.66129023930426
"X406",0.756886057964583
"X406",0.73076957448569
"X406",1.0036214226319
"X406",0.761444555194059
"X406",1.36380834926776
"X406",1.41208954269302
"X406",1.54387424387664
"X406",1.64166382628345
"X406",0.61870028378257
"X406",1.49019041686383
"X406",1.62349068387138
"X406",1.21701866182226
"X406",1.76365077191502
"X406",1.03245022135405
"X406",1.78231675499175
"X406",1.23774807310495
"X406",-1.44243638304851
"X406",1.71016016111526
"X406",1.10760803353073
"X406",0.304567387093793
"X406",1.44387942988932
"X406",1.27693841093331
"X406",1.50112413721867
"X406",1.7519408113689
"X406",1.41807399574688
"X406",1.49679041091882
"X406",1.67822887271144
"X406",0.989661471416354
"X406",1.56782636704799
"X406",1.55830835646516
"X406",1.07171879898768
"X406",1.24820798959639
"X406",1.25651686527182
"X406",1.65535876241684
"X406",0.998821980940585
"X406",1.33314967575708
"X406",1.85627602801868
"X406",1.27409361316901
"X406",1.70416949600046
"X406",1.64702010805126
"X406",1.4592135830298
"X406",1.1331266928379
"X406",1.74243930845203
"X406",1.02631545188212
"X406",1.55482912171829
"X406",0.986696036446738
"X406",1.49847019639402
"X406",1.77698449821942
"X406",1.51296210242801
"X406",1.27656597856152
"X406",1.53559153515995
"X406",-1.96611285637283
"X406",1.72273932156694
"X406",1.17685395116812
"X406",2.0210298502404
"X406",1.72055112732072
"X406",1.53386398443257
"X406",-0.265467822398936
"X406",1.25160573606805
"X406",1.32977582863645
"X406",1.84255004208361
"X406",1.73431510890457
"X406",1.23654136042869
"X406",1.20478867982716
"X406",1.57045870880735
"X406",1.4661048572332
"X406",1.58029956669518
"X406",0.74910157683308
"X406",1.63319935575268
"X406",1.62544831278047
"X406",1.30320368132882
"X406",0.979887632804393
"X406",0.759117952770891
"X406",1.52031278880341
"X406",1.35652745018281
"X406",0.373422045106937
"X406",0.671220289289831
"X406",1.67874253466755
"X406",1.3986483647765
"X406",0.755537776042661
"X406",1.45382572691893
"X406",1.52913608266873
"X406",1.09284276195627
"X406",1.7434907501646
"X406",1.65821682430956
"X406",1.70131872992468
"X406",1.49974966703354
"X406",1.0400373076478
"X406",1.48223879185136
"X406",1.42000789717935
"X406",1.66664146918587
"X406",1.53883257867269
"X406",0.947108518149855
"X406",1.55523285588655
"X406",-1.96611285637283
"X406",1.92860564183518
"X406",1.33714139117928
"X406",1.30475681501894
"X406",1.33689802088762
"X406",1.0708256357142
"X406",1.60440221037486
"X406",1.77863378480258
"X406",1.46967480316315
"X406",1.17964288538
"X406",1.47663785417884
"X406",1.09020561809332
"X406",0.993748948318625
"X406",1.5505121055973
"X406",1.63255397593668
"X406",1.31583697799906
"X406",1.53968238845271
"X406",0.839832145109205
"X406",1.79304336621839
"X406",1.29841927601069
"X406",1.58062255466716
"X406",1.7122132776855
"X406",1.49382901123059
"X406",1.13705766878823
"X406",1.40234071938623
"X406",1.754513241686
"X406",0.304923553375777
"X406",1.70005738279014
"X406",1.6748079904225
"X406",0.922304575200039
"X406",1.98463351588609
"X406",1.51831480947961
"X406",1.64608227146227
"X406",1.80829629700344
"X406",1.48381587572456
"X406",1.24761206650013
"X406",2.32912209485997
"X406",1.7322744541323
"X406",1.63793336383364
"X406",-0.213330510887715
"X406",1.7937992816075
"X406",1.16936920919982
"X406",1.64904531776144
"X406",1.17517834954334
"X406",0.95580380430323
"X406",1.11052451403898
"X406",1.8536595550516
"X406",1.68047649339913
"X406",1.63709448169639
"X406",1.42779658006303
"X406",1.61900061322773
"X406",1.40540885385563
"X406",1.92301046384008
"X406",1.31832283703957
"X406",1.53799366655521
"X406",1.39284004955394
"X406",1.62821392442345
"X406",1.7080478450242
"X406",2.063528952178
"X406",1.78011535301395
"X406",1.78894093190762
"X406",1.71443608151837
"X406",1.39071070961478
"X406",1.2993985450042
"X406",1.79980374190033
"X406",1.36496918048116
"X406",0.188513099548488
"X406",1.49419715684744
"X406",1.52435478096413
"X406",1.57227095172038
"X406",-0.816836991736492
"X406",1.36304104644816
"X406",1.45926300782269
"X406",1.84798114764656
"X406",1.62732159677544
"X406",0.514185874238076
"X406",1.29245822769705
"X406",1.33455959930975
"X406",1.63717432263855
"X406",1.56404730231075
"X406",1.58967500188146
"X406",1.51415030704717
"X406",1.68626044629568
"X406",1.49490299998314
"X406",1.43290530386779
"X406",1.33949263153585
"X406",2.06967444942289
"X406",1.46475990472244
"X406",1.12623534514991
"X406",0.236203646525147
"X406",1.69795284737068
"X406",1.10556959200885
"X406",1.2955309974281
"X406",1.32730936000262
"X406",1.16105236435797
"X406",1.73431730402173
"X406",1.30058140546455
"X406",1.33089612397962
"X406",1.26385122423231
"X406",1.4839819434178
"X406",1.9873635844686
"X406",1.7412164648018
"X406",1.04750409729284
"X406",1.43931958228653
"X406",1.11128897647382
"X406",1.10219568229472
"X406",1.43247586169664
"X406",1.23824011348428
"X406",2.01608739293637
"X406",1.3987208865197
"X406",0.356665061753027
"X406",1.25916801624613
"X406",0.701992518161947
"X406",1.40315812926696
"X406",1.88363723678601
"X406",-0.333474967987561
"X406",0.80889134894736
"X406",0.765930092131062
"X406",1.93213572678535
"X406",1.48847053458916
"X406",1.31815908352618
"X406",1.1609210036035
"X406",1.60541264193607
"X406",1.45498247289496
"X406",2.0997178757103
"X406",1.55631869027052
"X406",1.23760645047462
"X406",0.946938835965263
"X406",1.55279166201148
"X406",1.14349947745508
"X406",1.41868877698183
"X406",1.78271177077228
"X406",1.62761842653559
"X406",1.09603515952811
"X406",1.67157158570534
"X406",1.40238211315826
"X406",1.81664682840253
"X406",1.7073555387673
"X406",1.44747073486734
"X406",1.35820723217094
"X406",1.25643790537999
"X406",1.17984187078523
"X406",1.9204258855172
"X406",1.30464020183619
"X406",1.46874309244112
"X406",0.985717831406605
"X406",1.10466488962992
"X406",1.00785901733374
"X406",1.65921258283124
"X406",1.55648685849737
"X406",1.27183318824136
"X406",1.09279763305828
"X406",0.953005700635468
"X406",1.59815788890949
"X406",1.44136900272802
"X406",1.79979449902801
"X406",0.659555189005677
"X406",1.44585278756286
"X406",1.5166138218751
"X406",1.83359649119881
"X406",1.3539836015034
"X406",1.66428888756675
"X406",1.721432155755
"X406",1.45151787225045
"X406",0.859817118152566
"X406",1.30717505972498
"X406",1.22206598054354
"X406",-0.00858625225306233
"X406",1.18285589408723
"X406",1.50089177719449
"X406",0.939461103301528
"X406",1.48983881213486
"X406",1.49915101488082
"X406",1.01094870448115
"X406",1.29347208046898
"X406",1.88111977818923
"X406",1.23510733612112
"X406",1.20391584498628
"X406",1.54596163221676
"X406",1.04261709717815
"X406",1.2452062356403
"X406",1.15661862640047
"X406",1.50758098345072
"X406",1.57058619546841
"X406",0.79538198108558
"X406",1.57606763837376
"X406",1.12137077661321
"X406",1.38558333222369
"X406",1.38577733236415
"X406",1.5469482561278
"X406",1.04562510811826
"X406",1.2068024470622
"X406",2.10409192874987
"X406",0.814408273698737
"X406",1.63953970187347
"X406",1.61290072881749
"X406",1.53215139486498
"X406",1.60251884680413
"X406",1.30310937164122
"X406",1.65202087812426
"X406",1.13799265826899
"X406",1.52229811415638
"X406",1.31876224479597
"X406",1.8168461154882
"X406",1.2147751833649
"X406",1.6098075621175
"X406",0.771297483209183
"X406",1.2453484111592
"X406",1.43830933569572
"X406",1.34352345257731
"X406",1.63670630265978
"X406",1.49214331942369
"X406",1.52424494568502
"X406",1.4657845575421
"X406",0.81264091639569
"X406",1.34248286197498
"X406",1.13784655012222
"X406",1.5728946549071
"X406",1.41882457393657
"X406",1.44290830985027
"X406",1.36212923438291
"X406",1.30960322009794
"X406",1.20061290230295
"X406",1.62291665385216
"X406",1.34352908624851
"X406",1.99471867931656
"X406",1.02313470424089
"X406",1.03903386481193
"X406",1.05282786952211
"X406",1.01277019625641
"X406",1.45767664303757
"X406",1.9318967316168
"X406",1.45627310653927
"X406",1.51900915741222
"X406",1.61300118139843
"X406",1.29649590844473
"X406",1.4482282702588
"X406",0.818956089552287
"X406",1.33175816285179
"X406",1.16029753413643
"X406",1.59107966466483
"X406",1.39746051012211
"X406",1.37559261928487
"X406",1.35361538857922
"X406",1.56275473825233
"X406",1.17414095555906
"X406",1.48007501442904
"X406",1.2551737529893
"X406",1.23986684081093
"X406",1.35918987184271
"X406",1.32578904296309
"X406",2.04502771919759
"X406",1.79148567420003
"X406",0.924302858986272
"X406",1.24444587992345
"X406",1.51888215237573
"X406",1.49320532489175
"X406",0.777767366953232
"X406",0.97189479213126
"X406",1.50488963831305
"X406",2.0300413607154
"X406",1.34988474330863
"X406",1.58371560780085
"X406",1.53805698677618
"X406",-1.96611285637283
"X406",1.62975179272352
"X406",1.24906866656598
"X406",1.26962692818383
"X406",1.19145565902571
"X406",0.493153201237061
"X406",0.937657274908008
"X406",1.47746127165335
"X406",1.36975480057387
"X406",0.650200071070787
"X406",1.85710828057391
"X406",1.12624310738466
"X406",1.78867607614249
"X406",1.13374229700377
"X406",1.3420528927369
"X406",1.84409755588711
"X406",1.64635170250662
"X406",1.78951892996047
"X406",1.41231977452068
"X406",1.22726425268625
"X406",1.47307510804113
"X406",1.30449158723636
"X406",2.04093303228603
"X406",1.67778131596361
"X406",1.32278788565952
"X406",1.19370680638499
"X406",1.8586468592017
"X406",1.81965982433548
"X406",-1.96611285637283
"X406",1.16936535075108
"X406",0.465009175378063
"X406",1.55424579266724
"X406",0.956295539915734
"X406",0.749462498298817
"X406",1.92741295246096
"X406",2.06408368841012
"X406",1.15339265096264
"X406",1.78324596504215
"X406",1.97616089895096
"X406",1.14461195435232
"X406",1.30451626600465
"X406",1.04693892193941
"X406",1.64515846136331
"X406",1.69072371536871
"X406",1.4629689596659
"X406",-0.0176232212872263
"X406",1.57653117844077
"X406",0.843476938321539
"X406",1.35174769693985
"X406",0.60048053085253
"X406",1.48189954152662
"X406",1.57029536130927
"X406",1.35318044141277
"X406",1.81932147057439
"X406",1.19526330284519
"X406",0.686890224542187
"X406",1.64977543711541
"X406",0.955990700864057
"X406",1.34643653047683
"X406",1.49116358243098
"X406",1.90120808988594
"X406",2.02041094960863
"X406",1.51107859289517
"X406",1.74316314161279
"X406",0.882429879198162
"X406",1.19049248715147
"X406",0.89016127249076
"X406",1.28052254469626
"X406",1.3876316577754
"X406",1.1070961577608
"X406",1.40280031275316
"X406",1.2834721477583
"X406",1.63832255792075
"X406",1.55048369644145
"X406",1.64962723635252
"X406",1.7261115437725
"X406",1.54895682722821
"X406",1.45854103563959
"X406",1.42174957842247
"X406",1.87814202342927
"X406",-0.0108725487064892
"X406",1.31302451759652
"X406",1.09233768206323
"X406",0.963663089810507
"X406",1.19795045092363
"X406",1.48195079156232
"X406",1.4523514950615
"X406",2.17204631157735
"X406",1.409756362136
"X406",1.49007167985458
"X406",1.64475196005166
"X406",1.77870601625757
"X406",1.74794416013664
"X406",1.78218987759566
"X406",1.50904868957432
"X406",1.75115406332561
"X406",1.36975343379204
"X406",1.13678810878171
"X406",1.79273922040237
"X406",1.61561252383784
"X406",0.812996973398148
"X406",1.77048664650483
"X406",1.65843868901386
"X406",1.48777514544954
"X406",1.27377556602892
"X406",1.21448608700465
"X406",1.25112448819627
"X406",0.785763506409203
"X406",0.758655829163095
"X406",1.3232823883489
"X406",0.791571014025467
"X406",1.32886166121412
"X406",0.00537754859424347
"X406",1.53077594660703
"X406",0.88661191789785
"X406",1.14890007848944
"X406",1.66197231788128
"X406",0.475555499177213
"X406",1.42868875290492
"X406",1.83712339093068
"X406",1.78844686265138
"X406",0.875213876688761
"X406",1.28683983655656
"X406",1.67974611534682
"X406",1.33020973834914
"X406",1.87745384570089
"X406",1.22914615883564
"X406",1.65014413953908
"X406",1.29277726717742
"X406",1.50994518289955
"X406",1.54212669649858
"X406",0.476939365501915
"X406",0.475530990928773
"X406",1.056473392856
"X406",1.69906756679184
"X406",1.55941942998104
"X406",1.87651935064856
"X406",1.60867650695626
"X406",0.993448055119919
"X406",1.62505585199772
"X406",1.05612551545373
"X406",1.32825014676738
"X406",1.55102609696398
"X406",0.867576351562623
"X406",0.950428470495669
"X406",1.42146289987443
"X406",0.810137569777843
"X406",1.31101974233933
"X406",0.566383547348314
"X406",1.93493332165608
"X406",-0.636019283983843
"X406",1.39818175464327
"X406",1.55992425661034
"X406",1.10156372944194
"X406",1.24459940141564
"X406",1.09438549244712
"X406",0.982168663819719
"X406",1.05253734185019
"X406",1.36377617588136
"X406",1.66844486748889
"X406",1.52479703666615
"X406",1.58764013988903
"X406",1.35760783086416
"X406",1.42585387952237
"X406",1.97475973345597
"X406",1.23806694267794
"X406",0.498205829416199
"X406",0.780750315589033
"X406",1.09511848385287
"X406",0.967725875763614
"X406",0.978765987425449
"X406",0.102945085235835
"X406",1.93829135101304
"X406",1.91597645455766
"X406",1.59288535833066
"X406",1.2715153753009
"X406",1.57025488327214
"X406",1.55648685849737
"X406",1.0718813531192
"X406",1.59915130766843
"X406",1.66047430224915
"X406",0.87646698360184
"X406",1.65023906752424
"X406",1.31542143591891
"X406",1.32127599598344
"X406",1.60043344029833
"X406",1.26099076486183
"X406",1.51246310727106
"X406",1.30294771996004
"X406",1.07637498592196
"X406",1.46773147728836
"X406",1.64944248877223
"X406",1.55796160261311
"X406",1.36012284762417
"X406",1.26043287122272
"X406",1.04387718678097
"X406",1.65012856272412
"X406",0.289857388525281
"X406",1.16596768501535
"X406",1.7134987513736
"X406",1.39383755465164
"X406",0.927577086612475
"X406",1.63729316809758
"X406",1.50917645071313
"X406",1.7098736140136
"X406",1.3579655574629
"X406",1.54903084685875
"X406",1.09269439824999
"X406",1.68175783919501
"X406",2.0825517362277
"X406",1.37174647184102
"X406",1.17293877018104
"X406",1.33685458963596
"X406",1.60226991576207
"X406",1.56331429444874
"X406",1.44232700513322
"X406",1.80040609289793
"X406",1.99764700335979
"X406",1.84951019182886
"X406",1.56008230901571
"X406",1.49578947321652
"X406",1.86698006492631
"X406",1.33915355201433
"X406",1.66051072276908
"X406",0.379796851960511
"X406",1.70487512052985
"X406",1.73852991258791
"X406",1.06759418314206
"X406",1.67386116343196
"X406",1.12745332550292
"X406",1.59608872329901
"X406",1.53804830999541
"X406",1.41738485979187
"X406",1.055663811938
"X406",1.88568901481375
"X406",0.954679186894411
"X406",1.2211996685623
"X406",1.15359080302347
"X406",1.17550189159163
"X406",1.22853396127201
"X406",1.35931244922974
"X406",1.30401693007593
"X406",0.99796988531487
"X406",1.46795499005111
"X406",0.683075968561996
"X406",0.988169439454053
"X406",1.15128712561597
"X406",1.38613157507893
"X406",0.821491656580513
"X406",1.79572100831828
"X406",0.618089348841411
"X406",1.50447293053139
"X406",1.4583152013853
"X406",1.70485137438118
"X406",1.49703016593418
"X406",0.588090952270587
"X406",1.47677287890301
"X406",1.00605188990801
"X406",1.80404378087812
"X406",1.28648624545323
"X406",1.2558155813475
"X406",1.43399880263616
"X406",0.0985075573820954
"X406",1.23888836846533
"X406",1.51098891599722
"X406",1.37870401383855
"X406",0.867863161852683
"X406",1.52814706756118
"X406",2.05779307882584
"X406",1.79256238528968
"X406",1.48876711585508
"X406",1.91757300210752
"X406",1.2841564791671
"X406",1.32454857481657
"X406",1.43981237839621
"X406",1.73568717139916
"X406",1.60302854226885
"X406",1.46366527003909
"X406",1.48565599313454
"X406",1.58626909052536
"X406",1.18121515315691
"X406",1.18254829440203
"X406",1.47121955609323
"X406",1.39354224819707
"X406",0.848164082831085
"X406",-0.143750076033281
"X406",1.47477741653135
"X406",1.68726930209823
"X406",1.60188216836445
"X406",-0.00398412954528252
"X406",1.81958736974558
"X406",1.21980769412959
"X406",1.35682435990833
"X406",1.30334814514728
"X406",1.22830814080181
"X406",1.44714956908816
"X406",1.56142722093482
"X406",0.606251464761139
"X406",1.50484773553505
"X406",1.29934081341259
"X406",1.1286596969183
"X406",0.345549937553929
"X406",2.22816513204676
"X406",1.53396641716874
"X406",1.2647755704991
"X406",1.22206598054354
"X406",1.10838445323002
"X406",0.243816254741783
"X406",1.21181579097241
"X406",1.30158180090627
"X406",1.46717034660801
"X406",1.2643442242018
"X406",1.85174494629416
"X406",1.73276960092865
"X406",0.946704244757046
"X406",1.02732878100412
"X406",1.21356909366482
"X406",-0.922221567325951
"X406",1.55932832552
"X406",0.890337387980282
"X406",1.42478838298604
"X406",1.16767804849955
"X406",0.707987781405789
"X406",1.5544265793505
"X406",1.18393361658753
"X406",0.561787197118631
"X406",1.38712535860415
"X406",1.58937810459515
"X406",0.968991975893016
"X406",1.77251317596168
"X406",1.18264566122338
"X406",1.2691750125244
"X5",-1.90823394712936
"X5",-2.01911445479716
"X5",-0.449744703465985
"X5",-1.15408390790242
"X5",-0.73361859068992
"X5",-0.360551751347774
"X5",-0.573575181467542
"X5",-0.29864490700289
"X5",-1.63863888300207
"X5",-0.97749998420839
"X5",-0.982465681879599
"X5",-0.932565677619839
"X5",-0.665293269011791
"X5",-1.13221263221346
"X5",-1.52996675860151
"X5",-1.61853983303275
"X5",-0.986925391286012
"X5",-0.450279722239812
"X5",-1.74016889264086
"X5",0.0075464792
"X5",-0.051369299
"X5",-1.04305414513226
"X5",-1.05175998734482
"X5",-1.11736869918548
"X5",-0.67357165235006
"X5",-0.605824734390993
"X5",-0.40447917
"X5",0.069496284
"X5",-0.599428535773906
"X5",-0.629751839982764
"X5",-0.775200413552202
"X5",-1.29137653420714
"X5",-0.625967355288035
"X5",-1.21153698686041
"X5",-0.886639387940343
"X5",-1.10672943801585
"X5",-0.689359313933873
"X5",-1.41452969306265
"X5",-0.893200489135574
"X5",-0.92780290820796
"X5",-0.788603232902735
"X5",-1.22755680155274
"X5",-0.696563934520574
"X5",-1.84455898305181
"X5",-0.950040420645381
"X5",-0.820510213134655
"X5",-1.09403722308719
"X5",-1.83687820203851
"X5",-0.617934354361342
"X5",-0.705758370010897
"X5",-1.16943488586956
"X5",-1.01287997681511
"X5",-1.64874077450221
"X5",-0.785885026805305
"X5",-0.454325542005806
"X5",-0.858573282406929
"X5",-1.6183967233103
"X5",-1.5732689083985
"X5",-1.65705165607869
"X5",-0.889818666839923
"X5",0.048295045
"X5",-0.915087334103455
"X5",-0.567765566048835
"X5",-0.769840283640074
"X5",-0.990008919060069
"X5",-0.685391957779459
"X5",-0.819258263396177
"X5",-1.41825239678934
"X5",-1.17475665006029
"X5",-0.627559718781647
"X5",-1.11873200982175
"X5",-1.17845051421291
"X5",-1.22823981577569
"X5",-1.00975034836331
"X5",-1.88790058766691
"X5",-1.71631715659896
"X5",-0.19572441
"X5",-1.62393719216789
"X5",-1.07424444842237
"X5",-0.823198633393969
"X5",-0.991551588054357
"X5",-0.971740486285846
"X5",-0.349745574631664
"X5",-0.656013532656139
"X5",-1.24802746451765
"X5",-1.25778158178103
"X5",-1.79378537056873
"X5",-1.23835778742273
"X5",-0.896862755428568
"X5",-0.938701523744839
"X5",-1.25343542084626
"X5",-0.768989462921931
"X5",-1.62453518104763
"X5",-1.42938375134471
"X5",-1.30769984912214
"X5",-0.653749243480408
"X5",-1.51300602332241
"X5",-0.045979988
"X5",-1.3903179035829
"X5",-0.659322100399048
"X5",-0.605611699714486
"X5",-1.23338369990809
"X5",-0.483855108154491
"X5",-0.792368827701012
"X5",-1.88569902696717
"X5",0.0025712003
"X5",-0.809644674730629
"X5",-1.68928942964665
"X5",-0.739390044582476
"X5",-0.926202579696897
"X5",-1.16810540704679
"X5",-0.795883875259111
"X5",-0.945511295317502
"X5",-0.903867007204077
"X5",-0.865721553817219
"X5",-1.22625968927893
"X5",-0.262020538259786
"X5",-1.55914262214616
"X5",0.03263095
"X5",-0.601712284686394
"X5",-0.983943215026748
"X5",-1.66112948935908
"X5",-0.511526639559002
"X5",-0.557011102061827
"X5",-0.326133189940782
"X5",-0.504326993287594
"X5",-1.42544279126539
"X5",-0.691333363737662
"X5",-1.61515449902366
"X5",-1.36229491524415
"X5",-1.84665365656497
"X5",-0.961966600483299
"X5",-1.06724415633057
"X5",-0.6145277703322
"X5",-1.37628814611562
"X5",-0.408260029916018
"X5",-0.652035479400944
"X5",-0.894824447364117
"X5",0.090565101
"X5",-1.17736418880457
"X5",-0.974256594967811
"X5",-0.724839418200052
"X5",-0.887967192655077
"X5",-0.957646334432715
"X5",-1.04983425251195
"X5",-0.702401791895725
"X5",-0.696791188935935
"X5",-1.48168731159242
"X5",-0.731451558367291
"X5",-0.770771853351373
"X5",-1.35280303306708
"X5",0.1116452
"X5",-1.81082615171577
"X5",-1.5336131361816
"X5",-1.19121128622401
"X5",-0.585942717253905
"X5",-1.28499455929035
"X5",-0.787499546497179
"X5",-0.96024174653619
"X5",-1.47811896192509
"X5",-0.683648533885172
"X5",-1.22621444668794
"X5",-1.308594242619
"X5",-1.35825769149485
"X5",-0.711233376996428
"X5",-0.170057784030006
"X5",-0.868122265238281
"X5",-0.261238934480636
"X5",-1.79097211164441
"X5",-0.883582287701896
"X5",-0.030177265
"X5",-0.735832667437664
"X5",-0.87798262384613
"X5",-0.874343452142712
"X5",-0.891708657415507
"X5",-1.06992504704674
"X5",-1.62816447433034
"X5",-1.23079792414979
"X5",-0.523017731110099
"X5",-1.439540566042
"X5",0.040949588
"X5",-0.521972042831231
"X5",-0.743549004419915
"X5",-0.989834853386062
"X5",-0.891645994968443
"X5",-1.41652996730047
"X5",-1.10203737059311
"X5",-1.74708577884088
"X5",-1.21699365358177
"X5",0.077841629
"X5",-1.13901568857236
"X5",-0.814341560406253
"X5",-0.635309651762083
"X5",-0.830455336671736
"X5",-1.09145678609021
"X5",-1.48177468440435
"X5",-0.14980137
"X5",-1.39012358442212
"X5",-0.645983455641259
"X5",-1.2050306169827
"X5",-1.78604907574517
"X5",-0.825308183386563
"X5",-1.1994136700232
"X5",-1.05350577981979
"X5",0.090090866
"X5",-0.838267832558068
"X5",-0.746229860129439
"X5",-1.35603622638179
"X5",-1.18075350728772
"X5",-0.993483248033796
"X5",-1.79221800965821
"X5",-0.209835469649973
"X5",-1.28523402593478
"X5",-0.819208951617943
"X5",-1.07625564237422
"X5",-0.468294629590929
"X5",-1.02503044975045
"X5",-1.88466497919346
"X5",-0.815399041997886
"X5",-0.477064491795353
"X5",-0.851832348511064
"X5",-0.891843473706654
"X5",-0.134686135783134
"X5",-1.3862821271063
"X5",-1.14900721024976
"X5",-1.74172520250457
"X5",-1.04155558560345
"X5",-0.460411478513896
"X5",-0.418968231600614
"X5",-0.010561644
"X5",-1.75699869935137
"X5",-0.014228266
"X5",-1.09878582978576
"X5",-0.885161626161739
"X5",-0.459458689085875
"X5",-0.0625708
"X5",-0.971186794197362
"X5",-1.13125947159968
"X5",-1.67784188884399
"X5",-1.11081023379523
"X5",-0.729164131510087
"X5",-1.18189329688199
"X5",-0.684735435573104
"X5",-1.72038038307877
"X5",-0.666691983165999
"X5",-1.09319651251869
"X5",-1.00575023342314
"X5",-0.966555350863847
"X5",-1.02281207493307
"X5",-0.580782553522373
"X5",-1.12507259571086
"X5",-2.1803674602698
"X5",-1.10443596829579
"X5",-0.61420878217529
"X5",-1.13970340331046
"X5",-1.04902072823551
"X5",-0.94324342957178
"X5",-0.646067753368643
"X5",-1.39982649085661
"X5",-1.07619663438575
"X5",-1.41749314797619
"X5",-1.66565800252318
"X5",-0.539419077806899
"X5",-0.901381731372224
"X5",-1.00769504498658
"X5",-1.40124437371519
"X5",-1.09434628577467
"X5",-0.734385638140065
"X5",-0.852414344946927
"X5",-0.788573810564125
"X5",-0.15243511
"X5",-1.14379915950241
"X5",-1.28637269580655
"X5",-0.943177380559401
"X5",-0.079330917
"X5",-0.946910414601629
"X5",-2.1803674602698
"X5",-1.04201321624924
"X5",-1.09326343099486
"X5",-0.995481404631836
"X5",-0.994564183402467
"X5",-1.70862059650411
"X5",-1.37212902266817
"X5",-0.907713265510869
"X5",-0.690639542604136
"X5",-1.571316540624
"X5",-0.601136638639762
"X5",-0.595496783140818
"X5",-1.20867740462057
"X5",-1.73730442185609
"X5",-0.697722174655125
"X5",-1.15007980951833
"X5",-0.081021053
"X5",-0.796270581384753
"X5",-1.06213517267817
"X5",-1.67867495322569
"X5",-0.731888151510109
"X5",-0.881207683356969
"X5",-0.963803633563033
"X5",-0.21140131
"X5",-0.16402794
"X5",-1.146671265027
"X5",-0.658812173879187
"X5",-0.874615965394986
"X5",-0.821315327910083
"X5",-1.23913294741818
"X5",-0.558164043927553
"X5",-0.215787584658033
"X5",-0.645614364574831
"X5",-1.69970802596209
"X5",-1.07830608010651
"X5",-0.673801391338884
"X5",-1.93834056162817
"X5",-1.23399579336975
"X5",-1.11639819717621
"X5",-1.54916060814205
"X5",-0.472813407452266
"X5",-1.10152702032373
"X5",-0.316654146093588
"X5",-0.924385811521343
"X5",-1.6785293916038
"X5",-1.69350228165832
"X5",-0.976247466237638
"X5",-1.04682478392398
"X5",-1.50563424135212
"X5",-0.448962038949298
"X5",-0.477550809061851
"X5",-0.180051797594821
"X5",-0.785150946881109
"X5",-0.70951614388061
"X5",-0.096384597
"X5",-1.4549927215318
"X5",-0.99932296072311
"X5",-0.90168501099591
"X5",-2.1803674602698
"X5",-0.046205575
"X5",-0.956056287185448
"X5",-1.21561130268856
"X5",-0.087934559
"X5",-1.43840488000083
"X5",-0.809906912590471
"X5",-0.555328801757318
"X5",-0.938440906502731
"X5",-0.563748373075271
"X5",-0.473809946484164
"X5",-1.6081663638187
"X5",-0.742913739854344
"X5",-1.04725850993648
"X5",-1.67831204975364
"X5",-1.1132982638756
"X5",-1.64317543475497
"X5",-0.848010083642853
"X5",-1.16633496252806
"X5",-0.45806252974913
"X5",-0.776258673410713
"X5",-1.20978835169773
"X5",-0.722128916618255
"X5",-0.667131119139549
"X5",-0.656345827472832
"X5",-0.524008729881927
"X5",-0.65552528780414
"X5",-1.15495001407766
"X5",-0.966376990371283
"X5",-1.22909555113924
"X5",-0.3258537
"X5",-0.740248208677892
"X5",-1.23226073644394
"X5",-0.867710130723432
"X5",-1.05241415048894
"X5",-1.64215836359339
"X5",-0.419449497532455
"X5",-0.322858862891392
"X5",-0.945146490851793
"X5",-1.01987619472987
"X5",-0.90108156292932
"X5",-0.740264023079076
"X5",-0.998700225338311
"X5",-0.821715782237604
"X5",-0.900855501036367
"X5",-0.46037476203167
"X5",0.073493873145747
"X5",-0.773280524338732
"X5",-1.65135231799892
"X5",-1.78367568460683
"X5",0.038481834
"X5",-1.52462035686388
"X5",-0.8617047052009
"X5",-1.36962021890088
"X5",-0.616012765921792
"X5",-0.572739967459311
"X5",-1.05871622994464
"X5",-0.905852289153024
"X5",-1.64515431227818
"X5",-1.75335129888975
"X5",-0.820508686765551
"X5",-1.19533367864653
"X5",-0.905041982961647
"X5",-1.14754724733952
"X5",-0.898901093216165
"X5",-1.13070196186323
"X5",-0.341348808048291
"X5",-1.24140729511725
"X5",-0.762705546379359
"X5",-0.676554785108941
"X5",-0.521325362573887
"X5",-0.612578745549354
"X5",-0.919888420493346
"X5",-0.494997678626226
"X5",-0.617101099863836
"X5",-0.990009417005164
"X5",-0.667406611925401
"X5",-0.581178627076308
"X5",-0.875554336452201
"X5",-1.03320976704343
"X5",-1.05985597167533
"X5",-1.10112444305359
"X5",-0.74515215303899
"X5",-0.622784648405367
"X5",-1.71388754894854
"X5",-0.801795231379754
"X5",-1.18039206747771
"X5",-0.758905553289387
"X5",-0.977725994880536
"X5",-0.874252490394851
"X5",-0.632680207880016
"X5",-0.879420127168357
"X5",-0.028504233
"X5",-0.693995991732225
"X5",-0.433290192004775
"X5",-1.00394184157123
"X5",-1.56519701601242
"X5",-1.34989541590185
"X5",-1.34439556689943
"X5",-0.425436962059622
"X5",-1.80395157079678
"X5",-0.760498718168923
"X5",-1.91797826438641
"X5",-1.88000910008738
"X5",-1.67657825334154
"X5",-1.76782505835082
"X5",-0.41497718
"X5",-1.69071243644598
"X5",-0.0481896240176977
"X5",-0.155769815610213
"X5",-1.59340788812873
"X5",-1.12926281139833
"X5",-1.10631376347736
"X5",-0.817777422608678
"X5",-0.972932416291043
"X5",-0.12466015
"X5",-0.610733706831151
"X5",-0.881560044953166
"X5",-1.07823671830035
"X5",-0.614518288464816
"X5",0.031063505
"X5",-0.598277182602786
"X5",-0.976431586369757
"X5",-0.716135847475467
"X5",-0.644138916883667
"X5",-0.590091985787893
"X5",-0.905931973404879
"X5",-0.662384934869266
"X5",-0.515790277312928
"X5",-0.10193519
"X5",-0.68899067161588
"X5",-0.827257487634269
"X5",-0.817243543153585
"X5",-0.13440971
"X5",-0.913353770549912
"X5",-0.733022903282245
"X5",-1.3875545562702
"X5",-0.926631012659497
"X5",-0.660936080511898
"X5",-1.21266648313343
"X5",-1.03728482527757
"X5",-0.704054433651754
"X5",-1.15138306673125
"X5",-1.67940933023834
"X5",-0.812610972394728
"X5",-1.36137813154131
"X5",-0.629418042016989
"X5",-1.19351280175555
"X5",-0.749141576404936
"X5",-0.666103240851486
"X5",-0.790169755787976
"X5",-1.20758709764523
"X5",-0.774820348135996
"X5",-1.30440242130599
"X5",-1.09150776853092
"X5",-1.26444405788167
"X5",-1.04419421979503
"X5",-0.707777758947884
"X5",-0.934745495639881
"X5",-0.677959796644707
"X5",-1.58189491114257
"X5",-1.57902478266042
"X5",0.072608463
"X5",-0.791183083714617
"X5",-1.70268535990613
"X5",-1.19088080217713
"X5",-1.43886461829861
"X5",-0.303350871523341
"X5",-1.33765296541939
"X5",-0.918098065028441
"X5",-0.643004947467855
"X5",-0.741549028249109
"X5",-0.866047438368349
"X5",-0.044013224
"X5",-1.74088234556033
"X5",-0.65994236644203
"X5",-0.790442267762223
"X5",-2.06144893615837
"X5",-0.465405734712225
"X5",-0.767427689887915
"X5",-1.01841258360153
"X5",-1.1768088831891
"X5",-0.19011934
"X5",-1.08959082634356
"X5",-1.82758634729428
"X5",-1.0062557021449
"X5",-1.35590739114571
"X5",-0.139605
"X5",-0.374218983539434
"X5",-0.678105037586865
"X5",-0.860200501115403
"X5",-1.18519168828125
"X5",-1.145208781864
"X5",-1.71158262290507
"X5",-1.48564784389395
"X5",-1.08201088013043
"X5",-0.675108883136112
"X5",-1.41462415813963
"X5",-1.22911423212818
"X5",-1.83977192324289
"X5",-1.33672533227094
"X5",-0.712361637933088
"X5",-0.5646660687975
"X5",-0.913593399561915
"X5",-0.953637270786182
"X5",-1.13499144572692
"X5",-1.89861392214264
"X5",-0.199839348529943
"X5",-0.562972712411553
"X5",-1.72556579342554
"X5",-1.85995150211617
"X5",-0.590695994487018
"X5",-0.636037029068109
"X5",-1.45048787658409
"X5",-1.02835301921517
"X5",-0.841523149158141
"X5",-1.80461800438646
"X5",-0.827600209073243
"X5",-1.85855766282098
"X5",-0.918733970118801
"X5",-0.863457556644592
"X5",-0.483997331031583
"X5",-0.445769527730426
"X5",-1.83398335593371
"X5",-1.09898741742509
"X5",-0.731863689634533
"X5",-1.06372531810716
"X5",-0.989147757352859
"X5",-0.845900611065081
"X5",-0.454872839560606
"X5",-0.521464243511784
"X5",-1.44469017834172
"X5",-1.28314867230414
"X5",-0.89179554513203
"X5",-1.13640520448128
"X5",-0.655195452756594
"X5",-1.71999259863607
"X5",-1.07263728444347
"X5",-0.915947864551502
"X5",-1.84619939984977
"X5",-0.694647001178396
"X5",-0.324793309142602
"X5",-0.999519550854066
"X5",-0.388110062808783
"X5",-1.17174810416689
"X5",-1.28133244999839
"X5",-0.06546238
"X5",-0.860301429275421
"X5",-2.1803674602698
"X5",-0.058861238
"X5",-0.907848019692056
"X5",-0.834076499142603
"X5",-0.768751490011844
"X5",-0.795471709300957
"X5",-1.15935870441885
"X5",-0.768915449049958
"X5",-1.42884349668456
"X5",-1.03629593177088
"X5",-1.87975721750173
"X5",-0.054315093
"X5",-0.770052302026342
"X5",-0.46761862
"X5",0.18918103
"X5",-1.38307934664528
"X5",-1.10964133913144
"X5",-1.10768293347822
"X5",-0.88340130109417
"X5",-1.23724330337503
"X5",-0.769387278380688
"X5",-0.952180676760006
"X5",-0.305621683212178
"X5",-1.44791274295604
"X5",-1.06954314081007
"X5",-0.793318429369424
"X5",-1.00220618359576
"X5",-1.05055434734388
"X5",-0.70427895923479
"X5",-1.12552397824758
"X5",-0.979335789924822
"X5",-0.812549498488622
"X5",-1.32236364018325
"X5",-2.03746179564151
"X5",-1.41987021862243
"X5",-1.64270075345641
"X5",-0.720962744481606
"X5",-1.29070816964249
"X5",-0.411779403623424
"X5",-1.1774533773084
"X5",-1.18940976835569
"X5",-0.439718178063056
"X5",-1.09755762856034
"X5",-1.28991229972464
"X5",-1.68307253650372
"X5",-0.20376389
"X5",-0.640156632700714
"X5",-0.954060536959726
"X5",-0.865521328616679
"X5",-0.986720413288802
"X5",-0.809697912431283
"X5",-0.701741830036314
"X5",-1.7437694385812
"X5",-1.36372797478423
"X5",-1.80303986923904
"X5",-1.03463075136176
"X5",-0.77084078023483
"X5",-0.331694691026608
"X5",-0.480162640968604
"X5",-0.742301627760434
"X5",-0.710185759354465
"X5",0.031884441
"X5",-0.913663483287047
"X5",-0.785000653716955
"X5",-1.73633159280757
"X5",-1.02054731318974
"X5",-1.12554807333421
"X5",-0.708158453003292
"X5",-0.818563200648437
"X5",-0.885191016685588
"X5",-0.93783482585552
"X5",-0.724656899714977
"X5",-0.319860816708595
"X5",-0.97605120010592
"X5",-0.349538547546725
"X5",0.034685712
"X5",-0.963010684796065
"X5",-1.09235571666472
"X5",-1.04022319005945
"X5",-0.853143140915538
"X5",-1.11303464021529
"X5",-0.379383388292812
"X5",-0.3076099776125
"X5",-1.57145251656206
"X5",-0.60142861123173
"X5",-0.032252253
"X5",-0.329036827010575
"X5",-0.678390766894992
"X5",-1.11843520285401
"X5",-0.91895153813482
"X5",-0.602452096041608
"X5",-0.781366458702412
"X5",-0.930265084477886
"X5",-1.16738954276706
"X5",-1.0910934766079
"X5",-0.890185620940064
"X5",-0.512253017776853
"X5",-0.228331299985452
"X5",-1.1466902357026
"X5",-0.0081896057
"X5",-1.1818836722229
"X5",0.037424895
"X5",-1.00605453794759
"X5",-0.591822181239024
"X5",-0.703532780481316
"X5",-0.46175550780221
"X5",-1.01663698030563
"X5",-1.80589771158029
"X5",-0.702207758406159
"X5",-2.1803674602698
"X5",-0.861773930537162
"X5",-0.302993989294737
"X5",-0.935565284275584
"X5",-1.78573281318356
"X5",-0.761014241580781
"X5",-0.673745490441056
"X5",-1.66990162774492
"X5",-1.00352090154953
"X5",-1.11747197587605
"X5",-0.926968016355786
"X5",-0.842755215864744
"X5",-1.20164971146448
"X5",-1.49748405207046
"X5",-1.57251398389738
"X5",-0.751499744145702
"X5",-0.20123441
"X5",-0.377893734663766
"X5",-1.2746472683014
"X5",-0.23241399623816
"X5",-0.417963150753718
"X5",-1.02601921311373
"X5",-1.17854399380717
"X5",-0.674744734830099
"X5",-0.845166108028786
"X5",-0.499690257087349
"X5",-1.00368991335326
"X5",-0.406453278580961
"X5",-0.955048787741695
"X5",-1.57468112761073
"X5",-1.30683437949633
"X5",-0.617217518743205
"X5",-1.8751021189479
"X5",-0.812696374716001
"X5",-0.908916084991106
"X5",-1.13481602907794
"X5",-1.15779360598286
"X5",-0.13838052
"X5",-0.794325195021673
"X5",-0.929110703069176
"X5",-1.02642293586034
"X5",-1.22099382283253
"X5",-1.08176447193381
"X5",-0.768394478631764
"X5",-1.09362034345436
"X5",-1.11019553690888
"X5",-1.58865358492462
"X5",-1.77376163972685
"X5",-0.933067405935696
"X5",-1.02152365021566
"X5",-1.024146704656
"X5",-0.74094695893086
"X5",-1.03468391242705
"X5",-1.33382032726845
"X5",-0.566222911281484
"X5",-1.05934961256539
"X5",-0.382394708942774
"X5",-0.73753968595698
"X5",-0.661268306364312
"X5",-1.06037043940666
"X5",-0.777527638994918
"X5",-0.673376067407803
"X5",-0.338120148036091
"X5",-0.858915946063478
"X5",-0.736684320516145
"X5",0.46618108
"X5",-0.361376136588539
"X5",-0.680452263471668
"X5",-1.08654348774346
"X5",-0.817880011029994
"X5",-0.954172276813113
"X5",-0.602425525514081
"X5",-0.517042278705475
"X5",-1.0561069110463
"X5",-0.535970745756549
"X5",-0.2652392
"X5",-0.738158092542167
"X5",-0.929268311918628
"X5",-1.86019459990401
"X5",-0.608736828484662
"X5",-0.896834360228711
"X5",-1.37815396032147
"X5",-0.50997398558676
"X5",-1.71317312094167
"X5",-1.09106140366419
"X5",-0.2332027
"X5",-1.252098027118
"X5",-1.27747129738639
"X5",-0.596142477362019
"X5",-1.03745478672969
"X5",-0.620659538145465
"X5",-0.928988606970465
"X5",0.095450814
"X5",-1.74603802557512
"X5",-0.838597937266956
"X5",-0.536698374330904
"X5",-0.540093685375356
"X5",-1.2646522593882
"X5",-0.21442137
"X5",-1.1133583529051
"X5",-1.64699317331482
"X5",-0.722653566143157
"X5",-0.57616903192493
"X5",-1.66315883039462
"X5",-1.68699169762372
"X5",-0.21177589
"X5",-0.739370384328774
"X5",-1.40295264222235
"X5",-1.54757408869472
"X5",-1.18104327034815
"X5",-1.4568046121597
"X5",-1.3514252398558
"X5",-1.23653153784703
"X5",-1.43930433839612
"X5",-0.584667832329295
"X5",-1.18251701415093
"X5",-1.19546631018757
"X5",-1.33048641444931
"X5",-1.23266204615279
"X5",-1.14125187685427
"X5",-0.628024210755103
"X5",-0.722953192815622
"X5",-0.695997531337799
"X5",-0.913752716593995
"X5",-1.96799774525944
"X5",-0.960276918427679
"X5",-0.782128553136051
"X5",-0.486597994394576
"X5",-0.939787209541412
"X5",-0.878887728809311
"X5",-0.865563532878728
"X5",-0.701832959741815
"X5",-0.995422778058369
"X5",-2.00476284714364
"X5",-0.97843565053064
"X5",-1.39005594114793
"X5",-1.07103183048363
"X5",-1.03203309854699
"X5",-1.16234391214763
"X5",-0.923787486296169
"X5",-0.685338021194663
"X5",-1.01840933183585
"X5",-0.774208897101836
"X5",-0.646235174354348
"X5",-1.78588214288716
"X5",-1.1650333919454
"X5",-1.13409010761782
"X5",-0.555322902336855
"X5",-0.498660454607156
"X5",-0.667921209776074
"X5",-1.16343070334795
"X5",0.13425323
"X5",-1.25780039324748
"X5",-0.974389299379674
"X5",-0.28393226
"X5",-1.7609118924429
"X5",-1.65912966076798
"X5",-0.648249337116443
"X5",-0.598110646371856
"X5",-1.04177751687569
"X5",-1.92465633091447
"X5",-1.53971091908768
"X5",-1.03028261570065
"X5",-1.1152076414784
"X5",-1.86684750851262
"X5",-0.667160427690304
"X5",-0.67682187682927
"X5",-0.44169876431909
"X5",-0.66983952947568
"X5",-0.012057372
"X5",-0.806431686781678
"X5",-0.848053839765508
"X5",-0.965824836195116
"X5",-0.727615242015417
"X5",-0.415333550316941
"X5",-0.492076622251499
"X5",-2.1803674602698
"X5",-0.851981566519759
"X5",-0.615213411952171
"X5",-0.34747537899157
"X5",-0.916465252279168
"X5",-0.964223223170511
"X5",-1.68266441336152
"X5",-1.84800985260127
"X5",-1.39720915942504
"X5",-0.990941622787191
"X5",-1.68182970935001
"X5",-0.411082186556406
"X5",-0.300584510623194
"X5",-1.17463698365058
"X5",-0.22496903
"X5",-0.367607914933544
"X5",-0.450832218250283
"X5",-0.669234904542342
"X5",-0.023829197
"X5",-1.06099987220818
"X5",-1.72871731048571
"X5",-1.04355076308375
"X5",-0.590299205157129
"X5",-0.807992799392893
"X5",-0.063571574
"X5",-1.15306832494096
"X5",-0.78805235142769
"X5",-0.713529029822267
"X5",-0.975360732053963
"X5",-1.09364313396131
"X5",-1.38369686054399
"X5",-1.28563337530065
"X5",-0.624693464991165
"X5",-0.11795222
"X5",-1.9707608199594
"X5",-0.903444328945926
"X5",-1.14566140928318
"X5",-0.687988080616767
"X5",-0.871512144570237
"X5",-0.743875851536505
"X5",-1.62360204060028
"X5",-0.549872631465927
"X5",-0.79963601410509
"X5",-1.15749257849259
"X5",-0.714758632281864
"X5",0.023260056
"X5",0.17595033
"X5",-1.27437916152577
"X5",-1.39470554826809
"X5",0.24474408
"X5",-0.756599457791858
"X5",-1.78493331013537
"X5",-0.616078785752806
"X5",-0.846235698153014
"X5",-2.00707062285896
"X5",-1.27838164665302
"X5",-0.872688746289565
"X5",-0.526788889108658
"X5",-1.68273254269691
"X5",-0.845432942356422
"X5",-0.962266996578765
"X5",-0.500392160689519
"X5",-1.04545067830219
"X5",-0.542044739371663
"X5",-0.338798624919881
"X5",-0.645432862984265
"X5",-1.94475264840856
"X5",-0.733014542897526
"X5",-2.04669161367175
"X5",-0.754057172275672
"X5",-1.11301023545133
"X5",-1.09134718887664
"X5",-0.862780250088979
"X5",-1.5651611522564
"X5",-0.645662379820376
"X5",-0.719260371281689
"X5",-1.45601664415659
"X5",-0.840012929148725
"X5",-2.1803674602698
"X5",-0.744562732259024
"X5",-0.983732792213455
"X5",-0.838559189811104
"X5",-0.408110093712358
"X5",-1.01133124420178
"X5",-1.15339558289243
"X5",-1.33971214242542
"X5",-0.454809800963572
"X5",-0.894106865436921
"X5",-0.877563782319452
"X5",-1.41136395255164
"X5",-0.242768860239903
"X5",-0.730668446567538
"X5",-0.592321878822995
"X5",-1.01670287510109
"X5",-1.26295063428999
"X5",-0.612141769474985
"X5",-0.844642543422313
"X5",-0.16467369
"X5",-0.883836944943693
"X5",-1.28339273731448
"X5",-1.00924599583727
"X5",-0.870721775651264
"X5",-1.19408359946405
"X5",-1.42294645972532
"X5",-0.982133104166491
"X5",-0.8845772675926
"X5",-0.519721253892756
"X5",-0.510341855884544
"X5",-2.02591342227544
"X5",-0.650878475003873
"X5",-1.201039198679
"X5",-1.15318578128968
"X5",-0.925793257077617
"X5",-1.15158534916908
"X5",-0.600514589471467
"X5",-2.01901231067665
"X5",-1.06027895046226
"X5",-0.782855170253238
"X5",-1.50417005792954
"X5",-1.07500637239541
"X5",-0.946114079824752
"X5",-1.84027207417969
"X5",-1.81287594899768
"X5",-0.711278402542677
"X5",-0.749348056851843
"X5",-0.770967088216864
"X5",-1.71434769896959
"X5",-1.23065423452835
"X5",-1.97292119454419
"X5",-0.866648341472973
"X5",-1.70373328845515
"X5",-0.504810975358425
"X5",-0.794973405398714
"X5",-1.78811099063906
"X5",-0.900276378402736
"X5",-1.14348163924039
"X5",-0.816940251618275
"X5",-0.903205691880993
"X5",-0.767219946208318
"X5",-0.79901677
"X5",-1.89384670971929
"X5",-0.905693377505076
"X5",-1.74373645400892
"X5",-1.09508327948962
"X5",-0.973495156880251
"X5",-0.902441190072589
"X5",-0.734477037081797
"X5",-0.728591483911349
"X5",-0.859846494714919
"X5",-0.236454573167586
"X5",-1.6223611828717
"X5",-1.26220257392427
"X5",-1.99682742501305
"X5",-0.485284466488688
"X5",-0.61927032388469
"X5",-1.13667222954356
"X5",-0.838450523470978
"X5",-1.65691869646409
"X5",-0.726497928590052
"X5",-0.783589861108752
"X5",-0.854459233374101
"X5",-0.474855072585743
"X5",-1.11820124890364
"X5",-0.737016394131397
"X5",-1.58417919634562
"X5",-0.780367561870026
"X5",-0.953496931470937
"X5",-1.14351074293443
"X5",-0.739988529263138
"X5",-0.719368154871168
"X5",-2.1803674602698
"X5",-0.941009647628285
"X5",-0.481456596511197
"X5",-1.26260988781257
"X5",-0.878810813413613
"X5",-1.67033986054123
"X5",-0.53717473
"X5",-0.761952704522881
"X5",-0.804084687084906
"X5",-0.763794686150045
"X5",-0.638080126722414
"X5",-1.17727199460039
"X5",-0.791770467324636
"X5",-0.99128236757248
"X5",-0.954208898088975
"X5",-1.57889514711277
"X5",-1.36498693510429
"X5",-1.24233153869336
"X5",-1.24142012221507
"X5",-1.71429653042662
"X5",-1.00112121220495
"X5",-0.651421882088354
"X5",-2.1803674602698
"X5",-0.634798104300445
"X5",-0.933581291152056
"X5",-0.277060007884737
"X5",-1.28122776136864
"X5",-1.10269925089036
"X5",-1.81488372105514
"X5",-0.757839988796152
"X5",-0.457886656093858
"X5",-1.39460528635493
"X5",-1.05908524062026
"X5",-0.621916975550746
"X5",-0.17893272
"X5",-0.0046235822
"X5",-1.30267143840433
"X5",-0.577635674778537
"X5",-0.27837485
"X5",-0.818898881102936
"X5",-0.647171437642204
"X5",-1.24488515824423
"X5",-1.07032091141101
"X5",-0.56984015724039
"X5",-0.631666510740299
"X5",-0.74180349503406
"X5",-1.91049045671325
"X5",-0.962303093169516
"X5",-0.11098118
"X5",-1.0401421107149
"X5",-1.87666688189521
"X5",-1.1124335806132
"X5",-1.28676699075253
"X5",-0.644129727566505
"X5",-1.30046579092171
"X5",-1.00260257008276
"X5",-1.45818142344623
"X5",-1.27007493292364
"X5",-1.71100337136861
"X5",-0.635540900620698
"X5",-1.45478531881968
"X5",-0.804194070768661
"X5",-1.1985018670939
"X5",-0.22848652
"X5",-1.20127693489354
"X5",-0.366632024402386
"X5",-1.03317017193451
"X5",-0.828366117843079
"X5",-0.805368549357904
"X5",-1.62737236616741
"X5",0.20584599
"X5",-0.687813308109343
"X5",-1.61265742952509
"X5",-0.982736556031029
"X5",-1.74817533037048
"X5",-0.720168437922275
"X5",-0.903834580828473
"X5",-0.860545276228688
"X5",-1.20496652962822
"X5",-0.608923930423269
"X5",-0.709922419348551
"X5",-0.70171557587084
"X5",-0.972406987649759
"X5",-0.991627275947876
"X5",-1.57207545213591
"X5",-1.26940556304678
"X5",-0.864525992343321
"X5",-0.178353970307297
"X5",-1.85283904827214
"X5",-1.07008035406693
"X5",-0.759681591517682
"X5",-0.920748315251934
"X5",-0.852793288559811
"X5",-2.1803674602698
"X5",0.039015776
"X5",-0.53902669915008
"X5",-1.70984203131091
"X5",-1.14998997333863
"X5",-0.949098442454572
"X5",-0.831657735745908
"X5",-0.882239187209162
"X5",-1.23252929139009
"X5",-1.10067678717888
"X5",-0.969321713766389
"X5",-0.684189615610765
"X5",-1.05327589243631
"X5",-0.732862035339546
"X5",-0.841480601369319
"X5",-1.26692579915181
"X5",-1.29438945480948
"X5",-2.06393239459763
"X5",-0.94947448944573
"X5",-0.931890968314418
"X5",-1.59897427684887
"X5",-0.682025546486029
"X5",-0.841048736809198
"X5",-1.11863154005349
"X5",-2.1803674602698
"X5",-0.769485080889007
"X5",-0.763477892406107
"X5",-0.602337959479122
"X5",-0.973801017635129
"X5",-1.87944106533681
"X5",-0.972410361754007
"X5",-0.449803466615336
"X5",-0.904397398527608
"X5",-1.67736285391454
"X5",-1.10913158168742
"X5",-2.1803674602698
"X5",-1.77835717509198
"X5",-0.962207602513435
"X5",-1.55298010413986
"X5",-1.10084749054734
"X5",-0.911645287210159
"X5",-1.41324577116095
"X5",-0.871359723021538
"X5",-0.786110196761084
"X5",-1.5446902582091
"X5",-1.40171950407831
"X5",-0.865651940688294
"X5",-0.430031194233673
"X5",-1.21916599368265
"X5",-0.617006924493922
"X5",-1.68232798594381
"X5",-0.516975614839128
"X5",-0.82126412627442
"X5",-0.681448029601099
"X5",-1.00936883486274
"X5",-1.77277272759571
"X5",-1.07108770949774
"X5",-0.548661239204252
"X5",-0.901805012689715
"X5",-0.760969726915596
"X5",-1.72251292024164
"X5",-1.80133359246185
"X5",-0.42292025
"X5",-1.17320128266495
"X5",-0.989241907935804
"X5",-1.66257199711316
"X5",-0.835391058830825
"X5",-1.01956328180844
"X5",-0.7794264011539
"X5",-0.903032891480875
"X5",-1.07913276321697
"X5",-0.242297694601367
"X5",-0.837979595523273
"X5",-0.992602370002388
"X5",-0.556089040224827
"X5",-0.963986046602039
"X5",-0.765978495419142
"X5",-0.933897067247191
"X5",-0.617876425191024
"X5",-0.653917249013757
"X5",-0.949086955940159
"X5",-1.43901822355351
"X5",-1.2711739217784
"X5",-1.22831452805201
"X5",-0.848637866484029
"X5",-1.44439509642746
"X5",-1.30337254644528
"X5",-0.873296474509824
"X5",-0.697512125115035
"X5",-1.12226609106237
"X5",-0.599646379438532
"X5",-0.10651312
"X5",-0.519497693438433
"X5",-0.741062978331588
"X5",-1.86119029877996
"X5",-0.416211920252999
"X5",-1.02976200943067
"X5",-0.848936158988438
"X5",-1.18424585597435
"X5",-0.931519690673277
"X5",-1.5749457544478
"X5",-0.371161566863221
"X5",-1.65213935557628
"X5",-0.13762214
"X5",-1.36794279599761
"X5",-1.88514571993955
"X5",-1.06806076069094
"X5",-0.572663482059923
"X5",-1.08571373242348
"X5",-0.559500425141242
"X5",-1.93006417602397
"X5",-0.462064348090291
"X5",-1.44556420545576
"X5",-0.677291351742959
"X5",-0.63777202275961
"X5",-0.634356607468853
"X5",-0.569506375087068
"X5",-1.26525681310941
"X5",-0.874886689865557
"X5",-1.83828734986107
"X5",-0.445670969080435
"X5",-0.563552491077425
"X5",-0.796381178885274
"X5",-0.674978511576701
"X5",-1.55411879328776
"X5",-0.530790162516535
"X5",-1.13840672999914
"X5",-0.708885822378987
"X5",-1.80123935771309
"X5",-1.70793988548472
"X5",-0.626041608978259
"X5",-0.724444365166996
"X5",-0.761820894320317
"X5",-0.32522228
"X5",-0.547686444798603
"X5",-1.70139677574835
"X5",-1.48483195951602
"X5",-1.69242415764486
"X5",-0.301276988209851
"X5",-1.20444604618622
"X5",-0.0991325456043416
"X5",-0.962028984795046
"X5",-0.741928292386519
"X5",-2.1803674602698
"X5",-1.23542486289978
"X5",-1.09066794174621
"X5",-0.8482863715295
"X5",-1.3685936734311
"X5",-1.64773400647603
"X5",-1.52736751065445
"X5",-0.612488049126985
"X5",-0.12798526
"X5",-0.942879554624508
"X5",-0.010722911
"X5",-0.242909284469327
"X5",-0.716832084325336
"X5",-0.901026784925344
"X5",-0.28050165
"X5",-0.606120368616914
"X5",-0.0017567046
"X5",-1.10862114680143
"X5",-0.861668030998642
"X5",-1.16102904049999
"X5",-0.588358274596962
"X5",-1.00494734994463
"X5",-0.413837530754219
"X5",-0.85796093924424
"X5",-0.81146914849476
"X5",-1.79111021167633
"X5",-1.07057882260543
"X5",-0.874634315511713
"X5",-0.687094030048066
"X5",-0.29055493
"X5",-0.910468533092295
"X5",-0.046351267
"X5",-1.51701657473938
"X5",-1.0753581421511
"X5",-1.0043220186269
"X5",-0.609158211236819
"X5",-0.986503354172194
"X5",-1.29093648060738
"X5",-0.415465573767518
"X5",-1.06853998521995
"X5",-0.97923570499647
"X5",-0.81486129405386
"X5",-1.30490333312916
"X5",-1.14445923834281
"X5",-0.647967976404054
"X5",-0.608495197643095
"X5",-0.697634273473022
"X5",-0.855514385703939
"X5",-0.0033991427
"X5",-1.5599779045308
"X5",-1.2811966242329
"X5",-1.66374994431002
"X5",-0.640097183577301
"X5",-1.14903211392054
"X5",-0.986484249245867
"X5",-0.807417711051051
"X5",-1.28802201906395
"X5",-1.22386369529856
"X5",-1.09826862726351
"X5",-0.919767186707517
"X5",-1.77775874018875
"X5",0.0093224631
"X5",-0.585120102909275
"X5",-1.34414698633632
"X5",-0.747101649387423
"X5",-1.17237897141879
"X5",-1.15593002480538
"X5",-1.23099065251324
"X5",0.12315301
"X5",-0.706092759620787
"X5",-0.978805345156361
"X5",-0.81126806045221
"X5",-2.1803674602698
"X5",-1.25946551525981
"X5",-0.432075783955595
"X5",-1.87667627656496
"X5",-0.973760657176277
"X5",-0.0957714637599302
"X5",-0.13587497
"X5",-0.526102798034875
"X5",-0.558869644310528
"X5",-1.67831204975364
"X5",-1.70796781501928
"X5",-1.1034516062635
"X5",-1.87903942860625
"X5",-0.869608201727374
"X5",-0.845159787650609
"X5",-2.03566476899969
"X5",-1.68271764123237
"X5",-1.79687029943712
"X5",-0.853529613610781
"X5",-1.11924890650136
"X5",-1.05356154878446
"X5",-1.89530958442148
"X5",0.04855299
"X5",-1.24472195174469
"X5",-1.56900863902436
"X5",-1.45885572442643
"X5",0.1277733
"X5",-0.275017629081491
"X5",-0.739523442391666
"X5",-0.346402486080661
"X5",-1.13913250082442
"X5",-0.701239788985179
"X5",-1.39306898229092
"X5",-0.915550704437142
"X5",-1.4305088749295
"X5",-1.01401605156902
"X5",-1.37815396032147
"X5",-0.640501924982664
"X5",-0.640579536608142
"X5",-1.15921659558467
"X5",-0.427067071674829
"X5",-0.766057525635622
"X5",-0.574352726608771
"X5",-0.529348997434946
"X5",-1.22972649971503
"X5",-0.885703568975738
"X5",-0.760557594868633
"X5",-1.40904593357281
"X5",-0.784927030373772
"X5",-1.02648287939361
"X5",-0.95237619797764
"X5",-0.32576162
"X5",-1.11366410891512
"X5",-0.506049248797908
"X5",-0.556442880390332
"X5",-1.72441994141993
"X5",-0.966737172065701
"X5",-0.683527910566844
"X5",-1.82106174399737
"X5",-0.845506355611135
"X5",-1.2014703514958
"X5",-0.537469069247207
"X5",-1.11205977248384
"X5",-1.78218878946272
"X5",-1.131317486399
"X5",-0.0077562431
"X5",-0.404049260206351
"X5",-0.534008827468207
"X5",-1.70527854900543
"X5",-1.76199811315056
"X5",-1.54205365347557
"X5",-1.72186998689294
"X5",-0.40454277463443
"X5",-0.6574752760562
"X5",-0.934303330051466
"X5",-2.08015784737987
"X5",-0.0710379974226413
"X5",-0.331433401432166
"X5",-0.873821412134668
"X5",-1.62823077509857
"X5",-0.928873907846329
"X5",-0.914721242861429
"X5",-0.20566801
"X5",-0.457888491184708
"X5",-0.464873875486369
"X5",-1.23520397006287
"X5",-0.811877876445005
"X5",-0.925956391485745
"X5",-1.39517376286208
"X5",-1.71721810652036
"X5",-0.846180632638232
"X5",-1.82286891904682
"X5",-0.781847796043364
"X5",-1.1714453389254
"X5",-1.71020085886469
"X5",-1.09684972138899
"X5",-1.2909091443212
"X5",-1.3816954880954
"X5",-0.90772619985608
"X5",-0.483346872687929
"X5",-1.56292247195149
"X5",-0.070404269
"X5",-1.26704612387239
"X5",-1.70055810516796
"X5",-1.09047400177733
"X5",-1.08438587401621
"X5",-0.958474082063616
"X5",-0.917259332002051
"X5",0.062831614
"X5",-0.962747407758443
"X5",-1.73392323229569
"X5",-0.744802363700081
"X5",-0.922223837147772
"X5",-0.984017603884445
"X5",-0.840745600742421
"X5",-0.678186013508515
"X5",-1.82191348247844
"X5",-1.00703518872054
"X5",-0.749921822175474
"X5",-0.5670543182213
"X5",-1.58231691207753
"X5",-0.896405392764128
"X5",-1.08334036280432
"X5",-1.42442162756879
"X5",-0.682375590016639
"X5",-0.822235577536986
"X5",-0.73806769315238
"X5",-1.13465354510907
"X5",-0.927418160206047
"X5",-0.868254657917194
"X5",-0.069033688
"X5",-1.12465907151679
"X5",-1.25124712990818
"X5",-1.8641950806933
"X5",-0.932586669558929
"X5",-1.17758865743606
"X5",-0.712198435681884
"X5",-0.580870572702108
"X5",-0.892173610035364
"X5",-0.015365415
"X5",-1.01853109483185
"X5",-0.743921330293857
"X5",-1.1175694580237
"X5",-1.12139626126725
"X5",-0.860329210227575
"X5",-0.850456463164041
"X5",-0.4259204
"X5",-1.74621487491276
"X5",-1.05132722404852
"X5",-0.970305853213981
"X5",-0.883462085139079
"X5",0.2840608
"X5",-0.930545418950471
"X5",-1.53232225505149
"X5",-0.867076259857311
"X5",-0.87307675658544
"X5",-0.849744247420434
"X5",-0.268244275946148
"X5",-1.06997001842918
"X5",-1.60744420745931
"X5",-0.896290588082362
"X5",-1.80800771261658
"X5",-0.406417452524632
"X5",-1.53319922134403
"X5",-0.48614273664566
"X5",-1.9800054593846
"X5",-1.08168531068852
"X5",-0.35609818
"X5",-1.69645031660436
"X5",-1.12546264674978
"X5",-0.38164625
"X5",-0.26151185377176
"X5",-1.00208078421366
"X5",-0.714649482674417
"X5",-0.571265430574353
"X5",-0.79276209747729
"X5",-0.684139912299708
"X5",-1.31946535068986
"X5",-1.1292594038199
"X5",-2.1803674602698
"X5",-2.1803674602698
"X5",-0.387351313069834
"X5",-0.92321273249363
"X5",-0.94727914724196
"X5",-0.150541042552404
"X5",-0.936389863573672
"X5",-0.464079493502893
"X5",-0.929188343284144
"X5",-1.12033861860468
"X5",-0.833035683450667
"X5",-1.06709093939897
"X5",-1.25189186080008
"X5",-0.957696996523865
"X5",-0.465250161435236
"X5",-1.35165537912382
"X5",-1.16317298591042
"X5",-0.735388324765196
"X5",-1.11229688163777
"X5",-0.939002560324269
"X5",-0.980312744763405
"X5",-0.952438139912438
"X5",-1.61438921950602
"X5",-0.929022511984026
"X5",-0.782910433104358
"X5",0.091267108
"X5",-0.972044604941057
"X5",-0.876194722118289
"X5",-0.568757466912632
"X5",-0.927768478645693
"X5",-0.858688122175458
"X5",-0.783731039526782
"X5",-1.88265756757643
"X5",-0.437450212393635
"X5",0.20629523
"X5",-0.812066991659185
"X5",-0.70411763821742
"X5",-0.666062733666192
"X5",-1.78832302388012
"X5",-0.732974750380389
"X5",-2.08953150110264
"X5",-1.01404457875153
"X5",-0.784693451775188
"X5",-1.41849315023732
"X5",-1.10318239110079
"X5",-0.574168574190507
"X5",-0.874799171693304
"X5",-0.991429287576676
"X5",-0.906630617399113
"X5",-0.728960078749539
"X5",-0.767058791905244
"X5",-1.42156715955339
"X5",-1.63066987874748
"X5",-1.73693580813868
"X5",-0.64144114061912
"X5",-1.79448991359298
"X5",-0.413818154106175
"X5",-0.640068408956246
"X5",-0.387893499924106
"X5",-0.13753614
"X5",-1.15433223509482
"X5",-0.445113108890386
"X5",-0.777658698889773
"X5",-1.0166854429193
"X5",-0.498176443116425
"X5",-0.692780938370999
"X5",-0.989887080348055
"X5",-1.57124628865691
"X5",-0.555751508566588
"X5",-0.754672899029894
"X5",-0.95410517073895
"X5",-0.756799569540912
"X5",-0.931303990498768
"X5",-0.93301526930253
"X5",-1.13490516292961
"X5",-1.34226327283537
"X5",-0.799335928266322
"X5",-1.32171139176089
"X5",-0.853298022184597
"X5",-0.874532330727742
"X5",-1.26113683986839
"X5",-0.670859288005678
"X5",-1.11984305474446
"X5",-1.31259114252079
"X5",-0.888003487322984
"X5",-1.74364391275084
"X5",-1.09574463070977
"X5",-0.027861566
"X5",-0.270985634568355
"X5",-0.827871622892975
"X5",-1.09152436314257
"X5",-1.36918750963008
"X5",-0.13445006
"X5",-1.81803034539804
"X5",-1.04893704024265
"X5",-0.877661409926799
"X5",-0.892588680910217
"X5",-0.918124610036913
"X5",-1.04751847014483
"X5",-0.824193510118973
"X5",-0.642778878381203
"X5",-1.78823030529799
"X5",-0.677840262855878
"X5",0.22279161
"X5",-0.960959218936698
"X5",-0.79700855785464
"X5",-0.715943202669372
"X5",-1.1897015466205
"X5",-0.856512169031156
"X5",-1.18305241490374
"X5",-0.94060280363449
"X5",-0.958289547312038
"X5",-0.871806802661789
"X5",-0.886793235616989
"X5",-0.39371213894689
"X5",-1.09355547685575
"X5",-0.210502566775208
"X5",-2.1803674602698
"X5",-1.39622739248344
"X5",-0.752554183941749
"X5",-0.907633722057567
"X5",-0.520886675873022
"X5",-1.42269031587901
"X5",-0.659763945582078
"X5",-0.886217736136496
"X5",-0.586815384012873
"X5",-1.63414340347472
"X5",-1.31669579511009
"X5",-1.21526134801627
"X5",-0.099309738
"X5",-0.432808545254104
"X5",-0.540687767209049
"X5",-1.64358163965772
"X5",-1.19068344094549
"X5",-0.377161051586933
"X5",-0.292035311213278
"X5",-0.601722335169022
"X5",-0.772773786213062
"X5",-0.19097335
"X5",-0.911394590814944
"X5",-1.01087346904115
"X5",-1.69508393889042
"X5",-1.03356694380941
"X5",-2.1803674602698
"X5",-0.97633198
"X5",-1.22215282832457
"X5",-2.17187140059819
"X5",-0.031641424
"X5",-1.13309271804818
"X5",0.013477385
"X5",-1.15127941053534
"X5",-1.02783412721174
"X5",-0.610865812696836
"X5",-1.09473099964253
"X5",-0.465267549245134
"X5",-0.849197317930854
"X5",-0.699855469011075
"X5",-1.29664053177733
"X5",-0.644383029430246
"X5",-0.705857071076506
"X5",0.13623863
"X5",-0.363586894962362
"X5",-1.63665510226852
"X5",-1.29306528995953
"X5",-1.66806623536016
"X5",-0.985403561597354
"X5",-0.74911538890183
"X5",-0.960390578034115
"X5",-0.674944886546589
"X5",-0.22640833466209
"X5",-1.65742347916919
"X5",-0.808310615446071
"X5",-1.71229033006179
"X5",-1.66107778779669
"X5",-1.35727982297568
"X5",-1.5958595920728
"X5",-0.88224468240176
"X5",-1.13444790256321
"X5",-1.28973947530367
"X5",-1.00165281286995
"X5",-0.917451603174248
"X5",-0.826757516359747
"X5",-0.911343389743499
"X5",-1.08660744657423
"X5",-0.901927943822946
"X5",-0.88702278915894
"X5",-1.42288965583226
"X5",-0.19920137
"X5",-0.426295736286149
"X5",-1.79473082864083
"X5",-1.0799695361664
"X5",-0.461685263767865
"X5",-1.14633481614875
"X5",-0.855894421751793
"X5",-0.12822239
"X5",-1.27206436244221
"X5",-1.66682250404581
"X5",-0.760202428403947
"X5",-2.1803674602698
"X5",-1.08356694813628
"X5",-0.44820329
"X5",0.31025014
"X5",-1.22315489836354
"X5",-0.865703870561803
"X5",-0.551449129912368
"X5",-0.600655440882588
"X5",-0.594472014361389
"X5",-1.89131101378175
"X5",-0.859268683386335
"X5",-0.632050818669318
"X5",-0.397336078997011
"X5",-0.452824779429277
"X5",-0.67848533976519
"X5",-0.960180202191752
"X5",-1.40484958076725
"X5",-0.532894242393604
"X5",0.12719745
"X5",-1.60618575617517
"X5",-1.78331500606979
"X5",-1.67826493759439
"X5",-1.37685701203515
"X5",-1.16664009120169
"X5",-1.58657057546615
"X5",-1.65405436885246
"X5",-1.09766786756785
"X5",-0.772646677649017
"X5",-0.12975601
"X5",-2.12725867373773
"X5",-0.884863199035466
"X5",-0.713628216447413
"X5",-0.646410513593571
"X5",-0.870925029044454
"X5",-0.901275458953865
"X5",-0.550658145928475
"X5",-2.1803674602698
"X5",-1.03297446565293
"X5",-0.485777262348939
"X5",-0.50562799775955
"X5",-0.98908580482102
"X5",-1.06825323348272
"X5",-0.047383595
"X5",-1.12575077041334
"X5",-1.62388607709582
"X5",-0.459354783598812
"X5",-1.25507026793971
"X5",-1.53764604068482
"X5",-0.83958572429328
"X5",-0.997581810036334
"X5",-1.26135946887297
"X5",-0.572953791705502
"X5",-1.21247931679662
"X5",-1.57398544464687
"X5",-1.05956043484183
"X5",-0.904679922299046
"X5",-0.875158873087184
"X5",0.08925038
"X5",-2.1803674602698
"X5",-2.1803674602698
"X5",-2.12672789109878
"X5",-0.944322836965863
"X5",-1.94168583961735
"X5",-0.431114193021174
"X5",-1.01706895487928
"X5",-0.160662440819831
"X5",-1.03715955878608
"X5",-1.29791061192234
"X5",-0.13636763
"X5",-1.70553657494607
"X5",-1.09092208422855
"X5",-1.05322131050284
"X5",0.0018219909
"X5",-0.976103830709469
"X5",-0.495480518268242
"X5",-0.614730860559243
"X5",0.010607264
"X5",0.10334748
"X5",-0.11103475
"X5",-0.448460787963907
"X5",-0.651953139166307
"X5",-0.952354958908158
"X5",-1.06152637298169
"X5",-1.32703145649673
"X5",-0.838000110167622
"X5",-0.609522396270598
"X5",-1.70385260872544
"X5",-1.22007224780734
"X5",0.14799968
"X5",-1.83941115521561
"X5",-0.12620643
"X5",-1.6933689727331
"X5",-0.576444278954589
"X5",-0.798757071939793
"X5",-0.890771012067586
"X5",-1.29995592191444
"X5",-1.56594853459873
"X5",-0.673630547280256
"X5",-1.3737791687066
"X5",-0.580939954060087
"X5",-1.16105483897923
"X5",-0.620040957712748
"X5",-1.80986826504291
"X5",-0.693772898898657
"X5",-0.24837002
"X5",-1.36076443230013
"X5",-0.535179159504721
"X5",0.0033775605
"X5",-0.962720855307347
"X5",-1.15599556815743
"X5",-1.18525138380901
"X5",-0.781095400480148
"X5",-1.26223616444454
"X5",-0.1872933
"X5",-0.452332778403575
"X5",-1.75969666758214
"X5",-0.582524789749537
"X5",-0.582027103452153
"X5",-1.14126902746063
"X5",-0.666298877252665
"X5",-1.08916740781791
"X5",-0.870581866397831
"X5",-1.50783669278182
"X5",-0.608464033297432
"X5",-1.71229490096578
"X5",-0.936848313781232
"X5",-1.12131347370463
"X5",-0.564216817729868
"X5",-1.44704508367736
"X5",-1.03325798185739
"X5",-1.14829955067907
"X5",-1.63167791621483
"X5",-1.29297561719384
"X5",-1.07385096961941
"X5",-1.23064375677112
"X5",-0.668119496585808
"X5",-0.736570246149994
"X5",-1.26567486049644
"X5",-0.540276232320509
"X5",-0.693849174188746
"X5",-1.80836916829426
"X5",-0.624149606983481
"X5",-1.39403932377386
"X5",-0.879022346640565
"X5",0.0085171184
"X5",-0.697713352813639
"X5",-0.952928015029407
"X5",-0.098154109
"X5",-0.868496622329081
"X5",-1.88119288621288
"X5",-0.708002156625185
"X5",-1.66718891964093
"X5",-0.958866029801708
"X5",-1.94492784435881
"X5",-0.74485537445542
"X5",-1.18116278435947
"X5",-1.40468381263983
"X5",-1.70687397014326
"X5",-0.685627510316617
"X5",-0.978003846684142
"X5",-1.02685848266447
"X5",-0.534244406672881
"X5",-1.01475140685881
"X5",-1.23556743070512
"X5",-0.330872712650107
"X5",-0.587156705001065
"X5",-0.950639711922432
"X5",-1.78231436167556
"X5",-1.11226165986197
"X5",-1.50630215581489
"X5",-2.1803674602698
"X5",-0.89868921299814
"X5",-2.01698418528188
"X5",-0.581449668048374
"X5",-1.43337050975704
"X5",-0.085942024
"X5",-0.682121258518163
"X5",-0.915555802719919
"X5",-0.607159043914057
"X5",-2.1803674602698
"X5",-0.0887489179883393
"X5",-2.06754879794215
"X5",-1.06009731817038
"X5",-0.528087022504018
"X5",0.066761022
"X5",-0.809394918127511
"X5",-1.11295515162912
"X5",-0.093182586
"X5",0.034619296
"X5",-0.818749349309662
"X5",-0.78151203597128
"X5",-0.75661537689934
"X5",-0.701734203026688
"X5",-0.16682097
"X5",-0.483791839939615
"X5",-2.09116978603969
"X5",-0.828860285662381
"X5",-0.908485625435051
"X5",-0.707621615639174
"X5",-1.91926187522912
"X5",0.10591619
"X5",-0.792508321624148
"X5",-0.773220125868842
"X5",-0.692868925117066
"X5",-0.998789193557396
"X5",-0.947785757000766
"X5",-2.02907169404147
"X5",-0.999331772894009
"X5",-0.853712640926622
"X5",-0.992855547818437
"X5",-0.371278971533704
"X5",-0.626303663433676
"X5",-0.486363562947494
"X5",-0.395942691336624
"X5",-0.583881425489401
"X5",-1.98061126849885
"X5",-0.295708080987776
"X5",-1.8058862440911
"X5",-0.79427297355272
"X5",-0.907074676642571
"X5",-1.25303408271805
"X5",-0.764873016925666
"X5",-1.15318572676466
"X5",-0.714861651916684
"X5",-1.04814700795502
"X5",-0.681772227975084
"X5",-0.710749596559326
"X5",-1.49702390893833
"X5",-0.954748434108019
"X5",-0.00996324
"X5",-1.34593831535413
"X5",-0.648027695981808
"X5",-1.59902552868772
"X5",-1.06559819603418
"X5",-0.818571231942623
"X5",-0.73811411901856
"X5",-0.819151225244859
"X5",-0.722009363241923
"X5",-0.641084733296546
"X5",-0.869102718514856
"X5",-0.983072583143867
"X5",-0.423207707331062
"X5",-0.511051562069546
"X5",0.050132621
"X5",-1.76274401452857
"X5",-0.824408856038897
"X5",-0.85255080222287
"X5",-0.404813851072575
"X5",-1.05987419995471
"X5",-0.681576535041959
"X5",-1.01111725914951
"X5",-1.02775566501886
"X5",-1.53321516752837
"X5",-0.872261281001627
"X5",-1.03202762787108
"X5",-1.11114240015456
"X5",-1.0970394153927
"X5",-0.949426060359194
"X5",-0.654821368450767
"X5",-0.298057538706857
"X5",-1.39267608745797
"X5",-0.23052832
"X5",-1.16093579892321
"X5",-0.901464982964242
"X5",-0.589504509494084
"X5",-0.592344608115503
"X5",-1.63520097301958
"X5",-0.700114350587191
"X5",-2.1803674602698
"X5",-0.680321876618258
"X5",-1.46681809424064
"X5",-0.618392110062666
"X5",-1.25697038436072
"X5",-0.786534789884087
"X5",-1.77678203368519
"X5",-0.665437599468246
"X5",-0.841113188505108
"X5",-0.810180045221478
"X5",-0.978564266714239
"X5",-1.45579633056269
"X5",-0.498928652450943
"X5",-1.30648596741336
"X5",-1.74155669004412
"X5",-0.996611609803901
"X5",-1.89996087124229
"X5",-1.58092015065432
"X5",-0.870114384287151
"X5",-0.67111629706157
"X5",-1.1009514282488
"X5",-1.02057010295753
"X5",-0.932951846452783
"X5",-0.633275374295199
"X5",-1.20808982049608
"X5",-0.714620182144915
"X5",-0.672872982098509
"X5",-0.987316721923096
"X5",-0.492631002701037
"X5",-0.53846974
"X5",-0.59587165204872
"X5",-1.2312035020493
"X5",-1.70446930510853
"X5",-0.869838452328088
"X5",-0.959532255183269
"X5",-2.1803674602698
"X5",-1.34365969782965
"X5",-0.901657864686978
"X5",-2.14113845946664
"X5",-0.596610713024297
"X5",-0.871570343724987
"X5",-0.889613877569522
"X5",-0.766339504693399
"X5",-1.19123828430638
"X5",-1.03014277511448
"X5",-0.731234901875159
"X5",-1.29302403542845
"X5",-1.80280201689432
"X5",-0.347469953567942
"X5",-0.903685285192545
"X5",-1.63066987874748
"X5",-0.910791088701968
"X5",-0.974476765773698
"X5",-0.781277852193244
"X5",-0.265285524247357
"X5",-1.71804044820262
"X5",-0.7039422179672
"X5",-0.659224273783654
"X5",-2.1803674602698
"X5",-0.753967063250686
"X5",-1.69557449541859
"X5",-1.40486676799654
"X5",0.14432373
"X5",-1.04225514193365
"X5",-1.03090594678008
"X5",-0.861904913153272
"X5",-0.381697206340757
"X5",-0.847211177510396
"X5",-1.84734697117556
"X5",-1.10815850189119
"X5",-0.896272902307241
"X5",-0.615664834958477
"X5",-0.845395005714307
"X5",0.23854398
"X5",-1.87274196459703
"X5",-0.749153915285376
"X5",-1.65886847169511
"X5",-1.53286509722517
"X5",-0.615947451371451
"X5",-1.3042982578387
"X5",-2.1803674602698
"X5",-1.43105949874579
"X5",-0.498001468388238
"X5",-0.623315390683409
"X5",-0.893038349820364
"X5",-0.523861188153889
"X5",-0.998795304014391
"X5",-0.961246984001716
"X5",-0.697186610787764
"X5",-0.815595158293564
"X5",-0.840009379028443
"X5",-1.08792493604399
"X5",-0.33532391
"X5",-1.0258015877764
"X5",-0.587839117003621
"X5",-0.935088098901256
"X5",-0.707248920543583
"X5",-1.14044104689832
"X5",-1.60627615508331
"X5",-0.18158808
"X5",-0.894866867255227
"X5",-1.779048411276
"X5",-1.1644740745896
"X5",-0.595184859694424
"X5",-0.596986021886146
"X5",-0.984984422025861
"X5",-0.946166997911892
"X5",-0.650971451621003
"X5",-0.649878565156533
"X5",-1.3065741049138
"X5",-0.802047712601804
"X5",-0.801805386115008
"X5",-0.898140024761996
"X5",-1.19345099981214
"X5",-0.293208448414598
"X5",-1.46653618548733
"X5",0.24994238
"X5",-0.881405391572802
"X5",-0.764969538087021
"X5",-0.948537837755103
"X5",-1.28147444069283
"X5",-0.521400267764501
"X5",-0.587375176099723
"X5",-0.644416254956684
"X5",-0.8974998728535
"X5",-0.401875693445068
"X5",-0.462148158773739
"X5",-0.032475332
"X5",-1.79128141036531
"X5",-0.993931465341251
"X5",-1.26179040084162
"X5",-1.01688456860277
"X5",-0.607343427653089
"X5",-0.688051471942114
"X5",-0.656611794433939
"X5",-1.73032762223894
"X5",-1.68237179814337
"X5",-0.76776171084807
"X5",-0.662792357456661
"X5",-2.1803674602698
"X5",-1.48114323581695
"X5",-1.06410683186662
"X5",-1.54058691498756
"X5",-1.09061471004441
"X5",-0.552965898462218
"X5",-1.08734322487148
"X5",-0.946661631838748
"X5",-0.677931036817974
"X5",-0.788686976437811
"X5",-1.04955594712164
"X5",-0.676163558558669
"X5",-1.75055712610945
"X5",-1.8233961390321
"X5",-0.643104308443912
"X5",-1.2219980111961
"X5",-0.723234782637508
"X5",-2.1803674602698
"X5",-0.747412990583624
"X5",-1.25881655946346
"X5",-0.927579533232335
"X5",-1.00165434382889
"X5",-1.51676343938363
"X5",-0.373356893518968
"X5",-1.12517156124376
"X5",-1.1310754208733
"X5",-0.842356016480319
"X5",-0.86035302483896
"X5",-0.653310447200106
"X5",-0.422557942903063
"X5",-0.884259864272936
"X5",-1.16849870414912
"X5",-1.27000651375804
"X5",-0.765967131193221
"X5",-0.734884614026899
"X5",-0.851400345327224
"X5",-1.41805505163143
"X5",-1.24579848609539
"X5",-1.71946878014836
"X5",-1.31708616355965
"X5",-0.67922822780062
"X5",-0.872819586544952
"X5",-1.56969219066517
"X5",-0.38834997
"X5",-0.145229
"X5",-0.31930284
"X5",-0.669338541795965
"X5",-0.254241674438581
"X5",-0.971574243129951
"X5",-0.974923315821534
"X5",-1.17149974611624
"X5",-0.47768268694126
"X5",-0.902789462775527
"X5",-0.465292034647022
"X5",-0.872718860452879
"X5",-1.11448738795102
"X5",-1.56837763801098
"X5",-0.19144162
"X5",-0.777078694016861
"X5",-1.57020874012222
"X5",-1.57599785846615
"X5",-0.3796211
"X5",-0.982335640339191
"X5",-0.941717642401608
"X5",-0.771765198257652
"X5",-1.80096183699507
"X5",-1.65454832795568
"X5",-0.688954449161885
"X5",-1.08933110410236
"X5",-0.670576111254942
"X5",-1.22319241315032
"X5",-0.761547023308298
"X5",-1.19337547888893
"X5",-1.09053713943154
"X5",-0.12003386
"X5",-0.540153917661048
"X5",-1.64047679005725
"X5",-1.00683001944225
"X5",-1.50136811349026
"X5",-0.943682266113785
"X5",-1.04690987985973
"X5",-1.61605439996237
"X5",-0.5857535057673
"X5",-0.925970441908483
"X5",-1.68701913396818
"X5",-0.984160156529843
"X5",-1.18835329703741
"X5",-1.60742354511739
"X5",-0.965470785666493
"X5",-1.63687869785849
"X5",-1.2127018752121
"X5",-1.74573817777979
"X5",-1.19101350137823
"X5",-0.83971829
"X5",-0.398576972724461
"X5",-0.43507654
"X5",-1.4398247360912
"X5",-0.635215682458524
"X5",-0.00731603047666365
"X5",-0.692526707484968
"X5",-1.72976103161113
"X5",-1.71613209365087
"X5",-0.462399628409571
"X5",-1.04589824404222
"X5",-0.524152690393684
"X5",-0.807480217540354
"X5",-0.832832657462346
"X5",-0.955091398813156
"X5",-0.899485970283683
"X5",-1.71970232679228
"X5",-1.59811960450729
"X5",-0.749603817443405
"X5",-1.62640452041351
"X5",-0.993750300496194
"X5",-0.496911860522098
"X5",-0.633879797509201
"X5",-0.868022692137494
"X5",-1.35030458446845
"X5",-1.03786450614024
"X5",-0.941981054492661
"X5",-1.34901936064733
"X5",-0.984411672087679
"X5",-0.685461655872972
"X5",-0.977577999154782
"X5",-0.593030534637585
"X5",-0.925953172765355
"X5",-1.03739958052339
"X5",-0.597040370156983
"X5",-0.668593916702055
"X5",-0.927845567956859
"X5",-0.641019764633139
"X5",-1.33512095987067
"X5",-1.16351628320344
"X5",-1.78097919301418
"X5",-1.73702772324583
"X5",-0.599731188006628
"X5",0.089379998
"X5",-0.16277718
"X5",0.044557225
"X5",-0.875094371043953
"X5",-1.36616416673696
"X5",-0.745853110499653
"X5",-1.69126851529081
"X5",-0.908991556771072
"X5",-0.91178927678523
"X5",-0.582644919911584
"X5",-0.897471398245088
"X5",-0.38698436
"X5",-0.860476847573391
"X5",-1.0701599754019
"X5",-1.35583571226895
"X5",-1.73410070335572
"X5",-0.743722003448916
"X5",-1.40966363009678
"X5",-0.84988716442571
"X5",-1.6681806517548
"X5",-0.662346831536754
"X5",-1.07620039384874
"X5",-0.957136967648232
"X5",-0.60538609540664
"X5",-1.48382304666802
"X5",-1.39727512148604
"X5",-1.03079571302679
"X5",-1.2786821616365
"X5",-1.31858829244717
"X5",-0.719436924571451
"X5",-1.68308872348246
"X5",-0.817207255357431
"X5",-0.751596453582425
"X5",-0.964009593405675
"X5",-0.774804236828877
"X5",-1.81674131193476
"X5",-0.828678291539896
"X5",-0.420572157595544
"X5",-1.43409162660366
"X5",-0.412899650390074
"X5",-1.11805401060491
"X5",-1.91727758436933
"X5",-1.05537955894117
"X5",-0.941723601704594
"X5",-0.928595326091986
"X5",-1.12881703018178
"X5",-1.4556473798404
"X5",-0.933924108800352
"X5",-1.2380034768221
"X5",-0.824548357326612
"X5",-0.801384812986672
"X5",0.064315849
"X5",-0.908427237574342
"X5",-0.792795635934261
"X5",-0.915482061134853
"X5",-1.68535721622624
"X5",-1.74801020799073
"X5",-0.7828957995929
"X5",-1.13396731345496
"X5",-0.906177650743752
"X5",-1.79778529533812
"X5",-0.023509695
"X5",-0.476364371589039
"X5",-1.09219049559449
"X5",-1.1671594508583
"X5",-1.93229439200921
"X5",-0.727722602748167
"X5",-0.876100719767117
"X5",-0.321893531849092
"X5",-0.984766372172492
"X5",-0.572341282053334
"X5",-1.04594850661794
"X5",-0.711327043941829
"X5",-0.794663844209878
"X5",-0.329616353080568
"X5",-1.2433403805887
"X5",-1.43561771834439
"X5",-1.00974027395964
"X5",-0.702583207665413
"X5",-1.12765975250388
"X5",-1.17892561760057
"X5",-1.78246237847906
"X5",-1.81347232934467
"X5",-1.06852548072177
"X5",-0.706303477153667
"X5",-0.568733305612619
"X5",-1.23355427776037
"X5",-0.591644211297634
"X5",-0.806482232516097
"X5",-0.895947014147869
"X5",-0.914058484387079
"X5",-1.31131248340988
"X5",-1.88801118414473
"X5",-0.811798005216715
"X5",-0.852525634058138
"X5",-0.936111571793606
"X5",-0.512511473150513
"X5",-0.626808649703132
"X5",-1.48305949925298
"X5",-2.1803674602698
"X5",-1.20536212988121
"X5",-0.443380206862846
"X5",-0.0926179230832752
"X5",-0.823511682445617
"X5",-1.75621377995514
"X5",-0.594952707712219
"X5",-0.315238360708673
"X5",-1.46781272516934
"X5",-0.858799992925472
"X5",-1.16149736691794
"X5",-0.954841295733942
"X5",-0.885886078052364
"X5",-0.83217236697768
"X5",-0.796237686467931
"X5",-0.798023436048798
"X5",-0.895253831521905
"X5",-0.57162746173745
"X5",-0.25700383
"X5",-0.994122688715349
"X5",0.0063805656
"X5",-1.15185054090164
"X5",-1.56658021910728
"X5",-0.898466176680906
"X5",-1.40322752407224
"X5",-0.433289976944617
"X5",-1.02803126957656
"X5",-0.551816062804431
"X5",-1.41998576244073
"X5",-0.931502171676853
"X5",-1.25353769601377
"X5",-1.05786313204345
"X5",-0.832929231421437
"X5",-1.26545908898269
"X5",-0.777888230277019
"X5",-0.492426991719998
"X5",-1.32850644187165
"X5",-1.3072379452836
"X5",-0.217423566579855
"X5",-0.079621722
"X5",-0.18294944
"X5",-0.23288736
"X5",-0.714395917016368
"X5",-0.8595268435206
"X5",-0.703323911140603
"X5",-1.06619050378361
"X5",-1.69454161058393
"X5",-0.43466591459742
"X5",-1.24499955153373
"X5",-1.63645902211978
"X5",-0.728361869909956
"X5",-0.974558901297093
"X5",-0.73699192127001
"X5",-1.24478008444825
"X5",-0.858980039151444
"X5",-1.32489214379363
"X5",-0.720506762428494
"X5",-0.852861002398835
"X5",-1.24464293660732
"X5",-1.70076893179048
"X5",-0.830076441514102
"X5",-1.05757203012929
"X5",-0.931437256591239
"X5",-0.26039998085926
"X5",-0.472571470500067
"X5",-0.667803242076028
"X5",-0.22766633
"X5",-1.13927647943057
"X5",-1.35093781724899
"X5",-0.835448027211754
"X5",-0.759518309677721
"X5",-0.989161746247647
"X5",-1.68739163193941
"X5",-0.927086219881837
"X5",-0.630809909341234
"X5",-1.1964490990252
"X5",-0.459019658418421
"X5",-0.754124235520844
"X5",-0.742934662716847
"X5",-0.877385944502666
"X5",-0.645326826720159
"X5",-1.11024550002251
"X5",-0.544717522960882
"X5",-1.73936403778557
"X5",-0.377843445168947
"X5",-0.845300630346026
"X5",-0.766637028680492
"X5",-0.411440846420126
"X5",-2.07742106417734
"X5",-0.804408107515414
"X5",-1.21065415507976
"X5",-0.373639568489004
"X5",-0.987254324911617
"X5",-1.55868101391712
"X5",-1.4792748731928
"X5",-1.11006986391716
"X5",-1.18365227975936
"X5",-0.711587213405908
"X5",-0.557494950214961
"X5",-1.46872172361784
"X5",-0.764260684433167
"X5",-0.934356002177956
"X5",-0.10795213
"X5",-1.13144485264572
"X5",-1.07135468550344
"X5",-0.54758525521337
"X5",0.052825295
"X5",-1.2295408349528
"X5",-2.1803674602698
"X5",-1.64104583567802
"X5",-0.401496626890316
"X5",-0.737252213685983
"X5",-1.4165259067047
"X5",-0.773249835611297
"X5",-0.976082390189005
"X5",-0.873595370289983
"X5",-0.414299624459954
"X5",-0.823103100033163
"X5",-0.881754959300779
"X5",-0.995632329159892
"X5",-0.31502961
"X5",-0.458042474684172
"X5",-1.81687888394553
"X5",-1.96276773028617
"X5",-0.520836556923266
"X5",-1.71583816344666
"X5",-0.764265510590905
"X5",-0.585501476766033
"X5",-1.32134352742331
"X5",-0.524211493695399
"X5",-0.465970849905301
"X5",-0.778471685885765
"X5",-1.59320142845018
"X5",-1.10801947183283
"X5",-0.887264965425386
"X5",-1.22989234325936
"X5",-0.69683821921068
"X5",-0.41286668495601
"X5",-0.916030342741681
"X5",-1.91172090426959
"X5",-1.0304644087882
"X5",-0.620454058114434
"X5",-1.19595462967782
"X5",-0.905264197570792
"X5",-1.18170401902314
"X5",-1.18947509964953
"X5",-0.806550337978487
"X5",-0.960701997195007
"X5",-0.604662672457028
"X5",-0.998841921110492
"X5",-1.40620598654196
"X5",-1.34416844631066
"X5",-0.748387005145379
"X5",-1.70244217766154
"X5",-1.23496365622871
"X5",-0.481788848526845
"X5",0.069012822
"X5",-1.03422908864449
"X5",-0.810039647917521
"X5",-0.83158208494222
"X5",-1.20115264945278
"X5",-0.524099618422995
"X5",-0.942363916955162
"X5",-0.072099612
"X5",-2.1803674602698
"X5",-2.1803674602698
"X5",-0.954520620201014
"X5",-0.791639203933692
"X5",-1.0772650142845
"X5",-0.603121458720824
"X5",-0.693805413112365
"X5",-0.872522710567116
"X5",-1.75215239592096
"X5",-0.787052046398752
"X5",-1.08727912215218
"X5",-0.949620368493595
"X5",-0.024425985
"X5",-1.18825210215268
"X5",-0.34356644548348
"X5",-0.883809943964296
"X5",-0.85036669017356
"X5",-0.898491546374608
"X5",-1.15556822634748
"X5",-1.06961569178241
"X5",-0.442041781895949
"X5",-0.723205022532591
"X5",-1.16654927651681
"X5",-1.0411467788537
"X5",-1.05158299991985
"X5",-0.86742489853246
"X5",-1.67464818066209
"X5",-1.33389595718088
"X5",-0.852568392424958
"X5",-1.74556457561432
"X5",-1.00263828092693
"X5",-1.03159042476197
"X5",-0.713460239555527
"X5",-1.49510805817063
"X5",-0.721486862065984
"X5",-0.089565939
"X5",-0.856630939975403
"X5",-1.07925731401658
"X5",-1.17281832563096
"X5",-0.906970811855322
"X5",-1.10413535036891
"X5",-0.046963489
"X5",-0.854537928702721
"X5",-1.42981667898555
"X5",-1.01703195681974
"X5",-0.588612343259333
"X5",-0.478400786015923
"X5",-1.37668944127232
"X5",-0.920946728478263
"X5",-0.505601801226544
"X5",-0.862657583119397
"X5",-0.678336421855741
"X5",-0.697900327647471
"X5",-0.3672057
"X5",-1.61435500207416
"X5",-1.38620524401727
"X5",-0.18373654
"X5",-0.694886150031172
"X5",-1.75639645304727
"X5",-0.809219688111132
"X5",-0.900000951696445
"X5",-1.69134885622094
"X5",-1.71246331180584
"X5",-1.28304024994871
"X5",-1.18545867007775
"X5",-0.270015946558185
"X5",-0.696816751119296
"X5",-1.17705727107356
"X5",-0.950067177243769
"X5",-1.00436940234305
"X5",-0.691435527663362
"X5",-1.17851320885373
"X5",-0.693331754786352
"X5",-1.09989960619647
"X5",-0.35363736
"X5",-0.906015143665286
"X5",-1.22299113509869
"X5",-1.38712479956946
"X5",-1.07477672288276
"X5",-0.271718126978202
"X5",-0.716810319137596
"X5",-1.15126126879222
"X5",-0.768852543507932
"X5",-0.85881827939252
"X5",-1.85374549998548
"X5",-1.20352537539222
"X5",-1.10376592171266
"X5",-1.0432386094622
"X5",-1.22934968547541
"X5",-0.633357545550557
"X5",-1.04496262979639
"X5",-2.1803674602698
"X5",-0.753830108829204
"X5",-1.28177723055075
"X5",-0.822180128896963
"X5",-1.0191174087992
"X5",-0.959707827240748
"X5",-0.672566748173003
"X5",-1.00293691616919
"X5",-0.5438403845712
"X5",-0.854248012152575
"X5",-0.758002668169258
"X5",-0.680629520354569
"X5",-0.804819075995913
"X5",-0.856680158493637
"X5",-1.83920517917996
"X5",-1.44676561650777
"X5",-0.592633159124322
"X5",-1.48104050484143
"X5",-1.08032160583774
"X5",-1.1177107734005
"X5",-1.21033943076427
"X5",-1.49387222121841
"X5",-1.38018251322129
"X5",-0.598819005513103
"X5",-1.30084996457421
"X5",-0.854273281009125
"X5",-0.21547277
"X5",-1.76116846524039
"X5",-1.10350764228042
"X5",-0.854298261059446
"X5",-1.70789039692767
"X5",-0.360344835259623
"X5",-0.746188897996156
"X5",-2.1803674602698
"X5",-0.788147699008981
"X5",-1.0887687266577
"X5",-1.59888564476833
"X5",-1.78775935340284
"X5",-0.656232966186956
"X5",-0.495875171066356
"X5",-1.5816767233492
"X5",-0.80255822293921
"X5",-1.22934968547541
"X5",-0.57149482603689
"X5",-0.945555458451618
"X5",-0.612593095572586
"X5",0.027172031
"X5",-0.53963158390506
"X5",-1.15260087438272
"X5",-0.71369159167136
"X5",-0.845758275344206
"X5",-0.756600468009722
"X5",-1.17518535055308
"X5",-1.07182621667517
"X5",-0.907178503731803
"X5",-1.19130854669318
"X5",-0.954150213137709
"X5",-1.03618129965557
"X5",-0.087993375
"X5",-0.685103802634283
"X5",-0.446065278242864
"X5",-0.642762438249435
"X5",-1.79482867897869
"X5",-1.21540829322994
"X5",-1.47516285643872
"X5",0.15360632
"X5",-1.69082906246895
"X5",-0.48030182406748
"X5",-0.075463685
"X5",-1.23027742366205
"X5",-0.927348866025491
"X5",-1.06133380106937
"X5",-1.6794481657927
"X5",-0.596604929108141
"X5",-1.95283803091939
"X5",-1.68482375679852
"X5",-0.493311675845385
"X5",-1.76025253618012
"X5",-0.3008871
"X5",-0.704121877508184
"X5",-0.739270749989831
"X5",-0.740866748307703
"X5",-1.0586565111652
"X5",-1.38471414924405
"X5",-0.716269226069105
"X5",-0.715759837208804
"X5",-0.416188182503358
"X5",-1.21569177638574
"X5",-1.36155026821927
"X5",-1.3104773572135
"X5",-1.29931064652038
"X5",-1.24533247655141
"X5",-1.40799883612287
"X5",-1.20236262959091
"X5",-0.021261252
"X5",-0.643414188887218
"X5",-0.868319733041877
"X5",-0.543636771522342
"X5",-0.680865890181681
"X5",-1.78705387281442
"X5",-0.443329748713471
"X5",-0.747901168092044
"X5",-0.848223849231163
"X5",-0.976331412150328
"X5",-0.796006906995511
"X5",-0.381159117013735
"X5",-0.782094556970031
"X5",-0.65297148729303
"X5",0.19317856
"X5",-0.78494123139213
"X5",-1.60239730549673
"X5",-0.356701363490935
"X5",-0.22042025
"X5",-0.951305267285035
"X5",-0.997254535148728
"X5",-0.855206474347912
"X5",-0.675027591785042
"X5",-1.19902226576863
"X5",-1.43053844046914
"X5",-1.24618257676567
"X5",-0.695515725600358
"X5",-0.743895197890841
"X5",-0.927149275424357
"X5",-0.937757823293038
"X5",-1.13455609604795
"X5",-0.785149064137128
"X5",-0.91880908319463
"X5",-0.797763196429036
"X5",-0.419091970977314
"X5",-0.923416559094085
"X5",-1.1160622192584
"X5",-1.08720281117602
"X5",-0.43324909057997
"X5",-0.76325353565569
"X5",-0.846725451499303
"X5",-0.0080453073
"X5",-0.980504790689045
"X5",-1.57958740905127
"X5",-0.620473137424512
"X5",-1.12398389559415
"X5",-0.710369844165642
"X5",-1.01728003955479
"X5",-0.675536712701117
"X5",0.18903533
"X5",-0.75295338900624
"X5",-1.27807585200242
"X5",-0.200175398123536
"X5",-0.703763358301252
"X5",-1.41864552728133
"X5",-1.30148038870472
"X5",-1.46011337974078
"X5",-1.16293030477488
"X5",-0.743354680406338
"X5",-0.616063421783667
"X5",-0.933393970482783
"X5",-1.31070620660071
"X5",-0.700873595817513
"X5",-1.48838855629726
"X5",-0.1195527
"X5",-0.516339027904819
"X5",-0.540218369803079
"X5",-1.37572897411309
"X5",-1.18638445846405
"X5",-0.778313627230486
"X5",-0.31368015
"X5",-0.69957759837248
"X5",-1.54760360555641
"X5",-0.88807953584788
"X5",-0.19904718
"X5",0.35239482
"X5",-0.384530187215386
"X5",-1.50139105253918
"X5",-0.24528959
"X5",-0.797108279763986
"X5",-1.09094069491758
"X5",-0.76897326898
"X5",-0.876424531033045
"X5",-1.16377389475531
"X5",-1.13249754640854
"X5",-0.829914107333676
"X5",-0.923364927286691
"X5",-1.55030212547661
"X5",-0.794852397673825
"X5",-0.367017580759843
"X5",-1.69491532035551
"X5",-0.715917328098688
"X5",-1.07250302240765
"X5",-0.43184287282094
"X5",-0.065849504
"X5",-0.555040275736883
"X5",-1.73653905473785
"X5",-0.755965371158026
"X5",-0.916675178542953
"X5",-1.99678231653399
"X5",-1.03367024392829
"X5",-1.12041022398465
"X5",-1.00347016685448
"X5",-0.558265571419217
"X5",-1.59598582927507
"X5",-0.665050802565375
"X5",-0.487493082617108
"X5",-1.74040361818431
"X5",-1.64597135913999
"X5",-1.82144246689877
"X5",-1.02716140078019
"X5",-1.20733915732751
"X5",-1.08033449595575
"X5",-0.767468444915226
"X5",-1.37729321964745
"X5",-0.639225552231272
"X5",-1.00219969394907
"X5",-0.422554352121972
"X5",-0.594930476948344
"X5",-0.957167815081025
"X5",-0.673227776629808
"X5",-2.1803674602698
"X5",-0.90888756981935
"X5",-1.76039274216561
"X5",-1.79302384642687
"X5",-0.721089279577103
"X5",0.046025591
"X5",-0.749885825134875
"X5",-1.62139449354353
"X5",-1.16888240346763
"X5",-1.66650246995152
"X5",-1.04359707591413
"X5",-1.07800980232698
"X5",-1.5085561642895
"X5",-0.379455316257453
"X5",-1.638365937786
"X5",-1.18524352085308
"X5",-1.84656477439818
"X5",-0.758797120534236
"X5",-0.764064478443785
"X5",-1.08525840723243
"X5",-1.71546716074946
"X5",-0.520467191766711
"X5",0.028966258
"X5",-0.665424146177246
"X5",-1.09482695303001
"X5",-1.3133263863838
"X5",-1.7061076510551
"X5",-0.679100758286625
"X5",-0.062939179
"X5",-0.732738516938173
"X5",-0.765570313245187
"X5",-1.33418244617045
"X5",-1.49534906770307
"X5",-0.744612492962283
"X5",-0.757455061941452
"X5",-0.844825103621608
"X5",-0.989597165453006
"X5",-1.15365822886214
"X5",-0.851161316915514
"X5",-0.660697751927086
"X5",-0.679074651139378
"X5",-1.21149561162998
"X5",-1.60508906151521
"X5",-0.159891617353997
"X5",-1.45127397924372
"X5",-1.44742900926034
"X5",-1.2130355508333
"X5",-1.16499990679908
"X5",-0.282528302948064
"X5",-1.91538670468866
"X5",-1.99040218266923
"X5",-1.32806985209523
"X5",-0.68121667201023
"X5",-0.847026810390238
"X5",-1.10982006269111
"X5",-0.578062369504887
"X5",-0.77713323396564
"X5",-0.601815423163123
"X5",-1.23227730925641
"X5",-0.825506757156783
"X5",-0.674759675296294
"X5",-1.3568401254747
"X5",-1.62470480248664
"X5",-0.855709681419037
"X5",-1.38903493601297
"X5",-1.11392691266828
"X5",-1.10120018005952
"X5",-0.541653856612168
"X5",-0.729050644791782
"X5",-1.64517801297805
"X5",-0.693997220801387
"X5",-0.950785322875317
"X5",-0.565119656294992
"X5",0.027434106
"X5",-0.66131512638348
"X5",-1.58500952527729
"X5",-1.04828235901257
"X5",-0.879589847725075
"X5",-1.24746314023438
"X5",-0.882707252397199
"X5",-0.824707009077745
"X5",-0.812468242231542
"X5",-0.731033253521636
"X5",-0.987051575771126
"X5",-0.939710653187768
"X5",-0.655053375270467
"X5",-0.743336950768225
"X5",-0.123935698342308
"X5",-0.93713349829175
"X5",-0.859518127894488
"X5",0.085081014
"X5",-1.14643441013991
"X5",-0.891946309080443
"X5",-1.68617056254553
"X5",-0.625419835851058
"X5",-0.419331041227985
"X5",-1.34896486543811
"X5",-1.73909092353367
"X5",-1.10170777553316
"X5",-1.63956449037959
"X5",-1.03718396624563
"X5",-0.395007874552674
"X5",-1.09109594647106
"X5",-0.993686669412991
"X5",-1.07562572501886
"X5",-0.444474406136445
"X5",-0.858257429056664
"X5",-0.882948580845498
"X5",-1.30178908558115
"X5",-0.616941929517646
"X5",-0.601672860751245
"X5",-0.885150674467207
"X5",-0.11433617
"X5",0.094133711
"X5",-0.829905765213845
"X5",-0.369285840947011
"X5",-0.952558078435752
"X5",-0.774789907318706
"X5",-2.1803674602698
"X5",-1.57337743535248
"X5",-0.565902570913392
"X5",-1.26200054808135
"X5",-0.79718179689903
"X5",-0.582914812051949
"X5",-0.883835685706718
"X5",-1.81911685032251
"X5",-0.935256656712701
"X5",-0.503682770835538
"X5",-1.18909010406689
"X5",-0.586892368484775
"X5",0.13280894
"X5",-1.15692408415031
"X5",-1.16145715853086
"X5",-0.473700704433033
"X5",-1.00253398688584
"X5",-1.51333438791466
"X5",-1.01889283422361
"X5",-1.85255906068504
"X5",-1.37849948583134
"X5",-0.951009700819645
"X5",-1.17390405550694
"X5",-1.22267442556275
"X5",-0.132468960724791
"X5",-0.617383654162904
"X5",-1.34594573376398
"X5",-1.02923324719982
"X5",-0.739482840294252
"X5",-0.872609716846746
"X5",-1.0229699560264
"X5",-0.718931406381531
"X5",-1.60264604299966
"X5",-1.04097648381586
"X5",-1.27457004527173
"X5",-0.863114631220666
"X5",0.13216474
"X5",-0.735624561411709
"X5",-0.43822149211802
"X5",-1.05457989318812
"X5",-0.744841904582639
"X5",-0.66096364985521
"X5",-1.07179736742609
"X5",-0.952744684760123
"X5",-1.61788473834082
"X5",-1.20756575532813
"X5",-1.02184331812676
"X5",-0.1177592
"X5",-1.63729788726673
"X5",-0.743675994592235
"X5",-0.465734794937464
"X5",-1.00886640893278
"X5",-1.15206774453534
"X5",-1.13912310634433
"X5",-0.403448430589213
"X5",-1.67720624527355
"X5",-1.16604367449262
"X5",-1.82543689805379
"X5",-1.24238041349437
"X5",-0.362429742893817
"X5",0.19167014
"X5",-0.860441257771972
"X5",-0.198239619742752
"X5",0.073778381
"X5",-0.580678084245311
"X5",-0.614898302511929
"X5",-1.56186143190677
"X5",-0.691828215961496
"X5",-1.37522380362917
"X5",-0.359964169581767
"X5",-1.17082997146214
"X5",-1.27289341625074
"X5",-1.26354949744588
"X5",-1.98487493502103
"X5",-1.43672757187739
"X5",-1.70789549331577
"X5",-0.092193693
"X5",-0.609388031565799
"X5",-1.77176611876825
"X5",-1.03889374644901
"X5",-0.598959035733435
"X5",-1.23455680635536
"X5",-1.03082172206564
"X5",-0.783954739131164
"X5",-1.11767040254875
"X5",-1.20889072769571
"X5",-0.12573006
"X5",-1.31462957932548
"X5",-1.83994870755957
"X5",-0.630732224619723
"X5",-1.34210536077257
"X5",-0.526577607573659
"X5",-1.40361326943447
"X5",-1.7427255956498
"X5",-1.17972795597222
"X5",-0.733385533807994
"X5",-0.476665298673696
"X5",-0.570750492630768
"X5",-1.26035482950949
"X5",-0.756325478524995
"X5",-0.639269266482642
"X5",-1.70541237198833
"X5",-0.902084852982184
"X5",-0.787184108550782
"X5",-0.765057098248291
"X5",-1.03562840303644
"X5",-0.728592329567053
"X5",-0.895812773494998
"X5",-1.49478365678334
"X5",-0.633538938507648
"X5",-0.712794547368152
"X5",-0.877254644427717
"X5",-0.507204556492831
"X5",-0.927722555430387
"X5",-1.23202120291784
"X5",-0.805640912363538
"X5",-0.698383266796953
"X5",-1.43608758556128
"X5",-1.32971765760351
"X5",-0.831678502668874
"X5",-0.814048862867575
"X5",-0.895116633024762
"X5",-0.578792369232294
"X5",-0.834614402867393
"X5",-0.35751911
"X5",-1.03071469569891
"X5",-0.96705071250145
"X5",-0.517360095188712
"X5",-1.87754973553336
"X5",-0.726667067959757
"X5",-0.615004025169957
"X5",-0.324325157902881
"X5",-0.836769330072804
"X5",-0.897310110353061
"X5",-0.785569484414085
"X5",-0.576676027434385
"X5",-1.07406042553758
"X5",-1.10478194574747
"X5",-1.75041758587785
"X5",-1.02876076875358
"X5",-1.23834343435192
"X5",-1.26916016599968
"X5",-0.707137235580906
"X5",-0.817555759188398
"X5",-0.596003332874061
"X5",-1.31922394295558
"X5",-1.04361108007464
"X5",-0.701620307828532
"X5",-0.17176821
"X5",-1.41949947019045
"X5",-1.3669195358548
"X5",-0.612904669231546
"X5",-1.10971304919011
"X5",-1.64484028041614
"X5",-0.750421974448851
"X5",-1.30614038650357
"X5",-1.02601638669214
"X5",-0.416779163231404
"X5",-1.34132346753197
"X5",-0.935583264817104
"X5",-0.805489759383683
"X5",-0.608847293744371
"X5",-0.562286416570361
"X5",-1.37005107524041
"X5",-0.358244621122116
"X5",-1.0186014636715
"X5",-1.20049338239195
"X5",-1.38926569693866
"X5",-1.54778343486305
"X5",-0.547792739206436
"X5",-0.740883448352799
"X5",-0.849252365542098
"X5",-0.418364028030272
"X5",-1.01525670324119
"X5",-1.83553349826493
"X5",-0.666131508497548
"X5",-1.3570171062943
"X5",-1.85491451466029
"X5",-0.667809742920858
"X5",-0.920524958429685
"X5",-0.554148439026908
"X5",-0.695749554398157
"X5",-0.772047623252792
"X5",-1.04967414958513
"X5",-1.05035493098863
"X5",-0.570993150673086
"X5",-1.11777946059562
"X5",-1.00832569541559
"X5",-1.05616204954855
"X5",-0.22941287
"X5",-1.80639943700071
"X5",-0.20925194
"X5",-2.07739224503372
"X5",-1.10452045198886
"X5",-0.800658425696295
"X5",-1.1761322743979
"X5",-1.02920938824546
"X5",-0.974872504352757
"X5",-1.16570741320858
"X5",-1.3933424206807
"X5",-0.675035029707587
"X5",-0.520370872542849
"X5",-1.38052260477993
"X5",-0.686878303642426
"X5",-0.309396732147904
"X5",-0.516979731922698
"X5",-0.358139042435554
"X5",-0.839212889202757
"X5",-0.665831168627184
"X5",-0.761859603470532
"X5",-0.577183043446299
"X5",-0.924891600996449
"X5",-1.8471854572492
"X5",-0.916793523307189
"X5",-1.28623172878678
"X5",-1.49066437907609
"X5",-0.750021260604638
"X5",-1.12897957112387
"X5",-1.78895465081407
"X5",-1.83510440331693
"X5",-2.1803674602698
"X5",-1.08237783653449
"X5",-0.939973797340528
"X5",-0.45824140694967
"X5",-1.27627250882431
"X5",-1.7853130339311
"X5",-1.63351881573507
"X5",-0.679830963080957
"X5",-1.58499378040326
"X5",-1.15676378795823
"X5",-1.29986949662446
"X5",-1.48524242715715
"X5",-0.79994636293842
"X5",-0.925157135015329
"X5",-0.918262056643073
"X5",-0.6798600111368
"X5",-1.12833828163801
"X5",-1.84771709599021
"X5",-0.853664469097029
"X5",-0.905401600158814
"X5",-0.622457211341043
"X5",0.18501063
"X5",-0.624344812939214
"X5",-0.710397368088248
"X5",-0.61799651399232
"X5",-0.847750149609635
"X5",-0.500496318893483
"X5",-1.20773569897834
"X5",-0.552535720214099
"X5",-1.01822298863434
"X5",-1.68628508233361
"X5",-0.957243455201251
"X5",-1.31499226099961
"X5",-1.74525668529742
"X5",-1.36620491925388
"X5",-1.89954929089837
"X5",-0.896953547346303
"X5",-0.727051352439812
"X5",-0.384727949073052
"X5",-1.21587818018095
"X5",-0.679483986748524
"X5",-0.854159158322629
"X5",-1.7601897187958
"X5",-1.38461343360664
"X5",-0.880163023950911
"X5",-0.776279490590722
"X5",-0.758379946855957
"X5",-1.64937759374989
"X5",-1.57009467826287
"X5",-1.04444081497138
"X5",-1.80425292468218
"X5",-0.874766449352167
"X5",-0.79368552786175
"X5",-1.23831288135387
"X5",-0.771946378271748
"X5",-0.955737850045244
"X5",-1.30578176996372
"X5",-0.943167107134011
"X5",-1.19686368284963
"X5",-0.947395966143253
"X5",-0.334015711695355
"X5",-1.55949358183119
"X5",0.053442292
"X5",-0.141627619553091
"X5",-1.20492293166624
"X5",-1.3819712166347
"X5",-0.805820984878463
"X5",-0.830472676726499
"X5",-0.984186198767899
"X5",-0.588191060249075
"X5",-1.33899582621388
"X5",-0.962053934228588
"X5",-1.69880658672774
"X5",-0.605359204538686
"X5",-0.618583333096087
"X5",-1.17135779386019
"X5",-0.422561423794792
"X5",-0.984112406217625
"X5",-0.825922857142352
"X5",-0.87328800498567
"X5",-0.758461183886889
"X5",-1.52460588363146
"X5",-1.14006382665131
"X5",-0.732732260033749
"X5",-1.55631953810288
"X5",-1.78885793010637
"X5",-0.573105827946419
"X5",-0.768512269484902
"X5",-0.616133370909471
"X5",-1.57890212467735
"X5",-1.71222374166695
"X5",-0.201535334731972
"X5",-1.43464116506102
"X5",-0.929306712393346
"X5",-1.04648114897644
"X5",-0.868478720930192
"X5",-1.58583495061227
"X5",-1.26531463932942
"X5",-0.717267096926993
"X5",-0.992401429117653
"X5",-0.481675222099013
"X5",-1.84393982098465
"X5",-1.21399039795994
"X5",-0.99557441470041
"X5",-0.743362311168645
"X5",-0.876022755248814
"X5",-1.49121751004218
"X5",-1.06812488286227
"X5",-0.257163628911399
"X5",-0.558214740111098
"X5",-0.15791358
"X5",-0.25095032
"X5",-0.860046638932
"X5",-1.87102265182734
"X5",0.26798068
"X5",-0.95375173382765
"X5",-0.892696154827979
"X5",-1.26382964807567
"X5",-0.962566649329329
"X5",-0.22383384
"X5",-0.61174743014065
"X5",-1.44946919395395
"X5",-0.779025274793946
"X5",-0.645914928150131
"X5",-1.19816236079408
"X5",-1.05956770323082
"X5",-0.798743765988358
"X5",-0.832444876345545
"X5",-1.08172218340108
"X5",-0.883566711829202
"X5",-1.45831587660386
"X5",-1.52733454907777
"X5",-0.896876989393098
"X5",-1.34875760285738
"X5",-1.30060252150344
"X5",-1.42086961993644
"X5",-0.988858857175236
"X5",-1.8452630937746
"X5",-0.730622836876677
"X5",-1.7159434885038
"X5",-1.44255003802499
"X5",-0.970271560005056
"X5",-1.01408864004606
"X5",-0.684693167565944
"X5",-0.9020542221131
"X5",-1.37815396032147
"X5",-0.272459290509298
"X5",-0.7741392416618
"X5",-0.110584148344847
"X5",-2.1803674602698
"X5",-0.54618708884474
"X5",-1.82202230285802
"X5",-1.13829234201434
"X5",-0.65398764962213
"X5",-0.461587557436356
"X5",-1.26290278169587
"X5",-1.20978525691864
"X5",-0.516239468296405
"X5",-1.01961006217798
"X5",-0.514726220476485
"X5",-1.00340504866034
"X5",-1.71880824181819
"X5",-0.896070460043451
"X5",-1.53272338141004
"X5",-0.843539533485113
"X5",-1.84441696798059
"X5",-2.14029748862041
"X5",-1.49742034868368
"X5",-0.548541156888213
"X5",-0.805197356351525
"X5",-0.486459086085797
"X5",-1.13150027968918
"X5",-1.53612561059668
"X5",-1.68815597608936
"X5",-1.69788494378045
"X5",-0.505043809622635
"X5",-1.23034068285174
"X5",-1.18512602173188
"X5",-0.756303933309573
"X5",-0.721908467621944
"X5",-0.72040971908565
"X5",-1.52365405881465
"X5",-0.859185595526187
"X5",-0.4255131
"X5",-0.448510039667714
"X5",-0.814506026482646
"X5",-0.652784902771964
"X5",-1.84172579688486
"X5",-0.59547316
"X5",-0.706980723041429
"X5",-0.364468394570893
"X5",-0.639346066299808
"X5",-0.13504303
"X5",-0.897807950337036
"X5",0.23451212
"X5",-0.771582288959589
"X5",-1.21312924157688
"X5",-0.842414682490081
"X5",-0.970069700053546
"X5",-0.887490850907231
"X5",-1.64219551803463
"X5",-1.66925209517644
"X5",-1.21254304202687
"X5",-0.568942835492932
"X5",-1.69744565947545
"X5",-1.42331330800826
"X5",-1.37465901178454
"X5",-1.04184057507857
"X5",-0.98792607390816
"X5",-0.955231461120629
"X5",-0.773483843700069
"X5",-1.00740506408168
"X5",-0.892005513476132
"X5",-1.6553993050603
"X5",-0.979213796998725
"X5",-1.12044558136527
"X5",-0.716549013525892
"X5",-1.30827551075051
"X5",-1.29737542526838
"X5",-0.828643551006178
"X5",-1.02150430713199
"X5",-1.46983896535468
"X5",-1.4622460047955
"X5",-1.15564382395309
"X5",0.011644736
"X5",-0.672478706589013
"X5",-0.88864240029458
"X5",-0.797676394763583
"X5",-0.33988195
"X5",-1.29311303764877
"X5",-0.666101060249658
"X5",-0.961098503287069
"X5",-0.900100934331276
"X5",-0.686592435101148
"X5",-0.975171890296965
"X5",-1.38523968732971
"X5",-1.08753596274712
"X5",-1.72875465404664
"X5",-0.804944082936436
"X5",-0.926044004072507
"X5",-0.911357929086622
"X5",-1.06457829939823
"X5",-1.63837041023168
"X5",-0.66084185373792
"X5",-1.30477683298504
"X5",-0.92479983510202
"X5",-1.05512318216407
"X5",-0.34226451
"X5",-0.741893030556767
"X5",-0.099884544
"X5",-0.590308162896177
"X5",-0.697231727480804
"X5",-1.22927648803011
"X5",-0.941200868072822
"X5",-0.78475672268715
"X5",-1.18665531276584
"X5",-0.544512148193308
"X5",-0.880184155886992
"X5",-1.20130135415654
"X5",-1.70966716415528
"X5",-0.613142210231704
"X5",-2.00560043707864
"X5",-0.72049590370758
"X5",-1.74359653348971
"X5",-1.05786348890963
"X5",-0.044088196
"X5",-1.16692353134865
"X5",-1.16459640495501
"X5",-0.837350623496259
"X5",-1.04644895526502
"X5",-1.27614573571392
"X5",-0.758038028421511
"X5",-0.391355126087604
"X5",0.21172602
"X5",-0.95991209069154
"X5",-0.593372906722208
"X5",-1.91677005001175
"X5",-0.87907276495237
"X5",-1.14085290095165
"X5",-0.960487157299902
"X5",-0.593495382214508
"X5",-1.16986489257336
"X5",-0.794817178388931
"X5",-0.011473727
"X5",-2.1803674602698
"X5",-0.873023878911494
"X5",-1.05681809512731
"X5",-0.931455647973398
"X5",-0.817918335286002
"X5",-1.21450261703767
"X5",-1.76240321289104
"X5",-0.635896722786943
"X5",-1.13978070896897
"X5",-0.913913191299469
"X5",-0.860774691770497
"X5",-1.38482299531692
"X5",-0.872716543531206
"X5",0.0099187966
"X5",-0.56341359433571
"X5",-0.769876773488993
"X5",-0.709145348002089
"X5",-1.40759712981051
"X5",-1.64585805564455
"X5",-1.59897427684887
"X5",-1.0736291793138
"X5",-1.04634618777516
"X5",-0.491324492285265
"X5",-1.72552537719961
"X5",-1.84538548294425
"X5",-1.32395016455166
"X5",-0.664056232762528
"X5",-0.5537539984179
"X5",-0.255313121557003
"X5",-1.2032514779321
"X5",-1.20308453253165
"X5",-0.715487649118296
"X5",-0.644225996504049
"X5",-1.08181003696473
"X5",-1.22876034659645
"X5",-0.813182511497057
"X5",-0.522068985316478
"X5",-0.368499475646575
"X5",-0.930238947523296
"X5",-1.25781009799865
"X5",-1.65771232077397
"X5",-0.770986276944525
"X5",-0.755395397906088
"X5",-0.786544217383049
"X5",-1.1064347340134
"X5",-1.20161476117273
"X5",-0.603027731158364
"X5",-1.00575982153715
"X5",-0.954572497890103
"X5",-1.11865204446658
"X5",-1.60132382602269
"X5",-0.237596447575652
"X5",0.089019599
"X5",-1.13036587196555
"X5",-0.613659400017459
"X5",-2.1803674602698
"X5",-0.337659136592997
"X5",-1.19068643860097
"X5",-2.1803674602698
"X5",-0.384729074482076
"X5",-1.78364532567271
"X5",-1.02325859800783
"X5",-1.04132587591156
"X5",-1.03982171538603
"X5",-1.15828480485053
"X5",-0.286845446304311
"X5",-1.03606704547512
"X5",-1.62482079999339
"X5",-1.33222731439879
"X5",-1.55811145480543
"X5",-1.38723595704959
"X5",-1.29835164909814
"X5",-0.965518090889977
"X5",-0.589390518681569
"X5",-0.662118143086021
"X5",-1.02547585399259
"X5",-0.401858084189767
"X5",-0.843797632295772
"X5",-0.91047624543187
"X5",-0.80432924870782
"X5",-1.50194343030054
"X5",-0.264530647879825
"X5",-1.10574784421484
"X5",-1.03215271562584
"X5",-0.897116930177181
"X5",-0.14635556
"X5",-0.856377757615794
"X5",-1.38878761768935
"X5",-0.646594469295197
"X5",-1.37413419634453
"X5",-1.49587747381732
"X5",-0.929632455870176
"X5",-1.02782108789692
"X5",-0.961765368437324
"X5",-0.946760312468958
"X5",-1.10643297670079
"X5",-0.831684727869275
"X5",-0.709238140353974
"X5",-0.853816693417003
"X5",-1.94425850646536
"X5",-1.06703146520276
"X5",-0.839745315670046
"X5",-0.770882977717599
"X5",-0.34318789
"X5",-1.25884837010998
"X5",-0.861548688884667
"X5",-0.799288957494467
"X5",-0.660118484908259
"X5",-1.17559245678793
"X5",-1.83007508385741
"X5",-1.30032508064622
"X5",-1.39365922491612
"X5",-0.596789455755896
"X5",-0.420806247579914
"X5",-0.764631481039599
"X5",-0.576998439809138
"X5",-0.882959367780469
"X5",-0.438630806487899
"X5",-0.66151052217177
"X5",-0.895667048831784
"X5",-1.776555364611
"X5",-1.09304591987656
"X5",-1.07940881400037
"X5",-0.837529164021037
"X5",-1.85521813703476
"X5",-1.56066566109801
"X5",-0.872766668326551
"X5",-1.59167397782132
"X5",-0.445843972452974
"X5",-0.97744642749706
"X5",-0.950599358235333
"X5",-0.894125012918423
"X5",-0.718809253745793
"X5",-1.74663025517918
"X5",-0.795557296284486
"X5",-0.565644095235541
"X5",-1.43362544452275
"X5",-1.07752525370812
"X5",-1.28132450152742
"X5",-1.38373644867768
"X5",-1.44311923535099
"X5",-0.887557959841464
"X5",-0.666576733405959
"X5",-0.914434854115717
"X5",-1.06365966246443
"X5",-1.27817901275409
"X5",-1.00635872520694
"X5",-0.871474574052642
"X5",-0.471998088593048
"X5",-0.813286786313556
"X5",-1.29356325444052
"X5",-0.813973826737474
"X5",-1.55002451327221
"X5",-0.15787201
"X5",-1.1241076008903
"X5",-1.05336452210859
"X5",-1.43433237171722
"X5",0.27027851
"X5",-0.522019880972444
"X5",-0.972644829249267
"X5",-0.770851963564263
"X5",-0.63079637793465
"X5",-0.795806764043818
"X5",-0.359812283521088
"X5",-0.344679878426408
"X5",-0.32100235
"X5",-1.62603148620422
"X5",-1.3613678455132
"X5",-0.972841034523279
"X5",-0.0016710354
"X5",-0.971568844602976
"X5",-1.06764598185851
"X5",-0.14261819
"X5",-1.0406063152138
"X5",-1.37815396032147
"X5",-0.802388217941181
"X5",-0.850711387526379
"X5",-0.756442646677571
"X5",-0.130882757156874
"X5",-1.90631388473131
"X5",-0.20091421
"X5",-0.55143307287441
"X5",-0.853295553259081
"X5",-0.446847252456911
"X5",-1.92360182094687
"X5",-0.679847226170733
"X5",-0.632601242428454
"X5",-0.964764914197257
"X5",-0.995781792377812
"X5",-0.500075348923097
"X5",-1.01802327333366
"X5",-0.753072991531464
"X5",-0.884992068355875
"X5",-0.732884506881587
"X5",-0.563098698733629
"X5",-1.39888803522543
"X5",-0.311558537797457
"X5",-1.24892013325511
"X5",-0.54374854540368
"X5",-1.65149621180798
"X5",-1.87075106660533
"X5",-0.68762592177261
"X5",-0.107237150299568
"X5",-0.665031368530941
"X5",-0.557279069380264
"X5",-0.668949512123421
"X5",-1.07286058493469
"X5",-1.09949884079768
"X5",-0.843490697122992
"X5",-1.07507455551177
"X5",-1.91491519256365
"X5",-1.07480235205308
"X5",-1.3035293536335
"X5",-0.639089385493873
"X5",-0.673669759908166
"X5",-0.966892298113012
"X5",-0.708337856397602
"X5",-0.57857773014119
"X5",-1.03043799411214
"X5",-0.94634846371582
"X5",-1.03508448643339
"X5",-1.817062169531
"X5",-0.512232864698162
"X5",-0.900007395436149
"X5",-1.80698720408269
"X5",-0.266545933987587
"X5",-1.8978180548541
"X5",-0.705014403757727
"X5",-0.853162116601975
"X5",-1.51104570923274
"X5",-0.516501745079117
"X5",-0.57634562209301
"X5",-1.07547759418322
"X5",-0.990051615796348
"X5",-0.876958419648533
"X5",-0.566438564407596
"X5",-0.661710767887604
"X5",-1.07678465777822
"X5",-1.82748373162697
"X5",-1.53850482244609
"X5",-1.43998064533478
"X5",-1.15116542074757
"X5",-1.22163472011893
"X5",-0.734105830672031
"X5",-1.01606563920463
"X5",-0.00052200354
"X5",-1.04090627933115
"X5",-1.07577357833574
"X5",-0.898006549052583
"X5",-0.71464492564576
"X5",-0.20198518
"X5",-0.514496729761515
"X5",-0.996638408129263
"X5",-1.0274725812915
"X5",-1.26984228309949
"X5",-2.16577318943675
"X5",-0.833664536969085
"X5",0.14518701
"X5",-0.652880412488165
"X5",-1.63320885200125
"X5",-1.11791861249658
"X5",-0.601590039836065
"X5",-0.592633259616741
"X5",-0.61443902823512
"X5",-1.50273309578662
"X5",-0.398468010630824
"X5",-0.572596391265339
"X5",-0.689463117922993
"X5",-1.19588933959047
"X5",-0.731308266782796
"X5",-1.87403924835709
"X5",-1.30924265320847
"X5",-0.787388908191182
"X5",-1.26202631685354
"X5",-1.50260965089974
"X5",-0.642631314923583
"X5",-0.738276183879179
"X5",-1.68415564723602
"X5",-1.66815030301116
"X5",-1.071696492749
"X5",-1.15972501366227
"X5",-0.10865481
"X5",-1.35455634714343
"X5",-0.649013833789487
"X5",-0.27100811
"X5",0.031064387
"X5",-1.01837794636222
"X5",-0.881143619452159
"X5",-0.914871215612117
"X5",-1.79337545142979
"X5",-1.85199444507216
"X5",-1.46779622391947
"X5",-0.987054445693884
"X5",-0.70191962035051
"X5",-0.94246633690815
"X5",-1.58729727753071
"X5",-1.24701459229097
"X5",-0.571473699791811
"X5",-1.69739944163056
"X5",-0.499842001302207
"X5",-1.14864147576791
"X5",-0.807571152136624
"X5",-1.17756508406971
"X5",-0.839373158320874
"X5",-0.985952709075205
"X5",-1.32371651018561
"X5",-0.771413894436822
"X5",-1.21859368869564
"X5",-1.10196642200176
"X5",-1.50345639046834
"X5",-0.947146414907001
"X5",-0.415577527738678
"X5",-0.893403207222456
"X5",-0.97662640990999
"X5",-0.451453624549487
"X5",-1.05580834916712
"X5",-0.293199665332463
"X5",-0.247332207809722
"X5",-1.56017483615634
"X5",-1.34699862796475
"X5",-0.680419646350478
"X5",-1.59622440757482
"X5",-0.566324841336301
"X5",-0.21797359
"X5",-1.57660095860878
"X5",-0.635618503024161
"X5",-1.04369554255268
"X5",-0.826314542289921
"X5",-1.41966448313975
"X5",-1.13336141175681
"X5",-0.648937550351709
"X5",-1.68503351742586
"X5",-0.695163387079745
"X5",-1.71852790265742
"X5",-0.542629251134355
"X5",-0.918133477498492
"X5",-0.826065616292144
"X5",-0.338992380505581
"X5",-1.67555790225433
"X5",-0.408324248404167
"X5",-0.369627324086346
"X5",-0.709162216504391
"X5",-0.87234633453524
"X5",-0.075400113
"X5",-1.22568043372375
"X5",-1.90758632696433
"X5",-1.65688079569736
"X5",-1.42667681780541
"X5",-0.886831857048143
"X5",-1.87411995280695
"X5",-0.691379085484854
"X5",-0.999064205126892
"X5",-1.139132942859
"X5",-1.2671871040525
"X5",-1.14077125663054
"X5",-1.06823194836678
"X5",-1.60836574529201
"X5",-0.752872489159941
"X5",-0.791985113703328
"X5",-0.27700024
"X5",-1.99414412190414
"X5",-0.542600253600073
"X5",-1.78434267903532
"X5",-1.34667229364885
"X5",-1.16443821706927
"X5",-0.32477617
"X5",-0.568776767996312
"X5",-0.933017908723814
"X5",-1.72143454654031
"X5",-0.779455094834609
"X5",-1.00391380605895
"X5",0.19726546
"X5",-0.688370811409313
"X5",-0.799547921842805
"X5",-1.2720868332716
"X5",0.037170001
"X5",-1.73347618024776
"X5",-1.13999528997587
"X5",-1.33197576985006
"X5",-0.70102707957029
"X5",-0.840544126282101
"X5",-1.03860968568585
"X5",-1.74175361053537
"X5",-0.841941351860259
"X5",-0.611797884641206
"X5",-1.71575890453944
"X5",-0.829587336747027
"X5",-0.63672528725071
"X5",-0.632821368327401
"X5",-1.21312256364412
"X5",-0.679043673389414
"X5",-1.00489916399618
"X5",-0.461144532026674
"X5",-1.14035493108572
"X5",-0.508427816626465
"X5",-0.770529071689649
"X5",-0.793482678412019
"X5",-0.785856461740352
"X5",-1.16250807605382
"X5",-1.96101992199735
"X5",-0.674905083909686
"X5",-1.3773379519192
"X5",-1.91027494260777
"X5",-0.636014660111865
"X5",-1.36424883370488
"X5",-1.68385077806701
"X5",-1.15728524711574
"X5",-1.57538332817723
"X5",-0.800957893995661
"X5",-1.10847638443894
"X5",-1.17187077259908
"X5",-1.83239579464896
"X5",-1.41285488226272
"X5",-1.46474258294224
"X5",-0.81619267482532
"X5",-0.877859684778268
"X5",-1.70207205527821
"X5",-0.944629311590612
"X5",-0.777602023082198
"X5",-0.556004857221577
"X5",-1.04402051649795
"X5",-0.884433729888848
"X5",-0.582923010210804
"X5",-1.37269772025507
"X5",-0.868847603209747
"X5",-0.46147847719424
"X5",-1.77674772529554
"X5",-0.875325051993469
"X5",-0.900622564885682
"X5",-0.705505744828984
"X5",-2.1803674602698
"X5",-1.70506268260625
"X5",-1.42211023094635
"X5",-0.493354566433465
"X5",-1.07218023973746
"X5",-1.08845243204362
"X5",-0.7659775154449
"X5",-0.27253439
"X5",-1.34480782550436
"X5",-0.649080558478518
"X5",-1.68829586883083
"X5",0.18452778
"X5",-0.94557311722672
"X5",-0.87650952172184
"X5",-0.428113753805313
"X5",-0.940058061489019
"X5",-1.72466370601524
"X5",-0.618229265094849
"X5",-1.17858927423042
"X5",-0.434342133171466
"X5",-1.67020775032152
"X5",-0.267240119218512
"X5",-0.82960558697202
"X5",-0.937884794279777
"X5",-0.901426314624451
"X5",-1.14239593626279
"X5",-0.857487233726639
"X5",-0.692253827032531
"X5",-0.617104631061223
"X5",-1.55605928602207
"X5",-0.677741251307655
"X5",-0.717547753162566
"X5",-1.8888206146191
"X5",-1.9178463900162
"X5",-0.978889123830406
"X5",-0.69884766511081
"X5",0.081977015
"X5",-1.80838174477733
"X5",-1.16779382089679
"X5",-1.71058497689213
"X5",-1.09089071393593
"X5",-1.02438522143181
"X5",-0.613047888703793
"X5",-0.711550188542646
"X5",-0.798938652244947
"X5",-1.388564974942
"X5",-1.87932485935748
"X5",-1.7338437825912
"X5",-0.525264893282063
"X5",-0.508990065482743
"X5",-1.2290689651076
"X5",-0.656801548369513
"X5",-0.35303064633589
"X5",-1.62060237241003
"X5",-1.03330465964739
"X5",-0.738361365994503
"X5",-1.04228894472402
"X5",-0.863961869420764
"X5",-0.556105027053006
"X5",-1.55243954175192
"X5",-0.451746672121412
"X5",0.23952754
"X5",-1.21255819222313
"X5",-1.69378578769286
"X5",-0.996757458123177
"X5",-0.715292658604182
"X5",-0.823924842137007
"X5",-1.14077201660249
"X5",-0.925397488874047
"X5",-0.888274263122102
"X5",-1.33359173198355
"X5",-1.22422611082396
"X5",-1.8461475256952
"X5",-1.31487885937575
"X5",-0.670329950663675
"X5",-0.32641954105431
"X5",-1.69841132422531
"X5",0.078997132
"X5",-1.03089436618669
"X5",-1.82309620018542
"X5",-0.802604625218023
"X5",-1.66357997958744
"X5",-0.930585239854063
"X5",-0.657790967302868
"X5",-1.83533589408959
"X5",-0.88889793
"X5",-1.03187697736466
"X5",-1.8369508922384
"X5",-0.998722127206404
"X5",-0.937436958033995
"X5",-0.987723348256041
"X5",-0.990106395218511
"X5",-0.869866921587735
"X5",-0.848094044649969
"X5",-0.659230600721239
"X5",-0.0018636117
"X5",-0.913382186461224
"X5",-2.1803674602698
"X5",-0.833392178186194
"X5",-0.865450881083922
"X5",-0.785051331158318
"X5",-1.02459897318133
"X5",-1.75400199165224
"X5",-1.35134288790117
"X5",-1.69117058379901
"X5",-0.635568529993141
"X5",-0.903860157692447
"X5",-0.0095557287
"X5",-0.0825671892009293
"X5",-0.60959789303254
"X5",-0.931634939666523
"X5",-0.636806473749007
"X5",-1.86324817743921
"X5",-0.892713335069248
"X5",-0.0515827452274583
"X5",-0.801623090780138
"X5",-1.18070802374125
"X5",-0.794333820044694
"X5",-1.19821278718247
"X5",-0.795450151902347
"X5",-1.80523645979432
"X5",-0.820032162720564
"X5",-1.76680292792539
"X5",-0.937360658713255
"X5",-0.92327680908935
"X5",-0.790785910686621
"X5",-0.820987741906105
"X5",-1.1102430581165
"X5",-1.82879414391899
"X5",-1.13388150467289
"X5",-1.0993753021952
"X5",-0.971259825008582
"X5",0.00417082224417191
"X5",-0.827301968421395
"X5",-0.463479831441606
"X5",-1.67018419625155
"X5",-1.56135847386552
"X5",-0.958204778220468
"X5",-0.604786911661812
"X5",-0.897226135087185
"X5",-0.850046648642697
"X5",-1.36445393119269
"X5",-0.965755888482622
"X5",-0.733245697288997
"X5",-1.07823660104013
"X5",-1.23779587606869
"X5",-0.016929271
"X5",-0.061775914
"X5",-1.14738500111663
"X5",-1.71923509930325
"X5",-0.877521953787513
"X5",-1.00999211856507
"X5",-1.02802746806256
"X5",-0.023025375
"X5",-0.967074476300637
"X5",-0.904062009556414
"X5",-0.9272539072167
"X5",-1.69935021618626
"X5",-0.664616584818783
"X5",-1.03900355186483
"X5",-0.819797936881274
"X5",0.023541799
"X5",-0.106292205966553
"X5",-0.757955273988335
"X5",-0.900896551295458
"X5",-2.1803674602698
"X5",-0.869322848780127
"X5",-0.561145182271873
"X5",-0.378030395249023
"X5",-0.818362149465005
"X5",-1.00798796722385
"X5",-1.73630331251987
"X5",-1.64138713811908
"X5",-1.18164353327582
"X5",-1.19021550115539
"X5",-0.935686959591155
"X5",-1.82581971643379
"X5",-1.18333241123284
"X5",-0.26123576
"X5",-1.02666172058679
"X5",-1.42487222879518
"X5",-0.58963455562727
"X5",-1.69627315395803
"X5",-1.4200992882049
"X5",-1.03270344988335
"X5",-0.708856592687495
"X5",-0.46800927
"X5",-1.48479232748147
"X5",-0.566142337912772
"X5",-1.25077076982309
"X5",-1.80368668861471
"X5",-0.397587934590468
"X5",-1.36764156627825
"X5",-0.877577641757483
"X5",-1.2749662736805
"X5",-0.891199456075961
"X5",-0.787255943711444
"X5",0.099571948
"X5",-1.13053885126325
"X5",-1.59416286604979
"X5",-1.7913003220538
"X5",-1.03752027636079
"X5",-0.855065612538847
"X5",-0.672140704163592
"X5",-1.12201009373671
"X5",-1.07503618043807
"X5",-0.778347915725132
"X5",-0.972916681793404
"X5",-0.737765795888063
"X5",-0.753118365800406
"X5",-0.661205908412795
"X5",-1.13582347167275
"X5",-1.64073284366693
"X5",-1.3724549721243
"X5",-0.29808206
"X5",-1.86921227814928
"X5",-0.925059081441062
"X5",-0.791720599144682
"X5",-1.68624742431508
"X5",-1.04515550096342
"X5",-0.691295047161708
"X5",-1.80668633961126
"X5",-0.688925855968764
"X5",-0.779864984994197
"X5",-2.1597182785932
"X5",-0.922058474431621
"X5",-0.595302208938982
"X5",-0.419621018905758
"X5",-0.969851647506313
"X5",-1.01136827985256
"X5",-1.06645861515797
"X5",0.045014298
"X5",-1.14107618186484
"X5",-1.1935775200849
"X5",-1.39579505031202
"X5",-0.901341728171205
"X5",-0.707879126141743
"X5",-0.376896556979034
"X5",-1.23863278234643
"X5",-0.966539733601542
"X5",-0.305278057345752
"X5",-1.70442895672047
"X5",-0.14384532
"X5",-1.0745440713875
"X5",-1.42649484459763
"X5",-0.71782413346492
"X5",-0.878207461631096
"X5",-0.857147010707786
"X5",-1.57608987156562
"X5",-1.7770973334834
"X5",-0.11780721
"X5",-0.680414513616729
"X5",-1.5558782650935
"X5",-0.630133238520789
"X5",-0.946128880119153
"X5",-1.20777206737812
"X5",-0.35252194
"X5",-1.00838922388343
"X5",-0.851019735922257
"X5",-1.37823308394524
"X5",-0.51115199
"X5",-0.938105402367199
"X5",-0.688555494276619
"X5",-1.11010209231478
"X5",-0.402083374248541
"X5",-1.57568999282581
"X5",-0.798682683610711
"X5",-0.972360164609362
"X5",-1.09930551485592
"X5",-0.984294301558878
"X5",-1.06658598651789
"X5",-1.79564916218369
"X5",-0.270588505212024
"X5",-0.764067074394994
"X5",-0.940621695243019
"X5",-1.01788869106909
"X5",-0.722087320387325
"X5",-1.62533691483978
"X5",-0.682699681219154
"X5",-1.41405977948587
"X5",-1.76355836331023
"X5",-0.644505697216724
"X5",-0.955684999819678
"X5",-1.4712339329446
"X5",-1.04259366852627
"X5",0.048552571
"X5",-0.964387185980324
"X5",-0.617477692879297
"X5",-0.531427412041504
"X5",-0.796115837517119
"X5",-0.656841296876442
"X5",-1.19475606302052
"X5",-0.661221640152531
"X5",-0.778490929539278
"X5",-1.39376957122967
"X5",-0.971240238611517
"X5",-0.731567647861263
"X5",0.2604809
"X5",-0.754990344351037
"X5",-0.833641174294983
"X5",-0.661296856242861
"X5",-0.630474955146787
"X5",0.13840295
"X5",-1.05176622798485
"X5",-0.901641107768253
"X5",-0.576710146905271
"X5",-0.764879041648075
"X5",-1.77843177464056
"X5",-1.791835952428
"X5",-0.816290673271399
"X5",-1.2352711838294
"X5",0.21881823
"X5",-0.890356410888821
"X5",-0.907115258713912
"X5",-0.785793570603741
"X5",-0.416552656489825
"X5",-0.969211387228026
"X5",0.1592492
"X5",-0.808159429222335
"X5",-1.58132036107888
"X5",-0.854679954435807
"X5",-1.77320205228366
"X5",-0.6702008776659
"X5",-0.913654927526763
"X5",-0.468096764809201
"X5",-0.783187955567937
"X5",-0.724186725926483
"X5",-0.646365880679692
"X5",-1.48451665200234
"X5",-0.921495954135077
"X5",-1.54749255211747
"X5",-1.68177748622318
"X5",-0.792215469635748
"X5",-1.03636073241731
"X5",-0.889313263420403
"X5",-0.721484713580296
"X5",-0.646192432731602
"X5",-1.72497394706698
"X5",-0.565569386783445
"X5",-0.775017585524051
"X5",-1.08264145385885
"X5",-1.18548292539855
"X5",-1.04336177005171
"X5",0.015717409
"X5",-1.34842811826451
"X5",-2.1803674602698
"X5",-1.12868041160325
"X5",-0.724974383740104
"X5",-0.31664967
"X5",-1.00273288161121
"X5",-0.847359230837584
"X5",-0.674252811867767
"X5",-0.914199541593415
"X5",-0.830468915566294
"X5",-0.865227986819486
"X5",-0.924469079141201
"X5",-0.768360768754298
"X5",-1.17371979722614
"X5",-0.668743422018905
"X5",-0.448097090232844
"X5",-0.328316763892855
"X5",-0.775863051631097
"X5",-0.716368824354928
"X5",-0.962398884565169
"X5",-1.02242541664723
"X5",-0.869820579534863
"X5",-1.15943461779686
"X5",-1.68590627963763
"X5",-1.12820724765492
"X5",-1.17307276730231
"X5",-1.11578731937324
"X5",-0.702512610767043
"X5",-0.26348176
"X5",-0.872548804917685
"X5",-0.25632548
"X5",-1.12310082761273
"X5",-1.9204387520222
"X5",-0.53550242683203
"X5",-1.1553051302256
"X5",-1.0262323579996
"X5",-1.51954547667888
"X5",-1.16810700842511
"X5",-0.732052768566404
"X5",-0.267340969960186
"X5",-0.715689305751118
"X5",-1.37802779515249
"X5",-0.77399501123922
"X5",-0.210404262445643
"X5",-0.8230708
"X5",-0.929205185584727
"X5",-0.549707844167387
"X5",-1.66288821475899
"X5",-0.604916746066287
"X5",-1.88279032270985
"X5",-0.139839340589989
"X5",-1.32031522591978
"X5",-1.05856625761531
"X5",-1.68575863380108
"X5",-2.1803674602698
"X5",-1.03882546222783
"X5",-1.0697472138305
"X5",-1.29946380119796
"X5",-1.84966579471792
"X5",-0.099276561
"X5",-1.12886421319007
"X5",-0.758476466721388
"X5",-0.661774549514018
"X5",-1.61101381397912
"X5",-1.24726528938307
"X5",-1.20822372301829
"X5",-0.618527916874352
"X5",-0.59819052621372
"X5",-0.914405046844672
"X5",-0.968887543620098
"X5",-1.95877894459679
"X5",-1.35152281478532
"X5",-1.10789003368547
"X5",-1.73550646579424
"X5",-0.80268578333982
"X5",-1.63953562851277
"X5",-1.37093444637103
"X5",-1.74391507593148
"X5",-1.12515994097955
"X5",-0.122835867708935
"X5",-1.33341834935206
"X5",-1.15239320002516
"X5",-1.04865041946165
"X5",-0.1150472
"X5",-0.393449172250351
"X5",-1.01661499646883
"X5",-1.02746708758695
"X5",-1.79263785590816
"X5",-2.02174897360381
"X5",-1.4482465511874
"X5",-2.1803674602698
"X5",-1.39061749930463
"X5",-0.19509331
"X5",-0.989348865025195
"X5",-0.602990264399729
"X5",-1.06097517278734
"X5",-1.25032832121545
"X5",-2.03434702182304
"X5",-0.518635417626924
"X5",-1.06641952689237
"X5",-1.04181452398286
"X5",-1.02122124121469
"X5",-0.999701210339298
"X5",-1.43615107198918
"X5",-0.461625888959509
"X5",-0.718042263111912
"X5",-0.982874316851621
"X5",-0.82148958101738
"X5",0.042320222
"X5",-0.349316974262077
"X5",-0.739423796686482
"X5",-0.703756823591419
"X5",-1.10344298214432
"X5",-1.18878160991553
"X5",-1.67652509436384
"X5",-0.45356099
"X5",-1.74953382096211
"X5",-0.847088216239477
"X5",0.18919465
"X5",-1.46560824856016
"X5",-0.627113639871982
"X5",-1.61895382165862
"X5",-0.945940933033374
"X5",0.01273
"X5",-1.24549622451487
"X5",-0.636767891910028
"X5",-0.909230162009792
"X5",-1.17141917794707
"X5",-0.857878922043892
"X5",-0.464310323229851
"X5",-0.843738915847811
"X5",-2.1803674602698
"X5",-1.16701908839006
"X5",-1.89906212962707
"X5",-0.939354805274078
"X5",-0.966533936803606
"X5",-0.54967190818302
"X5",-2.1803674602698
"X5",-0.688557962251064
"X5",-0.693497674252028
"X5",-0.45514423
"X5",-0.543140363508686
"X5",-0.752909007849908
"X5",-0.69235971117678
"X5",-0.879956231901897
"X5",-1.04811536548005
"X5",0.17929073
"X5",-0.956243864703264
"X5",-0.791740617283801
"X5",-0.774177698924245
"X5",-0.355266098470138
"X5",-0.65683287414736
"X5",-1.77395230358083
"X5",-0.856971314774923
"X5",-0.500734565740075
"X5",-1.88088945839693
"X5",-0.699432646822466
"X5",-0.327060589675008
"X5",-0.866145009859897
"X5",-1.7728805425391
"X5",-1.40792134299911
"X5",-0.603873649043383
"X5",-0.916311687006942
"X5",-0.876048787626542
"X5",-1.76183847299764
"X5",-1.0778363628561
"X5",-1.12092949771352
"X5",-1.92583790807803
"X5",-0.828847982002411
"X5",0.029728231
"X5",-1.66399764165477
"X5",-1.0119043397407
"X5",-0.759412017817967
"X5",-0.723967379285678
"X5",-0.520704006762133
"X5",-0.325385858049714
"X5",-0.578874045199661
"X5",-1.25038670355826
"X5",-0.753423423333311
"X5",-0.18745517
"X5",-1.77714634775922
"X5",-0.735893208592808
"X5",-0.606428708914565
"X5",-0.726618574203832
"X5",-0.035728667
"X5",-0.973255320564978
"X5",-1.04126093232313
"X5",-0.774216715421837
"X5",-1.80021740328825
"X5",-0.14291695
"X5",-1.33302209167487
"X5",-1.78858501514305
"X5",-0.814754289817459
"X5",-1.28322320669753
"X5",-1.05839322599326
"X5",-1.09625491735342
"X5",-1.71327531136085
"X5",-0.763073890391314
"X5",-1.05228813111875
"X5",-1.29602460183369
"X5",-0.679471346074581
"X5",-1.6967579670383
"X5",-0.22383672
"X5",-1.06444728369938
"X5",-1.07094043901499
"X5",-1.80939112121867
"X5",-0.905165892997637
"X5",-0.870922402788627
"X5",-0.448791989859746
"X5",-1.06457551287408
"X5",-1.97970295231236
"X5",-1.56830071920563
"X5",-0.831686368549917
"X5",-0.436871169691223
"X5",-1.0234984920588
"X5",-1.16831364141034
"X5",-0.70107977823367
"X5",-1.16617833113031
"X5",-0.669179329967605
"X5",-0.900359704188426
"X5",-0.989732638807496
"X5",-1.51534897476429
"X5",-0.441768063537861
"X5",-1.68243659381342
"X5",-1.67795276163022
"X5",-0.956213519783879
"X5",-0.820656358541555
"X5",-1.01478519340154
"X5",-2.03088137682312
"X5",-0.98651914194072
"X5",-0.67521806176628
"X5",-1.33306661107693
"X5",-1.29942276591383
"X5",-1.06327220539043
"X5",-0.389211252078844
"X5",-0.695916516649253
"X5",-1.60584309236706
"X5",-0.50637132022281
"X5",-1.3392319103454
"X5",-1.79973212238117
"X5",-1.5237676803012
"X5",-1.15511816968041
"X5",-1.70703127542517
"X5",-0.621325452091538
"X5",-0.17568099
"X5",-0.848955074715794
"X5",-0.716795683563352
"X5",-0.624838963237776
"X5",-1.24665168341175
"X5",-0.299026383480334
"X5",-0.13958579821743
"X5",-1.63702248377364
"X5",-0.365653105673816
"X5",-0.542361450842379
"X5",-0.693429734990603
"X5",-0.650120559193779
"X5",-1.05630562756456
"X5",-0.647733113192814
"X5",-0.926625818300412
"X5",-0.769723683291354
"X5",-0.514156530126904
"X5",-0.667507633252614
"X5",-1.11025683676184
"X5",-1.05121087713625
"X5",-1.06280546259554
"X5",-1.36055866695812
"X5",-0.79264064155487
"X5",-0.82918575862142
"X5",-1.22381373725573
"X5",-0.761803208613829
"X5",-2.02109056486804
"X5",-1.0718660611418
"X5",-0.320177964399125
"X5",-1.95584781639893
"X5",-0.945645937581356
"X5",-0.895095835103189
"X5",-0.763584946540441
"X5",-0.505752546968108
"X5",-0.356181870959719
"X5",-0.847831210121427
"X5",-1.032049948712
"X5",-1.47237746603678
"X5",-0.825322513936852
"X5",-1.99256725874101
"X5",-0.804207410537294
"X5",-1.19604100586946
"X5",-1.01265763605608
"X5",-0.825543752211571
"X5",-0.910738194665148
"X5",0.13050517
"X5",-1.6316642602357
"X5",-0.505649729837814
"X5",-1.23140617729792
"X5",-1.25310031252337
"X5",-1.1823235565674
"X5",-1.14388162896097
"X5",-2.1803674602698
"X5",-0.414423377772217
"X5",-0.829019059829994
"X5",-0.734425558548318
"X5",-0.646021802065532
"X5",-0.656331912936491
"X5",-0.498573045509853
"X5",-0.943106358780144
"X5",-1.18690758149123
"X5",-1.20347650982496
"X5",-1.27088687263684
"X5",-0.10401882
"X5",0.038355881
"X5",-0.480835442822572
"X5",-1.04297157650304
"X5",-0.944644885657474
"X5",-1.05189960932308
"X5",-1.08929328307549
"X5",-0.965827505930385
"X5",-1.49235267309434
"X5",-0.956260635944121
"X5",-0.590005396616063
"X5",-1.98801102842632
"X5",-0.844064148663696
"X5",-0.680287356240981
"X5",-1.65650045196309
"X5",-1.25974818422973
"X5",-0.23208891
"X5",-0.645630996528071
"X5",-0.688432932612426
"X5",-0.176095536082783
"X5",-0.833411676157499
"X5",-0.677709470268587
"X5",-1.56965743615711
"X5",-1.52101626743519
"X5",-0.990679334858602
"X5",-1.00137945817437
"X5",-0.889643014899306
"X5",-0.9147549450965
"X5",-0.526730230297638
"X5",0.10563145
"X5",-1.27340962765794
"X5",-0.64470067101086
"X5",-0.955952341577571
"X5",-1.10762823950483
"X5",-1.12054678174159
"X5",-1.35797216870913
"X5",-0.941781004188846
"X5",-1.66715495436418
"X5",-0.753598343092137
"X5",-0.912080032308312
"X5",-1.28043168135044
"X5",-1.18010629648646
"X5",-0.441217496799504
"X5",-0.590420502389622
"X5",-0.621236322150675
"X5",-0.415337787306317
"X5",0.18469278
"X5",-1.48197960853442
"X5",-1.24605118457846
"X5",-1.17602899467747
"X5",-0.480485309393201
"X5",-0.773653269618553
"X5",-0.892578775803853
"X5",-0.0554729904904518
"X5",-0.509031190760983
"X5",-1.00556346943878
"X5",-1.17629827544253
"X5",-0.480694331123766
"X5",-1.11259584810402
"X5",-1.87301647732028
"X5",-1.08434502677797
"X5",-0.63817934488089
"X5",-1.01502026861057
"X5",-0.792389484921219
"X5",-0.146552697070733
"X5",0.14257219918645
"X5",-1.06094869871324
"X5",-1.38528076785117
"X5",-2.1803674602698
"X5",-1.09572601715967
"X5",-0.532875925266034
"X5",-1.19999505391902
"X5",-0.506207032438474
"X5",-0.59998164570493
"X5",-0.511598706016851
"X5",-0.548751602565463
"X5",-1.28016536779222
"X5",-0.618667164702203
"X5",-1.70906114992805
"X5",-0.689518352392247
"X5",-1.75722549245282
"X5",-1.28892086935295
"X5",-0.875698840267292
"X5",-0.412130681584398
"X5",-1.03622853806461
"X5",-0.504673608983474
"X5",-1.37573358771294
"X5",-1.01621420360113
"X5",-1.27365904334736
"X5",-1.07404990023482
"X5",-1.13079572965547
"X5",-0.900064116862118
"X5",-1.48056728018564
"X5",-1.28524929090251
"X5",-1.4492682971209
"X5",-1.39686935810406
"X5",-1.74320214857439
"X5",-1.006472233312
"X5",-1.6302783450432
"X5",-0.84163383278678
"X5",-1.14716364660457
"X5",-0.99835832039726
"X5",-1.21916694908789
"X5",-1.48855351236267
"X5",-0.712827606217844
"X5",-1.00045836190352
"X5",-1.68003422269599
"X5",-1.15066804940336
"X5",-0.974331851071398
"X5",-0.341339742555829
"X5",-0.825809231869584
"X5",-1.31594720315895
"X5",-0.506550370251967
"X5",-1.40261644539376
"X5",-0.749096728462201
"X5",-0.717667112768392
"X5",-0.507140467751484
"X5",-1.46425083462997
"X5",-0.681471615816255
"X5",-0.602573547063554
"X5",-0.811311252223907
"X5",-0.704575105484055
"X5",-1.76658853759734
"X5",-0.999899698784846
"X5",-0.725482190531172
"X5",-1.26646091522559
"X5",-0.938644927865419
"X5",-1.31627083011893
"X5",-0.652587279513075
"X5",-1.15595839974849
"X5",-0.497043406443277
"X5",-1.2347226836404
"X5",-1.08704332187227
"X5",-0.735129098934276
"X5",-0.448520373189989
"X5",-0.637406013472719
"X5",-1.65539464452294
"X5",-1.5239435853248
"X5",-0.963544644685464
"X5",-1.80162684857284
"X5",-0.981199167503024
"X5",-0.988845912248296
"X5",-0.483437213221554
"X5",-0.573566664597627
"X5",-0.636324299327544
"X5",-1.21423229936161
"X5",-0.76955729785132
"X5",-1.57323511350873
"X5",-0.92759216325115
"X5",-1.07486868931559
"X5",-0.886441818923865
"X5",-0.917744628648495
"X5",-0.21118679
"X5",-1.66526893498659
"X5",-1.8045970262711
"X5",-0.918590520815262
"X5",-0.809598185840853
"X5",-1.00091401524544
"X5",-0.895189913400086
"X5",-1.61908769085383
"X5",-0.64173714965921
"X5",-1.22558700059191
"X5",-0.478679892793769
"X5",-1.06830475916861
"X5",-0.824076513746492
"X5",-1.25978112884628
"X5",-0.220886249898691
"X5",-1.60787261453851
"X5",-0.376991085581376
"X5",-0.10643964
"X5",-0.41985464
"X5",-1.05824692197434
"X5",-1.8042398918359
"X5",-0.501600496598076
"X5",-0.89110802528956
"X5",-0.791890771998655
"X5",-0.577553864487266
"X5",-1.06821618740347
"X5",-0.707012333709115
"X5",-0.2060677
"X5",-0.559951697961545
"X5",-0.612913018403826
"X5",-1.66438328410899
"X5",-0.14121568
"X5",-0.897613088994924
"X5",-0.901831652983199
"X5",-0.74601518911587
"X5",-1.56571202520035
"X5",-1.15343073647419
"X5",-0.701178138236126
"X5",-0.919294558229977
"X5",-0.971982443415203
"X5",-0.099995965
"X5",-1.22234697697405
"X5",-0.753072414203694
"X5",-1.86307876835581
"X5",-1.16075855158149
"X5",-1.33879256497942
"X5",-1.55974985084884
"X5",-0.409024990623687
"X5",-1.90003283473838
"X5",-0.764942392943175
"X5",-0.11144949
"X5",-0.767421118547401
"X5",-0.131935591704213
"X5",-0.730431420552006
"X5",-0.394339258874784
"X5",-0.890459401012808
"X5",-1.2080670216916
"X5",-0.878621758192414
"X5",-0.422735588086218
"X5",-1.55896442515046
"X5",-0.747419251467325
"X5",-0.885419229623054
"X5",-0.352055943018351
"X5",-0.825334655626242
"X5",-0.779177215571486
"X5",-0.19202075
"X5",-2.1803674602698
"X5",-1.12829657827294
"X5",-0.499010159647864
"X5",-0.482852252961638
"X5",-0.607723455483042
"X5",-0.799825063661668
"X5",-1.65928507206243
"X5",-1.05079058198231
"X5",-1.24684166324887
"X5",-1.83371796078338
"X5",-0.068848884
"X5",-0.09607319
"X5",-0.572962588656934
"X5",-0.664383352027891
"X5",-0.977612190827815
"X5",-0.657474291169821
"X5",-1.18123230110018
"X5",-1.75336559618141
"X5",-1.29181978013985
"X5",-0.20520500764278
"X5",-0.487276423824818
"X5",-1.39510135829991
"X5",-0.789906710900034
"X5",-0.832222119681529
"X5",-0.984396745712388
"X5",-1.02758848639502
"X5",-1.2116115244004
"X5",-0.63950590325627
"X5",-0.602411668087636
"X5",-1.00939457436363
"X5",-0.988785827091345
"X5",-0.79834385089854
"X5",-0.051947703
"X5",-0.821205394810496
"X5",-0.839263632721087
"X5",-0.952576850362903
"X5",-1.8809936706317
"X5",-0.706746113043654
"X5",-1.63293932695951
"X5",-0.837325569626455
"X5",-0.207592871708723
"X5",-1.00273385929772
"X5",-1.18841893468162
"X5",-1.76868062043601
"X5",-0.724820558392349
"X5",-0.847497049349855
"X5",-1.73851618881576
"X5",-1.09972953241062
"X5",-0.876141306594032
"X5",-0.848625581763457
"X5",-0.572533382498422
"X5",-0.983306739736078
"X5",-0.567805734186192
"X5",-0.817305549726362
"X5",-0.799857413931414
"X5",-0.975489693569957
"X5",-2.01414147851987
"X5",-0.839592241057356
"X5",-1.63361559889686
"X5",-1.1130539883958
"X5",-0.965421112855658
"X5",0.0043445843
"X5",-1.69567748801977
"X5",-1.89315430199614
"X5",-1.85881029821687
"X5",-0.836384160983798
"X5",-2.18033079760176
"X5",-0.581032380203986
"X5",-0.707451179940407
"X5",-0.669517381108684
"X5",-1.46039412126717
"X5",-1.52804562540284
"X5",-0.841757264768857
"X5",-0.614796916244736
"X5",-1.63645347593323
"X5",-0.830170040736197
"X5",-0.629883648712545
"X5",-0.589139058726729
"X5",-0.46226793925312
"X5",-1.49237557384744
"X5",-0.931374424917358
"X5",-0.663069023327049
"X5",-1.38335191118008
"X5",-1.181789644219
"X5",-0.65398607147847
"X5",-1.06159547766107
"X5",-0.609974575347606
"X5",-2.02090893133414
"X5",-0.643588846697148
"X5",-1.25604291912898
"X5",-1.7450666991336
"X5",-1.00533573494258
"X5",-0.272309509350381
"X5",-0.47175628244078
"X5",-2.1803674602698
"X5",-0.404835627164718
"X5",-0.975803707439356
"X5",-0.11209765
"X5",-1.27223522422935
"X5",-1.02029299728859
"X5",-1.36094180216675
"X5",-0.889585976607879
"X5",-0.858527786047157
"X5",-0.930509953557677
"X5",-0.748341242674557
"X5",0.0019824846
"X5",-0.909537069256946
"X5",-1.60482206655313
"X5",-1.66989629422562
"X5",-0.682845211612947
"X5",-0.804098906311631
"X5",-0.871946619849046
"X5",-0.91251837905535
"X5",-1.10044025238737
"X5",-0.817202757230642
"X5",-0.817685774816576
"X5",-1.22395617452698
"X5",-0.622736030372859
"X5",-1.07131314133217
"X5",-0.879627288999306
"X5",-0.613641431703567
"X5",-0.925768758237754
"X5",-1.13716587825798
"X5",-1.74275026517987
"X5",-1.71436545687757
"X5",-1.20605760128412
"X5",-0.465650682806129
"X5",-0.95977095779205
"X5",-0.923610339876246
"X5",-0.824521973753127
"X5",-0.820765052035218
"X5",-0.761702693270685
"X5",-1.86428979990334
"X5",-0.501507106940926
"X5",-1.24346883787314
"X5",-0.985894388382848
"X5",-0.630292323751332
"X5",-0.914392665492083
"X5",-0.734922662281295
"X5",-0.0079448727
"X5",-1.20362742060877
"X5",-0.273940896366084
"X5",-0.843278545712117
"X5",-0.970413417989164
"X5",0.18941024
"X5",-0.658477620283725
"X5",-1.16748360752842
"X5",-0.791286254669297
"X5",-0.865054124527872
"X5",-1.53850354320844
"X5",-0.0424286707041909
"X5",-0.775418047854471
"X5",-0.5980912781364
"X5",-0.095579973
"X5",-0.860368728367339
"X5",-0.968977274655019
"X5",-0.21708322
"X5",-0.858633867972109
"X5",-0.56528025
"X5",-0.646950418263934
"X5",-0.980335547905067
"X5",-1.69687668032494
"X5",-1.13361193113127
"X5",-1.19571893995233
"X5",-1.49518970399561
"X5",-0.752894124328497
"X5",-0.74359004710319
"X5",-0.816537373650252
"X5",-0.580899310374302
"X5",-1.00870943395139
"X5",-1.13246435855065
"X5",-0.558494481390984
"X5",-0.411488733973053
"X5",-1.18618427355045
"X5",-0.681150660891906
"X5",-1.28633543449333
"X5",-1.29055993609584
"X5",-1.1716193261232
"X5",-1.60457662208318
"X5",-0.580981909043371
"X5",-0.830759240956696
"X5",-0.554818991633944
"X5",-0.275604060437209
"X5",-0.355276053133095
"X5",-1.81152465099882
"X5",-0.155704949945284
"X5",-1.03328944074371
"X5",-1.34224622138162
"X5",-0.900450987196193
"X5",-0.679100278833082
"X5",-0.549250102305567
"X5",-0.634592167002499
"X5",-0.14535301
"X5",-0.872397103726043
"X5",-0.894155282872206
"X5",-0.917541139191561
"X5",-0.71108473340262
"X5",-1.16705469576343
"X5",-1.00860107757333
"X5",-1.15483435883345
"X5",-0.930526914785425
"X5",-0.22604172
"X5",-1.10354174833903
"X5",-2.0437547034015
"X5",0.2567904
"X5",-0.883093969553316
"X5",-1.27138643599828
"X5",-0.702015657344978
"X5",-1.03298791839566
"X5",-0.946201474650135
"X5",-1.0999338554346
"X5",-1.87274594682046
"X5",-1.31690276012264
"X5",-2.1803674602698
"X5",-1.39576653017613
"X5",-1.00696054845296
"X5",-0.13792776
"X5",-1.00367278696612
"X5",-0.689046063844907
"X5",-0.756446065032704
"X5",-1.74955209733657
"X5",-0.773911925567086
"X5",-0.610261641134119
"X5",-0.978754279134168
"X5",-0.863114302827508
"X5",-0.83710446878503
"X5",-0.71428868
"X5",-0.883269092212415
"X5",-1.04659838783223
"X5",-0.742516309756515
"X5",-1.13699164341907
"X5",-0.859293583062897
"X5",-1.00526517584624
"X5",-0.61955246821242
"X5",-0.962085747209843
"X5",-0.995460283184214
"X5",-0.932337573781148
"X5",-1.20774973463174
"X5",-1.26366428657674
"X5",-0.2836839
"X5",-0.569620518995619
"X5",-0.979639529646997
"X5",-0.687017271449138
"X5",-0.442706181120194
"X5",-0.850256045210801
"X5",-1.09795698565371
"X5",-0.844232749818541
"X5",-0.648378679010492
"X5",-0.739983323783886
"X5",-0.766279563439521
"X5",-1.91048167115272
"X5",-0.889522578314156
"X5",-1.21562972708995
"X5",-1.49092781474184
"X5",0.042099743584342
"X5",0.010823175
"X5",-1.88437820524114
"X5",-0.754086922033659
"X5",-0.743788289731972
"X5",-1.01193186797411
"X5",-1.19774424570407
"X5",-1.48728586190193
"X5",-0.6441393994872
"X5",-1.36146131628587
"X5",-1.15299343247425
"X5",-0.718226838556389
"X5",-0.706174040126792
"X5",-0.692777728576768
"X5",-0.682877605487152
"X5",-1.57026664760054
"X5",-0.881945680175007
"X5",-1.84270772983192
"X5",-0.466376620942853
"X5",-0.246961479296078
"X5",-0.491365247450742
"X5",-0.381845468626526
"X5",-0.11788624
"X5",-0.707092950540151
"X5",-1.42858394180583
"X5",-0.980694306732122
"X5",-0.774562514885134
"X5",-1.38781759989749
"X5",-0.914042577259899
"X5",-0.701315595305277
"X5",-0.977592762390537
"X5",-0.833031891359631
"X5",-2.09267500310582
"X5",-1.57026664760054
"X5",-0.397725519007865
"X5",-0.729077555095775
"X5",-0.816793986235855
"X5",-0.506355585931642
"X5",-0.6254491014312
"X5",-0.24004745
"X5",-0.610571668834301
"X5",-0.748399998402168
"X5",-0.881774308323625
"X5",-0.507061019677513
"X5",-1.06622980819733
"X5",-1.64800681774821
"X5",-0.80354895343443
"X5",-0.880345366825811
"X5",-1.0229699560264
"X5",0.12396954
"X5",-1.00680792881297
"X5",-0.457247632207269
"X5",-0.66297202226768
"X5",-0.865130381634473
"X5",-1.60818303000345
"X5",-2.16463317622737
"X5",-1.44295004225636
"X5",-1.0634989576092
"X5",-0.73984081
"X5",-1.19508235776074
"X5",-0.863845119342034
"X5",-1.02445108103685
"X5",-1.58545385007477
"X5",-0.783808442029138
"X5",-0.56338171249935
"X5",-1.285360202008
"X5",-0.13367511
"X5",-0.770307768539113
"X5",-1.04267050040943
"X5",-1.30134552000356
"X5",-1.0799194091256
"X5",-1.85493508879191
"X5",-1.31622321664592
"X5",-1.09501111152609
"X5",-0.971620645476036
"X5",-0.898170152682891
"X5",-1.68787846678099
"X5",-0.582748384681619
"X5",-2.12862697124131
"X5",-0.446675509683476
"X5",-0.921513262133584
"X5",-0.836142704107047
"X5",-0.685635452614621
"X5",-0.025924121
"X5",-1.55804569432804
"X5",-0.913635270115246
"X5",-0.395809141276013
"X5",-2.00622973075158
"X5",-1.29863568494669
"X5",-0.644853821094144
"X5",-0.760717732819104
"X5",-1.07576701709004
"X5",-0.481840069319461
"X5",-0.231258794681919
"X5",-0.657562403450055
"X5",-1.03107074474325
"X5",-1.96920965651948
"X5",-1.89081423728068
"X5",-1.66631857544218
"X5",-1.84796911168975
"X5",-1.19349690108005
"X5",-0.416640692056006
"X5",-0.829697066013604
"X5",-1.98573645052914
"X5",-1.08232495875526
"X5",-1.72049226692035
"X5",-0.877028547094104
"X5",-1.61380788532606
"X5",-0.14057836
"X5",-0.406838350873396
"X5",-0.447274288280497
"X5",-0.321522932544304
"X5",-0.694992686748275
"X5",-1.04080541978001
"X5",-0.650222885776597
"X5",-1.73319541921342
"X5",-0.94022599000533
"X5",-1.13111763187723
"X5",-0.573882382759317
"X5",-0.439340226353722
"X5",-0.958291997548092
"X5",-0.585266502079271
"X5",-0.327820496564818
"X5",-1.09431805440623
"X5",-0.864460115878721
"X5",-0.882138351347485
"X5",-1.26336655583559
"X5",-1.04491955329808
"X5",-0.462731984702926
"X5",-0.846978452082588
"X5",-1.65066200803546
"X5",-0.336224579255779
"X5",-1.34044717411223
"X5",-1.84631530134127
"X5",-1.27669763644146
"X5",-1.80705639261226
"X5",-0.72380564348373
"X5",-1.08103666316221
"X5",-0.653530465651372
"X5",-0.830388580124999
"X5",-1.40699665983109
"X5",-0.849167952056579
"X5",-0.644430036727398
"X5",-1.72446647828284
"X5",-0.837463037268115
"X5",-0.634691525417462
"X5",-0.964122422355176
"X5",-1.50838157143599
"X5",-1.29842848031882
"X5",-0.801685402315203
"X5",-1.76278877396897
"X5",-0.789049463552359
"X5",-0.971991762688638
"X5",-0.934200652884934
"X5",-1.74428790420029
"X5",-0.521120347432522
"X5",-0.827307451512027
"X5",-1.09906639717966
"X5",-1.24357285938962
"X5",-1.16098869890651
"X5",-0.572202327008347
"X5",-0.455984200333918
"X5",-0.680412534444103
"X5",-1.94772496638674
"X5",-0.860570393287865
"X5",-0.19423388
"X5",-0.423391136008884
"X5",-1.16857344295631
"X5",-0.298541237400652
"X5",-1.28180494539171
"X5",-0.667753859082085
"X5",-1.61853983303275
"X5",-0.746145014019385
"X5",-0.79116861283038
"X5",-1.2124896838672
"X5",-1.76607453974165
"X5",-0.96912752343064
"X5",-1.43808805398688
"X5",-0.503571913918134
"X5",-0.866919703892398
"X5",-0.782435184909099
"X5",-1.4074629081255
"X5",-1.69121243256771
"X5",-1.91973776234036
"X5",-0.616295468353867
"X5",-0.70577866898921
"X5",-1.09255388170862
"X5",-1.34536333684946
"X5",-1.56814409222452
"X5",-1.54129677137743
"X5",-0.963241877013323
"X5",-0.611437216400877
"X5",0.081517154
"X5",-0.524942255774546
"X5",-0.783490709233645
"X5",0.085845625
"X5",-1.32001647759513
"X5",-1.15911744844974
"X5",-1.19740863481337
"X5",-0.59506042373516
"X5",-0.753159250656491
"X5",-0.899312848519049
"X5",-1.12770429342811
"X5",-1.82849293142622
"X5",-0.638844164737186
"X5",-0.483149819881419
"X5",-0.61192491300511
"X5",-1.00989761094509
"X5",-0.439521697742531
"X5",-1.33748805511459
"X5",-0.720009590593809
"X5",-0.772318561614508
"X5",-0.535706367868328
"X5",-0.826244865883989
"X5",-0.678569513701006
"X5",-0.663744353007623
"X5",-0.431603229617544
"X5",-1.09027346650845
"X5",-1.45470388364416
"X5",-1.83485968161875
"X5",-0.975348434695864
"X5",-1.02311098097013
"X5",-0.887184712764065
"X5",-1.20144114114868
"X5",-0.69503270485352
"X5",-1.44916522454306
"X5",-0.830208227088728
"X5",-1.58870415338862
"X5",-0.062722856
"X5",-0.45945527553099
"X5",-0.965912657028474
"X5",-1.15046041792282
"X5",-0.59288639453066
"X5",-1.46670093489866
"X5",-1.52116531303551
"X5",-0.320811425202623
"X5",-0.394647034068402
"X5",-0.35047248
"X5",-0.970951754389974
"X5",-0.828443486741181
"X5",-0.783425253855924
"X5",-1.17697903839296
"X5",-1.05348243909744
"X5",0.17419763
"X5",-0.803596859033548
"X5",-1.53304103459785
"X5",-1.02215523385113
"X5",-1.03021143538384
"X5",-0.472938367331318
"X5",-0.749842644896514
"X5",-0.588102233318827
"X5",-1.0341757892224
"X5",-0.512805109981048
"X5",-0.115325544646609
"X5",-0.767384334161895
"X5",-0.770341734644817
"X5",-0.323905195366896
"X5",-1.15420598862142
"X5",-1.18425994076742
"X5",-0.85746102600538
"X5",-0.312630588342593
"X5",-0.597369295163188
"X5",-1.2628561683977
"X5",-0.687933561440482
"X5",-0.518903810428512
"X5",-0.749163365377995
"X5",-0.364589436985286
"X5",0.20670332
"X5",-0.98985724590737
"X5",-0.562175710003964
"X5",-0.572365219851326
"X5",-0.615430719591251
"X5",-1.46360175921873
"X5",-0.928415294416139
"X5",-0.825849841154962
"X5",-1.06207501822253
"X5",-1.02678703410357
"X5",-1.79407052509024
"X5",-0.622490999011041
"X5",-0.857854793306364
"X5",-1.18908643235586
"X5",-0.566445961701896
"X5",-0.336126358156643
"X5",-1.08639762639011
"X5",-0.25868855226897
"X5",-0.403163896903477
"X5",-1.0493792
"X5",-0.80822778
"X5",-0.793716217660537
"X5",-1.07129427853241
"X5",-0.974133932194734
"X5",-1.65044283778474
"X5",-0.860144895594959
"X5",-1.44038660734628
"X5",-0.859414500969319
"X5",-0.903176599986244
"X5",-0.753436853966858
"X5",-1.32986200533327
"X5",-1.05641607316904
"X5",-1.39179790662777
"X5",-0.329587277444475
"X5",-0.680634903314756
"X5",-0.607646267161069
"X5",-1.67149066256792
"X5",-1.25661918579994
"X5",-0.958720514825716
"X5",-0.685131076343372
"X5",-1.19767631375339
"X5",-0.687652050600718
"X5",-1.39014646095547
"X5",-1.15342884946092
"X5",-0.339926258529619
"X5",-0.624465141468045
"X5",-1.66462202147341
"X5",-0.983852568684478
"X5",-0.701917677214225
"X5",-0.986504792371397
"X5",-0.721157255116343
"X5",-0.700536346550668
"X5",-0.7297946601886
"X5",-1.60193727334189
"X5",-1.08168023477705
"X5",-0.833441519007347
"X5",-1.57026664760054
"X5",-0.731095603940062
"X5",-1.10025640876091
"X5",-0.686132573536366
"X5",-0.793405109366609
"X5",-1.16556975333192
"X5",-1.46681845299763
"X5",-0.634521701278999
"X5",-1.09600501305799
"X5",-1.02078455157008
"X5",-1.28645561511155
"X5",-0.520561517511592
"X5",-0.963846885729026
"X5",-1.31508922291518
"X5",-0.515773899935783
"X5",-0.018916101
"X5",-1.17699270121488
"X5",-0.924365185960314
"X5",-0.21675982
"X5",-0.700206781258931
"X5",-0.676387228733329
"X5",-0.15364852
"X5",-1.24437793626453
"X5",-0.399747324476946
"X5",-1.46951567191489
"X5",-1.66299359072366
"X5",-2.1803674602698
"X5",-1.72602719558091
"X5",-0.776133658407644
"X5",-0.59687483345498
"X5",-0.876416556451098
"X5",-1.34869930621877
"X5",-0.605782450001034
"X5",-1.17072283568746
"X5",-0.0059115587
"X5",-0.0065971584
"X5",-1.5328258315209
"X5",-0.796009399713286
"X5",-0.860672636280194
"X5",-1.16682419141606
"X5",-0.865878666327196
"X5",0.096933353
"X5",-0.25951823
"X5",-0.636616917918093
"X5",-0.932269129828947
"X5",-0.867541115183973
"X5",-1.12744006205468
"X5",-0.876034195898432
"X5",-0.726508012980187
"X5",-1.69624997171223
"X5",-1.04606340109411
"X5",-1.0759729301005
"X5",-1.02055886110382
"X5",-1.1896189123619
"X5",-0.333308661503852
"X5",-0.20450368
"X5",-0.695351292427892
"X5",-1.23466181002748
"X5",-1.93611859639808
"X5",-1.54609276898914
"X5",-0.581486970754042
"X5",-1.22997865996363
"X5",-0.459285872817965
"X5",-1.86906972383436
"X5",-0.845060753289031
"X5",-1.06983966553596
"X5",-1.04099806817202
"X5",-0.16100931
"X5",-1.01716704950562
"X5",-0.669328646601607
"X5",-0.439413440281661
"X5",-0.056895304
"X5",-1.12631824413135
"X5",-0.831835777082169
"X5",-0.693823279907446
"X5",-1.77427125414851
"X5",-1.04411428296268
"X5",-1.30757499313973
"X5",-0.882132171797849
"X5",-1.08015770697611
"X5",-0.874361079485274
"X5",-0.778894333850047
"X5",-0.827596819421478
"X5",-1.18878541235311
"X5",-1.59917055498207
"X5",-0.599764900118855
"X5",-2.12981962655495
"X5",-1.21959435397451
"X5",-1.02519832371902
"X5",-0.997063557485554
"X5",-0.862317497538889
"X5",-0.70415337191961
"X5",-0.830470875656914
"X5",-0.970745919775887
"X5",0.067922447
"X5",-0.776529978642082
"X5",-0.15601739
"X5",-0.269662827338082
"X5",-0.151516768093548
"X5",-0.751412556736603
"X5",0.10323093
"X5",-1.63079255375695
"X5",-0.536961970083014
"X5",-0.895136120440652
"X5",-0.879668754767963
"X5",-1.95832243742618
"X5",-0.779095123690697
"X5",-1.75283064046899
"X5",-0.706503780731962
"X5",-0.970871523948174
"X5",-0.488521727162545
"X5",-1.37395122405865
"X5",-1.18383239329938
"X5",-1.1762630391543
"X5",-0.798201820002113
"X5",-1.64955743215788
"X5",-1.17839830841543
"X5",-1.01814606510309
"X5",-1.74384690258435
"X5",-0.741817457885364
"X5",-0.92341534647594
"X5",-0.890749463796183
"X5",-0.843818259608833
"X5",0.13124701
"X5",-0.96680156621113
"X5",-1.0292457495632
"X5",-0.110170260332933
"X5",-1.34967662788645
"X5",-0.18817878
"X5",-0.15931491
"X5",-1.52996675860151
"X5",-0.925969100093747
"X5",-1.19668275179893
"X5",-0.650804100601468
"X5",-1.57026664760054
"X5",-1.70497777936699
"X5",-1.15961400144665
"X5",-0.592931277345759
"X5",-0.564991961175643
"X5",-0.61528688459714
"X5",-0.700916303537534
"X5",-0.439820996257867
"X5",-0.780996910961936
"X5",-0.924152342559242
"X5",-1.08479581327972
"X5",-0.826082980957194
"X5",-0.167050521209019
"X5",-0.941766953226532
"X5",-1.81459678204614
"X5",-0.611502287225255
"X5",-1.03715481301374
"X5",-0.80541897921523
"X5",-1.08688108316219
"X5",-1.64930706226772
"X5",-1.00144089930288
"X5",-1.07415566490067
"X5",-0.785786535955269
"X5",-1.22792265145403
"X5",0.15053253
"X5",-0.854532434340971
"X5",-0.880441224782716
"X5",-0.180296210626938
"X5",-0.952157668399435
"X5",-0.758322885267761
"X5",-1.0386662714344
"X5",-0.671754847333907
"X5",-1.13124348615364
"X5",-1.00393282158082
"X5",-0.386152879667399
"X5",-0.815218046608657
"X5",-0.8297337374137
"X5",-0.808201322062546
"X5",-0.570795988523841
"X5",-1.03285491678934
"X5",0.080957315
"X5",-0.657461916586688
"X5",-1.42341328454479
"X5",-1.42573624207211
"X5",-0.828554835817559
"X5",-0.672457232092645
"X5",-0.959994190542598
"X5",-0.779601907930411
"X5",-0.995404403845445
"X5",-1.1091536292114
"X5",-0.800906743045417
"X5",-0.59250747571263
"X5",-0.066896939
"X5",-1.24908937351519
"X5",-0.755469142470321
"X5",-1.31332899706329
"X5",-0.08192469
"X5",-0.803670796870998
"X5",-0.499846154201444
"X5",-0.990033470357425
"X5",-0.68330033111428
"X5",-1.1634211695566
"X5",-1.11861606592591
"X5",-1.76976244047894
"X5",-1.29666061554586
"X5",-0.640102529305039
"X5",-0.663149364390108
"X5",-1.60857985473373
"X5",-1.80133359246185
"X5",-1.08999898730656
"X5",-0.38320538227255
"X5",-0.214582594525981
"X5",-0.273612956335685
"X5",-0.067430565
"X5",-1.10993295550671
"X5",-0.169992639986767
"X5",-0.908986679845064
"X5",-0.593065604491325
"X5",-0.826205006792196
"X5",-1.62019283305624
"X5",-0.0672218819372274
"X5",-0.577060573515134
"X5",-0.28596056
"X5",-1.22309299140564
"X5",-1.24940305575558
"X5",-1.11805278949672
"X5",-1.06058811966767
"X5",-0.115165
"X5",-1.05809921470968
"X5",-0.553362882969784
"X5",0.043901382
"X5",-1.74398248812714
"X5",-0.783720798903819
"X5",-1.24666067749952
"X5",-0.214500283780465
"X5",-1.75725106521093
"X5",-0.713578369669656
"X5",-1.70831172980214
"X5",-0.77384002309372
"X5",-1.02711441041327
"X5",-0.092438772
"X5",-1.00165100683624
"X5",-1.7310634328322
"X5",-0.456061173234761
"X5",-0.597813040576898
"X5",-1.11666966617898
"X5",-2.1803674602698
"X5",-1.37755107124502
"X5",-1.36301327772977
"X5",-0.793271547859627
"X5",-0.949704649123182
"X5",-0.375360287418636
"X5",-0.476651440550769
"X5",-1.69851511327207
"X5",-1.40246327019142
"X5",-0.519571505014306
"X5",-0.06513992
"X5",-1.14929019872823
"X5",-0.702999640921127
"X5",-1.82457550690868
"X5",-0.16530636
"X5",-0.666446851839404
"X5",-0.411489925316375
"X5",-0.956669682983765
"X5",-0.54612060931151
"X5",-1.19180475656157
"X5",-0.154438005439572
"X5",-0.204020774090456
"X5",-0.422490750323006
"X5",-0.906672278766821
"X5",-1.08981163242581
"X5",-1.72456507872664
"X5",-0.966210882029922
"X5",-0.78176485330484
"X5",-0.302658113913153
"X5",-0.568697134488511
"X5",-1.00526277579234
"X5",-0.981042599756285
"X5",-1.1477935087518
"X5",0.20959062
"X5",-0.19075132
"X5",-0.626655668587805
"X5",-0.47801345233549
"X5",-0.793987103446644
"X5",-1.84516752117914
"X5",-1.65947332691027
"X5",-1.02987036712168
"X5",-0.594546435795191
"X5",-0.906997162216855
"X5",-0.885141132125456
"X5",-0.537946812967599
"X5",-0.929735873163584
"X5",-0.948591592438981
"X5",-0.657322877887234
"X5",-1.46885974661955
"X5",0.3937681
"X5",-0.278197312629621
"X5",-0.638491445179361
"X5",-1.04923348836274
"X5",-0.769563156260988
"X5",-0.748959022543048
"X5",-1.09556657212958
"X5",-0.440631829385659
"X5",-1.8811807024413
"X5",-1.17088568137914
"X5",-1.12361327096766
"X5",-1.70580187332304
"X5",-1.07119134047799
"X5",-0.955981450376848
"X5",-0.780572080328858
"X5",-0.931919275213036
"X5",-0.792322439614122
"X5",-0.749385471394593
"X5",-0.2697885
"X5",-0.6042372252475
"X5",-1.35077345701559
"X5",-1.41144793529721
"X5",-0.760318670003975
"X5",-1.31005856464802
"X5",-0.916719885599427
"X5",-1.69637985989384
"X5",-0.719311101319398
"X5",-0.709276145864218
"X5",-0.929790409178544
"X5",-1.23753593830013
"X5",-1.36789416665676
"X5",-1.65888769336092
"X5",-0.715827660357503
"X5",-0.499461745611061
"X5",-0.867227245884994
"X5",-0.276036661242195
"X5",-1.12177525688421
"X5",-0.629812662116627
"X5",-0.938839740920057
"X5",-1.58035293742459
"X5",-1.22667229611113
"X5",-0.439894492149766
"X5",-0.86707618660692
"X5",0.14189343
"X5",-0.461694036567974
"X5",-0.793123667782726
"X5",-0.919077948918268
"X5",-0.695813965930706
"X5",-0.568679108240516
"X5",-0.042818597
"X5",-0.623098639173734
"X5",-0.67059919032368
"X5",-1.02459674740828
"X5",0.05988299
"X5",-0.947616564597237
"X5",-0.117632290725013
"X5",-1.01323700691694
"X5",-1.07011589624241
"X5",-1.03820481998569
"X5",-1.03853633149017
"X5",-0.66686323
"X5",-0.748903612200316
"X5",-0.973076802850062
"X5",-1.85051810734138
"X5",-0.571374175365476
"X5",-0.46917288
"X5",-0.808247993868337
"X5",-0.199514274026749
"X5",-1.77558913673776
"X5",-1.58556246753425
"X5",-1.68151992863978
"X5",-1.97053588597957
"X5",-1.11378875762304
"X5",-1.17307374331962
"X5",-1.08538785418087
"X5",-1.04946740427291
"X5",-0.659023414015423
"X5",-0.518865355232864
"X5",0.17880123
"X5",-0.71069251
"X5",-1.78760645025284
"X5",-0.73073085134603
"X5",-0.899916579803466
"X5",-0.619625290246061
"X5",-0.979410886216677
"X5",-1.62804198709809
"X5",-0.923978271357369
"X5",-0.793463642370682
"X5",-2.0007849180303
"X5",-2.11415916933885
"X5",-1.67080779038534
"X5",-1.03573377529052
"X5",-0.800348218260132
"X5",-0.841485248052221
"X5",-0.954322956101958
"X5",-0.647443111247722
"X5",-0.633139396963157
"X5",-1.97424825418907
"X5",-0.636882124171435
"X5",-0.524095256068542
"X5",-1.58911196754651
"X5",-0.584162302358743
"X5",-0.600535974648811
"X5",-0.23603103
"X5",-0.672254750891284
"X5",-1.18169491397415
"X5",-1.68968077662984
"X5",-0.14946956
"X5",-0.467821678364914
"X5",-1.02068154787524
"X5",-0.248074265398422
"X5",-0.96634137750764
"X5",-0.596320991116357
"X5",-1.80269544264766
"X5",-0.956607350393548
"X5",-0.855593045537661
"X5",-1.25194488983196
"X5",-1.15865119359925
"X5",-1.42572036461142
"X5",-0.623531689263663
"X5",-1.46387792928517
"X5",-0.535152306393944
"X5",-1.0265208033922
"X5",-0.14684829
"X5",-0.514683810117107
"X5",-0.746195366858684
"X5",-0.361599501665604
"X5",-0.625202451684947
"X5",-1.6063136150514
"X5",-1.66676178507205
"X5",-1.11789854513521
"X5",-1.40918829941839
"X5",-1.2339419961631
"X5",-0.10998521
"X5",-0.816526021579471
"X5",-1.82187020948962
"X5",-1.56017483615634
"X5",-1.71991736802708
"X5",-0.598517542399127
"X5",-1.21098677856042
"X5",-0.539318807102696
"X5",-0.96535281480384
"X5",-0.977082126651462
"X5",-1.02025642920157
"X5",-0.747828809139595
"X5",-1.08136353931191
"X5",-0.76555024092373
"X5",-0.919871620824601
"X5",-0.789187325490905
"X5",-0.888868943418135
"X5",-0.17522076
"X5",-1.15449797103426
"X5",-1.56240635330029
"X5",-0.759486997692561
"X5",-0.435920381717836
"X5",-1.67015139398044
"X5",-0.946904639615307
"X5",-1.06777697255822
"X5",-0.902517355875335
"X5",-1.13306684080634
"X5",-1.1806401531743
"X5",-0.493364985858926
"X5",-0.862406624171444
"X5",-1.14733425351487
"X5",-0.95162843540992
"X5",-1.78133701534738
"X5",-1.50950684412575
"X5",-1.00928016149537
"X5",-0.302609765576175
"X5",-1.61879887191808
"X5",-1.16753331120935
"X5",-0.558153789393264
"X5",-0.442297301998544
"X5",-1.80714434169302
"X5",-0.680585348276053
"X5",-1.5496117027973
"X5",-1.40067105248943
"X5",-0.424343038900296
"X5",-1.36744519076379
"X5",-1.0351280567832
"X5",-0.527169526584905
"X5",-0.583420097342578
"X5",-1.02764661395607
"X5",-1.24249219872613
"X5",-1.02841619868378
"X5",0.076480212
"X5",-0.420147687297293
"X5",-0.711017858167026
"X5",-0.983782913762684
"X5",-0.539355457109035
"X5",-1.10491427068769
"X5",-1.19720428375678
"X5",-1.08022347645154
"X5",-1.71648098322359
"X5",-0.645786179488543
"X5",-0.834487989786079
"X5",-0.750458949768703
"X5",-0.709808435238496
"X5",-0.400284409584068
"X5",-0.879651588746514
"X5",-1.84267493268506
"X5",-1.02978434398558
"X5",-2.1803674602698
"X5",-0.907796287640677
"X5",-1.69300327243455
"X5",-0.661152817062085
"X5",-0.690127864305413
"X5",-1.76287221987225
"X5",-0.910411725424113
"X5",0.083748972
"X5",-0.561291694497759
"X5",-1.47358374275136
"X5",-1.69468202642915
"X5",-0.621490639147407
"X5",0.018552836
"X5",-1.63964447524688
"X5",-1.56357399062952
"X5",-0.1346853
"X5",-0.89064865849974
"X5",-0.839519223618453
"X5",-1.43018845031308
"X5",-0.229593975421978
"X5",-1.22734681604221
"X5",-1.57890419790346
"X5",-0.43719103670361
"X5",-1.49568700982075
"X5",-0.815046097576678
"X5",-0.87205847
"X5",-1.69088186645689
"X5",-2.1803674602698
"X5",-0.983932297971976
"X5",-0.939881501301815
"X5",-1.16259198442787
"X5",-0.620811491668112
"X5",-1.06661956294771
"X5",-0.359011303685415
"X5",-0.335932551281495
"X5",-0.922944799409691
"X5",-0.599458282009911
"X5",-1.77036815629546
"X5",-1.09434464127103
"X5",-0.330707392330212
"X5",-0.778428535928108
"X5",-1.8874436561482
"X5",-0.794679574411091
"X5",-0.924150770036199
"X5",-0.983868655750186
"X5",-0.987875107765658
"X5",0.08462159
"X5",-0.748115195946427
"X5",-1.37898409903629
"X5",-1.73508964373271
"X5",-0.634703674845986
"X5",-2.1803674602698
"X5",-1.3571012710903
"X5",-0.795539160004005
"X5",-0.3674557606014
"X5",-0.965761272785102
"X5",-0.669115907232337
"X5",-0.10975758
"X5",-1.35805983313737
"X5",-1.24521531316021
"X5",-0.594781646975181
"X5",-0.348656266518752
"X5",-1.58861552512756
"X5",-0.506004780382149
"X5",-1.78235625337276
"X5",-0.32741492424183
"X5",-0.86786154393101
"X5",-0.642104917963471
"X5",-1.3796664909032
"X5",-0.969183358692753
"X5",-1.20903249190738
"X5",-0.531914421538431
"X5",-0.728826283911706
"X5",-1.70541787245355
"X5",-0.431403048400732
"X5",-1.82310879898415
"X5",-0.966062159007422
"X5",-0.718789596829451
"X5",-1.16178991414274
"X5",-0.807170181261758
"X5",-0.69937909113611
"X5",-1.22064580212752
"X5",-1.02698514221727
"X5",-0.53323545
"X5",-0.775506567035975
"X5",-1.39259229781386
"X5",-0.362832501214233
"X5",-0.692285335256996
"X5",-0.84970104526945
"X5",-0.854768475231343
"X5",-0.825007482227405
"X5",-1.84380310921717
"X5",-1.57282191766737
"X5",-1.87359000489456
"X5",-1.03009168883895
"X5",-1.20950982296132
"X5",-0.29676905
"X5",-1.27228288062439
"X5",-1.0391643305675
"X5",-0.805475504427215
"X5",-1.94997744392681
"X5",-0.871781713184966
"X5",-0.099804049
"X5",-0.975659400644526
"X5",-1.7491436765343
"X5",-0.10529299
"X5",-0.906093435124579
"X5",-0.56671405826062
"X5",-1.09976288732846
"X5",-1.90599434133644
"X5",-0.551140802894672
"X5",-1.64968473091389
"X5",-1.06609561013773
"X5",-1.15550161505743
"X5",-0.908352216703212
"X5",-0.975460100436809
"X5",-0.99468822837118
"X5",-0.798336140672036
"X5",-0.515519282253203
"X5",-0.985319362938892
"X5",-0.675815892410279
"X5",-1.05422787143884
"X5",-0.1009871
"X5",-1.02188270025976
"X5",-1.11740691667237
"X5",-0.967362966112877
"X5",-1.61402992166987
"X5",-0.15347914
"X5",-0.436827040315989
"X5",-1.16536074484959
"X5",-0.30302628036362
"X5",-0.909427333988461
"X5",-0.556721679046862
"X5",-0.977369819743041
"X5",-0.655436984202035
"X5",-1.28279123360044
"X5",-0.622271870258064
"X5",-1.42498541762117
"X5",-0.795679911626923
"X5",-0.543531670690649
"X5",-0.781830637239665
"X5",-1.61299520724534
"X5",-0.073222923
"X5",-0.800200757132881
"X5",-1.86212065593477
"X5",-1.23721715868738
"X5",-1.15052028789307
"X5",-0.776614673803047
"X5",-0.724084977286698
"X5",-1.26405940412049
"X5",-1.50821688275268
"X5",-1.00841982429384
"X5",-0.019748532
"X5",-0.78865128397914
"X5",-0.898723767157617
"X5",-1.0828335555471
"X5",-1.13047764527037
"X5",-0.827779860990827
"X5",-0.590339115047592
"X5",-1.91242640007582
"X5",-0.818118834089406
"X5",-0.794362170874735
"X5",-1.00850211928855
"X5",-0.622876219733177
"X5",-0.903216448506268
"X5",-1.40822375076374
"X5",-1.29301348352376
"X5",-0.76498799680871
"X5",-0.921555139246033
"X5",-0.973857308883828
"X5",-0.857129519830035
"X5",-0.717240898721482
"X5",-0.988303768301828
"X5",-0.77006562203835
"X5",-1.02566844685228
"X5",-0.996090051448947
"X5",-0.482348836454717
"X5",-0.320578755034648
"X5",-0.888817982454667
"X5",-1.05722615684852
"X5",-1.04942807939413
"X5",-1.29825833741902
"X5",-1.91752853634662
"X5",-0.693551799923697
"X5",-0.21086141
"X5",-0.994913304929721
"X5",-0.958994731110092
"X5",-1.31719595455974
"X5",-0.859962878166614
"X5",-0.744555029584235
"X5",-0.693475745362626
"X5",-0.923055106278722
"X5",-2.1803674602698
"X5",-1.05726704296791
"X5",-0.95598482912944
"X5",-1.03208032761323
"X5",-1.68280223300824
"X5",-1.40629450021624
"X5",-1.24959301612887
"X5",-0.36732144
"X5",-1.69407483863717
"X5",-0.643581241173471
"X5",-1.07563745802028
"X5",-0.831909284684987
"X5",-1.19989456779791
"X5",-0.941037464989624
"X5",-1.0315193370265
"X5",-1.78337424480086
"X5",-0.547700848563885
"X5",-0.786292396499284
"X5",-0.804668221681477
"X5",-0.69195506559466
"X5",-1.21152361990503
"X5",-0.871795282872048
"X5",-1.10518662695991
"X5",-0.836351901596348
"X5",-0.993709359224041
"X5",-1.18317105271308
"X5",-1.02647860092838
"X5",-0.748308919336775
"X5",-1.12836394970563
"X5",-0.577986232200962
"X5",-0.976764596828686
"X5",-1.12844041286344
"X5",-1.171434605378
"X5",-0.22171448
"X5",-1.25599975922761
"X5",-1.07362288309605
"X5",-0.876491774905757
"X5",-0.736537429797124
"X5",-1.81412724009046
"X5",-0.786036944131437
"X5",-0.517007335251085
"X5",-1.34012061318253
"X5",-0.945683816017594
"X5",-0.833504007665227
"X5",-0.826382525444415
"X5",-0.369316256055879
"X5",-0.995735260272036
"X5",-0.636727928528002
"X5",-1.04606721133898
"X5",-1.55330831678637
"X5",-0.853630306629245
"X5",-1.10902392286419
"X5",-1.52013692193907
"X5",-0.789675635854493
"X5",-0.959162178305362
"X5",0.10433345
"X5",-0.561959826578199
"X5",-1.21970312229434
"X5",-1.06211519683809
"X5",-1.92865520876804
"X5",-0.980241391270921
"X5",-0.92121213002311
"X5",-1.31331619674959
"X5",0.1241822
"X5",-1.1524314207697
"X5",-0.830761055445028
"X5",-1.60899400147839
"X5",-1.0160819421843
"X5",-0.497148244450735
"X5",-0.453652276272854
"X5",-0.249208559601723
"X5",-1.05042466636861
"X5",-0.748689128390261
"X5",-0.519612037005947
"X5",-0.713601146385517
"X5",-0.360413165119605
"X5",0.013755397
"X5",-0.984005174064425
"X5",-1.07650491841767
"X5",-0.507749308338321
"X5",-1.0718744771498
"X5",-0.86997077267694
"X5",-0.602401897347606
"X5",-2.04241638582234
"X5",-0.42649873582816
"X5",0.18247458
"X5",-0.938715300623295
"X5",-1.51437374853405
"X5",-0.910405640032544
"X5",-0.834500178699128
"X5",-0.056140136
"X5",-1.43523418230166
"X5",-1.08021025692051
"X5",-1.14742065475413
"X5",-0.097687643
"X5",-1.16775472900178
"X5",-0.964574282553099
"X5",-1.72769070684351
"X5",-1.01373096849644
"X5",-2.1803674602698
"X5",-0.534973365633765
"X5",-0.934868285101223
"X5",-0.750402998709854
"X5",-1.38801221898562
"X5",-0.532237258871338
"X5",-0.658950344855907
"X5",-2.10156851771199
"X5",-1.75602518771073
"X5",-0.963931853288792
"X5",-0.195713198884393
"X5",-0.797185101562825
"X5",-1.09335737372699
"X5",-0.907356690962203
"X5",-0.951033538253339
"X5",-1.34704752766713
"X5",-1.01688316535443
"X5",-1.0532275702194
"X5",-1.03483855251465
"X5",-1.57883803931032
"X5",-0.780801667663519
"X5",-1.07078284690675
"X5",-1.63814186463549
"X5",-1.65877759039921
"X5",-1.2684199770207
"X5",-0.691661863132787
"X5",-0.826714706238392
"X5",-1.78532919872951
"X5",-1.22182083320216
"X5",-2.1803674602698
"X5",-0.676420042114085
"X5",-0.85085942582
"X5",-0.745454367793226
"X5",-1.15725825027379
"X5",-0.448116813220928
"X5",-1.28050036696277
"X5",-0.72120512261751
"X5",-2.0276647264804
"X5",-0.880764338580163
"X5",-0.777046871953109
"X5",-1.21182839006636
"X5",0.29031239
"X5",-0.919038393164822
"X5",-1.21083659147195
"X5",-0.909009814320417
"X5",-0.846259469746783
"X5",-1.20976723595388
"X5",-0.602906142425101
"X5",-1.25647046756769
"X5",-0.693271130840647
"X5",-0.589156690182461
"X5",-0.387659686647215
"X5",-1.05959486405597
"X5",-0.969152336697643
"X5",-1.7246836459126
"X5",-0.287296729585626
"X5",-0.812036561043163
"X5",-1.29494696873326
"X5",-0.736560529192862
"X5",-0.922747088608781
"X5",-1.68000481850084
"X5",-0.42508622317681
"X5",-0.540782343907484
"X5",-1.06385830342
"X5",-0.847011246230704
"X5",-0.826479940291233
"X5",-1.8105528502874
"X5",-0.889906562139024
"X5",-0.689679395355919
"X5",-1.53459289124113
"X5",-0.71384541884023
"X5",-0.762176497297114
"X5",-1.76251797190179
"X5",-0.830265007099082
"X5",-0.693310781254016
"X5",-0.467711056949107
"X5",-0.423135660858304
"X5",-0.831086851774872
"X5",-1.03583334504325
"X5",-0.625279761646412
"X5",-0.98517443985788
"X5",-1.21492146256152
"X5",-0.877586143395429
"X5",-1.16314193734163
"X5",-0.727303157766962
"X5",-1.31524900828353
"X5",-1.71890201914074
"X5",-0.875881573804514
"X5",-0.674967029177596
"X5",-1.02707170186405
"X5",-2.0078340547216
"X5",-1.7080519560868
"X5",-0.601833923800178
"X5",-1.58035293742459
"X5",-0.483827590611088
"X5",-0.17769492
"X5",-1.63217155325351
"X5",-1.25137576957832
"X5",-0.870174889117318
"X5",-0.802848133865717
"X5",-0.088994776
"X5",-1.09189246449062
"X5",-2.1803674602698
"X5",-0.570705815389991
"X5",-1.18527261964848
"X5",-0.994010580969323
"X5",-0.894898853133494
"X5",-0.695719233264072
"X5",-0.770907085723421
"X5",-0.49625626
"X5",-0.17522942
"X5",-0.811817630690149
"X5",-1.67565412729427
"X5",-0.591680172251967
"X5",-0.768710960662646
"X5",-1.93590081990346
"X5",-0.822514846410026
"X5",-0.599735265354998
"X5",-0.941077107636407
"X5",-0.380292681844222
"X5",-0.987470036333388
"X5",-1.29610538437222
"X5",-1.82139599063412
"X5",-1.49244596086913
"X5",-1.05510182469977
"X5",-1.75161998389481
"X5",-0.78072886703202
"X5",-1.64536870499845
"X5",-1.79034533751615
"X5",-1.30771714395601
"X5",-1.71244876636632
"X5",-0.987276465322058
"X5",-1.10459036555992
"X5",-1.35672903110761
"X5",-0.838317993028697
"X5",-0.67492459
"X5",-0.597875975378466
"X5",-0.478943472829662
"X5",-0.73600611743224
"X5",-0.586485275837341
"X5",-1.61761887724336
"X5",-1.82026316876267
"X5",-0.61389552844103
"X5",-0.955631059367764
"X5",-0.612454218652465
"X5",-0.93123656477463
"X5",-0.987554978418344
"X5",-0.949856752213066
"X5",-1.36894893222155
"X5",-0.862634406106744
"X5",-0.983146005003306
"X5",-1.68112997208887
"X5",-1.59774461905348
"X5",-0.777132370126847
"X5",-0.84721586175381
"X5",-1.07236804434398
"X5",-2.04043437708197
"X5",-1.59404337694125
"X5",-1.09926400474721
"X5",-0.943520598977029
"X5",-1.66441097438173
"X5",-0.630175006484997
"X5",-1.10225525240544
"X5",-0.291527727978678
"X5",-0.69190118920642
"X5",-0.516249685257921
"X5",-1.37888089911551
"X5",-0.881513435583469
"X5",-1.73125739022358
"X5",-0.589954941290377
"X5",-0.755111224604299
"X5",-0.754131021100803
"X5",-0.876069530844328
"X5",-1.01635489459592
"X5",-1.39758789785699
"X5",-2.11678653327734
"X5",-0.454143504771464
"X5",-1.34146884288583
"X5",-0.81455009512808
"X5",-0.923158228326637
"X5",-0.636083063425488
"X5",-1.84739434092321
"X5",-1.43436386626809
"X5",-0.911248027599507
"X5",0.14062259
"X5",0.038457434
"X5",-1.16063714651511
"X5",-0.450176743419917
"X5",-1.01961853271913
"X5",-1.16213593835902
"X5",-0.826063408588343
"X5",-0.808518750257209
"X5",-1.62824710197865
"X5",-1.56608264542316
"X5",-0.575345186124393
"X5",-1.20313317211688
"X5",-0.588186919145065
"X5",-0.758706319056101
"X5",-0.577315645064313
"X5",-0.595258443242685
"X5",-1.25007657723776
"X5",-1.21426312689489
"X5",-0.507719439432321
"X5",-1.69152444573302
"X5",-1.65747692563991
"X5",-1.30708695531678
"X5",-1.0006728046139
"X5",-0.783828077554374
"X5",-0.895846232908169
"X5",-0.42199605368733
"X5",-0.223358518510844
"X5",-0.924045047780633
"X5",-1.13461319275977
"X5",-0.889403306917075
"X5",-1.69772903804094
"X5",-0.462871951560151
"X5",-0.867108975260811
"X5",-1.30855226342364
"X5",-1.48495256784467
"X5",-0.713833064097907
"X5",-1.25872001691772
"X5",-0.918379930541353
"X5",-0.942527826144239
"X5",-1.02061699299664
"X5",-1.23572323720756
"X5",-0.564574229404557
"X5",-1.8945475747942
"X5",-0.773785069213457
"X5",-0.3500284
"X5",-1.32470472720178
"X5",-1.18556548791168
"X5",-0.622484420230559
"X5",-1.06437401346322
"X5",-1.75920654097864
"X5",-1.91926187522912
"X5",-0.531136950560892
"X5",-0.627588563870927
"X5",-1.189114723104
"X5",-1.50854928462619
"X5",-1.59373393047555
"X5",-1.63394408019041
"X5",-1.67413145492088
"X5",-1.35018779247884
"X5",-0.41206395
"X5",-0.708345696692556
"X5",-0.566579983324594
"X5",-1.43270161953825
"X5",-1.22762709176635
"X5",-0.93693569639378
"X5",-0.687949912299768
"X5",-1.3413457614652
"X5",-0.266412544480177
"X5",-0.913782925745987
"X5",-1.69212006175295
"X5",-0.901089815540977
"X5",-0.752868722151966
"X5",-0.426325648214581
"X5",-1.02432477286151
"X5",-1.42125227288164
"X5",-0.419329856150615
"X5",-0.800424074224991
"X5",-0.761205594282817
"X5",-0.390841722354203
"X5",-0.946261439904629
"X5",-1.05899383410167
"X5",-0.717007715969825
"X5",-1.80507094914926
"X5",-1.04229720838169
"X5",-1.26326256980327
"X5",0.057892525
"X5",-1.15370758952176
"X5",-0.968770701028976
"X5",-0.766313453280674
"X5",-1.01857908267349
"X5",-1.18359658051844
"X5",-1.28643541950715
"X5",0.033066603
"X5",-1.83599290121423
"X5",-0.593634405361266
"X5",-1.1742283312792
"X5",-0.756804073529488
"X5",-0.583420599497821
"X5",-1.97295009125806
"X5",-0.531743371120942
"X5",-0.685433501509739
"X5",-1.02523627758293
"X5",-1.73463243545936
"X5",-0.27881499
"X5",-1.03731284361097
"X5",-1.03780055515898
"X5",-0.900570820376075
"X5",-0.635683891211015
"X5",-1.0989758913381
"X5",-1.65897333746679
"X5",-1.27577280862048
"X5",-0.048378404
"X5",-0.426299921471212
"X5",-1.25312639519746
"X5",-0.885846493754161
"X5",-0.503246760671788
"X5",-0.517630024041949
"X5",-0.857717105656401
"X5",-1.12999597287945
"X5",-1.01963876467065
"X5",-0.84425999847649
"X5",-0.543546692776003
"X5",-0.261378412624937
"X5",-0.936190965244788
"X5",-1.02217783499121
"X5",-0.529101417866747
"X5",-1.84267914395866
"X5",-1.04886056659245
"X5",-0.547730916932626
"X5",-0.566427324816832
"X5",-1.13766847500287
"X5",-0.386470586016654
"X5",-1.72898381751742
"X5",-1.30136053193927
"X5",-1.05474885202196
"X5",-0.920065539505436
"X5",-0.757133943715286
"X5",-1.02971633335339
"X5",-0.858447531993583
"X5",-0.975633205221579
"X5",-0.955056917717307
"X5",-0.624550029966929
"X5",-0.680910421030845
"X5",-1.11785065885894
"X5",-1.26787032856009
"X5",-0.96991486683325
"X5",-2.12595588010596
"X5",-1.1949887657004
"X5",-1.04461071673951
"X5",-1.10585069464461
"X5",-1.15698946855337
"X5",-1.1958890988304
"X5",-1.13951301717291
"X5",-1.17931151201512
"X5",-0.717422659475791
"X5",-1.41121797064701
"X5",-1.08015500231736
"X5",-0.360288051121442
"X5",0.29383894
"X5",-0.647817177011994
"X5",-0.380251582032049
"X5",-0.0050603624
"X5",-0.633747268124043
"X5",-0.912774024560976
"X5",-1.10647160849518
"X5",-0.66370990484248
"X5",-0.478718657559919
"X5",-0.792448748232008
"X5",-0.583071447080233
"X5",-0.574667049079965
"X5",-1.20348976827644
"X5",-0.892819037028226
"X5",-0.799412701296668
"X5",-0.442337571803839
"X5",-1.59161122371067
"X5",-1.78976672503695
"X5",-0.694940648066257
"X5",-1.21473584952389
"X5",-1.66057035026749
"X5",-0.674620803132512
"X5",-1.68315438087029
"X5",-1.88860741496271
"X5",-0.583449450314132
"X5",-0.761318735278831
"X5",-0.838029937130122
"X5",-0.432676874797187
"X5",-0.893899584126391
"X5",-0.760239070323973
"X5",-0.737384638042079
"X5",-1.87990350483392
"X5",-0.92238947159338
"X5",-1.91391263637824
"X5",-0.667287025074027
"X5",-0.871657604004858
"X5",-1.83744563205359
"X5",-1.23433061611802
"X5",-0.317646758086286
"X5",-0.83970899697918
"X5",-0.850556923748398
"X5",-0.948019887786597
"X5",-0.554971350583937
"X5",-0.953260166751703
"X5",-0.869650564947719
"X5",-1.17783206313406
"X5",-2.1803674602698
"X5",-0.73543641870207
"X5",-0.796006906995511
"X5",-1.03294917909054
"X5",-0.976983010896361
"X5",-1.36864324617526
"X5",-1.14784272163115
"X5",-0.556122855425915
"X5",-0.81848790767183
"X5",-1.80045646995579
"X5",-0.830479822280886
"X5",-1.76720344405931
"X5",-0.608575209240364
"X5",-0.719182213961401
"X5",-0.881819759940531
"X5",-0.708953634084265
"X5",-0.860206451374899
"X5",-1.11327518370776
"X5",-1.05219546743942
"X5",-1.37078353131877
"X5",-1.23558461155867
"X5",0.0605141773338308
"X5",-1.18948310117889
"X5",-0.97936051919577
"X5",-0.78653473610955
"X5",-0.981154557950382
"X5",-0.779273174659448
"X5",-1.25397479854666
"X5",-1.81456091298861
"X5",0.15425812
"X5",-0.804485453673796
"X5",-1.33523433482132
"X5",-1.04449007708427
"X5",0.13360685
"X5",-1.11222267338193
"X5",-0.805087306120743
"X5",-1.07672305513046
"X5",-0.996251923200037
"X5",-0.907988163729306
"X5",-1.16023902922571
"X5",-0.17011513
"X5",-0.578129030556502
"X5",0.0926307502341699
"X5",-0.423939035532637
"X5",0.050046334
"X5",-2.1803674602698
"X5",-1.429874124587
"X5",-0.736437092967938
"X5",-2.1803674602698
"X5",-1.82328901748909
"X5",-1.64100779699945
"X5",-0.53960562060848
"X5",-1.10404501678208
"X5",-0.80343957392763
"X5",-1.2128913692144
"X5",-1.01091540041443
"X5",-1.15081713346862
"X5",-1.04535469281701
"X5",-0.12709812
"X5",-1.02195656493648
"X5",0.29460845
"X5",-1.27311538574474
"X5",-0.689191944011484
"X5",-1.75648056056027
"X5",-0.693834747499316
"X5",-0.515768562733536
"X5",-0.975826731871521
"X5",-1.15441988481324
"X5",-1.16333313171574
"X5",-1.55558142676816
"X5",-1.60891413255974
"X5",-0.556677555621326
"X5",-1.15990841616897
"X5",-1.17232987793462
"X5",-0.742187475136222
"X5",-0.25125896
"X5",-1.30541392329312
"X5",-0.91383552499013
"X5",-0.714044752452426
"X5",-0.925938984760862
"X5",-1.45998927336769
"X5",-1.17866572280279
"X5",-0.799067234250843
"X5",-0.861428956407608
"X5",0.1310652
"X5",-1.15683374918813
"X5",-0.7218410829286
"X5",-1.45900823860437
"X5",-0.651132962611126
"X5",-1.52056783995955
"X5",-1.07811431984245
"X5",-0.697534902054622
"X5",-0.957814962327156
"X5",-1.02012123618699
"X5",-0.63517614357811
"X5",-0.942001552728557
"X5",-0.587032553534805
"X5",-2.1803674602698
"X5",-0.811494314442321
"X5",-0.505817405210181
"X5",-0.557743666258793
"X5",-0.698678353535724
"X5",-0.676913895653547
"X5",-0.929734287465251
"X5",-2.1803674602698
"X5",-2.04542984785461
"X5",-1.12303717318996
"X5",-0.766766033776309
"X5",-1.39533285861973
"X5",-0.589957954609433
"X5",-0.594764118035552
"X5",-1.75335329257806
"X5",-0.938011158073873
"X5",-0.980940539915961
"X5",-1.06308018505539
"X5",-1.69881292821704
"X5",-1.85514173685534
"X5",-1.26702331913502
"X5",-1.64550423699094
"X5",-0.307534624468805
"X5",-0.704856422680151
"X5",-1.0419352883523
"X5",-0.60744214
"X5",-0.976068326947173
"X5",-1.35199646570116
"X5",-0.976853272763238
"X5",-0.612841519417591
"X5",-1.32845052123338
"X5",-0.480302359999567
"X5",-0.940138271863677
"X5",-0.07749992
"X5",-1.04179986298929
"X5",0.1442281
"X5",-1.24357335537739
"X5",-1.32253478515222
"X5",-0.391485120554624
"X5",-0.395391703862116
"X5",-0.781277852193244
"X5",-1.78958098129551
"X5",-0.225325345260757
"X5",-1.80625535064765
"X5",-1.36326854616077
"X5",-0.614934861089654
"X5",-1.61794519537891
"X5",-0.532228611241799
"X5",-0.638184115812048
"X5",-1.85432866815879
"X5",-0.772423824576427
"X5",0.11518573
"X5",-0.968051284536766
"X5",-1.58185895103842
"X5",-1.3813952429982
"X5",-1.81175238515757
"X5",-0.664565030992432
"X5",-0.927924778385361
"X5",-1.2170936955008
"X5",-0.609298006980462
"X5",-0.896057692490525
"X5",-1.25886974563761
"X5",-1.88132528546948
"X5",-1.75982467012948
"X5",-0.860557612204664
"X5",-0.696160832580407
"X5",-0.684493017917221
"X5",-0.734967633921556
"X5",-0.639779995726132
"X5",-0.532503558645165
"X5",-0.096929826
"X5",-0.851533162889379
"X5",-0.412394492137384
"X5",-0.522267036814772
"X5",-1.0932461216691
"X5",-0.608277719646759
"X5",-1.81767454834091
"X5",-0.752444865607644
"X5",-1.17177683419787
"X5",-0.736988288462529
"X5",-0.510014019769015
"X5",-0.864184588353773
"X5",-0.759203434933888
"X5",-0.798217339592174
"X5",-0.578451313444206
"X5",-0.717478656343028
"X5",-0.806975720679461
"X5",-0.874899009575026
"X5",-0.084848932
"X5",-1.28398965414019
"X5",-0.836519919678078
"X5",-1.41439605524852
"X5",-0.910400886224619
"X5",-0.949422521543172
"X5",-0.803805653425907
"X5",-0.827207394381619
"X5",-1.15879701100208
"X5",-0.810986943179957
"X5",-0.931741944486523
"X5",-0.733402137956008
"X5",-0.707092224880989
"X5",-0.759025278316919
"X5",-1.01789359277473
"X5",-0.729419256006652
"X5",-0.993729472627229
"X5",-1.10521662264569
"X5",-0.820546551375361
"X5",-0.897388414986982
"X5",-0.895497326621243
"X5",-1.9610065697868
"X5",-0.712659118850508
"X5",-1.12107933412135
"X5",-0.806957618989224
"X5",-1.32660127771759
"X5",-0.963581897944346
"X5",-0.882479340137892
"X5",-0.938099014441156
"X5",-1.0526598370511
"X5",-1.11230658229579
"X5",0.37754857
"X5",-0.681014195505724
"X5",-1.51056707543517
"X5",-0.970334638646838
"X5",-0.608661234469973
"X5",-1.11236373087319
"X5",-1.87287193691352
"X5",-0.639658879924823
"X5",-1.78535700333627
"X5",-0.954364570123358
"X5",-1.1881663692435
"X5",-1.23098602287356
"X5",-0.703325419600401
"X5",-1.24385795161869
"X5",-1.0672147969658
"X5",-1.04781938648969
"X5",-0.995633743747953
"X5",-0.271599426313672
"X5",-0.972030389645029
"X5",-0.889701425059566
"X5",-1.10201062564101
"X5",-1.6393240433401
"X5",-0.963517206550292
"X5",-1.13617654769177
"X5",-1.1281076250741
"X5",-0.800646653747128
"X5",-1.7152565239013
"X5",-0.342115515077951
"X5",-1.7720370085791
"X5",-0.7400811305446
"X5",-1.91311748014096
"X5",-1.19728991997633
"X5",-0.10314499
"X5",-0.347146702857144
"X5",-0.875857137150855
"X5",-0.778394877611865
"X5",-1.54759307075842
"X5",-0.669648942456591
"X5",-0.839849214904551
"X5",-0.487969599695131
"X5",-1.93859633845915
"X5",-1.19507024930146
"X5",-0.713256582398357
"X5",-0.722124185116305
"X5",-0.932971611073108
"X5",-0.861808401679159
"X5",-1.03196730483099
"X5",-0.979059017550081
"X5",-0.79809938310221
"X5",-1.01346201233327
"X5",-1.35381361651041
"X5",-1.74242520921695
"X5",-0.744444334220274
"X5",-1.115869919149
"X5",-0.828711061607577
"X5",-2.1803674602698
"X5",-0.635320500044336
"X5",-1.12838340039318
"X5",-1.14736962640731
"X5",-1.68858878244618
"X5",-1.1066672734875
"X5",-0.872925611275349
"X5",-0.15831086
"X5",-1.39686536632856
"X5",-1.26682482486648
"X5",-0.752066067340425
"X5",-0.754661665371157
"X5",-0.3663137
"X5",0.0043943567
"X5",-0.611733162241187
"X5",-1.50980361959905
"X5",-0.439649185821384
"X5",-1.70198832459178
"X5",-1.10356306192598
"X5",-0.810490959772813
"X5",-0.800083378081183
"X5",-1.72466105129521
"X5",-1.42789688461527
"X5",-1.29033582922837
"X5",-0.835523245537592
"X5",-0.810808132772291
"X5",-1.70609606882889
"X5",-0.813057055031146
"X5",-0.605401563728979
"X5",-1.15981491605549
"X5",-1.17411857468159
"X5",-0.812624655886352
"X5",-0.803232390252958
"X5",-1.47398645622959
"X5",-0.785305191438563
"X5",-0.647125985326069
"X5",-0.998467769539343
"X5",-1.85358727692348
"X5",-1.16842859547226
"X5",-1.09144201338393
"X5",-1.18381472181182
"X5",-1.04222674364836
"X5",-0.958963657144673
"X5",-1.09235396689614
"X5",-0.439567911901785
"X5",-0.887387638146606
"X5",-1.69194726391784
"X5",-1.32103878773177
"X5",-1.58577338941941
"X5",-0.790610351844351
"X5",-1.98793338963748
"X5",-0.736834228049319
"X5",-0.725205444963478
"X5",-1.78661881099036
"X5",-0.888398404373475
"X5",-0.551830213786059
"X5",-0.325128853857364
"X5",-0.226086020857238
"X5",-0.447476258733306
"X5",-0.754701554158401
"X5",-0.549652323507228
"X5",-1.18176986342132
"X5",-0.981083257086588
"X5",-1.72770126644726
"X5",-0.664291470362775
"X5",-0.687751157606323
"X5",-1.02330835512796
"X5",-0.868482102022144
"X5",-0.683808155268587
"X5",-1.11350851432532
"X5",0.19795621
"X5",-0.91979381850154
"X5",-0.716160533273457
"X5",-0.479521718289314
"X5",-1.71778501567339
"X5",-0.584583559117634
"X5",-0.903848980930039
"X5",-0.512729921072031
"X5",-0.9367201045283
"X5",-1.19898333924793
"X5",-0.447432893674808
"X5",-0.988095647752402
"X5",-1.56597588873698
"X5",-1.40169020478102
"X5",-1.26628485514314
"X5",-0.348033730839766
"X5",-0.906831739830727
"X5",-1.77142589036376
"X5",-1.76068928510856
"X5",-1.14561293142889
"X5",-0.777543547343007
"X5",-1.00089495194721
"X5",-1.7443619838153
"X5",-0.882015150676791
"X5",-0.880672705727839
"X5",-0.586346998223729
"X5",-0.12811081
"X5",-1.69903609424401
"X5",-1.87632475397855
"X5",-0.674704780203357
"X5",-0.975271409274411
"X5",-1.3109978889804
"X5",-1.02474146531836
"X5",-0.597650579965434
"X5",-1.59872277621866
"X5",-0.323365701257169
"X5",-1.48702980646274
"X5",-0.690739825961502
"X5",-0.905840912704011
"X5",0.027025937
"X5",-1.09950727789407
"X5",-0.754168302946154
"X5",-0.1752394
"X5",-1.70610935926132
"X5",-0.39127754
"X5",-0.659436930170248
"X5",-1.89103502884601
"X5",-0.826056916384772
"X5",-0.856792124835216
"X5",-1.0556337329294
"X5",-0.074997348
"X5",-0.667088153349594
"X5",-1.11061102931632
"X5",-1.05442466485725
"X5",-0.937546761852082
"X5",-0.871190049300953
"X5",-0.896241559956517
"X5",-0.801143114367046
"X5",-0.438761243837354
"X5",-0.620096757081851
"X5",-0.425938995693687
"X5",-1.64901428516753
"X5",-0.799760738492374
"X5",0.45742424
"X5",-0.929090314651773
"X5",-1.04079349890825
"X5",-0.852183871778613
"X5",-0.837687985472624
"X5",-0.29443967
"X5",-2.1803674602698
"X5",-1.13698344201517
"X5",-1.56409910415729
"X5",-0.91478606699724
"X5",-1.08436460281269
"X5",-0.547291236298089
"X5",-1.42590775638703
"X5",-0.854467072971285
"X5",-1.53735125413832
"X5",-1.88318261541722
"X5",-1.40738550712953
"X5",-0.885857725087531
"X5",-0.738173544229084
"X5",-0.822049450708897
"X5",-1.77798866343516
"X5",-1.04798060849713
"X5",-1.0933048408064
"X5",0.13902601
"X5",-2.1803674602698
"X5",-1.8155195157654
"X5",-1.60375492823105
"X5",-0.698178805032682
"X5",-1.00654536591413
"X5",-0.851469184039275
"X5",-1.39219548946734
"X5",-0.743336953064908
"X5",-1.667076737662
"X5",-0.813128298779578
"X5",-1.03899900659136
"X5",-1.75083721556936
"X5",-0.877711736203875
"X5",-1.20688611237062
"X5",-0.956820199315111
"X5",-1.34423591427885
"X5",-0.850103846002022
"X5",-1.04150953798657
"X5",-0.875731266619737
"X5",-1.0005995412791
"X5",-2.1803674602698
"X5",-0.906176868255143
"X5",-0.763186102010701
"X5",-0.482974486049546
"X5",-0.586446982652152
"X5",-0.14550921
"X5",-0.4880027856482
"X5",-0.746627875125496
"X5",-0.880046798125586
"X5",-0.568925647207028
"X5",-0.939016628219391
"X5",-0.816070494294138
"X5",-0.93376464206625
"X5",-0.98943358648201
"X5",-1.74689439881314
"X5",-1.24771508799525
"X5",-2.1803674602698
"X5",-0.35487016
"X5",-1.79248435882744
"X5",-1.17685676686664
"X5",-0.629802751298443
"X5",-1.16494400890781
"X5",-1.09966458091142
"X5",-0.966668202479681
"X5",-0.643594214276289
"X5",-1.01698025112834
"X5",-0.948966708865398
"X5",-0.705726238566134
"X5",-0.730855606039188
"X5",-0.930137339329295
"X5",-0.760231666713481
"X5",-1.41981048047095
"X5",-1.68988059746718
"X5",-0.391755519716735
"X5",-1.06387354868402
"X5",-0.682032667591201
"X5",-0.889241582219512
"X5",-0.11918218
"X5",-0.559197212606966
"X5",-1.46121570054203
"X5",0.094107505
"X5",-0.416142037181429
"X5",-0.800242624997838
"X5",-0.771567508495948
"X5",-1.76671919501717
"X5",-1.04676619881222
"X5",-0.998811645588583
"X5",-0.588351267686679
"X5",-1.43586761221051
"X5",-1.80232980416535
"X5",-0.816383799036295
"X5",-0.280185782892635
"X5",-0.449674022047686
"X5",-0.878235111101184
"X5",-1.33555654625932
"X5",-2.1803674602698
"X5",-1.748228440893
"X5",-1.17380569299461
"X5",-0.491022780649729
"X5",-1.35987256984484
"X5",-1.29240055875971
"X5",-1.72443452615538
"X5",-0.761090906787039
"X5",-0.452035027450489
"X5",-0.710734966475821
"X5",-0.0942369797924416
"X5",-1.00646501217764
"X5",-0.850394599136411
"X5",-0.737703836186148
"X5",-0.404503037860924
"X5",-1.11946097062123
"X5",-1.04735324635451
"X5",-0.317957096274851
"X5",-0.850215578919216
"X5",-0.993681449057333
"X5",-0.311754682982753
"X5",-1.25150603041082
"X5",-0.850144369410025
"X5",-1.27683461328366
"X5",-0.71335563061747
"X5",-0.798503189304797
"X5",-0.805078076143807
"X5",-1.28100322648793
"X5",-1.6126617391334
"X5",-1.94009180459436
"X5",-1.3793576496538
"X5",-1.33174461319469
"X5",-0.82620792776077
"X5",-0.03978148
"X5",-1.01946665308392
"X5",-0.973476609734835
"X5",-1.57251398389738
"X5",-0.846947006450764
"X5",-1.85879613800405
"X5",-0.917970238963983
"X5",-1.00141022799019
"X5",-0.902524930162497
"X5",-1.0652392810765
"X5",-0.472643325885251
"X5",-1.02906069636256
"X5",-1.1440012406717
"X5",-1.21555464270194
"X5",-0.926669709715641
"X5",-0.18058692
"X5",-1.71295365405786
"X5",-1.65518486502263
"X5",-1.55277534207578
"X5",-1.11153489537897
"X5",-0.739267552904627
"X5",-0.774880834051293
"X5",-0.923553880676139
"X5",-0.664887173609118
"X5",-0.783487823361498
"X5",-0.88816453905321
"X5",-0.22829718
"X5",-0.923342466312402
"X5",-0.50348571121182
"X5",-0.786185062854129
"X5",-0.973600309832071
"X5",-0.677119967831115
"X5",-0.920112010267937
"X5",-0.422398861977732
"X5",-1.09098759627245
"X5",-1.59669855549726
"X5",-1.38088831218639
"X5",-0.469127808642378
"X5",-1.06629425236474
"X5",-0.95509056428963
"X5",-1.810664410425
"X5",-1.36378296321356
"X5",-1.29664865777579
"X5",-0.980287332441428
"X5",-0.917910748156441
"X5",0.26148504
"X5",-0.746958294327648
"X5",-1.19156060158124
"X5",-0.581304098656802
"X5",0.038833725
"X5",-0.943509710522458
"X5",-0.911777811559511
"X5",-0.901555961742078
"X5",-0.954646878149867
"X5",0.053616752
"X5",-1.07764709101018
"X5",-1.01398036131193
"X5",-0.515876397115432
"X5",-0.35133392
"X5",-1.82513827816073
"X5",-0.635171857172039
"X5",-1.01149873743691
"X5",-0.635622168312279
"X5",-0.94736084854561
"X5",-1.80019645235055
"X5",-0.666104454030546
"X5",-0.680711718826958
"X5",-0.706165454099607
"X5",-0.798433035290656
"X5",-0.491221334469747
"X5",-1.23597541105749
"X5",-0.43523502
"X5",-1.43966574866752
"X5",-1.49224845251079
"X5",-1.67070237016811
"X5",-0.863013807936643
"X5",-1.79757439955947
"X5",-1.33912617694223
"X5",-0.826461220242215
"X5",-1.13885506364409
"X5",-1.6669676195876
"X5",-1.46940811595904
"X5",-0.766040751398089
"X5",-0.986420164667356
"X5",-0.990773736178121
"X5",-1.18664637252214
"X5",-1.27731422007597
"X5",-0.752738639846657
"X5",-1.82049396993314
"X5",0.075425461
"X5",-1.26161566723152
"X5",-1.04233996916684
"X5",-0.536414547380153
"X5",-1.9426874140522
"X5",-0.673799498329688
"X5",-0.661444720379915
"X5",-0.356165557297338
"X5",-0.956363069497068
"X5",-0.446343982178133
"X5",-0.649590883616214
"X5",-1.06197305178972
"X5",-0.211085735963932
"X5",-0.976165602322618
"X5",-1.05896283568514
"X5",-1.23745253428131
"X5",-0.41415648221006
"X5",0.0068174488
"X5",-1.50579077105531
"X5",-0.759390464820999
"X5",-1.19520335604665
"X5",-1.63337583774173
"X5",-1.12743387387139
"X5",-0.435360060752457
"X5",-1.85268565541197
"X5",-0.538393671493354
"X5",-0.672355723367259
"X5",-1.57028969817942
"X5",-0.811185518989563
"X5",-0.885905863621394
"X5",-0.83902439073489
"X5",-1.02323032229485
"X5",-0.941790205271298
"X5",-1.05326000957122
"X5",-0.912623771473599
"X5",-1.00848803115325
"X5",-0.075720527
"X5",-0.407314203899473
"X5",-1.0450636106835
"X5",-1.83109763191957
"X5",-0.25007875
"X5",-0.7074431960928
"X5",-1.00257882672529
"X5",-0.852482227898865
"X5",-0.766418984708587
"X5",-0.054693962454115
"X5",0.038979557
"X5",-2.05699887504048
"X5",-1.28042589430187
"X5",-1.04468876280266
"X5",-0.710974211209315
"X5",-0.874339567068378
"X5",-1.15992886306076
"X5",-0.918858614664275
"X5",-1.43812295002758
"X5",-1.27212471689246
"X5",-2.1803674602698
"X5",-0.705287094129811
"X5",-0.804743531862897
"X5",-0.770513068679238
"X5",-0.434058248010948
"X5",-0.492766678000208
"X5",-0.972849681259262
"X5",-1.69117782857003
"X5",-0.895000885703827
"X5",-0.908002954571512
"X5",-0.699406540478924
"X5",-1.07174535496049
"X5",-0.71385372963853
"X5",-1.02790368401298
"X5",-1.73404742838935
"X5",-1.48235997851988
"X5",0.25005447
"X5",-1.84448707819464
"X5",-0.973897823114563
"X5",-1.73225149740184
"X5",-1.73731682956369
"X5",-0.336274448073327
"X5",-0.784280760203077
"X5",-1.0504220844846
"X5",-0.665944070758656
"X5",-1.75276992281642
"X5",-1.16445000283553
"X5",-0.43983776986505
"X5",-0.941971314949282
"X5",-0.754611445285143
"X5",-0.227689549730744
"X5",-1.6413407286518
"X5",-1.61349913853286
"X5",-0.16444392
"X5",-0.816923486502011
"X5",-0.921864188238389
"X5",-0.8773529421705
"X5",-0.553193772316212
"X5",0.20411536
"X5",-0.814581786673678
"X5",-1.05532645155888
"X5",-0.919552686436204
"X5",-0.311390640745507
"X5",-1.11762703244711
"X5",-0.710328879945372
"X5",-0.150985080699651
"X5",-0.71730585877009
"X5",-1.08940632555908
"X5",-0.490090414598989
"X5",-0.760868918094568
"X5",-1.09140131473992
"X5",-0.259418933735386
"X5",-0.882769639237897
"X5",-0.966113467722866
"X5",-0.624657066943039
"X5",-1.80210666879687
"X5",-0.763235735618056
"X5",-0.901657864686978
"X5",-0.644605843453085
"X5",-0.782812052138917
"X5",-0.853224380116433
"X5",-1.84582686728962
"X5",-0.848163192350964
"X5",-0.746243080672902
"X5",-0.627772889051609
"X5",-0.399166470202182
"X5",-1.1269648914161
"X5",-0.373679567244701
"X5",-0.19870739
"X5",-0.31038945309128
"X5",-0.61446296022754
"X5",-0.621592026669544
"X5",-2.0701571437916
"X5",-1.34731558597876
"X5",-1.7787504961238
"X5",-2.1803674602698
"X5",-1.16018644860655
"X5",-1.64759792620714
"X5",-0.443396511702502
"X5",-0.625835133527159
"X5",-1.40168557652265
"X5",-1.8478661348647
"X5",-1.18077497635441
"X5",-1.04942671603494
"X5",-0.0975101750158555
"X5",-0.13400519
"X5",-1.63296545575641
"X5",-0.826903505882663
"X5",-0.714560135214298
"X5",-1.17577475862124
"X5",-0.733981382038477
"X5",-0.72276547768568
"X5",-1.71807272111374
"X5",-1.06275613093491
"X5",-1.2910272753683
"X5",-0.519151647925202
"X5",-1.08852227125345
"X5",0.11077645
"X5",-0.967115989218489
"X5",-0.884051430946272
"X5",-0.757777891483222
"X5",-0.68757393141464
"X5",-0.15173093
"X5",-0.881189859179223
"X5",-0.909409614348956
"X5",-0.876700558574844
"X5",-1.86229872866426
"X5",-1.14520307969011
"X5",-0.897716991258481
"X5",-1.13450216143977
"X5",-1.39293239806453
"X5",-0.043521933
"X5",-0.614761262493015
"X5",-1.7933788247228
"X5",-0.992136691533317
"X5",-1.46742657098288
"X5",-0.976826094016604
"X5",-1.23319910982877
"X5",-1.77096242853718
"X5",-1.00730971550605
"X5",0.22352476
"X5",-0.745772910557751
"X5",-1.92558469337688
"X5",-0.522361652119444
"X5",-0.776485002344492
"X5",-0.578192361231875
"X5",-0.843986732573283
"X5",-0.934609743512301
"X5",-0.901791212568713
"X5",-0.655420940909526
"X5",-0.925845988586223
"X5",-0.72573794120885
"X5",-0.874066532198876
"X5",-0.768790683439175
"X5",-0.36034559397511
"X5",-0.625070895715322
"X5",-0.586485351534941
"X5",-0.917854982095393
"X5",-1.32393413095944
"X5",-1.34969928654641
"X5",-0.214220714344864
"X5",-0.843437802787389
"X5",-0.674820169871723
"X5",-0.795605167137188
"X5",-0.964949256226355
"X5",-1.85329153316291
"X5",-1.85021940749249
"X5",-0.983781823434532
"X5",-1.67966632186126
"X5",-1.85880101501179
"X5",-1.8677552118165
"X5",-1.73369798817489
"X5",-0.671213563390298
"X5",0.052097233
"X5",-1.06853065598806
"X5",-1.53346606532351
"X5",-0.839926267460667
"X5",-1.41379199298146
"X5",-0.844767040496986
"X5",-1.20963288921825
"X5",-1.75212209180886
"X5",-1.69524540249962
"X5",-0.314084718462709
"X5",-1.6378370172811
"X5",-1.08033428702716
"X5",-1.09179852383362
"X5",-2.1803674602698
"X5",-1.70306963594805
"X5",-0.494342280269145
"X5",-1.65008327595202
"X5",-1.01858280100054
"X5",-0.892646849898702
"X5",-1.71504805345253
"X5",-1.20257124677536
"X5",-0.946815065647056
"X5",-0.682745461571352
"X5",-1.79155612600262
"X5",-0.471993063064647
"X5",-1.04683795278124
"X5",-0.826200798232807
"X5",-2.1803674602698
"X5",-0.293616735025371
"X5",-1.02897006518446
"X5",-0.660509352426475
"X5",-0.679902830188436
"X5",-0.687738065411975
"X5",-1.1365226094837
"X5",-0.49135117676987
"X5",-1.38125759783818
"X5",-0.771663662109296
"X5",-0.65975431202126
"X5",-0.433903297817734
"X5",-1.06646252776547
"X5",-1.43031798170944
"X5",-0.852077027262498
"X5",-0.623075346375519
"X5",-2.1803674602698
"X5",-1.31747011001549
"X5",-0.187783692604127
"X5",-0.773186123021648
"X5",-0.439176273175838
"X5",-0.778471031243084
"X5",-1.68603463103958
"X5",-0.905737313112687
"X5",-0.799779310160758
"X5",-1.57556373449704
"X5",-0.81242554247266
"X5",-0.856064606106979
"X5",-1.32152336543582
"X5",-0.667397609106491
"X5",-0.17741053
"X5",-0.341993198605542
"X5",-0.760374647365555
"X5",-0.894477602665038
"X5",-0.08899578
"X5",-0.732819765457752
"X5",-0.644028346070608
"X5",-0.564602445623536
"X5",-0.93857487201789
"X5",-1.64988065220045
"X5",-0.815303410155742
"X5",-1.26122855450464
"X5",-1.13771031625298
"X5",-1.74228055503013
"X5",-1.0976317109525
"X5",-0.784751862114856
"X5",-1.02264821026714
"X5",-0.757796991838645
"X5",-1.68258636338091
"X5",-0.788744377916798
"X5",-1.64750429712186
"X5",-1.74493804926029
"X5",-1.01873306982878
"X5",-0.973387029782026
"X5",-0.693470701125588
"X5",-0.630890702322611
"X5",-1.09971818859318
"X5",-0.752570721999466
"X5",-1.82256302458682
"X5",-0.712981047958312
"X5",-0.285129235040415
"X5",-0.619298936605823
"X5",-0.760296412004915
"X5",-0.747636394398264
"X5",-1.04570308144191
"X5",-1.73604110582656
"X5",-0.770515524840728
"X5",-1.87519202582892
"X5",-0.775533583423059
"X5",-1.98809722037398
"X5",-0.704792854914368
"X5",-1.08726823034814
"X5",-2.00930164621446
"X5",-1.28054080817082
"X5",-1.35905240132296
"X5",-0.376167548355942
"X5",-1.25254255528584
"X5",-0.279418890422484
"X5",-1.02763885174234
"X5",-1.70312172384688
"X5",-0.660365261240744
"X5",-2.1803674602698
"X5",-0.548711913242674
"X5",-0.16966706
"X5",-0.797308982454416
"X5",-0.729476078200081
"X5",-0.670565101397714
"X5",0.049266449
"X5",-1.0416258016151
"X5",-0.992829401550638
"X5",-0.773951615726393
"X5",-1.15656917376005
"X5",-0.618038057824742
"X5",-1.01620995499363
"X5",-0.874339953545831
"X5",-1.76062153296744
"X5",-0.973681303946472
"X5",-2.09443318769517
"X5",-1.68329289939125
"X5",-0.667537157393506
"X5",-1.00676011424818
"X5",-0.812941380179584
"X5",-0.888632953900838
"X5",-0.935422787653942
"X5",-0.46441138625549
"X5",-0.33294753531305
"X5",-0.635517574887807
"X5",-1.17402877148422
"X5",-1.87013140095979
"X5",-0.762079856243104
"X5",-1.09653143642452
"X5",-0.399281266679195
"X5",-1.19463072490959
"X5",-0.568657426953003
"X5",-0.807710430019944
"X5",-1.22147924294421
"X5",-1.25163085995363
"X5",-0.219100910871475
"X5",-1.78295733923054
"X5",-1.13704757736816
"X5",-1.14173227416406
"X5",-1.70488095890417
"X5",-0.673431111699604
"X5",-1.19720752358234
"X5",-0.741572546146163
"X5",-0.983108784820565
"X5",-0.418386109140909
"X5",-0.91742757785832
"X5",-1.08757091602603
"X5",-0.13731301
"X5",-0.84572059249236
"X5",-1.63356538569168
"X5",-0.845193015326386
"X5",-1.2963025094614
"X5",-1.01943369165153
"X5",-0.4202017772834
"X5",-0.630832286535863
"X5",-0.499585060810645
"X5",-0.531967870034817
"X5",-0.552419809171572
"X5",-0.695988386519606
"X5",-1.11473583404843
"X5",-1.80022342857572
"X5",-0.694877178145191
"X5",-1.79981028274089
"X5",-0.795906281784557
"X5",-0.663211177737906
"X5",-0.896336734178185
"X5",-0.724528723419405
"X5",-1.28661136737878
"X5",-1.62049954848659
"X5",-1.01100043990646
"X5",-0.547864260682562
"X5",-1.23814761474369
"X5",-1.17658557392519
"X5",-0.812104600407154
"X5",-1.31548815019817
"X5",-0.733069770470247
"X5",-1.25160750288836
"X5",-1.09636142843263
"X5",-0.756554083514645
"X5",-1.05138945529333
"X5",-2.00905786452162
"X5",-1.05338922647013
"X5",-0.21661045
"X5",-1.14096265806907
"X5",-0.756029923254646
"X5",-1.68609926670966
"X5",-0.867860271126691
"X5",-0.353764338871564
"X5",-1.86689827870733
"X5",-0.080690657
"X5",-0.664994510850716
"X5",-1.16548218301917
"X5",-0.906027742864134
"X5",-1.48510625215638
"X5",-0.87152385218723
"X5",-0.702835338478385
"X5",-0.925827179926452
"X5",-0.337020916935803
"X5",-1.28972494130517
"X5",-0.471277760792193
"X5",-0.49268608505176
"X5",-0.486472570827547
"X5",-0.675745382202264
"X5",-0.102361583479158
"X5",-0.802324110930144
"X5",-0.712499800851647
"X5",-0.661166477053224
"X5",-0.822209746431698
"X5",-0.579781424552346
"X5",-1.59797461962364
"X5",-0.703126588462836
"X5",-0.020026675
"X5",-1.65694864620665
"X5",-1.70328932325186
"X5",-0.796172756015309
"X5",-0.563793622216166
"X5",-1.26779653023032
"X5",-0.603675826425356
"X5",-0.926809432462925
"X5",-1.19058208739854
"X5",-0.44887124095934
"X5",-0.579223553293102
"X5",-0.6528418904001
"X5",-0.328771645338559
"X5",-1.07375213691277
"X5",0.040159839
"X5",-0.940100842685314
"X5",-0.567575186277033
"X5",-1.4812061394222
"X5",-1.28813622457539
"X5",-0.990058681956502
"X5",-0.531466499394445
"X5",-0.746492803679694
"X5",-1.28506164624575
"X5",-0.878894029426779
"X5",-0.82754375110684
"X5",-0.753141646160178
"X5",-1.39616528194918
"X5",-0.605425460329065
"X5",-0.963919206104149
"X5",-0.716499788800089
"X5",-0.941030644461181
"X5",-0.022188374
"X5",-0.497389162799726
"X5",-0.857941376787143
"X5",-0.898876088067043
"X5",-1.19108241794449
"X5",-1.13898245672274
"X5",-0.349487532898449
"X5",-0.489534521688689
"X5",-1.24850905553308
"X5",-0.558979586199218
"X5",-0.15138201
"X5",-0.045326572
"X5",-0.825450300141663
"X5",-1.10264285343794
"X5",-1.04892605911148
"X5",-0.570343831122948
"X5",-1.5454489282415
"X5",-0.312682357213437
"X5",-0.599449782011062
"X5",-0.678136503419544
"X5",-1.19836959194636
"X5",-1.1772082019893
"X5",-0.997319057277108
"X5",-0.849729160321284
"X5",-1.40609928764873
"X5",-1.11252692473202
"X5",-0.70455917124366
"X5",-1.54499292532833
"X5",-1.28876009639364
"X5",-1.33434808306132
"X5",-0.611325834508989
"X5",-1.24591386616556
"X5",-0.848887785778992
"X5",-1.23078437790436
"X5",0.59295758
"X5",-0.903986250317659
"X5",-1.742952338137
"X5",0.048880158
"X5",-1.8569889134972
"X5",-0.809221322914191
"X5",-1.98966210896323
"X5",-1.6610060288342
"X5",-1.04165170899548
"X5",-0.55743468
"X5",-1.22284633279386
"X5",-0.722966617704528
"X5",-0.896770204063966
"X5",-0.919898579498126
"X5",-1.13950523676098
"X5",-0.3764545085664
"X5",-1.16541139409774
"X5",-0.12889367
"X5",-1.0731385381238
"X5",-0.788422790430796
"X5",-0.48524894656522
"X5",-1.41854125863318
"X5",-0.679187880328583
"X5",-0.957960365016909
"X5",-0.963280487297522
"X5",-1.0627674552002
"X5",-0.634838676753311
"X5",-0.281937332255578
"X5",-1.02756817553243
"X5",-1.12078143359361
"X5",-1.01784898915637
"X5",-1.10770217644374
"X5",-1.03601094069178
"X5",-0.583476800494244
"X5",-0.847339525734008
"X5",-1.83712053136459
"X5",-0.711140830847468
"X5",-0.448723812903816
"X5",-1.57026664760054
"X5",-1.51960682419948
"X5",-1.32879788036092
"X5",-0.37320942
"X5",-0.804833630269026
"X5",-0.768382456405371
"X5",-1.64565946168475
"X5",-0.607191841625049
"X5",-0.833803509727823
"X5",-0.998168928149122
"X5",-0.258482777981958
"X5",-1.21070922175076
"X5",-0.889014475250928
"X5",-0.877469838662418
"X5",-0.586700959929815
"X5",-1.32193795385056
"X5",-1.11195321717071
"X5",-0.620789171660822
"X5",-0.481925235702706
"X5",0.024740899
"X5",-0.990708822285553
"X5",-0.592571195563929
"X5",-0.816979458577111
"X5",-0.611893036235027
"X5",-0.750929667099181
"X5",-1.00548760689091
"X5",-1.09717204140263
"X5",-1.27811645918966
"X5",-0.938055621530761
"X5",-1.21206272726359
"X5",-1.59672937301771
"X5",-0.552078428837679
"X5",-1.32190578387127
"X5",-1.0840205821793
"X5",-1.294552391069
"X5",-0.828641214844672
"X5",-0.775878954567881
"X5",-1.1019110858177
"X5",-1.28856992957267
"X5",-0.891556368880616
"X5",-1.65304566613956
"X5",-0.95276950343926
"X5",-0.569430740510077
"X5",-1.01758655002934
"X5",-0.760644616250554
"X5",-0.652471076768718
"X5",-0.517364412617005
"X5",-1.28387047457865
"X5",-2.01244784320826
"X5",-1.90151136229298
"X5",-1.37501582245491
"X5",-0.690257388857391
"X5",-0.901882647594014
"X5",-0.684082292103081
"X5",-1.62982720938287
"X5",-0.976897073908753
"X5",-1.00032282956274
"X5",-1.75528234300556
"X5",-1.32295640199423
"X5",-1.69457648051988
"X5",-1.05126025189885
"X5",-0.37572282
"X5",-0.879540186841558
"X5",-0.916527236696914
"X5",-0.819024180569626
"X5",-0.894444459979353
"X5",-1.02026660681879
"X5",-1.64946676325179
"X5",-0.793351467616782
"X5",-0.62663142093851
"X5",-0.722808744336342
"X5",-1.6915676236857
"X5",-1.19007474641456
"X5",-1.02697595038835
"X5",-0.930499747139036
"X5",-0.886633503926756
"X5",-0.671383361069218
"X5",-0.620458477809965
"X5",-1.34399059658435
"X5",-1.48540451660933
"X5",-0.95358560067848
"X5",-1.58649126660161
"X5",-1.13764144832574
"X5",-0.861763392066847
"X5",-0.677523098147379
"X5",-0.989700617068705
"X5",-1.02297847312813
"X5",-0.15102108
"X5",-1.89826877654337
"X5",-2.14722776325838
"X5",-0.401673792431344
"X5",-1.07428718811327
"X5",-0.97309739901475
"X5",-0.712263538198536
"X5",-1.02988760669919
"X5",-1.92776862479846
"X5",-1.36480930891556
"X5",-1.70251837010708
"X5",-0.451481986083971
"X5",-1.06234504408886
"X5",-0.809827428286899
"X5",-1.06937703900917
"X5",-0.710242705727439
"X5",-0.869437724288834
"X5",-0.27638184
"X5",-1.20413890976834
"X5",-1.01152573022829
"X5",-0.827255216600829
"X5",-1.77292219542625
"X5",-0.646693049670503
"X5",-1.01676274523395
"X5",-0.694509590246316
"X5",-0.913153263538392
"X5",-0.24481658
"X5",-1.33127862983441
"X5",-0.620602808821863
"X5",-0.858763486619191
"X5",-0.619380221010681
"X5",-1.85098319265996
"X5",-0.762996167384004
"X5",-1.70180211891466
"X5",-0.398327608327185
"X5",-0.900944385432939
"X5",-0.882240065011743
"X5",-1.19047648905112
"X5",-0.337020943334398
"X5",-0.936002906088755
"X5",-0.85306214893082
"X5",-0.848498367767127
"X5",0.0074876738
"X5",-0.848282555330242
"X5",-2.07555895700526
"X5",-0.544570715015964
"X5",-0.915141862146924
"X5",-1.84907292323863
"X5",-0.889224255281643
"X5",-1.51892726630569
"X5",-1.08050840006952
"X5",-0.35402135
"X5",-0.930222673567881
"X5",-1.19273730727333
"X5",-0.692700566896228
"X5",-1.33842053457464
"X5",-1.10190541968262
"X5",-1.28158194012597
"X5",-0.905275126244954
"X5",-1.24964179837175
"X5",0.0075911899
"X5",-0.700049083742434
"X5",-0.865896087082094
"X5",-1.06585699536459
"X5",-1.098336496533
"X5",-0.786861765224295
"X5",-0.379237735263491
"X5",-0.855898658680782
"X5",-0.544739338060922
"X5",0.17405801
"X5",-0.719104375130983
"X5",-0.971718984110373
"X5",-1.06122851893263
"X5",-0.951803724969302
"X5",-0.998892295815723
"X5",-2.02525653591944
"X5",-1.23834838100221
"X5",-1.81663155383525
"X5",-1.24244826884842
"X5",-0.781470885425157
"X5",-0.524960583610309
"X5",-0.829716032492823
"X5",-0.368783208600945
"X5",-1.344432552081
"X5",-1.03590302893787
"X5",-1.40140459101699
"X5",-1.84329163086233
"X5",-0.685414754025973
"X5",-0.628759018078143
"X5",-0.599599707986573
"X5",-0.757065651717789
"X5",-0.923031462688628
"X5",-0.474565790126088
"X5",-0.653277739121356
"X5",-0.792124724088664
"X5",-0.19738025
"X5",-0.747095816017884
"X5",-0.990095111122171
"X5",-1.24402380252689
"X5",-1.05872911269434
"X5",-1.28814988935039
"X5",-0.703200928723017
"X5",-0.656544253087246
"X5",-1.11472687856728
"X5",-0.933014027461723
"X5",-1.59637619919718
"X5",-1.00264867497781
"X5",-0.19355883
"X5",-0.383256444938515
"X5",-0.684713899846351
"X5",-0.554594452289752
"X5",-0.815110066597368
"X5",0.068382248
"X5",-1.2354529062317
"X5",-1.12991192428626
"X5",-0.531073312349146
"X5",-0.665135827116874
"X5",-1.46013697979885
"X5",-0.958910243991092
"X5",-1.24052185231821
"X5",-0.402205404931267
"X5",-1.10468504989707
"X5",-0.066049372
"X5",-1.39421007065405
"X5",-2.1803674602698
"X5",-1.11034055523564
"X5",-1.03708524419901
"X5",-1.04157107478949
"X5",-1.48693921808466
"X5",-0.741095845975915
"X5",-0.654164205843926
"X5",-0.815556187605973
"X5",-1.87403288307624
"X5",-0.366582066002496
"X5",-1.2971552588123
"X5",-1.91408716890065
"X5",-0.361438512550907
"X5",-0.741141374615542
"X5",-1.52653980266331
"X5",-1.70426062376763
"X5",-1.19599042157162
"X5",-1.22154045670039
"X5",-1.5486031049207
"X5",-0.90974987788126
"X5",-0.846001385056507
"X5",-1.66917808003105
"X5",-1.23621927379955
"X5",-0.739040379466863
"X5",-1.43732264569858
"X5",-0.735210973285869
"X5",-1.00165500088968
"X5",-0.736053391572611
"X5",-1.25233489122715
"X5",-1.30647961275298
"X5",-0.929507486254557
"X5",-1.64192507116047
"X5",-0.749353641340232
"X5",-0.765226082282163
"X5",-1.30993291747796
"X5",0.12095142
"X5",-1.16946457703113
"X5",-0.856917428068049
"X5",-0.901644757942633
"X5",-0.627124380326894
"X5",-1.35795102181119
"X5",-0.21212071
"X5",-0.893691369635956
"X5",-0.558659465383054
"X5",0.10007894
"X5",-0.935449504829344
"X5",-0.620451718001079
"X5",-0.657661803741774
"X5",-0.849617958421994
"X5",-0.604568386245106
"X5",-1.12158783534606
"X5",-0.968632982884414
"X5",-1.27151070617723
"X5",-0.573220452453586
"X5",-0.032559869
"X5",-0.700951911538794
"X5",-1.33318212339594
"X5",-1.65138149434673
"X5",-0.873039037535048
"X5",-0.565987308680605
"X5",0.10079091
"X5",-1.19080894979143
"X5",-0.411424514798231
"X5",-0.369900230713301
"X5",-0.505415952389543
"X5",-1.14450828669705
"X5",-0.658926487205071
"X5",-0.780577960929085
"X5",-1.46127574775042
"X5",-1.35485115241533
"X5",-1.32985067294055
"X5",-0.06839846
"X5",-0.619155980727559
"X5",-1.19332863634185
"X5",-0.10533824
"X5",-0.856128029066342
"X5",-0.862887412750117
"X5",-0.871631876657271
"X5",-1.19560772938569
"X5",-0.703025052459993
"X5",-0.691938302445071
"X5",-0.921087571928029
"X5",-1.85950572654254
"X5",-0.868968420675734
"X5",-1.04199752432748
"X5",-0.689514452527542
"X5",-1.39497529473105
"X5",-0.697367363078226
"X5",-0.920351495751229
"X5",-1.11758076153543
"X5",-0.556830173629932
"X5",-0.800862953387433
"X5",-0.917257543674843
"X5",-0.847885065136723
"X5",-0.417008485487381
"X5",-0.928780252532102
"X5",-0.42850856
"X5",-1.07920161978339
"X5",-0.472008918451757
"X5",-1.20224469780538
"X5",-1.88034889098678
"X5",-2.07070665599806
"X5",-0.828982839169741
"X5",-1.05462297068623
"X5",-0.802320686045248
"X5",-1.07574767260162
"X5",-1.92977365156976
"X5",0.062472283
"X5",-0.824481056479632
"X5",-0.454749257794463
"X5",-0.520408135112952
"X5",-0.945463231122295
"X5",-1.2588346957481
"X5",-1.24415219526737
"X5",-0.340011881447911
"X5",-0.797063348894374
"X5",-1.29820515325897
"X5",-0.070026894
"X5",-1.28527939984793
"X5",-1.31922015628052
"X5",-1.77164470935448
"X5",-1.98031555495207
"X5",-0.932516631011315
"X5",-0.715022101111354
"X5",-1.14809036439146
"X5",-0.72805811723663
"X5",-0.229454775188711
"X5",-1.09877282551587
