"fit","x","Estimate","Q2.5","Q97.5"
"no group term",0.002,694391.482885653,658937.773930388,730579.784755082
"no group term",0.0122486486486486,694100.25277968,658681.128785062,730169.326837067
"no group term",0.0224972972972973,691590.091745228,656854.405859021,727106.127196354
"no group term",0.0327459459459459,683966.978374049,651134.764426272,717495.325341059
"no group term",0.0429945945945946,667679.443234605,637276.688079154,699078.369882531
"no group term",0.0532432432432432,639975.068613838,610663.886110456,669719.948503954
"no group term",0.0634918918918919,599331.056064477,568724.582068829,629848.899431133
"no group term",0.0737405405405405,547060.369431974,513309.147836677,580999.549368185
"no group term",0.0839891891891892,486584.810527863,450055.117873646,523811.688387002
"no group term",0.0942378378378378,422473.829515292,385509.919033952,461546.315715981
"no group term",0.104486486486486,359968.78476538,324929.682845452,398114.463407238
"no group term",0.114735135135135,302311.620538993,270844.699538676,337558.949958779
"no group term",0.124983783783784,251691.538226386,224594.135156545,282929.535632309
"no group term",0.135232432432432,208590.890041883,185854.689683195,235646.643302876
"no group term",0.145481081081081,172759.261271273,153684.80440709,195254.665638119
"no group term",0.15572972972973,143225.435408104,127469.942565016,161703.678312133
"no group term",0.165978378378378,119155.27251553,106123.171820077,134333.639224
"no group term",0.176227027027027,99513.0546923668,88611.5223409605,112045.78331272
"no group term",0.186475675675676,83575.4745325097,74422.0927552685,94129.324547588
"no group term",0.196724324324324,70581.7420732729,62775.9620451847,79484.0315492897
"no group term",0.206972972972973,59955.9102852079,53197.4128606588,67572.8845394048
"no group term",0.217221621621622,51204.5484791396,45306.4434612356,57777.6768592545
"no group term",0.22747027027027,43954.1133423161,38813.1273241348,49721.8722148777
"no group term",0.237718918918919,37954.2576432347,33344.8305973084,43029.9437560381
"no group term",0.247967567567568,32939.8711974647,28830.0286186671,37484.1537868534
"no group term",0.258216216216216,28726.2862914339,25029.3688785391,32838.4655497874
"no group term",0.268464864864865,25171.976879715,21850.9376599583,28889.0202425255
"no group term",0.278713513513513,22160.9045416336,19140.3543619988,25546.8023208904
"no group term",0.288962162162162,19590.8013986622,16805.5144176098,22675.6242973017
"no group term",0.299210810810811,17376.6090889719,14833.392506935,20210.8927294902
"no group term",0.309459459459459,15476.6204284068,13139.7999672434,18078.6723903024
"no group term",0.319708108108108,13843.9110902173,11690.3474073597,16249.4833213704
"no group term",0.329956756756757,12425.0029611334,10439.2612649527,14647.9641470155
"no group term",0.340205405405405,11187.7093026581,9347.75057219997,13246.7909481127
"no group term",0.350454054054054,10106.7486513643,8407.20090843978,12021.3105164138
"no group term",0.360702702702703,9160.99650447221,7587.23329741664,10942.42673397
"no group term",0.370951351351351,8325.18824688114,6864.25177918906,9985.86528469439
"no group term",0.3812,7586.33804064496,6221.63605298313,9141.08598133065
"no group term",0.391448648648649,6931.9429072495,5661.63406406908,8388.07904684833
"no group term",0.401697297297297,6350.66495505515,5162.55810835225,7715.34683465262
"no group term",0.411945945945946,5831.41400487813,4720.56635141176,7118.36273200891
"no group term",0.422194594594595,5370.04402556136,4326.80388403272,6577.96863336537
"no group term",0.432443243243243,4954.55365047661,3977.76840438185,6097.26509861952
"no group term",0.442691891891892,4580.12656673572,3663.47245442878,5664.61816680957
"no group term",0.452940540540541,4243.97819491347,3382.04456473761,5268.62807363095
"no group term",0.463189189189189,3940.61406427607,3132.61255963901,4913.02968118233
"no group term",0.473437837837838,3666.68695013191,2907.31389353867,4587.77411033634
"no group term",0.483686486486486,3416.88143892565,2702.81031328034,4293.23013012795
"no group term",0.493935135135135,3192.19760231142,2518.54965672483,4021.63717528546
"no group term",0.504183783783784,2988.5354189273,2350.84826892877,3774.8940864146
"no group term",0.514432432432432,2801.69859488594,2199.93376392227,3548.89741171987
"no group term",0.524681081081081,2631.59425463422,2061.80725688118,3340.86333846491
"no group term",0.53492972972973,2474.83126801921,1932.75653653164,3149.16426004533
"no group term",0.545178378378378,2331.24308828089,1815.55245978101,2970.89187767759
"no group term",0.555427027027027,2199.80362922403,1708.73300758588,2810.28436932072
"no group term",0.565675675675676,2078.95095034354,1611.310099011,2662.22672527272
"no group term",0.575924324324324,1967.59789839282,1522.05458450539,2524.94737177319
"no group term",0.586172972972973,1864.58423473919,1439.83388760684,2395.94344654538
"no group term",0.596421621621622,1770.58631481461,1364.86848195919,2279.40142815736
"no group term",0.60667027027027,1683.37509028511,1295.68699572866,2169.60790806597
"no group term",0.616918918918919,1602.07001339977,1231.74709136427,2068.14940235853
"no group term",0.627167567567568,1526.64858521625,1173.11209754242,1975.85286641449
"no group term",0.637416216216216,1456.42550293766,1117.81732110101,1886.73542125014
"no group term",0.647664864864865,1391.86183596854,1068.35526038277,1803.59880782204
"no group term",0.657913513513513,1331.93737050245,1022.33055474425,1726.93832354539
"no group term",0.668162162162162,1275.62569132926,978.234088807405,1656.18003655714
"no group term",0.678410810810811,1223.16710573887,938.441133023161,1589.11534493403
"no group term",0.688659459459459,1173.62438434703,899.389811544624,1527.2269049217
"no group term",0.698908108108108,1127.63836284358,864.305940601954,1468.5232653905
"no group term",0.709156756756757,1084.45541374249,831.153624625361,1413.87900460434
"no group term",0.719405405405405,1044.25976846303,801.382197569732,1360.27248323818
"no group term",0.729654054054054,1006.64484547243,772.788610495883,1312.96144160815
"no group term",0.739902702702703,971.609357988648,745.993644879688,1267.67603547228
"no group term",0.750151351351351,938.699845303408,719.906201828909,1225.94216435537
"no group term",0.7604,907.531835936047,694.963146559867,1187.15624937264
"no group term",0.770648648648649,878.354106863199,674.036241634995,1148.62313644285
"no group term",0.780897297297297,850.909548839873,653.263299964123,1112.0424896008
"no group term",0.791145945945946,824.8193495902,634.643643184359,1077.53431289325
"no group term",0.801394594594595,799.770088536717,615.334609507839,1047.98583776743
"no group term",0.811643243243243,776.98619768061,597.379435490879,1019.17373125843
"no group term",0.821891891891892,754.901947554671,580.429532842252,991.222423242259
"no group term",0.83214054054054,734.275471227355,564.48809291728,964.913252815345
"no group term",0.842389189189189,714.596543122368,549.564513084926,938.477893137809
"no group term",0.852637837837838,696.044263552064,535.54911093103,914.007033526615
"no group term",0.862886486486486,678.346061947849,522.251899331636,891.367632172103
"no group term",0.873135135135135,662.194999874113,510.659518601055,870.653160089579
"no group term",0.883383783783784,646.621927747481,498.352209542238,849.987814982615
"no group term",0.893632432432432,631.966919733558,486.707780648693,832.31426798289
"no group term",0.903881081081081,618.018731522737,475.973083795956,814.601921729168
"no group term",0.91412972972973,604.699509898833,465.653074376977,797.529490631207
"no group term",0.924378378378378,592.145408042386,455.519296475028,782.176865628068
"no group term",0.934627027027027,579.944179038247,446.193347782393,767.044590317772
"no group term",0.944875675675676,568.198232291052,437.188719991525,752.600389709651
"no group term",0.955124324324324,557.027177472018,428.333161929578,738.41918856092
"no group term",0.965372972972973,546.778499062393,420.550521876686,725.850756566266
"no group term",0.975621621621622,536.816388861915,412.756564681465,712.290691987891
"no group term",0.98587027027027,527.17588338041,405.463883439569,700.95690800029
"no group term",0.996118918918919,517.887900816563,398.819908637037,689.524748211119
"no group term",1.00636756756757,509.061114942729,392.063444091372,677.370409760032
"no group term",1.01661621621622,500.62535737985,385.52683185512,665.679235085991
"no group term",1.02686486486486,492.761335664427,379.494274601807,655.999868404628
"no group term",1.03711351351351,484.997946243481,373.134555031254,646.225268083872
"no group term",1.04736216216216,477.899656677031,367.116741228048,636.310746255529
"no group term",1.05761081081081,471.212320868432,362.358421095859,628.477894744349
"no group term",1.06785945945946,464.633462989749,356.860832962486,620.17933294629
"no group term",1.07810810810811,458.269865930055,352.235319831285,612.501709691485
"no group term",1.08835675675676,452.032693574086,347.32900764921,605.521808074953
"no group term",1.09860540540541,446.27504049011,342.515719049056,598.901533559949
"no group term",1.10885405405405,440.654256715417,337.87982123698,591.825497900067
"no group term",1.1191027027027,435.36195771518,333.399470254615,585.76752925658
"no group term",1.12935135135135,430.070907248685,329.20608915807,578.857427800936
"no group term",1.1396,425.108478642175,325.316559640349,572.771422504548
"no group term",1.14984864864865,420.433248612276,321.516160396332,566.940661212318
"no group term",1.1600972972973,415.913491126208,317.914296110982,561.411843969507
"no group term",1.17034594594595,411.531492854341,314.187207802967,556.64095741785
"no group term",1.18059459459459,407.424183528646,310.834967538528,551.960880474092
"no group term",1.19084324324324,403.413935478759,307.4051445318,546.808407107788
"no group term",1.20109189189189,399.588558387622,304.022664979168,541.703326373626
"no group term",1.21134054054054,395.711159398306,300.919000969713,537.455206298826
"no group term",1.22158918918919,392.139073607538,297.558651939959,533.595466299333
"no group term",1.23183783783784,388.660233607138,294.719420165342,529.700742792227
"no group term",1.24208648648649,385.413605183657,292.137500275738,526.024621461739
"no group term",1.25233513513514,382.264231820956,289.603651496603,522.291900547746
"no group term",1.26258378378378,379.148909127355,286.965026024958,518.676964249019
"no group term",1.27283243243243,376.204056701445,284.339241506034,515.328828652213
"no group term",1.28308108108108,373.376455439517,281.89812268566,511.967449664518
"no group term",1.29332972972973,370.6186754442,279.841158248447,508.611114238501
"no group term",1.30357837837838,367.915107027258,277.780402115507,505.501201820827
"no group term",1.31382702702703,365.238043604156,275.81280901247,502.451028003919
"no group term",1.32407567567568,362.665897702332,273.70167182217,499.749702161838
"no group term",1.33432432432432,360.130792488959,271.343437587067,496.827241815085
"no group term",1.34457297297297,357.77341163397,269.267231713046,494.12959409756
"no group term",1.35482162162162,355.540748425502,267.283128286,491.380275889856
"no group term",1.36507027027027,353.392329511935,265.332509052342,488.548725698825
"no group term",1.37531891891892,351.252134652457,263.474247286717,485.729073926774
"no group term",1.38556756756757,349.325749378096,261.589993408377,483.491729073248
"no group term",1.39581621621622,347.361356616557,260.166087638766,481.733369639538
"no group term",1.40606486486486,345.478829943812,258.356046161675,479.694155464623
"no group term",1.41631351351351,343.675220755472,256.690755275742,477.845910866113
"no group term",1.42656216216216,341.89496729803,255.173468941481,475.521093325431
"no group term",1.43681081081081,340.212222695615,253.477249319853,473.745812543473
"no group term",1.44705945945946,338.486704652551,252.320886163256,472.214153735168
"no group term",1.45730810810811,336.956485036029,250.588165155133,470.732752530851
"no group term",1.46755675675676,335.347115435463,249.181157890994,469.47640164354
"no group term",1.47780540540541,333.847260696003,247.829829058934,467.677714132204
"no group term",1.48805405405405,332.492513000353,246.38780058111,465.850148742028
"no group term",1.4983027027027,330.98424652865,245.197979896157,464.079472680375
"no group term",1.50855135135135,329.642917070314,244.11523517832,462.368480396138
"no group term",1.5188,328.344755348812,242.865625479997,460.688179850792
"no group term",1.52904864864865,327.133509847288,241.64986803703,459.251528362472
"no group term",1.5392972972973,325.78745074029,240.468222633969,457.9252112964
"no group term",1.54954594594595,324.52523560582,239.345495456548,456.629394566032
"no group term",1.55979459459459,323.341722797022,238.270161586379,455.150953526813
"no group term",1.57004324324324,322.143170459601,237.141148866849,453.774149645402
"no group term",1.58029189189189,321.074702767869,235.980127614026,452.201630084963
"no group term",1.59054054054054,319.995330058313,235.07996902188,451.051289257882
"no group term",1.60078918918919,318.973980347386,234.203291494488,450.049764739835
"no group term",1.61103783783784,317.860899821899,233.102958062824,449.077508102329
"no group term",1.62128648648649,316.8754556339,232.229153490876,448.169087248971
"no group term",1.63153513513514,315.945408105784,231.393414588808,447.318652791981
"no group term",1.64178378378378,315.016684709182,230.60426465621,446.431804792197
"no group term",1.65203243243243,314.121819329058,229.729972743828,445.46112097529
"no group term",1.66228108108108,313.319764658591,229.028835977447,444.516254695761
"no group term",1.67252972972973,312.353447466288,228.330204591212,443.658079717811
"no group term",1.68277837837838,311.512044537117,227.563442917803,442.828353434431
"no group term",1.69302702702703,310.718719448764,226.85603416305,441.709580836012
"no group term",1.70327567567568,309.914467545159,226.172227127697,440.906805787215
"no group term",1.71352432432432,309.171871809287,225.472071508144,440.182707118408
"no group term",1.72377297297297,308.43745601752,224.708993984733,439.467048009672
"no group term",1.73402162162162,307.738927852328,223.925888960613,438.386591121084
"no group term",1.74427027027027,306.976939093504,223.113161577593,437.767433735934
"no group term",1.75451891891892,306.267429178231,222.491176571937,437.164823490491
"no group term",1.76476756756757,305.587036041472,221.757505832049,436.478277051873
"no group term",1.77501621621622,304.906133006295,221.161431776933,435.775762509301
"no group term",1.78526486486486,304.243232005911,220.487280140698,435.130561271086
"no group term",1.79551351351351,303.667587202733,219.957806510947,434.574775406085
"no group term",1.80576216216216,303.102004521592,219.528685461646,433.769453180981
"no group term",1.81601081081081,302.523372408607,218.761867273453,433.143249916828
"no group term",1.82625945945946,301.923812479102,218.124957285181,432.60585325385
"no group term",1.83650810810811,301.36013099699,217.665147157574,432.080377268139
"no group term",1.84675675675676,300.736395490166,217.083652125975,431.335369484399
"no group term",1.85700540540541,300.239073388385,216.624186405124,430.736941213816
"no group term",1.86725405405405,299.691236721801,216.121284281099,430.247888717452
"no group term",1.8775027027027,299.144643313421,215.624533796611,429.813543413155
"no group term",1.88775135135135,298.69893418755,215.156311789218,429.392391986746
"no group term",1.898,298.21747790628,214.727449823633,428.988676283678
"no group term",1.90824864864865,297.794581981393,214.334116866131,428.612492239504
"no group term",1.9184972972973,297.293544450894,213.928509045701,428.118487561165
"no group term",1.92874594594595,296.900054735172,213.50436345163,427.641635373511
"no group term",1.93899459459459,296.412182333436,213.113667463668,427.159818223379
"no group term",1.94924324324324,295.995306403559,212.664538232849,426.662692043085
"no group term",1.95949189189189,295.526362784068,212.207693596348,426.14151239136
"no group term",1.96974054054054,295.142735014268,211.845163964901,425.681329455349
"no group term",1.97998918918919,294.75123149578,211.564877491288,425.127682886889
"no group term",1.99023783783784,294.388166050692,211.291308889508,424.741152577908
"no group term",2.00048648648649,294.043340819463,210.962942656958,424.470068506872
"no group term",2.01073513513513,293.716757552086,210.632242397753,424.040917298103
"no group term",2.02098378378378,293.390636441549,210.24634687588,423.657902120433
"no group term",2.03123243243243,293.101206757266,209.959443205169,423.267852891935
"no group term",2.04148108108108,292.715456031659,209.60064554927,422.886562054897
"no group term",2.05172972972973,292.39910105252,209.249837022798,422.512655211198
"no group term",2.06197837837838,292.132231955649,208.907909229472,422.146142239829
"no group term",2.07222702702703,291.793940161206,208.621088385132,421.847238701447
"no group term",2.08247567567568,291.459621084285,208.242146222313,421.615344899848
"no group term",2.09272432432432,291.149828808886,207.922212982018,421.082700261121
"no group term",2.10297297297297,290.853327265489,207.628338578225,420.748982959357
"no group term",2.11322162162162,290.604020802701,207.301072689445,420.418108942242
"no group term",2.12347027027027,290.266547541857,207.027594558678,420.116527347737
"no group term",2.13371891891892,289.945023544773,206.761252035684,419.821440019217
"no group term",2.14396756756757,289.673213419452,206.500667982519,419.463506748346
"no group term",2.15421621621622,289.373080972767,206.245691260631,419.161917467758
"no group term",2.16446486486486,289.122059822778,205.996175390804,418.866714050607
"no group term",2.17471351351351,288.8362402128,205.72706719765,418.577732003163
"no group term",2.18496216216216,288.588731256082,205.45634067014,418.294811816021
"no group term",2.19521081081081,288.355402100282,205.194314917947,418.017798790637
"no group term",2.20545945945946,288.076877140014,204.996681333384,417.746160919929
"no group term",2.21570810810811,287.826822687322,204.81335855961,417.404410242473
"no group term",2.22595675675676,287.62639919491,204.551325847412,417.120209109704
"no group term",2.2362054054054,287.4328471931,204.294753801314,416.959306846587
"no group term",2.24645405405405,287.184619462326,204.043504376293,416.711649586826
"no group term",2.2567027027027,286.972002079963,203.79744362447,416.469026037596
"no group term",2.26695135135135,286.775226220794,203.556441555642,416.2313117189
"no group term",2.2772,286.60604917755,203.320372003171,416.038842877542
"no group term",2.28744864864865,286.354866899843,203.089112494987,415.866004403129
"no group term",2.2976972972973,286.173466876883,202.860738122969,415.696713737098
"no group term",2.30794594594595,285.981564048671,202.633370821617,415.530882713857
"no group term",2.31819459459459,285.791054608945,202.423022360781,415.368425736648
"no group term",2.32844324324324,285.585949303759,202.209847954538,415.209259691781
"no group term",2.33869189189189,285.409331890454,201.988424577404,415.053303866104
"no group term",2.34894054054054,285.195073017908,201.792820230117,414.900479867557
"no group term",2.35918918918919,285.007896058308,201.595151012795,414.745038444343
"no group term",2.36943783783784,284.83793479303,201.408353066891,414.564718659338
"no group term",2.37968648648649,284.65731931335,201.22979482383,414.387889285811
"no group term",2.38993513513513,284.481526866175,201.079277245364,414.214468162512
"no group term",2.40018378378378,284.321528507216,200.974618712835,414.044375402883
"no group term",2.41043243243243,284.149766791642,200.815325368822,413.877533322732
"no group term",2.42068108108108,283.993001895346,200.669890253312,413.713866370496
"no group term",2.43092972972973,283.834209319708,200.495287076484,413.55107435682
"no group term",2.44117837837838,283.688547918123,200.323981224401,413.390791565306
"no group term",2.45142702702703,283.543100180548,200.155896976062,413.229418437485
"no group term",2.46167567567568,283.365573518892,199.992246728797,413.002901210874
"no group term",2.47192432432432,283.228790042751,199.873777859077,412.780472906076
"no group term",2.48217297297297,283.057538965184,199.744093417145,412.600654406087
"no group term",2.49242162162162,282.951486690338,199.58814322536,412.484572046905
"no group term",2.50267027027027,282.80991572315,199.44366707616,412.370659782001
"no group term",2.51291891891892,282.684372290295,199.3506492211,412.258868403875
"no group term",2.52316756756757,282.556607608933,199.138367029279,412.149150015112
"no group term",2.53341621621622,282.434020114502,198.989692424978,412.041457988379
"no group term",2.54366486486486,282.308032947037,198.847147492979,411.935746927789
"no group term",2.55391351351351,282.184770797535,198.707786928539,411.829720726128
"no group term",2.56416216216216,282.057061292489,198.618825723776,411.703617493572
"no group term",2.57441081081081,281.929904288676,198.552517552315,411.579771110871
"no group term",2.58465945945946,281.82595951668,198.436290050224,411.457126358217
"no group term",2.59490810810811,281.727104797386,198.232914920489,411.322585374835
"no group term",2.60515675675676,281.625643034272,198.088249474846,411.155502115487
"no group term",2.6154054054054,281.481021099415,197.992659049346,410.990272600878
"no group term",2.62565405405405,281.360056346998,197.898786271482,410.826652990046
"no group term",2.6359027027027,281.236039808164,197.806593752415,410.658737284342
"no group term",2.64615135135135,281.115666006569,197.708263129324,410.509458304421
"no group term",2.6564,281.029917294267,197.57754789663,410.356960037519
"no group term",2.66664864864865,280.955428011455,197.449054679804,410.207038673326
"no group term",2.6768972972973,280.861702143861,197.322737383934,410.059641012364
"no group term",2.68714594594595,280.761128828801,197.198551041668,409.914715151247
"no group term",2.69739459459459,280.637991192058,197.076451781478,409.772210446319
"no group term",2.70764324324324,280.526472907331,196.971446989371,409.632077478453
"no group term",2.71789189189189,280.430368276254,196.874270111208,409.494268018955
"no group term",2.72814054054054,280.324900810539,196.805449595209,409.358650657968
"no group term",2.73838918918919,280.238829222331,196.737844935921,409.22465288564
"no group term",2.74863783783784,280.179962130302,196.67141590492,409.092851420309
"no group term",2.75888648648649,280.11863831585,196.560311352383,408.963202274437
"no group term",2.76913513513513,280.044132721825,196.409428995516,408.835662500276
"no group term",2.77938378378378,279.979667198666,196.320697408845,408.710190161567
"no group term",2.78963243243243,279.907558411055,196.234560488453,408.61665851967
"no group term",2.79988108108108,279.814012046416,196.149851061235,408.542276876468
"no group term",2.81012972972973,279.730815001179,196.066540374489,408.469147894328
"no group term",2.82037837837838,279.662728165078,195.99208358046,408.397246023226
"no group term",2.83062702702703,279.595778333308,195.929771625563,408.326546324461
"no group term",2.84087567567568,279.511028739648,195.868484032219,408.257024453878
"no group term",2.85112432432432,279.394807576882,195.759682403398,408.188656645628
"no group term",2.86137297297297,279.295334141049,195.688712752621,408.121419696411
"no group term",2.87162162162162,279.21199582898,195.643825902008,408.055290950208
"no group term",2.88187027027027,279.159322764078,195.599694843291,407.990248283489
"no group term",2.89211891891892,279.079409257876,195.499089329894,407.926270090857
"no group term",2.90236756756757,279.025351915676,195.395913550563,407.863335271135
"no group term",2.91261621621622,278.972176124706,195.300088103101,407.801423213879
"no group term",2.92286486486486,278.919864480198,195.229896107192,407.740513786289
"no group term",2.93311351351351,278.862217227875,195.160954435003,407.680587320517
"no group term",2.94336216216216,278.775391770096,195.092626672325,407.621624601355
"no group term",2.95361081081081,278.678674226803,195.025371261577,407.563606854294
"no group term",2.96385945945946,278.596177224343,194.959584190463,407.506515733928
"no group term",2.97410810810811,278.522543915439,194.870156062384,407.450333312715
"no group term",2.98435675675676,278.463083340712,194.787659446962,407.394858942613
"no group term",2.9946054054054,278.40878628331,194.70271974199,407.339745678786
"no group term",3.00485405405405,278.366463439751,194.619101615947,407.285499507358
"no group term",3.0151027027027,278.326177268191,194.537330923093,407.23210389711
"no group term",3.02535135135135,278.282656407626,194.457127295035,407.179542686698
"no group term",3.0356,278.241926168219,194.38972729081,407.127800075164
"no group term",3.04584864864865,278.201831738746,194.335254893593,407.076860612718
"no group term",3.0560972972973,278.159007068304,194.257377221336,407.026709191785
"no group term",3.06634594594595,278.096862504215,194.165696762347,406.977331038314
"no group term",3.07659459459459,278.004858325215,194.119858768963,406.928711703332
"no group term",3.08684324324324,277.93414430555,194.075426350599,406.880837054738
"no group term",3.09709189189189,277.897682852837,194.031676233532,406.833693269335
"no group term",3.10734054054054,277.866228121486,193.988595734183,406.787266825086
"no group term",3.11758918918919,277.817619369292,193.945558769844,406.741544493584
"no group term",3.12783783783784,277.76830268626,193.876298205821,406.696513332743
"no group term",3.13808648648649,277.719708668916,193.808032428107,406.652160679688
"no group term",3.14833513513513,277.681864514928,193.740743969319,406.608474143846
"no group term",3.15858378378378,277.642487330683,193.674415724246,406.565441600227
"no group term",3.16883243243243,277.595958941632,193.609030941198,406.523051182898
"no group term",3.17908108108108,277.54178996192,193.551503376853,406.481291278631
"no group term",3.18932972972973,277.488398586857,193.502539889816,406.41946423292
"no group term",3.19957837837838,277.435771204508,193.454286127473,406.35245347767
"no group term",3.20982702702703,277.404465864166,193.400474478868,406.286381051919
"no group term",3.22007567567567,277.366501907381,193.320043144655,406.221230882745
"no group term",3.23032432432432,277.320383183872,193.264054108481,406.156987222476
"no group term",3.24057297297297,277.272204660484,193.228610467615,406.113995710572
"no group term",3.25082162162162,277.22040306295,193.193853512553,406.086090466951
"no group term",3.26107027027027,277.169325192415,193.159598636116,406.05859915117
"no group term",3.27131891891892,277.123558955495,193.125837041136,406.03151435118
"no group term",3.28156756756757,277.075693946839,193.09236472145,406.004828810296
"no group term",3.29181621621622,277.033052898315,193.050311675054,405.978535423465
"no group term",3.30206486486486,276.991011607054,193.008849863226,405.952627233642
"no group term",3.31231351351351,276.95198826397,192.967969177201,405.927097428256
"no group term",3.32256216216216,276.917900994216,192.927659711575,405.901939335781
"no group term",3.33281081081081,276.882660423204,192.887911759605,405.877146422388
"no group term",3.34305945945946,276.839948826222,192.848715808633,405.852712288694
"no group term",3.35330810810811,276.803429347116,192.81006253562,405.828630666593
"no group term",3.36355675675676,276.773610091147,192.771942802809,405.804895416174
"no group term",3.3738054054054,276.738787081716,192.734347653491,405.781500522721
"no group term",3.38405405405405,276.69676742001,192.697268307879,405.758440093786
"no group term",3.3943027027027,276.653431767109,192.660696159097,405.735708356346
"no group term",3.40455135135135,276.627211676218,192.624654970247,405.713299654033
"no group term",3.4148,276.601355132858,192.589243202246,405.685598654221
"no group term",3.42504864864865,276.573285424773,192.554311704441,405.656762241746
"no group term",3.4352972972973,276.545012232973,192.519852555199,405.628323905442
"no group term",3.44554594594595,276.514445352758,192.485857986635,405.600276986874
"no group term",3.45579459459459,276.491482976653,192.452320381178,405.572614958323
"no group term",3.46604324324324,276.461749362793,192.419232268233,405.545331419838
"no group term",3.47629189189189,276.432418305601,192.386586320918,405.518420096367
"no group term",3.48654054054054,276.40669868353,192.354375352888,405.491874834963
"no group term",3.49678918918919,276.386868155784,192.322592315238,405.465689602058
"no group term",3.50703783783784,276.35854585569,192.291230293479,405.439858480805
"no group term",3.51728648648649,276.328407338791,192.260358682329,405.414375668489
"no group term",3.52753513513513,276.29208974934,192.230000343502,405.389235474
"no group term",3.53778378378378,276.255802532002,192.200040780526,405.364432315372
"no group term",3.54803243243243,276.228943183501,192.170473622549,405.339561788123
"no group term",3.55828108108108,276.203958410772,192.141292618493,405.314866752137
"no group term",3.56852972972973,276.18473183615,192.112491634462,405.290499140658
"no group term",3.57877837837838,276.165289695132,192.09115855263,405.266453690317
"no group term",3.58902702702703,276.145450075004,192.074976504632,405.242725237092
"no group term",3.59927567567567,276.124443593889,192.059012379222,405.219308714155
"no group term",3.60952432432432,276.102022812961,192.042296222514,405.184739768368
"no group term",3.61977297297297,276.079893561442,192.01084793622,405.148021082232
"no group term",3.63002162162162,276.05805123928,191.979797476577,405.11175814591
"no group term",3.64027027027027,276.036491331708,191.949138709056,405.075944039598
"no group term",3.65051891891892,276.015209407428,191.9188896561,405.040571967627
"no group term",3.66076756756757,275.994201116837,191.889128571493,405.0056352559
"no group term",3.67101621621622,275.973462190303,191.859739879146,404.971127349375
"no group term",3.68126486486486,275.95298843647,191.832568420618,404.937041809628
"no group term",3.69151351351351,275.917135368603,191.812492037117,404.903372312454
"no group term",3.70176216216216,275.881794427824,191.792671830936,404.870112645533
"no group term",3.71201081081081,275.863143348392,191.773103837406,404.837256706149
"no group term",3.72225945945946,275.844729645989,191.753802977397,404.80479849896
"no group term",3.73250810810811,275.826549657966,191.734821633144,404.772732133821
"no group term",3.74275675675676,275.807441080015,191.716079967969,404.741051823654
"no group term",3.7530054054054,275.781868098576,191.697574311479,404.709751882371
"no group term",3.76325405405405,275.754867633531,191.679301059298,404.678826722842
"no group term",3.7735027027027,275.72366980611,191.661256671702,404.648270854907
"no group term",3.78375135135135,275.685787448271,191.643437672288,404.618078883441
"no group term",3.794,275.653415648232,191.625840646674,404.588245506452
"no group term",3.80424864864865,275.632037011041,191.608462241228,404.558765513229
"no group term",3.8144972972973,275.606729346321,191.591299161832,404.529633782534
"no group term",3.82474594594595,275.577128431573,191.574348172663,404.500845280824
"no group term",3.83499459459459,275.545951187641,191.557606095013,404.472395060526
"no group term",3.84524324324324,275.522448649991,191.541069806131,404.44808474353
"no group term",3.85549189189189,275.501302215136,191.524736238091,404.43359248707
"no group term",3.86574054054054,275.480408479505,191.508602376692,404.419278849749
"no group term",3.87598918918919,275.45906933226,191.492665260372,404.405141165237
"no group term",3.88623783783784,275.434182253713,191.476921979154,404.39117681391
"no group term",3.89648648648649,275.408305677013,191.461369673619,404.377383221909
"no group term",3.90673513513513,275.380836340057,191.446005533893,404.363757860221
"no group term",3.91698378378378,275.353682380489,191.430826798664,404.350252653933
"no group term",3.92723243243243,275.326839366034,191.415830754217,404.33620473544
"no group term",3.93748108108108,275.304640964702,191.401014733494,404.32232549596
"no group term",3.94772972972973,275.280647372372,191.386376115173,404.30861247748
"no group term",3.95797837837838,275.255310695368,191.371912322765,404.295063264071
"no group term",3.96822702702703,275.230262176997,191.357620823738,404.281675481059
"no group term",3.97847567567567,275.207645899136,191.343499128652,404.268446794221
"no group term",3.98872432432432,275.189425476474,191.32954479032,404.255374908992
"no group term",3.99897297297297,275.173822399525,191.315755402985,404.24245756969
"no group term",4.00922162162162,275.154816935348,191.302128601513,404.229692558761
"no group term",4.01947027027027,275.135204502461,191.288662060607,404.19997116086
"no group term",4.02971891891892,275.1158141121,191.275353494035,404.159943420985
"no group term",4.03996756756757,275.096642695223,191.262200653878,404.120342069279
"no group term",4.05021621621622,275.077687232843,191.249201329794,404.081161498924
"no group term",4.06046486486486,275.061635083467,191.236353348294,404.042396190758
"no group term",4.07071351351351,275.046399559542,191.223654572039,404.004040711692
"no group term",4.08096216216216,275.026522873482,191.21110289915,403.96608971315
"no group term",4.09121081081081,275.006865822021,191.198696262529,403.928537929551
"no group term",4.10145945945946,274.99527910329,191.18362764484,403.891380176817
"no group term",4.11170810810811,274.984115145908,191.165116759822,403.854611350908
"no group term",4.12195675675676,274.97307820733,191.146808998506,403.818226426397
"no group term",4.13220540540541,274.962166529857,191.128701635193,403.78222045506
"no group term",4.14245405405405,274.95137838441,191.110791987391,403.748500724446
"no group term",4.1527027027027,274.937469709294,191.093077415031,403.728524282244
"no group term",4.16295135135135,274.922534598106,191.075555319687,403.708764124957
"no group term",4.1732,274.907765048436,191.058223143823,403.68921738693
"no group term",4.18344864864865,274.893158824935,191.041078370052,403.669881247382
"no group term",4.1936972972973,274.878713727809,191.024118520404,403.650752929597
"no group term",4.20394594594595,274.86442759217,191.007341155623,403.631829700134
"no group term",4.21419459459459,274.850298287397,190.99074387446,403.613108868043
"no group term",4.22444324324324,274.837297004592,190.974324312998,403.594587784109
"no group term",4.23469189189189,274.825782756201,190.954962651953,403.5762638401
"no group term",4.24494054054054,274.814395739393,190.935127285191,403.558134468043
"no group term",4.25518918918919,274.800832132446,190.915498433184,403.540197139499
"no group term",4.26543783783784,274.78360450513,190.896073456085,403.522449364869
"no group term",4.27568648648649,274.766557064132,190.876849754025,403.504888692699
"no group term",4.28593513513513,274.74968749769,190.857824766407,403.487512709013
"no group term",4.29618378378378,274.728646715206,190.838995971227,403.470319036644
"no group term",4.30643243243243,274.704190181119,190.820360884397,403.453305334597
"no group term",4.31668108108108,274.684054105698,190.801917059091,403.436469297403
"no group term",4.32692972972973,274.671756271764,190.783662085096,403.419808654506
"no group term",4.33717837837838,274.661030374789,190.765593588179,403.403321169649
"no group term",4.34742702702703,274.651031971698,190.747709229471,403.387004640278
"no group term",4.35767567567567,274.643662306796,190.730006704854,403.370856896955
"no group term",4.36792432432432,274.636373623722,190.712483744365,403.354875802785
"no group term",4.37817297297297,274.629164845475,190.695138111613,403.339059252852
"no group term",4.38842162162162,274.622034911856,190.677967603204,403.323405173667
"no group term",4.39867027027027,274.614982779163,190.660970048182,403.307911522629
"no group term",4.40891891891892,274.608007419899,190.64414330747,403.292576287491
"no group term",4.41916756756757,274.601107822484,190.627485273337,403.277397485843
"no group term",4.42941621621622,274.594282990973,190.610993868864,403.262373164599
"no group term",4.43966486486486,274.584550968547,190.594667047421,403.247501399499
"no group term",4.44991351351351,274.574729266707,190.578502792164,403.232780294615
"no group term",4.46016216216216,274.565010280219,190.562499115525,403.218207981875
"no group term",4.47041081081081,274.55654132074,190.549753136319,403.203782620587
"no group term",4.48065945945946,274.549359262925,190.539287378069,403.189502396976
"no group term",4.49090810810811,274.542252788958,190.528929738378,403.175365523733
"no group term",4.50115675675676,274.53522093362,190.518678857292,403.161370239567
"no group term",4.51140540540541,274.528262746177,190.508533395004,403.14751480877
"no group term",4.52165405405405,274.52137729013,190.498492031516,403.133797520785
"no group term",4.5319027027027,274.514563642967,190.488553466293,403.120216689791
"no group term",4.54215135135135,274.50782089593,190.478833678135,403.106770654286
"no group term",4.5524,274.500102293372,190.46927012525,403.093457776684
"no group term",4.56264864864865,274.488686228644,190.459804029665,403.080276442919
"no group term",4.5728972972973,274.474866475112,190.450434182663,403.067225062051
"no group term",4.58314594594595,274.458103193916,190.441159393183,403.05430206589
"no group term",4.59339459459459,274.441501492174,190.431978487519,403.041505908618
"no group term",4.60364324324324,274.425059457094,190.422890309029,403.028835066418
"no group term",4.61389189189189,274.408775202711,190.413893717853,403.016288037117
"no group term",4.62414054054054,274.393391216699,190.404987590631,403.003863339832
"no group term",4.63438918918919,274.380297649482,190.396170820226,402.991559514615
"no group term",4.64463783783784,274.367330609717,190.387442315461,402.979375122121
"no group term",4.65488648648649,274.354488598915,190.378801000846,402.967308743266
"no group term",4.66513513513513,274.341770139583,190.370245816326,402.9553589789
"no group term",4.67538378378378,274.33032765398,190.361775717022,402.943524449485
"no group term",4.68563243243243,274.321559339624,190.353389672982,402.931803794776
"no group term",4.69588108108108,274.312877495326,190.345086668937,402.920195673512
"no group term",4.70612972972973,274.30428108241,190.336865704057,402.908698763108
"no group term",4.71637837837838,274.295769076899,190.32872579172,402.897311759357
"no group term",4.72662702702703,274.287340469278,190.320665959275,402.886033376135
"no group term",4.73687567567567,274.27899426426,190.312685247817,402.874862345111
"no group term",4.74712432432432,274.27072948055,190.304782711964,402.863797415462
"no group term",4.75737297297297,274.262545150624,190.296957419634,402.8528373536
"no group term",4.76762162162162,274.254440320504,190.289208451836,402.841980942888
"no group term",4.77787027027027,274.24592171262,190.282161395101,402.831226983382
"no group term",4.78811891891892,274.235792342461,190.27591753667,402.82057429156
"no group term",4.79836756756757,274.225909341996,190.269735149055,402.810021700065
"no group term",4.80861621621622,274.220508686813,190.263613497711,402.799568057448
"no group term",4.81886486486486,274.215827075508,190.25755185841,402.789212227923
"no group term",4.82911351351351,274.209533355646,190.251549517074,402.778953091116
"no group term",4.83936216216216,274.203686681952,190.242964907584,402.768789541827
"no group term",4.84961081081081,274.199590285336,190.234057821331,402.758720489792
"no group term",4.85985945945946,274.195534602018,190.225233671238,402.748744859448
"no group term",4.87010810810811,274.19127586772,190.216491512593,402.738861589709
"no group term",4.88035675675676,274.182085453361,190.208383222321,402.729069633736
"no group term",4.89060540540541,274.175545274967,190.201408083256,402.719367958721
"no group term",4.90085405405405,274.169066918781,190.194499054014,402.709755545667
"no group term",4.9111027027027,274.162649672765,190.187655371708,402.700231389175
"no group term",4.92135135135135,274.156396219611,190.180876283822,402.690794497236
"no group term",4.9316,274.152770285595,190.174161048049,402.681443891026
"no group term",4.94184864864865,274.149179680536,190.167508932128,402.672178604702
"no group term",4.9520972972973,274.145623987925,190.160919213691,402.662997685202
"no group term",4.96234594594595,274.142102797012,190.154391180107,402.653900192056
"no group term",4.97259459459459,274.138615702713,190.147924128334,402.644885197186
"no group term",4.98284324324324,274.135162305525,190.141517364766,402.635951784724
"no group term",4.99309189189189,274.131742211433,190.135170205094,402.627099050823
"no group term",5.00334054054054,274.128355031825,190.128881974154,402.618326103477
"no group term",5.01358918918919,274.125000383407,190.122652005794,402.609632062343
"no group term",5.02383783783784,274.121677888122,190.116479642731,402.601016058559
"no group term",5.03408648648649,274.118387173065,190.110364236419,402.592477234581
"no group term",5.04433513513513,274.115127870403,190.104305146911,402.584014744003
"no group term",5.05458378378378,274.111899617295,190.09830174273,402.575627751398
"no group term",5.06483243243243,274.108702055819,190.092353400741,402.567315432148
"no group term",5.07508108108108,274.105534832888,190.086459506024,402.559076972287
"no group term",5.08532972972973,274.102397600183,190.080619451746,402.550911568339
"no group term",5.09557837837838,274.099290014074,190.074832639044,402.542818427164
"no group term",5.10582702702703,274.093409076592,190.069158155382,402.534796765804
"no group term",5.11607567567567,274.087497165256,190.063563762241,402.526845811332
"no group term",5.12632432432432,274.079628011303,190.058020125961,402.518964800704
"no group term",5.13657297297297,274.069739852704,190.052526685934,402.511152980613
"no group term",5.14682162162162,274.063155260572,190.047082888847,402.503409607345
"no group term",5.15707027027027,274.058188334158,190.041688188569,402.495733946641
"no group term",5.16731891891892,274.053265634112,190.036342046046,402.488125273553
"no group term",5.17756756756757,274.048386679572,190.031043929197,402.480582872314
"no group term",5.18781621621622,274.043550995842,190.025793312806,402.473106036199
"no group term",5.19806486486486,274.037738536587,190.020589678424,402.465694067395
"no group term",5.20831351351351,274.031354883522,190.015432514266,402.458346276873
"no group term",5.21856216216216,274.025027281748,190.010321315114,402.451061984256
"no group term",5.22881081081081,274.018755130333,190.005255582222,402.443840517699
"no group term",5.23905945945946,274.012537835951,190.000234823214,402.436681213762
"no group term",5.24930810810811,274.006374812766,189.995258551999,402.429583417288
"no group term",5.25955675675676,274.000265482328,189.990326288671,402.422546481289
"no group term",5.26980540540541,273.995164557968,189.985437559425,402.415569766822
"no group term",5.28005405405405,273.991494062402,189.981360612638,402.408652642876
"no group term",5.2903027027027,273.987856489137,189.978273314724,402.401794486262
"no group term",5.30055135135135,273.984251479838,189.975213655459,402.394994681495
"no group term",5.3108,273.980678680752,189.972181334685,402.388252620687
"no group term",5.32104864864865,273.977137742644,189.969176056072,402.381567703442
"no group term",5.3312972972973,273.973628320728,189.966197527064,402.374939336742
"no group term",5.34154594594595,273.970150074601,189.963245458827,402.36836693485
"no group term",5.35179459459459,273.966702668184,189.960319566186,402.361849919202
"no group term",5.36204324324324,273.963285769653,189.957419567584,402.355387718308
"no group term",5.37229189189189,273.959899051383,189.954545185016,402.348979767651
"no group term",5.38254054054054,273.956542189881,189.951696143989,402.34262550959
"no group term",5.39278918918919,273.953214865729,189.948872173464,402.336324393261
"no group term",5.40303783783784,273.949916763529,189.946073005808,402.330075874484
"no group term",5.41328648648649,273.946647571835,189.943298376747,402.323879415671
"no group term",5.42353513513513,273.94138926082,189.940548025313,402.317734485731
"no group term",5.43378378378378,273.935621928448,189.937821693802,402.311640559978
"no group term",5.44403243243243,273.929901715237,189.935119127721,402.305597120046
"no group term",5.45428108108108,273.924228147775,189.932440075749,402.299603653801
"no group term",5.46452972972973,273.918339646784,189.929784289685,402.29365965525
"no group term",5.47477837837838,273.911480837397,189.927151524409,402.28776462446
"no group term",5.48502702702703,273.903993129157,189.924541537834,402.281918067474
"no group term",5.49527567567567,273.897382594969,189.921955106413,402.276119496226
"no group term",5.50552432432432,273.893088221792,189.91941522104,402.270368428463
"no group term",5.51577297297297,273.888829368364,189.91689720027,402.264664387663
"no group term",5.52602162162162,273.884605675473,189.914400815779,402.259006902959
"no group term",5.53627027027027,273.880416788201,189.911925842043,402.253395509057
"no group term",5.54651891891892,273.876262355858,189.909472056303,402.247829746165
"no group term",5.55676756756757,273.872142031933,189.907039238519,402.242309159914
"no group term",5.56701621621622,273.868055474029,189.90462717134,402.236833301287
"no group term",5.57726486486486,273.86400234381,189.90223564006,402.231401726544
"no group term",5.58751351351351,273.859982306945,189.899864432584,402.226013997152
"no group term",5.59776216216216,273.855995033053,189.897513339391,402.220669679715
"no group term",5.60801081081081,273.852040195651,189.895182153498,402.215368345901
"no group term",5.61825945945946,273.848117472097,189.892870670425,402.210109572379
"no group term",5.62850810810811,273.844226543543,189.890578688159,402.204892940748
"no group term",5.63875675675676,273.840367094879,189.888306007122,402.199718037469
"no group term",5.64900540540541,273.836538814685,189.886052430135,402.194584453808
"no group term",5.65925405405405,273.832663418473,189.883817762387,402.18949178576
"no group term",5.6695027027027,273.827672369394,189.8816018114,402.184439633996
"no group term",5.67975135135135,273.822720920901,189.879404386999,402.179427603796
"no group term",5.69,273.817808688166,189.87722530128,402.174455304985
"no group term",5.70024864864865,273.812935290783,189.875064368577,402.16952235188
"no group term",5.7104972972973,273.808100352712,189.872921405435,402.164616703712
"no group term",5.72074594594595,273.803303502218,189.870796230575,402.159734373591
"no group term",5.73099459459459,273.79854437182,189.868688664868,402.154890460323
"no group term",5.74124324324324,273.794911956872,189.866598531306,402.15008459373
"no group term",5.75149189189189,273.791342388928,189.864525654969,402.145316407852
"no group term",5.76174054054054,273.787801310402,189.862469863002,402.140585540891
"no group term",5.77198918918919,273.784288443783,189.860430984584,402.135891635159
"no group term",5.78223783783784,273.78080351475,189.8584088509,402.131907035838
"no group term",5.79248648648649,273.777346252131,189.856403295116,402.129983411807
"no group term",5.80273513513513,273.773916387859,189.854414152351,402.128075637901
"no group term",5.81298378378378,273.770513656931,189.852441259649,402.126183555865
"no group term",5.82323243243243,273.767137797369,189.85048445596,402.124307009298
"no group term",5.83348108108108,273.763788550181,189.848543582104,402.12244584363
"no group term",5.84372972972973,273.760465659319,189.846618480756,402.120599906094
"no group term",5.85397837837838,273.757168871642,189.844708996414,402.118769045709
"no group term",5.86422702702703,273.753897936878,189.84281497538,402.116953113249
"no group term",5.87447567567567,273.750652607588,189.840936265731,402.115151961221
"no group term",5.88472432432432,273.747432639125,189.8390727173,402.113365443846
"no group term",5.89497297297297,273.744237789603,189.83722418165,402.111593417032
"no group term",5.90522162162162,273.741067819855,189.835390512052,402.109835738351
"no group term",5.91547027027027,273.737922493405,189.83357156346,402.108092267021
"no group term",5.92571891891892,273.734801576427,189.831767192495,402.106362863882
"no group term",5.93596756756757,273.732277348265,189.829977257417,402.104647391373
"no group term",5.94621621621622,273.729442599691,189.828201618104,402.102945713514
"no group term",5.95646486486486,273.726187403969,189.826440136036,402.101257695881
"no group term",5.96671351351351,273.72295730916,189.824692674266,402.09958320559
"no group term",5.97696216216216,273.719752079081,189.822959097407,402.097922111276
"no group term",5.98721081081081,273.716571480171,189.821239271608,402.096274283069
"no group term",5.99745945945946,273.713415281457,189.819533064532,402.094639592579
"no group term",6.00770810810811,273.710283254524,189.817840345342,402.093017912875
"no group term",6.01795675675676,273.707175173477,189.816160984675,402.091409118465
"no group term",6.02820540540541,273.704090814913,189.814494854627,402.089813085281
"no group term",6.03845405405405,273.701029957889,189.812841828736,402.088229690653
"no group term",6.0487027027027,273.697992383887,189.811201781956,402.086658813301
"no group term",6.05895135135135,273.694977876791,189.809574590647,402.085100333306
"no group term",6.0692,273.691986222846,189.80796013255,402.083554132104
"no group term",6.07944864864865,273.68901721064,189.806358286775,402.082020092457
"no group term",6.0896972972973,273.686070631064,189.804768933779,402.080498098444
"no group term",6.09994594594595,273.683146277292,189.803191955353,402.078988035443
"no group term",6.11019459459459,273.680243944743,189.801627234599,402.077489790109
"no group term",6.12044324324324,273.677363431061,189.800074655919,402.076003250364
"no group term",6.13069189189189,273.674504536085,189.798534104996,402.074528305377
"no group term",6.14094054054054,273.671667061817,189.797005468778,402.073064845551
"no group term",6.15118918918919,273.668850812403,189.795488635461,402.071612762502
"no group term",6.16143783783784,273.666868008865,189.793983494474,402.070171949051
"no group term",6.17168648648649,273.665147876536,189.792489936464,402.068742299202
"no group term",6.18193513513513,273.663440889439,189.79100785328,402.067323708131
"no group term",6.19218378378378,273.661746925517,189.789537137957,402.065916072168
"no group term",6.20243243243243,273.660065864047,189.788077684702,402.064519288787
"no group term",6.21268108108108,273.658397585623,189.78662938888,402.063133256586
"no group term",6.22292972972973,273.656654901178,189.785192146996,402.061757875277
"no group term",6.23317837837838,273.6537845484,189.783765856687,402.060393045671
"no group term",6.24342702702703,273.650935093906,189.782350416701,402.059038669662
"no group term",6.25367567567567,273.648106351564,189.780608987623,402.057694650216
"no group term",6.26392432432432,273.645298137203,189.778821914972,402.056360891358
"no group term",6.27417297297297,273.642510268587,189.777048311712,402.055037298155
"no group term",6.28442162162162,273.639742565392,189.775288054571,402.053723776706
"no group term",6.29467027027027,273.636994849184,189.7735410216,402.052420234131
"no group term",6.30491891891892,273.634266943393,189.771807092162,402.051126578553
"no group term",6.31516756756757,273.631558673295,189.770086146914,402.049842719089
"no group term",6.32541621621622,273.628869865985,189.768378067792,402.048568565837
"no group term",6.33566486486486,273.62620035036,189.766682737991,402.047304029865
"no group term",6.34591351351351,273.623549957094,189.765000041958,402.046049023197
"no group term",6.35616216216216,273.620918518615,189.763329865366,402.044803458802
"no group term",6.36641081081081,273.618305869091,189.76167209511,402.043567250582
"no group term",6.37665945945946,273.615711844402,189.760026619283,402.042340313362
"no group term",6.38690810810811,273.613136282123,189.758393327166,402.041122562877
"no group term",6.39715675675676,273.610579021502,189.756772109213,402.03991391576
"no group term",6.40740540540541,273.608039903445,189.755162857035,402.038714289536
"no group term",6.41765405405405,273.605518770488,189.753565463388,402.037523602603
"no group term",6.4279027027027,273.603015466785,189.751979822158,402.03634177423
"no group term",6.43815135135135,273.600529838086,189.750405828349,402.03516872454
"no group term",6.4484,273.598061731719,189.748843378066,402.034004374501
"no group term",6.45864864864865,273.595610996568,189.747292368505,402.032848645918
"no group term",6.4688972972973,273.59317748306,189.745752697938,402.031701461421
"no group term",6.47914594594595,273.590761043143,189.7442242657,402.030562744456
"no group term",6.48939459459459,273.58836153027,189.74270697218,402.029432419274
"no group term",6.49964324324324,273.58597879938,189.74036982577,402.02831041092
"no group term",6.50989189189189,273.583612706883,189.737466036473,402.027196645229
"no group term",6.52014054054054,273.581263110638,189.734582103308,402.026091048809
"no group term",6.53038918918919,273.578929869944,189.731717859603,402.024993549038
"no group term",6.54063783783784,273.576612845513,189.728873140342,402.023904074051
"no group term",6.55088648648649,273.574311899464,189.726047782148,402.022822552731
"no group term",6.56113513513513,273.572026895298,189.723241623265,402.021748914704
"no group term",6.57138378378378,273.569757697889,189.720454503537,402.020683090324
"no group term",6.58163243243243,273.567504173461,189.717686264392,402.019625010671
"no group term",6.59188108108108,273.565363580482,189.714936748821,402.018574607535
"no group term",6.60212972972973,273.563315573421,189.712205801363,402.017531813416
"no group term",6.61237837837838,273.561281819149,189.709493268087,402.016496561507
"no group term",6.62262702702703,273.559729648027,189.706798996572,402.015468785691
"no group term",6.63287567567567,273.558519954137,189.704122835894,402.014448420533
"no group term",6.64312432432432,273.557318874231,189.701464636606,402.013435401271
"no group term",6.65337297297297,273.556126333781,189.698824250721,402.012429663804
"no group term",6.66362162162162,273.554942259015,189.696201531698,402.011431144692
"no group term",6.67387027027027,273.553766576912,189.693596334425,402.010439781141
"no group term",6.68411891891892,273.552599215193,189.691008515199,402.009455511001
"no group term",6.69436756756757,273.551440102309,189.688437931718,402.008478272755
"no group term",6.70461621621622,273.550289167437,189.685884443056,402.007508005512
"no group term",6.71486486486486,273.549146340468,189.683347909656,402.006544649
"no group term",6.72511351351351,273.548011551999,189.680828193308,402.005588143561
"no group term",6.73536216216216,273.54688473333,189.678325157139,402.004638430139
"no group term",6.74561081081081,273.545765816446,189.675838665595,402.003695450279
"no group term",6.75585945945946,273.544654734019,189.673368584428,402.002759146114
"no group term",6.76610810810811,273.543551419394,189.670914780678,402.001829460362
"no group term",6.77635675675676,273.542455806585,189.668477122666,402.00090633632
"no group term",6.78660540540541,273.541367830263,189.66605547997,401.999989717852
"no group term",6.79685405405405,273.540287425752,189.663649723421,401.999079549389
"no group term",6.8071027027027,273.53921452902,189.661259725081,401.998175775919
"no group term",6.81735135135135,273.538149076674,189.658885358234,401.997278342979
"no group term",6.8276,273.537091005947,189.656526497372,401.996387196654
"no group term",6.83784864864865,273.536040254698,189.654183018179,401.995502283565
"no group term",6.8480972972973,273.5349967614,189.651854797523,401.994623550865
"no group term",6.85834594594595,273.533960465134,189.649541713438,401.993750946235
"no group term",6.86859459459459,273.532931305583,189.647243645112,401.992884417876
"no group term",6.87884324324324,273.531909223025,189.644960472879,401.992023914502
"no group term",6.88909189189189,273.530894158326,189.642692078199,401.991169385336
"no group term",6.89934054054054,273.529886052932,189.640438343652,401.990320780103
"no group term",6.90958918918919,273.528884848866,189.638199152923,401.989478049026
"no group term",6.91983783783784,273.527890488716,189.635974390792,401.988641142819
"no group term",6.93008648648649,273.526902915636,189.633763943117,401.987810012681
"no group term",6.94033513513513,273.525922073331,189.63156769683,401.986984610291
"no group term",6.95058378378378,273.524947906059,189.629385539918,401.986164887804
"no group term",6.96083243243243,273.52398035862,189.627217361416,401.985350797844
"no group term",6.97108108108108,273.522999902697,189.626141799054,401.984542293498
"no group term",6.98132972972973,273.521804600808,189.62509677624,401.983739328313
"no group term",6.99157837837838,273.520617230199,189.624058768054,401.982941856289
"no group term",7.00182702702703,273.519437726672,189.623027717225,401.982149831876
"no group term",7.01207567567567,273.518266026639,189.622003567033,401.981363209967
"no group term",7.02232432432432,273.51710206712,189.620986261302,401.980581945892
"no group term",7.03257297297297,273.515945785733,189.619975744394,401.979805995417
"no group term",7.04282162162162,273.514797120691,189.618971961204,401.979035314736
"no group term",7.05307027027027,273.513656010792,189.617974857154,401.978269860468
"no group term",7.06331891891892,273.512522395415,189.616984378187,401.977509589649
"no group term",7.07356756756757,273.511396214513,189.61600047076,401.976754459733
"no group term",7.08381621621622,273.510277408605,189.615023081839,401.976004428582
"no group term",7.09406486486486,273.509276730104,189.614052158895,401.975259454464
"no group term",7.10431351351351,273.508739051735,189.613087649899,401.97451949605
"no group term",7.11456216216216,273.508205081269,189.612129503311,401.973784512404
"no group term",7.12481081081081,273.50767478785,189.611177668082,401.973054462987
"no group term",7.13505945945946,273.507148140923,189.610232093644,401.972329307644
"no group term",7.14530810810811,273.506443247079,189.609292729904,401.971609006605
"no group term",7.15555675675676,273.505414164056,189.608359527245,401.970893520482
"no group term",7.16580540540541,273.504254534945,189.607432436514,401.970182810259
"no group term",7.17605405405405,273.503102349355,189.60651140902,401.969476837293
"no group term",7.1863027027027,273.501652888526,189.605596396528,401.968775563308
"no group term",7.19655135135135,273.500191445148,189.604687351257,401.968078950391
"no group term",7.2068,273.498739274312,189.603784225871,401.967386960988
"no group term",7.21704864864865,273.497296304115,189.602886973477,401.966699557902
"no group term",7.2272972972973,273.495862463313,189.601995547618,401.966016704286
"no group term",7.23754594594595,273.494437681313,189.601109902271,401.96533836364
"no group term",7.24779459459459,273.493021888166,189.600229991841,401.964664499811
"no group term",7.25804324324324,273.491615014564,189.599355771156,401.963995076982
"no group term",7.26829189189189,273.490216991826,189.598487195464,401.963330059676
"no group term",7.27854054054054,273.4888277519,189.597624220424,401.962669412748
"no group term",7.28878918918919,273.487447227349,189.596766802109,401.962013101381
"no group term",7.29903783783784,273.486075351348,189.595914896996,401.961361091084
"no group term",7.30928648648649,273.484712057679,189.595068461964,401.960713347691
"no group term",7.31953513513513,273.483357280722,189.594227454287,401.960069837351
"no group term",7.32978378378378,273.482010955449,189.593391831635,401.959430526532
"no group term",7.34003243243243,273.480673017418,189.592561552065,401.95879538201
"no group term",7.35028108108108,273.479343402771,189.591736574018,401.958164370874
"no group term",7.36052972972973,273.478022048219,189.590916856317,401.957537460515
"no group term",7.37077837837838,273.476708891047,189.590102358162,401.956914618628
"no group term",7.38102702702703,273.475403869097,189.589293039123,401.956295813206
"no group term",7.39127567567567,273.474106920773,189.58848885914,401.955681012538
"no group term",7.40152432432432,273.472817985026,189.58768977852,401.955070185207
"no group term",7.41177297297297,273.471537001353,189.586895757928,401.954463300082
"no group term",7.42202162162162,273.470263909794,189.586106758388,401.953860326323
"no group term",7.43227027027027,273.468998650918,189.585322741276,401.95326123337
"no group term",7.44251891891892,273.467741165826,189.584543668319,401.952665990945
"no group term",7.45276756756757,273.466491396142,189.58376950159,401.952074569047
"no group term",7.46301621621622,273.465249284007,189.583000203504,401.951486937949
"no group term",7.47326486486486,273.464014772074,189.582235736815,401.950903068197
"no group term",7.48351351351351,273.462787803505,189.581476064615,401.950322930605
"no group term",7.49376216216216,273.461568321962,189.580721150323,401.949746496253
"no group term",7.50401081081081,273.460356271607,189.579970957692,401.949173736483
"no group term",7.51425945945946,273.459151597091,189.579225450796,401.948604622902
"no group term",7.52450810810811,273.457954243554,189.578484594033,401.948039127368
"no group term",7.53475675675676,273.456764156617,189.577748352119,401.947477222
"no group term",7.5450054054054,273.455581282378,189.577016690085,401.946918879167
"no group term",7.55525405405405,273.454405567408,189.576289573274,401.946364071487
"no group term",7.5655027027027,273.453236958746,189.575566967339,401.945812771825
"no group term",7.57575135135135,273.452075403892,189.574848838237,401.945264953294
"no group term",7.586,273.450920850806,189.574135152228,401.944720589245
"no group term",7.59624864864865,273.449819175956,189.573425875871,401.944179653272
"no group term",7.6064972972973,273.448760009262,189.572720976023,401.943642119202
"no group term",7.61674594594595,273.447707224677,189.572020419833,401.943107961102
"no group term",7.62699459459459,273.446660775231,189.571324174739,401.942577153266
"no group term",7.63724324324324,273.445620614362,189.57063220847,401.942049670222
"no group term",7.64749189189189,273.444586695911,189.569944489036,401.941525486723
"no group term",7.65774054054054,273.443558974122,189.56926098473,401.941004577748
"no group term",7.66798918918919,273.442537403632,189.568581664125,401.940486918499
"no group term",7.67823783783784,273.441521939471,189.567906496067,401.939972484399
"no group term",7.68848648648649,273.440512537059,189.567235449678,401.939461251087
"no group term",7.69873513513513,273.439509152196,189.566568494349,401.938953194422
"no group term",7.70898378378378,273.438511741067,189.565905599738,401.938448290474
"no group term",7.71923243243243,273.437520260233,189.565246735769,401.937946515526
"no group term",7.72948108108108,273.436534666624,189.564591872628,401.937447846069
"no group term",7.73972972972973,273.435554917545,189.563940980762,401.936952258804
"no group term",7.74997837837838,273.434580970663,189.563294030872,401.936459730634
"no group term",7.76022702702703,273.433612784007,189.562650993916,401.93597023867
"no group term",7.77047567567567,273.432650315967,189.562011841103,401.935483760219
"no group term",7.78072432432432,273.431693525285,189.561376543892,401.935000272791
"no group term",7.79097297297297,273.430742371058,189.560745073989,401.934519754091
"no group term",7.80122162162162,273.429796812726,189.560117403344,401.93404218202
"no group term",7.81147027027027,273.428856810079,189.559493504148,401.933567534674
"no group term",7.82171891891892,273.427922323243,189.558873348834,401.933095790336
"no group term",7.83196756756757,273.426993312688,189.558256910071,401.932626927483
"no group term",7.84221621621622,273.426069739212,189.557644160762,401.932160924777
"no group term",7.85246486486486,273.425151563949,189.557035074045,401.931697761065
"no group term",7.86271351351351,273.424238748359,189.556429623287,401.931237415379
"no group term",7.87296216216216,273.423331254228,189.555827782082,401.930779866934
"no group term",7.88321081081081,273.422429043663,189.555229524251,401.930325095123
"no group term",7.89345945945946,273.421532079089,189.554634823839,401.929873079518
"no group term",7.90370810810811,273.420640323249,189.554043655111,401.929423799867
"no group term",7.91395675675676,273.419834803946,189.553455992553,401.928977236095
"no group term",7.9242054054054,273.419255423579,189.552871810866,401.928533368297
"no group term",7.93445405405405,273.418679487124,189.552291084968,401.928092176742
"no group term",7.9447027027027,273.418106969693,189.551713789988,401.927653641866
"no group term",7.95495135135135,273.41753784661,189.551139901267,401.927217744277
"no group term",7.9652,273.416972093409,189.550569394353,401.926784464744
"no group term",7.97544864864865,273.416409685832,189.550002245004,401.926353784206
"no group term",7.9856972972973,273.415850599823,189.54943842918,401.92592568376
"no group term",7.99594594594595,273.415294811535,189.548877923043,401.92550014467
"no group term",8.00619459459459,273.414742297319,189.548320702958,401.925077148354
"no group term",8.01644324324324,273.414193033725,189.547766745488,401.924656676392
"no group term",8.02669189189189,273.413646997504,189.547216027392,401.924238710522
"no group term",8.03694054054054,273.4131041656,189.546668525624,401.923823232632
"no group term",8.04718918918919,273.412564515152,189.546124217333,401.923410224769
"no group term",8.05743783783784,273.41202802349,189.545583079857,401.92299966913
"no group term",8.06768648648649,273.411494668134,189.545045090724,401.922591548062
"no group term",8.07793513513514,273.410964426795,189.544510227649,401.922185844062
"no group term",8.08818378378378,273.410437277367,189.543978468535,401.921782539777
"no group term",8.09843243243243,273.40991319793,189.543449791467,401.921381617995
"no group term",8.10868108108108,273.409392166749,189.542924174712,401.920983061655
"no group term",8.11892972972973,273.408874162266,189.542401596718,401.920586853836
"no group term",8.12917837837838,273.408359163105,189.541882036111,401.92019297776
"no group term",8.13942702702703,273.407847148068,189.541365471697,401.919801416789
"no group term",8.14967567567568,273.407338096132,189.540851882453,401.919412154427
"no group term",8.15992432432432,273.406831986449,189.540341247532,401.919025174313
"no group term",8.17017297297297,273.406328798342,189.53983354626,401.918640460225
"no group term",8.18042162162162,273.405828511308,189.539328758132,401.918257996075
"no group term",8.19067027027027,273.40533110501,189.53882686281,401.917877765911
"no group term",8.20091891891892,273.404836559282,189.538327840127,401.917499753911
"no group term",8.21116756756757,273.404344854122,189.537831670079,401.917123944387
"no group term",8.22141621621622,273.403855969692,189.537338332827,401.916750321781
"no group term",8.23166486486486,273.40336988632,189.536847808695,401.916378870663
"no group term",8.24191351351351,273.402886584493,189.536360078165,401.916009575733
"no group term",8.25216216216216,273.402406044859,189.535875121882,401.915642421815
"no group term",8.26241081081081,273.401928248225,189.535392920647,401.915277393861
"no group term",8.27265945945946,273.401453175552,189.534913455419,401.914914476944
"no group term",8.28290810810811,273.40098080796,189.53443670731,401.914553656264
"no group term",8.29315675675676,273.400511126723,189.533962657586,401.914194917141
"no group term",8.3034054054054,273.400044113264,189.533491287667,401.913838245015
"no group term",8.31365405405405,273.399579749161,189.533022579121,401.913483625446
"no group term",8.3239027027027,273.399118016141,189.532556513667,401.913131044114
"no group term",8.33415135135135,273.398658896076,189.532093073172,401.912780486816
"no group term",8.3444,273.39820237099,189.531632239648,401.912431939462
"no group term",8.35464864864865,273.39774842305,189.531173995253,401.912085388082
"no group term",8.3648972972973,273.397297034566,189.53071832229,401.911740818818
"no group term",8.37514594594595,273.396848187994,189.530265203202,401.911398217923
"no group term",8.38539459459459,273.396401865929,189.529814620576,401.911057571766
"no group term",8.39564324324324,273.395958051108,189.529366557135,401.910718866824
"no group term",8.40589189189189,273.395516726404,189.528920995745,401.910382089684
"no group term",8.41614054054054,273.395077874833,189.528477919407,401.910047227043
"no group term",8.42638918918919,273.394641479542,189.528037311256,401.909714265706
"no group term",8.43663783783784,273.394207523815,189.527599154567,401.909383192584
"no group term",8.44688648648649,273.393775991073,189.527163432742,401.909053994694
"no group term",8.45713513513513,273.393346864864,189.526730129322,401.908726659158
"no group term",8.46738378378378,273.392920128872,189.526299227973,401.908401173203
"no group term",8.47763243243243,273.392495766908,189.525870712495,401.908077524155
"no group term",8.48788108108108,273.392073762916,189.525444566815,401.907755699448
"no group term",8.49812972972973,273.391654100964,189.525020774988,401.907435686612
"no group term",8.50837837837838,273.391236765248,189.524599321195,401.907117473279
"no group term",8.51862702702703,273.390821740091,189.524180189742,401.906801047181
"no group term",8.52887567567568,273.390409009937,189.52376336506,401.906486396147
"no group term",8.53912432432432,273.389998559357,189.523348831703,401.906173508104
"no group term",8.54937297297297,273.389590373043,189.522936574344,401.905862371075
"no group term",8.55962162162162,273.389184435805,189.52252657778,401.905552973178
"no group term",8.56987027027027,273.388780732577,189.522118826927,401.905245302628
"no group term",8.58011891891892,273.388379248411,189.521713306819,401.904939347732
"no group term",8.59036756756757,273.387979968474,189.521310002606,401.90463509689
"no group term",8.60061621621622,273.387582878053,189.520908899557,401.904332538594
"no group term",8.61086486486487,273.387187962548,189.520509983055,401.904031661429
"no group term",8.62111351351351,273.386795207476,189.520113238597,401.903732454068
"no group term",8.63136216216216,273.386404598466,189.519718651795,401.903434905277
"no group term",8.64161081081081,273.386016121259,189.51932620837,401.903139003906
"no group term",8.65185945945946,273.38562976171,189.518935894158,401.902844738898
"no group term",8.66210810810811,273.385245505782,189.518547695103,401.902552099279
"no group term",8.67235675675676,273.384863339547,189.518161597258,401.902261074166
"no group term",8.68260540540541,273.38448324919,189.517777586787,401.901971652756
"no group term",8.69285405405405,273.384105220998,189.517395649957,401.901683824336
"no group term",8.7031027027027,273.383729241367,189.517020192953,401.901397578275
"no group term",8.71335135135135,273.3833552968,189.516650500191,401.901112904024
"no group term",8.7236,273.382983373903,189.516282801755,401.900829791119
"no group term",8.73384864864865,273.382613459386,189.515917084562,401.900548229177
"no group term",8.7440972972973,273.382245540062,189.515553335629,401.900268207896
"no group term",8.75434594594595,273.381879602846,189.515191542076,401.899989717053
"no group term",8.76459459459459,273.381515634753,189.514831691121,401.899712746507
"no group term",8.77484324324324,273.3811536229,189.51447377008,401.899437286196
"no group term",8.78509189189189,273.380793554503,189.514117766366,401.899163326133
"no group term",8.79534054054054,273.380435416874,189.513763667489,401.898890856413
"no group term",8.80558918918919,273.380079197425,189.513411461057,401.898619867204
"no group term",8.81583783783784,273.379724883663,189.513061134769,401.898350348753
"no group term",8.82608648648649,273.379372463193,189.512712676422,401.898082291381
"no group term",8.83633513513514,273.379021923711,189.512366073903,401.897815685483
"no group term",8.84658378378378,273.378673253012,189.512021315193,401.897550521531
"no group term",8.85683243243243,273.378326438981,189.511678388365,401.897286790068
"no group term",8.86708108108108,273.377981469595,189.511337281582,401.897024481711
"no group term",8.87732972972973,273.377638332925,189.510997983098,401.896763587149
"no group term",8.88757837837838,273.377297017132,189.510660481255,401.896504097142
"no group term",8.89782702702703,273.376957510465,189.510324764484,401.896246002522
"no group term",8.90807567567568,273.376619801266,189.509990821304,401.89598929419
"no group term",8.91832432432432,273.376283877962,189.50965864032,401.895733963119
"no group term",8.92857297297297,273.375949729069,189.509328210226,401.895480000347
"no group term",8.93882162162162,273.375587530492,189.508999519797,401.895227396985
"no group term",8.94907027027027,273.374971360431,189.508672557897,401.894976144209
"no group term",8.95931891891892,273.374358277086,189.50834731347,401.894726233263
"no group term",8.96956756756757,273.373748261468,189.508023775547,401.894477655459
"no group term",8.97981621621622,273.373141294726,189.507701933238,401.894230402173
"no group term",8.99006486486486,273.372537358146,189.507381775738,401.893984464847
"no group term",9.00031351351351,273.371936433149,189.507063292321,401.89373983499
"no group term",9.01056216216216,273.371338501293,189.506746472341,401.893496504172
"no group term",9.02081081081081,273.370743544268,189.506431305234,401.89325446403
"no group term",9.03105945945946,273.370151543898,189.506117780513,401.893013706263
"no group term",9.04130810810811,273.369562482139,189.50580588777,401.892774222631
"no group term",9.05155675675676,273.368976341076,189.505495616675,401.89253600496
"no group term",9.0618054054054,273.368393102925,189.505186956974,401.892299045134
"no group term",9.07205405405405,273.367812750028,189.50487989849,401.8920633351
"no group term",9.0823027027027,273.367235264858,189.504574431122,401.891828866865
"no group term",9.09255135135135,273.36666063001,189.504270544843,401.891595632496
"no group term",9.1028,273.366088828207,189.503968229702,401.891363624121
"no group term",9.11304864864865,273.365519842296,189.50366747582,401.891132833925
"no group term",9.1232972972973,273.364953655245,189.503368273391,401.890903254152
"no group term",9.13354594594595,273.364390250147,189.503070612684,401.890674877104
"no group term",9.14379459459459,273.363829610214,189.502774484038,401.890447695142
"no group term",9.15404324324324,273.363271718778,189.502479877862,401.890221700683
"no group term",9.16429189189189,273.362716559291,189.502186784639,401.889996886199
"no group term",9.17454054054054,273.362164115324,189.501895194919,401.889773244219
"no group term",9.18478918918919,273.361614370562,189.501605099324,401.889550767331
"no group term",9.19503783783784,273.361067308809,189.501316488542,401.889329448172
"no group term",9.20528648648649,273.360522913984,189.501029353331,401.889109279438
"no group term",9.21553513513513,273.359981170118,189.500743684518,401.888890253878
"no group term",9.22578378378378,273.359442061358,189.500459472995,401.888672364294
"no group term",9.23603243243243,273.358905571961,189.500176709721,401.888455603543
"no group term",9.24628108108108,273.358371686298,189.499895385722,401.888239964532
"no group term",9.25652972972973,273.357840388848,189.499615492089,401.888025440223
"no group term",9.26677837837838,273.357311664201,189.499337019977,401.887812023629
"no group term",9.27702702702703,273.356785497056,189.499059960606,401.887599707813
"no group term",9.28727567567567,273.356261872219,189.498784305261,401.887388485892
"no group term",9.29752432432432,273.355740774603,189.49851004529,401.887178351031
"no group term",9.30777297297297,273.355222189228,189.498237172101,401.886969296446
"no group term",9.31802162162162,273.35470610122,189.497965677167,401.886761315403
"no group term",9.32827027027027,273.354192495806,189.497695552024,401.886554401218
"no group term",9.33851891891892,273.353681358319,189.497426788265,401.886348547253
"no group term",9.34876756756757,273.353172674195,189.497159377546,401.886143746923
"no group term",9.35901621621622,273.352666428972,189.496893311585,401.885939993687
"no group term",9.36926486486487,273.352162608287,189.496628582157,401.885737281054
"no group term",9.37951351351351,273.351661197879,189.496365181098,401.885535602579
"no group term",9.38976216216216,273.351162183586,189.4961031003,401.885334951865
"no group term",9.40001081081081,273.350665551345,189.495842331717,401.885135322561
"no group term",9.41025945945946,273.350171287189,189.495582867357,401.884936708361
"no group term",9.42050810810811,273.349679377251,189.495324699289,401.884739103008
"no group term",9.43075675675676,273.349189807758,189.495067819637,401.884542500287
"no group term",9.44100540540541,273.348702565034,189.494812220579,401.884346894029
"no group term",9.45125405405405,273.348217635496,189.494557894354,401.88415227811
"no group term",9.4615027027027,273.347735005656,189.494304833252,401.883958646449
"no group term",9.47175135135135,273.347254662119,189.49405302962,401.883765993012
"no group term",9.482,273.346776591584,189.493802475859,401.883574311804
"no group term",9.49224864864865,273.346300780838,189.493553164424,401.883383596877
"no group term",9.5024972972973,273.345827216764,189.493305087824,401.883193842324
"no group term",9.51274594594595,273.345310318406,189.493058238621,401.88300504228
"no group term",9.52299459459459,273.34499649568,189.492812609429,401.882817190924
"no group term",9.53324324324324,273.34469403654,189.492568192916,401.882630282474
"no group term",9.54349189189189,273.34439306094,189.4923249818,401.882444311191
"no group term",9.55374054054054,273.344093560023,189.492082968852,401.882259271378
"no group term",9.56398918918919,273.343795524991,189.491842146893,401.882075157377
"no group term",9.57423783783784,273.343498947111,189.491602508796,401.88189196357
"no group term",9.58448648648649,273.34320381771,189.491364047482,401.881709684382
"no group term",9.59473513513514,273.342910128175,189.491126755924,401.881528314274
"no group term",9.60498378378378,273.342617869954,189.490890627143,401.881347847749
"no group term",9.61523243243243,273.342327034556,189.49065565421,401.881168279348
"no group term",9.62548108108108,273.342037613547,189.490421830244,401.880989603651
"no group term",9.63572972972973,273.341749598554,189.490189148412,401.880811815276
"no group term",9.64597837837838,273.341462981261,189.48995760193,401.88063490888
"no group term",9.65622702702703,273.341177753412,189.489727184059,401.880458879157
"no group term",9.66647567567568,273.340893906805,189.489497888111,401.880283720838
"no group term",9.67672432432432,273.340611433298,189.489269707441,401.880109428694
"no group term",9.68697297297297,273.340330324805,189.489042635452,401.879935997529
"no group term",9.69722162162162,273.340050573294,189.488816665593,401.879763422186
"no group term",9.70747027027027,273.339772170793,189.488591791358,401.879591697545
"no group term",9.71771891891892,273.33949510938,189.488368006287,401.879420818519
"no group term",9.72796756756757,273.339219381192,189.488145303963,401.879250780059
"no group term",9.73821621621622,273.338944978419,189.487923678017,401.879081577152
"no group term",9.74846486486486,273.338671893303,189.48770312212,401.878913204817
"no group term",9.75871351351351,273.338400118141,189.48748362999,401.878745658113
"no group term",9.76896216216216,273.338129645285,189.487265195386,401.878578932127
"no group term",9.77921081081081,273.337860467137,189.487047812113,401.878413021987
"no group term",9.78945945945946,273.337592576151,189.486831474015,401.878247922849
"no group term",9.79970810810811,273.337325964835,189.486616174982,401.878083629908
"no group term",9.80995675675676,273.337060625746,189.486401908944,401.877920138389
"no group term",9.8202054054054,273.336796551494,189.486188669874,401.877757443552
"no group term",9.83045405405405,273.336533734739,189.485976451785,401.877595540688
"no group term",9.8407027027027,273.336272168191,189.485765248731,401.877434425122
"no group term",9.85095135135135,273.336011844608,189.485555054809,401.877274092213
"no group term",9.8612,273.335752756802,189.485345864154,401.877114537349
"no group term",9.87144864864865,273.335494897628,189.485137670943,401.876955755952
"no group term",9.8816972972973,273.335238259996,189.484930469391,401.876797743475
"no group term",9.89194594594595,273.334982836858,189.484724253754,401.876640495403
"no group term",9.90219459459459,273.334728621219,189.484519018326,401.876484007251
"no group term",9.91244324324324,273.334475606129,189.484314757441,401.876328274565
"no group term",9.92269189189189,273.334223784685,189.484111465471,401.876173292924
"no group term",9.93294054054054,273.333973150032,189.483909136825,401.876019057935
"no group term",9.94318918918919,273.33372369536,189.483707765953,401.875865565235
"no group term",9.95343783783784,273.333475413906,189.483507347341,401.875712810492
"no group term",9.96368648648649,273.333228298953,189.483307875511,401.875560789405
"no group term",9.97393513513513,273.332982343827,189.483109345023,401.875409497699
"no group term",9.98418378378378,273.332737541902,189.482911750476,401.875258931131
"no group term",9.99443243243243,273.332493886596,189.482715086503,401.875109085487
"no group term",10.0046810810811,273.332251371369,189.482519347774,401.87495995658
"no group term",10.0149297297297,273.332009989727,189.482324528994,401.874811540253
"no group term",10.0251783783784,273.33176973522,189.482130624905,401.874663832376
"no group term",10.035427027027,273.331530601439,189.481937630284,401.87451682885
"no group term",10.0456756756757,273.33129258202,189.481745539943,401.874370525601
"no group term",10.0559243243243,273.33105567064,189.48155434873,401.874224918583
"no group term",10.066172972973,273.330819861021,189.481364051524,401.874080003778
"no group term",10.0764216216216,273.330585146923,189.481174643243,401.873935777196
"no group term",10.0866702702703,273.330351522151,189.480986118836,401.873792234873
"no group term",10.0969189189189,273.33011898055,189.480798473287,401.873649372873
"no group term",10.1071675675676,273.329887516005,189.480611701612,401.873507187284
"no group term",10.1174162162162,273.329657122442,189.480425798862,401.873365674224
"no group term",10.1276648648649,273.32942779383,189.480240760121,401.873224829834
"no group term",10.1379135135135,273.329199524175,189.480056580505,401.873084650284
"no group term",10.1481621621622,273.328972307524,189.479873255161,401.872945131767
"no group term",10.1584108108108,273.328746137962,189.479690779272,401.872806270502
"no group term",10.1686594594595,273.328521009616,189.47950914805,401.872668062736
"no group term",10.1789081081081,273.328296916649,189.47932835674,401.872530504738
"no group term",10.1891567567568,273.328073853263,189.479148400618,401.872393592805
"no group term",10.1994054054054,273.327851813701,189.478969274991,401.872257323255
"no group term",10.2096540540541,273.32763079224,189.478790975198,401.872121692435
"no group term",10.2199027027027,273.327410783198,189.478613496608,401.871986696713
"no group term",10.2301513513514,273.327191780928,189.478436834622,401.871852332483
"no group term",10.2404,273.326973779822,189.478260984668,401.871718596162
"ogl(plate)",0.002,610851.731674785,483029.826981224,747401.751897679
"ogl(plate)",0.0122486486486486,610500.195512244,482826.005615038,746973.549500686
"ogl(plate)",0.0224972972972973,607774.085809257,480893.225688594,743939.108001119
"ogl(plate)",0.0327459459459459,599838.365447841,474065.413919301,733587.1370783
"ogl(plate)",0.0429945945945946,582916.890125682,460340.664264352,713614.213318143
"ogl(plate)",0.0532432432432432,554632.335325848,436976.304032415,680303.461516719
"ogl(plate)",0.0634918918918919,514761.182312277,404540.291990513,631694.418370682
"ogl(plate)",0.0737405405405405,464793.774659133,365427.160150912,571669.669175135
"ogl(plate)",0.0839891891891892,408654.107444822,321739.18820866,503754.019802254
"ogl(plate)",0.0942378378378378,351176.823767798,276245.002860007,433773.455369761
"ogl(plate)",0.104486486486486,296727.086175428,232993.935935241,366260.435142325
"ogl(plate)",0.114735135135135,247899.863084635,194788.366584713,305829.174327574
"ogl(plate)",0.124983783783784,205630.715652619,161602.244505139,253666.063162612
"ogl(plate)",0.135232432432432,170324.167685025,133423.595283737,209972.978055832
"ogl(plate)",0.145481081081081,141207.859172493,110499.989945494,173986.67833072
"ogl(plate)",0.15572972972973,117442.401515623,91719.2354172661,144842.15728729
"ogl(plate)",0.165978378378378,98213.6606111685,76686.0354747117,121312.817302251
"ogl(plate)",0.176227027027027,82643.3830755832,64446.7359159789,102222.246930956
"ogl(plate)",0.186475675675676,69954.1870937509,54401.7066118059,86674.1088244178
"ogl(plate)",0.196724324324324,59619.8425547661,46151.9430027862,73963.0869382164
"ogl(plate)",0.206972972972973,51147.9375957121,39434.9298350518,63791.4620768747
"ogl(plate)",0.217221621621622,44174.1227399348,34026.9235575005,55284.8206029698
"ogl(plate)",0.22747027027027,38382.9321904394,29490.0253887466,48267.7418180444
"ogl(plate)",0.237718918918919,33574.0954566906,25744.5856730858,42413.9580032991
"ogl(plate)",0.247967567567568,29548.55221084,22554.1681718675,37431.5670174024
"ogl(plate)",0.258216216216216,26170.3478001047,19902.4994960919,33213.939948834
"ogl(plate)",0.268464864864865,23330.338030656,17653.2048871241,29698.5605437553
"ogl(plate)",0.278713513513513,20891.4042466267,15767.5986790108,26709.5669241564
"ogl(plate)",0.288962162162162,18807.3793628054,14165.8957617208,24122.5895927811
"ogl(plate)",0.299210810810811,17038.3566575256,12780.9756402617,21925.8122437308
"ogl(plate)",0.309459459459459,15502.0890828037,11593.959528946,20028.6661444444
"ogl(plate)",0.319708108108108,14170.9100137373,10561.268861317,18375.5615835776
"ogl(plate)",0.329956756756757,13015.7643676339,9657.25988831295,16922.9982254361
"ogl(plate)",0.340205405405405,12001.1599174178,8871.08542294046,15663.9167184811
"ogl(plate)",0.350454054054054,11113.8338618707,8176.73722892341,14545.2617562704
"ogl(plate)",0.360702702702703,10338.6463916089,7576.12102847142,13553.2329951522
"ogl(plate)",0.370951351351351,9648.88569394539,7055.13104378377,12693.8998789733
"ogl(plate)",0.3812,9044.18537445407,6595.52005990719,11909.7145638614
"ogl(plate)",0.391448648648649,8504.6418439318,6189.34886357937,11260.3419620573
"ogl(plate)",0.401697297297297,8026.05828524428,5822.34834756818,10640.3276097429
"ogl(plate)",0.411945945945946,7596.933878306,5493.08571133121,10098.150108401
"ogl(plate)",0.422194594594595,7210.53708926794,5198.45102345873,9607.23636724641
"ogl(plate)",0.432443243243243,6864.19584188693,4930.00576321692,9182.45704201847
"ogl(plate)",0.442691891891892,6547.85750529278,4691.05556826464,8793.55506587533
"ogl(plate)",0.452940540540541,6265.03810449002,4478.93201051342,8434.42687943467
"ogl(plate)",0.463189189189189,6008.20504111094,4286.06245669403,8118.95816727471
"ogl(plate)",0.473437837837838,5776.28531324576,4110.04357340299,7830.0942860452
"ogl(plate)",0.483686486486486,5563.04965860622,3950.04851120497,7565.28257936792
"ogl(plate)",0.493935135135135,5373.98333837226,3801.89628002483,7329.22874382047
"ogl(plate)",0.504183783783784,5198.63272972221,3667.53758170659,7116.05540989286
"ogl(plate)",0.514432432432432,5038.86064870296,3542.77101000269,6926.43484755514
"ogl(plate)",0.524681081081081,4895.21969511939,3434.92789831312,6748.51519550508
"ogl(plate)",0.53492972972973,4765.66031325842,3335.39850911839,6587.11783001688
"ogl(plate)",0.545178378378378,4641.16972250941,3239.69346290242,6448.27100628726
"ogl(plate)",0.555427027027027,4528.5046199226,3150.79704136511,6306.02469705371
"ogl(plate)",0.565675675675676,4425.44386776949,3070.42201312123,6182.2782176704
"ogl(plate)",0.575924324324324,4327.99692379892,2990.78340728534,6060.90460979669
"ogl(plate)",0.586172972972973,4241.34950677161,2919.36199508126,5955.02036365398
"ogl(plate)",0.596421621621622,4159.59205862577,2853.45755053642,5861.36682354681
"ogl(plate)",0.60667027027027,4083.23308633081,2794.30798697568,5771.62942417048
"ogl(plate)",0.616918918918919,4014.64247877877,2740.39731375867,5686.7487806684
"ogl(plate)",0.627167567567568,3949.45520783435,2688.30304987484,5619.10327941143
"ogl(plate)",0.637416216216216,3888.67821395215,2638.31617878998,5552.95804500023
"ogl(plate)",0.647664864864865,3832.47197352008,2596.23170531046,5483.4240063856
"ogl(plate)",0.657913513513513,3779.73055920054,2558.63173302666,5425.02406427586
"ogl(plate)",0.668162162162162,3732.56680989727,2519.51992280895,5369.89612065082
"ogl(plate)",0.678410810810811,3687.03861879345,2485.87099058237,5317.15091170012
"ogl(plate)",0.688659459459459,3646.11008311699,2450.11306038396,5269.31836360636
"ogl(plate)",0.698908108108108,3608.96581005041,2415.68225344381,5224.07554075055
"ogl(plate)",0.709156756756757,3571.20621724433,2386.05409524448,5182.12932475384
"ogl(plate)",0.719405405405405,3534.89194170629,2356.70458576509,5144.46028556041
"ogl(plate)",0.729654054054054,3501.72317134604,2327.78375063897,5108.27696734719
"ogl(plate)",0.739902702702703,3470.11413169566,2301.19479044788,5074.11849599801
"ogl(plate)",0.750151351351351,3440.92232254817,2278.39840717399,5045.23147238451
"ogl(plate)",0.7604,3414.46370595361,2256.11218838213,5018.48603038562
"ogl(plate)",0.770648648648649,3388.51530132257,2235.45135960428,4993.27633418895
"ogl(plate)",0.780897297297297,3364.70424121986,2214.21868059441,4966.35471710896
"ogl(plate)",0.791145945945946,3341.35265227337,2197.01677792834,4935.52392525582
"ogl(plate)",0.801394594594595,3318.81880939845,2181.20956919436,4910.30630164309
"ogl(plate)",0.811643243243243,3298.60733870398,2165.05727950291,4887.72822037401
"ogl(plate)",0.821891891891892,3278.96707996214,2149.94426654106,4865.33392746983
"ogl(plate)",0.83214054054054,3261.12328939101,2134.36222619193,4845.82840710139
"ogl(plate)",0.842389189189189,3244.57493323166,2121.90359350232,4823.26614030057
"ogl(plate)",0.852637837837838,3228.34739196588,2108.8417959393,4806.6987973819
"ogl(plate)",0.862886486486486,3212.4812909534,2096.59542525665,4788.73018657412
"ogl(plate)",0.873135135135135,3195.94643867659,2083.46467698297,4774.03282697819
"ogl(plate)",0.883383783783784,3182.62686078595,2073.15749432338,4757.39739556427
"ogl(plate)",0.893632432432432,3169.73821670303,2063.91283419556,4742.85691235238
"ogl(plate)",0.903881081081081,3156.5058673765,2053.43346608885,4729.11001304998
"ogl(plate)",0.91412972972973,3144.75639564036,2042.21797485534,4712.90141163294
"ogl(plate)",0.924378378378378,3133.56188412478,2033.91926454542,4699.82076779559
"ogl(plate)",0.934627027027027,3122.52657814,2024.80637656125,4687.52500987706
"ogl(plate)",0.944875675675676,3111.97279459423,2016.22609288253,4673.46720995137
"ogl(plate)",0.955124324324324,3101.76676510905,2008.49671351498,4661.76985207946
"ogl(plate)",0.965372972972973,3093.35126099543,2001.22803843872,4650.68093873739
"ogl(plate)",0.975621621621622,3083.73967285712,1992.49480960229,4640.08881614531
"ogl(plate)",0.98587027027027,3076.51750578965,1986.07216098705,4630.48653821265
"ogl(plate)",0.996118918918919,3068.24053389358,1980.60704319894,4621.65690764765
"ogl(plate)",1.00636756756757,3060.23477579214,1975.51252850541,4611.13400826168
"ogl(plate)",1.01661621621622,3053.71148347105,1969.73128884511,4602.10994784542
"ogl(plate)",1.02686486486486,3046.8382274569,1962.50833756743,4593.6895456751
"ogl(plate)",1.03711351351351,3040.30258631184,1955.09487688861,4586.62087123883
"ogl(plate)",1.04736216216216,3034.0883241084,1949.03321450828,4579.03888994858
"ogl(plate)",1.05761081081081,3028.46882289996,1945.83525407077,4572.03895974797
"ogl(plate)",1.06785945945946,3022.40745288265,1941.27454935626,4564.57650673041
"ogl(plate)",1.07810810810811,3016.91402933163,1936.20381089124,4558.16221725532
"ogl(plate)",1.08835675675676,3011.22842095669,1931.24083828453,4551.64032104228
"ogl(plate)",1.09860540540541,3005.56029776162,1926.48136932742,4546.16778487198
"ogl(plate)",1.10885405405405,3000.06734579965,1921.65368397263,4540.92112647144
"ogl(plate)",1.1191027027027,2995.21996482917,1917.53303270148,4535.8543073408
"ogl(plate)",1.12935135135135,2991.06337777939,1913.15111539874,4530.80592643135
"ogl(plate)",1.1396,2986.08376666374,1907.66476612411,4525.9538214904
"ogl(plate)",1.14984864864865,2981.67487904287,1903.37426361861,4521.05498850964
"ogl(plate)",1.1600972972973,2977.03574594645,1900.20141261975,4516.77820371195
"ogl(plate)",1.17034594594595,2972.79665466192,1897.17688337677,4512.46131419178
"ogl(plate)",1.18059459459459,2968.75469997697,1893.91617179318,4508.30654160204
"ogl(plate)",1.19084324324324,2965.07436750374,1890.6298296957,4504.30647005553
"ogl(plate)",1.20109189189189,2961.19938821243,1887.25544002363,4500.45408257431
"ogl(plate)",1.21134054054054,2958.12011586098,1884.91161746591,4496.74273647772
"ogl(plate)",1.22158918918919,2954.74932748876,1881.94233937897,4493.16050896234
"ogl(plate)",1.23183783783784,2951.99150579968,1879.08173720222,4489.68828540861
"ogl(plate)",1.24208648648649,2948.81081048239,1876.34368036911,4485.97318951007
"ogl(plate)",1.25233513513514,2946.03800474704,1873.70729626659,4482.07244546198
"ogl(plate)",1.26258378378378,2943.1403528423,1871.15883230237,4478.30985135469
"ogl(plate)",1.27283243243243,2940.61809823719,1868.671779133,4474.67945297504
"ogl(plate)",1.28308108108108,2938.19181723039,1866.27215296519,4471.17559773865
"ogl(plate)",1.29332972972973,2935.59482330145,1863.95621918376,4467.79291716715
"ogl(plate)",1.30357837837838,2933.26671726745,1861.74259466643,4464.52631051151
"ogl(plate)",1.31382702702703,2931.28559437898,1859.61338908993,4461.37092943842
"ogl(plate)",1.32407567567568,2928.70737862472,1857.60672082727,4458.32216370286
"ogl(plate)",1.33432432432432,2926.67188626618,1856.24869073802,4455.74337125393
"ogl(plate)",1.34457297297297,2924.18388112346,1854.93883178018,4453.40001652155
"ogl(plate)",1.35482162162162,2922.06748130877,1853.42813747355,4451.13585867146
"ogl(plate)",1.36507027027027,2920.0732829783,1851.18784983539,4449.11308768974
"ogl(plate)",1.37531891891892,2918.22599558483,1849.52773288109,4447.56876513244
"ogl(plate)",1.38556756756757,2916.04390758121,1847.39941153821,4446.07634568863
"ogl(plate)",1.39581621621622,2913.79139539384,1845.31320949427,4444.63288333078
"ogl(plate)",1.40606486486486,2911.80774429258,1843.30210285473,4443.23546787887
"ogl(plate)",1.41631351351351,2910.11967924916,1841.9965293167,4441.88400530529
"ogl(plate)",1.42656216216216,2908.3286272387,1840.84257505427,4440.57666820645
"ogl(plate)",1.43681081081081,2906.60801100949,1839.67345707699,4439.31169840128
"ogl(plate)",1.44705945945946,2904.91322663265,1838.74617594358,4438.08484407873
"ogl(plate)",1.45730810810811,2903.28467188884,1837.84882072584,4435.88778393317
"ogl(plate)",1.46755675675676,2901.71818602054,1836.91326746976,4433.35305944333
"ogl(plate)",1.47780540540541,2900.19298997258,1835.66405263191,4430.89284042459
"ogl(plate)",1.48805405405405,2898.69228006707,1834.45254603424,4429.19040903349
"ogl(plate)",1.4983027027027,2897.20555248188,1833.25039875587,4428.22527823678
"ogl(plate)",1.50855135135135,2895.65791842844,1831.99209056162,4427.29032839845
"ogl(plate)",1.5188,2894.11075922036,1830.77500558097,4426.3844201811
"ogl(plate)",1.52904864864865,2892.89287998676,1829.56893267613,4425.14638637382
"ogl(plate)",1.5392972972973,2891.74227669864,1828.4867543951,4423.71563529488
"ogl(plate)",1.54954594594595,2890.66595078469,1827.81442056288,4422.3159684393
"ogl(plate)",1.55979459459459,2889.58592465649,1826.95900367348,4420.95674513356
"ogl(plate)",1.57004324324324,2888.55026290736,1826.00154122967,4419.63654253078
"ogl(plate)",1.58029189189189,2887.54447126847,1825.07130308556,4418.35399666842
"ogl(plate)",1.59054054054054,2886.40811138465,1823.78833293109,4417.10779967078
"ogl(plate)",1.60078918918919,2885.39298509177,1822.53954966349,4415.89669710132
"ogl(plate)",1.61103783783784,2884.506774268,1821.32571109554,4414.71490881117
"ogl(plate)",1.62128648648649,2883.58018434439,1820.24056891074,4413.56149613275
"ogl(plate)",1.63153513513514,2882.68290029082,1819.33521996472,4412.43994168507
"ogl(plate)",1.64178378378378,2881.82508752204,1818.45464494543,4411.34917366243
"ogl(plate)",1.65203243243243,2881.08102309144,1817.608923031,4410.27531679941
"ogl(plate)",1.66228108108108,2880.43989014763,1816.78636711253,4408.98237641228
"ogl(plate)",1.67252972972973,2879.81658709407,1815.98592036897,4407.72338697029
"ogl(plate)",1.68277837837838,2879.210513291,1815.38302128901,4406.4972571278
"ogl(plate)",1.69302702702703,2878.58665728521,1814.80343920528,4405.56142392908
"ogl(plate)",1.70327567567568,2877.93006529976,1814.23964064199,4404.75575149567
"ogl(plate)",1.71352432432432,2877.23053855509,1813.6911046595,4403.97165990638
"ogl(plate)",1.72377297297297,2876.54085076415,1813.15733048315,4403.20844718943
"ogl(plate)",1.73402162162162,2875.6676594426,1812.63783660907,4402.46543818888
"ogl(plate)",1.74427027027027,2874.81698862963,1812.13215995462,4401.74198338993
"ogl(plate)",1.75451891891892,2874.04706508743,1811.63985505093,4401.03745780217
"ogl(plate)",1.76476756756757,2873.24484862654,1811.16049327537,4400.35125989759
"ogl(plate)",1.77501621621622,2872.52932975002,1810.6936621216,4399.62705009249
"ogl(plate)",1.78526486486486,2871.91690013163,1810.23930343436,4398.88303570837
"ogl(plate)",1.79551351351351,2871.35175822981,1809.79773249306,4398.15773156968
"ogl(plate)",1.80576216216216,2870.82907073167,1809.27505636872,4397.45056437875
"ogl(plate)",1.81601081081081,2870.32945327822,1808.61563448085,4396.76098151773
"ogl(plate)",1.82625945945946,2869.75380947668,1807.97218047166,4396.08845019162
"ogl(plate)",1.83650810810811,2869.13481949059,1807.3442213223,4395.43245661131
"ogl(plate)",1.84675675675676,2868.68468297881,1806.73130055581,4394.79250521462
"ogl(plate)",1.85700540540541,2868.24824687565,1806.13297757115,4394.16811792341
"ogl(plate)",1.86725405405405,2867.77508637921,1805.55057090879,4393.55883343479
"ogl(plate)",1.8775027027027,2867.31336331224,1804.98413671615,4392.96420654473
"ogl(plate)",1.88775135135135,2866.86321393143,1804.4309807578,4392.38380750253
"ogl(plate)",1.898,2866.42382346385,1803.89072219498,4391.81722139442
"ogl(plate)",1.90824864864865,2865.99503079995,1803.49733741669,4391.26404755493
"ogl(plate)",1.9184972972973,2865.57652544209,1803.23859267065,4390.72084326307
"ogl(plate)",1.92874594594595,2865.16800758053,1802.98618897759,4390.18952830931
"ogl(plate)",1.93899459459459,2864.76918767131,1802.74549969379,4389.6705838177
"ogl(plate)",1.94924324324324,2864.37978603299,1802.51191231561,4389.163658663
"ogl(plate)",1.95949189189189,2863.96973864167,1802.28397907177,4388.66841345875
"ogl(plate)",1.96974054054054,2863.62816586018,1802.06153459641,4388.1845201063
"ogl(plate)",1.97998918918919,2863.26543389053,1801.84441918518,4387.71166136319
"ogl(plate)",1.99023783783784,2862.91109263221,1801.63247857336,4387.24953043032
"ogl(plate)",2.00048648648649,2862.56490626219,1801.42556372392,4386.79783055668
"ogl(plate)",2.01073513513513,2862.18976789592,1801.2235306248,4386.35627466114
"ogl(plate)",2.02098378378378,2861.80574604897,1800.96087544097,4385.92458497017
"ogl(plate)",2.03123243243243,2861.4301955858,1800.63329475192,4385.50249267093
"ogl(plate)",2.04148108108108,2861.06288825228,1800.31300073156,4385.08973757897
"ogl(plate)",2.05172972972973,2860.70360304786,1799.99979592902,4384.68606781983
"ogl(plate)",2.06197837837838,2860.35212596038,1799.73096053591,4384.29123952389
"ogl(plate)",2.07222702702703,2860.0082497118,1799.56223579872,4383.90501653389
"ogl(plate)",2.08247567567568,2859.67177351435,1799.39733400112,4383.52717012449
"ogl(plate)",2.09272432432432,2859.34250283672,1799.23615034007,4383.12074788007
"ogl(plate)",2.10297297297297,2859.03829099043,1799.07858337926,4382.70511884637
"ogl(plate)",2.11322162162162,2858.75840643191,1798.92453492516,4382.29827912161
"ogl(plate)",2.12347027027027,2858.48449841779,1798.77390990841,4381.90000156181
"ogl(plate)",2.13371891891892,2858.21641138885,1798.61095865916,4381.51006594957
"ogl(plate)",2.14396756756757,2857.95399455494,1798.37185459763,4381.12825875091
"ogl(plate)",2.15421621621622,2857.69710172694,1798.13847321179,4380.75437288183
"ogl(plate)",2.16446486486486,2857.44559115536,1797.90994958193,4380.38820748398
"ogl(plate)",2.17471351351351,2857.19932537533,1797.68616030977,4380.02956770929
"ogl(plate)",2.18496216216216,2856.95817105773,1797.46698569237,4379.67826451285
"ogl(plate)",2.19521081081081,2856.72199886611,1797.25230959493,4379.33411445403
"ogl(plate)",2.20545945945946,2856.49068331928,1797.04201932834,4378.99693950515
"ogl(plate)",2.21570810810811,2856.26410265913,1796.81498439888,4378.66656686765
"ogl(plate)",2.22595675675676,2856.04213872368,1796.54173589869,4378.34282879523
"ogl(plate)",2.2362054054054,2855.8256273341,1796.27387424417,4378.02556242381
"ogl(plate)",2.24645405405405,2855.65316850792,1796.01126927666,4377.71460960789
"ogl(plate)",2.2567027027027,2855.48426217055,1795.805090676,4377.40981676324
"ogl(plate)",2.26695135135135,2855.31881949553,1795.66895408204,4377.11103471532
"ogl(plate)",2.2772,2855.15675426508,1795.53639654731,4376.81811855359
"ogl(plate)",2.28744864864865,2854.99798278227,1795.40650879861,4376.53092749114
"ogl(plate)",2.2976972972973,2854.84242378642,1795.27922546324,4376.24932472957
"ogl(plate)",2.30794594594595,2854.68999837178,1795.15448305074,4375.9731773289
"ogl(plate)",2.31819459459459,2854.54062990915,1795.00320458788,4375.70235608226
"ogl(plate)",2.32844324324324,2854.39700209459,1794.89078312439,4375.43673539513
"ogl(plate)",2.33869189189189,2854.27215012387,1794.78057031513,4375.17619316914
"ogl(plate)",2.34894054054054,2854.14979488018,1794.67251337328,4374.92061068989
"ogl(plate)",2.35918918918919,2854.02094580586,1794.5610027825,4374.66987251903
"ogl(plate)",2.36943783783784,2853.87559054933,1794.44898274856,4374.42386639013
"ogl(plate)",2.37968648648649,2853.73306364839,1794.33913034386,4374.18248310826
"ogl(plate)",2.38993513513513,2853.59329822819,1794.23139455785,4373.94561645331
"ogl(plate)",2.40018378378378,2853.45622927259,1794.12572579191,4373.71316308656
"ogl(plate)",2.41043243243243,2853.32226732982,1794.02207581453,4373.48502246073
"ogl(plate)",2.42068108108108,2853.19970417803,1793.92039771795,4373.2610967331
"ogl(plate)",2.43092972972973,2853.07948562829,1793.82064587649,4373.04129068176
"ogl(plate)",2.44117837837838,2852.96155721957,1793.72277590626,4372.8255116247
"ogl(plate)",2.45142702702703,2852.84586597718,1793.62674462637,4372.61366934184
"ogl(plate)",2.46167567567568,2852.6704416916,1793.53251002145,4372.40567599969
"ogl(plate)",2.47192432432432,2852.48717676261,1793.44003120555,4372.20144607862
"ogl(plate)",2.48217297297297,2852.31337593995,1793.34926838723,4372.02462857838
"ogl(plate)",2.49242162162162,2852.19051614291,1793.26018283591,4371.89610659946
"ogl(plate)",2.50267027027027,2852.06990523708,1793.17273684941,4371.76993067476
"ogl(plate)",2.51291891891892,2851.95149309984,1793.08689372254,4371.64604863388
"ogl(plate)",2.52316756756757,2851.83523092369,1793.00261771685,4371.52440967269
"ogl(plate)",2.53341621621622,2851.72107117664,1792.91987403134,4371.40496431219
"ogl(plate)",2.54366486486486,2851.60896756384,1792.83862877427,4371.28766435878
"ogl(plate)",2.55391351351351,2851.51775537469,1792.75884893581,4371.17246286585
"ogl(plate)",2.56416216216216,2851.43400104042,1792.68050236169,4371.05931409671
"ogl(plate)",2.57441081081081,2851.35176260366,1792.60355772776,4370.94817348873
"ogl(plate)",2.58465945945946,2851.27100674853,1792.52798451533,4370.83899761867
"ogl(plate)",2.59490810810811,2851.19170101954,1792.45375298737,4370.73174416922
"ogl(plate)",2.60515675675676,2851.09973174764,1792.38083416556,4370.62637189658
"ogl(plate)",2.6154054054054,2851.00479776207,1792.30919980799,4370.52284059918
"ogl(plate)",2.62565405405405,2850.89670371286,1792.23882238769,4370.42111108736
"ogl(plate)",2.6359027027027,2850.79047617378,1792.16967507183,4370.32114515412
"ogl(plate)",2.64615135135135,2850.68607584288,1792.10173170162,4370.22290554677
"ogl(plate)",2.6564,2850.5834643935,1792.03496677282,4370.12635593951
"ogl(plate)",2.66664864864865,2850.48260444646,1791.96935541697,4370.03146090695
"ogl(plate)",2.6768972972973,2850.37300672279,1791.90487338313,4369.93818589839
"ogl(plate)",2.68714594594595,2850.25840089987,1791.8414970203,4369.84649721304
"ogl(plate)",2.69739459459459,2850.14449170878,1791.77920326035,4369.75636197595
"ogl(plate)",2.70764324324324,2850.03492516641,1791.71796960151,4369.66774811474
"ogl(plate)",2.71789189189189,2849.94177090203,1791.65777409239,4369.58062433707
"ogl(plate)",2.72814054054054,2849.85017479833,1791.59859531653,4369.49496010882
"ogl(plate)",2.73838918918919,2849.76010507941,1791.54041237739,4369.41072563299
"ogl(plate)",2.74863783783784,2849.67153073301,1791.48320488389,4369.32789182919
"ogl(plate)",2.75888648648649,2849.58442148938,1791.42695293631,4369.24643031384
"ogl(plate)",2.76913513513513,2849.49870562149,1791.37163711271,4369.166313381
"ogl(plate)",2.77938378378378,2849.39636423102,1791.31723845575,4369.0875139837
"ogl(plate)",2.78963243243243,2849.29566327593,1791.2637384599,4369.01000571598
"ogl(plate)",2.79988108108108,2849.19657057748,1791.2111190591,4368.93376279537
"ogl(plate)",2.81012972972973,2849.09905470271,1791.15936261472,4368.85876004597
"ogl(plate)",2.82037837837838,2849.00308494454,1791.10845190396,4368.78497288208
"ogl(plate)",2.83062702702703,2848.90863130242,1791.05837010861,4368.7123772922
"ogl(plate)",2.84087567567568,2848.82479757174,1791.00910080408,4368.64094982369
"ogl(plate)",2.85112432432432,2848.7441725795,1790.96062794882,4368.57066756777
"ogl(plate)",2.86137297297297,2848.66481388831,1790.91293587411,4368.50150814501
"ogl(plate)",2.87162162162162,2848.58669717595,1790.86600927401,4368.43344969128
"ogl(plate)",2.88187027027027,2848.50979867186,1790.81983319579,4368.36647084409
"ogl(plate)",2.89211891891892,2848.43409514279,1790.7743930305,4368.30055072935
"ogl(plate)",2.90236756756757,2848.35956387879,1790.73023018166,4368.23566894854
"ogl(plate)",2.91261621621622,2848.28618267959,1790.68695552319,4368.17180556623
"ogl(plate)",2.92286486486486,2848.21392984147,1790.6443642027,4368.10894109801
"ogl(plate)",2.93311351351351,2848.14114644548,1790.60244309016,4368.04705649871
"ogl(plate)",2.94336216216216,2848.0665970486,1790.56117935246,4367.98613315107
"ogl(plate)",2.95361081081081,2847.99067546697,1790.52056044569,4367.92615285463
"ogl(plate)",2.96385945945946,2847.89242397963,1790.48057410768,4367.86709781502
"ogl(plate)",2.97410810810811,2847.80968686071,1790.4412083507,4367.80895063352
"ogl(plate)",2.98435675675676,2847.72989280259,1790.4024514544,4367.75169429697
"ogl(plate)",2.9946054054054,2847.65128235742,1790.36429195899,4367.69531216792
"ogl(plate)",3.00485405405405,2847.57383400737,1790.32671865854,4367.63978797507
"ogl(plate)",3.0151027027027,2847.49752669728,1790.28972059454,4367.58510580404
"ogl(plate)",3.02535135135135,2847.42233982326,1790.2532870496,4367.53125008833
"ogl(plate)",3.0356,2847.34825322147,1790.2174075414,4367.47820560058
"ogl(plate)",3.04584864864865,2847.27524715733,1790.18207181669,4367.42595744408
"ogl(plate)",3.0560972972973,2847.20330231492,1790.1472698456,4367.37449104451
"ogl(plate)",3.06634594594595,2847.13239978679,1790.11299181602,4367.3237921419
"ogl(plate)",3.07659459459459,2847.06252106398,1790.07922812816,4367.2683528559
"ogl(plate)",3.08684324324324,2846.99364802629,1790.0459693893,4367.20331153619
"ogl(plate)",3.09709189189189,2846.92576293293,1790.01320640859,4367.13922112522
"ogl(plate)",3.10734054054054,2846.8588484133,1789.98093019216,4367.07606464272
"ogl(plate)",3.11758918918919,2846.7928874581,1789.94913193816,4367.01382546627
"ogl(plate)",3.12783783783784,2846.72786341066,1789.91780303214,4366.95248732254
"ogl(plate)",3.13808648648649,2846.66375995851,1789.88693504239,4366.89203427891
"ogl(plate)",3.14833513513513,2846.60531418512,1789.85651971555,4366.83245073523
"ogl(plate)",3.15858378378378,2846.54898116034,1789.82654897222,4366.77372141583
"ogl(plate)",3.16883243243243,2846.49344411793,1789.79701490277,4366.71583136175
"ogl(plate)",3.17908108108108,2846.43868928968,1789.76790976324,4366.65876592318
"ogl(plate)",3.18932972972973,2846.38470318884,1789.73922597132,4366.6025107521
"ogl(plate)",3.19957837837838,2846.33147260351,1789.71095610254,4366.54705179513
"ogl(plate)",3.20982702702703,2846.27898459014,1789.68309288641,4366.49237528654
"ogl(plate)",3.22007567567567,2846.22722646733,1789.6556292028,4366.43846774149
"ogl(plate)",3.23032432432432,2846.17618580961,1789.62855807836,4366.3853159494
"ogl(plate)",3.24057297297297,2846.12585044156,1789.60187268304,4366.33290696758
"ogl(plate)",3.25082162162162,2846.07620843196,1789.57556632667,4366.28122811492
"ogl(plate)",3.26107027027027,2846.02724808817,1789.54963245571,4366.23026696581
"ogl(plate)",3.27131891891892,2845.97895795064,1789.52406465004,4366.18001134424
"ogl(plate)",3.28156756756757,2845.93132678749,1789.49885661981,4366.13044931799
"ogl(plate)",3.29181621621622,2845.88434358938,1789.47400220241,4366.08156919305
"ogl(plate)",3.30206486486486,2845.83799756436,1789.44949535953,4366.03335950808
"ogl(plate)",3.31231351351351,2845.79227813296,1789.42533017425,4365.98580902916
"ogl(plate)",3.32256216216216,2845.74717492334,1789.40150084825,4365.93890674449
"ogl(plate)",3.33281081081081,2845.70267776662,1789.37800169909,4365.89264185945
"ogl(plate)",3.34305945945946,2845.65877669225,1789.35482715751,4365.84700379156
"ogl(plate)",3.35330810810811,2845.61546192361,1789.33197176486,4365.80198216575
"ogl(plate)",3.36355675675676,2845.57272387363,1789.30943017059,4365.75756680963
"ogl(plate)",3.3738054054054,2845.53055314055,1789.28719712977,4365.71374774896
"ogl(plate)",3.38405405405405,2845.48894050379,1789.26526750067,4365.67051520319
"ogl(plate)",3.3943027027027,2845.45858818161,1789.24363624248,4365.62785958113
"ogl(plate)",3.40455135135135,2845.43068052294,1789.22229841298,4365.58577147674
"ogl(plate)",3.4148,2845.4031429432,1789.20124916636,4365.54424166499
"ogl(plate)",3.42504864864865,2845.37596944028,1789.18048375104,4365.50326109786
"ogl(plate)",3.4352972972973,2845.34915412703,1789.15999750756,4365.46282090041
"ogl(plate)",3.44554594594595,2845.32269122873,1789.13978586654,4365.42291236702
"ogl(plate)",3.45579459459459,2845.29657508064,1789.11984434666,4365.3835269576
"ogl(plate)",3.46604324324324,2845.27080012557,1789.10016855272,4365.34465629401
"ogl(plate)",3.47629189189189,2845.24536091151,1789.08075417375,4365.30629215648
"ogl(plate)",3.48654054054054,2845.22025208938,1789.06159698111,4365.26842648022
"ogl(plate)",3.49678918918919,2845.19546841074,1789.04269282673,4365.23105135201
"ogl(plate)",3.50703783783784,2845.17100472566,1789.02403764134,4365.19415900693
"ogl(plate)",3.51728648648649,2845.14685598052,1789.00562743269,4365.15774182517
"ogl(plate)",3.52753513513513,2845.12301721602,1788.98745828396,4365.12179232887
"ogl(plate)",3.53778378378378,2845.09948356508,1788.96952635207,4365.08630317912
"ogl(plate)",3.54803243243243,2845.0762502509,1788.95182786606,4365.05126717295
"ogl(plate)",3.55828108108108,2845.05331258502,1788.93435912562,4365.01667724046
"ogl(plate)",3.56852972972973,2845.03066596543,1788.91711649946,4364.98252644196
"ogl(plate)",3.57877837837838,2845.00830587476,1788.90009642392,4364.9488079652
"ogl(plate)",3.58902702702703,2844.98622787844,1788.88329540147,4364.91551512273
"ogl(plate)",3.59927567567567,2844.964427623,1788.86670999932,4364.8826413492
"ogl(plate)",3.60952432432432,2844.94290083434,1788.85033684802,4364.85018019883
"ogl(plate)",3.61977297297297,2844.92164331603,1788.83417264015,4364.81812534288
"ogl(plate)",3.63002162162162,2844.90065094775,1788.81821412898,4364.79983750254
"ogl(plate)",3.64027027027027,2844.87991968364,1788.8024581272,4364.78680276618
"ogl(plate)",3.65051891891892,2844.85944555078,1788.78690150566,4364.77393805086
"ogl(plate)",3.66076756756757,2844.83922464768,1788.77154119215,4364.7612406707
"ogl(plate)",3.67101621621622,2844.81925314275,1788.75637417024,4364.74870798961
"ogl(plate)",3.68126486486486,2844.79952727293,1788.74139747806,4364.73633742021
"ogl(plate)",3.69151351351351,2844.78004334221,1788.72660820722,4364.72412642284
"ogl(plate)",3.70176216216216,2844.76079772032,1788.71200350166,4364.71207250451
"ogl(plate)",3.71201081081081,2844.7417868413,1788.69758055657,4364.70017321791
"ogl(plate)",3.72225945945946,2844.72300720226,1788.68333661737,4364.68842616052
"ogl(plate)",3.73250810810811,2844.70445536207,1788.66926897863,4364.67682897356
"ogl(plate)",3.74275675675676,2844.68612794008,1788.65537498308,4364.66537934119
"ogl(plate)",3.7530054054054,2844.66802161493,1788.64165202064,4364.65407498952
"ogl(plate)",3.76325405405405,2844.65013312334,1788.62809752743,4364.6429136858
"ogl(plate)",3.7735027027027,2844.63245925892,1788.61470898482,4364.63189323755
"ogl(plate)",3.78375135135135,2844.61499687107,1788.60148391857,4364.62101149169
"ogl(plate)",3.794,2844.5977428638,1788.58841989787,4364.6102663338
"ogl(plate)",3.80424864864865,2844.58069419471,1788.57551453447,4364.59965568725
"ogl(plate)",3.8144972972973,2844.56384787385,1788.56276548187,4364.58917751247
"ogl(plate)",3.82474594594595,2844.54720096274,1788.55017043442,4364.5788298062
"ogl(plate)",3.83499459459459,2844.5307505733,1788.53772712654,4364.5686106007
"ogl(plate)",3.84524324324324,2844.51449386688,1788.52543333192,4364.55851796307
"ogl(plate)",3.85549189189189,2844.49842805328,1788.5132868627,4364.54854999452
"ogl(plate)",3.86574054054054,2844.48756888608,1788.50128556876,4364.5387048297
"ogl(plate)",3.87598918918919,2844.47750967528,1788.48942733692,4364.528980636
"ogl(plate)",3.88623783783784,2844.46757202055,1788.47771009026,4364.51937561291
"ogl(plate)",3.89648648648649,2844.45775413778,1788.46613178734,4364.50988799138
"ogl(plate)",3.90673513513513,2844.44805427368,1788.45469042157,4364.50051603315
"ogl(plate)",3.91698378378378,2844.4384707051,1788.44338402049,4364.49125803019
"ogl(plate)",3.92723243243243,2844.42900173849,1788.43221064511,4364.48211230406
"ogl(plate)",3.93748108108108,2844.4196457093,1788.42116838924,4364.47307720532
"ogl(plate)",3.94772972972973,2844.41040098139,1788.41025537888,4364.46415111299
"ogl(plate)",3.95797837837838,2844.40063918513,1788.39946977158,4364.45533243396
"ogl(plate)",3.96822702702703,2844.38698764228,1788.38880975583,4364.44661960242
"ogl(plate)",3.97847567567567,2844.37349391454,1788.37827355047,4364.43801107937
"ogl(plate)",3.98872432432432,2844.36015577796,1788.36785940407,4364.42950535206
"ogl(plate)",3.99897297297297,2844.34697104553,1788.35756559441,4364.42110093352
"ogl(plate)",4.00922162162162,2844.33393756649,1788.34739042791,4364.41279636197
"ogl(plate)",4.01947027027027,2844.32105322559,1788.33733223903,4364.40459020042
"ogl(plate)",4.02971891891892,2844.30831594249,1788.32738938982,4364.39648103615
"ogl(plate)",4.03996756756757,2844.29572367103,1788.3175602693,4364.38846748022
"ogl(plate)",4.05021621621622,2844.28327439862,1788.30784329303,4364.38054816706
"ogl(plate)",4.06046486486486,2844.2709661456,1788.29823690258,4364.37272175397
"ogl(plate)",4.07071351351351,2844.2587969646,1788.28873956501,4364.36498692071
"ogl(plate)",4.08096216216216,2844.24676493996,1788.27934977242,4364.35734236907
"ogl(plate)",4.09121081081081,2844.23486818714,1788.27006604149,4364.34978682242
"ogl(plate)",4.10145945945946,2844.2231048521,1788.26088691299,4364.34231902533
"ogl(plate)",4.11170810810811,2844.21147311078,1788.25181095135,4364.33493774315
"ogl(plate)",4.12195675675676,2844.19997116848,1788.24283674418,4364.32764176162
"ogl(plate)",4.13220540540541,2844.1885972594,1788.23396290193,4364.32042988648
"ogl(plate)",4.14245405405405,2844.17734964603,1788.22518805735,4364.3133009431
"ogl(plate)",4.1527027027027,2844.16622661866,1788.21651086516,4364.3062537761
"ogl(plate)",4.16295135135135,2844.15522649487,1788.20793000161,4364.29928724899
"ogl(plate)",4.1732,2844.14434761903,1788.1994441641,4364.29240024383
"ogl(plate)",4.18344864864865,2844.13358836177,1788.19105207079,4364.28559166087
"ogl(plate)",4.1936972972973,2844.12294711958,1788.18275246017,4364.27886041819
"ogl(plate)",4.20394594594595,2844.11242231426,1788.17454409079,4364.27220545142
"ogl(plate)",4.21419459459459,2844.1020123925,1788.16642574079,4364.26562571335
"ogl(plate)",4.22444324324324,2844.09171582541,1788.1583962076,4364.25912017368
"ogl(plate)",4.23469189189189,2844.08153110809,1788.15045430759,4364.25268781865
"ogl(plate)",4.24494054054054,2844.07145675922,1788.1425988757,4364.24632765076
"ogl(plate)",4.25518918918919,2844.06149132056,1788.13482876513,4364.24003868848
"ogl(plate)",4.26543783783784,2844.05163335662,1788.12714284699,4364.23381996594
"ogl(plate)",4.27568648648649,2844.04188145422,1788.11954001001,4364.22767053264
"ogl(plate)",4.28593513513513,2844.03223422205,1788.11201916016,4364.22158945318
"ogl(plate)",4.29618378378378,2844.02269029036,1788.10457922043,4364.215575807
"ogl(plate)",4.30643243243243,2844.01324831051,1788.09721913046,4364.20962868807
"ogl(plate)",4.31668108108108,2844.00390695461,1788.08993784626,4364.20374720467
"ogl(plate)",4.32692972972973,2843.99466491519,1788.08273433993,4364.19793047909
"ogl(plate)",4.33717837837838,2843.98552090478,1788.07560759936,4364.1921776474
"ogl(plate)",4.34742702702703,2843.9764736556,1788.06855662797,4364.18648785922
"ogl(plate)",4.35767567567567,2843.9675219192,1788.06158044441,4364.18086027744
"ogl(plate)",4.36792432432432,2843.95866446613,1788.05467808232,4364.175294078
"ogl(plate)",4.37817297297297,2843.94990008558,1788.04784859004,4364.16978844965
"ogl(plate)",4.38842162162162,2843.94122758509,1788.04109103038,4364.16434259373
"ogl(plate)",4.39867027027027,2843.9326457902,1788.03440448034,4364.15895572394
"ogl(plate)",4.40891891891892,2843.92415354415,1788.02778803089,4364.15362706613
"ogl(plate)",4.41916756756757,2843.9157497076,1788.02124078668,4364.14835585808
"ogl(plate)",4.42941621621622,2843.90743315826,1788.01476186588,4364.14314134925
"ogl(plate)",4.43966486486486,2843.89920279066,1788.00835039987,4364.13798280067
"ogl(plate)",4.44991351351351,2843.89105751584,1788.00200553305,4364.13287948462
"ogl(plate)",4.46016216216216,2843.88299626106,1787.99572642261,4364.12783068452
"ogl(plate)",4.47041081081081,2843.87501796952,1787.9895122383,4364.1228356947
"ogl(plate)",4.48065945945946,2843.8671216001,1787.98336216223,4364.1178938202
"ogl(plate)",4.49090810810811,2843.85930612708,1787.97727538866,4364.11300437662
"ogl(plate)",4.50115675675676,2843.85157053988,1787.97125112377,4364.1081666899
"ogl(plate)",4.51140540540541,2843.84391384281,1787.96528858546,4364.10338009614
"ogl(plate)",4.52165405405405,2843.83633505482,1787.95938700319,4364.09864394145
"ogl(plate)",4.5319027027027,2843.82883320923,1787.95354561773,4364.09395758177
"ogl(plate)",4.54215135135135,2843.82140735351,1787.94776368101,4364.08932038269
"ogl(plate)",4.5524,2843.81405654903,1787.9420404559,4364.08473171929
"ogl(plate)",4.56264864864865,2843.80677987084,1787.93637521606,4364.08019097596
"ogl(plate)",4.5728972972973,2843.79957640742,1787.93076724571,4364.07569754628
"ogl(plate)",4.58314594594595,2843.79244526049,1787.92521583951,4364.07125083283
"ogl(plate)",4.59339459459459,2843.78538554472,1787.91972030234,4364.06685024705
"ogl(plate)",4.60364324324324,2843.77839638761,1787.91427994916,4364.06249520906
"ogl(plate)",4.61389189189189,2843.7714769292,1787.90889410482,4364.05818514758
"ogl(plate)",4.62414054054054,2843.76462632188,1787.9035621039,4364.05391949972
"ogl(plate)",4.63438918918919,2843.75784373023,1787.89828329057,4364.04969771085
"ogl(plate)",4.64463783783784,2843.75112833074,1787.89305701839,4364.04551923449
"ogl(plate)",4.65488648648649,2843.74447931169,1787.88788265019,4364.03847065786
"ogl(plate)",4.66513513513513,2843.7378958729,1787.88275955792,4364.03091642937
"ogl(plate)",4.67538378378378,2843.73137722559,1787.87768712246,4364.02343625746
"ogl(plate)",4.68563243243243,2843.72492259214,1787.87266473351,4364.01602925614
"ogl(plate)",4.69588108108108,2843.71853120596,1787.86769178945,4364.00869455197
"ogl(plate)",4.70612972972973,2843.71220231126,1787.86276769717,4364.00143128376
"ogl(plate)",4.71637837837838,2843.70593516292,1787.85789187193,4363.99423860247
"ogl(plate)",4.72662702702703,2843.69972902629,1787.85306373727,4363.98711567092
"ogl(plate)",4.73687567567567,2843.69358317702,1787.84828272482,4363.98006166367
"ogl(plate)",4.74712432432432,2843.68749690092,1787.84354827421,4363.97307576681
"ogl(plate)",4.75737297297297,2843.68146949375,1787.83885983289,4363.96615717776
"ogl(plate)",4.76762162162162,2843.67550026111,1787.83421685608,4363.95930510509
"ogl(plate)",4.77787027027027,2843.66958851825,1787.82961880659,4363.95251876836
"ogl(plate)",4.78811891891892,2843.66373358993,1787.82506515468,4363.94579739792
"ogl(plate)",4.79836756756757,2843.65793481025,1787.82055537802,4363.93914023478
"ogl(plate)",4.80861621621622,2843.65219152253,1787.81608896148,4363.93254653039
"ogl(plate)",4.81886486486486,2843.64650307914,1787.81166539708,4363.9260155465
"ogl(plate)",4.82911351351351,2843.64086884135,1787.80728418386,4363.91954655499
"ogl(plate)",4.83936216216216,2843.63528817923,1787.80294482774,4363.91313883771
"ogl(plate)",4.84961081081081,2843.62976047145,1787.79864684144,4363.90679168634
"ogl(plate)",4.85985945945946,2843.62428510521,1787.79438974439,4363.90050440222
"ogl(plate)",4.87010810810811,2843.61886147605,1787.79017306256,4363.89427629617
"ogl(plate)",4.88035675675676,2843.61348898776,1787.78599632843,4363.88810668842
"ogl(plate)",4.89060540540541,2843.60816705221,1787.78185908083,4363.88199490836
"ogl(plate)",4.90085405405405,2843.60289508926,1787.77776086489,4363.87594029449
"ogl(plate)",4.9111027027027,2843.59767252663,1787.77370123189,4363.86994219423
"ogl(plate)",4.92135135135135,2843.59249879975,1787.7696797392,4363.86399996376
"ogl(plate)",4.9316,2843.58737335168,1787.76569595018,4363.85811296796
"ogl(plate)",4.94184864864865,2843.58229563294,1787.76174943408,4363.8522805802
"ogl(plate)",4.9520972972973,2843.57726510146,1787.75783976595,4363.84650218225
"ogl(plate)",4.96234594594595,2843.5722812224,1787.75396652653,4363.84077716412
"ogl(plate)",4.97259459459459,2843.5673434681,1787.75012930223,4363.83510492397
"ogl(plate)",4.98284324324324,2843.56245131792,1787.74632768494,4363.82948486796
"ogl(plate)",4.99309189189189,2843.55760425814,1787.74256127204,4363.82391641014
"ogl(plate)",5.00334054054054,2843.55280178189,1787.73882966626,4363.81839897232
"ogl(plate)",5.01358918918919,2843.548043389,1787.73513247561,4363.81293198394
"ogl(plate)",5.02383783783784,2843.54332858593,1787.73146931331,4363.807514882
"ogl(plate)",5.03408648648649,2843.53865688565,1787.7278397977,4363.80214711088
"ogl(plate)",5.04433513513513,2843.53402780755,1787.72424355218,4363.79682812227
"ogl(plate)",5.05458378378378,2843.52944087735,1787.72068020509,4363.79155737509
"ogl(plate)",5.06483243243243,2843.52489562696,1787.71714938969,4363.78633433528
"ogl(plate)",5.07508108108108,2843.52039159447,1787.71365074404,4363.78115847579
"ogl(plate)",5.08532972972973,2843.51592832397,1787.71018391097,4363.77602927645
"ogl(plate)",5.09557837837838,2843.51150536551,1787.70674853795,4363.77094622383
"ogl(plate)",5.10582702702703,2843.507122275,1787.70334427709,4363.76590881119
"ogl(plate)",5.11607567567567,2843.50277861412,1787.69997078501,4363.76091653834
"ogl(plate)",5.12632432432432,2843.49847395022,1787.6966277228,4363.75596891157
"ogl(plate)",5.13657297297297,2843.49420785628,1787.69331475597,4363.75106544353
"ogl(plate)",5.14682162162162,2843.48997991077,1787.69003155434,4363.74620565315
"ogl(plate)",5.15707027027027,2843.48578969758,1787.686777792,4363.74138906556
"ogl(plate)",5.16731891891892,2843.481636806,1787.68355314727,4363.73661521197
"ogl(plate)",5.17756756756757,2843.47752083054,1787.68035730259,4363.73188362958
"ogl(plate)",5.18781621621622,2843.47344137095,1787.6771899445,4363.72719386152
"ogl(plate)",5.19806486486486,2843.46939803207,1787.67405076354,4363.72254545676
"ogl(plate)",5.20831351351351,2843.46539042379,1787.67093945423,4363.71793796997
"ogl(plate)",5.21856216216216,2843.46141816098,1787.66785571499,4363.71337096152
"ogl(plate)",5.22881081081081,2843.45748086339,1787.66479924808,4363.70884399733
"ogl(plate)",5.23905945945946,2843.45357815561,1787.66176975956,4363.70435664882
"ogl(plate)",5.24930810810811,2843.44970966697,1787.65876695922,4363.69990849282
"ogl(plate)",5.25955675675676,2843.4458750315,1787.65579056053,4363.6954991115
"ogl(plate)",5.26980540540541,2843.44207388784,1787.65284028059,4363.69112809228
"ogl(plate)",5.28005405405405,2843.43830587917,1787.64991584005,4363.68679502776
"ogl(plate)",5.2903027027027,2843.43457065316,1787.64701696312,4363.68249951565
"ogl(plate)",5.30055135135135,2843.43086786192,1787.64414337746,4363.6782411587
"ogl(plate)",5.3108,2843.42719716187,1787.64129481414,4363.6740195646
"ogl(plate)",5.32104864864865,2843.42355821377,1787.63847100761,4363.66983434593
"ogl(plate)",5.3312972972973,2843.41995068257,1787.63567169566,4363.66568512012
"ogl(plate)",5.34154594594595,2843.41637423742,1787.63289661933,4363.6615715093
"ogl(plate)",5.35179459459459,2843.41282855157,1787.63014552288,4363.65749314031
"ogl(plate)",5.36204324324324,2843.40931330231,1787.62741815379,4363.65344964461
"ogl(plate)",5.37229189189189,2843.40582817094,1787.62471426263,4363.64944065819
"ogl(plate)",5.38254054054054,2843.40237284269,1787.62203360309,4363.64546582153
"ogl(plate)",5.39278918918919,2843.39894700666,1787.6193759319,4363.64152477953
"ogl(plate)",5.40303783783784,2843.39555035579,1787.61674100879,4363.63761718146
"ogl(plate)",5.41328648648649,2843.39218258678,1787.61412859645,4363.63374268086
"ogl(plate)",5.42353513513513,2843.38884340006,1787.61153846049,4363.62990093553
"ogl(plate)",5.43378378378378,2843.38553249972,1787.60897036938,4363.62609160742
"ogl(plate)",5.44403243243243,2843.38224959345,1787.60642409447,4363.62231436264
"ogl(plate)",5.45428108108108,2843.37899439253,1787.60389940986,4363.6185688713
"ogl(plate)",5.46452972972973,2843.37576661174,1787.60139609243,4363.61485480757
"ogl(plate)",5.47477837837838,2843.3725659693,1787.59891392178,4363.61117184952
"ogl(plate)",5.48502702702703,2843.36939218688,1787.59645268018,4363.60751967915
"ogl(plate)",5.49527567567567,2843.36624498951,1787.59401215255,4363.60389798226
"ogl(plate)",5.50552432432432,2843.36312410553,1787.5915921264,4363.60030644846
"ogl(plate)",5.51577297297297,2843.36002926655,1787.58919239184,4363.59674477109
"ogl(plate)",5.52602162162162,2843.35696020743,1787.58681274149,4363.59321264715
"ogl(plate)",5.53627027027027,2843.35391666619,1787.58445297046,4363.58970977729
"ogl(plate)",5.54651891891892,2843.35089838401,1787.58211287636,4363.58623586573
"ogl(plate)",5.55676756756757,2843.34790510516,1787.57979225919,4363.58279062022
"ogl(plate)",5.56701621621622,2843.34493657696,1787.57749092138,4363.57937375198
"ogl(plate)",5.57726486486486,2843.34199254974,1787.57520866769,4363.57598497569
"ogl(plate)",5.58751351351351,2843.33907277682,1787.57294530524,4363.57262400939
"ogl(plate)",5.59776216216216,2843.33617701442,1787.57070064342,4363.56929057447
"ogl(plate)",5.60801081081081,2843.33330502168,1787.56847449392,4363.56598439562
"ogl(plate)",5.61825945945946,2843.33045656057,1787.56626667064,4363.56270520077
"ogl(plate)",5.62850810810811,2843.32763139587,1787.56407698969,4363.55945272105
"ogl(plate)",5.63875675675676,2843.32482929516,1787.56190526937,4363.55622669076
"ogl(plate)",5.64900540540541,2843.32205002871,1787.5597513301,4363.55302684733
"ogl(plate)",5.65925405405405,2843.31929336955,1787.55761499445,4363.54985293125
"ogl(plate)",5.6695027027027,2843.31655909331,1787.55549608704,4363.54670468604
"ogl(plate)",5.67975135135135,2843.31384697828,1787.55339443457,4363.54358185824
"ogl(plate)",5.69,2843.31115680534,1787.55130986578,4363.54048419732
"ogl(plate)",5.70024864864865,2843.30787425565,1787.54924221141,4363.53741145567
"ogl(plate)",5.7104972972973,2843.3043486638,1787.54719130415,4363.53436338857
"ogl(plate)",5.72074594594595,2843.30085112205,1787.54515697867,4363.53133975411
"ogl(plate)",5.73099459459459,2843.29738135754,1787.54313907157,4363.52834031319
"ogl(plate)",5.74124324324324,2843.29393910054,1787.54113742132,4363.52536482949
"ogl(plate)",5.75149189189189,2843.29052408443,1787.53915186828,4363.5224130694
"ogl(plate)",5.76174054054054,2843.28713604563,1787.53718225466,4363.51948480198
"ogl(plate)",5.77198918918919,2843.28377472358,1787.53522842449,4363.51657979897
"ogl(plate)",5.78223783783784,2843.28043986071,1787.53329022359,4363.51369783473
"ogl(plate)",5.79248648648649,2843.27713120234,1787.53136749958,4363.51083868617
"ogl(plate)",5.80273513513513,2843.27384849673,1787.52946010181,4363.50800213279
"ogl(plate)",5.81298378378378,2843.27059149498,1787.52756788136,4363.50518795658
"ogl(plate)",5.82323243243243,2843.26735995101,1787.52569069103,4363.50239594201
"ogl(plate)",5.83348108108108,2843.26415362151,1787.52382838528,4363.49962587603
"ogl(plate)",5.84372972972973,2843.26097226594,1787.52198082027,4363.49687754797
"ogl(plate)",5.85397837837838,2843.25781564647,1787.52014785376,4363.49415074957
"ogl(plate)",5.86422702702703,2843.25468352792,1787.51832934514,4363.49144527491
"ogl(plate)",5.87447567567567,2843.25157567779,1787.5165251554,4363.48876092041
"ogl(plate)",5.88472432432432,2843.24849186615,1787.51473514712,4363.48609748478
"ogl(plate)",5.89497297297297,2843.24543186566,1787.5129591844,4363.48345476899
"ogl(plate)",5.90522162162162,2843.24239545154,1787.51119713292,4363.48083257624
"ogl(plate)",5.91547027027027,2843.23938240148,1787.50944885983,4363.47823071194
"ogl(plate)",5.92571891891892,2843.23639249566,1787.5077142338,4363.4756489837
"ogl(plate)",5.93596756756757,2843.23342551672,1787.50599312498,4363.47308720123
"ogl(plate)",5.94621621621622,2843.23048124969,1787.50428540496,4363.47054517642
"ogl(plate)",5.95646486486486,2843.227559482,1787.50259094679,4363.46802272321
"ogl(plate)",5.96671351351351,2843.22466000341,1787.50090962491,4363.46551965763
"ogl(plate)",5.97696216216216,2843.22178260601,1787.49924131519,4363.46303579773
"ogl(plate)",5.98721081081081,2843.21892708419,1787.49758589487,4363.46057096362
"ogl(plate)",5.99745945945946,2843.21609323459,1787.49594324256,4363.45812497734
"ogl(plate)",6.00770810810811,2843.2132808561,1787.4943132382,4363.45569766294
"ogl(plate)",6.01795675675676,2843.21048974979,1787.49269576308,4363.4532888464
"ogl(plate)",6.02820540540541,2843.20771971893,1787.49109069981,4363.45089835558
"ogl(plate)",6.03845405405405,2843.20497056893,1787.48949793227,4363.44852602029
"ogl(plate)",6.0487027027027,2843.20224210732,1787.48791734566,4363.44617167215
"ogl(plate)",6.05895135135135,2843.19953414374,1787.48634882639,4363.44383514466
"ogl(plate)",6.0692,2843.19684648987,1787.48479226218,4363.44151627311
"ogl(plate)",6.07944864864865,2843.19417895948,1787.48324754193,4363.43921489463
"ogl(plate)",6.0896972972973,2843.19153136831,1787.48171455578,4363.43693084807
"ogl(plate)",6.09994594594595,2843.18890353413,1787.48019319509,4363.43466397407
"ogl(plate)",6.11019459459459,2843.18629527665,1787.47868335236,4363.43241411499
"ogl(plate)",6.12044324324324,2843.18370641755,1787.47718492131,4363.4301811149
"ogl(plate)",6.13069189189189,2843.1811367804,1787.47569779678,4363.42796481954
"ogl(plate)",6.14094054054054,2843.1785861907,1787.47422187477,4363.42576507634
"ogl(plate)",6.15118918918919,2843.17605447579,1787.47275705241,4363.42358173436
"ogl(plate)",6.16143783783784,2843.17354146489,1787.47130322794,4363.42141464429
"ogl(plate)",6.17168648648649,2843.17104698901,1787.46986030069,4363.41926365842
"ogl(plate)",6.18193513513513,2843.16857088099,1787.46842817109,4363.41712863064
"ogl(plate)",6.19218378378378,2843.16611297544,1787.46700674064,4363.41500941637
"ogl(plate)",6.20243243243243,2843.16367310875,1787.4655959119,4363.41290587262
"ogl(plate)",6.21268108108108,2843.16125111901,1787.46419558846,4363.4108178579
"ogl(plate)",6.22292972972973,2843.15884684607,1787.46280567498,4363.40874523222
"ogl(plate)",6.23317837837838,2843.15646013144,1787.4614260771,4363.40668785711
"ogl(plate)",6.24342702702703,2843.15409081832,1787.46005670149,4363.40464559554
"ogl(plate)",6.25367567567567,2843.15173875157,1787.45869745582,4363.40261831196
"ogl(plate)",6.26392432432432,2843.14940377767,1787.45734824873,4363.40060587223
"ogl(plate)",6.27417297297297,2843.14708574474,1787.45600898984,4363.39860814365
"ogl(plate)",6.28442162162162,2843.14478450245,1787.45467958972,4363.3966249949
"ogl(plate)",6.29467027027027,2843.1424999021,1787.4533599599,4363.39465629606
"ogl(plate)",6.30491891891892,2843.14023179651,1787.45205001283,4363.39270191857
"ogl(plate)",6.31516756756757,2843.13798004004,1787.45074966192,4363.39076173523
"ogl(plate)",6.32541621621622,2843.13574448859,1787.44945882145,4363.38883562014
"ogl(plate)",6.33566486486486,2843.13352499954,1787.44817740662,4363.38692344877
"ogl(plate)",6.34591351351351,2843.13132143177,1787.44690533353,4363.38502509784
"ogl(plate)",6.35616216216216,2843.12913364561,1787.44564251916,4363.3831404454
"ogl(plate)",6.36641081081081,2843.12696150284,1787.44438888134,4363.38126937074
"ogl(plate)",6.37665945945946,2843.12480486668,1787.44314433878,4363.37941175442
"ogl(plate)",6.38690810810811,2843.12266360177,1787.44190881104,4363.37756747824
"ogl(plate)",6.39715675675676,2843.12053757411,1787.4406822185,4363.37573642521
"ogl(plate)",6.40740540540541,2843.11842665112,1787.43946448238,4363.37391847958
"ogl(plate)",6.41765405405405,2843.11633070157,1787.43825552474,4363.37211352676
"ogl(plate)",6.4279027027027,2843.11424959556,1787.4370552684,4363.37032145338
"ogl(plate)",6.43815135135135,2843.11218320456,1787.43586363704,4363.36854214721
"ogl(plate)",6.4484,2843.11013140131,1787.43468055507,4363.36677549719
"ogl(plate)",6.45864864864865,2843.10809405988,1787.43350594773,4363.36502139338
"ogl(plate)",6.4688972972973,2843.10607105561,1787.432339741,4363.363279727
"ogl(plate)",6.47914594594595,2843.10406226514,1787.43118186163,4363.36155039036
"ogl(plate)",6.48939459459459,2843.10206756631,1787.43003223714,4363.35983327687
"ogl(plate)",6.49964324324324,2843.10008683826,1787.42889079576,4363.35812828104
"ogl(plate)",6.50989189189189,2843.0981199613,1787.42775746649,4363.35643529844
"ogl(plate)",6.52014054054054,2843.096166817,1787.42663217905,4363.35475422572
"ogl(plate)",6.53038918918919,2843.09422728809,1787.42551486385,4363.35308496057
"ogl(plate)",6.54063783783784,2843.09230125851,1787.42440545203,4363.35142740171
"ogl(plate)",6.55088648648649,2843.09038861335,1787.42330387545,4363.34978144891
"ogl(plate)",6.56113513513513,2843.08848923886,1787.42221006664,4363.34814700292
"ogl(plate)",6.57138378378378,2843.08660302244,1787.42112395881,4363.34652396551
"ogl(plate)",6.58163243243243,2843.08472985262,1787.42004548586,4363.34491223945
"ogl(plate)",6.59188108108108,2843.08286961903,1787.41897458236,4363.34331172847
"ogl(plate)",6.60212972972973,2843.08102221242,1787.41791118353,4363.34172233728
"ogl(plate)",6.61237837837838,2843.07918752462,1787.41685522525,4363.34014397152
"ogl(plate)",6.62262702702703,2843.07736544855,1787.41580664406,4363.33857653782
"ogl(plate)",6.63287567567567,2843.07555587818,1787.41476537711,4363.3370199437
"ogl(plate)",6.64312432432432,2843.07375870854,1787.4137313622,4363.33547409764
"ogl(plate)",6.65337297297297,2843.07197383571,1787.41270453776,4363.333938909
"ogl(plate)",6.66362162162162,2843.07020115679,1787.41168484281,4363.33241428806
"ogl(plate)",6.67387027027027,2843.06844056988,1787.41067221702,4363.33090014599
"ogl(plate)",6.68411891891892,2843.06669197413,1787.40966660061,4363.32939639484
"ogl(plate)",6.69436756756757,2843.06495526965,1787.40866793444,4363.32790294753
"ogl(plate)",6.70461621621622,2843.06323035754,1787.40767615995,4363.32641971784
"ogl(plate)",6.71486486486486,2843.06151713987,1787.40669121914,4363.32494662042
"ogl(plate)",6.72511351351351,2843.05981551969,1787.40571305461,4363.32348357073
"ogl(plate)",6.73536216216216,2843.05812540097,1787.40474160952,4363.32203048508
"ogl(plate)",6.74561081081081,2843.05644668864,1787.40377682758,4363.32058728061
"ogl(plate)",6.75585945945946,2843.05477928856,1787.40281865308,4363.31915387526
"ogl(plate)",6.76610810810811,2843.05312310749,1787.40186703084,4363.31773018778
"ogl(plate)",6.77635675675676,2843.05147805312,1787.40092190623,4363.31631613771
"ogl(plate)",6.78660540540541,2843.04984403402,1787.39998322516,4363.3149116454
"ogl(plate)",6.79685405405405,2843.04822095967,1787.39905093407,4363.31351663194
"ogl(plate)",6.8071027027027,2843.04660874039,1787.39812497992,4363.31213101922
"ogl(plate)",6.81735135135135,2843.04500728742,1787.39720531019,4363.31075472987
"ogl(plate)",6.8276,2843.0434165128,1787.39629187288,4363.30938768728
"ogl(plate)",6.83784864864865,2843.04183632946,1787.39538461649,4363.30802981559
"ogl(plate)",6.8480972972973,2843.04026665117,1787.39448349004,4363.30668103966
"ogl(plate)",6.85834594594595,2843.0387073925,1787.393588443,4363.3053412851
"ogl(plate)",6.86859459459459,2843.03715846886,1787.39269942539,4363.3040104782
"ogl(plate)",6.87884324324324,2843.03561979648,1787.39181638768,4363.30268854599
"ogl(plate)",6.88909189189189,2843.03409129237,1787.39093928082,4363.30137541621
"ogl(plate)",6.89934054054054,2843.03257287435,1787.39006805624,4363.30007101727
"ogl(plate)",6.90958918918919,2843.03106446103,1787.38920266585,4363.29877527827
"ogl(plate)",6.91983783783784,2843.02956597177,1787.38834306201,4363.29748812902
"ogl(plate)",6.93008648648649,2843.02807732673,1787.38748919754,4363.29620949996
"ogl(plate)",6.94033513513513,2843.02659844681,1787.38664102572,4363.29493932222
"ogl(plate)",6.95058378378378,2843.02512925366,1787.38579850027,4363.29367752759
"ogl(plate)",6.96083243243243,2843.02366966969,1787.38496157536,4363.2924240485
"ogl(plate)",6.97108108108108,2843.02221961802,1787.3841302056,4363.29117881801
"ogl(plate)",6.98132972972973,2843.02077902252,1787.38330434602,4363.28994176985
"ogl(plate)",6.99157837837838,2843.01934780777,1787.38248395211,4363.28871283835
"ogl(plate)",7.00182702702703,2843.01792589905,1787.38166897975,4363.28749195847
"ogl(plate)",7.01207567567567,2843.01651322235,1787.38085938525,4363.28627906579
"ogl(plate)",7.02232432432432,2843.01510970437,1787.38005512536,4363.2850740965
"ogl(plate)",7.03257297297297,2843.01371527248,1787.3792561572,4363.28387698739
"ogl(plate)",7.04282162162162,2843.01232985474,1787.37846243832,4363.28268767583
"ogl(plate)",7.05307027027027,2843.01095337987,1787.37767392667,4363.2815060998
"ogl(plate)",7.06331891891892,2843.00958577728,1787.3768905806,4363.28033219785
"ogl(plate)",7.07356756756757,2843.00822697702,1787.37611235885,4363.27916590912
"ogl(plate)",7.08381621621622,2843.00687690979,1787.37533922053,4363.2780071733
"ogl(plate)",7.09406486486486,2843.00553550696,1787.37457112517,4363.27685593067
"ogl(plate)",7.10431351351351,2843.00420270049,1787.37380803265,4363.27571212203
"ogl(plate)",7.11456216216216,2843.00287842302,1787.37304990324,4363.27457568878
"ogl(plate)",7.12481081081081,2843.00156260779,1787.37229669759,4363.27344657282
"ogl(plate)",7.13505945945946,2843.00025518866,1787.37154837669,4363.27232471661
"ogl(plate)",7.14530810810811,2842.99895610011,1787.37080490192,4363.27121006316
"ogl(plate)",7.15555675675676,2842.9976652772,1787.37006623502,4363.27010255599
"ogl(plate)",7.16580540540541,2842.99638265562,1787.36933233807,4363.26900213913
"ogl(plate)",7.17605405405405,2842.99510817164,1787.36860317352,4363.26790875715
"ogl(plate)",7.1863027027027,2842.99384176209,1787.36787870415,4363.26682235514
"ogl(plate)",7.19655135135135,2842.99258336442,1787.3671588931,4363.26574287866
"ogl(plate)",7.2068,2842.99133291663,1787.36644370385,4363.2646702738
"ogl(plate)",7.21704864864865,2842.99009035729,1787.36573310021,4363.26360448714
"ogl(plate)",7.2272972972973,2842.98885562553,1787.36502704633,4363.26254546575
"ogl(plate)",7.23754594594595,2842.98762866104,1787.36432550669,4363.26149315717
"ogl(plate)",7.24779459459459,2842.98640940406,1787.36362844609,4363.26044750945
"ogl(plate)",7.25804324324324,2842.98519779536,1787.36293582967,4363.25940847108
"ogl(plate)",7.26829189189189,2842.98399377626,1787.36224762287,4363.25837599106
"ogl(plate)",7.27854054054054,2842.98279728862,1787.36156379147,4363.25735001881
"ogl(plate)",7.28878918918919,2842.98160827481,1787.36088430153,4363.25633050425
"ogl(plate)",7.29903783783784,2842.98042667772,1787.36020911946,4363.25531739774
"ogl(plate)",7.30928648648649,2842.97925244077,1787.35953821194,4363.25431065007
"ogl(plate)",7.31953513513513,2842.97808550789,1787.35887154599,4363.25331021252
"ogl(plate)",7.32978378378378,2842.9769258235,1787.35820908889,4363.25231603677
"ogl(plate)",7.34003243243243,2842.97577333253,1787.35755080826,4363.25132807495
"ogl(plate)",7.35028108108108,2842.97462798039,1787.35689667198,4363.25034627964
"ogl(plate)",7.36052972972973,2842.97348971302,1787.35624664823,4363.24937060382
"ogl(plate)",7.37077837837838,2842.97235847679,1787.3556007055,4363.2484010009
"ogl(plate)",7.38102702702703,2842.97123421859,1787.35495881253,4363.24743742474
"ogl(plate)",7.39127567567567,2842.97011688577,1787.35432093836,4363.24647982956
"ogl(plate)",7.40152432432432,2842.96900642614,1787.35368705231,4363.24552817003
"ogl(plate)",7.41177297297297,2842.96790278799,1787.35305712399,4363.24458240122
"ogl(plate)",7.42202162162162,2842.96680592007,1787.35243112324,4363.24364247859
"ogl(plate)",7.43227027027027,2842.96571577157,1787.35180902023,4363.24270835801
"ogl(plate)",7.44251891891892,2842.96463229215,1787.35119078534,4363.24177999573
"ogl(plate)",7.45276756756757,2842.96355543189,1787.35057638925,4363.24085734839
"ogl(plate)",7.46301621621622,2842.96248514134,1787.3499658029,4363.23994037304
"ogl(plate)",7.47326486486486,2842.96142137148,1787.34935899748,4363.23902902708
"ogl(plate)",7.48351351351351,2842.9603640737,1787.34875594443,4363.2381232683
"ogl(plate)",7.49376216216216,2842.95931319984,1787.34815661547,4363.23722305487
"ogl(plate)",7.50401081081081,2842.95826870216,1787.34756098255,4363.23632834533
"ogl(plate)",7.51425945945946,2842.95723053334,1787.34696901787,4363.23543909857
"ogl(plate)",7.52450810810811,2842.95619864647,1787.34638069388,4363.23455527386
"ogl(plate)",7.53475675675676,2842.95517299506,1787.34579598329,4363.23367683081
"ogl(plate)",7.5450054054054,2842.95415353301,1787.34521485903,4363.23280372941
"ogl(plate)",7.55525405405405,2842.95314021464,1787.34463729427,4363.23193592998
"ogl(plate)",7.5655027027027,2842.95213299466,1787.34406326242,4363.23107339321
"ogl(plate)",7.57575135135135,2842.95113182817,1787.34349273714,4363.2302160801
"ogl(plate)",7.586,2842.95013667068,1787.34292569231,4363.22936395202
"ogl(plate)",7.59624864864865,2842.94914747806,1787.34236210203,4363.22851697067
"ogl(plate)",7.6064972972973,2842.94816420658,1787.34180194063,4363.22767509809
"ogl(plate)",7.61674594594595,2842.9471868129,1787.34124518268,4363.22683829663
"ogl(plate)",7.62699459459459,2842.94621525402,1787.34069180297,4363.22600652898
"ogl(plate)",7.63724324324324,2842.94524948734,1787.34014177649,4363.22517975817
"ogl(plate)",7.64749189189189,2842.94428947062,1787.33959507846,4363.22435794753
"ogl(plate)",7.65774054054054,2842.94333516199,1787.33905168433,4363.22354106071
"ogl(plate)",7.66798918918919,2842.94238651992,1787.33851156975,4363.22272906167
"ogl(plate)",7.67823783783784,2842.94144350327,1787.33797471057,4363.22192191471
"ogl(plate)",7.68848648648649,2842.94050607122,1787.33744108287,4363.2211195844
"ogl(plate)",7.69873513513513,2842.93957418332,1787.33691066294,4363.22032203564
"ogl(plate)",7.70898378378378,2842.93864779946,1787.33638342725,4363.21952923362
"ogl(plate)",7.71923243243243,2842.93772687988,1787.33585935249,4363.21874114384
"ogl(plate)",7.72948108108108,2842.93681138514,1787.33533841557,4363.21795773209
"ogl(plate)",7.73972972972973,2842.93590127616,1787.33482059355,4363.21717896446
"ogl(plate)",7.74997837837838,2842.93499651418,1787.33430586374,4363.2164048073
"ogl(plate)",7.76022702702703,2842.93409706077,1787.33379420361,4363.2156352273
"ogl(plate)",7.77047567567567,2842.93320287783,1787.33328559083,4363.21487019139
"ogl(plate)",7.78072432432432,2842.93231392759,1787.33278000329,4363.21410966679
"ogl(plate)",7.79097297297297,2842.93143017258,1787.33227741902,4363.21335362103
"ogl(plate)",7.80122162162162,2842.93055157567,1787.33177781628,4363.21260202188
"ogl(plate)",7.81147027027027,2842.92967810002,1787.33128117349,4363.21185483739
"ogl(plate)",7.82171891891892,2842.92880970913,1787.33078746928,4363.2111120359
"ogl(plate)",7.83196756756757,2842.92794636678,1787.33029668243,4363.21037358601
"ogl(plate)",7.84221621621622,2842.92708803706,1787.32980879193,4363.20963945657
"ogl(plate)",7.85246486486486,2842.92623468439,1787.32932377692,4363.2089096167
"ogl(plate)",7.86271351351351,2842.92538627344,1787.32884161675,4363.20818403581
"ogl(plate)",7.87296216216216,2842.92454276923,1787.32836229091,4363.20746268351
"ogl(plate)",7.88321081081081,2842.92370413702,1787.32788577909,4363.20674552973
"ogl(plate)",7.89345945945946,2842.92287034241,1787.32741206115,4363.20603254461
"ogl(plate)",7.90370810810811,2842.92204135125,1787.32694111711,4363.20532369855
"ogl(plate)",7.91395675675676,2842.92121712969,1787.32647292715,4363.2046189622
"ogl(plate)",7.9242054054054,2842.92039764416,1787.32600747164,4363.20391830646
"ogl(plate)",7.93445405405405,2842.91958286138,1787.3255447311,4363.20322170247
"ogl(plate)",7.9447027027027,2842.91877274832,1787.32508468621,4363.20252912161
"ogl(plate)",7.95495135135135,2842.91796727225,1787.32462731784,4363.2018405355
"ogl(plate)",7.9652,2842.9171664007,1787.32417260698,4363.20115591599
"ogl(plate)",7.97544864864865,2842.91637010148,1787.3237205348,4363.20047523518
"ogl(plate)",7.9856972972973,2842.91557834264,1787.32327108264,4363.19979846539
"ogl(plate)",7.99594594594595,2842.91479109252,1787.32282423198,4363.19912557916
"ogl(plate)",8.00619459459459,2842.91400831971,1787.32237996444,4363.19845654929
"ogl(plate)",8.01644324324324,2842.91322999306,1787.32193826182,4363.19779134877
"ogl(plate)",8.02669189189189,2842.91245608167,1787.32149910607,4363.19712995083
"ogl(plate)",8.03694054054054,2842.91168655491,1787.32106247926,4363.19647232891
"ogl(plate)",8.04718918918919,2842.91092138238,1787.32062836365,4363.1958184567
"ogl(plate)",8.05743783783784,2842.91016053395,1787.32019674161,4363.19516830807
"ogl(plate)",8.06768648648649,2842.90940397973,1787.31976759569,4363.19452185711
"ogl(plate)",8.07793513513514,2842.90865169006,1787.31934090855,4363.19387907815
"ogl(plate)",8.08818378378378,2842.90790363554,1787.31891666301,4363.19323994571
"ogl(plate)",8.09843243243243,2842.907159787,1787.31849484205,4363.19260443451
"ogl(plate)",8.10868108108108,2842.90642011551,1787.31807542875,4363.19197251949
"ogl(plate)",8.11892972972973,2842.90568459237,1787.31765840635,4363.19134417581
"ogl(plate)",8.12917837837838,2842.90495318913,1787.31724375825,4363.19071937879
"ogl(plate)",8.13942702702703,2842.90422587756,1787.31683146794,4363.190098104
"ogl(plate)",8.14967567567568,2842.90350262965,1787.31642151909,4363.18948032718
"ogl(plate)",8.15992432432432,2842.90278341762,1787.31601389546,4363.18886602426
"ogl(plate)",8.17017297297297,2842.90206821393,1787.31560858099,4363.18825517139
"ogl(plate)",8.18042162162162,2842.90135699125,1787.31520555971,4363.1876477449
"ogl(plate)",8.19067027027027,2842.90064972246,1787.3148048158,4363.18704372132
"ogl(plate)",8.20091891891892,2842.89994638068,1787.31440633357,4363.18644307735
"ogl(plate)",8.21116756756757,2842.89924693924,1787.31401009745,4363.1858457899
"ogl(plate)",8.22141621621622,2842.89855137167,1787.31361609199,4363.18525183607
"ogl(plate)",8.23166486486486,2842.89785965173,1787.3132243019,4363.18466119311
"ogl(plate)",8.24191351351351,2842.89717175337,1787.31283471196,4363.18407383849
"ogl(plate)",8.25216216216216,2842.89648765077,1787.31244730712,4363.18348974984
"ogl(plate)",8.26241081081081,2842.89580731831,1787.31206207243,4363.18290890499
"ogl(plate)",8.27265945945946,2842.89513073057,1787.31167899306,4363.18233128192
"ogl(plate)",8.28290810810811,2842.89445786233,1787.31129805431,4363.18175685881
"ogl(plate)",8.29315675675676,2842.89378868858,1787.31091924158,4363.181185614
"ogl(plate)",8.3034054054054,2842.8931231845,1787.31054254041,4363.18061752601
"ogl(plate)",8.31365405405405,2842.89246132547,1787.31016793644,4363.18005257354
"ogl(plate)",8.3239027027027,2842.89180308707,1787.30979541543,4363.17949073544
"ogl(plate)",8.33415135135135,2842.89114844507,1787.30942496326,4363.17893199074
"ogl(plate)",8.3444,2842.89049737542,1787.30905656591,4363.17837631863
"ogl(plate)",8.35464864864865,2842.88984985428,1787.30869020948,4363.17782369848
"ogl(plate)",8.3648972972973,2842.889205858,1787.30832588019,4363.17727410981
"ogl(plate)",8.37514594594595,2842.88856536309,1787.30796356435,4363.17672753231
"ogl(plate)",8.38539459459459,2842.88792834626,1787.3076032484,4363.17618394582
"ogl(plate)",8.39564324324324,2842.88729478441,1787.30724491886,4363.17564333035
"ogl(plate)",8.40589189189189,2842.88666465462,1787.30688856239,4363.17510566606
"ogl(plate)",8.41614054054054,2842.88603793413,1787.30653416573,4363.17457093328
"ogl(plate)",8.42638918918919,2842.8854146004,1787.30618171574,4363.17403911248
"ogl(plate)",8.43663783783784,2842.88479463101,1787.30583119938,4363.17351018429
"ogl(plate)",8.44688648648649,2842.88417800376,1787.3054826037,4363.17298412949
"ogl(plate)",8.45713513513513,2842.8835646966,1787.30513591588,4363.17246092902
"ogl(plate)",8.46738378378378,2842.88295468768,1787.30479112318,4363.17194056395
"ogl(plate)",8.47763243243243,2842.88234795527,1787.30444821296,4363.17142301551
"ogl(plate)",8.48788108108108,2842.88174447787,1787.30410717269,4363.17090826508
"ogl(plate)",8.49812972972973,2842.88114423409,1787.30376798993,4363.17039629419
"ogl(plate)",8.50837837837838,2842.88054720275,1787.30343065234,4363.16988708449
"ogl(plate)",8.51862702702703,2842.87995336281,1787.30309514769,4363.1693806178
"ogl(plate)",8.52887567567568,2842.8793626934,1787.30276146382,4363.16887687607
"ogl(plate)",8.53912432432432,2842.87877517381,1787.30242958868,4363.16837584138
"ogl(plate)",8.54937297297297,2842.87819078349,1787.30209951031,4363.16787749598
"ogl(plate)",8.55962162162162,2842.87760950204,1787.30177121685,4363.16738182221
"ogl(plate)",8.56987027027027,2842.87703130925,1787.30144469654,4363.1668888026
"ogl(plate)",8.58011891891892,2842.87645618502,1787.30111993768,4363.16639841977
"ogl(plate)",8.59036756756757,2842.87588410943,1787.30079692868,4363.1659106565
"ogl(plate)",8.60061621621622,2842.87531506272,1787.30047565806,4363.1654254957
"ogl(plate)",8.61086486486487,2842.87474902526,1787.3001561144,4363.1649429204
"ogl(plate)",8.62111351351351,2842.87418597759,1787.29983828637,4363.16446291378
"ogl(plate)",8.63136216216216,2842.87362590037,1787.29952216274,4363.16398545913
"ogl(plate)",8.64161081081081,2842.87306877445,1787.29920773237,4363.16351053987
"ogl(plate)",8.65185945945946,2842.87251458079,1787.29889498419,4363.16303813957
"ogl(plate)",8.66210810810811,2842.87196330052,1787.29858390722,4363.16256824189
"ogl(plate)",8.67235675675676,2842.87141491489,1787.29827449058,4363.16210083064
"ogl(plate)",8.68260540540541,2842.87086940531,1787.29796672346,4363.16163588976
"ogl(plate)",8.69285405405405,2842.87032675332,1787.29766059512,4363.16117340329
"ogl(plate)",8.7031027027027,2842.86978694062,1787.29735609493,4363.1607133554
"ogl(plate)",8.71335135135135,2842.86924994902,1787.29705321233,4363.16025573039
"ogl(plate)",8.7236,2842.8687157605,1787.29675193683,4363.15980051267
"ogl(plate)",8.73384864864865,2842.86818435714,1787.29645225804,4363.15934768676
"ogl(plate)",8.7440972972973,2842.86765572118,1787.29615416563,4363.15889723733
"ogl(plate)",8.75434594594595,2842.86712983499,1787.29585764936,4363.15844914912
"ogl(plate)",8.76459459459459,2842.86660668107,1787.29556269907,4363.15800340703
"ogl(plate)",8.77484324324324,2842.86608624205,1787.29526930467,4363.15755999604
"ogl(plate)",8.78509189189189,2842.86556850069,1787.29497745615,4363.15711890126
"ogl(plate)",8.79534054054054,2842.8650534399,1787.29468714357,4363.15668010792
"ogl(plate)",8.80558918918919,2842.86454104268,1787.29439835708,4363.15624360134
"ogl(plate)",8.81583783783784,2842.86403129218,1787.29411108689,4363.15580936696
"ogl(plate)",8.82608648648649,2842.86352417168,1787.29382532329,4363.15537739034
"ogl(plate)",8.83633513513514,2842.86301966458,1787.29354105665,4363.15494765714
"ogl(plate)",8.84658378378378,2842.8625177544,1787.29325827739,4363.15452015312
"ogl(plate)",8.85683243243243,2842.86201842478,1787.29297697603,4363.15409486416
"ogl(plate)",8.86708108108108,2842.86152165949,1787.29269714315,4363.15367177623
"ogl(plate)",8.87732972972973,2842.86102744242,1787.29241876939,4363.15325087542
"ogl(plate)",8.88757837837838,2842.86053575758,1787.29214184548,4363.15283214792
"ogl(plate)",8.89782702702703,2842.86004658909,1787.29186636221,4363.15241558003
"ogl(plate)",8.90807567567568,2842.8595599212,1787.29159231043,4363.15200115812
"ogl(plate)",8.91832432432432,2842.85907573826,1787.29131968107,4363.1515888687
"ogl(plate)",8.92857297297297,2842.85859402476,1787.29104846513,4363.15117869837
"ogl(plate)",8.93882162162162,2842.85811476528,1787.29077865368,4363.15077063381
"ogl(plate)",8.94907027027027,2842.85763794452,1787.29051023783,4363.15036466182
"ogl(plate)",8.95931891891892,2842.85716354732,1787.29024320878,4363.1499607693
"ogl(plate)",8.96956756756757,2842.85669155858,1787.2899775578,4363.14955894322
"ogl(plate)",8.97981621621622,2842.85622196336,1787.28971327621,4363.14915917067
"ogl(plate)",8.99006486486486,2842.8557547468,1787.2894503554,4363.14876143884
"ogl(plate)",9.00031351351351,2842.85528989416,1787.28918878683,4363.148365735
"ogl(plate)",9.01056216216216,2842.85482739081,1787.28892856201,4363.14797204651
"ogl(plate)",9.02081081081081,2842.85436722222,1787.28866967252,4363.14758036083
"ogl(plate)",9.03105945945946,2842.85390937397,1787.28841211,4363.14719066553
"ogl(plate)",9.04130810810811,2842.85345383174,1787.28815586617,4363.14680294823
"ogl(plate)",9.05155675675676,2842.85300058133,1787.28790093277,4363.14641719668
"ogl(plate)",9.0618054054054,2842.85254960863,1787.28764730165,4363.1460333987
"ogl(plate)",9.07205405405405,2842.85210089963,1787.28739496468,4363.14565154221
"ogl(plate)",9.0823027027027,2842.85165444043,1787.28714391381,4363.1452716152
"ogl(plate)",9.09255135135135,2842.85121021723,1787.28689414105,4363.14489360577
"ogl(plate)",9.1028,2842.85076821633,1787.28664563846,4363.14451750209
"ogl(plate)",9.11304864864865,2842.85032842412,1787.28639839816,4363.14414329243
"ogl(plate)",9.1232972972973,2842.8498908271,1787.28615241233,4363.14377096513
"ogl(plate)",9.13354594594595,2842.84945541187,1787.2859076732,4363.14340050862
"ogl(plate)",9.14379459459459,2842.84902216511,1787.28566417308,4363.14303191143
"ogl(plate)",9.15404324324324,2842.84859107362,1787.2854219043,4363.14266516215
"ogl(plate)",9.16429189189189,2842.84816212427,1787.28518085928,4363.14230024945
"ogl(plate)",9.17454054054054,2842.84773530404,1787.28494103047,4363.14193716212
"ogl(plate)",9.18478918918919,2842.8473106,1787.28470241039,4363.14157588899
"ogl(plate)",9.19503783783784,2842.84688799931,1787.28446499161,4363.14121641899
"ogl(plate)",9.20528648648649,2842.84646748922,1787.28422876675,4363.14085874113
"ogl(plate)",9.21553513513513,2842.84604905709,1787.28399372848,4363.14050284448
"ogl(plate)",9.22578378378378,2842.84563269035,1787.28375986955,4363.14014871821
"ogl(plate)",9.23603243243243,2842.84521837652,1787.28352718273,4363.13979635157
"ogl(plate)",9.24628108108108,2842.84480610323,1787.28329566085,4363.13944573387
"ogl(plate)",9.25652972972973,2842.84439585817,1787.28306529681,4363.1390968545
"ogl(plate)",9.26677837837838,2842.84398762913,1787.28283608353,4363.13874970295
"ogl(plate)",9.27702702702703,2842.843581404,1787.28260801401,4363.13840426875
"ogl(plate)",9.28727567567567,2842.84317717073,1787.28238108128,4363.13806054152
"ogl(plate)",9.29752432432432,2842.84277491739,1787.28215527844,4363.13771851096
"ogl(plate)",9.30777297297297,2842.8423746321,1787.28193059862,4363.13737816684
"ogl(plate)",9.31802162162162,2842.84197630307,1787.28170703501,4363.137039499
"ogl(plate)",9.32827027027027,2842.84157991862,1787.28148458084,4363.13670249735
"ogl(plate)",9.33851891891892,2842.84118546713,1787.28126322941,4363.13636715189
"ogl(plate)",9.34876756756757,2842.84079293706,1787.28104297403,4363.13603345265
"ogl(plate)",9.35901621621622,2842.84040231697,1787.2808238081,4363.13570138978
"ogl(plate)",9.36926486486487,2842.84001359548,1787.28060572504,4363.13537095347
"ogl(plate)",9.37951351351351,2842.8396267613,1787.28038871832,4363.13504213398
"ogl(plate)",9.38976216216216,2842.83924180321,1787.28017278146,4363.13471492166
"ogl(plate)",9.40001081081081,2842.83885871009,1787.27995790803,4363.1343893069
"ogl(plate)",9.41025945945946,2842.83847747089,1787.27974409165,4363.13406528017
"ogl(plate)",9.42050810810811,2842.83809807461,1787.27953132596,4363.13374283201
"ogl(plate)",9.43075675675676,2842.83772051037,1787.27931960467,4363.13342195303
"ogl(plate)",9.44100540540541,2842.83734476734,1787.27910892153,4363.1331026339
"ogl(plate)",9.45125405405405,2842.83697083476,1787.27889927033,4363.13278486535
"ogl(plate)",9.4615027027027,2842.83659870198,1787.2786906449,4363.13246863818
"ogl(plate)",9.47175135135135,2842.83622835838,1787.27848303913,4363.13215394327
"ogl(plate)",9.482,2842.83585979344,1787.27827644692,4363.13184077154
"ogl(plate)",9.49224864864865,2842.8354929967,1787.27807086225,4363.13152911398
"ogl(plate)",9.5024972972973,2842.8351279578,1787.27786627913,4363.13121896165
"ogl(plate)",9.51274594594595,2842.83476466642,1787.27766269159,4363.13091030567
"ogl(plate)",9.52299459459459,2842.83440311233,1787.27746009374,4363.13060313721
"ogl(plate)",9.53324324324324,2842.83404328535,1787.2772584797,4363.13029744753
"ogl(plate)",9.54349189189189,2842.8336851754,1787.27705784364,4363.12999322791
"ogl(plate)",9.55374054054054,2842.83332877245,1787.27685817978,4363.12969046973
"ogl(plate)",9.56398918918919,2842.83297406654,1787.27665948238,4363.12938916441
"ogl(plate)",9.57423783783784,2842.83262104778,1787.27646174572,4363.12908930343
"ogl(plate)",9.58448648648649,2842.83226970637,1787.27626496414,4363.12879087833
"ogl(plate)",9.59473513513514,2842.83192003254,1787.27606913202,4363.1284938807
"ogl(plate)",9.60498378378378,2842.83157201661,1787.27587424376,4363.12819830222
"ogl(plate)",9.61523243243243,2842.83122564896,1787.27568029381,4363.12790413459
"ogl(plate)",9.62548108108108,2842.83088092005,1787.27548727667,4363.12761136959
"ogl(plate)",9.63572972972973,2842.83053782037,1787.27529518686,4363.12731999905
"ogl(plate)",9.64597837837838,2842.83019634052,1787.27510401895,4363.12703001484
"ogl(plate)",9.65622702702703,2842.82985647113,1787.27491376755,4363.12674140892
"ogl(plate)",9.66647567567568,2842.82951820292,1787.27472442728,4363.12645417327
"ogl(plate)",9.67672432432432,2842.82918152664,1787.27453599283,4363.12616829996
"ogl(plate)",9.68697297297297,2842.82884643314,1787.27434845892,4363.12588378108
"ogl(plate)",9.69722162162162,2842.82851291331,1787.27416182028,4363.1256006088
"ogl(plate)",9.70747027027027,2842.8281809581,1787.27397607172,4363.12531877533
"ogl(plate)",9.71771891891892,2842.82785055854,1787.27379120805,4363.12503827293
"ogl(plate)",9.72796756756757,2842.8275217057,1787.27360722413,4363.12475909393
"ogl(plate)",9.73821621621622,2842.82719439073,1787.27342411485,4363.1244812307
"ogl(plate)",9.74846486486486,2842.82686860482,1787.27324187514,4363.12420467566
"ogl(plate)",9.75871351351351,2842.82654433923,1787.27306049996,4363.12392942129
"ogl(plate)",9.76896216216216,2842.82622158529,1787.27287998432,4363.12365546011
"ogl(plate)",9.77921081081081,2842.82590033437,1787.27270032324,4363.12338278469
"ogl(plate)",9.78945945945946,2842.8255805779,1787.27252151178,4363.12311138768
"ogl(plate)",9.79970810810811,2842.82526230738,1787.27234354505,4363.12284126174
"ogl(plate)",9.80995675675676,2842.82494551436,1787.27216641818,4363.1225723996
"ogl(plate)",9.8202054054054,2842.82463019045,1787.27199012633,4363.12230479404
"ogl(plate)",9.83045405405405,2842.8243163273,1787.27181466471,4363.12203843788
"ogl(plate)",9.8407027027027,2842.82400391665,1787.27164002853,4363.121773324
"ogl(plate)",9.85095135135135,2842.82369295026,1787.27146621308,4363.12150944531
"ogl(plate)",9.8612,2842.82338341996,1787.27129321363,4363.12124679479
"ogl(plate)",9.87144864864865,2842.82307531764,1787.27112102552,4363.12098536546
"ogl(plate)",9.8816972972973,2842.82276863524,1787.2709496441,4363.12072515036
"ogl(plate)",9.89194594594595,2842.82246336476,1787.27077906477,4363.12046614262
"ogl(plate)",9.90219459459459,2842.82215949822,1787.27060928295,4363.12020833539
"ogl(plate)",9.91244324324324,2842.82185702775,1787.27044029409,4363.11995172188
"ogl(plate)",9.92269189189189,2842.82155594548,1787.27027209366,4363.11969629532
"ogl(plate)",9.93294054054054,2842.82125624362,1787.27010467719,4363.11944204901
"ogl(plate)",9.94318918918919,2842.82095791443,1787.26993804022,4363.11918897629
"ogl(plate)",9.95343783783784,2842.82066095022,1787.26977217831,4363.11893707054
"ogl(plate)",9.96368648648649,2842.82036534333,1787.26960708708,4363.11868632519
"ogl(plate)",9.97393513513513,2842.82007108619,1787.26944276215,4363.11843673369
"ogl(plate)",9.98418378378378,2842.81977817125,1787.26927919918,4363.11818828958
"ogl(plate)",9.99443243243243,2842.81948659101,1787.26911639387,4363.1179409864
"ogl(plate)",10.0046810810811,2842.81919633804,1787.26895434193,4363.11769481775
"ogl(plate)",10.0149297297297,2842.81890740494,1787.26879303912,4363.11744977727
"ogl(plate)",10.0251783783784,2842.81861978437,1787.2686324812,4363.11720585864
"ogl(plate)",10.035427027027,2842.81833346904,1787.26847266398,4363.1169630556
"ogl(plate)",10.0456756756757,2842.81804845169,1787.26831358329,4363.1167213619
"ogl(plate)",10.0559243243243,2842.81776472512,1787.26815523499,4363.11648077135
"ogl(plate)",10.066172972973,2842.81748228219,1787.26799761497,4363.11624127781
"ogl(plate)",10.0764216216216,2842.81720111578,1787.26784071914,4363.11600287515
"ogl(plate)",10.0866702702703,2842.81692121883,1787.26768454345,4363.11576555732
"ogl(plate)",10.0969189189189,2842.81664258434,1787.26752908385,4363.11552931827
"ogl(plate)",10.1071675675676,2842.81636520533,1787.26737433636,4363.11529415202
"ogl(plate)",10.1174162162162,2842.81608907488,1787.26722029698,4363.11506005261
"ogl(plate)",10.1276648648649,2842.81581418612,1787.26706696176,4363.11482701414
"ogl(plate)",10.1379135135135,2842.81554053221,1787.26691432678,4363.11459503072
"ogl(plate)",10.1481621621622,2842.81526810636,1787.26676238814,4363.11436409652
"ogl(plate)",10.1584108108108,2842.81499690184,1787.26661114196,4363.11413420574
"ogl(plate)",10.1686594594595,2842.81472691193,1787.26646058439,4363.11390535262
"ogl(plate)",10.1789081081081,2842.81445812999,1787.2663107116,4363.11367753145
"ogl(plate)",10.1891567567568,2842.81419054939,1787.26616151981,4363.11345073653
"ogl(plate)",10.1994054054054,2842.81392416358,1787.26601300522,4363.11322496221
"ogl(plate)",10.2096540540541,2842.81365896602,1787.2658651641,4363.11300020289
"ogl(plate)",10.2199027027027,2842.81339495022,1787.26571799272,4363.11277645299
"ogl(plate)",10.2301513513514,2842.81313210975,1787.26557148738,4363.11255370697
"ogl(plate)",10.2404,2842.81287043819,1787.26542564439,4363.11233195933
"pgl(plate)",0.002,622344.709584364,494229.366612781,773803.363060844
"pgl(plate)",0.0122486486486486,622296.226090001,494214.421910872,773755.258023001
"pgl(plate)",0.0224972972972973,621702.701381373,493880.928665952,773095.747224412
"pgl(plate)",0.0327459459459459,619669.892914011,491461.179235962,770419.228213505
"pgl(plate)",0.0429945945945946,613510.997958628,486981.383358113,763994.268241522
"pgl(plate)",0.0532432432432432,600586.779690042,475770.679324783,749568.754653615
"pgl(plate)",0.0634918918918919,578790.188248314,454725.19486782,725519.174025096
"pgl(plate)",0.0737405405405405,545052.483800045,418463.442093983,694837.752143885
"pgl(plate)",0.0839891891891892,499572.071328226,366151.537136757,649622.945776942
"pgl(plate)",0.0942378378378378,445142.76553017,307981.414354676,597245.778553554
"pgl(plate)",0.104486486486486,384980.508271957,247081.581829862,539039.688836365
"pgl(plate)",0.114735135135135,324954.325948634,194151.331573323,480673.167002917
"pgl(plate)",0.124983783783784,268104.255074714,149616.565774942,422181.167193488
"pgl(plate)",0.135232432432432,218109.705456526,115202.958323466,362596.678856008
"pgl(plate)",0.145481081081081,176002.447093045,88868.482768672,307683.75890085
"pgl(plate)",0.15572972972973,141575.579055354,68858.4299941512,260094.82652456
"pgl(plate)",0.165978378378378,113911.397087795,53710.935225631,218630.47216997
"pgl(plate)",0.176227027027027,91902.4573226314,42418.3418261923,182701.339864924
"pgl(plate)",0.186475675675676,74448.7118078852,33794.1630949019,152721.716395754
"pgl(plate)",0.196724324324324,60702.9599673803,27118.3762420436,127254.264545482
"pgl(plate)",0.206972972972973,49767.0239992933,21944.1250799251,105952.299282551
"pgl(plate)",0.217221621621622,40997.1528521728,17914.5556035025,89010.9822597236
"pgl(plate)",0.22747027027027,34013.612336002,14708.1010472895,74873.7674962378
"pgl(plate)",0.237718918918919,28444.2716104056,12263.1730486468,63051.929117824
"pgl(plate)",0.247967567567568,23918.596641371,10277.2498960923,53225.0669328709
"pgl(plate)",0.258216216216216,20237.5102382032,8640.04538585844,45300.1595392359
"pgl(plate)",0.268464864864865,17232.0919774397,7349.74713619199,38842.2540764657
"pgl(plate)",0.278713513513513,14783.9611385712,6291.35929416855,33467.2119102595
"pgl(plate)",0.288962162162162,12716.9778641831,5393.94239638755,28949.149904449
"pgl(plate)",0.299210810810811,11002.6346311819,4678.7661442213,25147.6721715636
"pgl(plate)",0.309459459459459,9567.21076917243,4070.44719088274,21967.6078242901
"pgl(plate)",0.319708108108108,8373.08265652518,3559.87967624952,19281.5981602753
"pgl(plate)",0.329956756756757,7354.5761272101,3135.95545767874,16982.3748076915
"pgl(plate)",0.340205405405405,6492.45076700013,2783.75085291879,14968.3170967465
"pgl(plate)",0.350454054054054,5751.46133366963,2483.44238746431,13252.7331802348
"pgl(plate)",0.360702702702703,5113.10235317971,2218.5105048295,11781.5386008208
"pgl(plate)",0.370951351351351,4569.3817921149,1989.8835049468,10515.4696007669
"pgl(plate)",0.3812,4099.20642140791,1794.75672254593,9424.05781723385
"pgl(plate)",0.391448648648649,3688.97355916918,1624.77284473514,8454.66258073325
"pgl(plate)",0.401697297297297,3333.12899920024,1482.88180408039,7606.610804278
"pgl(plate)",0.411945945945946,3022.38075404619,1354.5759884161,6871.21500442681
"pgl(plate)",0.422194594594595,2746.82036677253,1245.52205152019,6228.11570696161
"pgl(plate)",0.432443243243243,2504.36817958189,1149.06429016908,5655.34252339776
"pgl(plate)",0.442691891891892,2294.04645336242,1062.66262929728,5164.24033583729
"pgl(plate)",0.452940540540541,2106.44827734198,988.815673103521,4733.55110732495
"pgl(plate)",0.463189189189189,1939.2165413609,917.79849725477,4322.38513568693
"pgl(plate)",0.473437837837838,1792.76198934231,857.888292484696,3963.92994385641
"pgl(plate)",0.483686486486486,1660.24922339053,806.731814707882,3641.4653566929
"pgl(plate)",0.493935135135135,1542.41522927324,759.838776376967,3365.96122256116
"pgl(plate)",0.504183783783784,1438.08864419317,720.158261637604,3114.11608484714
"pgl(plate)",0.514432432432432,1344.06163595739,680.971652260594,2880.88262465075
"pgl(plate)",0.524681081081081,1258.622441152,646.841001109162,2684.62236766564
"pgl(plate)",0.53492972972973,1180.85802114729,617.772127244078,2496.98828807482
"pgl(plate)",0.545178378378378,1111.39597373698,589.475976890477,2324.58155137405
"pgl(plate)",0.555427027027027,1048.43433335203,563.252146413539,2170.09412126511
"pgl(plate)",0.565675675675676,991.469994753568,539.744680715452,2033.25703550992
"pgl(plate)",0.575924324324324,939.540318675251,515.94977095606,1904.75949712504
"pgl(plate)",0.586172972972973,893.163434974191,495.848357430092,1788.54485952715
"pgl(plate)",0.596421621621622,851.177347934722,478.119983073142,1689.78615688189
"pgl(plate)",0.60667027027027,812.696329743273,460.673808770246,1591.12127523772
"pgl(plate)",0.616918918918919,777.148158504797,443.772649767287,1502.62084036514
"pgl(plate)",0.627167567567568,744.979411256506,429.432740935065,1423.0844579393
"pgl(plate)",0.637416216216216,714.735900113767,416.116520764228,1351.98167845288
"pgl(plate)",0.647664864864865,687.004925539294,402.470262683895,1290.01758810785
"pgl(plate)",0.657913513513513,662.046538029416,390.660353977351,1228.62359050548
"pgl(plate)",0.668162162162162,639.183537580441,379.824595402202,1173.87787210754
"pgl(plate)",0.678410810810811,617.39186468522,369.718367134787,1123.66096136649
"pgl(plate)",0.688659459459459,596.974205268029,360.653006023633,1074.30506009283
"pgl(plate)",0.698908108108108,578.741958800544,352.76175367279,1029.01603579159
"pgl(plate)",0.709156756756757,562.556075301095,344.730087004361,989.305668735855
"pgl(plate)",0.719405405405405,546.80472779826,337.465629133625,953.292823594467
"pgl(plate)",0.729654054054054,532.031838390815,329.845655527288,918.921669741235
"pgl(plate)",0.739902702702703,518.337597149976,323.338899934985,886.340083365005
"pgl(plate)",0.750151351351351,505.552798024179,316.723486364202,855.162520643827
"pgl(plate)",0.7604,493.822251907529,311.005566596861,826.060792303128
"pgl(plate)",0.770648648648649,482.880005312269,304.876264925008,800.606897088354
"pgl(plate)",0.780897297297297,472.523624323707,299.173496429047,777.871443176557
"pgl(plate)",0.791145945945946,462.764222299011,295.05119492706,756.548497411971
"pgl(plate)",0.801394594594595,453.954656162139,290.823352284531,735.68326786685
"pgl(plate)",0.811643243243243,445.851890437197,286.527215529951,715.836744980601
"pgl(plate)",0.821891891891892,437.976350628785,281.812425726555,697.990962389659
"pgl(plate)",0.83214054054054,430.608956208199,278.394387157891,681.439270539844
"pgl(plate)",0.842389189189189,423.846784921205,273.911553370326,667.88464299514
"pgl(plate)",0.852637837837838,417.557383525358,269.887302190902,651.414274168228
"pgl(plate)",0.862886486486486,411.345786673318,266.171295807706,639.01419224813
"pgl(plate)",0.873135135135135,405.382252089545,262.979687775319,626.255190055677
"pgl(plate)",0.883383783783784,400.174577764121,259.987277300075,615.459560191262
"pgl(plate)",0.893632432432432,395.006521632268,257.275872448252,604.344896269653
"pgl(plate)",0.903881081081081,389.936226976304,254.65425094342,595.922300728767
"pgl(plate)",0.91412972972973,385.314298356106,251.588064126467,587.443431950464
"pgl(plate)",0.924378378378378,381.248610616707,248.524109047015,579.292889892294
"pgl(plate)",0.934627027027027,377.172339000113,245.870724102366,572.093307802547
"pgl(plate)",0.944875675675676,373.366935247283,243.374991744097,564.03335982736
"pgl(plate)",0.955124324324324,369.835064593326,240.388960748628,556.78683201536
"pgl(plate)",0.965372972972973,366.326527432921,237.772908213959,550.254656581938
"pgl(plate)",0.975621621621622,363.064618729024,235.784589788759,545.353891026354
"pgl(plate)",0.98587027027027,359.431957352898,233.343792851629,540.687253808341
"pgl(plate)",0.996118918918919,356.51576175755,231.735567341457,535.498101465271
"pgl(plate)",1.00636756756757,353.812882128718,229.60947805699,530.160704887607
"pgl(plate)",1.01661621621622,350.980938173617,228.108235130185,526.364267677636
"pgl(plate)",1.02686486486486,348.643054440174,226.183740398189,523.103291783704
"pgl(plate)",1.03711351351351,346.28026637295,224.400181037309,519.922794198234
"pgl(plate)",1.04736216216216,344.046191592942,222.895690277083,515.926771264538
"pgl(plate)",1.05761081081081,341.844233856914,221.638861997929,512.674532008179
"pgl(plate)",1.06785945945946,339.875228213529,220.086464101122,510.406776188919
"pgl(plate)",1.07810810810811,337.812411052559,218.602894859323,506.710529092865
"pgl(plate)",1.08835675675676,335.919873684139,217.372320851375,504.105993327572
"pgl(plate)",1.09860540540541,334.080451599749,216.214900976308,501.193938480458
"pgl(plate)",1.10885405405405,332.332862100285,214.847310774409,499.551725387456
"pgl(plate)",1.1191027027027,330.609562203546,213.932771518679,497.682735543716
"pgl(plate)",1.12935135135135,329.03101546586,212.986515892417,495.627521535227
"pgl(plate)",1.1396,327.460426294833,212.011190570031,493.636724784033
"pgl(plate)",1.14984864864865,325.990867463618,211.305289519488,491.972499972652
"pgl(plate)",1.1600972972973,324.592662255056,210.180172301274,490.405601267603
"pgl(plate)",1.17034594594595,323.292925758485,209.508623474956,488.460435193557
"pgl(plate)",1.18059459459459,322.042885552938,208.269883124651,487.197103062037
"pgl(plate)",1.19084324324324,320.904939771582,207.17729123203,485.191189960951
"pgl(plate)",1.20109189189189,319.696622890662,206.435578184608,483.768681158876
"pgl(plate)",1.21134054054054,318.598405003909,205.725284726902,482.292095032872
"pgl(plate)",1.22158918918919,317.320253860088,205.155354782618,480.791052456252
"pgl(plate)",1.23183783783784,316.298356172005,204.692187770143,479.868799607504
"pgl(plate)",1.24208648648649,315.353638453973,204.150172883311,478.882849819224
"pgl(plate)",1.25233513513514,314.465861602007,203.494269705292,477.863165633985
"pgl(plate)",1.26258378378378,313.640897048623,202.786330278648,476.924719467077
"pgl(plate)",1.27283243243243,312.792112640343,202.12162233706,475.056516452447
"pgl(plate)",1.28308108108108,311.947364718737,201.544341891046,474.451175052715
"pgl(plate)",1.29332972972973,311.124535114098,200.701345145949,473.506184470672
"pgl(plate)",1.30357837837838,310.34525271476,200.169018844734,472.331687620422
"pgl(plate)",1.31382702702703,309.542097076025,199.557956864007,471.3444854142
"pgl(plate)",1.32407567567568,308.896793645575,199.145950773535,470.428554438248
"pgl(plate)",1.33432432432432,308.178543586029,198.686662022011,469.751673247062
"pgl(plate)",1.34457297297297,307.612322978625,198.263367141803,469.063064547789
"pgl(plate)",1.35482162162162,307.026886529504,197.80959059946,468.452903069469
"pgl(plate)",1.36507027027027,306.443656063425,197.376581988654,467.399152154407
"pgl(plate)",1.37531891891892,305.906874494469,196.787815203196,467.067292349272
"pgl(plate)",1.38556756756757,305.385520949624,196.447713765968,466.536472104727
"pgl(plate)",1.39581621621622,304.843531367301,195.905637179662,465.417360392977
"pgl(plate)",1.40606486486486,304.351838085506,195.683635558153,464.551905170185
"pgl(plate)",1.41631351351351,303.949596547488,195.284073110235,464.075141496258
"pgl(plate)",1.42656216216216,303.481697266912,194.8872865097,463.313017074349
"pgl(plate)",1.43681081081081,303.034563208679,194.501356113748,462.866287006824
"pgl(plate)",1.44705945945946,302.648649901979,194.165957582657,462.603709761018
"pgl(plate)",1.45730810810811,302.23439715149,193.769685229344,462.272382990979
"pgl(plate)",1.46755675675676,301.786282051557,193.42121916741,461.300161624277
"pgl(plate)",1.47780540540541,301.378019484359,193.082979148466,461.05005807555
"pgl(plate)",1.48805405405405,300.96435194567,192.759873984398,460.489328876334
"pgl(plate)",1.4983027027027,300.568967341486,192.469899060115,460.245782962908
"pgl(plate)",1.50855135135135,300.175481631893,192.280398105664,460.010839642245
"pgl(plate)",1.5188,299.832234822496,192.101585241133,459.78593476454
"pgl(plate)",1.52904864864865,299.50211133686,191.854313977018,459.692629892826
"pgl(plate)",1.5392972972973,299.209354378412,191.647812868182,459.349179947659
"pgl(plate)",1.54954594594595,298.892876236071,191.361882922013,459.142557620268
"pgl(plate)",1.55979459459459,298.61861425696,191.173885862363,458.942995966002
"pgl(plate)",1.57004324324324,298.318937136989,191.100296985172,458.730648741345
"pgl(plate)",1.58029189189189,298.048951830679,190.995878741017,457.890350509711
"pgl(plate)",1.59054054054054,297.90055775946,190.791928738939,457.74542285209
"pgl(plate)",1.60078918918919,297.674109454968,190.5783680247,457.628568930742
"pgl(plate)",1.61103783783784,297.381443271016,190.333099936315,457.514106604877
"pgl(plate)",1.62128648648649,297.145151748577,190.001257391655,457.28924201094
"pgl(plate)",1.63153513513514,296.93865363203,189.778533350914,457.15612915854
"pgl(plate)",1.64178378378378,296.718094694851,189.60908276614,457.025268588079
"pgl(plate)",1.65203243243243,296.496199241154,189.451886609724,456.85101457015
"pgl(plate)",1.66228108108108,296.260106503171,189.25017594517,456.64929444475
"pgl(plate)",1.67252972972973,295.995102141697,188.993324867231,456.438542782133
"pgl(plate)",1.68277837837838,295.808450941164,188.682613266615,456.190352195432
"pgl(plate)",1.69302702702703,295.628107522832,188.548149670181,456.018389622154
"pgl(plate)",1.70327567567568,295.449452141001,188.418963248996,455.878829900797
"pgl(plate)",1.71352432432432,295.250521590002,188.293882743684,455.703936410543
"pgl(plate)",1.72377297297297,295.087784569302,188.162740809284,455.396607898221
"pgl(plate)",1.73402162162162,294.943114539369,188.001059711071,455.080318362031
"pgl(plate)",1.74427027027027,294.769970564191,187.882156091529,454.934355807974
"pgl(plate)",1.75451891891892,294.615700706163,187.772662144359,454.652196257612
"pgl(plate)",1.76476756756757,294.479164677605,187.666877690384,454.384484679377
"pgl(plate)",1.77501621621622,294.340163208711,187.564355026068,453.903341779464
"pgl(plate)",1.78526486486486,294.208477156074,187.464975606814,453.575102770953
"pgl(plate)",1.79551351351351,294.080657212383,187.368625842006,453.256484909613
"pgl(plate)",1.80576216216216,293.954438125539,187.237741998685,453.035286767638
"pgl(plate)",1.81601081081081,293.816804638257,187.019219146732,452.97591043396
"pgl(plate)",1.82625945945946,293.659158178973,186.905028419432,452.918303172677
"pgl(plate)",1.83650810810811,293.490451523868,186.720155214053,452.862402787609
"pgl(plate)",1.84675675675676,293.309946987195,186.606098396926,452.808149599132
"pgl(plate)",1.85700540540541,293.20678456364,186.545172762716,452.755486329156
"pgl(plate)",1.86725405405405,293.116514554679,186.487061481954,452.704357991952
"pgl(plate)",1.8775027027027,293.032348838967,186.430710922733,452.654711790506
"pgl(plate)",1.88775135135135,292.870831454409,186.288034069807,452.432304232992
"pgl(plate)",1.898,292.794762500249,186.050563375818,452.189944623304
"pgl(plate)",1.90824864864865,292.696071968954,185.862216357383,452.141162594802
"pgl(plate)",1.9184972972973,292.594907500351,185.766123729509,452.093770477909
"pgl(plate)",1.92874594594595,292.479721620156,185.67346106999,452.03348992026
"pgl(plate)",1.93899459459459,292.396488151541,185.592633528332,451.918214768912
"pgl(plate)",1.94924324324324,292.296954311517,185.531187864184,451.80613791449
"pgl(plate)",1.95949189189189,292.196074200861,185.469989812737,451.69715449921
"pgl(plate)",1.96974054054054,292.054392101075,185.357228377405,451.591163626181
"pgl(plate)",1.97998918918919,291.955174642417,185.247550238232,451.488068190223
"pgl(plate)",1.99023783783784,291.879952579201,185.176191790552,451.387774716752
"pgl(plate)",2.00048648648649,291.790885723038,185.152573294164,451.290193208286
"pgl(plate)",2.01073513513513,291.753828760314,185.13022173171,451.195236998189
"pgl(plate)",2.02098378378378,291.705006596153,185.055286012347,451.10111503172
"pgl(plate)",2.03123243243243,291.637308474583,185.029058888227,451.008563791668
"pgl(plate)",2.04148108108108,291.552749194715,184.951226816444,450.918462207446
"pgl(plate)",2.05172972972973,291.50647112848,184.91842934346,450.855160045371
"pgl(plate)",2.06197837837838,291.479426240363,184.887678858736,450.825206424321
"pgl(plate)",2.07222702702703,291.436546325836,184.857736172224,450.79604161026
"pgl(plate)",2.08247567567568,291.386346296845,184.828576224448,450.76764107836
"pgl(plate)",2.09272432432432,291.327928170634,184.800174851263,450.739981181797
"pgl(plate)",2.10297297297297,291.27312799605,184.772508747692,450.630567963153
"pgl(plate)",2.11322162162162,291.239163006772,184.717804811835,450.520846316946
"pgl(plate)",2.12347027027027,291.223371966175,184.652746325352,450.41383365156
"pgl(plate)",2.13371891891892,291.180350134329,184.616800937644,450.308281863825
"pgl(plate)",2.14396756756757,291.133836571438,184.525008010897,450.202685067096
"pgl(plate)",2.15421621621622,291.087087343243,184.435433313482,450.099655967233
"pgl(plate)",2.16446486486486,291.020467648174,184.348893990627,450.005345928479
"pgl(plate)",2.17471351351351,290.968794438043,184.275116893942,449.931120633923
"pgl(plate)",2.18496216216216,290.911499981521,184.260270138982,449.807841340731
"pgl(plate)",2.19521081081081,290.852567445839,184.245791173663,449.737360985399
"pgl(plate)",2.20545945945946,290.81641427369,184.231669230422,449.687407990722
"pgl(plate)",2.21570810810811,290.760553772987,184.217893904969,449.638645212095
"pgl(plate)",2.22595675675676,290.696060633428,184.204455142424,449.591038980165
"pgl(plate)",2.2362054054054,290.635057771988,184.191343224043,449.544556726886
"pgl(plate)",2.24645405405405,290.560730728007,184.179383045557,449.499166944667
"pgl(plate)",2.2567027027027,290.505465053014,184.14153194078,449.454839147217
"pgl(plate)",2.26695135135135,290.469189828685,184.098313771756,449.411543832008
"pgl(plate)",2.2772,290.415983767117,184.056144575556,449.36925244427
"pgl(plate)",2.28744864864865,290.378713516957,184.01499434163,449.327937342472
"pgl(plate)",2.2976972972973,290.347389779103,183.974834047041,449.287571765193
"pgl(plate)",2.30794594594595,290.317758542988,183.935635619752,449.242070545822
"pgl(plate)",2.31819459459459,290.289689897705,183.897371903441,449.197079250999
"pgl(plate)",2.32844324324324,290.26357684797,183.860016623758,449.153133759742
"pgl(plate)",2.33869189189189,290.236412436945,183.82354435597,449.110205318793
"pgl(plate)",2.34894054054054,290.209376955892,183.78793049393,449.068266086554
"pgl(plate)",2.35918918918919,290.173425360819,183.753151220301,449.027289100374
"pgl(plate)",2.36943783783784,290.13792283937,183.719183477994,448.98724824515
"pgl(plate)",2.37968648648649,290.106118733639,183.686004942755,448.948118223168
"pgl(plate)",2.38993513513513,290.072746464493,183.653593996855,448.909874525153
"pgl(plate)",2.40018378378378,290.040119566586,183.621929703823,448.872493402459
"pgl(plate)",2.41043243243243,290.016529027735,183.590991784199,448.835951840346
"pgl(plate)",2.42068108108108,290.000434905257,183.56076059224,448.800227532316
"pgl(plate)",2.43092972972973,289.982379572342,183.531217093547,448.765298855441
"pgl(plate)",2.44117837837838,289.955646428894,183.502342843569,448.741923725143
"pgl(plate)",2.45142702702703,289.923185443574,183.474119966961,448.720709615337
"pgl(plate)",2.46167567567568,289.895199965634,183.446531137727,448.699969955887
"pgl(plate)",2.47192432432432,289.863135004914,183.419559560156,448.679692225719
"pgl(plate)",2.48217297297297,289.831764420137,183.393188950475,448.659864284187
"pgl(plate)",2.49242162162162,289.801070393728,183.367403519226,448.640474358013
"pgl(plate)",2.50267027027027,289.771035636056,183.342187954309,448.621511028718
"pgl(plate)",2.51291891891892,289.742278354418,183.317527404674,448.602963220537
"pgl(plate)",2.52316756756757,289.709927328301,183.293407464638,448.584820188791
"pgl(plate)",2.53341621621622,289.688975957118,183.26981415879,448.567312355752
"pgl(plate)",2.54366486486486,289.668144245242,183.246733927473,448.55007438435
"pgl(plate)",2.55391351351351,289.651029957231,183.215823848022,448.533127287697
"pgl(plate)",2.56416216216216,289.627917480969,183.184796729258,448.516779839845
"pgl(plate)",2.57441081081081,289.597479864195,183.15442656035,448.50078252641
"pgl(plate)",2.58465945945946,289.567943397769,183.124696898697,448.485126498715
"pgl(plate)",2.59490810810811,289.545037628302,183.076383475009,448.469803165541
"pgl(plate)",2.60515675675676,289.515883331015,183.026771711248,448.454804184666
"pgl(plate)",2.6154054054054,289.494192308237,182.978130131339,448.440121454698
"pgl(plate)",2.62565405405405,289.472942968435,182.946352382026,448.425747107222
"pgl(plate)",2.6359027027027,289.452124643733,182.931545652924,448.411673499226
"pgl(plate)",2.64615135135135,289.431726964027,182.917867929244,448.397893205798
"pgl(plate)",2.6564,289.411739847562,182.90463996181,448.384399013094
"pgl(plate)",2.66664864864865,289.393491955768,182.891683411062,448.371183911553
"pgl(plate)",2.6768972972973,289.376273834613,182.878991696532,448.358241089358
"pgl(plate)",2.68714594594595,289.360204017161,182.858721640516,448.345563926128
"pgl(plate)",2.69739459459459,289.344061979847,182.836622229864,448.333145986839
"pgl(plate)",2.70764324324324,289.328168202017,182.83018302859,448.320981015952
"pgl(plate)",2.71789189189189,289.311238656566,182.823879930831,448.309062931758
"pgl(plate)",2.72814054054054,289.294642013134,182.817709562014,448.297385820914
"pgl(plate)",2.73838918918919,289.278370510328,182.806326102365,448.285943933173
"pgl(plate)",2.74863783783784,289.262416595826,182.795197806959,448.2747316763
"pgl(plate)",2.75888648648649,289.246772919989,182.784364646516,448.263743611161
"pgl(plate)",2.76913513513513,289.231432329697,182.773745639877,448.252974446985
"pgl(plate)",2.77938378378378,289.216387862395,182.763335784123,448.242419036788
"pgl(plate)",2.78963243243243,289.201632740337,182.753130211058,448.232072372954
"pgl(plate)",2.79988108108108,289.187160365023,182.743124183097,448.221929582969
"pgl(plate)",2.81012972972973,289.17296431183,182.733313089303,448.2119859253
"pgl(plate)",2.82037837837838,289.159038324813,182.723692441557,448.20223678541
"pgl(plate)",2.83062702702703,289.144949124654,182.714257870856,448.192677671918
"pgl(plate)",2.84087567567568,289.126583299726,182.705005123735,448.183304212879
"pgl(plate)",2.85112432432432,289.114498631699,182.69593005881,448.174112152191
"pgl(plate)",2.86137297297297,289.105915546968,182.687028643435,448.165097346126
"pgl(plate)",2.87162162162162,289.093251613271,182.678296950475,448.156255759977
"pgl(plate)",2.88187027027027,289.080823482595,182.669731155177,448.147583464809
"pgl(plate)",2.89211891891892,289.068625948126,182.661327532154,448.13907663433
"pgl(plate)",2.90236756756757,289.05665393591,182.653082452459,448.130731541854
"pgl(plate)",2.91261621621622,289.044902501018,182.644992380765,448.122544557367
"pgl(plate)",2.92286486486486,289.033366823818,182.637053872629,448.1145121447
"pgl(plate)",2.93311351351351,289.022042206385,182.629263571847,448.106630858773
"pgl(plate)",2.94336216216216,289.011230449309,182.621618207898,448.098897342954
"pgl(plate)",2.95361081081081,289.000990048148,182.61524215729,448.09130832648
"pgl(plate)",2.96385945945946,288.989289486541,182.610411624138,448.083860621979
"pgl(plate)",2.97410810810811,288.972827100207,182.605674818774,448.076551123067
"pgl(plate)",2.98435675675676,288.960406750253,182.598161685608,448.069376802013
"pgl(plate)",2.9946054054054,288.951887861423,182.58867106128,448.062334707495
"pgl(plate)",3.00485405405405,288.943551825794,182.579355334861,448.055421962415
"pgl(plate)",3.0151027027027,288.930284521339,182.571454582871,448.048635761787
"pgl(plate)",3.02535135135135,288.913133722943,182.564740522023,448.041973370695
"pgl(plate)",3.0356,288.903168685774,182.55814753911,448.035432122313
"pgl(plate)",3.04584864864865,288.896133987305,182.551673052883,448.029009415988
"pgl(plate)",3.0560972972973,288.889223105721,182.545314545546,448.02270271538
"pgl(plate)",3.06634594594595,288.882433456274,182.539069560993,448.016509546666
"pgl(plate)",3.07659459459459,288.875762516582,182.532935703094,448.010427496797
"pgl(plate)",3.08684324324324,288.869207824917,182.526910634036,448.004454211808
"pgl(plate)",3.09709189189189,288.862766978555,182.520992072721,447.998587395183
"pgl(plate)",3.10734054054054,288.855217834606,182.515291842721,447.992824806267
"pgl(plate)",3.11758918918919,288.84467047517,182.509718042938,447.987164258731
"pgl(plate)",3.12783783783784,288.83430174523,182.504241794742,447.981603619082
"pgl(plate)",3.13808648648649,288.824108049024,182.492609859247,447.976140805218
"pgl(plate)",3.14833513513513,288.814085874582,182.490096759776,447.970773785029
"pgl(plate)",3.15858378378378,288.804231791506,182.487650038213,447.965500575036
"pgl(plate)",3.16883243243243,288.794582817607,182.482531650204,447.960319239078
"pgl(plate)",3.17908108108108,288.789973409171,182.477501387222,447.955227887035
"pgl(plate)",3.18932972972973,288.785441474287,182.472557455194,447.950224673586
"pgl(plate)",3.19957837837838,288.780985467163,182.467698102165,447.945307797014
"pgl(plate)",3.20982702702703,288.775315745855,182.46292161719,447.940475498032
"pgl(plate)",3.22007567567567,288.767974263544,182.458226329237,447.935726058661
"pgl(plate)",3.23032432432432,288.760753759224,182.453610606138,447.931057801128
"pgl(plate)",3.24057297297297,288.753651864904,182.449072853566,447.926469086802
"pgl(plate)",3.25082162162162,288.748039483326,182.44461151404,447.921958315164
"pgl(plate)",3.26107027027027,288.743743337621,182.440225065961,447.917523922799
"pgl(plate)",3.27131891891892,288.739763686226,182.435912022677,447.913164382427
"pgl(plate)",3.28156756756757,288.734034183198,182.432679089455,447.908878201959
"pgl(plate)",3.29181621621622,288.729594499353,182.430619921767,447.904663923575
"pgl(plate)",3.30206486486486,288.726981538785,182.428594959708,447.900520122836
"pgl(plate)",3.31231351351351,288.724412291005,182.426603531541,447.896445407822
"pgl(plate)",3.32256216216216,288.720838629357,182.424644980745,447.892438418288
"pgl(plate)",3.33281081081081,288.716254134194,182.422718665617,447.888497824849
"pgl(plate)",3.34305945945946,288.711656086928,182.420823958901,447.884622328192
"pgl(plate)",3.35330810810811,288.708397791203,182.408529026495,447.880810658301
"pgl(plate)",3.36355675675676,288.705253399624,182.399581702,447.877061573714
"pgl(plate)",3.3738054054054,288.702160383698,182.395613355692,447.873373860791
"pgl(plate)",3.38405405405405,288.699117751725,182.391708934673,447.869746333016
"pgl(plate)",3.3943027027027,288.696124534071,182.388075923723,447.866177830307
"pgl(plate)",3.40455135135135,288.693179782609,182.384568931139,447.862667218347
"pgl(plate)",3.4148,288.690282570182,182.381118177332,447.859213387944
"pgl(plate)",3.42504864864865,288.687375375852,182.3777225957,447.855815254393
"pgl(plate)",3.4352972972973,288.684318832882,182.374381142978,447.85247175687
"pgl(plate)",3.44554594594595,288.681311024652,182.371092798653,447.849181857836
"pgl(plate)",3.45579459459459,288.678351032607,182.36785656441,447.845944542458
"pgl(plate)",3.46604324324324,288.675437958153,182.36467146358,447.842758818045
"pgl(plate)",3.47629189189189,288.672570922171,182.361536540613,447.839623713505
"pgl(plate)",3.48654054054054,288.669410883108,182.358450860555,447.836538278811
"pgl(plate)",3.49678918918919,288.6653301773,182.355413508552,447.833501584485
"pgl(plate)",3.50703783783784,288.661312838821,182.352423589354,447.830512721093
"pgl(plate)",3.51728648648649,288.65735770275,182.349480226846,447.827570798759
"pgl(plate)",3.52753513513513,288.65346362889,182.34658256358,447.824674946688
"pgl(plate)",3.53778378378378,288.649629501171,182.343729760325,447.821824312699
"pgl(plate)",3.54803243243243,288.645854227072,182.340920995632,447.819018062783
"pgl(plate)",3.55828108108108,288.643474630969,182.338155465404,447.816255380655
"pgl(plate)",3.56852972972973,288.641344263501,182.335432382481,447.813535467337
"pgl(plate)",3.57877837837838,288.639247163808,182.33275097624,447.810857540736
"pgl(plate)",3.58902702702703,288.637182719073,182.330110492197,447.808220835242
"pgl(plate)",3.59927567567567,288.635150329474,182.327510191625,447.805624601336
"pgl(plate)",3.60952432432432,288.633149407877,182.324949351184,447.803068105209
"pgl(plate)",3.61977297297297,288.631179379528,182.322427262556,447.800550628383
"pgl(plate)",3.63002162162162,288.629239681761,182.31994323209,447.798071467356
"pgl(plate)",3.64027027027027,288.627329763709,182.317496580463,447.795629933243
"pgl(plate)",3.65051891891892,288.625449086023,182.315086642339,447.793225351437
"pgl(plate)",3.66076756756757,288.623597120604,182.312712766049,447.79085706127
"pgl(plate)",3.67101621621622,288.621773350331,182.310374313267,447.788524415689
"pgl(plate)",3.68126486486486,288.619977268811,182.308070658704,447.78622678094
"pgl(plate)",3.69151351351351,288.61820838012,182.305801189807,447.783963536255
"pgl(plate)",3.70176216216216,288.616466198563,182.303565306462,447.781734073554
"pgl(plate)",3.71201081081081,288.614750248433,182.299880946917,447.77953779715
"pgl(plate)",3.72225945945946,288.613060063781,182.295900243761,447.777374123463
"pgl(plate)",3.73250810810811,288.611395188187,182.291976206724,447.775242480744
"pgl(plate)",3.74275675675676,288.60975517454,182.288107876857,447.773142308799
"pgl(plate)",3.7530054054054,288.608139584827,182.285158050283,447.771073058729
"pgl(plate)",3.76325405405405,288.606547989919,182.283495658394,447.76903419267
"pgl(plate)",3.7735027027027,288.604979969369,182.281857480704,447.767025183544
"pgl(plate)",3.78375135135135,288.603435111213,182.280243100152,447.765045514809
"pgl(plate)",3.794,288.601941694235,182.278652107967,447.763094680229
"pgl(plate)",3.80424864864865,288.600579689778,182.277084103472,447.761172183634
"pgl(plate)",3.8144972972973,288.599237614846,182.275538693912,447.759277538695
"pgl(plate)",3.82474594594595,288.597721471157,182.27401549427,447.757410268707
"pgl(plate)",3.83499459459459,288.59616530008,182.272514127099,447.755569906369
"pgl(plate)",3.84524324324324,288.594631315425,182.271070209961,447.753755993576
"pgl(plate)",3.85549189189189,288.593119143001,182.269676921503,447.751968081213
"pgl(plate)",3.86574054054054,288.591628415897,182.268303487536,447.750205728958
"pgl(plate)",3.87598918918919,288.590341331085,182.266949573616,447.748468505084
"pgl(plate)",3.88623783783784,288.58941069817,182.265614851794,447.74675598627
"pgl(plate)",3.89648648648649,288.588493279746,182.264299000475,447.745067757418
"pgl(plate)",3.90673513513513,288.58758885413,182.26300170428,447.743403411468
"pgl(plate)",3.91698378378378,288.586697203931,182.261722653906,447.741762549226
"pgl(plate)",3.92723243243243,288.585818115948,182.260461545999,447.740144779189
"pgl(plate)",3.93748108108108,288.58495138108,182.259218083021,447.73854971738
"pgl(plate)",3.94772972972973,288.584096794243,182.257991973122,447.736976987181
"pgl(plate)",3.95797837837838,288.583254154273,182.256766211106,447.735426219176
"pgl(plate)",3.96822702702703,288.58242326385,182.255241962066,447.733897050993
"pgl(plate)",3.97847567567567,288.581603929408,182.253738708274,447.732389127155
"pgl(plate)",3.98872432432432,288.580795961058,182.252256107566,447.730902098928
"pgl(plate)",3.99897297297297,288.57999917251,182.250793824213,447.729435624178
"pgl(plate)",4.00922162162162,288.579213380991,182.249351528786,447.727989367231
"pgl(plate)",4.01947027027027,288.578438407175,182.247928898018,447.726562998732
"pgl(plate)",4.02971891891892,288.577674075106,182.246525614675,447.72515619551
"pgl(plate)",4.03996756756757,288.576920212127,182.245141367432,447.723768640453
"pgl(plate)",4.05021621621622,288.576176648812,182.243775850744,447.72240002237
"pgl(plate)",4.06046486486486,288.575443218895,182.242428764725,447.721050035873
"pgl(plate)",4.07071351351351,288.574719759204,182.241099815031,447.719718381252
"pgl(plate)",4.08096216216216,288.574006109597,182.239788712742,447.718404764354
"pgl(plate)",4.09121081081081,288.573302112897,182.238495174252,447.71710889647
"pgl(plate)",4.10145945945946,288.57260761483,182.237497849182,447.715830494217
"pgl(plate)",4.11170810810811,288.571922463965,182.23695604948,447.71456927943
"pgl(plate)",4.12195675675676,288.571246511654,182.236421528101,447.713324979052
"pgl(plate)",4.13220540540541,288.570579611975,182.235894169537,447.712097325026
"pgl(plate)",4.14245405405405,288.569921621674,182.235373860394,447.710886054195
"pgl(plate)",4.1527027027027,288.569272400112,182.234860489345,447.709690908197
"pgl(plate)",4.16295135135135,288.568631809207,182.234353947091,447.708511633369
"pgl(plate)",4.1732,288.567808523047,182.233854126319,447.707347980649
"pgl(plate)",4.18344864864865,288.566967927919,182.233360921659,447.70619970548
"pgl(plate)",4.1936972972973,288.566138564641,182.232874229646,447.705066567721
"pgl(plate)",4.20394594594595,288.565320256167,182.232043113178,447.703948331555
"pgl(plate)",4.21419459459459,288.564512828664,182.231165222726,447.702844765399
"pgl(plate)",4.22444324324324,288.563716111445,182.23029878162,447.701755641822
"pgl(plate)",4.23469189189189,288.562929936909,182.229443613302,447.700680737458
"pgl(plate)",4.24494054054054,288.562154140473,182.228599544358,447.699619832922
"pgl(plate)",4.25518918918919,288.561388560515,182.227766404447,447.698572712735
"pgl(plate)",4.26543783783784,288.559685214493,182.226944026247,447.697539165241
"pgl(plate)",4.27568648648649,288.557536922739,182.226132245391,447.696518982531
"pgl(plate)",4.28593513513513,288.555414947953,182.225330900405,447.69551196037
"pgl(plate)",4.29618378378378,288.553318905771,182.224539832657,447.694517898119
"pgl(plate)",4.30643243243243,288.551248418342,182.223758886292,447.693536598669
"pgl(plate)",4.31668108108108,288.549203114203,182.222987908187,447.692567868367
"pgl(plate)",4.32692972972973,288.547182628158,182.222226747886,447.691611516946
"pgl(plate)",4.33717837837838,288.545186601156,182.221475257557,447.690667357463
"pgl(plate)",4.34742702702703,288.543214680174,182.220733291933,447.68973520623
"pgl(plate)",4.35767567567567,288.541266518102,182.220000708265,447.68881488275
"pgl(plate)",4.36792432432432,288.539341773629,182.219277366274,447.687906209653
"pgl(plate)",4.37817297297297,288.538036745978,182.218563128097,447.687009012639
"pgl(plate)",4.38842162162162,288.537283230136,182.217857858247,447.686123120413
"pgl(plate)",4.39867027027027,288.536539110785,182.21716142356,447.685248364629
"pgl(plate)",4.40891891891892,288.535804249264,182.216473693156,447.684384579831
"pgl(plate)",4.41916756756757,288.53507850927,182.215794538391,447.683531603401
"pgl(plate)",4.42941621621622,288.534361756818,182.215123832812,447.682689275495
"pgl(plate)",4.43966486486486,288.533653860194,182.214461452119,447.681857439001
"pgl(plate)",4.44991351351351,288.532954689914,182.213807274122,447.681035939477
"pgl(plate)",4.46016216216216,288.532264118676,182.213161178698,447.680224625102
"pgl(plate)",4.47041081081081,288.531582021326,182.212523047757,447.679423346628
"pgl(plate)",4.48065945945946,288.530908274807,182.211892765196,447.67863195733
"pgl(plate)",4.49090810810811,288.530242758131,182.211270216866,447.677850312954
"pgl(plate)",4.50115675675676,288.529585352327,182.210655290533,447.677078271675
"pgl(plate)",4.51140540540541,288.528935940415,182.210047875842,447.676315694047
"pgl(plate)",4.52165405405405,288.528294407358,182.209447864282,447.675562442961
"pgl(plate)",4.5319027027027,288.527660640033,182.20885514915,447.674818383595
"pgl(plate)",4.54215135135135,288.527034527189,182.208269625517,447.67408338338
"pgl(plate)",4.5524,288.526415959418,182.207691190195,447.673357311947
"pgl(plate)",4.56264864864865,288.525804829115,182.207119741705,447.672640041094
"pgl(plate)",4.5728972972973,288.525201030446,182.206555180242,447.671931444739
"pgl(plate)",4.58314594594595,288.524604459316,182.205997407649,447.671231398887
"pgl(plate)",4.59339459459459,288.524015013338,182.20544632738,447.670539781583
"pgl(plate)",4.60364324324324,288.523432591797,182.204901844475,447.669856472881
"pgl(plate)",4.61389189189189,288.522857095622,182.204363865529,447.669181354802
"pgl(plate)",4.62414054054054,288.522288427355,182.20383229866,447.6685143113
"pgl(plate)",4.63438918918919,288.521726491121,182.203307053486,447.667855228224
"pgl(plate)",4.64463783783784,288.521171192599,182.202788041094,447.667203993285
"pgl(plate)",4.65488648648649,288.520622438994,182.202275174015,447.666560496021
"pgl(plate)",4.66513513513513,288.520080139009,182.201768366194,447.665924627762
"pgl(plate)",4.67538378378378,288.519544202816,182.201267532969,447.665296281601
"pgl(plate)",4.68563243243243,288.519014542031,182.20077259104,447.664675352354
"pgl(plate)",4.69588108108108,288.518491069686,182.200283458449,447.664061736537
"pgl(plate)",4.70612972972973,288.517973700206,182.199800054554,447.663455332332
"pgl(plate)",4.71637837837838,288.517116962299,182.199322300003,447.662856039551
"pgl(plate)",4.72662702702703,288.51623413949,182.198850116712,447.662263759617
"pgl(plate)",4.73687567567567,288.515361321925,182.198383427844,447.661678395526
"pgl(plate)",4.74712432432432,288.514498374917,182.197922157783,447.661099851822
"pgl(plate)",4.75737297297297,288.51364516588,182.197466232115,447.660528034568
"pgl(plate)",4.76762162162162,288.512801564287,182.197015577605,447.659962851319
"pgl(plate)",4.77787027027027,288.511967441636,182.196570122175,447.659404211099
"pgl(plate)",4.78811891891892,288.511142671415,182.196129794884,447.658852024365
"pgl(plate)",4.79836756756757,288.510327129066,182.19569452591,447.658306202993
"pgl(plate)",4.80861621621622,288.509520691952,182.195264246525,447.657766660243
"pgl(plate)",4.81886486486486,288.508723239321,182.194838889082,447.657233310741
"pgl(plate)",4.82911351351351,288.507934652276,182.194418386988,447.656706070449
"pgl(plate)",4.83936216216216,288.507154813739,182.194002674693,447.656184856647
"pgl(plate)",4.84961081081081,288.506383608425,182.193591687667,447.655669587906
"pgl(plate)",4.85985945945946,288.505620922804,182.193185362383,447.655160184066
"pgl(plate)",4.87010810810811,288.504866645075,182.1927836363,447.654656566213
"pgl(plate)",4.88035675675676,288.504120665137,182.192386447844,447.654158656658
"pgl(plate)",4.89060540540541,288.503382874556,182.191993736393,447.653666378917
"pgl(plate)",4.90085405405405,288.502653166537,182.19160544226,447.653179657684
"pgl(plate)",4.9111027027027,288.501931435901,182.191221506675,447.652698418819
"pgl(plate)",4.92135135135135,288.50121757905,182.190841871771,447.65222258932
"pgl(plate)",4.9316,288.500511493943,182.190466480568,447.651752097308
"pgl(plate)",4.94184864864865,288.499813080072,182.190095276956,447.651286872004
"pgl(plate)",4.9520972972973,288.499122238431,182.189728205683,447.650826843712
"pgl(plate)",4.96234594594595,288.498438871496,182.189365212335,447.650371943802
"pgl(plate)",4.97259459459459,288.497762883195,182.189006243327,447.649922104687
"pgl(plate)",4.98284324324324,288.497094178885,182.188651245887,447.649477259807
"pgl(plate)",4.99309189189189,288.496432665329,182.18830016804,447.649037343615
"pgl(plate)",5.00334054054054,288.495778250671,182.187952958597,447.648602291553
"pgl(plate)",5.01358918918919,288.495130844414,182.187609567139,447.648172040039
"pgl(plate)",5.02383783783784,288.494490357396,182.187269944008,447.647746526452
"pgl(plate)",5.03408648648649,288.493856701767,182.186934040288,447.64732568911
"pgl(plate)",5.04433513513513,288.493229790971,182.186601807798,447.646909467259
"pgl(plate)",5.05458378378378,288.492609539717,182.186273199077,447.646497801056
"pgl(plate)",5.06483243243243,288.491995863967,182.185948167371,447.646090631553
"pgl(plate)",5.07508108108108,288.491388680908,182.185626666623,447.645687900679
"pgl(plate)",5.08532972972973,288.490787908934,182.18530865146,447.645289551233
"pgl(plate)",5.09557837837838,288.490193467629,182.184994077181,447.644895526859
"pgl(plate)",5.10582702702703,288.489741048691,182.184682899748,447.644505772041
"pgl(plate)",5.11607567567567,288.489393605606,182.184375075774,447.644120232083
"pgl(plate)",5.12632432432432,288.489049878375,182.184070562508,447.6437388531
"pgl(plate)",5.13657297297297,288.488709819946,182.183769317833,447.643361581997
"pgl(plate)",5.14682162162162,288.488373383958,182.183471300245,447.642988366465
"pgl(plate)",5.15707027027027,288.488040524722,182.183176468852,447.642619154961
"pgl(plate)",5.16731891891892,288.48771119722,182.182884783358,447.642253896699
"pgl(plate)",5.17756756756757,288.487385357083,182.182596204056,447.641892541634
"pgl(plate)",5.18781621621622,288.48706296059,182.182310691818,447.641535040454
"pgl(plate)",5.19806486486486,288.486743964649,182.182028208083,447.641181344564
"pgl(plate)",5.20831351351351,288.486428326795,182.181748714851,447.640831406078
"pgl(plate)",5.21856216216216,288.486116005171,182.181472174672,447.640485177803
"pgl(plate)",5.22881081081081,288.485806958526,182.181198550636,447.64014261323
"pgl(plate)",5.23905945945946,288.485501146199,182.180927806367,447.639803666525
"pgl(plate)",5.24930810810811,288.485198528114,182.180659906012,447.639468292511
"pgl(plate)",5.25955675675676,288.484899064768,182.180394814232,447.639136446666
"pgl(plate)",5.26980540540541,288.48460271722,182.180132496198,447.638808085107
"pgl(plate)",5.28005405405405,288.484309447087,182.179872917575,447.638483164579
"pgl(plate)",5.2903027027027,288.484019216531,182.179616044523,447.638161642448
"pgl(plate)",5.30055135135135,288.48373198825,182.179361843681,447.637843476688
"pgl(plate)",5.3108,288.483447725473,182.179110282165,447.637528625874
"pgl(plate)",5.32104864864865,288.483166391947,182.178861327555,447.637217049171
"pgl(plate)",5.3312972972973,288.482887951932,182.178614947895,447.636908706323
"pgl(plate)",5.34154594594595,288.482612370191,182.178371111678,447.636603557646
"pgl(plate)",5.35179459459459,288.482339611984,182.178129787842,447.636301564017
"pgl(plate)",5.36204324324324,288.482069643055,182.177890945764,447.636002686865
"pgl(plate)",5.37229189189189,288.481802429632,182.177654555251,447.635706888166
"pgl(plate)",5.38254054054054,288.481537938414,182.177420586534,447.635414130429
"pgl(plate)",5.39278918918919,288.481276136563,182.177189010261,447.63512437669
"pgl(plate)",5.40303783783784,288.481016991701,182.176959797493,447.634837590503
"pgl(plate)",5.41328648648649,288.480760471899,182.17673291969,447.634553735932
"pgl(plate)",5.42353513513513,288.48050654567,182.176508348714,447.634272777546
"pgl(plate)",5.43378378378378,288.480255181965,182.176286056818,447.633994680403
"pgl(plate)",5.44403243243243,288.480006350163,182.176066016637,447.633719410051
"pgl(plate)",5.45428108108108,288.479760020068,182.17584820119,447.633446932517
"pgl(plate)",5.46452972972973,288.479516161896,182.175632583864,447.633177214295
"pgl(plate)",5.47477837837838,288.479274120316,182.175419138417,447.632910222347
"pgl(plate)",5.48502702702703,288.47897617902,182.175207838968,447.63264592409
"pgl(plate)",5.49527567567567,288.478681202125,182.174998659991,447.63238428739
"pgl(plate)",5.50552432432432,288.478389154691,182.17479157631,447.632125280554
"pgl(plate)",5.51577297297297,288.478100002251,182.174586563097,447.631868872326
"pgl(plate)",5.52602162162162,288.477813710807,182.174383595859,447.631615031879
"pgl(plate)",5.53627027027027,288.477530246825,182.174182650442,447.631363728807
"pgl(plate)",5.54651891891892,288.47724957722,182.173983703018,447.631114933119
"pgl(plate)",5.55676756756757,288.47697166936,182.173786730084,447.630868615234
"pgl(plate)",5.56701621621622,288.476696491049,182.173591708457,447.630624745973
"pgl(plate)",5.57726486486486,288.476424010526,182.173398615266,447.630383296554
"pgl(plate)",5.58751351351351,288.476154196458,182.173207427951,447.630144238584
"pgl(plate)",5.59776216216216,288.475887017932,182.173018124257,447.629907544055
"pgl(plate)",5.60801081081081,288.475622444447,182.172830682229,447.629673185339
"pgl(plate)",5.61825945945946,288.475360445913,182.172645080205,447.629441135179
"pgl(plate)",5.62850810810811,288.475100992639,182.172461296817,447.629211366685
"pgl(plate)",5.63875675675676,288.474844055331,182.17227931098,447.628983853328
"pgl(plate)",5.64900540540541,288.474589605085,182.172099101896,447.628758568937
"pgl(plate)",5.65925405405405,288.474337613378,182.17192064904,447.628535487689
"pgl(plate)",5.6695027027027,288.474088052067,182.171743932162,447.628314584107
"pgl(plate)",5.67975135135135,288.473840893382,182.171568931284,447.628095833055
"pgl(plate)",5.69,288.473596109918,182.17139562669,447.627879209729
"pgl(plate)",5.70024864864865,288.473353674632,182.171223998928,447.627664689659
"pgl(plate)",5.7104972972973,288.473113560835,182.171054028801,447.627452248695
"pgl(plate)",5.72074594594595,288.472875742191,182.170885697368,447.62724186301
"pgl(plate)",5.73099459459459,288.472640192709,182.170718985937,447.627033509091
"pgl(plate)",5.74124324324324,288.472406886735,182.170553876061,447.626827163736
"pgl(plate)",5.75149189189189,288.472175798953,182.170390349538,447.626622804049
"pgl(plate)",5.76174054054054,288.471946904377,182.170228388401,447.626420407433
"pgl(plate)",5.77198918918919,288.471720178345,182.170067974922,447.62621995159
"pgl(plate)",5.78223783783784,288.471495596515,182.169909091603,447.626021414513
"pgl(plate)",5.79248648648649,288.471273134864,182.169751721175,447.625824774483
"pgl(plate)",5.80273513513513,288.471052769675,182.169595846592,447.625630010066
"pgl(plate)",5.81298378378378,288.470834477541,182.169441451033,447.625437100105
"pgl(plate)",5.82323243243243,288.470618235357,182.169288517893,447.625246023721
"pgl(plate)",5.83348108108108,288.470404020313,182.169137030782,447.625056760304
"pgl(plate)",5.84372972972973,288.470191809895,182.168986973524,447.624869289513
"pgl(plate)",5.85397837837838,288.469981581876,182.16883833015,447.624683591269
"pgl(plate)",5.86422702702703,288.469773314316,182.168691084897,447.624499645754
"pgl(plate)",5.87447567567567,288.469566985552,182.168545222207,447.624317433403
"pgl(plate)",5.88472432432432,288.469362574202,182.168400726719,447.624136934907
"pgl(plate)",5.89497297297297,288.469160059152,182.16825758327,447.623958131201
"pgl(plate)",5.90522162162162,288.46895941956,182.168115776892,447.623781003467
"pgl(plate)",5.91547027027027,288.468760634847,182.167975292808,447.623605533129
"pgl(plate)",5.92571891891892,288.468563684695,182.167836116428,447.623431701846
"pgl(plate)",5.93596756756757,288.468368549045,182.167698233349,447.623259491513
"pgl(plate)",5.94621621621622,288.468175208088,182.167561629352,447.623088884255
"pgl(plate)",5.95646486486486,288.467983642269,182.167426290398,447.622919862425
"pgl(plate)",5.96671351351351,288.467793832275,182.167292202623,447.622752408599
"pgl(plate)",5.97696216216216,288.46760575904,182.167159352343,447.622586505577
"pgl(plate)",5.98721081081081,288.467419403733,182.167027726043,447.622422136372
"pgl(plate)",5.99745945945946,288.467234747761,182.166897310381,447.622259284216
"pgl(plate)",6.00770810810811,288.467051772765,182.166768092181,447.622097932549
"pgl(plate)",6.01795675675676,288.466870460613,182.166640058434,447.621938065023
"pgl(plate)",6.02820540540541,288.4666907934,182.166513196293,447.621779665493
"pgl(plate)",6.03845405405405,288.466512753442,182.166387493073,447.621622718018
"pgl(plate)",6.0487027027027,288.466336323278,182.166262936246,447.621467206855
"pgl(plate)",6.05895135135135,288.466161485661,182.166139513441,447.62131311646
"pgl(plate)",6.0692,288.465988223557,182.166017212442,447.621160431483
"pgl(plate)",6.07944864864865,288.465816520145,182.165896021184,447.621009136764
"pgl(plate)",6.0896972972973,288.46564635881,182.165775927752,447.620859217332
"pgl(plate)",6.09994594594595,288.465477723141,182.165656920379,447.620710658403
"pgl(plate)",6.11019459459459,288.46531059693,182.165538987442,447.620563445375
"pgl(plate)",6.12044324324324,288.465144964168,182.165422117464,447.620417563829
"pgl(plate)",6.13069189189189,288.464980809042,182.165306299108,447.620272999521
"pgl(plate)",6.14094054054054,288.464818115932,182.165191521177,447.620129738386
"pgl(plate)",6.15118918918919,288.464656869408,182.165077772611,447.619987766531
"pgl(plate)",6.16143783783784,288.464497054231,182.164965042487,447.619847070232
"pgl(plate)",6.17168648648649,288.464338655345,182.164853320015,447.619707635938
"pgl(plate)",6.18193513513513,288.464181657877,182.164742594536,447.619569450261
"pgl(plate)",6.19218378378378,288.464026047137,182.164632855524,447.619432499976
"pgl(plate)",6.20243243243243,288.463871808609,182.164524092578,447.619296772023
"pgl(plate)",6.21268108108108,288.463718927957,182.164416295426,447.619162253498
"pgl(plate)",6.22292972972973,288.463567391014,182.164309453919,447.619028931657
"pgl(plate)",6.23317837837838,288.463417183786,182.164203558033,447.618896793908
"pgl(plate)",6.24342702702703,288.463268292447,182.164098597864,447.618765827814
"pgl(plate)",6.25367567567567,288.463120703338,182.163994563628,447.618636021089
"pgl(plate)",6.26392432432432,288.462974402963,182.163891445659,447.618507361594
"pgl(plate)",6.27417297297297,288.462829377987,182.163789234409,447.618379837339
"pgl(plate)",6.28442162162162,288.462685615235,182.163687920441,447.618253436475
"pgl(plate)",6.29467027027027,288.462543101689,182.163587494436,447.618128147299
"pgl(plate)",6.30491891891892,288.462401824487,182.163487947185,447.618003958248
"pgl(plate)",6.31516756756757,288.46226177092,182.163389269587,447.617880857897
"pgl(plate)",6.32541621621622,288.462122928429,182.163291452654,447.617758834958
"pgl(plate)",6.33566486486486,288.461985284605,182.163194487501,447.617637878279
"pgl(plate)",6.34591351351351,288.461848827184,182.163098365352,447.617517976839
"pgl(plate)",6.35616216216216,288.46171354405,182.163003077534,447.617399119752
"pgl(plate)",6.36641081081081,288.461579423227,182.162908615478,447.617281296258
"pgl(plate)",6.37665945945946,288.461446452883,182.162814970714,447.617164495727
"pgl(plate)",6.38690810810811,288.461314621322,182.162722134876,447.617048707655
"pgl(plate)",6.39715675675676,288.461183916989,182.162630099694,447.616933921663
"pgl(plate)",6.40740540540541,288.46105432846,182.162538856998,447.616820127492
"pgl(plate)",6.41765405405405,288.46092584445,182.162448398711,447.616707315007
"pgl(plate)",6.4279027027027,288.460798453802,182.162358716854,447.616595474191
"pgl(plate)",6.43815135135135,288.460672145491,182.162269803541,447.616484595147
"pgl(plate)",6.4484,288.46054690862,182.162181650977,447.616374668092
"pgl(plate)",6.45864864864865,288.460422732418,182.16209425146,447.616265683359
"pgl(plate)",6.4688972972973,288.46029960624,182.162007597377,447.616157631394
"pgl(plate)",6.47914594594595,288.460177519565,182.161921681205,447.616050502755
"pgl(plate)",6.48939459459459,288.460056461994,182.161836495508,447.61594428811
"pgl(plate)",6.49964324324324,288.459936423246,182.161752032935,447.615838978236
"pgl(plate)",6.50989189189189,288.45981739316,182.161668286223,447.615734564017
"pgl(plate)",6.52014054054054,288.459699361693,182.161585248191,447.615631036444
"pgl(plate)",6.53038918918919,288.459582318916,182.161502911744,447.615528386612
"pgl(plate)",6.54063783783784,288.459466255016,182.161421269865,447.615426605718
"pgl(plate)",6.55088648648649,288.459351160291,182.161340315622,447.615325685063
"pgl(plate)",6.56113513513513,288.45923702515,182.16126004216,447.615225616048
"pgl(plate)",6.57138378378378,288.459123840113,182.161180442704,447.615126390171
"pgl(plate)",6.58163243243243,288.459011595807,182.161101510558,447.615027999032
"pgl(plate)",6.59188108108108,288.458900282966,182.1610232391,447.614930434324
"pgl(plate)",6.60212972972973,288.45878989243,182.160945621787,447.614833687836
"pgl(plate)",6.61237837837838,288.458680415144,182.160868652148,447.614737751454
"pgl(plate)",6.62262702702703,288.458571842153,182.160792323788,447.614642617152
"pgl(plate)",6.63287567567567,288.458464164606,182.160716630384,447.614548277001
"pgl(plate)",6.64312432432432,288.458357373752,182.160641565684,447.614454723158
"pgl(plate)",6.65337297297297,288.458251460936,182.16056712351,447.614361947872
"pgl(plate)",6.66362162162162,288.458146417605,182.160493297751,447.61426994348
"pgl(plate)",6.67387027027027,288.458042235298,182.160420082367,447.614178702404
"pgl(plate)",6.68411891891892,288.457938905653,182.160347471386,447.614088217155
"pgl(plate)",6.69436756756757,288.457836420399,182.160275458903,447.613998480327
"pgl(plate)",6.70461621621622,288.457734771358,182.160204039079,447.613909484598
"pgl(plate)",6.71486486486486,288.457633950446,182.160133206143,447.613821222729
"pgl(plate)",6.72511351351351,288.457533949666,182.160062954388,447.613733687561
"pgl(plate)",6.73536216216216,288.457434761112,182.159993278168,447.613646872018
"pgl(plate)",6.74561081081081,288.457336376968,182.159924171906,447.613560769102
"pgl(plate)",6.75585945945946,288.4572387895,182.159855630082,447.613475371895
"pgl(plate)",6.76610810810811,288.457141991064,182.159787647242,447.613390673554
"pgl(plate)",6.77635675675676,288.4570459741,182.159720217989,447.613306667315
"pgl(plate)",6.78660540540541,288.456950731131,182.15965333699,447.613223346488
"pgl(plate)",6.79685405405405,288.456856254762,182.159586998967,447.613140704459
"pgl(plate)",6.8071027027027,288.456762537682,182.159521198706,447.613058734686
"pgl(plate)",6.81735135135135,288.456669572658,182.159455931045,447.612977430702
"pgl(plate)",6.8276,288.456577352538,182.159391190884,447.612896786109
"pgl(plate)",6.83784864864865,288.456485870249,182.159326973177,447.612816794582
"pgl(plate)",6.8480972972973,288.456395118795,182.159263272933,447.612737449866
"pgl(plate)",6.85834594594595,288.456305091256,182.159200085219,447.612658745773
"pgl(plate)",6.86859459459459,288.456215780789,182.159137405154,447.612580676187
"pgl(plate)",6.87884324324324,288.456127180624,182.15907522791,447.612503235056
"pgl(plate)",6.88909189189189,288.456039284068,182.159013548715,447.612426416396
"pgl(plate)",6.89934054054054,288.455952084498,182.158952362846,447.612350214289
"pgl(plate)",6.90958918918919,288.455865575363,182.158891665634,447.612274622882
"pgl(plate)",6.91983783783784,288.455779750186,182.158831452461,447.612199636385
"pgl(plate)",6.93008648648649,288.455694602557,182.158771718756,447.612125249072
"pgl(plate)",6.94033513513513,288.455610126137,182.158712460003,447.61205145528
"pgl(plate)",6.95058378378378,288.455526314656,182.158653671732,447.611978249408
"pgl(plate)",6.96083243243243,288.45544316191,182.158595349522,447.611905625914
"pgl(plate)",6.97108108108108,288.455360661764,182.158537488999,447.611833579319
"pgl(plate)",6.98132972972973,288.455278808147,182.158480085839,447.611762104202
"pgl(plate)",6.99157837837838,288.455197595055,182.158423135763,447.611691195201
"pgl(plate)",7.00182702702703,288.455117016548,182.158366634538,447.611620847012
"pgl(plate)",7.01207567567567,288.455037066748,182.158310577977,447.611551054388
"pgl(plate)",7.02232432432432,288.454957739842,182.158254961939,447.611481812139
"pgl(plate)",7.03257297297297,288.454879030079,182.158199782326,447.611413115132
"pgl(plate)",7.04282162162162,288.454800931768,182.158145035086,447.611344958288
"pgl(plate)",7.05307027027027,288.45472343928,182.158090716208,447.611277336582
"pgl(plate)",7.06331891891892,288.454646547045,182.158036821725,447.611210245045
"pgl(plate)",7.07356756756757,288.454570249552,182.157983347713,447.61114367876
"pgl(plate)",7.08381621621622,288.45449454135,182.157930290291,447.611077632861
"pgl(plate)",7.09406486486486,288.454419417044,182.157877645615,447.611012102538
"pgl(plate)",7.10431351351351,288.454344871297,182.157825409887,447.61094708303
"pgl(plate)",7.11456216216216,288.454270898828,182.157773579347,447.610882569625
"pgl(plate)",7.12481081081081,288.454197494412,182.157722150274,447.610818557665
"pgl(plate)",7.13505945945946,288.45412465288,182.157671118988,447.610755042538
"pgl(plate)",7.14530810810811,288.454052369115,182.157620481848,447.610692019683
"pgl(plate)",7.15555675675676,288.453980638055,182.15757023525,447.610629484587
"pgl(plate)",7.16580540540541,288.453909454692,182.15752037563,447.610567432784
"pgl(plate)",7.17605405405405,288.45383881407,182.15747089946,447.610505859856
"pgl(plate)",7.1863027027027,288.453768711283,182.15742180325,447.610444761431
"pgl(plate)",7.19655135135135,288.453699141478,182.157373083547,447.610384133184
"pgl(plate)",7.2068,288.453630099854,182.157324736932,447.610323970835
"pgl(plate)",7.21704864864865,288.453561581656,182.157276760024,447.610264270148
"pgl(plate)",7.2272972972973,288.453493582183,182.157229149478,447.610205026933
"pgl(plate)",7.23754594594595,288.453426096779,182.157181901982,447.610146237043
"pgl(plate)",7.24779459459459,288.453359120838,182.157135014259,447.610087896375
"pgl(plate)",7.25804324324324,288.453292649803,182.157088483067,447.610030000868
"pgl(plate)",7.26829189189189,288.453226679161,182.157042305197,447.609972546504
"pgl(plate)",7.27854054054054,288.453161204448,182.156996477473,447.609915529306
"pgl(plate)",7.28878918918919,288.453096221246,182.156950996754,447.60985894534
"pgl(plate)",7.29903783783784,288.45303172518,182.15690585993,447.609802790712
"pgl(plate)",7.30928648648649,288.452967711924,182.156861063922,447.609747061567
"pgl(plate)",7.31953513513513,288.452904177194,182.156816605685,447.609691754093
"pgl(plate)",7.32978378378378,288.452841116749,182.156772482204,447.609636864515
"pgl(plate)",7.34003243243243,288.452778526393,182.156728690496,447.609582389098
"pgl(plate)",7.35028108108108,288.452716401973,182.156685227608,447.609528324145
"pgl(plate)",7.36052972972973,288.452654739378,182.156642090619,447.609474665997
"pgl(plate)",7.37077837837838,288.452593534538,182.156599276634,447.609421411033
"pgl(plate)",7.38102702702703,288.452532783426,182.156556782793,447.60936855567
"pgl(plate)",7.39127567567567,288.452472482056,182.156514606261,447.60931609636
"pgl(plate)",7.40152432432432,288.452412626481,182.156472744234,447.609264029593
"pgl(plate)",7.41177297297297,288.452353212794,182.156431193936,447.609212351894
"pgl(plate)",7.42202162162162,288.45229423713,182.156389952619,447.609161059824
"pgl(plate)",7.43227027027027,288.452235695661,182.156349017564,447.609110149978
"pgl(plate)",7.44251891891892,288.452177584598,182.15630838608,447.609059618987
"pgl(plate)",7.45276756756757,288.452119900189,182.1562680555,447.609009463516
"pgl(plate)",7.46301621621622,288.452062638723,182.156228023188,447.608959680263
"pgl(plate)",7.47326486486486,288.452005796524,182.156188286533,447.608910265961
"pgl(plate)",7.48351351351351,288.451949369953,182.15614884295,447.608861217374
"pgl(plate)",7.49376216216216,288.451893355408,182.156109689881,447.608812531302
"pgl(plate)",7.50401081081081,288.451837749323,182.156070824793,447.608764204574
"pgl(plate)",7.51425945945946,288.451782548168,182.156032245179,447.608716234053
"pgl(plate)",7.52450810810811,288.451727748448,182.155993948557,447.608668616633
"pgl(plate)",7.53475675675676,288.451673346702,182.15595593247,447.608621349238
"pgl(plate)",7.5450054054054,288.451605090557,182.155918194486,447.608574428825
"pgl(plate)",7.55525405405405,288.451507202539,182.155880732196,447.608527852382
"pgl(plate)",7.5655027027027,288.451410007764,182.155843543216,447.608481616924
"pgl(plate)",7.57575135135135,288.451313500392,182.155806625187,447.608435719498
"pgl(plate)",7.586,288.45121767464,182.155769975772,447.608390157182
"pgl(plate)",7.59624864864865,288.451122524782,182.155733592657,447.60834492708
"pgl(plate)",7.6064972972973,288.451028045147,182.155697473552,447.608300026326
"pgl(plate)",7.61674594594595,288.45093423012,182.155661616189,447.608255452084
"pgl(plate)",7.62699459459459,288.45084107414,182.155626018324,447.608211201544
"pgl(plate)",7.63724324324324,288.450748571699,182.155590677733,447.608167271927
"pgl(plate)",7.64749189189189,288.450656717344,182.155555592215,447.608123660477
"pgl(plate)",7.65774054054054,288.450565505673,182.155520759592,447.60808036447
"pgl(plate)",7.66798918918919,288.450474931339,182.155486177705,447.608037381205
"pgl(plate)",7.67823783783784,288.450384989044,182.155451844419,447.607994708011
"pgl(plate)",7.68848648648649,288.45029567354,182.155417757618,447.607952342241
"pgl(plate)",7.69873513513513,288.450206979634,182.155383915207,447.607910281275
"pgl(plate)",7.70898378378378,288.450118902178,182.155350315112,447.607868522518
"pgl(plate)",7.71923243243243,288.450031436077,182.15531695528,447.607827063402
"pgl(plate)",7.72948108108108,288.449944576283,182.155283833676,447.607785901384
"pgl(plate)",7.73972972972973,288.449858317795,182.155250948288,447.607745033944
"pgl(plate)",7.74997837837838,288.449772655664,182.155218297121,447.607704458589
"pgl(plate)",7.76022702702703,288.449687584984,182.155185878201,447.607664172848
"pgl(plate)",7.77047567567567,288.449603100897,182.155153689571,447.607624174276
"pgl(plate)",7.78072432432432,288.449519198593,182.155121729296,447.607584460452
"pgl(plate)",7.79097297297297,288.449435873306,182.155089995459,447.607545028977
"pgl(plate)",7.80122162162162,288.449353120315,182.155058486159,447.607505877476
"pgl(plate)",7.81147027027027,288.449270934945,182.155027199517,447.607467003598
"pgl(plate)",7.82171891891892,288.449189312564,182.15499613367,447.607428405014
"pgl(plate)",7.83196756756757,288.449108248585,182.154965286773,447.607390079417
"pgl(plate)",7.84221621621622,288.449027738463,182.154934657,447.607352024522
"pgl(plate)",7.85246486486486,288.448947777698,182.154904242543,447.607314238069
"pgl(plate)",7.86271351351351,288.44886836183,182.154874041608,447.607276717816
"pgl(plate)",7.87296216216216,288.448789486442,182.154844052422,447.607239461545
"pgl(plate)",7.88321081081081,288.448711147158,182.154814273228,447.607202467059
"pgl(plate)",7.89345945945946,288.448633339644,182.154784702285,447.607165732181
"pgl(plate)",7.90370810810811,288.448556059607,182.154755337868,447.607129254757
"pgl(plate)",7.91395675675676,288.448479302792,182.154726178271,447.60709303265
"pgl(plate)",7.9242054054054,288.448403064985,182.154697221803,447.607057063748
"pgl(plate)",7.93445405405405,288.448327342012,182.154668466788,447.607021345956
"pgl(plate)",7.9447027027027,288.448252129737,182.154639911568,447.606985877201
"pgl(plate)",7.95495135135135,288.448177424063,182.154611554499,447.606950655427
"pgl(plate)",7.9652,288.448103220931,182.154583393953,447.6069156786
"pgl(plate)",7.97544864864865,288.448029516319,182.154555428318,447.606880944705
"pgl(plate)",7.9856972972973,288.447956306243,182.154527655998,447.606846451745
"pgl(plate)",7.99594594594595,288.447883586756,182.154500075411,447.606812197744
"pgl(plate)",8.00619459459459,288.447811353947,182.154472684989,447.606778180742
"pgl(plate)",8.01644324324324,288.447739603942,182.154445483181,447.6067443988
"pgl(plate)",8.02669189189189,288.447668332902,182.154418468449,447.606710849997
"pgl(plate)",8.03694054054054,288.447597537023,182.15439163927,447.606677532427
"pgl(plate)",8.04718918918919,288.447527212537,182.154364994135,447.606644444207
"pgl(plate)",8.05743783783784,288.447457355711,182.154338531551,447.606611583467
"pgl(plate)",8.06768648648649,288.447387962843,182.154312250036,447.606578948358
"pgl(plate)",8.07793513513514,288.44731903027,182.154286148123,447.606546537047
"pgl(plate)",8.08818378378378,288.447250554358,182.154260224361,447.606514347718
"pgl(plate)",8.09843243243243,288.44718253151,182.154234477309,447.606482378572
"pgl(plate)",8.10868108108108,288.447114958158,182.154208905542,447.606450627828
"pgl(plate)",8.11892972972973,288.44704783077,182.154183507647,447.60641909372
"pgl(plate)",8.12917837837838,288.446981145844,182.154158282225,447.606387774499
"pgl(plate)",8.13942702702703,288.446914899911,182.154133227888,447.606356668433
"pgl(plate)",8.14967567567568,288.446849089533,182.154108343265,447.606325773805
"pgl(plate)",8.15992432432432,288.446783711303,182.154083626992,447.606295088915
"pgl(plate)",8.17017297297297,288.446718761846,182.154059077724,447.606264612079
"pgl(plate)",8.18042162162162,288.446654237816,182.154034694123,447.606234341628
"pgl(plate)",8.19067027027027,288.446590135899,182.154010474866,447.606204275907
"pgl(plate)",8.20091891891892,288.446526452809,182.153986418642,447.606174413279
"pgl(plate)",8.21116756756757,288.44646318529,182.153962524152,447.60614475212
"pgl(plate)",8.22141621621622,288.446400330118,182.153938790109,447.606115290823
"pgl(plate)",8.23166486486486,288.446337884094,182.153915215237,447.606086027794
"pgl(plate)",8.24191351351351,288.446275844051,182.153891798272,447.606056961454
"pgl(plate)",8.25216216216216,288.446214206848,182.153868537963,447.606028090239
"pgl(plate)",8.26241081081081,288.446152969373,182.153845433069,447.6059994126
"pgl(plate)",8.27265945945946,288.446092128544,182.15382248236,447.605970927
"pgl(plate)",8.28290810810811,288.446031681303,182.15379968462,447.605942631919
"pgl(plate)",8.29315675675676,288.445971624622,182.153777038639,447.605914525849
"pgl(plate)",8.3034054054054,288.445911955498,182.153754543224,447.605886607295
"pgl(plate)",8.31365405405405,288.445852670956,182.153732197188,447.605858874778
"pgl(plate)",8.3239027027027,288.445793768047,182.153709999358,447.605831326831
"pgl(plate)",8.33415135135135,288.44573524385,182.15368794857,447.605803962001
"pgl(plate)",8.3444,288.445677095466,182.15366604367,447.605776778847
"pgl(plate)",8.35464864864865,288.445619320026,182.153644283517,447.605749775942
"pgl(plate)",8.3648972972973,288.445561914684,182.153622666978,447.605722951872
"pgl(plate)",8.37514594594595,288.445504876618,182.15360119293,447.605696305237
"pgl(plate)",8.38539459459459,288.445448203035,182.153579860263,447.605669834646
"pgl(plate)",8.39564324324324,288.445391891162,182.153558667873,447.605643538725
"pgl(plate)",8.40589189189189,288.445335938254,182.15353761467,447.605617416109
"pgl(plate)",8.41614054054054,288.445280341589,182.15351669957,447.605591465447
"pgl(plate)",8.42638918918919,288.445225098467,182.153495921502,447.6055656854
"pgl(plate)",8.43663783783784,288.445170206215,182.153475279402,447.60554007464
"pgl(plate)",8.44688648648649,288.445115662181,182.153454772218,447.605514631853
"pgl(plate)",8.45713513513513,288.445061463737,182.153434398905,447.605489355735
"pgl(plate)",8.46738378378378,288.445007608278,182.153414158429,447.605464244993
"pgl(plate)",8.47763243243243,288.444954093223,182.153394049764,447.605439298348
"pgl(plate)",8.48788108108108,288.444900916011,182.153374071895,447.605414514532
"pgl(plate)",8.49812972972973,288.444848074105,182.153354223814,447.605389892285
"pgl(plate)",8.50837837837838,288.44479556499,182.153334504523,447.605365430364
"pgl(plate)",8.51862702702703,288.444743386172,182.153314913033,447.605341127531
"pgl(plate)",8.52887567567568,288.44469153518,182.153295448363,447.605316982563
"pgl(plate)",8.53912432432432,288.444640009563,182.153276109541,447.605292994246
"pgl(plate)",8.54937297297297,288.444588806893,182.153256895604,447.605269161379
"pgl(plate)",8.55962162162162,288.44453792476,182.153237805597,447.605245482769
"pgl(plate)",8.56987027027027,288.444487360779,182.153218838575,447.605221957235
"pgl(plate)",8.58011891891892,288.444437112581,182.153199993598,447.605198583605
"pgl(plate)",8.59036756756757,288.444387177822,182.153181269738,447.60517536072
"pgl(plate)",8.60061621621622,288.444337554174,182.153162666072,447.60515228743
"pgl(plate)",8.61086486486487,288.444288239333,182.153144181688,447.605129362593
"pgl(plate)",8.62111351351351,288.444239231011,182.15312581568,447.60510658508
"pgl(plate)",8.63136216216216,288.444190526942,182.153107567151,447.60508395377
"pgl(plate)",8.64161081081081,288.444142124878,182.15308943521,447.605061467554
"pgl(plate)",8.65185945945946,288.444094022593,182.153071418977,447.60503912533
"pgl(plate)",8.66210810810811,288.444046217877,182.153053517576,447.605016926007
"pgl(plate)",8.67235675675676,288.44399870854,182.153035730142,447.604994868505
"pgl(plate)",8.68260540540541,288.443951492411,182.153018055815,447.604972951751
"pgl(plate)",8.69285405405405,288.443904567336,182.153000493745,447.604951174682
"pgl(plate)",8.7031027027027,288.443857931181,182.152983043086,447.604929536245
"pgl(plate)",8.71335135135135,288.443811581831,182.152965703003,447.604908035396
"pgl(plate)",8.7236,288.443765517186,182.152948472665,447.6048866711
"pgl(plate)",8.73384864864865,288.443719735166,182.152931351251,447.60486544233
"pgl(plate)",8.7440972972973,288.443674233707,182.152914337946,447.604844348069
"pgl(plate)",8.75434594594595,288.443629010765,182.15289743194,447.60482338731
"pgl(plate)",8.76459459459459,288.443584064311,182.152880632433,447.604802559051
"pgl(plate)",8.77484324324324,288.443539392334,182.152863938631,447.604781862302
"pgl(plate)",8.78509189189189,288.44349499284,182.152847349747,447.604761296081
"pgl(plate)",8.79534054054054,288.443450863851,182.152830864999,447.604740859413
"pgl(plate)",8.80558918918919,288.443407003407,182.152814483614,447.604720551333
"pgl(plate)",8.81583783783784,288.443363409563,182.152798204824,447.604700370884
"pgl(plate)",8.82608648648649,288.443320080391,182.152782027869,447.604680317116
"pgl(plate)",8.83633513513514,288.44327701398,182.152765951995,447.604660389089
"pgl(plate)",8.84658378378378,288.443234208434,182.152749976454,447.604640585869
"pgl(plate)",8.85683243243243,288.443191661873,182.152734100504,447.604620906531
"pgl(plate)",8.86708108108108,288.443149372432,182.152718323411,447.60460135016
"pgl(plate)",8.87732972972973,288.443107338263,182.152702644446,447.604581915845
"pgl(plate)",8.88757837837838,288.443065557533,182.152687062885,447.604562602685
"pgl(plate)",8.89782702702703,288.443024028423,182.152671578014,447.604543409787
"pgl(plate)",8.90807567567568,288.442982749131,182.152656189121,447.604524336264
"pgl(plate)",8.91832432432432,288.442941717869,182.152640895502,447.604505381238
"pgl(plate)",8.92857297297297,288.442900932864,182.15262569646,447.604486543838
"pgl(plate)",8.93882162162162,288.442860392357,182.1526105913,447.6044678232
"pgl(plate)",8.94907027027027,288.442820094604,182.152595579338,447.604449218467
"pgl(plate)",8.95931891891892,288.442780037876,182.152580659891,447.604430728791
"pgl(plate)",8.96956756756757,288.442740220458,182.152565832286,447.60441235333
"pgl(plate)",8.97981621621622,288.442700640649,182.152551095853,447.604394091248
"pgl(plate)",8.99006486486486,288.442661296762,182.152536449927,447.604375941719
"pgl(plate)",9.00031351351351,288.442622187123,182.152521893852,447.60435790392
"pgl(plate)",9.01056216216216,288.442583310074,182.152507426974,447.60433997704
"pgl(plate)",9.02081081081081,288.442544663969,182.152493048647,447.604322160269
"pgl(plate)",9.03105945945946,288.442506247175,182.152478758228,447.604304452808
"pgl(plate)",9.04130810810811,288.442468058073,182.152464555081,447.604286853864
"pgl(plate)",9.05155675675676,288.442430095059,182.152450438576,447.60426936265
"pgl(plate)",9.0618054054054,288.442392356538,182.152436408086,447.604251978384
"pgl(plate)",9.07205405405405,288.442354840933,182.152422462991,447.604234700294
"pgl(plate)",9.0823027027027,288.442317546676,182.152408602676,447.604217527613
"pgl(plate)",9.09255135135135,288.442280472214,182.15239482653,447.604200459578
"pgl(plate)",9.1028,288.442243616005,182.152381133949,447.604183495436
"pgl(plate)",9.11304864864865,288.44220697652,182.152367524332,447.604166634439
"pgl(plate)",9.1232972972973,288.442170552244,182.152353997084,447.604149875843
"pgl(plate)",9.13354594594595,288.442134341672,182.152340551615,447.604133218914
"pgl(plate)",9.14379459459459,288.442098343313,182.15232718734,447.604116662922
"pgl(plate)",9.15404324324324,288.442062555687,182.152313903678,447.604100207142
"pgl(plate)",9.16429189189189,288.442026977326,182.152300700053,447.604083850858
"pgl(plate)",9.17454054054054,288.441991606774,182.152287575894,447.604067593356
"pgl(plate)",9.18478918918919,288.441956442587,182.152274530636,447.604051433932
"pgl(plate)",9.19503783783784,288.441921483333,182.152261563716,447.604035371885
"pgl(plate)",9.20528648648649,288.44188672759,182.152248674578,447.604019406521
"pgl(plate)",9.21553513513513,288.441852173949,182.152235862669,447.604003537151
"pgl(plate)",9.22578378378378,288.441817821012,182.152223127441,447.603987763092
"pgl(plate)",9.23603243243243,288.441783667391,182.152210468352,447.603972083667
"pgl(plate)",9.24628108108108,288.441749711711,182.152197884861,447.603956498204
"pgl(plate)",9.25652972972973,288.441715952607,182.152185376435,447.603941006036
"pgl(plate)",9.26677837837838,288.441682388725,182.152172942544,447.603925606504
"pgl(plate)",9.27702702702703,288.441649018721,182.152160582661,447.60391029895
"pgl(plate)",9.28727567567567,288.441615841263,182.152148296265,447.603895082726
"pgl(plate)",9.29752432432432,288.441582855029,182.152136082839,447.603879957187
"pgl(plate)",9.30777297297297,288.441550058708,182.15212394187,447.603864921693
"pgl(plate)",9.31802162162162,288.441517450999,182.152111872848,447.603849975609
"pgl(plate)",9.32827027027027,288.441485030611,182.152099875269,447.603835118307
"pgl(plate)",9.33851891891892,288.441452796264,182.152087948633,447.603820349162
"pgl(plate)",9.34876756756757,288.441420746688,182.152076092442,447.603805667556
"pgl(plate)",9.35901621621622,288.441388880622,182.152064306204,447.603791072874
"pgl(plate)",9.36926486486487,288.441357196816,182.15205258943,447.603776564508
"pgl(plate)",9.37951351351351,288.44132569403,182.152040941636,447.603762141853
"pgl(plate)",9.38976216216216,288.441294371034,182.152029362341,447.603747804311
"pgl(plate)",9.40001081081081,288.441263226606,182.152017851067,447.603733551286
"pgl(plate)",9.41025945945946,288.441232259535,182.152006407343,447.60371938219
"pgl(plate)",9.42050810810811,288.44120146862,182.151995030697,447.603705296437
"pgl(plate)",9.43075675675676,288.441170852668,182.151983720666,447.603691293448
"pgl(plate)",9.44100540540541,288.441140410496,182.151972476787,447.603677372647
"pgl(plate)",9.45125405405405,288.441110140931,182.151961298601,447.603663533463
"pgl(plate)",9.4615027027027,288.441080042808,182.151950185655,447.60364977533
"pgl(plate)",9.47175135135135,288.441050114972,182.151939137498,447.603636097686
"pgl(plate)",9.482,288.441020356277,182.151928153683,447.603622499974
"pgl(plate)",9.49224864864865,288.440990765584,182.151917233765,447.603608981642
"pgl(plate)",9.5024972972973,288.440961341766,182.151906377305,447.60359554214
"pgl(plate)",9.51274594594595,288.440932083703,182.151895583866,447.603582180926
"pgl(plate)",9.52299459459459,288.440902990284,182.151884853016,447.603568897458
"pgl(plate)",9.53324324324324,288.440874060406,182.151874184323,447.603555691203
"pgl(plate)",9.54349189189189,288.440845292976,182.151863577363,447.603542561628
"pgl(plate)",9.55374054054054,288.440816686908,182.151853031712,447.603529508208
"pgl(plate)",9.56398918918919,288.440788241125,182.15184254695,447.603516530418
"pgl(plate)",9.57423783783784,288.440759954558,182.151832122661,447.603503627742
"pgl(plate)",9.58448648648649,288.440731826148,182.151821758433,447.603490799663
"pgl(plate)",9.59473513513514,288.440703854842,182.151811453856,447.603478045673
"pgl(plate)",9.60498378378378,288.440676039596,182.151801208522,447.603465365264
"pgl(plate)",9.61523243243243,288.440648379374,182.15179102203,447.603452757934
"pgl(plate)",9.62548108108108,288.440620873148,182.151780893978,447.603440223186
"pgl(plate)",9.63572972972973,288.440593519897,182.15177082397,447.603427760523
"pgl(plate)",9.64597837837838,288.44056631861,182.151760811611,447.603415369457
"pgl(plate)",9.65622702702703,288.440539268282,182.151750856512,447.603403049499
"pgl(plate)",9.66647567567568,288.440512367916,182.151740958285,447.603390800168
"pgl(plate)",9.67672432432432,288.440485616523,182.151731116544,447.603378620983
"pgl(plate)",9.68697297297297,288.440459013121,182.151721330908,447.603366511471
"pgl(plate)",9.69722162162162,288.440432556736,182.151711600998,447.603354471158
"pgl(plate)",9.70747027027027,288.440406246402,182.151701926439,447.603342499577
"pgl(plate)",9.71771891891892,288.440380081158,182.151692306858,447.603330596265
"pgl(plate)",9.72796756756757,288.440354060054,182.151682741885,447.603318760759
"pgl(plate)",9.73821621621622,288.440328182143,182.151673231153,447.603306992603
"pgl(plate)",9.74846486486486,288.440302446489,182.151663774298,447.603295291344
"pgl(plate)",9.75871351351351,288.440276852161,182.151654370957,447.603283656532
"pgl(plate)",9.76896216216216,288.440251398236,182.151645020774,447.603272087719
"pgl(plate)",9.77921081081081,288.440226083796,182.151635723392,447.603260584463
"pgl(plate)",9.78945945945946,288.440200907934,182.151626478457,447.603249146325
"pgl(plate)",9.79970810810811,288.440175869745,182.15161728562,447.603237772868
"pgl(plate)",9.80995675675676,288.440150968334,182.151608144533,447.603226463659
"pgl(plate)",9.8202054054054,288.440126202812,182.151599054852,447.603215218268
"pgl(plate)",9.83045405405405,288.440101572297,182.151590016233,447.603204036271
"pgl(plate)",9.8407027027027,288.440077075912,182.151581028337,447.603192917243
"pgl(plate)",9.85095135135135,288.440052712789,182.151572090827,447.603181860765
"pgl(plate)",9.8612,288.440028482066,182.15156320337,447.603170866421
"pgl(plate)",9.87144864864865,288.440004382885,182.151554365631,447.603159933797
"pgl(plate)",9.8816972972973,288.439980414398,182.151545577284,447.603149062483
"pgl(plate)",9.89194594594595,288.43995657576,182.151536838,447.603138252074
"pgl(plate)",9.90219459459459,288.439932866135,182.151528147455,447.603127502164
"pgl(plate)",9.91244324324324,288.439909284693,182.151519505328,447.603116812353
"pgl(plate)",9.92269189189189,288.439885830607,182.151510911299,447.603106182244
"pgl(plate)",9.93294054054054,288.439862503061,182.151502365051,447.603095611441
"pgl(plate)",9.94318918918919,288.439839301241,182.15149386627,447.603085099554
"pgl(plate)",9.95343783783784,288.439816224341,182.151485414643,447.603074646194
"pgl(plate)",9.96368648648649,288.439793271562,182.151477009861,447.603064250975
"pgl(plate)",9.97393513513513,288.439770442108,182.151468651616,447.603053913514
"pgl(plate)",9.98418378378378,288.439747735191,182.151460339604,447.603043633432
"pgl(plate)",9.99443243243243,288.439725150028,182.15145207352,447.603033410352
"pgl(plate)",10.0046810810811,288.439702685844,182.151443853066,447.6030232439
"pgl(plate)",10.0149297297297,288.439680341865,182.151435677942,447.603013133704
"pgl(plate)",10.0251783783784,288.439658117328,182.151427547852,447.603003079396
"pgl(plate)",10.035427027027,288.439636011473,182.151419462504,447.602993080611
"pgl(plate)",10.0456756756757,288.439614023544,182.151411421605,447.602983136986
"pgl(plate)",10.0559243243243,288.439592152794,182.151403424866,447.60297324816
"pgl(plate)",10.066172972973,288.43957039848,182.151395472,447.602963413777
"pgl(plate)",10.0764216216216,288.439548759864,182.151387562722,447.602953633481
"pgl(plate)",10.0866702702703,288.439527236214,182.151379696749,447.60294390692
"pgl(plate)",10.0969189189189,288.439505826802,182.1513718738,447.602934233746
"pgl(plate)",10.1071675675676,288.439484530908,182.151364093597,447.602924613611
"pgl(plate)",10.1174162162162,288.439463347816,182.151356355863,447.602915046171
"pgl(plate)",10.1276648648649,288.439442276813,182.151348660323,447.602905531085
"pgl(plate)",10.1379135135135,288.439421317195,182.151341006706,447.602896068013
"pgl(plate)",10.1481621621622,288.439400468261,182.15133339474,447.60288665662
"pgl(plate)",10.1584108108108,288.439379729315,182.151325824158,447.60287729657
"pgl(plate)",10.1686594594595,288.439359099667,182.151318294692,447.602867987533
"pgl(plate)",10.1789081081081,288.439338578632,182.151310806079,447.60285872918
"pgl(plate)",10.1891567567568,288.439318165528,182.151303358056,447.602849521184
"pgl(plate)",10.1994054054054,288.439297859681,182.151295950363,447.602840363221
"pgl(plate)",10.2096540540541,288.43927766042,182.151288582741,447.602831254968
"pgl(plate)",10.2199027027027,288.439257567079,182.151281254933,447.602822196108
"pgl(plate)",10.2301513513514,288.439237578997,182.151273966685,447.602813186323
"pgl(plate)",10.2404,288.439217695518,182.151266717743,447.602804225297
