"model","value"
"Cu",0.0664952016145578
"Cu",0.0752565130330399
"Cu",0.0803962121433273
"Cu",0.0559263047290305
"Cu",0.0686805435344528
"Cu",0.0913311921061067
"Cu",0.0765922216972486
"Cu",0.0583691376463528
"Cu",0.0826902643575889
"Cu",0.0764578246003908
"Cu",0.0783183993320714
"Cu",0.0757923476319509
"Cu",0.0819000740931124
"Cu",0.0759302940083247
"Cu",0.0811261667833296
"Cu",0.0800555758031651
"Cu",0.0740220404500145
"Cu",0.0667690686290751
"Cu",0.0749037075608948
"Cu",0.0698099413144497
"Cu",0.0774922947571014
"Cu",0.0655880848715182
"Cu",0.0616920813766847
"Cu",0.0789558160178227
"Cu",0.0605215275066902
"Cu",0.0606916219119621
"Cu",0.0759463830016359
"Cu",0.0621874510131482
"Cu",0.0600529327239739
"Cu",0.0815828231587178
"Cu",0.0770583943734061
"Cu",0.0719306748841051
"Cu",0.0736114898261773
"Cu",0.0405733302181793
"Cu",0.0743120024248101
"Cu",0.0764387955858787
"Cu",0.0681371548044909
"Cu",0.0839002995991631
"Cu",0.0800271295623499
"Cu",0.0603895890272041
"Cu",0.0849795186873852
"Cu",0.0779577059978366
"Cu",0.0820592376168224
"Cu",0.0792853084433769
"Cu",0.0661006303980767
"Cu",0.0446462170748043
"Cu",0.0779051017523508
"Cu",0.0735644599308695
"Cu",0.0761516692487141
"Cu",0.0599878029558901
"Cu",0.0743542108135605
"Cu",0.0566758230073056
"Cu",0.0758658631787633
"Cu",0.0727725776782087
"Cu",0.0308460317348981
"Cu",0.0804368676138597
"Cu",0.0765305089685781
"Cu",0.0800329718309568
"Cu",0.0660661652017959
"Cu",0.0936571881100562
"Cu",0.0667257625227295
"Cu",0.0870966764855911
"Cu",0.0701626013908763
"Cu",0.0814884302250895
"Cu",0.0718225217628859
"Cu",0.0676861816741974
"Cu",0.0631901847630039
"Cu",0.0526541892502084
"Cu",0.074363862922041
"Cu",0.061301636186682
"Cu",0.0777905488124145
"Cu",0.0757918422455111
"Cu",0.0725437194647235
"Cu",0.0745596566756268
"Cu",0.0829866746995363
"Cu",0.0646388303847829
"Cu",0.0769344779466117
"Cu",0.0706727920067051
"Cu",0.0787591157589921
"Cu",0.0714849876826631
"Cu",0.0829099084220313
"Cu",0.0703572322922767
"Cu",0.0853692359510829
"Cu",0.0714476320768744
"Cu",0.0957349170912005
"Cu",0.0817320102731724
"Cu",0.0847232498380455
"Cu",0.0766917883207099
"Cu",0.0581547956579519
"Cu",0.0740060887925403
"Cu",0.065085837100791
"Cu",0.0756537902779404
"Cu",0.0550337887919431
"Cu",0.0716635096913514
"Cu",0.087144574847041
"Cu",0.0708574424482122
"Cu",0.0677209707556203
"Cu",0.0793140528711151
"Cu",0.0687439924576674
"Cu",0.0693396134316699
"Cu",0.0763252886661245
"Cu",0.0810589550173911
"Cu",0.0707453726916897
"Cu",0.0777101026531951
"Cu",0.0764843174125688
"Cu",0.0720316689337036
"Cu",0.0729213544431383
"Cu",0.072510532301158
"Cu",0.0890426670594284
"Cu",0.0678394673894367
"Cu",0.0554709835108444
"Cu",0.0791698379177539
"Cu",0.0764330340222166
"Cu",0.0851048744627497
"Cu",0.0711170840211659
"Cu",0.0649395309510096
"Cu",0.0752753431277736
"Cu",0.080561648444674
"Cu",0.0600422793978753
"Cu",0.0839911554112945
"Cu",0.0686462299727037
"Cu",0.0678215481551872
"Cu",0.0785383245121319
"Cu",0.0760334193797193
"Cu",0.0832278327175258
"Cu",0.0737300783943749
"Cu",0.0586021445018024
"Cu",0.081267836719273
"Cu",0.084564704540815
"Cu",0.0659963047506065
"Cu",0.078725778874108
"Cu",0.0706157982961567
"Cu",0.0933576129659194
"Cu",0.0759913993460689
"Cu",0.0856985755618684
"Cu",0.0748660227276041
"Cu",0.0882146484242937
"Cu",0.0768893204078982
"Cu",0.0789040723637399
"Cu",0.0816846591410333
"Cu",0.0782941272949794
"Cu",0.0835667960453979
"Cu",0.0849587517155933
"Cu",0.07767848978444
"Cu",0.0753065837600967
"Cu",0.0716912881575269
"Cu",0.0668064073779044
"Cu",0.078565496321118
"Cu",0.0673520605414304
"Cu",0.0472502309064787
"Cu",0.0568542975246612
"Cu",0.0835427249027979
"Cu",0.0898770231165168
"Cu",0.0776744669182679
"Cu",0.0819559039919949
"Cu",0.0383919254992119
"Cu",0.0678666792168113
"Cu",0.0812604190990649
"Cu",0.0799439217053125
"Cu",0.002
"Cu",0.0929574327698856
"Cu",0.0791575727544266
"Cu",0.0799913594364839
"Cu",0.0876700115912244
"Cu",0.0910529080591116
"Cu",0.0708014851961969
"Cu",0.0670914837587545
"Cu",0.0747752057745785
"Cu",0.0786516795833822
"Cu",0.0813593622613589
"Cu",0.0657435130563979
"Cu",0.0543180033558747
"Cu",0.0783711419453113
"Cu",0.0751942084393368
"Cu",0.0854991829085405
"Cu",0.062623760811821
"Cu",0.0894530604862555
"Cu",0.0593895742220008
"Cu",0.0769107630743872
"Cu",0.0854751933392339
"Cu",0.0863584606438457
"Cu",0.0783176583104994
"Cu",0.0758145805903718
"Cu",0.0792366639072752
"Cu",0.0578508979252811
"Cu",0.0832219412532166
"Cu",0.0860582426332591
"Cu",0.0764933383096653
"Cu",0.0631744955196694
"Cu",0.067794792205777
"Cu",0.0814437075492282
"Cu",0.0666501663139564
"Cu",0.077537851550454
"Cu",0.0866458827109737
"Cu",0.081987404650694
"Cu",0.0737344468919597
"Cu",0.0743524682426404
"Cu",0.0729565832273443
"Cu",0.0807401806922572
"Cu",0.0920709451040885
"Cu",0.0923032443261074
"Cu",0.0707731539264949
"Cu",0.0948184282579039
"Cu",0.0876496401856702
"Cu",0.074849019824106
"Cu",0.0769578675156997
"Cu",0.0682554048591084
"Cu",0.0828356940462089
"Cu",0.0745547018186107
"Cu",0.0891716784568022
"Cu",0.0476282392101407
"Cu",0.0923695807585709
"Cu",0.0768086762417878
"Cu",0.0682404850193363
"Cu",0.0740923402463243
"Cu",0.0751833710877932
"Cu",0.0830245309029439
"Cu",0.0693743607203239
"Cu",0.083948739054113
"Cu",0.0761878448498269
"Cu",0.0753787546003056
"Cu",0.0690002433636314
"Cu",0.0735838924997309
"Cu",0.061983897656223
"Cu",0.0462941604232844
"Cu",0.0835107105658789
"Cu",0.0806277853065913
"Cu",0.0751991331558055
"Cu",0.0890285190470713
"Cu",0.083998609605913
"Cu",0.0861738250679601
"Cu",0.0778061467140248
"Cu",0.0640598902146273
"Cu",0.0892475392558395
"Cu",0.0499589677237726
"Cu",0.0743906761230481
"Cu",0.0865823312560182
"Cu",0.0762216466580153
"Cu",0.0613002347570843
"Cu",0.0787351647116964
"Cu",0.0599248333458287
"Cu",0.0799960432252443
"Cu",0.0721223312768362
"Cu",0.0655519962614421
"Cu",0.0789673587147272
"Cu",0.0905905573512584
"Cu",0.0743616932918281
"Cu",0.0430844424085621
"Cu",0.0748653774423294
"Cu",0.0772609315905256
"Cu",0.0823013362111331
"Cu",0.0819310827930197
"Cu",0.0934704575464145
"Cu",0.0630935075736656
"Cu",0.0805422091343396
"Cu",0.0712898978475964
"Cu",0.100762399981629
"Cu",0.0899182273581796
"Cu",0.0656851133706322
"Cu",0.089972394135161
"Cu",0.0806002737300811
"Cu",0.0728841249686537
"Cu",0.0758604173814627
"Cu",0.0640804338053594
"Cu",0.0770124430161627
"Cu",0.0791403909007532
"Cu",0.0806741459287835
"Cu",0.0676070341795464
"Cu",0.0620036385150732
"Cu",0.0871928214455779
"Cu",0.0519012836695498
"Cu",0.0347448745580727
"Cu",0.069722202266996
"Cu",0.0833741313354684
"Cu",0.0818568283942637
"Cu",0.0866423536845168
"Cu",0.0643680014188951
"Cu",0.0722658042496787
"Cu",0.0759143760943658
"Cu",0.0827266872327862
"Cu",0.0814012159463649
"Cu",0.0711311441162821
"Cu",0.0476879219626046
"Cu",0.0781552894750336
"Cu",0.0763532027948537
"Cu",0.0929372757632908
"Cu",0.07383154060556
"Cu",0.0718943892880329
"Cu",0.0411419846292784
"Cu",0.0967987757616532
"Cu",0.0780563077815328
"Cu",0.0780727666715025
"Cu",0.0800793982658313
"Cu",0.0781918645861956
"Cu",0.0844564248658169
"Cu",0.0742998768407746
"Cu",0.0737349116988596
"Cu",0.0806584153976722
"Cu",0.0814307153008308
"Cu",0.0685953059603898
"Cu",0.0710415766094421
"Cu",0.0762897068688389
"Cu",0.0535719794354754
"Cu",0.0678826429857905
"Cu",0.0817120255319177
"Cu",0.0493423663576951
"Cu",0.0797492779932599
"Cu",0.0809465394856246
"Cu",0.0851809717826738
"Cu",0.0750255287770704
"Cu",0.0752173015805326
"Cu",0.069721224938171
"Cu",0.0782477272675688
"Cu",0.0837694549826529
"Cu",0.0814011448862444
"Cu",0.0793338423648766
"Cu",0.0884980047655306
"Cu",0.0834571656379812
"Cu",0.0647252437528763
"Cu",0.0847432364307748
"Cu",0.0899101661937374
"Cu",0.0680542246547261
"Cu",0.0800553074145025
"Cu",0.0600060446953624
"Cu",0.0819804554791708
"Cu",0.0816615275520732
"Cu",0.0737385982510928
"Cu",0.0759516459204389
"Cu",0.0774449559273512
"Cu",0.0741609695284262
"Cu",0.0741947195792259
"Cu",0.0716508679175634
"Cu",0.0742393700201407
"Cu",0.0563088210530527
"Cu",0.0825643196368949
"Cu",0.0827327597016983
"Cu",0.0705377151516391
"Cu",0.0672147363099663
"Cu",0.0724301465278699
"Cu",0.0736517300064398
"Cu",0.0561767855699437
"Cu",0.0791607617280105
"Cu",0.0658373762655391
"Cu",0.0722646913082413
"Cu",0.0793752560045684
"Cu",0.064351343053657
"Cu",0.067208616169816
"Cu",0.0796701768242293
"Cu",0.0641968215102575
"Cu",0.0704824632160945
"Cu",0.0888443671975895
"Cu",0.0794361290518035
"Cu",0.0664544830819943
"Cu",0.0825902737062516
"Cu",0.0767130203273838
"Cu",0.0831871112257827
"Cu",0.0862280828039081
"Cu",0.0810772459949198
"Cu",0.0878440710755424
"Cu",0.0814946237171814
"Cu",0.0856557827428497
"Cu",0.0668529406238083
"Cu",0.0597817666035116
"Cu",0.0807487989221817
"Cu",0.0878300963315526
"Cu",0.0839702643671422
"Cu",0.073649280767647
"Cu",0.0779611188457844
"Cu",0.0742541292906812
"Cu",0.0758069844019372
"Cu",0.0618632711218162
"Cu",0.0894807028158041
"Cu",0.0744129518787633
"Cu",0.088366697741048
"Cu",0.0464643153378599
"Cu",0.0780137411078928
"Cu",0.0786655558892472
"Cu",0.0758287456532296
"Cu",0.0807866561353309
"Cu",0.0738479997952871
"Cu",0.0740391486467968
"Cu",0.077953542257184
"Cu",0.0366949773270649
"Cu",0.0562701210953034
"Cu",0.0766472326394337
"Cu",0.0735966787241897
"Cu",0.0692285031863503
"Cu",0.0671822793689587
"Cu",0.0715498705864818
"Cu",0.0726397386351645
"Cu",0.0777487607323137
"Cu",0.0653975659119338
"Cu",0.0445062815686647
"Cu",0.0856842929061198
"Cu",0.0822714678321278
"Cu",0.0679433281213753
"Cu",0.053613887587044
"Cu",0.0614653905812224
"Cu",0.0656214010972628
"Cu",0.0680750383949488
"Cu",0.0703848364109863
"Cu",0.0778928115451243
"Cu",0.0681194895794079
"Cu",0.0701952244448491
"Cu",0.0853588570575278
"Cu",0.0766107586265344
"Cu",0.085155057305871
"Cu",0.0767873874019852
"Cu",0.0694316174528395
"Cu",0.07240077011941
"Cu",0.0760649187021118
"Cu",0.0597136872114355
"Cu",0.0769630544709863
"Cu",0.0846079849908615
"Cu",0.0770409904549726
"Cu",0.0787411325814161
"Cu",0.0796147033711812
"Cu",0.0780673518582382
"Cu",0.0818140568646045
"Cu",0.0703199347923063
"Cu",0.0605323255494099
"Cu",0.0720144811368509
"Cu",0.0862086353086001
"Cu",0.0796548950104053
"Cu",0.070051498077419
"Cu",0.0542623215590419
"Cu",0.0785668645115065
"Cu",0.0761430794992385
"Cu",0.0548718599186073
"Cu",0.0630314899760838
"Cu",0.0770607662316037
"Cu",0.07834059194078
"Cu",0.0830277796296547
"Cu",0.0743570129871924
"Cu",0.0825363780225764
"Cu",0.0710988798854099
"Cu",0.0822052121432808
"Cu",0.0776032427078178
"Cu",0.0683663243676173
"Cu",0.0749094378513742
"Cu",0.0589129082188077
"Cu",0.0724295982449345
"Cu",0.0818918271162622
"Cu",0.0842111597215615
"Cu",0.0545538756205833
"Cu",0.0853237508546161
"Cu",0.0797055638989595
"Cu",0.0788198459859292
"Cu",0.0723838672380151
"Cu",0.08561433769593
"Cu",0.0636295122952854
"Cu",0.0782327445083867
"Cu",0.0707293958484865
"Cu",0.0412852329631299
"Cu",0.0668174643886654
"Cu",0.0622081000710203
"Cu",0.0863994986261601
"Cu",0.0772482096773343
"Cu",0.0800864009857277
"Cu",0.073292668433813
"Cu",0.0780558921088629
"Cu",0.0858500046021804
"Cu",0.0385407000396906
"Cu",0.0756206320992282
"Cu",0.0855617464971144
"Cu",0.0627581689804795
"Cu",0.0965169854289042
"Cu",0.0891618185232559
"Cu",0.069270784116091
"Cu",0.0757962658516625
"Cu",0.0742258781598916
"Cu",0.0809296004331238
"Cu",0.0401546631547618
"Cu",0.0793419208531948
"Cu",0.0595668200694221
"Cu",0.0876488562000168
"Cu",0.0704211052935733
"Cu",0.0782229104486361
"Cu",0.0637694207888164
"Cu",0.076242840637392
"Cu",0.0627392607180171
"Cu",0.0770092289220142
"Cu",0.0783256970316915
"Cu",0.0485929470165505
"Cu",0.0727615474364282
"Cu",0.0757964922020181
"Cu",0.0758010008152743
"Cu",0.0710845915646548
"Cu",0.0635663259227773
"Cu",0.0356847534502505
"Cu",0.0639360604127189
"Cu",0.0672883563792454
"Cu",0.0836778605224957
"Cu",0.0692600867641142
"Cu",0.0617601121295309
"Cu",0.0774970699844495
"Cu",0.0588741084255316
"Cu",0.0659381681941607
"Cu",0.0691667338191767
"Cu",0.0756236227504992
"Cu",0.0649061219866319
"Cu",0.087263943840909
"Cu",0.064321899090554
"Cu",0.0736912977826236
"Cu",0.071606233397362
"Cu",0.079663404545224
"Cu",0.0795811587405984
"Cu",0.0608183501273375
"Cu",0.067288352595605
"Cu",0.0330308277928998
"Cu",0.064885855784545
"Cu",0.0791887960341343
"Cu",0.0796286210861513
"Cu",0.0822847489409817
"Cu",0.0659371753241379
"Cu",0.0731301911068891
"Cu",0.0719659382886137
"Cu",0.0785845343102832
"Cu",0.079295260106765
"Cu",0.0781402662222622
"Cu",0.0859112315177778
"Cu",0.0679396791952203
"Cu",0.0768002892952595
"Cu",0.0856400014945916
"Cu",0.07634309983782
"Cu",0.0767529977901002
"Cu",0.077979022969528
"Cu",0.0693671815286274
"Cu",0.0731214964119357
"Cu",0.0865951924806077
"Cu",0.0733264981853443
"Cu",0.0813929969819668
"Cu",0.0828860254899719
"Cu",0.0672962925164804
"Cu",0.081929431077703
"Cu",0.0734206182049506
"Cu",0.0679590497162059
"Cu",0.072578773352541
"Cu",0.0795834962809994
"Cu",0.08286234329102
"Cu",0.059823970111959
"Cu",0.0812574777354968
"Cu",0.0825042036028094
"Cu",0.0695354513883445
"Cu",0.0806047436470726
"Cu",0.0559243445991577
"Cu",0.0762382910789632
"Cu",0.074829738570398
"Cu",0.0657039291199749
"Cu",0.0753113140400218
"Cu",0.0614937336878693
"Cu",0.0860971412673173
"Cu",0.0695771859561239
"Cu",0.0747703987539777
"Cu",0.066182671211319
"Cu",0.0705398438979119
"Cu",0.0800381041142224
"Cu",0.0789410085774884
"Cu",0.089612828057137
"Cu",0.0680064982371696
"Cu",0.0912121678210796
"Cu",0.0931191830329829
"Cu",0.0785520232442788
"Cu",0.0766481070182112
"Cu",0.0680783298283511
"Cu",0.0771310632011123
"Cu",0.0763506227278628
"Cu",0.0740148524180304
"Cu",0.0721040436001775
"Cu",0.085900564051866
"Cu",0.0775430011224169
"Cu",0.0750347891255498
"Cu",0.0529733475207319
"Cu",0.0720134130260108
"Cu",0.0618235592350414
"Cu",0.0786076554637524
"Cu",0.066912019975139
"Cu",0.071918574601115
"Cu",0.048486155497289
"Cu",0.0821483165553994
"Cu",0.0625207994766601
"Cu",0.002
"Cu",0.0816112864118413
"Cu",0.0595070493747084
"Cu",0.0671242053997341
"Cu",0.0703569391162997
"Cu",0.0842213507428131
"Cu",0.0759359393672506
"Cu",0.0688938621622516
"Cu",0.0809799172751301
"Cu",0.0659597455866243
"Cu",0.0761032118361039
"Cu",0.0733383993133871
"Cu",0.0863448731619216
"Cu",0.0826102497356093
"Cu",0.0696602538917642
"Cu",0.002
"Cu",0.0915332441825923
"Cu",0.0712140651990558
"Cu",0.0760187026310695
"Cu",0.0783443741414549
"Cu",0.0742757596951018
"Cu",0.0672245061884737
"Cu",0.0835814792886026
"Cu",0.070403975237252
"Cu",0.0748006215066457
"Cu",0.0911394985166383
"Cu",0.081200799885436
"Cu",0.0903128777707911
"Cu",0.0793676583407801
"Cu",0.0706456250832293
"Cu",0.002
"Cu",0.0774583339679731
"Cu",0.0842624495882016
"Cu",0.0834926106880509
"Cu",0.0834861685782156
"Cu",0.0649208589141503
"Cu",0.0688707467303557
"Cu",0.0691390056767327
"Cu",0.0661499536042899
"Cu",0.0645555536135496
"Cu",0.0730291245277178
"Cu",0.08475578385013
"Cu",0.0679326597185254
"Cu",0.0699902540765596
"Cu",0.0751924199088575
"Cu",0.0686055551874506
"Cu",0.0553471419497274
"Cu",0.0726628003466731
"Cu",0.0764390739722105
"Cu",0.0611404989320307
"Cu",0.0613564138699643
"Cu",0.0702793202848151
"Cu",0.0698851433779811
"Cu",0.0826180668096132
"Cu",0.0500125588518006
"Cu",0.0828411057395996
"Cu",0.0877404713278241
"Cu",0.0883471743917198
"Cu",0.0460949584559447
"Cu",0.0690626519046408
"Cu",0.0817309999938334
"Cu",0.0920145432583413
"Cu",0.0584852489381935
"Cu",0.0793326514340065
"Cu",0.0886440470798675
"Cu",0.0786684617021948
"Cu",0.0864336172576454
"Cu",0.0813282276534142
"Cu",0.0737689553169535
"Cu",0.0818753758722263
"Cu",0.0782443951564012
"Cu",0.0708970349873808
"Cu",0.0741095714074077
"Cu",0.0743601603000409
"Cu",0.0756361106120783
"Cu",0.0866947177503729
"Cu",0.0775106133364895
"Cu",0.0767869010949424
"Cu",0.0680312679794207
"Cu",0.0675206127715247
"Cu",0.0724031965455819
"Cu",0.0793291030156942
"Cu",0.0681918457326583
"Cu",0.0849669001981999
"Cu",0.0710115114443229
"Cu",0.0787749672204768
"Cu",0.0439525044477576
"Cu",0.0836229075523738
"Cu",0.0647688043415435
"Cu",0.0744768154228392
"Cu",0.0805116519302767
"Cu",0.0840962667937251
"Cu",0.0834239511469304
"Cu",0.0781215102073835
"Cu",0.0917494008098029
"Cu",0.0701739672515464
"Cu",0.068696234147762
"Cu",0.0618357979974919
"Cu",0.0824663497176645
"Cu",0.0760654018736111
"Cu",0.0718723803954736
"Cu",0.0952608717786608
"Cu",0.0763688723121292
"Cu",0.0632620701374279
"Cu",0.0827759289903921
"Cu",0.0446832128957821
"Cu",0.0905216047982467
"Cu",0.0741186094713799
"Cu",0.0771169859788417
"Cu",0.0733494657162073
"Cu",0.0775542278357285
"Cu",0.0859339111344572
"Cu",0.0344030944300369
"Cu",0.0811376943141293
"Cu",0.0579627373247017
"Cu",0.0719986944246305
"Cu",0.0735180578491504
"Cu",0.0836837736918021
"Cu",0.0540917176062073
"Cu",0.0863149993942853
"Cu",0.0801249134817083
"Cu",0.0841130006520124
"Cu",0.002
"Cu",0.0834512925966516
"Cu",0.0853870124812662
"Cu",0.084272677546348
"Cu",0.0719694194852348
"Cu",0.0899573993383557
"Cu",0.0546409762985505
"Cu",0.0654688771555084
"Cu",0.0707315737768119
"Cu",0.0655194620312648
"Cu",0.0796230523790951
"Cu",0.0961466624697352
"Cu",0.0764379819380246
"Cu",0.0848684827821349
"Cu",0.0713620690453237
"Cu",0.0630608788381638
"Cu",0.0398824887188585
"Cu",0.0745153082372924
"Cu",0.0725085921234434
"Cu",0.0911084101563558
"Cu",0.0783546210021977
"Cu",0.0828639872822433
"Cu",0.0632650998866824
"Cu",0.069574455992222
"Cu",0.0824867920303681
"Cu",0.0656466938004503
"Cu",0.0780675879892883
"Cu",0.0799936705563894
"Cu",0.069714345844897
"Cu",0.0734832643424869
"Cu",0.0783479418783816
"Cu",0.0553859373300633
"Cu",0.0726717427527917
"Cu",0.0826387419506868
"Cu",0.0723728662549393
"Cu",0.0627001533125873
"Cu",0.0579330946400516
"Cu",0.0686688473772563
"Cu",0.0959646118706213
"Cu",0.0826276366737865
"Cu",0.0652949178919895
"Cu",0.0729430985522287
"Cu",0.0832490170005107
"Cu",0.055222800682085
"Cu",0.0583920512270064
"Cu",0.0804351970481539
"Cu",0.0746097735809901
"Cu",0.0819379561800628
"Cu",0.0744236851757614
"Cu",0.0838041416401492
"Cu",0.0773995668542891
"Cu",0.070131144125612
"Cu",0.0737511519522504
"Cu",0.0721247932440694
"Cu",0.0914806406628904
"Cu",0.0816061002310513
"Cu",0.0598204237969282
"Cu",0.0737317462928006
"Cu",0.0656746815138596
"Cu",0.0843610371718777
"Cu",0.051748657812703
"Cu",0.0703877905427814
"Cu",0.0791860509779841
"Cu",0.077960209277016
"Cu",0.0653438474826867
"Cu",0.0763773289209149
"Cu",0.0736321974669733
"Cu",0.0829633923242535
"Cu",0.0825084784467897
"Cu",0.0838403007274825
"Cu",0.0573995927855392
"Cu",0.0687175983263478
"Cu",0.0682230242561886
"Cu",0.0814928200920882
"Cu",0.0495195997314242
"Cu",0.0747829350405818
"Cu",0.0817532689329291
"Cu",0.0894786751765742
"Cu",0.0840521197246967
"Cu",0.0762542430507625
"Cu",0.0644641027837275
"Cu",0.0737248215411753
"Cu",0.0823450522074332
"Cu",0.0816210092388279
"Cu",0.0829646594735221
"Cu",0.0876362765605611
"Cu",0.0748738076876307
"Cu",0.0778159759016463
"Cu",0.0724817627433701
"Cu",0.0662791225194583
"Cu",0.0756581501032659
"Cu",0.0755183123740029
"Cu",0.0753728626255278
"Cu",0.065889731065546
"Cu",0.073508585083476
"Cu",0.091612968607113
"Cu",0.0696482296212886
"Cu",0.0719472267725367
"Cu",0.0827544729546748
"Cu",0.0830004854036158
"Cu",0.0473096019372352
"Cu",0.0745498727563031
"Cu",0.0619500358195519
"Cu",0.0793027678863838
"Cu",0.0701611021786656
"Cu",0.0772657910761787
"Cu",0.079483669357093
"Cu",0.0528974812477999
"Cu",0.048731042990377
"Cu",0.0850585526073983
"Cu",0.0815252632442441
"Cu",0.0812043200059732
"Cu",0.0622167627823244
"Cu",0.0771332346551167
"Cu",0.0796936886973537
"Cu",0.0682372000699993
"Cu",0.0716175870783553
"Cu",0.0674761714514169
"Cu",0.0722997018278017
"Cu",0.0720948017313421
"Cu",0.0339423815659801
"Cu",0.0633202813701978
"Cu",0.0826413875652327
"Cu",0.0875832345327521
"Cu",0.0804903798497607
"Cu",0.0951982464010602
"Cu",0.0587196195736798
"Cu",0.0636168306975535
"Cu",0.0682613882870704
"Cu",0.0800635745505403
"Cu",0.0778106239119487
"Cu",0.0531904980105594
"Cu",0.0735096567612315
"Cu",0.0660118524651716
"Cu",0.0797107319702818
"Cu",0.0730790552292437
"Cu",0.0849081500477176
"Cu",0.0726160884010425
"Cu",0.0540377603811101
"Cu",0.042748020207498
"Cu",0.047825685903327
"Cu",0.0658961443244378
"Cu",0.0826943225198173
"Cu",0.0656458970733339
"Cu",0.0850490894979138
"Cu",0.0871634809784334
"Cu",0.0556751775384589
"Cu",0.0819439123339685
"Cu",0.0814635456157144
"Cu",0.0826619483807397
"Cu",0.0811786397737122
"Cu",0.0566122489470688
"Cu",0.0893661099699529
"Cu",0.060491096204859
"Cu",0.0694926308535365
"Cu",0.0749655338391569
"Cu",0.0679998604968507
"Cu",0.0816511474166456
"Cu",0.0724879936944937
"Cu",0.0738955297056622
"Cu",0.0784032190101232
"Cu",0.0864444002879763
"Cu",0.0748359519166236
"Cu",0.0746028250620791
"Cu",0.0469825779423169
"Cu",0.0743505349907588
"Cu",0.0800510657727598
"Cu",0.0689764962854127
"Cu",0.0561883460602795
"Cu",0.0694213009919829
"Cu",0.077710815713219
"Cu",0.0630973132141121
"Cu",0.0635010674019932
"Cu",0.0832964254102717
"Cu",0.0609198530898419
"Cu",0.0831489581489732
"Cu",0.0722907751648871
"Cu",0.0763385387819338
"Cu",0.0752747707020213
"Cu",0.0589993659431551
"Cu",0.0692638155080369
"Cu",0.0915813675545268
"Cu",0.0807067432097303
"Cu",0.0738579491388152
"Cu",0.0715930642525755
"Cu",0.00645979703827113
"Cu",0.0724223379663605
"Cu",0.072059889773072
"Cu",0.0759255739939831
"Cu",0.0813994361141364
"Cu",0.0814395986557583
"Cu",0.0673047413182403
"Cu",0.0878493404513409
"Cu",0.0624744431357694
"Cu",0.0650012576905424
"Cu",0.0785940910019177
"Cu",0.0738571097381187
"Cu",0.0811007326828506
"Cu",0.0667336059499747
"Cu",0.0341346135244179
"Cu",0.0658754595808597
"Cu",0.0693940428680511
"Cu",0.0686538241306157
"Cu",0.0738760843607832
"Cu",0.0529106793331712
"Cu",0.002
"Cu",0.0952064579410905
"Cu",0.0707827036327185
"Cu",0.0884015097401937
"Cu",0.0713581090344479
"Cu",0.0809711410836528
"Cu",0.100122153352494
"Cu",0.0912026130465281
"Cu",0.0859028855900686
"Cu",0.0589306204876563
"Cu",0.0631282501095884
"Cu",0.0771259304585376
"Cu",0.0448989213215341
"Cu",0.080747357778955
"Cu",0.0665170139519952
"Cu",0.0724287522007096
"Cu",0.0819396907030499
"Cu",0.036738348037348
"Cu",0.0803764833568801
"Cu",0.0816264501557843
"Cu",0.0841996179519687
"Cu",0.0766800302074734
"Cu",0.0749331033335795
"Cu",0.0895985829431566
"Cu",0.0781186390678814
"Cu",0.0733146032661304
"Cu",0.0808503308856335
"Cu",0.0771138627426229
"Cu",0.0768175131138159
"Cu",0.0715147472034167
"Cu",0.0761405592648945
"Cu",0.0754296200419459
"Cu",0.002
"Cu",0.0688345454702215
"Cu",0.0523729873552777
"Cu",0.0618253659163596
"Cu",0.0771397257007569
"Cu",0.0728686371967679
"Cu",0.0967530295411086
"Cu",0.075722728097137
"Cu",0.0699174459907283
"Cu",0.0839189065689353
"Cu",0.0793804495206836
"Cu",0.0765274413881214
"Cu",0.0825947625747274
"Cu",0.078971334537173
"Cu",0.0845678822182886
"Cu",0.062492421078421
"Cu",0.0688274706478045
"Cu",0.0867129733685974
"Cu",0.0784277190441932
"Cu",0.0940300060423732
"Cu",0.10100875005737
"Cu",0.0563161991325438
"Cu",0.0602093957653312
"Cu",0.0683489091861425
"Cu",0.0776242290198381
"Cu",0.0706355121540822
"Cu",0.0442571942425061
"Cu",0.0645025927032394
"Cu",0.0611219906315972
"Cu",0.0382401508337998
"Cu",0.0835091439704242
"Cu",0.0718941672507695
"Cu",0.0786692452525362
"Cu",0.0764183036586995
"Cu",0.0823435155045855
"Cu",0.0771212082065978
"Cu",0.0580470823547486
"Cu",0.0764681583994416
"Cu",0.0692056779066968
"Cu",0.0783902785710809
"Cu",0.0903995699037927
"Cu",0.07563503272345
"Cu",0.0674910574959289
"Cu",0.078451685787785
"Cu",0.075034443201819
"Cu",0.0791839927338525
"Cu",0.0826893120673505
"Cu",0.0632752931566124
"Cu",0.0590566496534783
"Cu",0.06591372243848
"Cu",0.0825682314305369
"Cu",0.0680822866073946
"Cu",0.0660871281476346
"Cu",0.073950676472596
"Cu",0.0836272788907241
"Cu",0.080707898002938
"Cu",0.0732243101420741
"Cu",0.0734964764877619
"Cu",0.0653168560314835
"Cu",0.0781708983039718
"Cu",0.083799488321788
"Cu",0.0658563296185252
"Cu",0.0461985749291809
"Cu",0.085029815553541
"Cu",0.0765500453772935
"Cu",0.0716955112968985
"Cu",0.0735475799881886
"Cu",0.0776923963392977
"Cu",0.0655134919816561
"Cu",0.052245995785675
"Cu",0.0684298641184648
"Cu",0.0898289925019557
"Cu",0.0479186968305926
"Cu",0.0744105543434276
"Cu",0.072291387401019
"Cu",0.059294361818831
"Cu",0.0833599422250971
"Cu",0.0833627137227202
"Cu",0.0785540312303886
"Cu",0.0377801959934911
"Cu",0.0597778824269487
"Cu",0.0525305709863093
"Cu",0.0705223688226251
"Cu",0.0760337166634287
"Cu",0.0717010693783691
"Cu",0.0690296049456008
"Cu",0.0852901872662011
"Cu",0.0850301364802611
"Cu",0.0607524622746863
"Cu",0.0853832812877246
"Cu",0.0836108578929895
"Cu",0.0748402745005725
"Cu",0.0687839018673855
"Cu",0.0830109234121087
"Cu",0.0719896461174206
"Cu",0.0531980494285431
"Cu",0.0749534891485854
"Cu",0.0761129548884268
"Cu",0.0820610153180579
"Cu",0.0844135298308607
"Cu",0.0856166326864001
"Cu",0.0716724400452281
"Cu",0.0736986837101019
"Cu",0.0762791563541247
"Cu",0.0722743452106678
"Cu",0.0810438168282643
"Cu",0.0873826331717551
"Cu",0.0819691915379057
"Cu",0.0697427877765016
"Cu",0.0700956295022929
"Cu",0.0765884567676427
"Cu",0.0704132135471489
"Cu",0.0816215843688925
"Cu",0.058718309901301
"Cu",0.0826659649560122
"Cu",0.0848937137592431
"Cu",0.0757307476415397
"Cu",0.0662496978390647
"Cu",0.072070835462662
"Cu",0.0571785519939555
"Cu",0.0903333261499563
"Cu",0.0701922950154214
"Cu",0.002
"Cu",0.0646846575917445
"Cu",0.0739023126980244
"Cu",0.0696706323700645
"Cu",0.0770798527875675
"Cu",0.043768564892202
"Cu",0.0783777025357074
"Cu",0.0618390950699006
"Cu",0.0740286006539004
"Cu",0.0664462974538285
"Cu",0.0857931317178909
"Cu",0.0497392653588985
"Cu",0.0674220552812758
"Cu",0.0935715595968364
"Cu",0.0873717109393348
"Cu",0.0680837155756693
"Cu",0.0657920841042154
"Cu",0.002
"Cu",0.0624549169072782
"Cu",0.0824918577707089
"Cu",0.0769831498863294
"Cu",0.0716263925221267
"Cu",0.0737295938547102
"Cu",0.0836404635441791
"Cu",0.0628942077812954
"Cu",0.0273522610681742
"Cu",0.0686635445154021
"Cu",0.0796439259103318
"Cu",0.0697922315611172
"Cu",0.0705581943070244
"Cu",0.0742782614391255
"Cu",0.0500912321901666
"Cu",0.0800039104163798
"Cu",0.0814437719754416
"Cu",0.0795164235177458
"Cu",0.0751843070791367
"Cu",0.0812825671467751
"Cu",0.0839702406360974
"Cu",0.0809033457716168
"Cu",0.0817580734572034
"Cu",0.0036471508576658
"Cu",0.0781449709597066
"Cu",0.10301382068837
"Cu",0.0771835543412427
"Cu",0.0563850658140924
"Cu",0.0921180822989461
"Cu",0.0761850462177029
"Cu",0.0693946247155257
"Cu",0.076540428217034
"Cu",0.0520582498965102
"Cu",0.0718079983689643
"Cu",0.082103422575825
"Cu",0.084640733699764
"Cu",0.0768836570228079
"Cu",0.0753218135987595
"Cu",0.0917599000777615
"Cu",0.0862317144693543
"Cu",0.0823994400677458
"Cu",0.0877435617430425
"Cu",0.0747218489938587
"Cu",0.0759825239509776
"Cu",0.0593479967884452
"Cu",0.066520224348446
"Cu",0.0662484647339074
"Cu",0.0593687874357832
"Cu",0.0796553242662287
"Cu",0.0837190284050011
"Cu",0.0857290438759719
"Cu",0.0689433003442401
"Cu",0.0685784248215586
"Cu",0.068247971515167
"Cu",0.0907749894959631
"Cu",0.0357256907858926
"Cu",0.081201949405439
"Cu",0.0784383360572717
"Cu",0.0785628748129752
"Cu",0.0362023714602234
"Cu",0.063325552085155
"Cu",0.0663916699961982
"Cu",0.0725007783799075
"Cu",0.0864641965230892
"Cu",0.0614065819734504
"Cu",0.0802780856267054
"Cu",0.0799249858803039
"Cu",0.0866931459863987
"Cu",0.0642162353664052
"Cu",0.0350251928424105
"Cu",0.0632632136629593
"Cu",0.0755076812545779
"Cu",0.0684051702248663
"Cu",0.0758148688183967
"Cu",0.0710308744021503
"Cu",0.08303003254701
"Cu",0.0850967043878116
"Cu",0.0770062463107298
"Cu",0.0695801387552754
"Cu",0.0557910282479469
"Cu",0.069565822073846
"Cu",0.0709238420030971
"Cu",0.0750518435695083
"Cu",0.0866277806706474
"Cu",0.0616013538579866
"Cu",0.0980000363966271
"Cu",0.070605499537653
"Cu",0.0735023991455081
"Cu",0.027862447678645
"Cu",0.0746902547096876
"Cu",0.0646394598174067
"Cu",0.0852477655336907
"Cu",0.0931940466638854
"Cu",0.075623220023525
"Cu",0.0333578979770154
"Cu",0.064847728022402
"Cu",0.072323685835345
"Cu",0.0832364227827113
"Cu",0.0793352822555817
"Cu",0.0823994153260289
"Cu",0.092325620505565
"Cu",0.0723050218854483
"Cu",0.0902039545135049
"Cu",0.0726938143433354
"Cu",0.0868047576944345
"Cu",0.0825141992500732
"Cu",0.0828548268951431
"Cu",0.0695148521679416
"Cu",0.0772494683112855
"Cu",0.0913786416194023
"Cu",0.0809374960692925
"Cu",0.0755139383285814
"Cu",0.0801842148305162
"Cu",0.0780595646815544
"Cu",0.0743280056709869
"Cu",0.10102643737187
"Cu",0.002
"Cu",0.080009971415902
"Cu",0.0883702122343862
"Cu",0.0868833906911579
"Cu",0.0583743024268693
"Cu",0.0676612102555113
"Cu",0.0681080291859138
"Cu",0.0795301633627484
"Cu",0.0713090957855445
"Cu",0.0817876631582209
"Cu",0.0842798118315549
"Cu",0.0774299038516808
"Cu",0.0743443133294736
"Cu",0.0767857489946954
"Cu",0.0876989208730599
"Cu",0.0784839292016666
"Cu",0.0795716799263201
"Cu",0.0524331454265039
"Cu",0.0770103605924227
"Cu",0.0775899777338913
"Cu",0.0813186835279159
"Cu",0.0649750314069482
"Cu",0.0647290286750973
"Cu",0.0905610407781236
"Cu",0.0808803100219922
"Cu",0.0808502927568712
"Cu",0.0849847141748783
"Cu",0.0876076029389111
"Cu",0.0776363532331982
"Cu",0.0712951386568987
"Cu",0.0565167928432861
"Cu",0.0899126777386961
"Cu",0.0578720177057459
"Cu",0.075942365086917
"Cu",0.0839574627289817
"Cu",0.0815354496725657
"Cu",0.0579987862658142
"Cu",0.0821309420551535
"Cu",0.0743742038204318
"Cu",0.0724241121603091
"Cu",0.0815272823066618
"Cu",0.0640552419760363
"Cu",0.0717978205253242
"Cu",0.0711610704066477
"Cu",0.0807711807138234
"Cu",0.0917388393681247
"Cu",0.0494722165938347
"Cu",0.0796221859763604
"Cu",0.0658237387195734
"Cu",0.0821381509999662
"Cu",0.0797313746188255
"Cu",0.0838629813486569
"Cu",0.0805358962928513
"Cu",0.0745658861665086
"Cu",0.002
"Cu",0.0707606208073706
"Cu",0.0800343642150669
"Cu",0.0710450836267217
"Cu",0.0708778638296202
"Cu",0.0777045387230495
"Cu",0.0759910376715596
"Cu",0.0849048882632552
"Cu",0.0597766892820168
"Cu",0.0777357890870334
"Cu",0.0803010797516661
"Cu",0.0761280572372247
"Cu",0.0762682092658343
"Cu",0.074550767006362
"Cu",0.0630643450230223
"Cu",0.0695656906574249
"Cu",0.0645862058568744
"Cu",0.0781626975292581
"Cu",0.0893512729837873
"Cu",0.0704652992000807
"Cu",0.0764835221842533
"Cu",0.0537743705906299
"Cu",0.0921392715596858
"Cu",0.0627316643003566
"Cu",0.0866042424246014
"Cu",0.0713253988184649
"Cu",0.0750669628257027
"Cu",0.0679479079825002
"Cu",0.0650422220269064
"Cu",0.0462423312226269
"Cu",0.0745726167049044
"Cu",0.0785190957893849
"Cu",0.0793993479603598
"Cu",0.0835489934088603
"Cu",0.0642165788153554
"Cu",0.0780837393697701
"Cu",0.0847518924276222
"Cu",0.08481851216674
"Cu",0.0710448443163672
"Cu",0.0823144437749477
"Cu",0.0794399381105664
"Cu",0.0712809309015538
"Cu",0.0754874708755252
"Cu",0.0778753745201387
"Cu",0.0795924797266883
"Cu",0.0666862269393436
"Cu",0.0820304703508038
"Cu",0.0752735839228911
"Cu",0.0607754023857526
"Cu",0.0901958572851241
"Cu",0.0717865809118915
"Cu",0.0549821785893243
"Cu",0.0809916963483667
"Cu",0.06067586045295
"Cu",0.0636701323004817
"Cu",0.0675463718940364
"Cu",0.084225961089119
"Cu",0.0658629778309035
"Cu",0.0699951068965947
"Cu",0.0437843779567691
"Cu",0.0841493799364842
"Cu",0.0798813477106284
"Cu",0.0800245911312832
"Cu",0.0663232298762706
"Cu",0.0743096454655073
"Cu",0.078888168800382
"Cu",0.0753192760052138
"Cu",0.0740330857059713
"Cu",0.0326246691399901
"Cu",0.0681156588515809
"Cu",0.078022677626646
"Cu",0.0825944559481349
"Cu",0.0982766389655023
"Cu",0.0858112926331397
"Cu",0.0824147736487082
"Cu",0.0783697755289111
"Cu",0.0793355762715744
"Cu",0.0826290828880637
"Cu",0.0772235926223867
"Cu",0.0719273208866401
"Cu",0.070457483238839
"Cu",0.0767876431588795
"Cu",0.0751814122651194
"Cu",0.0729438604505323
"Cu",0.0735897272135176
"Cu",0.0555922020174714
"Cu",0.0581977857562596
"Cu",0.0735964880861601
"Cu",0.0861242909136513
"Cu",0.0810920747177735
"Cu",0.0917692104767931
"Cu",0.0716034900182693
"Cu",0.0540517808521462
"Cu",0.0498041376371486
"Cu",0.0794153840623413
"Cu",0.0461016906444315
"Cu",0.105398575731068
"Cu",0.08542921133069
"Cu",0.0775638300702394
"Cu",0.0615630798855698
"Cu",0.0717101918818531
"Cu",0.0780922835248584
"Cu",0.0786471642967411
"Cu",0.0825926967087243
"Cu",0.0822687330437263
"Cu",0.0637939235294076
"Cu",0.0655505658550723
"Cu",0.0705864506803023
"Cu",0.0723841063960816
"Cu",0.091295462860347
"Cu",0.078191769313163
"Cu",0.0749182153350638
"Cu",0.0811017538562523
"Cu",0.0592397576559229
"Cu",0.05356987216724
"Cu",0.0795087382193203
"Cu",0.0686489173337953
"Cu",0.0844138126923326
"Cu",0.0842692312306199
"Cu",0.0739849087995308
"Cu",0.0414492066005359
"Cu",0.0658757516196577
"Cu",0.0454123743768824
"Cu",0.0702944326697391
"Cu",0.0709627345417344
"Cu",0.0863111526189115
"Cu",0.0866273164550203
"Cu",0.0827421706039786
"Cu",0.0889871838374166
"Cu",0.0979501389670788
"Cu",0.0743272946350221
"Cu",0.0765309912930541
"Cu",0.0915584933131802
"Cu",0.0815946177390967
"Cu",0.0823199458850524
"Cu",0.00375609796600658
"Cu",0.0810777087020047
"Cu",0.0521786530171053
"Cu",0.0751613559244641
"Cu",0.0451073590715339
"Cu",0.0800826358137944
"Cu",0.0770986180350229
"Cu",0.066191804900571
"Cu",0.0648604357708305
"Cu",0.0777900483859947
"Cu",0.0584558112196383
"Cu",0.077301111285648
"Cu",0.0893206637631584
"Cu",0.0733561821106152
"Cu",0.0798142304354039
"Cu",0.0549807556918242
"Cu",0.0808118890547864
"Cu",0.0866849954562467
"Cu",0.0774917752531969
"Cu",0.0806401888415816
"Cu",0.0751191788594432
"Cu",0.0840891815457394
"Cu",0.0654920064955209
"Cu",0.0640398776724029
"Cu",0.0504160953255607
"Cu",0.0896792818073646
"Cu",0.0850035361521509
"Cu",0.0914192396556311
"Cu",0.0747097339570348
"Cu",0.0694603323698656
"Cu",0.0751232733530846
"Cu",0.0874426374098318
"Cu",0.0728509790558571
"Cu",0.0770645537938466
"Cu",0.0720695056066758
"Cu",0.068447725460866
"Cu",0.0804779580410314
"Cu",0.0751028324082774
"Cu",0.0478024413458252
"Cu",0.0791818100405569
"Cu",0.0855076692359519
"Cu",0.0840288987176444
"Cu",0.0810794975947753
"Cu",0.0504177501154428
"Cu",0.0679007618332839
"Cu",0.0911502020817885
"Cu",0.0679422883232882
"Cu",0.0710117790814683
"Cu",0.0660705763192776
"Cu",0.0730175990518768
"Cu",0.0821896350419663
"Cu",0.0670460137867634
"Cu",0.0583368853993032
"Cu",0.0181965652907408
"Cu",0.066895864631094
"Cu",0.0815344570916235
"Cu",0.0940265077315741
"Cu",0.0930546323776745
"Cu",0.0894876155849303
"Cu",0.0720547194887918
"Cu",0.0867847676086243
"Cu",0.0628684095565917
"Cu",0.0831104898643317
"Cu",0.0784815095496169
"Cu",0.0679995568763939
"Cu",0.0814995939924873
"Cu",0.0695365394192947
"Cu",0.0589162516796322
"Cu",0.0800696504945397
"Cu",0.0533486134426316
"Cu",0.0746181962736095
"Cu",0.0456988296196551
"Cu",0.0814088972195027
"Cu",0.0816473102191983
"Cu",0.0778451330025396
"Cu",0.002
"Cu",0.0738857998034396
"Cu",0.0845316463984852
"Cu",0.0756618242896247
"Cu",0.068706262508793
"Cu",0.0575474247110982
"Cu",0.0784559199870005
"Cu",0.0614878274316467
"Cu",0.0765458330883366
"Cu",0.0637150332733675
"Cu",0.0830612786241497
"Cu",0.0789205448823507
"Cu",0.0684227009201869
"Cu",0.0922174649060941
"Cu",0.0919777875272398
"Cu",0.0547681553253316
"Cu",0.07417480910554
"Cu",0.0763301275654974
"Cu",0.0620626512352865
"Cu",0.0708429494586394
"Cu",0.0700553410491375
"Cu",0.0835930725781302
"Cu",0.0856671493892172
"Cu",0.0721426126692996
"Cu",0.0661560425297219
"Cu",0.0800895050934663
"Cu",0.0739346696017644
"Cu",0.0683603522306111
"Cu",0.0644088101490305
"Cu",0.0694796273199345
"Cu",0.0741166926516414
"Cu",0.0753152891254531
"Cu",0.0793461386415718
"Cu",0.0719767271071149
"Cu",0.0802729511800377
"Cu",0.0681205239854914
"Cu",0.0720503882834641
"Cu",0.0862854722127643
"Cu",0.0740229503972034
"Cu",0.0786113536044244
"Cu",0.0775972059165424
"Cu",0.0851069307996125
"Cu",0.0726155814901701
"Cu",0.0888253620770301
"Cu",0.0764489442410743
"Cu",0.0734248621645709
"Cu",0.0914976621986593
"Cu",0.0836995568481523
"Cu",0.0768738648691486
"Cu",0.0806306048078095
"Cu",0.0746132401199348
"Cu",0.0799022162099131
"Cu",0.0434120350768434
"Cu",0.0652162486279847
"Cu",0.0670854731227666
"Cu",0.0612365511551473
"Cu",0.0611706691350686
"Cu",0.0582222174439475
"Cu",0.0846231403218897
"Cu",0.0889335296461038
"Cu",0.0728876820543559
"Cu",0.0875664747186273
"Cu",0.0676345221717539
"Cu",0.0692047624228923
"Cu",0.0687775750580422
"Cu",0.0475972758540416
"Cu",0.086306035341414
"Cu",0.0611112002666265
"Cu",0.0805260149163896
"Cu",0.0746592710957121
"Cu",0.0864323885081207
"Cu",0.0892708557356078
"Cu",0.0853458894239001
"Cu",0.0704733748383099
"Cu",0.0791031895990636
"Cu",0.0687222443002008
"Cu",0.0680581037126894
"Cu",0.0775589251420533
"Cu",0.0878413013331621
"Cu",0.0788045901476818
"Cu",0.0538618541946461
"Cu",0.0783616233016035
"Cu",0.0828486057237737
"Cu",0.0505234226894132
"Cu",0.0687160197030607
"Cu",0.0855968406330255
"Cu",0.057666503630683
"Cu",0.0714515735853967
"Cu",0.0737286943329117
"Cu",0.0719431524582757
"Cu",0.086356748100372
"Cu",0.0642917722873191
"Cu",0.0860588732247412
"Cu",0.0803753215744843
"Cu",0.0816963383496591
"Cu",0.072949465361553
"Cu",0.0657823650334531
"Cu",0.075192723884837
"Cu",0.0821100593501474
"Cu",0.070153269867274
"Cu",0.072078323164384
"Cu",0.0796435204104502
"Cu",0.0763263644165295
"Cu",0.0660505835016251
"Cu",0.0948409165927972
"Cu",0.0790426620363005
"Cu",0.077371581343368
"Cu",0.0467868578026613
"Cu",0.0538177821638697
"Cu",0.0791961469771177
"Cu",0.0872806315079014
"Cu",0.0674981572692725
"Cu",0.0850086324668812
"Cu",0.0917707343700492
"Cu",0.0666429639666358
"Cu",0.0783991473917379
"Cu",0.0674333730362081
"Cu",0.0723015672644693
"Cu",0.0810042533766581
"Cu",0.0476590290039889
"Cu",0.0799079894457445
"Cu",0.0759153534941742
"Cu",0.0775202545290046
"Cu",0.0569011702259131
"Cu",0.0730391082398174
"Cu",0.0737987456662811
"Cu",0.083229381821492
"Cu",0.0982355205430644
"Cu",0.0464047151443298
"Cu",0.084391872573076
"Cu",0.0755655510893083
"Cu",0.0857415398225262
"Cu",0.0739826629874153
"Cu",0.0341116969056222
"Cu",0.073632495759301
"Cu",0.0908875421276713
"Cu",0.0796503817115369
"Cu",0.0856803455673801
"Cu",0.0759972939323093
"Cu",0.0796841765469875
"Cu",0.0842646311811376
"Cu",0.0850029179253211
"Cu",0.0771783556257354
"Cu",0.0753554390648534
"Cu",0.0838823729077672
"Cu",0.0894654500245859
"Cu",0.0804055503596503
"Cu",0.0736268899613204
"Cu",0.0826306862314398
"Cu",0.080855299136157
"Cu",0.070776032257692
"Cu",0.0739828505475272
"Cu",0.0506981089915173
"Cu",0.0878572363876774
"Cu",0.0669472938122238
"Cu",0.087384037125586
"Cu",0.0785156084509282
"Cu",0.0733999124522541
"Cu",0.0814157245134735
"Cu",0.0689824282766964
"Cu",0.0600305755817754
"Cu",0.0615978584065884
"Cu",0.0723685419299289
"Cu",0.0764164244600204
"Cu",0.0727907929711047
"Cu",0.0736757764335215
"Cu",0.0764569759601231
"Cu",0.0735257696021167
"Cu",0.0735250809483725
"Cu",0.0661999634292519
"Cu",0.0649366586465093
"Cu",0.002
"Cu",0.0787438480405193
"Cu",0.0892086384297386
"Cu",0.0711644731923124
"Cu",0.0812646160719391
"Cu",0.0856141629015594
"Cu",0.0870834003612744
"Cu",0.0916159829854798
"Cu",0.0464717282620614
"Cu",0.0662267171156187
"Cu",0.0706164840450718
"Cu",0.068298677660652
"Cu",0.0864441797929466
"Cu",0.084200462425608
"Cu",0.0861733488158987
"Cu",0.0659856969268961
"Cu",0.0472518775670552
"Cu",0.0754003720913421
"Cu",0.0880533813192199
"Cu",0.0679230936478284
"Cu",0.0744620536014442
"Cu",0.0687174033504954
"Cu",0.0618412854674725
"Cu",0.07215001877527
"Cu",0.0580760299969091
"Cu",0.0703541972740206
"Cu",0.0756187900265733
"Cu",0.0728949377711301
"Cu",0.0633790528737749
"Cu",0.0824380237558804
"Cu",0.0744178662814605
"Cu",0.0739435642404849
"Cu",0.0866360334848988
"Cu",0.0802457229819848
"Cu",0.0798553464775212
"Cu",0.0761648284156157
"Cu",0.0667226578946106
"Cu",0.0903361032268023
"Cu",0.0812436995213344
"Cu",0.0777896495122233
"Cu",0.0697383473619867
"Cu",0.0746100858103275
"Cu",0.0481549681025075
"Cu",0.0758010533068497
"Cu",0.0717339971962087
"Cu",0.0553271166350409
"Cu",0.0744566143033031
"Cu",0.0719327682157889
"Cu",0.0550285765508797
"Cu",0.0716040009540597
"Cu",0.0837154122172674
"Cu",0.0707039835899773
"Cu",0.0696684043110402
"Cu",0.002
"Cu",0.0902028159337209
"Cu",0.0747174592896577
"Cu",0.0693460116347052
"Cu",0.0698620346809813
"Cu",0.03335225738084
"Cu",0.0634827427022074
"Cu",0.0740349683165222
"Cu",0.0658768856465839
"Cu",0.0763592784160968
"Cu",0.0855803449800301
"Cu",0.0708467211263848
"Cu",0.0833800843986122
"Cu",0.0582305762701034
"Cu",0.074158226136973
"Cu",0.0739659311300786
"Cu",0.0567700789864686
"Cu",0.0823920809196148
"Cu",0.0693840450023082
"Cu",0.075961077648278
"Cu",0.0739664979216216
"Cu",0.0675428995835247
"Cu",0.0724492065194314
"Cu",0.0719649657755576
"Cu",0.0549982125696203
"Cu",0.0545018464029648
"Cu",0.0837258839941982
"Cu",0.0787416230647901
"Cu",0.0689743145271332
"Cu",0.0710258821025822
"Cu",0.085470736817961
"Cu",0.0728564573822988
"Cu",0.0434394120409302
"Cu",0.0598961290705804
"Cu",0.0749806318676642
"Cu",0.0600029141713966
"Cu",0.0646274915175887
"Cu",0.0712112967765251
"Cu",0.0679251759977635
"Cu",0.0718110344549549
"Cu",0.0814757798456149
"Cu",0.0745783983253232
"Cu",0.0754293286735599
"Cu",0.0317353184881337
"Cu",0.0876205457935468
"Cu",0.0793476676989666
"Cu",0.0676997582707661
"Cu",0.0626105478602167
"Cu",0.0833342949174266
"Cu",0.0690194973390552
"Cu",0.0828070479584516
"Cu",0.0639058424847497
"Cu",0.0814145123693931
"Cu",0.0709546258461716
"Cu",0.0577870891365233
"Cu",0.0837255811706058
"Cu",0.0600253218082697
"Cu",0.0829020387363385
"Cu",0.0650895293083844
"Cu",0.0802682319383441
"Cu",0.075349606295848
"Cu",0.0770859213165531
"Cu",0.0880506867612516
"Cu",0.0743776638426296
"Cu",0.0787634223504431
"Cu",0.0651098003298457
"Cu",0.0815037068009208
"Cu",0.0706438234306596
"Cu",0.0919493826259902
"Cu",0.0721056104108924
"Cu",0.07612125551918
"Cu",0.0717709042059455
"Cu",0.0913736072627529
"Cu",0.0776170459754009
"Cu",0.0671257969506807
"Cu",0.0678713528054096
"Cu",0.0814977565565711
"Cu",0.0710824020906692
"Cu",0.0829637243120271
"Cu",0.0699390360126042
"Cu",0.0891354839687445
"Cu",0.0663232926889452
"Cu",0.0797129824081031
"Cu",0.0645099414208962
"Cu",0.0706889017358853
"Cu",0.0712409618114661
"Cu",0.0747190218367867
"Cu",0.0911329762362891
"Cu",0.002
"Cu",0.0817478360793361
"Cu",0.0826913871499964
"Cu",0.0762076264361462
"Cu",0.0790788628470903
"Cu",0.0767468282215691
"Cu",0.0866244216530659
"Cu",0.0921846789390943
"Cu",0.0434461567767958
"Cu",0.0661379969557858
"Cu",0.0558224769301572
"Cu",0.0845896867007014
"Cu",0.0624563963307029
"Cu",0.08828123642722
"Cu",0.0719120574029505
"Cu",0.0600357355410401
"Cu",0.0870174992031276
"Cu",0.0651851488240785
"Cu",0.0681867360651563
"Cu",0.0771706817171302
"Cu",0.0849485975030143
"Cu",0.0749045724624698
"Cu",0.0781191809162168
"Cu",0.0798105060516992
"Cu",0.0803979972436941
"Cu",0.0644761924711015
"Cu",0.0883861379934278
"Cu",0.078450900020941
"Cu",0.0867610112495354
"Cu",0.0854096853393128
"Cu",0.0766567663314522
"Cu",0.0617148782774339
"Cu",0.0619096978944846
"Cu",0.0566934709374083
"Cu",0.077634597871122
"Cu",0.0641617599704791
"Cu",0.0649882686021569
"Cu",0.0485433259988668
"Cu",0.0770547153479838
"Cu",0.0847989456100922
"Cu",0.0638374598698125
"Cu",0.0790233630452206
"Cu",0.0857230868164973
"Cu",0.0789414638521863
"Cu",0.0631396199445951
"Cu",0.0743277247841114
"Cu",0.0858625919077678
"Cu",0.0832394253040657
"Cu",0.0780047416082544
"Cu",0.0824739403744207
"Cu",0.0654542617081972
"Cu",0.0785058502095068
"Cu",0.0671908298479636
"Cu",0.0532030997916228
"Cu",0.0870111548074775
"Cu",0.0793706949281886
"Cu",0.0714363152341937
"Cu",0.0784020116031959
"Cu",0.0785070848032441
"Cu",0.0836070709100656
"Cu",0.0629711005311334
"Cu",0.0876079037898591
"Cu",0.08010927430341
"Cu",0.067272920195411
"Cu",0.071327308240533
"Cu",0.0850240188711717
"Cu",0.08099817556641
"Cu",0.0891734266428732
"Cu",0.0695204454036484
"Cu",0.0780711170647645
"Cu",0.0754883474833029
"Cu",0.0697720959002042
"Cu",0.0824960098936213
"Cu",0.0440486038410678
"Cu",0.0677706458824249
"Cu",0.0840394082047482
"Cu",0.0781248584002944
"Cu",0.0801749218923147
"Cu",0.0902721473482422
"Cu",0.0768091350956186
"Cu",0.0917568732100128
"Cu",0.0917177610167528
"Cu",0.0727532947246006
"Cu",0.0776061905834402
"Cu",0.0868450627896709
"Cu",0.0665722987527461
"Cu",0.0915734631726959
"Cu",0.0721995556876517
"Cu",0.0827513224146211
"Cu",0.0614300427969729
"Cu",0.0732420537391683
"Cu",0.0835186796642168
"Cu",0.0718998805676121
"Cu",0.0782646067536147
"Cu",0.0757467928246299
"Cu",0.0762011148664206
"Cu",0.0828529018712319
"Cu",0.0645344939395048
"Cu",0.0744970276172145
"Cu",0.0868029855118244
"Cu",0.0797322416432106
"Cu",0.0704214149006149
"Cu",0.0724108560898986
"Cu",0.0448178648147241
"Cu",0.0770229663664164
"Cu",0.0688134869674231
"Cu",0.0809871969301038
"Cu",0.0890465500045255
"Cu",0.0654232861377177
"Cu",0.0667722431258576
"Cu",0.0610520706188573
"Cu",0.0838994410210398
"Cu",0.0805181820231949
"Cu",0.0764811672693418
"Cu",0.0909769541356269
"Cu",0.0447169637155547
"Cu",0.0730012885093393
"Cu",0.074083529661215
"Cu",0.0740633149465177
"Cu",0.0563597220635592
"Cu",0.0679924104802845
"Cu",0.074400127736676
"Cu",0.0811921172173304
"Cu",0.085145784088699
"Cu",0.0694877246701958
"Cu",0.0844617776169197
"Cu",0.0679161548994276
"Cu",0.062601482913401
"Cu",0.0589378208595127
"Cu",0.0691522497869143
"Cu",0.0742396726697994
"Cu",0.0786408862187918
"Cu",0.0878259108267928
"Cu",0.0792719962023546
"Cu",0.0846229221587635
"Cu",0.0535231295387459
"Cu",0.08183106095781
"Cu",0.0502433881322462
"Cu",0.0723805906758947
"Cu",0.0713246714876676
"Cu",0.0829224637383993
"Cu",0.0584029851392575
"Cu",0.0727777430115882
"Cu",0.0713547097491677
"Cu",0.0743076643443553
"Cu",0.0894538931639305
"Cu",0.0769660106321142
"Cu",0.0683361547071848
"Cu",0.002
"Cu",0.0901396710457417
"Cu",0.0811816946863665
"Cu",0.0737935621622089
"Cu",0.0635755102189939
"Cu",0.0677176084543136
"Cu",0.0755427739577661
"Cu",0.0678345416669728
"Cu",0.0781667048803235
"Cu",0.0659640805615635
"Cu",0.0793165800726828
"Cu",0.0535410966854624
"Cu",0.0785683803619251
"Cu",0.0905578360653967
"Cu",0.063548740484468
"Cu",0.083047721855956
"Cu",0.0682617911747665
"Cu",0.0823571236904561
"Cu",0.052045392978073
"Cu",0.0708206753409895
"Cu",0.0773000309450953
"Cu",0.0831608622244685
"Cu",0.0733857688257799
"Cu",0.0691169554419394
"Cu",0.0734820975588286
"Cu",0.0247503329108518
"Cu",0.0805787390257137
"Cu",0.0688080170318964
"Cu",0.0663050596176628
"Cu",0.0795775013416691
"Cu",0.0681231878794152
"Cu",0.0749098741392313
"Cu",0.0826035080497309
"Cu",0.0660568667092018
"Cu",0.0629763036849827
"Cu",0.0799355636883061
"Cu",0.0795274184897187
"Cu",0.0809506635394986
"Cu",0.0784010690729426
"Cu",0.071674569570551
"Cu",0.0495938363744908
"Cu",0.0753827891627445
"Cu",0.0933251863898938
"Cu",0.0938121578489681
"Cu",0.0868921686708986
"Cu",0.0573162557248796
"Cu",0.0723565686200984
"Cu",0.086011730904284
"Cu",0.0735655014883132
"Cu",0.0697985142812228
"Cu",0.0653382688347879
"Cu",0.0786282038768014
"Cu",0.0784958636824513
"Cu",0.0673191595367721
"Cu",0.0823124119699445
"Cu",0.0550163940679696
"Cu",0.0803596815201798
"Cu",0.0910408371290732
"Cu",0.002
"Cu",0.0512148701742866
"Cu",0.0871038443470363
"Cu",0.0735259260081873
"Cu",0.0802955530192809
"Cu",0.0838064965976765
"Cu",0.0880785141689547
"Cu",0.0834175133256785
"Cu",0.0707129267555225
"Cu",0.0769700797918815
"Cu",0.0893967847165341
"Cu",0.0649849576357365
"Cu",0.0698550073406548
"Cu",0.0699645997118586
"Cu",0.0543898189185054
"Cu",0.0399179288200131
"Cu",0.0795812198521007
"Cu",0.0679232030838297
"Cu",0.0726123033777293
"Cu",0.0646470848170487
"Cu",0.0827782975535025
"Cu",0.0624694169193241
"Cu",0.082286787940907
"Cu",0.0840937847584691
"Cu",0.0888647603004353
"Cu",0.0736168216835235
"Cu",0.0727668906883192
"Cu",0.0718699398102048
"Cu",0.0789528059040764
"Cu",0.0918034092964225
"Cu",0.0727187543535747
"Cu",0.0767403105665473
"Cu",0.0898040047930584
"Cu",0.0697492647273013
"Cu",0.0715041641082475
"Cu",0.0932668378793521
"Cu",0.070896610918348
"Cu",0.0674607602987964
"Cu",0.0663002656451624
"Cu",0.0602155640867428
"Cu",0.0647181350625901
"Cu",0.0786766881865358
"Cu",0.0440021581560713
"Cu",0.0702924322073707
"Cu",0.0928260331851772
"Cu",0.0891411924010689
"Cu",0.0787177814876445
"Cu",0.0792793870547384
"Cu",0.0744950574949549
"Cu",0.0806187265724414
"Cu",0.0648664126672642
"Cu",0.063315365402893
"Cu",0.0861168780697572
"Cu",0.077792784287958
"Cu",0.0893554475896858
"Cu",0.062615573785815
"Cu",0.0718480988976171
"Cu",0.0925959979091325
"Cu",0.0756810791546267
"Cu",0.0729059706822534
"Cu",0.0782202976980556
"Cu",0.0815722897629278
"Cu",0.0849496442100467
"Cu",0.0796452502285028
"Cu",0.0447426577592507
"Cu",0.0687889513168229
"Cu",0.0820439519224158
"Cu",0.073982442565315
"Cu",0.0714802858181207
"Cu",0.0622087257947745
"Cu",0.0761726500560048
"Cu",0.0710989931259824
"Cu",0.0739524419772817
"Cu",0.0261056522410792
"Cu",0.0657650188687944
"Cu",0.0676332164177216
"Cu",0.0701895526853744
"Cu",0.0671610259642298
"Cu",0.0865352947091316
"Cu",0.0746095076896845
"Cu",0.0719329620507141
"Cu",0.0881042368512284
"Cu",0.0802026618787532
"Cu",0.002
"Cu",0.0872027641221014
"Cu",0.0648290443177565
"Cu",0.0837477799460536
"Cu",0.0919975012618233
"Cu",0.0851496142760351
"Cu",0.0878938521931323
"Cu",0.0685492852734276
"Cu",0.0750573800317785
"Cu",0.0655559780948162
"Cu",0.063488263397906
"Cu",0.0759397175711534
"Cu",0.0652198425040335
"Cu",0.0749404751024684
"Cu",0.0846667191775009
"Cu",0.0703466956851201
"Cu",0.0768713104811222
"Cu",0.0695623816318841
"Cu",0.0799129760924164
"Cu",0.0729330371990671
"Cu",0.0784057487730787
"Cu",0.0908201161631023
"Cu",0.0773433608496379
"Cu",0.079876260777849
"Cu",0.0774475562028453
"Cu",0.0576727729570567
"Cu",0.0729942991702981
"Cu",0.0693255822554491
"Cu",0.0864143522267091
"Cu",0.0774361224905695
"Cu",0.0829860895032321
"Cu",0.0805287433451487
"Cu",0.0726973786168973
"Cu",0.0766022314120354
"Cu",0.0776636444746438
"Cu",0.0727030179466416
"Cu",0.082637318899089
"Cu",0.0664869056915084
"Cu",0.0704709826300412
"Cu",0.0581714879407148
"Cu",0.0754541556139397
"Cu",0.002
"Cu",0.0824676688025929
"Cu",0.0744719592956612
"Cu",0.0765058770561098
"Cu",0.0708500427959413
"Cu",0.0921773219048296
"Cu",0.0791919506675953
"Cu",0.0838782491169412
"Cu",0.0739820356566041
"Cu",0.0784961993652786
"Cu",0.0745160473050834
"Cu",0.0561777926982364
"Cu",0.0949275037359901
"Cu",0.0601552414330632
"Cu",0.079976873290173
"Cu",0.0969669464784658
"Cu",0.07318293366253
"Cu",0.0840669599866544
"Cu",0.0687260542263312
"Cu",0.0419903510491084
"Cu",0.0733104923475559
"Cu",0.0671819732993394
"Cu",0.00555340038848177
"Cu",0.0694230645445666
"Cu",0.0780503622251226
"Cu",0.0521585553550006
"Cu",0.0888233911814495
"Cu",0.0697842794678213
"Cu",0.0242643819460259
"Cu",0.0865187903152196
"Cu",0.0861321001950444
"Cu",0.0700218512584275
"Cu",0.052326474683167
"Cu",0.0621360242329499
"Cu",0.0867210443115063
"Cu",0.0775855216931262
"Cu",0.0690854865541775
"Cu",0.0810620920095005
"Cu",0.068611520125527
"Cu",0.0763637580687042
"Cu",0.0767494845725719
"Cu",0.0821217032281038
"Cu",0.0521803075093245
"Cu",0.0787508706725993
"Cu",0.0847073258431971
"Cu",0.0708207691400042
"Cu",0.0785209722058705
"Cu",0.0850135169721068
"Cu",0.0693404499378763
"Cu",0.0527579764558784
"Cu",0.0904237592280165
"Cu",0.0729098384583497
"Cu",0.0861653510703192
"Cu",0.0723469030430446
"Cu",0.0641364002370653
"Cu",0.0865872761328281
"Cu",0.0739866271870274
"Cu",0.0692454485314017
"Cu",0.0652243406073281
"Cu",0.0772762293812023
"Cu",0.072543244008737
"Cu",0.0631181212555349
"Cu",0.08922790746087
"Cu",0.077244967608266
"Cu",0.0693540683990758
"Cu",0.064966353689
"Cu",0.0921018481537614
"Cu",0.060845729394766
"Cu",0.0765296264956042
"Cu",0.0806199360408562
"Cu",0.0638895532631864
"Cu",0.0843274171575426
"Cu",0.0973240660346049
"Cu",0.0876035578947577
"Cu",0.0761473897384341
"Cu",0.0567358610125561
"Cu",0.0676037905488692
"Cu",0.0554484212031147
"Cu",0.0636819264176509
"Cu",0.0652037293733551
"Cu",0.0731286719703939
"Cu",0.0660889963548663
"Cu",0.0834989142621099
"Cu",0.0722262773994203
"Cu",0.0785515046956717
"Cu",0.0830785073843963
"Cu",0.0675377133988212
"Cu",0.0722027987514431
"Cu",0.0791872167949474
"Cu",0.0451869619730098
"Cu",0.0596561201548216
"Cu",0.0840770794162831
"Cu",0.0798517913852967
"Cu",0.0671901293965878
"Cu",0.0873330765496547
"Cu",0.0796543571416784
"Cu",0.0503220634047771
"Cu",0.059523706925531
"Cu",0.0751002704821808
"Cu",0.0796971590073707
"Cu",0.0650326720041518
"Cu",0.0723553758853274
"Cu",0.0841421279486416
"Cu",0.0726625952098871
"Cu",0.0929919988781798
"Cu",0.0761956036347739
"Cu",0.0853035307908771
"Cu",0.0856067382259484
"Cu",0.0879300499319571
"Cu",0.0745330093663028
"Cu",0.0867500587621341
"Cu",0.0659747642855069
"Cu",0.096457735017153
"Cu",0.0722674955662667
"Cu",0.0731915593038205
"Cu",0.0809325515132287
"Cu",0.0626605796861624
"Cu",0.0771034023396988
"Cu",0.0700304844273147
"Cu",0.0813060979465325
"Cu",0.0879765864799814
"Cu",0.0752546797189124
"Cu",0.0686835655420334
"Cu",0.0856027543315162
"Cu",0.0880965462628695
"Cu",0.0662416417825205
"Cu",0.0610900591884625
"Cu",0.0680683162352577
"Cu",0.0438923944288191
"Cu",0.072275671629112
"Cu",0.0191322689828763
"Cu",0.0839067592371201
"Cu",0.0725165472544442
"Cu",0.0737400399245345
"Cu",0.0648397580840835
"Cu",0.0717050316185376
"Cu",0.0681097391317217
"Cu",0.0788631986990157
"Cu",0.0843125542704629
"Cu",0.0846817286275615
"Cu",0.0723045055937923
"Cu",0.0704812828365589
"Cu",0.0790789912769582
"Cu",0.0720179414604986
"Cu",0.0816608227962704
"Cu",0.0859963575864876
"Cu",0.0812893021461333
"Cu",0.0850498005162963
"Cu",0.0828749293050927
"Cu",0.0810001383208175
"Cu",0.0773249599750008
"Cu",0.0686849749523034
"Cu",0.0738762948775748
"Cu",0.0669452486976733
"Cu",0.0852964523527435
"Cu",0.058516238848709
"Cu",0.0866691053036071
"Cu",0.0815633215750551
"Cu",0.0715358128678662
"Cu",0.0826320841566753
"Cu",0.0713307347434642
"Cu",0.073170805816833
"Cu",0.0737650848473651
"Cu",0.0825236773025889
"Cu",0.0711248107421067
"Cu",0.0514527433758059
"Cu",0.0877867904971724
"Cu",0.0844453260998244
"Cu",0.0665448582834138
"Cu",0.0361327981865185
"Cu",0.0707855917783797
"Cu",0.0867809561214566
"Cu",0.0464890359693388
"Cu",0.0701296446409142
"Cu",0.0732080440620528
"Cu",0.0846682972432707
"Cu",0.0676894737568852
"Cu",0.0723255617769605
"Cu",0.077176348596974
"Cu",0.0828016082217351
"Cu",0.073187824675601
"Cu",0.0841445932671083
"Cu",0.0766706011658806
"Cu",0.0779634384896144
"Cu",0.0779756522357756
"Cu",0.0855588861679207
"Cu",0.0824293679272474
"Cu",0.0830828958894917
"Cu",0.0799309437522818
"Cu",0.0343101334230185
"Cu",0.0837603418676564
"Cu",0.0766989060120945
"Cu",0.0794339660267562
"Cu",0.0805348014300787
"Cu",0.0669598759238119
"Cu",0.0729355235237232
"Cu",0.0669558411455587
"Cu",0.0729557660078221
"Cu",0.0728225885903772
"Cu",0.0505683698944419
"Cu",0.0960557531843457
"Cu",0.0799876367677501
"Cu",0.0833716231688149
"Cu",0.0693640978926379
"Cu",0.0704144581440746
"Cu",0.0830667138292569
"Cu",0.0895160224847933
"Cu",0.0675405388421757
"Cu",0.0788481464289381
"Cu",0.077532565708872
"Cu",0.0746524548063639
"Cu",0.0823000169007902
"Cu",0.0803745045120569
"Cu",0.0800424628842057
"Cu",0.0679002512931626
"Cu",0.0734634358297346
"Cu",0.0715003126743488
"Cu",0.0772472504686573
"Cu",0.0734223305994264
"Cu",0.0766707960713858
"Cu",0.0884754928738149
"Cu",0.0690806763724204
"Cu",0.039826966933108
"Cu",0.077916696029276
"Cu",0.0712779307927111
"Cu",0.0761721990126767
"Cu",0.088915545629851
"Cu",0.0925988598012189
"Cu",0.0713092205678222
"Cu",0.0721880115739993
"Cu",0.002
"Cu",0.0827956183986105
"Cu",0.0641709673498828
"Cu",0.0757822638681157
"Cu",0.0718623438437776
"Cu",0.0768856899810049
"Cu",0.0701398638252392
"Cu",0.0668929182760188
"Cu",0.0824992482766272
"Cu",0.0657446427948292
"Cu",0.0788445022287127
"Cu",0.075713340940222
"Cu",0.0728670780982002
"Cu",0.0744405368720283
"Cu",0.0724055370000519
"Cu",0.0873182915292574
"Cu",0.0740709356604734
"Cu",0.0759579535430346
"Cu",0.0766154617291484
"Cu",0.0734676273606581
"Cu",0.0852865777603111
"Cu",0.0711554682452227
"Cu",0.0883487644210046
"Cu",0.0631389588798476
"Cu",0.0918755527240361
"Cu",0.0738046846909026
"Cu",0.0943468322183231
"Cu",0.0656034449542193
"Cu",0.063977618745795
"Cu",0.0590631091853333
"Cu",0.0722507424811522
"Cu",0.0766913705647903
"Cu",0.0682002002844751
"Cu",0.0589674666583006
"Cu",0.0667514206680064
"Cu",0.076510854746315
"Cu",0.0702783224397912
"Cu",0.0552658969721469
"Cu",0.0638189656370002
"Cu",0.0818587250875321
"Cu",0.0701604917332169
"Cu",0.0664590545834632
"Cu",0.0658651377153368
"Cu",0.0856731697134637
"Cu",0.0756326061359224
"Cu",0.0499380961997486
"Cu",0.038723909838496
"Cu",0.0563763741710509
"Cu",0.0697017695093473
"Cu",0.0781594347484182
"Cu",0.0674375758617713
"Cu",0.042740411885819
"Cu",0.0541830401716296
"Cu",0.0821694811844139
"Cu",0.0793689679179379
"Cu",0.0779007531711663
"Cu",0.0752829150726099
"Cu",0.0905722105991358
"Cu",0.0325159562120246
"Cu",0.0899697752512192
"Cu",0.0696613215155901
"Cu",0.0687862490900605
"Cu",0.0780727779723276
"Cu",0.0549618015711588
"Cu",0.0823681230097026
"Cu",0.0796072820459374
"Cu",0.0819317198600507
"Cu",0.0840978522582704
"Cu",0.0653773309908147
"Cu",0.0892503859844431
"Cu",0.0787816091950037
"Cu",0.0888296561738454
"Cu",0.0813180237111272
"Cu",0.060414733648097
"Cu",0.0865737986176106
"Cu",0.070922314355383
"Cu",0.079346769807676
"Cu",0.0755018405426175
"Cu",0.062765873864661
"Cu",0.0695632244619738
"Cu",0.0734325717649198
"Cu",0.0771335776199215
"Cu",0.0679579988069922
"Cu",0.089939085766636
"Cu",0.069572458688555
"Cu",0.0889284790288168
"Cu",0.0653807328980259
"Cu",0.0900928941463948
"Cu",0.0677504451306332
"Cu",0.0690149586550367
"Cu",0.0767774587085057
"Cu",0.0653780503397773
"Cu",0.0638672878271214
"Cu",0.0852575528772666
"Cu",0.0777388636018022
"Cu",0.0799007675849913
"Cu",0.0726425171604228
"Cu",0.0653012262969981
"Cu",0.0751612701273097
"Cu",0.0709010522189539
"Cu",0.0730157136184607
"Cu",0.0772748960086308
"Cu",0.0684590815656578
"Cu",0.0823115392629423
"Cu",0.070259007812029
"Cu",0.0837003239051566
"Cu",0.0746304531778824
"Cu",0.0596865691930791
"Cu",0.0792139782046106
"Cu",0.0746652034928761
"Cu",0.079016242289333
"Cu",0.0472143901767471
"Cu",0.0678635514075957
"Cu",0.0564268053443076
"Cu",0.0809750867086271
"Cu",0.062040756734349
"Cu",0.0507220506558146
"Cu",0.0684333125800544
"Cu",0.0829221960511533
"Cu",0.0921341240918467
"Cu",0.0750751234225309
"Cu",0.0822140533377757
"Cu",0.002
"Cu",0.0721681213221489
"Cu",0.0632267361646714
"Cu",0.0880130468867668
"Cu",0.0720642715463058
"Cu",0.0644222910506372
"Cu",0.0758128880004526
"Cu",0.0872189442541386
"Cu",0.0721300319163571
"Cu",0.0599944279899848
"Cu",0.0813693056339065
"Cu",0.0850316806899907
"Cu",0.0871916254322761
"Cu",0.0777820645469368
"Cu",0.0942926795620115
"Cu",0.0873949936128492
"Cu",0.04837033728887
"Cu",0.0691697934482198
"Cu",0.0880565720610357
"Cu",0.071209067940406
"Cu",0.0708724491011981
"Cu",0.0975074241972149
"Cu",0.0818205290190571
"Cu",0.0581859557931847
"Cu",0.0745316443152798
"Cu",0.0639359718380303
"Cu",0.0822734866524804
"Cu",0.0855067228360003
"Cu",0.0780291356207426
"Cu",0.0843912776629821
"Cu",0.0730449701055203
"Cu",0.0705315213066716
"Cu",0.0898633947768757
"Cu",0.0845680458438927
"Cu",0.0734802378104632
"Cu",0.0671260510694835
"Cu",0.072493980834591
"Cu",0.0577567595349004
"Cu",0.0793546913137537
"Cu",0.0846186407770375
"Cu",0.0859290046847279
"Cu",0.0825480402762904
"Cu",0.0797902161853098
"Cu",0.0666155390985892
"Cu",0.076316037698425
"Cu",0.0774009642624696
"Cu",0.0534523286234969
"Cu",0.0516610024206427
"Cu",0.0740533809907458
"Cu",0.0970331086268466
"Cu",0.0713691655407018
"Cu",0.002
"Cu",0.0604794819373865
"Cu",0.0769250737174118
"Cu",0.0690749211690801
"Cu",0.0709659982202337
"Cu",0.0704500628394414
"Cu",0.0901979560476943
"Cu",0.0685119266321887
"Cu",0.076066946576265
"Cu",0.0832383598833373
"Cu",0.0695285048101529
"Cu",0.0809254290626594
"Cu",0.0954800452828344
"Cu",0.0875429836602421
"Cu",0.0639457814538632
"Cu",0.0843650268735896
"Cu",0.0728567764351543
"Cu",0.0802945091815276
"Cu",0.069124259037991
"Cu",0.078538144460027
"Cu",0.0809139170472394
"Cu",0.0755188663400387
"Cu",0.0654036821109747
"Cu",0.0659856718042837
"Cu",0.0812474392976258
"Cu",0.0848716165472877
"Cu",0.0770531907083327
"Cu",0.0556808615099467
"Cu",0.0753977555862667
"Cu",0.0745380907394135
"Cu",0.0587719344190824
"Cu",0.092041088930256
"Cu",0.0858073543717715
"Cu",0.0806503554411576
"Cu",0.0754056088731143
"Cu",0.0682402034194081
"Cu",0.0882723426278053
"Cu",0.0500110804684948
"Cu",0.0766785239542163
"Cu",0.0907558639997081
"Cu",0.0649616564138344
"Cu",0.0837115548296556
"Cu",0.0821699797517212
"Cu",0.0761101073933819
"Cu",0.0660069910335395
"Cu",0.0634896636628293
"Cu",0.0727760047979209
"Cu",0.0898282212662556
"Cu",0.0728302264149313
"Cu",0.08332752596518
"Cu",0.0698837027208272
"Cu",0.0857438982217403
"Cu",0.0785962312989008
"Cu",0.068742328352907
"Cu",0.0658972521542501
"Cu",0.0635703194370812
"Cu",0.063891690705108
"Cu",0.0676310837778286
"Cu",0.0769798825379552
"Cu",0.0734697415904667
"Cu",0.067302114969646
"Cu",0.0734629210009824
"Cu",0.0637110864622438
"Cu",0.0770838248947939
"Cu",0.0707291036623235
"Cu",0.0883459329491646
"Cu",0.0801873539665489
"Cu",0.073384662063945
"Cu",0.0808342480700284
"Cu",0.0628134914506274
"Cu",0.0866137097448975
"Cu",0.0862036986714545
"Cu",0.0811724488080764
"Cu",0.0676678098085576
"Cu",0.082643533785959
"Cu",0.0783131487715222
"Cu",0.0682714302351525
"Cu",0.0654496018309854
"Cu",0.078089486095944
"Cu",0.0741914910350709
"Cu",0.0841916418732103
"Cu",0.0803269772413503
"Cu",0.0736006834125482
"Cu",0.0800627278466805
"Cu",0.0477603120167017
"Cu",0.0715646867442028
"Cu",0.0750081568704101
"Cu",0.0671223948188307
"Cu",0.0638728218524659
"Cu",0.0615438889535849
"Cu",0.0697263175854102
"Cu",0.0775518564014291
"Cu",0.0820907015173718
"Cu",0.0872699632226211
"Cu",0.0820378796690561
"Cu",0.0772406588057464
"Cu",0.0590771388732687
"Cu",0.060938731714643
"Cu",0.0514183228991649
"Cu",0.0881380429572742
"Cu",0.0720049000601579
"Cu",0.0866092111736039
"Cu",0.0823000806133179
"Cu",0.0871936615374593
"Cu",0.0780184092476859
"Cu",0.0792999447443519
"Cu",0.0689105045793569
"Cu",0.0765636859649271
"Cu",0.0680152938986225
"Cu",0.046539717441064
"Cu",0.084718925477962
"Cu",0.0751085264554268
"Cu",0.0598616334109272
"Cu",0.0623312319940788
"Cu",0.079052190851816
"Cu",0.088117431957311
"Cu",0.0797793323844964
"Cu",0.0724570611139998
"Cu",0.0727296344477293
"Cu",0.0910731746811292
"Cu",0.0697805336338004
"Cu",0.0832858096192042
"Cu",0.0581855487635307
"Cu",0.0759196265193806
"Cu",0.0824802911859457
"Cu",0.0597180536263779
"Cu",0.0699980270590762
"Cu",0.0805304257181715
"Cu",0.0860224676786609
"Cu",0.0720678847343128
"Cu",0.058568303092003
"Cu",0.0694802649900951
"Cu",0.0754930322687782
"Cu",0.072706394357172
"Cu",0.0716792785991013
"Cu",0.0467089064029247
"Cu",0.0807703732153664
"Cu",0.082079922736896
"Cu",0.0768565215430458
"Cu",0.0734059680504859
"Cu",0.0835213546419763
"Cu",0.0762683894393007
"Cu",0.0749329717019772
"Cu",0.0730787793160877
"Cu",0.0634952195875865
"Cu",0.0908267432705891
"Cu",0.0730972933560859
"Cu",0.0724346757281294
"Cu",0.0847965993530052
"Cu",0.075873648152046
"Cu",0.0752956360773598
"Cu",0.070366051882984
"Cu",0.0781502090487672
"Cu",0.0698513808538096
"Cu",0.0791591915599889
"Cu",0.0680823136473323
"Cu",0.0681871634261305
"Cu",0.0922734543021172
"Cu",0.0750632720249335
"Cu",0.0649343640039826
"Cu",0.0933303873602527
"Cu",0.0820042261847314
"Cu",0.0914257465036414
"Cu",0.0756238323649176
"Cu",0.0866844061147855
"Cu",0.0761111291164435
"Cu",0.076403767828121
"Cu",0.0471529905045917
"Cu",0.07651644743883
"Cu",0.0743260499218515
"Cu",0.0641450685395374
"Cu",0.0692150501796433
"Cu",0.0857886112096795
"Cu",0.0829894131855791
"Cu",0.0866147449104282
"Cu",0.0696170831909408
"Cu",0.0809675605124997
"Cu",0.0714900113208235
"Cu",0.0785011444067455
"Cu",0.0614749215652571
"Cu",0.0741001128996219
"Cu",0.082990500053338
"Cu",0.0754560913993311
"Cu",0.071613067353417
"Cu",0.0710415255536768
"Cu",0.0840104175425923
"Cu",0.0789866268392414
"Cu",0.0830943903239056
"Cu",0.0815705197438329
"Cu",0.073822365421763
"Cu",0.0811552441895162
"Cu",0.0630254559539031
"Cu",0.0611886491987606
"Cu",0.0632264953531051
"Cu",0.072152775122477
"Cu",0.0871664281921218
"Cu",0.068544544896411
"Cu",0.07861033512229
"Cu",0.0682033428676718
"Cu",0.0810787443874459
"Cu",0.0671818811543517
"Cu",0.0702595830635793
"Cu",0.0730894836410293
"Cu",0.0501407984338847
"Cu",0.0473626994256986
"Cu",0.0786398851650139
"Cu",0.0780636476934913
"Cu",0.0737556838829006
"Cu",0.0704648777717338
"Cu",0.0745642527286558
"Cu",0.0776993475323979
"Cu",0.0714383409643827
"Cu",0.0797418057999304
"Cu",0.0764878391906751
"Cu",0.0854143913059012
"Cu",0.002
"Cu",0.0878578664433902
"Cu",0.0725991722143825
"Cu",0.0650153886260319
"Cu",0.0745156763007951
"Cu",0.0796694895444079
"Cu",0.0678512923122274
"Cu",0.0591580918068087
"Cu",0.0888649595849727
"Cu",0.0830181846431461
"Cu",0.0685820710538396
"Cu",0.0560756406801
"Cu",0.0647879087935312
"Cu",0.0627527674813314
"Cu",0.0698128699247664
"Cu",0.0829934608838391
"Cu",0.0799424766556912
"Cu",0.0924586314911609
"Cu",0.0745297066540186
"Cu",0.0785290919648261
"Cu",0.0479042446300707
"Cu",0.0805798359200992
"Cu",0.0972201255827371
"Cu",0.0774706305045505
"Cu",0.0798570319060884
"Cu",0.0772682302492809
"Cu",0.0836282933177464
"Cu",0.0864999078883383
"Cu",0.0928769653323932
"Cu",0.070453637924629
"Cu",0.0730903741955053
"Cu",0.0687145680577775
"Cu",0.0579400249700344
"Cu",0.0758742992614397
"Cu",0.0916511499116191
"Cu",0.0730108021855375
"Cu",0.0799061855987969
"Cu",0.0766265751398603
"Cu",0.0828078737284663
"Cu",0.089471884670237
"Cu",0.0675487701518293
"Cu",0.0577361694552532
"Cu",0.0767636861931012
"Cu",0.0728453006719626
"Cu",0.0829784699805506
"Cu",0.002
"Cu",0.0723085182422278
"Cu",0.07484742959919
"Cu",0.0734847050668905
"Cu",0.0695912796969004
"Cu",0.0775195866965073
"Cu",0.0910372948891179
"Cu",0.0816770226395842
"Cu",0.0865134591889851
"Cu",0.0710164694650775
"Cu",0.0544853162282598
"Cu",0.0742498210368046
"Cu",0.0742839914314789
"Cu",0.0636426384096609
"Cu",0.0803900595592271
"Cu",0.0837516652655565
"Cu",0.093752329467477
"Cu",0.0457609916114117
"Cu",0.0852671681349776
"Cu",0.0540602804905809
"Cu",0.0866257704018945
"Cu",0.0708864063117791
"Cu",0.0797582122922787
"Cu",0.0825163993379603
"Cu",0.0723068060193041
"Cu",0.0692173388186457
"Cu",0.0816194452488055
"Cu",0.0625644079123139
"Cu",0.078182247510343
"Cu",0.0789301665457894
"Cu",0.0790432229145488
"Cu",0.0825511148754895
"Cu",0.0781966814005766
"Cu",0.0718118393332821
"Cu",0.0642541042208545
"Cu",0.0766919048572
"Cu",0.0714612968980074
"Cu",0.0790311222965278
"Cu",0.002
"Cu",0.0823482292556144
"Cu",0.0652280431957367
"Cu",0.0967825332381087
"Cu",0.002
"Cu",0.0677769549773334
"Cu",0.0539873536622736
"Cu",0.0558846800068145
"Cu",0.0720450383748987
"Cu",0.0643142634771437
"Cu",0.0801175724911048
"Cu",0.0747374300133681
"Cu",0.084970371604615
"Cu",0.0805268597578496
"Cu",0.0572430866491602
"Cu",0.0684402182793888
"Cu",0.0772125575032318
"Cu",0.0749746050808927
"Cu",0.071055059354859
"Cu",0.087701770172429
"Cu",0.0683774986770822
"Cu",0.0732345939029024
"Cu",0.0870951371547011
"Cu",0.0733228151467106
"Cu",0.0811161993649009
"Cu",0.0499838709734684
"Cu",0.0834333564751007
"Cu",0.0705454639257059
"Cu",0.0823642771102751
"Cu",0.0984649657339719
"Cu",0.0828416314541223
"Cu",0.0832030427900265
"Cu",0.0652626384219469
"Cu",0.0799863912552769
"Cu",0.0617424734140594
"Cu",0.0731037651172278
"Cu",0.07871405025315
"Cu",0.0830252790305337
"Cu",0.0566007392940082
"Cu",0.0767788723190176
"Cu",0.0778331709359935
"Cu",0.0678697497007358
"Cu",0.0706910191419855
"Cu",0.0863692497597253
"Cu",0.0795388705129448
"Cu",0.0701491652380581
"Cu",0.0756950324126654
"Cu",0.0772524173782429
"Cu",0.0799087283418039
"Cu",0.0625196440862439
"Cu",0.0873843158029927
"Cu",0.0757840286175192
"Cu",0.0808661123984048
"Cu",0.0831514820228011
"Cu",0.0786277741305678
"Cu",0.0722903804323721
"Cu",0.0741988743279955
"Cu",0.061297672520998
"Cu",0.0776890142801794
"Cu",0.0670962751360159
"Cu",0.0613075914119834
"Cu",0.0756561383335202
"Cu",0.0816726337897876
"Cu",0.0737184204976924
"Cu",0.0771946113209539
"Cu",0.0828720264177788
"Cu",0.0686230670171805
"Cu",0.0469905209590675
"Cu",0.0675201025991337
"Cu",0.0826895334503383
"Cu",0.0712665491821458
"Cu",0.0563774541964975
"Cu",0.0756954400721079
"Cu",0.0528185663662676
"Cu",0.0765415412710498
"Cu",0.0833789017556854
"Cu",0.0727824166814357
"Cu",0.0730787164391013
"Cu",0.0872626447248515
"Cu",0.086890158704908
"Cu",0.0929963380770656
"Cu",0.0767160752319944
"Cu",0.0844469226215294
"Cu",0.0582716741318651
"Cu",0.0681155392263127
"Cu",0.0748786685419532
"Cu",0.0756008661544665
"Cu",0.0660075867828724
"Cu",0.078603763340766
"Cu",0.0777812992598603
"Cu",0.0926209856630223
"Cu",0.0792312388777279
"Cu",0.0864247689079115
"Cu",0.0753570419779041
"Cu",0.0783857449771295
"Cu",0.0786222638058212
"Cu",0.0593454144013947
"Cu",0.0623076045423857
"Cu",0.0769092368860295
"Cu",0.0787477850293224
"Cu",0.0475298330786221
"Cu",0.0817308796175007
"Cu",0.0800973178430704
"Cu",0.0387694732595319
"Cu",0.068039231515568
"Cu",0.0556625640061449
"Cu",0.0767428094236048
"Cu",0.0685137294781433
"Cu",0.0788667037905604
"Cu",0.0902349763901845
"Cu",0.0651816709465067
"Cu",0.0828294558896065
"Cu",0.002
"Cu",0.0654815045083485
"Cu",0.0665296925756708
"Cu",0.0816803115251966
"Cu",0.0640818558351315
"Cu",0.0741925753297544
"Cu",0.0524123436178759
"Cu",0.0649522807416456
"Cu",0.0802551883055794
"Cu",0.0810332912921568
"Cu",0.0833514372979185
"Cu",0.0722606965793688
"Cu",0.0836772126746256
"Cu",0.0770689456373509
"Cu",0.0826086738671365
"Cu",0.0767888867819213
"Cu",0.0789971780387197
"Cu",0.088661548526108
"Cu",0.0810553410067442
"Cu",0.0733907873173052
"Cu",0.0724151358143947
"Cu",0.0861455204870183
"Cu",0.0666893556004432
"Cu",0.0776679261242574
"Cu",0.0888586278932002
"Cu",0.0610435617593
"Cu",0.0737098828002785
"Cu",0.0607137290343992
"Cu",0.0779457447462212
"Cu",0.0846452659159482
"Cu",0.0494939361496655
"Cu",0.0740453236880011
"Cu",0.0598400876440935
"Cu",0.0707303765321984
"Cu",0.0501004009066746
"Cu",0.0701719028515397
"Cu",0.0529591345737966
"Cu",0.0660883013764581
"Cu",0.0712858166497581
"Cu",0.0735949171436957
"Cu",0.0835788497320199
"Cu",0.0833140614447086
"Cu",0.0839485406295378
"Cu",0.0778671709926513
"Cu",0.0765155904727445
"Cu",0.0769290446963595
"Cu",0.0712043598777057
"Cu",0.0889823921750194
"Cu",0.0592789024845915
"Cu",0.0793862571284626
"Cu",0.0668296766699674
"Cu",0.0750169530381585
"Cu",0.0615895436073075
"Cu",0.0858572403305768
"Cu",0.0766481912697274
"Cu",0.0841737723933189
"Cu",0.0780911910968577
"Cu",0.0859513364764707
"Cu",0.0733759947471142
"Cu",0.080924343806556
"Cu",0.0776091985463679
"Cu",0.0819924112792004
"Cu",0.0815425293872814
"Cu",0.0684389336546096
"Cu",0.0650461857590285
"Cu",0.0461577599825342
"Cu",0.0843644748284227
"Cu",0.088783874129473
"Cu",0.0753034331313484
"Cu",0.0788911905159159
"Cu",0.0709415911100214
"Cu",0.0711848615431125
"Cu",0.0745242325402278
"Cu",0.0635785285504359
"Cu",0.0626736741509827
"Cu",0.0683979216831525
"Cu",0.063548917219112
"Cu",0.0128403304132923
"Cu",0.0854244191974044
"Cu",0.0445361104310887
"Cu",0.0679761210855869
"Cu",0.0741815522902365
"Cu",0.0519622913465669
"Cu",0.0730134200735782
"Cu",0.072220698618014
"Cu",0.0682898643792376
"Cu",0.0795698095734748
"Cu",0.0768166106047975
"Cu",0.0828231020008287
"Cu",0.0744573941037961
"Cu",0.0739819215364282
"Cu",0.0774322246335197
"Cu",0.0671940523222626
"Cu",0.0642813106592577
"Cu",0.0599974775087931
"Cu",0.0558013076934855
"Cu",0.0621976411276543
"Cu",0.0784995237420111
"Cu",0.0820232795909936
"Cu",0.0696650325413044
"Cu",0.0789230743261065
"Cu",0.0746380943750011
"Cu",0.0601356433894314
"Cu",0.0685337778239281
"Cu",0.0798383520320071
"Cu",0.0700147708304161
"Cu",0.0782714493032828
"Cu",0.0779420591729017
"Cu",0.0755954610509125
"Cu",0.0880446744645733
"Cu",0.0774193053912764
"Cu",0.078723402814241
"Cu",0.0956912821385843
"Cu",0.0580545995339905
"Cu",0.0749125527963407
"Cu",0.0477031540169724
"Cu",0.0845024675160929
"Cu",0.0849948004672435
"Cu",0.0828435091309062
"Cu",0.0744546064617846
"Cu",0.0666031882453814
"Cu",0.0574351246268263
"Cu",0.0698213836400229
"Cu",0.0822511691746709
"Cu",0.0750948103336047
"Cu",0.0793888123650373
"Cu",0.0736501939319705
"Cu",0.0786012464115208
"Cu",0.0817164849564462
"Cu",0.0715052207845163
"Cu",0.0771142328427227
"Cu",0.0622796135535374
"Cu",0.0695428863960677
"Cu",0.0580076284204795
"Cu",0.0697161639584902
"Cu",0.0762829321661739
"Cu",0.0910626384826367
"Cu",0.0731548939689114
"Cu",0.0755129501694613
"Cu",0.0664427527016477
"Cu",0.0781016349779603
"Cu",0.0733134924722143
"Cu",0.0650356492807145
"Cu",0.0498910509212727
"Cu",0.0823457433798399
"Cu",0.0790685788471648
"Cu",0.0528441502276313
"Cu",0.0793747655134874
"Cu",0.0819648042240038
"Cu",0.0633622959885996
"Cu",0.0603973173793579
"Cu",0.0847323991294158
"Cu",0.0683688190603639
"Cu",0.0873207915826107
"Cu",0.0740177948067337
"Cu",0.0894887342529367
"Cu",0.0750706629041797
"Cu",0.0630761431802775
"Cu",0.0760721126976935
"Cu",0.0890360377422213
"Cu",0.0759854893614663
"Cu",0.0764948250348679
"Cu",0.077447541131123
"Cu",0.0738513461368179
"Cu",0.0729916649178437
"Cu",0.0802445205948851
"Cu",0.0735155364662335
"Cu",0.0794073695319338
"Cu",0.0687743276279442
"Cu",0.0830304262792257
"Cu",0.081060007079431
"Cu",0.0815869385090624
"Cu",0.0715002733553374
"Cu",0.0777827885227063
"Cu",0.0792688491622649
"Cu",0.0787410208120544
"Cu",0.0868241711514054
"Cu",0.0892560579712283
"Cu",0.0828768738412904
"Cu",0.0648308534342312
"Cu",0.0782907771448383
"Cu",0.0672315763002347
"Cu",0.0742488446111926
"Cu",0.066051561784841
"Cu",0.0405753906908014
"Cu",0.0762051353320405
"Cu",0.0693288570147092
"Cu",0.0886059336620345
"Cu",0.084827376631196
"Cu",0.0847096379234594
"Cu",0.0777529620809509
"Cu",0.0747904295042902
"Cu",0.0752074684124256
"Cu",0.0771246588684939
"Cu",0.0458471110887725
"Cu",0.0949326701519422
"Cu",0.0857415135722649
"Cu",0.0806945188111109
"Cu",0.0791531098681354
"Cu",0.0840838462853476
"Cu",0.0732843951389936
"Cu",0.0735313166518018
"Cu",0.0771139326174513
"Cu",0.0675356566936724
"Cu",0.0677048410668789
"Cu",0.0751629134519745
"Cu",0.0778437804334928
"Cu",0.0664802881918003
"Cu",0.0681266019079286
"Cu",0.0759491463186649
"Cu",0.0841573634619451
"Cu",0.0877326578794265
"Cu",0.0853204593591186
"Cu",0.0817338072977616
"Cu",0.0733513370418745
"Cu",0.0703643965288378
"Cu",0.0545737739229332
"Cu",0.0691056196398146
"Cu",0.078629316519227
"Cu",0.0661297235131767
"Cu",0.067293594729205
"Cu",0.0734686353814746
"Cu",0.0743002076907483
"Cu",0.0740657398930472
"Cu",0.0299427563716332
"Cu",0.0840314316254202
"Cu",0.0510833250346632
"Cu",0.0721586861374525
"Cu",0.0695634490559593
"Cu",0.0700855373042774
"Cu",0.0718411512749583
"Cu",0.0792080352219433
"Cu",0.0840755685245856
"Cu",0.0696853256848603
"Cu",0.0758227463590952
"Cu",0.0971726334285171
"Cu",0.0774166173193147
"Cu",0.0901901271337175
"Cu",0.065068316479362
"Cu",0.0803399012833969
"Cu",0.0590380687919757
"Cu",0.0694340306962487
"Cu",0.0679548244501667
"Cu",0.0788636697627358
"Cu",0.0762443875862466
"Cu",0.0720998697715868
"Cu",0.0763434835122136
"Cu",0.0599790101606074
"Cu",0.0777330842511107
"Cu",0.076075418847586
"Cu",0.0679908948818945
"Cu",0.0880408927943701
"Cu",0.075137065089882
"Cu",0.002
"Cu",0.0679370809811629
"Cu",0.0817765005406807
"Cu",0.0822856968770628
"Cu",0.0849370038097681
"Cu",0.0683898262135231
"Cu",0.0746061977682615
"Cu",0.0870708463153321
"Cu",0.076473713703337
"Cu",0.0728125628550064
"Cu",0.0743274676761522
"Cu",0.0635005966230045
"Cu",0.0784652776148816
"Cu",0.0654209508519099
"Cu",0.0659000508225816
"Cu",0.0663146576214867
"Cu",0.0837158530387503
"Cu",0.0592848216702631
"Cu",0.0692785080372376
"Cu",0.0712758258775129
"Cu",0.080367017103726
"Cu",0.0778547366845632
"Cu",0.0781598496722568
"Cu",0.0615120512386206
"Cu",0.0651368439987614
"Cu",0.0668630152793367
"Cu",0.08618933153766
"Cu",0.0821360884564442
"Cu",0.0509416546283109
"Cu",0.0846188574559744
"Cu",0.0924360181395275
"Cu",0.0463333968923728
"Cu",0.0718749447256165
"Cu",0.0564568691967802
"Cu",0.0599580987858811
"Cu",0.0767746078736719
"Cu",0.0680777796653397
"Cu",0.0902366886717391
"Cu",0.0910319630196087
"Cu",0.0796701856003752
"Cu",0.0626175862354117
"Cu",0.0643057271242436
"Cu",0.0678365788482962
"Cu",0.0471340454955447
"Cu",0.0803280526887756
"Cu",0.0745729217653609
"Cu",0.0729736722895733
"Cu",0.0794237576940793
"Cu",0.0814949444973431
"Cu",0.064985244683621
"Cu",0.0691105125919688
"Cu",0.0734321354367358
"Cu",0.0765579565857942
"Cu",0.0724082286860876
"Cu",0.0696206136687802
"Cu",0.0647559606191531
"Cu",0.0686891543487911
"Cu",0.0800188130168993
"Cu",0.0781007533305219
"Cu",0.064464728693806
"Cu",0.0751200437135061
"Cu",0.0245380395666351
"Cu",0.0857079157319653
"Cu",0.0613168864812552
"Cu",0.0853307033892142
"Cu",0.0724904684589537
"Cu",0.0691670951703967
"Cu",0.0375039648960952
"Cu",0.0703980272417366
"Cu",0.0766214587209436
"Cu",0.0765703696447778
"Cu",0.0831098273460023
"Cu",0.0767251085352533
"Cu",0.0780573932107647
"Cu",0.0654663695094195
"Cu",0.0932556464606732
"Cu",0.0832461555331344
"Cu",0.0805010036440216
"Cu",0.0849508162148045
"Cu",0.0782044474746243
"Cu",0.0799439136228237
"Cu",0.0764292605579719
"Cu",0.0422128385148026
"Cu",0.0709863478419955
"Cu",0.0895519286046629
"Cu",0.002
"Cu",0.0476701555129739
"Cu",0.0735693865876869
"Cu",0.0653667997232189
"Cu",0.0620931161131021
"Cu",0.0888458552042466
"Cu",0.0792317790545435
"Cu",0.0591956306515534
"Cu",0.0736470148111239
"Cu",0.0834068749156003
"Cu",0.0589515716507351
"Cu",0.0877165998536511
"Cu",0.0623453982270807
"Cu",0.0461887675539943
"Cu",0.0833379685171576
"Cu",0.0554062822911467
"Cu",0.0856716153963948
"Cu",0.0801590753834305
"Cu",0.0770043008240451
"Cu",0.0772066058064944
"Cu",0.0717070967319203
"Cu",0.0850312150919587
"Cu",0.0461004034921902
"Cu",0.0639108793120673
"Cu",0.0660260576126698
"Cu",0.0854276139026259
"Cu",0.0776440527242742
"Cu",0.0693096161698264
"Cu",0.0794451783089388
"Cu",0.0604915484754023
"Cu",0.0577282564496119
"Cu",0.0787692264851848
"Cu",0.0746179516301287
"Cu",0.0771974836715449
"Cu",0.0818041753429229
"Cu",0.0947328820926008
"Cu",0.0785830650017144
"Cu",0.0668506219953088
"Cu",0.0766716546630019
"Cu",0.0725177591374528
"Cu",0.0773045183892851
"Cu",0.0771177358759014
"Cu",0.0742256686433486
"Cu",0.084887340959346
"Cu",0.0713018209755614
"Cu",0.0791674629470092
"Cu",0.0704209286981538
"Cu",0.0540246156541609
"Cu",0.0782029452875384
"Cu",0.0725997643575864
"Cu",0.0785834865504661
"Cu",0.0912438530517331
"Cu",0.0826939738760344
"Cu",0.0732619770599261
"Cu",0.050510886236454
"Cu",0.073655481253433
"Cu",0.0774569318407195
"Cu",0.0781184776431375
"Cu",0.0576589881351027
"Cu",0.0772366557182731
"Cu",0.0842949740917869
"Cu",0.0807303065994194
"Cu",0.0839040491200984
"Cu",0.0764354445539246
"Cu",0.058921837600888
"Cu",0.086581271859357
"Cu",0.0699816038841518
"Cu",0.0680140975090532
"Cu",0.0719430654265268
"Cu",0.0806352748686473
"Cu",0.0753345167449803
"Cu",0.0857408910772035
"Cu",0.0868567352312363
"Cu",0.0657163613353847
"Cu",0.0800772928052404
"Cu",0.0683236918219791
"Cu",0.0740188092666256
"Cu",0.0755147563100604
"Cu",0.0707691728321237
"Cu",0.0845856635902625
"Cu",0.0773353930605846
"Cu",0.0855167707261597
"Cu",0.0557587103737342
"Cu",0.0640871892219224
"Cu",0.0705863854123686
"Cu",0.0757751111587749
"Cu",0.073093612132042
"Cu",0.0881419092956156
"Cu",0.0544593458895727
"Cu",0.0817438192823774
"Cu",0.0628445148033837
"Cu",0.0737127843269517
"Cu",0.0861009058441121
"Cu",0.0769664000668267
"Cu",0.0764677808107491
"Cu",0.0561649007613022
"Cu",0.0551553101128859
"Cu",0.0565618597013555
"Cu",0.0778364918066099
"Cu",0.0793994345068185
"Cu",0.0795818573606125
"Cu",0.0698451684456902
"Cu",0.0696619572566559
"Cu",0.0834293372353817
"Cu",0.0816930852009192
"Cu",0.0671520546167718
"Cu",0.078493799906765
"Cu",0.0839426897994651
"Cu",0.0714706230997299
"Cu",0.0683377736087065
"Cu",0.0834634492336361
"Cu",0.0617114190471171
"Cu",0.0869334157866348
"Cu",0.0822518417942078
"Cu",0.0755634005082102
"Cu",0.0915019796259306
"Cu",0.0567184559071611
"Cu",0.066291708087947
"Cu",0.002
"Cu",0.002
"Cu",0.0647563196082665
"Cu",0.0685675328422508
"Cu",0.0871042503073296
"Cu",0.0751366297595846
"Cu",0.0792998212544599
"Cu",0.0650809425647646
"Cu",0.0673191734914385
"Cu",0.0887075958364799
"Cu",0.0619562190187227
"Cu",0.0395029711912358
"Cu",0.0896395112382468
"Cu",0.0611043486375537
"Cu",0.0812790119818993
"Cu",0.0801845524788833
"Cu",0.0807827880996366
"Cu",0.0891185454982123
"Cu",0.0753012081574649
"Cu",0.0629716721230902
"Cu",0.0682807540152847
"Cu",0.0726509663758477
"Cu",0.0809086012529449
"Cu",0.0747080344876821
"Cu",0.0706316534431876
"Cu",0.0750791409938069
"Cu",0.0839641433430324
"Cu",0.0705090834300414
"Cu",0.0867238458742279
"Cu",0.0710182148240167
"Cu",0.0669633126828299
"Cu",0.0875570167321299
"Cu",0.0806452753448865
"Cu",0.08489826001968
"Cu",0.0711184889271445
"Cu",0.0833912539606183
"Cu",0.0802872319008181
"Cu",0.0846140511020561
"Cu",0.068609751368037
"Cu",0.0723250611756452
"Cu",0.0696591915509098
"Cu",0.0876725978106969
"Cu",0.0692831476561719
"Cu",0.0280274241093264
"Cu",0.0791425405218705
"Cu",0.0359817019533261
"Cu",0.080719921919962
"Cu",0.0731191371898751
"Cu",0.0910182279236544
"Cu",0.0440336606056435
"Cu",0.0830582622320482
"Cu",0.0957219337650797
"Cu",0.0873750256569191
"Cu",0.0650033014197594
"Cu",0.0697012755177627
"Cu",0.075628083249554
"Cu",0.0766800455120965
"Cu",0.0819409910763724
"Cu",0.0814064376911927
"Cu",0.0784556289488656
"Cu",0.0435588554215919
"Cu",0.002
"Cu",0.0846180308034686
"Cu",0.0808013100261605
"Cu",0.0764944035107915
"Cu",0.0708860416370483
"Cu",0.0824464842604323
"Cu",0.0912014712873948
"Cu",0.0639082673276629
"Cu",0.0696711512529629
"Cu",0.0616752738269107
"Cu",0.0768184046600821
"Cu",0.068689184263713
"Cu",0.0700366765751815
"Cu",0.0862506341305844
"Cu",0.0755647559339524
"Cu",0.0778414583401182
"Cu",0.0687173485518175
"Cu",0.0710049413447229
"Cu",0.0704023608136638
"Cu",0.078225782340919
"Cu",0.0726422663383532
"Cu",0.0762001090082771
"Cu",0.0753999940943747
"Cu",0.070900573321767
"Cu",0.0731145289535529
"Cu",0.0741107977591638
"Cu",0.0706116888190218
"Cu",0.0941613807947795
"Cu",0.0745546363682613
"Cu",0.0592932253054769
"Cu",0.0790013186766702
"Cu",0.0699286071378831
"Cu",0.0551860115020246
"Cu",0.0860087104180355
"Cu",0.0731227490638417
"Cu",0.0692120392260586
"Cu",0.0707491379963344
"Cu",0.0641875363701437
"Cu",0.0683119387190038
"Cu",0.0726014217671672
"Cu",0.002
"Cu",0.0826432844364046
"Cu",0.0558319373064404
"Cu",0.0734906194885844
"Cu",0.0880171649342007
"Cu",0.077256349050486
"Cu",0.0827630993366965
"Cu",0.0955341121324361
"Cu",0.0760836684281065
"Cu",0.0802680384039813
"Cu",0.0785189039058879
"Cu",0.0824694155000627
"Cu",0.0754378021824654
"Cu",0.0803887580684648
"Cu",0.0799416161825025
"Cu",0.0870365318363164
"Cu",0.08019677147221
"Cu",0.0569098405348039
"Cu",0.0813393976618752
"Cu",0.0566025891907469
"Cu",0.0792732860843254
"Cu",0.069725052340001
"Cu",0.0753953088197946
"Cu",0.0662103571336967
"Cu",0.0623399203880173
"Cu",0.0648267203014596
"Cu",0.0851079925126121
"Cu",0.0715794059486967
"Cu",0.0552903635860068
"Cu",0.0871120466508528
"Cu",0.0868579180248421
"Cu",0.0737114263891816
"Cu",0.0743049664177401
"Cu",0.0679325694146121
"Cu",0.067281167126584
"Cu",0.0820651659071193
"Cu",0.0826400214772729
"Cu",0.0792861026392137
"Cu",0.0791817729164137
"Cu",0.0909030328092903
"Cu",0.0769340986936352
"Cu",0.0814111745704264
"Cu",0.0780759942630984
"Cu",0.0861103759660992
"Cu",0.0807507187289834
"Cu",0.0849708799666626
"Cu",0.0860669432816671
"Cu",0.0675617513660105
"Cu",0.0663951715069088
"Cu",0.0807634962303962
"Cu",0.0743579850512288
"Cu",0.0432072387207048
"Cu",0.0804045994544276
"Cu",0.0756511243983972
"Cu",0.0804077676701547
"Cu",0.076666811222799
"Cu",0.0508876300117127
"Cu",0.0834606315210467
"Cu",0.0754142363583247
"Cu",0.0397555652154167
"Cu",0.0831850263181265
"Cu",0.0830392586608654
"Cu",0.0333981871722514
"Cu",0.0776473253271423
"Cu",0.0488627297546104
"Cu",0.0777986781630052
"Cu",0.0688706784729413
"Cu",0.0694209917679825
"Cu",0.0860301171199905
"Cu",0.0820340262135981
"Cu",0.068905003876914
"Cu",0.0595270901802593
"Cu",0.0728225763198572
"Cu",0.002
"Cu",0.0851635037599506
"Cu",0.0702865591440639
"Cu",0.079546842557301
"Cu",0.089029159398779
"Cu",0.0771392273091124
"Cu",0.074718551801835
"Cu",0.0885398107481215
"Cu",0.0807786601186028
"Cu",0.0651782102466539
"Cu",0.0499302180713449
"Cu",0.0880976332503553
"Cu",0.031570102585747
"Cu",0.0499309533785665
"Cu",0.0779646202451486
"Cu",0.0705858023379934
"Cu",0.0858741047788628
"Cu",0.0698562422821464
"Cu",0.0833815178586205
"Cu",0.0771062014709834
"Cu",0.0912648130515792
"Cu",0.0540065352158767
"Cu",0.0589997678600976
"Cu",0.0840476546323164
"Cu",0.0757417926957081
"Cu",0.074795164393236
"Cu",0.0938378240016932
"Cu",0.0841459357417317
"Cu",0.0647444018492299
"Cu",0.0823421432269782
"Cu",0.065456059026301
"Cu",0.0846676637719979
"Cu",0.002
"Cu",0.0812936230510599
"Cu",0.0756760634201805
"Cu",0.0739670175150788
"Cu",0.073176048521034
"Cu",0.0777704499479645
"Cu",0.075814907914198
"Cu",0.0837225741971214
"Cu",0.0736886773684031
"Cu",0.0884920036751709
"Cu",0.0758440319530414
"Cu",0.0946634102515082
"Cu",0.0927997687647356
"Cu",0.0751012972135094
"Cu",0.0729713828232271
"Cu",0.078830312434515
"Cu",0.0834837032751503
"Cu",0.0690631273857531
"Cu",0.0773762895492888
"Cu",0.0540476666437866
"Cu",0.0478200660087485
"Cu",0.0870667787912921
"Cu",0.0656944668432059
"Cu",0.0798321225494525
"Cu",0.092305324748458
"Cu",0.0793155575579089
"Cu",0.0799048069516883
"Cu",0.0673645011224709
"Cu",0.0566013991301696
"Cu",0.0774378476981638
"Cu",0.0715162030114155
"Cu",0.0806259830148342
"Cu",0.0743103371925348
"Cu",0.0875816507228374
"Cu",0.0680444685300437
"Cu",0.0769060368049882
"Cu",0.0789867948855061
"Cu",0.0614967026479276
"Cu",0.0856324207937605
"Cu",0.0797701219288574
"Cu",0.0685289190783491
"Cu",0.080153185373402
"Cu",0.0746142823900042
"Cu",0.0683035050407418
"Cu",0.0832342400670034
"Cu",0.0814828799985897
"Cu",0.0742598716764357
"Cu",0.0721722503881301
"Cu",0.0732025393409529
"Cu",0.0865960199657075
"Cu",0.0931192350538018
"Cu",0.0849254531970869
"Cu",0.0775313412516336
"Cu",0.0769753370919806
"Cu",0.0829169554608884
"Cu",0.0897235261899036
"Cu",0.0737674752445487
"Cu",0.0672934167545739
"Cu",0.073733370073083
"Cu",0.0729106727607995
"Cu",0.0488283365667592
"Cu",0.0718261686143512
"Cu",0.0795480405412442
"Cu",0.0825625057764271
"Cu",0.0833988439428616
"Cu",0.0346087036473207
"Cu",0.0652727276239915
"Cu",0.0880735904036986
"Cu",0.0738687663471054
"Cu",0.0875184633568519
"Cu",0.0458851651634438
"Cu",0.0863336281133285
"Cu",0.083067816898373
"Cu",0.0654865727224014
"Cu",0.0851540090133765
"Cu",0.0431118632619276
"Cu",0.0839572178590081
"Cu",0.0927306946702691
"Cu",0.0801102214040652
"Cu",0.0740486480852686
"Cu",0.0681880900633441
"Cu",0.0801621046416765
"Cu",0.0779734966775766
"Cu",0.0755623069965545
"Cu",0.0862557197968097
"Cu",0.0842992894101856
"Cu",0.0779174674930316
"Cu",0.0655285444571671
"Cu",0.0723588861794134
"Cu",0.0689904138450549
"Cu",0.083216424551504
"Cu",0.0673555707223641
"Cu",0.0804841675693906
"Cu",0.0774084046646709
"Cu",0.0676765058063397
"Cu",0.0694185088170877
"Cu",0.0901556145774019
"Cu",0.0797253793743952
"Cu",0.0634990052411353
"Cu",0.0732607304280709
"Cu",0.0828109262846553
"Cu",0.0818738264685962
"Cu",0.0724757705967384
"Cu",0.0742228102992555
"Cu",0.0647653858977432
"Cu",0.0883977097728721
"Cu",0.0771332334199144
"Cu",0.0751492092471763
"Cu",0.0774575466058803
"Cu",0.0740021602447968
"Cu",0.0691960754937766
"Cu",0.0840544125031309
"Cu",0.075230169376697
"Cu",0.0663550396970086
"Cu",0.081037225212045
"Cu",0.0782849344326068
"Cu",0.0905140326529195
"Cu",0.0810532628682842
"Cu",0.0773116634388139
"Cu",0.0447481911318063
"Cu",0.0741807597840622
"Cu",0.0749542463123815
"Cu",0.0736841396370617
"Cu",0.077602551900534
"Cu",0.0744961863627757
"Cu",0.0845220567392196
"Cu",0.085411523039574
"Cu",0.0568112686196207
"Cu",0.0705193254651429
"Cu",0.0752358349985569
"Cu",0.0840631412277069
"Cu",0.0627694063860727
"Cu",0.0785780761862341
"Cu",0.060356046718466
"Cu",0.0778658622719033
"Cu",0.0761784714895924
"Cu",0.0805173081752643
"Cu",0.0689513761461544
"Cu",0.0820486606046556
"Cu",0.076634636175189
"Cu",0.0704804538185066
"Cu",0.0651877021965644
"Cu",0.0689760613412936
"Cu",0.0653254048107796
"Cu",0.0906975059449339
"Cu",0.0765763878764983
"Cu",0.0509589317594506
"Cu",0.0916361812919929
"Cu",0.0822164309615256
"Cu",0.074325019595365
"Cu",0.07596282690666
"Cu",0.0691167152554313
"Cu",0.0854683134954942
"Cu",0.0833176581314194
"Cu",0.0716127415729938
"Cu",0.0702945035040742
"Cu",0.0744339645297765
"Cu",0.0716468379985637
"Cu",0.0363487765323596
"Cu",0.06472041963299
"Cu",0.0993360602005375
"Cu",0.0824187457231317
"Cu",0.0610854010558218
"Cu",0.0647201396080101
"Cu",0.0570619846155992
"Cu",0.0576245500166584
"Cu",0.0707432370697299
"Cu",0.0525060427714433
"Cu",0.0945182096898209
"Cu",0.0790831966376037
"Cu",0.0688525127512866
"Cu",0.0673440003495645
"Cu",0.0654152308523452
"Cu",0.0643291166108594
"Cu",0.0868645680785956
"Cu",0.081410381377583
"Cu",0.0873393006130208
"Cu",0.0874316685650846
"Cu",0.0700277446853095
"Cu",0.0754177937714479
"Cu",0.0711750860747848
"Cu",0.0767369668537217
"Cu",0.0673428356722979
"Cu",0.073907356754824
"Cu",0.0839047483999776
"Cu",0.0841109143398232
"Cu",0.0886316515523819
"Cu",0.0828295752587132
"Cu",0.0725780038599335
"Cu",0.0911177257065469
"Cu",0.071995478146657
"Cu",0.0704878913446531
"Cu",0.0765887733834681
"Cu",0.0779582603888374
"Cu",0.0689198863373447
"Cu",0.0773993774102377
"Cu",0.0860699535016523
"Cu",0.0833019561979577
"Cu",0.0709737630235581
"Cu",0.0848399904179283
"Cu",0.0703181791810842
"Cu",0.0857915702068586
"Cu",0.0862041585199931
"Cu",0.0727689258438343
"Cu",0.0806030861600562
"Cu",0.0612881478406689
"Cu",0.0791214994400222
"Cu",0.0939472272348402
"Cu",0.0674734564831712
"Cu",0.0736842442902486
"Cu",0.078463974710644
"Cu",0.0394433533691761
"Cu",0.0754033332453394
"Cu",0.0757197981533694
"Cu",0.0599073344565693
"Cu",0.0807525200238387
"Cu",0.0689839895000226
"Cu",0.0549550204500241
"Cu",0.0842425259384618
"Cu",0.0776164945346814
"Cu",0.0819121239221669
"Cu",0.0717513022409259
"Cu",0.0854533166982693
"Cu",0.0700447279739719
"Cu",0.0721105845037227
"Cu",0.0834003850825225
"Cu",0.0841137503620383
"Cu",0.0694837982789835
"Cu",0.0851542284937402
"Cu",0.0534958560247946
"Cu",0.0853656819691831
"Cu",0.0416632727432967
"Cu",0.0836665795931945
"Cu",0.0780236514273908
"Cu",0.0797143674201094
"Cu",0.0452265375926038
"Cu",0.0879219455791283
"Cu",0.0546849536491356
"Cu",0.0889280114749027
"Cu",0.0828210364154577
"Cu",0.0880319800147218
"Cu",0.0466857136066869
"Cu",0.0702630109831405
"Cu",0.0590995416055002
"Cu",0.0760297764024501
"Cu",0.0589149811723161
"Cu",0.0642656887517224
"Cu",0.0862718853692513
"Cu",0.072231977128177
"Cu",0.0556589037337432
"Cu",0.0804766256592699
"Cu",0.078103893817565
"Cu",0.0768045674985926
"Cu",0.0783856524642258
"Cu",0.0720572449938127
"Cu",0.0843424146742423
"Cu",0.070285436685952
"Cu",0.0815585408772482
"Cu",0.0749111176393772
"Cu",0.0722131511352617
"Cu",0.0783783409555149
"Cu",0.0830365874166459
"Cu",0.0829823373456583
"Cu",0.0669433166173629
"Cu",0.076059924169152
"Cu",0.0771581524716596
"Cu",0.0910650812811283
"Cu",0.086730026383307
"Cu",0.0668525548191029
"Cu",0.0824730062016077
"Cu",0.0585007394677258
"Cu",0.0818427188162817
"Cu",0.0741557681726574
"Cu",0.0934497451795708
"Cu",0.0591064092127736
"Cu",0.0565388070538605
"Cu",0.0798856257430158
"Cu",0.0805525384750925
"Cu",0.0777929316592697
"Cu",0.0586106520445851
"Cu",0.063285970671097
"Cu",0.0553568273281122
"Cu",0.0635627208791432
"Cu",0.0775376339296838
"Cu",0.0780382750782979
"Cu",0.077007543046491
"Cu",0.0755403683536425
"Cu",0.0737508377985931
"Cu",0.0858609983139398
"Cu",0.0702599514273674
"Cu",0.0789706906280474
"Cu",0.002
"Cu",0.0818706654116018
"Cu",0.0644141828424704
"Cu",0.0900642122308415
"Cu",0.076977042107879
"Cu",0.0619558231515436
"Cu",0.0794594387399925
"Cu",0.0905989853371144
"Cu",0.0690801744442092
"Cu",0.0725426319596277
"Cu",0.0654237043251788
"Cu",0.0806316710067229
"Cu",0.0776538080734871
"Cu",0.076502106983927
"Cu",0.0715722369058129
"Cu",0.0874890566011695
"Cu",0.0786922835485219
"Cu",0.0597166770789684
"Cu",0.0810615036157054
"Cu",0.0636115681043661
"Cu",0.070137455866001
"Cu",0.0809632832727563
"Cu",0.0829148116724721
"Cu",0.0532882773871939
"Cu",0.0607305083984618
"Cu",0.0854348783971728
"Cu",0.0825602517563422
"Cu",0.0547131541602325
"Cu",0.0711734098377458
"Cu",0.0806625136664733
"Cu",0.0731948734619551
"Cu",0.0704036317533661
"Cu",0.0870219048905951
"Cu",0.0754442042364664
"Cu",0.0591567618817951
"Cu",0.0667091716449096
"Cu",0.0642681289977011
"Cu",0.0673178755580885
"Cu",0.0712168590421958
"Cu",0.0844976283966029
"Cu",0.0798644389980008
"Cu",0.0847652951621835
"Cu",0.0833081591941584
"Cu",0.0816847960360687
"Cu",0.0805786560781224
"Cu",0.0728633522617167
"Cu",0.0861001959706821
"Cu",0.0789889572902615
"Cu",0.064752158897697
"Cu",0.0648508898970154
"Cu",0.0771776873109944
"Cu",0.0565119712107084
"Cu",0.0689199164545376
"Cu",0.0722312792428864
"Cu",0.0880471941510926
"Cu",0.0560513205436528
"Cu",0.0714643187161952
"Cu",0.0820570507555584
"Cu",0.0629480193770402
"Cu",0.0775510333613496
"Cu",0.0869460487813774
"Cu",0.0859983324745516
"Cu",0.0780161842203543
"Cu",0.0829033795661381
"Cu",0.0904882335161725
"Cu",0.0773131431661357
"Cu",0.0599973900112582
"Cu",0.0747264122905334
"Cu",0.0846189045770498
"Cu",0.0707920644170965
"Cu",0.0789678480710496
"Cu",0.0774101784510759
"Cu",0.0896777379327232
"Cu",0.0841555169194533
"Cu",0.0756864425499515
"Cu",0.0840379296847036
"Cu",0.0587295461027962
"Cu",0.0758210154718468
"Cu",0.090698007432345
"Cu",0.0887518837580906
"Cu",0.0735133985504264
"Cu",0.0861350660076764
"Cu",0.0607335463852865
"Cu",0.0772896709151325
"Cu",0.0729235400189142
"Cu",0.0753911776678544
"Cu",0.0764572797484111
"Cu",0.081463066090676
"Cu",0.0628818041660354
"Cu",0.0512932189072389
"Cu",0.0814677028668846
"Cu",0.0851221460062822
"Cu",0.0645623934279997
"Cu",0.0772418007725566
"Cu",0.0705999036421161
"Cu",0.0800042861833536
"Cu",0.0860266403355737
"Cu",0.0755463446113786
"Cu",0.0749585319901821
"Cu",0.0572015692226887
"Cu",0.0656021825339659
"Cu",0.077637441498358
"Cu",0.0599699215439212
"Cu",0.063217276918105
"Cu",0.0698374401870137
"Cu",0.0828574717918218
"Cu",0.0840549705922518
"Cu",0.0659565452245074
"Cu",0.043084815718612
"Cu",0.0758338554191444
"Cu",0.0714429018055522
"Cu",0.0861960214731873
"Cu",0.0860538048471057
"Cu",0.0829188346339714
"Cu",0.0828084599283538
"Cu",0.0821757797909466
"Cu",0.0678098515363149
"Cu",0.067265164057354
"Cu",0.0723628344348438
"Cu",0.0755102116532725
"Cu",0.0853661484374943
"Cu",0.0734853122516594
"Cu",0.0795196562214183
"Cu",0.0821447139801697
"Cu",0.069998549462317
"Cu",0.0818424010687259
"Cu",0.002
"Cu",0.0628676154360366
"Cu",0.0688586766117588
"Cu",0.077547640572647
"Cu",0.0725181497777516
"Cu",0.0605560909527701
"Cu",0.0764343478050426
"Zn",0.880363464850304
"Zn",1.22858279340156
"Zn",0.836403305653244
"Zn",0.496000124405517
"Zn",0.75552857231397
"Zn",1.04756886870448
"Zn",0.756729144965095
"Zn",0.738363546440496
"Zn",0.751037134885437
"Zn",0.668955435491896
"Zn",0.60101609665189
"Zn",0.989378230375846
"Zn",1.06509297078715
"Zn",0.92670503214501
"Zn",0.506832951901284
"Zn",0.658994045583563
"Zn",0.768694579326259
"Zn",1.31546945980624
"Zn",0.004
"Zn",1.57374695366674
"Zn",0.630883128981033
"Zn",0.71195411187817
"Zn",0.945759929169822
"Zn",0.411563728772646
"Zn",0.806712447590403
"Zn",0.89960962241063
"Zn",0.508610906151115
"Zn",0.893757649604212
"Zn",0.948350735146608
"Zn",0.734277160556589
"Zn",1.13095325926484
"Zn",0.614472787727314
"Zn",0.810692360997405
"Zn",1.44805528669522
"Zn",1.11637960088079
"Zn",0.510330861184779
"Zn",0.961694384739036
"Zn",0.863682273807394
"Zn",0.897448353098073
"Zn",0.750223527404742
"Zn",0.449219785764964
"Zn",0.777203508957927
"Zn",0.807594664719133
"Zn",1.0016855862628
"Zn",1.0018001139095
"Zn",0.234004393428422
"Zn",0.974523616236789
"Zn",0.883248728210685
"Zn",0.62242831089032
"Zn",0.004
"Zn",0.8972045736562
"Zn",1.12280689946026
"Zn",0.0978543122165751
"Zn",0.505820011783524
"Zn",0.83126114226111
"Zn",1.04577544108319
"Zn",0.525551928218841
"Zn",0.782479006588045
"Zn",0.634696724930451
"Zn",0.879604368408043
"Zn",1.02646426999277
"Zn",0.37073373020366
"Zn",0.731651335362855
"Zn",0.255283093115574
"Zn",0.698423715534289
"Zn",0.465451797049128
"Zn",0.792135578388385
"Zn",0.693121599965182
"Zn",1.12635541655682
"Zn",0.523221437715592
"Zn",0.598180080021938
"Zn",0.985782848165623
"Zn",0.865025967949035
"Zn",1.05748042618698
"Zn",0.0561249312783165
"Zn",0.822404958615028
"Zn",0.731943848569838
"Zn",0.724907445613427
"Zn",0.941274179449209
"Zn",1.15357371589316
"Zn",1.11499770169603
"Zn",0.979395534378126
"Zn",0.669828854359279
"Zn",1.10522553882293
"Zn",0.773182147729733
"Zn",1.02365275217883
"Zn",0.936352256431549
"Zn",0.628060247605447
"Zn",1.006097319161
"Zn",0.583135535205076
"Zn",0.556572668827758
"Zn",1.03039381943915
"Zn",0.809427825736819
"Zn",0.632473915158796
"Zn",0.568550829916706
"Zn",0.824828683164278
"Zn",0.765976082029579
"Zn",0.765113594340003
"Zn",0.808472521108708
"Zn",1.02439291156405
"Zn",0.632526521975583
"Zn",0.784488788404987
"Zn",0.785808518809934
"Zn",0.790344222297119
"Zn",1.07248791436577
"Zn",0.901532600004628
"Zn",1.05279317390891
"Zn",0.829731954082457
"Zn",1.16108873137026
"Zn",1.08594307064495
"Zn",0.719545657254191
"Zn",0.574419693828432
"Zn",1.24995183109158
"Zn",0.647207121400872
"Zn",0.84702233113098
"Zn",0.772418160375236
"Zn",1.21580585465196
"Zn",0.763966935554434
"Zn",0.763179189587048
"Zn",0.319255223176058
"Zn",0.900502169623051
"Zn",0.680994448204222
"Zn",0.64814834943588
"Zn",0.97988206634894
"Zn",0.690680773734772
"Zn",0.683148303429127
"Zn",0.439773835177166
"Zn",0.843195406291114
"Zn",0.835115494438626
"Zn",0.850206378754335
"Zn",1.25087407269786
"Zn",0.517061940651593
"Zn",0.522421109429705
"Zn",0.502410789883638
"Zn",0.602842623122647
"Zn",0.764202275409629
"Zn",0.453484156896661
"Zn",0.964159687559664
"Zn",0.876192395345946
"Zn",0.580076029869074
"Zn",0.334525999822949
"Zn",1.30502316925759
"Zn",0.560924280182584
"Zn",0.800575453777383
"Zn",0.640531253796721
"Zn",0.571208902601293
"Zn",0.831704720701626
"Zn",0.860382843542283
"Zn",1.30110414122077
"Zn",0.627268152564084
"Zn",0.821150009950065
"Zn",0.993601499370603
"Zn",1.11273300793785
"Zn",0.904709562314513
"Zn",0.346445659305529
"Zn",0.952648899852359
"Zn",0.394246564062729
"Zn",0.925221239410068
"Zn",0.651498737609758
"Zn",1.00624156274138
"Zn",1.01577390688663
"Zn",0.548352527589323
"Zn",0.806979484955665
"Zn",0.416540836137305
"Zn",0.515603030523888
"Zn",0.42431587139175
"Zn",0.89893046034993
"Zn",0.979886064665476
"Zn",0.668904654441714
"Zn",1.00237622366318
"Zn",0.792865725931076
"Zn",0.834162042025172
"Zn",0.832511714434659
"Zn",0.66137174175568
"Zn",0.606004777847206
"Zn",0.970774438809449
"Zn",1.00483659908712
"Zn",0.924510123894756
"Zn",0.62866251840626
"Zn",0.839598310258776
"Zn",0.682953981860083
"Zn",0.950665590869047
"Zn",0.5508507895173
"Zn",0.615043971282714
"Zn",0.889122222125903
"Zn",0.832778431111947
"Zn",0.554775951583859
"Zn",0.996247652316105
"Zn",0.992325312869756
"Zn",0.897096281942181
"Zn",1.02083452417278
"Zn",0.859090903803541
"Zn",0.586853927432152
"Zn",0.797524984957302
"Zn",0.677129429076533
"Zn",0.460365589621728
"Zn",1.04462071585689
"Zn",0.926128281809603
"Zn",0.809710426157128
"Zn",1.06388248294043
"Zn",0.290520650417457
"Zn",1.08777465199621
"Zn",0.812356688078816
"Zn",1.11974598486016
"Zn",0.639355563099299
"Zn",0.649087628436842
"Zn",0.570476744580451
"Zn",0.969137728518398
"Zn",0.94977482199782
"Zn",0.938055716363573
"Zn",0.985281381855393
"Zn",0.759176089252707
"Zn",0.875672775815604
"Zn",1.05581855207923
"Zn",0.452842633538699
"Zn",0.71867603494691
"Zn",0.628413975892972
"Zn",0.292671445244231
"Zn",0.844502324399372
"Zn",0.728088297082666
"Zn",0.753539529370525
"Zn",1.02796428599242
"Zn",0.737780532728129
"Zn",0.59543661375818
"Zn",0.72150315129162
"Zn",0.599215507486349
"Zn",0.781214431511846
"Zn",1.17481470724591
"Zn",1.0335859245959
"Zn",0.887385147767129
"Zn",0.641275477411357
"Zn",0.698171310267108
"Zn",0.368331778711165
"Zn",0.531193504052023
"Zn",0.612221807326133
"Zn",1.09877942938233
"Zn",0.905731061647816
"Zn",0.477115910495741
"Zn",0.781331040960135
"Zn",0.779182291558772
"Zn",0.837733832498165
"Zn",1.00738809067697
"Zn",0.976055885167588
"Zn",0.670771775862272
"Zn",0.831402098782798
"Zn",1.18692937963162
"Zn",0.795507707076057
"Zn",0.674698771456658
"Zn",0.380303388340577
"Zn",0.763429247667511
"Zn",1.09377268746418
"Zn",0.422545072811995
"Zn",0.753366723508303
"Zn",1.3667794039581
"Zn",0.867534898279216
"Zn",0.707492357424153
"Zn",1.21601362622013
"Zn",0.726370661823683
"Zn",1.35486497344351
"Zn",0.261018355439511
"Zn",1.08907726862419
"Zn",0.522531133716041
"Zn",1.02734510449609
"Zn",0.004
"Zn",0.964256393696635
"Zn",0.626060786482477
"Zn",0.607718319141689
"Zn",0.794763679853606
"Zn",0.63979096311671
"Zn",0.461908872466256
"Zn",1.27410743708455
"Zn",1.11261036540239
"Zn",0.895726888187898
"Zn",0.49021631912438
"Zn",0.707319961343302
"Zn",0.933104453965918
"Zn",0.75442091979023
"Zn",0.97675230398424
"Zn",0.601615325715897
"Zn",1.1958274377938
"Zn",0.85060429588545
"Zn",0.784846650848116
"Zn",0.617828514649208
"Zn",0.474712680096239
"Zn",0.468209010288035
"Zn",0.858571328570588
"Zn",0.617760191060295
"Zn",1.10563039307332
"Zn",0.411547937446649
"Zn",0.63434680251687
"Zn",0.468984564473334
"Zn",1.02918348395276
"Zn",0.620856901581437
"Zn",0.840328580190694
"Zn",0.943080668826527
"Zn",0.55782131776511
"Zn",0.785115814641819
"Zn",0.75198490978402
"Zn",0.707373448631942
"Zn",0.650904515685275
"Zn",0.994371425566238
"Zn",0.872968573944917
"Zn",0.617990569893706
"Zn",0.677437122298708
"Zn",0.771044905243669
"Zn",0.836151420402057
"Zn",0.744705292726635
"Zn",1.04098007149096
"Zn",0.848328971775982
"Zn",1.27876380671541
"Zn",0.880786689723838
"Zn",0.811110562368542
"Zn",0.250401935201904
"Zn",1.01055339500817
"Zn",0.673832203394154
"Zn",0.591911699723264
"Zn",1.13898261198664
"Zn",0.813231992661695
"Zn",0.641375308823075
"Zn",0.76302968165524
"Zn",0.690724970977075
"Zn",1.05376424038851
"Zn",0.606995089263771
"Zn",0.698447188875859
"Zn",0.508017493444011
"Zn",0.816866946496594
"Zn",0.623341948819896
"Zn",0.456756366598557
"Zn",0.701004347949125
"Zn",0.29323287033545
"Zn",0.596544065430756
"Zn",0.278950352690056
"Zn",1.27094070800197
"Zn",0.865073757399956
"Zn",0.450433355805816
"Zn",0.642702020525197
"Zn",0.454171146222426
"Zn",0.784443289566428
"Zn",0.344045370299076
"Zn",0.908052793287733
"Zn",1.17669701310033
"Zn",0.53131598946576
"Zn",0.981737314263629
"Zn",1.56292641981948
"Zn",0.977543095072951
"Zn",0.920495623371499
"Zn",0.790936727259957
"Zn",1.0072931500437
"Zn",1.28384546062674
"Zn",1.13033463991004
"Zn",0.820607700793141
"Zn",0.501004323079777
"Zn",0.705477011962399
"Zn",0.551398982794529
"Zn",0.741444313317193
"Zn",1.19295902091245
"Zn",0.840904140332504
"Zn",0.985535802363734
"Zn",0.549566995003749
"Zn",0.917328878166484
"Zn",1.02812395951658
"Zn",1.16677690375808
"Zn",0.972830172144594
"Zn",0.801335601786277
"Zn",1.16678753029924
"Zn",0.774666547883569
"Zn",0.969283690662186
"Zn",1.34276647665561
"Zn",0.345430367648781
"Zn",0.938303797476314
"Zn",1.28356401114561
"Zn",0.499796218938552
"Zn",0.910742549339799
"Zn",0.706950948954645
"Zn",0.887964777064137
"Zn",0.515814537424208
"Zn",0.755996799576353
"Zn",1.08468907062185
"Zn",0.416710081962509
"Zn",1.05294162928594
"Zn",1.09911740561247
"Zn",1.06879072467992
"Zn",0.82683328382976
"Zn",0.719079819500743
"Zn",0.990759183765915
"Zn",0.828711125964047
"Zn",0.764532181908906
"Zn",0.710051123984084
"Zn",0.244133351152923
"Zn",0.85266203781775
"Zn",1.09239663772915
"Zn",0.55410583453782
"Zn",0.714480286231335
"Zn",0.694211958704684
"Zn",0.648458689160024
"Zn",0.958912370131661
"Zn",0.758924364109892
"Zn",0.76560560541865
"Zn",0.0383707936229527
"Zn",0.723863996862374
"Zn",0.838739532362087
"Zn",0.531121271587032
"Zn",0.676611219750903
"Zn",1.04369514093984
"Zn",0.600739025690051
"Zn",0.980324049797379
"Zn",0.887745500321757
"Zn",0.946413676822692
"Zn",0.810570940276913
"Zn",0.813703814304511
"Zn",0.581101315367427
"Zn",0.950297714339661
"Zn",0.954044139957014
"Zn",0.722313754200463
"Zn",0.640341306933788
"Zn",1.15171078146441
"Zn",0.639293687078408
"Zn",0.378170920094908
"Zn",0.475464905856357
"Zn",0.707527265348206
"Zn",0.445299532959219
"Zn",0.737345285693038
"Zn",0.61502784928386
"Zn",0.565413669596093
"Zn",0.574936912061779
"Zn",0.803228030995413
"Zn",0.979505718714981
"Zn",0.604466385376246
"Zn",0.997925801320434
"Zn",0.494289009001463
"Zn",0.816092670326094
"Zn",0.746103468835777
"Zn",0.346880799570004
"Zn",0.570357179499783
"Zn",0.890291093141914
"Zn",0.358768531289929
"Zn",0.976222027941355
"Zn",0.873424196101639
"Zn",0.452088775088703
"Zn",0.632991116748495
"Zn",0.498044834691879
"Zn",0.371894246151515
"Zn",0.51641085423688
"Zn",0.343571606951473
"Zn",0.911535855793419
"Zn",0.621724324356272
"Zn",0.889482352796852
"Zn",0.838456002524475
"Zn",0.313669949558004
"Zn",0.88375029109305
"Zn",0.35013969219947
"Zn",0.654424049872491
"Zn",0.704950768291347
"Zn",0.506260984705903
"Zn",0.835132162648138
"Zn",0.905891753864266
"Zn",0.549012697986439
"Zn",0.937197598888807
"Zn",0.724180301621401
"Zn",0.72359511393999
"Zn",1.10036860777905
"Zn",0.926626217529313
"Zn",0.857153401406532
"Zn",0.776967440518933
"Zn",0.589077191079493
"Zn",0.608187678581207
"Zn",0.498888712537436
"Zn",0.949572732904739
"Zn",0.004
"Zn",0.890834480536133
"Zn",0.770258291980825
"Zn",0.553407239115982
"Zn",1.2333993056906
"Zn",0.513359244921847
"Zn",0.972297395074281
"Zn",0.915027137500604
"Zn",0.706043105453606
"Zn",1.13713882777377
"Zn",0.596444202518475
"Zn",0.421026989046665
"Zn",1.07229835776736
"Zn",0.813235269859556
"Zn",0.991933958163643
"Zn",0.978462867968722
"Zn",0.878972939290061
"Zn",0.596099436436317
"Zn",0.727050381380113
"Zn",0.810364333235093
"Zn",1.30332524887735
"Zn",0.586115352622334
"Zn",0.597531298892795
"Zn",0.497548890896676
"Zn",0.374238329485299
"Zn",1.19493961386385
"Zn",0.834285635888397
"Zn",0.672338671364251
"Zn",0.822491795981277
"Zn",0.592943454993687
"Zn",0.754718524012548
"Zn",0.998414271081972
"Zn",0.61794906973946
"Zn",0.254254354665379
"Zn",0.376346059204154
"Zn",0.733678053201083
"Zn",0.728812211555104
"Zn",0.745645051350183
"Zn",0.729787121762335
"Zn",0.707565498904645
"Zn",0.954271921007959
"Zn",0.309677514621518
"Zn",0.650821757911794
"Zn",0.69246623697644
"Zn",1.01695673900987
"Zn",0.497530081475894
"Zn",0.62418237257729
"Zn",0.597625303049358
"Zn",0.981424358795901
"Zn",0.111966872856227
"Zn",0.801652565683636
"Zn",0.729850551902239
"Zn",0.893818902257356
"Zn",0.611450431552257
"Zn",0.847956397594627
"Zn",0.719105220109412
"Zn",0.538313544643541
"Zn",0.640055652043046
"Zn",0.485071385947272
"Zn",0.658247760712866
"Zn",0.894434195009234
"Zn",0.866570025322441
"Zn",0.786936158281776
"Zn",0.885503637340842
"Zn",0.892920406185394
"Zn",0.385393603892019
"Zn",0.642481919010651
"Zn",0.70310361247855
"Zn",0.702478491617343
"Zn",0.597385123391274
"Zn",1.19423630588852
"Zn",1.06557832357678
"Zn",1.07562706929263
"Zn",0.616383185859796
"Zn",1.01354302373446
"Zn",0.633285122044352
"Zn",0.730283917976769
"Zn",0.908021181951358
"Zn",1.06201234320161
"Zn",0.123583292025854
"Zn",0.71095089119662
"Zn",0.922583591444706
"Zn",1.11509389049757
"Zn",0.673200051828626
"Zn",0.912224522599919
"Zn",0.400506265207249
"Zn",0.556911243281039
"Zn",0.139779944024138
"Zn",0.649670868087386
"Zn",0.57200957040579
"Zn",0.993643864325764
"Zn",0.538164596410106
"Zn",0.147559446386393
"Zn",0.541753452692921
"Zn",0.476018450565737
"Zn",0.529119622589902
"Zn",0.817788634244828
"Zn",0.763928043662399
"Zn",0.9465802723652
"Zn",0.672995645090845
"Zn",0.737525198712383
"Zn",0.820482069848543
"Zn",0.809832325246872
"Zn",0.808010133049958
"Zn",0.562577593358363
"Zn",0.941721665838604
"Zn",1.16512891062598
"Zn",0.890828276831575
"Zn",0.923783557501506
"Zn",1.06585728631271
"Zn",0.800680696762622
"Zn",0.787879306586382
"Zn",0.686212023914327
"Zn",0.788049889998281
"Zn",0.956900308999829
"Zn",0.767867037834223
"Zn",1.05315875215781
"Zn",0.83049422287108
"Zn",0.655107040706928
"Zn",0.894876612888737
"Zn",0.58878558523457
"Zn",0.795306172786704
"Zn",0.802554138602388
"Zn",0.975049954753244
"Zn",0.642602217542986
"Zn",0.462130065599827
"Zn",0.33395474008876
"Zn",0.878824283367821
"Zn",0.858845385875555
"Zn",0.782056179428287
"Zn",0.602376562391093
"Zn",1.18195100612147
"Zn",1.1972011007981
"Zn",0.68430666176566
"Zn",0.690163177860758
"Zn",0.641388124368711
"Zn",0.805632160926883
"Zn",0.850611581961409
"Zn",0.462052612061198
"Zn",0.923104558104704
"Zn",0.641715664595357
"Zn",0.544091536540803
"Zn",1.24598051324251
"Zn",0.815620903104756
"Zn",0.724109257217771
"Zn",0.739645319455237
"Zn",0.95110775931204
"Zn",0.844164558407703
"Zn",1.11095797654596
"Zn",1.1149967557704
"Zn",0.616612400642542
"Zn",0.650821224500371
"Zn",0.643825436756715
"Zn",0.540710680157595
"Zn",1.09692000759169
"Zn",0.617402219493359
"Zn",0.705656817016157
"Zn",0.989041490189218
"Zn",0.509583767800534
"Zn",0.634782180163645
"Zn",0.882941208166742
"Zn",0.952566932368415
"Zn",1.04408014259645
"Zn",0.872168689360439
"Zn",0.90058385080991
"Zn",1.25078706604549
"Zn",0.695018126884092
"Zn",0.429413404869569
"Zn",0.708583683814984
"Zn",0.804744641950913
"Zn",1.12745328004924
"Zn",0.73191610776331
"Zn",1.17535583383865
"Zn",0.910926716279898
"Zn",1.12527117324881
"Zn",0.809184409312827
"Zn",0.574013161088793
"Zn",0.765830221339748
"Zn",0.604114782762799
"Zn",1.04467947114422
"Zn",0.996368798159511
"Zn",0.459991745993013
"Zn",0.190072579492291
"Zn",0.494395811149921
"Zn",1.09631781462189
"Zn",0.748470776226847
"Zn",0.270909859233461
"Zn",1.02658313102296
"Zn",0.897152447332115
"Zn",0.826369467221933
"Zn",0.355825772456128
"Zn",0.0683219370579518
"Zn",0.935263116792832
"Zn",0.935282864570792
"Zn",0.455895045482045
"Zn",0.942581656216362
"Zn",0.772552833300847
"Zn",0.760353823457827
"Zn",0.759823778325116
"Zn",0.697417421141111
"Zn",0.186530312583996
"Zn",1.14486542049296
"Zn",0.53928676503676
"Zn",0.84327696934352
"Zn",0.476125952808264
"Zn",0.72281116105776
"Zn",0.907256141884538
"Zn",0.683077118502433
"Zn",0.701819741625173
"Zn",0.149426072213073
"Zn",0.669221511039244
"Zn",0.932095562813942
"Zn",0.619075543037567
"Zn",0.341999328134068
"Zn",0.683573469244108
"Zn",1.07434311122897
"Zn",0.333172185705463
"Zn",1.12882794542361
"Zn",0.673798856235533
"Zn",0.697754141129229
"Zn",0.79501704312654
"Zn",0.913236601373932
"Zn",0.9303045117607
"Zn",0.663690110872565
"Zn",0.982761748820842
"Zn",1.05913793276331
"Zn",1.11045641757444
"Zn",0.707702027889658
"Zn",0.485479325094471
"Zn",0.624070943218178
"Zn",0.30406845529195
"Zn",0.992467253669045
"Zn",0.584502621843812
"Zn",0.973299945567714
"Zn",0.691568420749097
"Zn",0.278771313038078
"Zn",0.793706847259727
"Zn",0.872933740257733
"Zn",0.364033482022845
"Zn",0.392611450475143
"Zn",0.709083043274632
"Zn",0.516966112105449
"Zn",0.629169421513594
"Zn",0.636972927814588
"Zn",0.499524512315973
"Zn",0.804331295449129
"Zn",0.764452566483371
"Zn",0.53097760661367
"Zn",0.930355868605334
"Zn",0.500832876317626
"Zn",0.762573359172572
"Zn",0.895993894284941
"Zn",0.46900102089611
"Zn",0.262659487723242
"Zn",0.80866340206713
"Zn",0.895107276819845
"Zn",1.01608558993244
"Zn",0.652204581137924
"Zn",1.1170605322499
"Zn",0.940396494715546
"Zn",0.734152871371888
"Zn",0.458834809009851
"Zn",1.13086094836712
"Zn",0.762857874161531
"Zn",0.788962396265158
"Zn",0.938960703669962
"Zn",0.88668601141391
"Zn",0.661415404155513
"Zn",0.868978513528473
"Zn",0.835353111083957
"Zn",0.963685514416372
"Zn",0.601139917327215
"Zn",1.02429802463503
"Zn",0.004
"Zn",1.00294579308406
"Zn",0.104176278130798
"Zn",0.878764369261388
"Zn",0.629832448525147
"Zn",0.492540974420709
"Zn",0.798938885138735
"Zn",0.830009267897703
"Zn",0.711118187238072
"Zn",0.889128043531315
"Zn",0.983194624691154
"Zn",0.93193511527459
"Zn",1.00031583839358
"Zn",0.925827876045248
"Zn",0.801972032296726
"Zn",0.191011137650739
"Zn",0.629379622442767
"Zn",0.901988808796524
"Zn",0.734012867771315
"Zn",0.772266450456387
"Zn",0.889894573464026
"Zn",0.808328506049268
"Zn",0.956010261518644
"Zn",0.794055578694972
"Zn",0.718404598979339
"Zn",0.986448687313924
"Zn",0.43915283272314
"Zn",0.763935251957418
"Zn",1.01580779032061
"Zn",0.749644176290959
"Zn",0.785668815014336
"Zn",0.437255719148466
"Zn",0.710570359988919
"Zn",0.866197788875113
"Zn",0.638170997968619
"Zn",0.806026943010213
"Zn",0.549571817910595
"Zn",0.998072674213683
"Zn",0.390308882643852
"Zn",0.555660256132718
"Zn",0.938426755452602
"Zn",0.961074855133955
"Zn",0.962496422236467
"Zn",0.292096595008892
"Zn",0.465649540710796
"Zn",0.267034722438759
"Zn",0.477715264636626
"Zn",0.462484488702099
"Zn",0.606293220013985
"Zn",0.482378161007896
"Zn",0.885220833568761
"Zn",0.814257098062484
"Zn",1.11577631236444
"Zn",0.446188169571713
"Zn",0.808751101351837
"Zn",0.914894509842918
"Zn",0.550765743541458
"Zn",1.38122824746233
"Zn",0.657407774665221
"Zn",1.09577817632897
"Zn",1.26220793177366
"Zn",0.810243238721671
"Zn",0.554770965933995
"Zn",0.526774719021954
"Zn",0.893391310503527
"Zn",0.764065675981423
"Zn",0.603086140330883
"Zn",0.88201170622385
"Zn",0.61991425933283
"Zn",1.08628016315073
"Zn",1.09624726742916
"Zn",0.642545443605771
"Zn",0.75727649047181
"Zn",0.898345393435528
"Zn",1.04770759056669
"Zn",0.54321166564355
"Zn",0.416536301894487
"Zn",0.838351171482912
"Zn",0.821904963114258
"Zn",0.279844518944222
"Zn",0.905461071777689
"Zn",0.663416494370792
"Zn",0.709055168222614
"Zn",0.892511497785796
"Zn",1.33622867239297
"Zn",0.902612178286643
"Zn",0.65429092430619
"Zn",0.581724557365157
"Zn",0.779301059782588
"Zn",0.955445773243268
"Zn",1.1107206513513
"Zn",1.17433235803038
"Zn",0.95190038977958
"Zn",0.811963553131696
"Zn",1.15777094938452
"Zn",0.725462776785061
"Zn",0.771069059587937
"Zn",0.759432868876665
"Zn",0.959537708622865
"Zn",0.786108017570688
"Zn",0.684221119838297
"Zn",0.761663486284244
"Zn",0.896770836347011
"Zn",0.757126132714505
"Zn",0.609321070482968
"Zn",0.485976393121025
"Zn",1.29634867758438
"Zn",0.615863949932523
"Zn",0.798648291334859
"Zn",0.85040847403997
"Zn",0.730530957018844
"Zn",0.793293197353419
"Zn",1.12495946894886
"Zn",0.705346645796467
"Zn",0.75311184524262
"Zn",0.610130823693618
"Zn",0.859046559168684
"Zn",0.8510901212097
"Zn",0.72328009172245
"Zn",0.663034503656623
"Zn",0.785904562620395
"Zn",0.908738063512608
"Zn",0.507200656379722
"Zn",0.898393700354105
"Zn",0.356496045240928
"Zn",1.04819917164721
"Zn",0.683269836319004
"Zn",0.800188348430275
"Zn",0.870385380078636
"Zn",0.8978014574028
"Zn",0.950628924465604
"Zn",0.812754907068977
"Zn",0.291802029209929
"Zn",0.593552946190056
"Zn",0.999651813275557
"Zn",1.07642988810477
"Zn",0.636017817720957
"Zn",0.825490494252163
"Zn",1.19719612223918
"Zn",0.693997257878365
"Zn",0.651889006030347
"Zn",1.00239848884707
"Zn",0.333000206123008
"Zn",0.904327719292862
"Zn",0.911948700939877
"Zn",0.340357126224242
"Zn",1.0160076063661
"Zn",0.757265441691136
"Zn",1.06979341384063
"Zn",0.965868749763595
"Zn",0.818430808581062
"Zn",0.683605689945141
"Zn",1.07206258270603
"Zn",0.850959296933015
"Zn",0.79569942773496
"Zn",0.818135198360693
"Zn",0.713938002127056
"Zn",0.81806010425909
"Zn",0.695764682857697
"Zn",0.599087808114102
"Zn",0.344369503995728
"Zn",0.713557638687786
"Zn",0.824717669822161
"Zn",0.845700424629488
"Zn",0.599999627709732
"Zn",0.004
"Zn",0.521539998635496
"Zn",0.682189980856145
"Zn",0.809416705490048
"Zn",0.679630791637148
"Zn",1.01213982850239
"Zn",0.70397307340624
"Zn",0.491849898741255
"Zn",0.726513682999135
"Zn",0.833792615185607
"Zn",0.590167418012632
"Zn",0.870639692864568
"Zn",0.869687099533279
"Zn",0.861726427901014
"Zn",0.645014741597222
"Zn",0.840518080434642
"Zn",0.629305513258644
"Zn",0.840732848326908
"Zn",0.787316657221857
"Zn",0.572554413389976
"Zn",0.511877957718999
"Zn",0.452512559283714
"Zn",0.0497868661919066
"Zn",0.68844566829214
"Zn",1.09335777347765
"Zn",0.778435030748923
"Zn",1.20660968587521
"Zn",0.71280223591347
"Zn",0.566846511209981
"Zn",0.677157573715696
"Zn",0.729447491347342
"Zn",1.0804263555327
"Zn",1.18631067881117
"Zn",0.969838815908555
"Zn",1.26315238505124
"Zn",0.857889364782433
"Zn",0.0682661002945097
"Zn",0.649131855289288
"Zn",0.376363150127575
"Zn",1.15535397857184
"Zn",0.775059648184211
"Zn",0.328797998449887
"Zn",1.02719493350948
"Zn",0.390056932665329
"Zn",0.468500074343054
"Zn",0.65402541637307
"Zn",1.2818787282474
"Zn",0.479632813394331
"Zn",0.674445089104689
"Zn",0.486276461054213
"Zn",0.733915181970979
"Zn",0.830080243327919
"Zn",0.923293575480655
"Zn",0.814500405184767
"Zn",0.288797082861215
"Zn",0.954394290101559
"Zn",0.401376630177633
"Zn",1.01451200542105
"Zn",0.621932909300287
"Zn",0.796124881641949
"Zn",0.611053981742172
"Zn",1.04091779262594
"Zn",0.916186436083807
"Zn",0.830429177552302
"Zn",1.06779718540908
"Zn",0.394459027114535
"Zn",0.964258415968321
"Zn",1.09965485875653
"Zn",0.846350937087197
"Zn",0.569908048257922
"Zn",0.677128946642763
"Zn",0.821753923760202
"Zn",1.11015965908447
"Zn",0.654389978183954
"Zn",0.987628802648725
"Zn",1.27248438052536
"Zn",1.34570690405114
"Zn",0.9181290997582
"Zn",0.880103826271346
"Zn",0.834426826987877
"Zn",0.911130040464033
"Zn",1.08574705364311
"Zn",0.004
"Zn",0.669512719865664
"Zn",0.808230499144277
"Zn",0.922126690106035
"Zn",0.66045385186997
"Zn",0.846687416843533
"Zn",0.56686127557649
"Zn",0.712475825025124
"Zn",0.983329191834683
"Zn",0.63687911088611
"Zn",1.00015465413942
"Zn",0.922873793898944
"Zn",0.758006507622559
"Zn",0.533736847720583
"Zn",0.868848968121573
"Zn",1.14975392237224
"Zn",0.85864798990715
"Zn",0.447516420897092
"Zn",0.202537890747591
"Zn",0.71704869066442
"Zn",0.851155704648548
"Zn",0.458804229610574
"Zn",0.711923887160357
"Zn",0.637090933945736
"Zn",0.815738899216782
"Zn",0.375934800907367
"Zn",0.693614107061488
"Zn",0.877992646322636
"Zn",0.711437486202611
"Zn",0.101970583543356
"Zn",0.995184136000531
"Zn",0.790564468947859
"Zn",0.724974664299718
"Zn",0.492820091097004
"Zn",0.477227633829224
"Zn",0.86374242177293
"Zn",0.947158532336082
"Zn",1.07557208910922
"Zn",0.508742074161852
"Zn",0.578721859971917
"Zn",1.08909848375458
"Zn",0.910809213775749
"Zn",0.39153692971146
"Zn",0.955853532489789
"Zn",0.665341179837345
"Zn",0.501578710742666
"Zn",0.899913383893522
"Zn",0.764449828304823
"Zn",0.643739465542465
"Zn",0.921962862225781
"Zn",0.868787893784968
"Zn",0.0614766477593727
"Zn",0.004
"Zn",0.761317989426315
"Zn",0.868576504363277
"Zn",0.421877213214693
"Zn",0.678445571554454
"Zn",0.393801855614217
"Zn",0.972821162425656
"Zn",0.0703961309138624
"Zn",1.33755735565586
"Zn",0.438776443522783
"Zn",0.921454305003887
"Zn",0.740945878362231
"Zn",1.11076962007843
"Zn",1.21599693340934
"Zn",0.696052100673362
"Zn",0.983598488128322
"Zn",0.681768565769014
"Zn",1.01641497287955
"Zn",0.974466034920701
"Zn",0.487779775877246
"Zn",0.792902671429623
"Zn",0.801944436031639
"Zn",0.004
"Zn",0.670793479075066
"Zn",0.96951300404041
"Zn",0.858841387931639
"Zn",0.408257972772215
"Zn",0.747555550774475
"Zn",0.550453970226415
"Zn",0.830551621011907
"Zn",0.844485277826934
"Zn",0.875800935559578
"Zn",0.535478393138338
"Zn",0.859373251326132
"Zn",0.784973316280821
"Zn",0.600142792750282
"Zn",1.20096654235224
"Zn",0.597818362056817
"Zn",1.09882115729733
"Zn",0.568900485246431
"Zn",0.782759332542773
"Zn",0.528075987462049
"Zn",0.496548290297799
"Zn",0.875725942047004
"Zn",0.885376646195977
"Zn",0.820923825293369
"Zn",0.908454679337436
"Zn",0.935883866404609
"Zn",0.961570872094626
"Zn",0.78446433800179
"Zn",0.981896507776131
"Zn",0.0275698585679519
"Zn",0.717093679855064
"Zn",0.918098081328116
"Zn",0.86036716775006
"Zn",0.673670818636772
"Zn",0.745966350071437
"Zn",0.419590678008434
"Zn",0.777937737666439
"Zn",0.782575424926864
"Zn",0.646474072443875
"Zn",0.777227398218552
"Zn",0.825785129076519
"Zn",0.697539617916047
"Zn",0.957815483535975
"Zn",1.14223566734277
"Zn",0.759069201918405
"Zn",0.344107322700073
"Zn",0.683632087774559
"Zn",0.538099074794706
"Zn",0.48006567477045
"Zn",0.94008212362014
"Zn",0.318597750123444
"Zn",0.89495970932163
"Zn",0.447457108026089
"Zn",0.428867586497059
"Zn",0.834010580008011
"Zn",1.03154284131804
"Zn",0.92908701841798
"Zn",0.70597615106847
"Zn",0.592982238689455
"Zn",0.53497741834497
"Zn",0.676545616154869
"Zn",0.971675050272582
"Zn",1.13011019625569
"Zn",0.715778937364375
"Zn",0.812158234070466
"Zn",0.72809050111292
"Zn",0.885323833647074
"Zn",0.543751490514437
"Zn",0.140590559433527
"Zn",0.576147400216044
"Zn",0.517226027333706
"Zn",0.710447947258238
"Zn",1.04599930555711
"Zn",0.668129760778365
"Zn",0.829777334235294
"Zn",0.967415199858935
"Zn",0.004
"Zn",0.723151098577379
"Zn",0.87372268358687
"Zn",1.00612325234027
"Zn",0.415293823995352
"Zn",1.0790890021295
"Zn",0.891316340777794
"Zn",0.407432887728353
"Zn",1.0018048706851
"Zn",0.502667336177632
"Zn",1.03994469864149
"Zn",0.917304361066497
"Zn",1.12501369126517
"Zn",1.08665176137241
"Zn",0.833080704727852
"Zn",0.933108088871985
"Zn",0.879484977530305
"Zn",0.547560094946749
"Zn",0.33748713499375
"Zn",0.937704008851574
"Zn",0.680963502950008
"Zn",0.862253080641802
"Zn",1.34679386282754
"Zn",0.829974286637888
"Zn",0.6501931078017
"Zn",0.665509019870987
"Zn",0.73816922379299
"Zn",1.07543212727339
"Zn",0.636431160261998
"Zn",0.25212728248216
"Zn",1.22599880586185
"Zn",1.25618324479028
"Zn",0.650938714062901
"Zn",0.550469348450855
"Zn",0.482157387893262
"Zn",0.477078517877883
"Zn",0.76240117129713
"Zn",0.864717059100316
"Zn",0.852964435703118
"Zn",1.03110092853115
"Zn",0.961106918629461
"Zn",0.492614983821102
"Zn",0.762715715553701
"Zn",1.02017466558768
"Zn",0.895239773375703
"Zn",0.784842480937756
"Zn",0.816071816374904
"Zn",0.745706870953879
"Zn",0.570492557585599
"Zn",0.910194171609167
"Zn",0.345696699486511
"Zn",1.23041995778669
"Zn",0.671307917382322
"Zn",0.704956354267829
"Zn",0.796361668796772
"Zn",0.834007524940299
"Zn",0.794770498298614
"Zn",0.967227710091741
"Zn",0.727929597251585
"Zn",1.3352773097753
"Zn",1.30632675747655
"Zn",0.878339732781832
"Zn",0.537215919410097
"Zn",0.864141992461239
"Zn",0.771867415392733
"Zn",0.761382572944532
"Zn",0.71672860884373
"Zn",0.67674348297947
"Zn",0.637168132297239
"Zn",0.520946353585223
"Zn",0.78607830567236
"Zn",0.004
"Zn",0.609726469244289
"Zn",0.57904293032519
"Zn",0.625917752199178
"Zn",1.03279090645213
"Zn",0.800770106341677
"Zn",0.660080846179283
"Zn",0.97181135269241
"Zn",0.827837697736286
"Zn",0.822507358174281
"Zn",0.82609301888052
"Zn",0.747908446677502
"Zn",0.83192904153568
"Zn",0.801453141957405
"Zn",0.754744785481137
"Zn",0.833440123706233
"Zn",0.556768404874675
"Zn",0.633172803202711
"Zn",1.20041932540938
"Zn",0.736067724886955
"Zn",0.696721502192588
"Zn",1.03806144672393
"Zn",0.820434323310534
"Zn",1.31084401855078
"Zn",0.897015020710632
"Zn",1.28980818999409
"Zn",0.530454186567495
"Zn",0.926664407421764
"Zn",0.901785584637195
"Zn",0.404525091145264
"Zn",1.34580495676388
"Zn",0.856227924154699
"Zn",0.330569562877342
"Zn",0.667675605241942
"Zn",0.507925517427179
"Zn",0.437619356098572
"Zn",0.852325342147889
"Zn",1.21895187006594
"Zn",1.15812691704089
"Zn",0.920713087008378
"Zn",0.683241310088318
"Zn",0.660982584439292
"Zn",1.22044021241429
"Zn",1.20741142926881
"Zn",0.727779178085924
"Zn",1.1384773027841
"Zn",0.72602810948852
"Zn",0.934539165642204
"Zn",1.26862099878776
"Zn",0.990003058762908
"Zn",0.493103215162659
"Zn",1.3070869911368
"Zn",0.818910100885399
"Zn",0.707790994932571
"Zn",0.130793237984406
"Zn",0.570174772763837
"Zn",0.299159890439708
"Zn",0.986154015785925
"Zn",1.15372525564097
"Zn",0.379173650446028
"Zn",0.727200788196279
"Zn",0.806164592266689
"Zn",1.06110876944077
"Zn",0.698415576962566
"Zn",0.916936958554888
"Zn",0.863938580530218
"Zn",0.739002936533027
"Zn",0.75677750091517
"Zn",0.819224422945516
"Zn",1.14570834207058
"Zn",0.879958235133778
"Zn",0.796353403960175
"Zn",0.667559139001939
"Zn",0.88099472194348
"Zn",0.686574711324289
"Zn",1.01472615845947
"Zn",0.766299822358004
"Zn",0.943671358459442
"Zn",0.004
"Zn",0.863154482012141
"Zn",0.733609578627173
"Zn",0.828685907021912
"Zn",1.0804687243007
"Zn",0.773541032417044
"Zn",0.941112177976911
"Zn",0.813759049818817
"Zn",0.718405708059392
"Zn",1.47833153473481
"Zn",0.790210676600968
"Zn",0.713512942555617
"Zn",1.14591412759152
"Zn",0.619744645802126
"Zn",0.356285109347413
"Zn",0.996144444392
"Zn",0.623391791369118
"Zn",0.730246721297649
"Zn",1.01431429174308
"Zn",0.965968733286253
"Zn",0.721010709993646
"Zn",0.734515706385263
"Zn",0.496526516341613
"Zn",0.626644939238051
"Zn",0.686339529257937
"Zn",0.824113101175841
"Zn",0.843339149469491
"Zn",1.1225515604539
"Zn",0.402693973411137
"Zn",1.19652282868359
"Zn",0.320681090884869
"Zn",0.0511555690827741
"Zn",0.684748882541862
"Zn",0.974224593968184
"Zn",1.00000981633896
"Zn",1.05739707975033
"Zn",0.765414987762672
"Zn",0.661894489062063
"Zn",0.782594419842102
"Zn",0.727469375582371
"Zn",0.460748607028601
"Zn",0.711609928159685
"Zn",1.01447084327713
"Zn",0.970894374767358
"Zn",1.04944367315814
"Zn",1.04730184823937
"Zn",1.06093734192893
"Zn",0.867514826489587
"Zn",0.830189016878919
"Zn",0.592416267896033
"Zn",0.825430269741229
"Zn",0.004
"Zn",1.07776032214048
"Zn",0.708498768537048
"Zn",0.769994492494478
"Zn",0.808844952134081
"Zn",0.47088323805907
"Zn",0.602630210452695
"Zn",0.772028007775193
"Zn",0.430078919356246
"Zn",0.673353765945861
"Zn",1.21441031958104
"Zn",0.938492681121304
"Zn",0.571034398393647
"Zn",1.04840419194313
"Zn",0.975812581092251
"Zn",0.712832253146334
"Zn",0.910744103093493
"Zn",0.984659118920042
"Zn",0.534593338356199
"Zn",0.696470287898187
"Zn",1.07145758582123
"Zn",0.478151471565852
"Zn",0.719176901510065
"Zn",0.912253080910969
"Zn",0.756547972327973
"Zn",0.538418231313091
"Zn",1.03058227467259
"Zn",0.824297218162971
"Zn",0.852909400813842
"Zn",0.729567215428096
"Zn",0.878445738255271
"Zn",0.967631652436534
"Zn",0.73294145073153
"Zn",0.746846558655328
"Zn",0.760107704159329
"Zn",0.640197809356164
"Zn",0.0566273828610734
"Zn",0.845307354981543
"Zn",0.872867108268885
"Zn",1.05273824997887
"Zn",0.701459046764524
"Zn",0.778907104080099
"Zn",1.14733227950675
"Zn",1.21940059278693
"Zn",0.443879372916495
"Zn",0.429269040993021
"Zn",0.691125427281151
"Zn",0.61057614451296
"Zn",0.886291817270431
"Zn",0.610398086576816
"Zn",1.03953750340633
"Zn",0.980710583662992
"Zn",0.986662766285559
"Zn",0.747432302154534
"Zn",0.645880870674854
"Zn",0.944859978465008
"Zn",0.640843565317785
"Zn",0.816359460835106
"Zn",0.392817560168981
"Zn",0.713432088444956
"Zn",0.878454968137854
"Zn",1.18381979464106
"Zn",0.906195117797172
"Zn",0.822514363520124
"Zn",0.367637429778532
"Zn",0.735757070826342
"Zn",0.744897464628661
"Zn",0.786515805645378
"Zn",0.824229909681978
"Zn",0.60563216102164
"Zn",0.887935940973475
"Zn",0.912046900561991
"Zn",0.670655321015668
"Zn",0.792480937320464
"Zn",0.847609531272286
"Zn",1.20144937808348
"Zn",0.506495850969249
"Zn",0.648029952665031
"Zn",0.912646140058808
"Zn",0.656641281034069
"Zn",1.320152120802
"Zn",0.501063458425747
"Zn",0.78580697228778
"Zn",0.950059359685142
"Zn",1.03988516290218
"Zn",0.566873545569196
"Zn",1.36573765413412
"Zn",0.655301177974416
"Zn",1.20394060231015
"Zn",0.830533265291707
"Zn",0.735175081451897
"Zn",0.749347619699692
"Zn",0.796022026806039
"Zn",0.77414240823701
"Zn",0.907056549399755
"Zn",0.846563305984874
"Zn",0.779643653819828
"Zn",0.998544305771617
"Zn",0.841635219850511
"Zn",0.520040376060688
"Zn",0.639283764151306
"Zn",0.568865821406629
"Zn",0.61807535097998
"Zn",0.625410912065744
"Zn",0.884257279666864
"Zn",1.05811066498056
"Zn",0.213538552552753
"Zn",0.900097807168597
"Zn",0.811011449807415
"Zn",0.939948008483036
"Zn",0.906207676396956
"Zn",0.718253361075692
"Zn",0.564701027640984
"Zn",0.930899043849313
"Zn",1.17924864374733
"Zn",0.73506681988798
"Zn",0.63696559971957
"Zn",0.860242291817528
"Zn",0.242454648978376
"Zn",1.28004264469463
"Zn",0.803210711768703
"Zn",0.816965917682021
"Zn",0.812244458812769
"Zn",0.549410844234113
"Zn",0.582662816427367
"Zn",0.590650231822215
"Zn",0.80528706293205
"Zn",0.830014562516305
"Zn",0.732947195808764
"Zn",0.0406630230672656
"Zn",0.965584634275886
"Zn",0.490539472096288
"Zn",1.07332198700557
"Zn",0.889193541079606
"Zn",0.476994800630013
"Zn",0.608669963341979
"Zn",0.858416764269379
"Zn",1.15300659832473
"Zn",1.15332218969441
"Zn",0.951374386866993
"Zn",0.795438923233939
"Zn",0.577363908248833
"Zn",0.630330338585981
"Zn",0.691351344678185
"Zn",0.516397206539604
"Zn",0.655477256578249
"Zn",1.00642682935234
"Zn",0.901819733971769
"Zn",0.274957898438702
"Zn",0.575634994089898
"Zn",0.494694553248075
"Zn",0.918890358427032
"Zn",0.590257866330254
"Zn",0.595744180714574
"Zn",0.887117636826007
"Zn",0.773865889931762
"Zn",0.678038938336418
"Zn",0.571824176301689
"Zn",1.23187081463829
"Zn",0.709027308044947
"Zn",0.780555190688246
"Zn",0.861289261722706
"Zn",0.642848943893168
"Zn",0.423864300442437
"Zn",0.406265245424447
"Zn",0.41850650809432
"Zn",0.569183175317318
"Zn",0.645407039381126
"Zn",0.828008410168282
"Zn",0.52182830480904
"Zn",0.974736423999116
"Zn",1.18907044668531
"Zn",0.753039299886353
"Zn",1.15422411958939
"Zn",0.858321349081806
"Zn",1.31483426748091
"Zn",1.29848870216
"Zn",0.97578471895687
"Zn",0.654743579033635
"Zn",0.408554880938321
"Zn",1.03463260325782
"Zn",0.827623154573546
"Zn",1.0444581528548
"Zn",1.13515509903258
"Zn",0.759625520287079
"Zn",0.966272919827353
"Zn",0.556710746554039
"Zn",0.71318284680781
"Zn",0.858872214592225
"Zn",1.18493222671621
"Zn",0.871388138133115
"Zn",0.597063731312166
"Zn",0.793352602628648
"Zn",0.386983645209564
"Zn",1.06047604589485
"Zn",1.11240977813794
"Zn",0.602027256628494
"Zn",0.506352554744934
"Zn",0.62469794497614
"Zn",0.42611452057642
"Zn",0.689153241248297
"Zn",0.403965699892851
"Zn",0.70562932299478
"Zn",0.593733925657347
"Zn",0.303563970669644
"Zn",0.922216627438034
"Zn",0.494860965515948
"Zn",0.822555281585247
"Zn",0.606829772480259
"Zn",0.95926918698702
"Zn",0.703541152686775
"Zn",0.595988187463456
"Zn",0.67742872643944
"Zn",0.818876860983619
"Zn",0.842927967715568
"Zn",0.666397214211639
"Zn",1.03347415789196
"Zn",1.01027800558316
"Zn",0.287853775138587
"Zn",1.07989422307598
"Zn",0.969107983131848
"Zn",0.368848293819441
"Zn",0.822554495192172
"Zn",0.671025009520232
"Zn",0.311909672986419
"Zn",0.528873680235943
"Zn",0.728722233851608
"Zn",1.018827012659
"Zn",0.631160426386281
"Zn",0.31561440403082
"Zn",0.633430845097195
"Zn",0.40506918028479
"Zn",0.612749299080676
"Zn",0.634817043683717
"Zn",0.59248955401208
"Zn",0.694719319483741
"Zn",0.936952403707786
"Zn",0.790733866834219
"Zn",0.693732882867759
"Zn",0.943118761448191
"Zn",0.673686378045584
"Zn",0.875505257247569
"Zn",0.736702588979262
"Zn",0.802151232186351
"Zn",0.714798846525878
"Zn",0.58963006880856
"Zn",0.825124278141425
"Zn",0.823315709780153
"Zn",0.92430298872042
"Zn",1.036562516368
"Zn",0.881612756943183
"Zn",0.465343510684524
"Zn",0.972322109290092
"Zn",1.09214725743574
"Zn",0.388123760534181
"Zn",0.445537103869095
"Zn",0.835124801325255
"Zn",0.524973372058694
"Zn",1.03425352149183
"Zn",1.02658951636065
"Zn",0.962682956535187
"Zn",0.823574783360382
"Zn",0.681451744049721
"Zn",1.05130315408552
"Zn",0.665805729495868
"Zn",0.779343396773485
"Zn",1.0193020385839
"Zn",0.781637470407812
"Zn",0.840324192476893
"Zn",0.860977598515599
"Zn",0.548788363251244
"Zn",0.877269795822439
"Zn",0.96038689986895
"Zn",0.994426264373933
"Zn",0.736385476800034
"Zn",0.634673671955368
"Zn",0.499377939822989
"Zn",0.246676184392954
"Zn",0.228134755188176
"Zn",0.772847264243831
"Zn",0.545741265681379
"Zn",0.227728866990894
"Zn",0.830594008802842
"Zn",1.27747333932976
"Zn",1.10792305594596
"Zn",0.567603217561107
"Zn",1.22533042829792
"Zn",0.653995345150464
"Zn",0.81558234563304
"Zn",0.850558903806404
"Zn",0.739019316790998
"Zn",0.675903177964434
"Zn",0.997874654124421
"Zn",0.789067846230998
"Zn",0.434107606874361
"Zn",0.507066745540198
"Zn",0.73619140772973
"Zn",0.640654905195664
"Zn",0.755940126733428
"Zn",0.925129476903135
"Zn",0.543992839075647
"Zn",0.927609470795031
"Zn",0.952300271416121
"Zn",1.09329134290645
"Zn",0.845413932754704
"Zn",0.0859204238492698
"Zn",0.57615063086685
"Zn",0.62096171201988
"Zn",0.878044455202044
"Zn",1.06760575131976
"Zn",0.578583674367038
"Zn",0.77076906555917
"Zn",0.863415465030194
"Zn",0.45849369786109
"Zn",1.11563341539787
"Zn",1.33969695633311
"Zn",0.863195339519505
"Zn",0.76424919022446
"Zn",1.04001101381248
"Zn",0.891793604040965
"Zn",0.523450255832975
"Zn",0.564724671482506
"Zn",0.550604270494361
"Zn",0.394745227168443
"Zn",0.0324461903398779
"Zn",1.07333432799438
"Zn",0.877220075117559
"Zn",0.619216517805519
"Zn",0.267267990789451
"Zn",1.01861866945927
"Zn",0.493944831524075
"Zn",0.72966399409154
"Zn",0.768640277102292
"Zn",0.854746150417771
"Zn",0.26031909423407
"Zn",0.464410256859088
"Zn",0.82414639054365
"Zn",0.559027794413234
"Zn",0.793362903025236
"Zn",0.599218022519163
"Zn",0.982602925523717
"Zn",0.949196644308229
"Zn",0.8905844997596
"Zn",0.547626064019602
"Zn",0.533302223666993
"Zn",0.817230869962479
"Zn",0.391324328941575
"Zn",0.334472976214408
"Zn",0.992722239804567
"Zn",0.799436342655569
"Zn",0.956347773690913
"Zn",0.473485377834391
"Zn",0.948082865288259
"Zn",0.660716116964352
"Zn",0.767190947142931
"Zn",0.739001987879776
"Zn",0.467735107117092
"Zn",1.03937136075952
"Zn",0.753298295403781
"Zn",0.506804896865209
"Zn",0.67759908527413
"Zn",0.613127834732588
"Zn",0.813133114814371
"Zn",0.495467365726956
"Zn",0.594754420955955
"Zn",1.15862552427222
"Zn",0.802978141883443
"Zn",1.01498134517238
"Zn",0.828171897879181
"Zn",0.639771303160023
"Zn",0.867416403344154
"Zn",0.441759093152626
"Zn",0.454794842794709
"Zn",0.919076275888049
"Zn",0.253869953890054
"Zn",1.07526211545621
"Zn",0.004
"Zn",0.286192540209551
"Zn",1.04501540773795
"Zn",0.762953024247884
"Zn",0.719614031016229
"Zn",0.730509598631114
"Zn",0.673739608926045
"Zn",1.22526197749634
"Zn",0.451298456700707
"Zn",1.01244481317208
"Zn",0.454964213378928
"Zn",0.766042033225639
"Zn",0.698988355779615
"Zn",0.882103078871819
"Zn",0.775252700979665
"Zn",0.737897281010626
"Zn",0.353261868617872
"Zn",0.895593252283534
"Zn",0.293333046255711
"Zn",0.824687086124095
"Zn",1.03355328300562
"Zn",0.793151505346779
"Zn",0.617759755302494
"Zn",0.466798992181504
"Zn",0.744201163962125
"Zn",0.985443176035156
"Zn",0.874559045314018
"Zn",0.476379504332068
"Zn",1.00953930197851
"Zn",0.618686572683189
"Zn",0.548792401178125
"Zn",0.536503523069425
"Zn",0.932640694441165
"Zn",0.708192780262642
"Zn",0.920807020838884
"Zn",1.41961916729193
"Zn",0.466592297540758
"Zn",0.676403079799929
"Zn",0.799059937101312
"Zn",0.656671871800336
"Zn",0.383793073277902
"Zn",0.80347822193131
"Zn",1.03585824064112
"Zn",0.685907420078654
"Zn",0.967185073557075
"Zn",0.649735998952048
"Zn",0.980098323179435
"Zn",1.2521119423735
"Zn",0.68629958768049
"Zn",1.12430780608045
"Zn",0.703684638831659
"Zn",0.731537369380304
"Zn",0.588011589414238
"Zn",0.599450013582751
"Zn",1.06637861181553
"Zn",1.04317710802399
"Zn",0.823251507384778
"Zn",0.660111184740431
"Zn",1.01978833937843
"Zn",0.70482858869483
"Zn",0.076972112835268
"Zn",1.15516994943909
"Zn",0.810917909777013
"Zn",0.332917578172549
"Zn",0.814958289126199
"Zn",0.685210848747127
"Zn",0.324675163654788
"Zn",0.911574304235882
"Zn",1.0121442497032
"Zn",0.75791281351371
"Zn",0.999103479619753
"Zn",0.747546256691452
"Zn",0.226526075449543
"Zn",0.660083811824353
"Zn",0.931838856790017
"Zn",0.747372317094032
"Zn",0.554851424340186
"Zn",0.704148403610402
"Zn",0.468317612233269
"Zn",0.641624560870544
"Zn",0.302825206701668
"Zn",0.647044099799837
"Zn",0.835341414682942
"Zn",0.621935562027693
"Zn",0.912140403192579
"Zn",0.780150768044794
"Zn",0.847367894513035
"Zn",0.726400464075862
"Zn",0.914230837374901
"Zn",0.463057144666203
"Zn",0.907352711942433
"Zn",0.731493359384736
"Zn",0.528497757997181
"Zn",1.06808247950794
"Zn",0.980173046275134
"Zn",0.799220767043925
"Zn",0.648064203042884
"Zn",1.11712573891362
"Zn",0.897525200381819
"Zn",0.762109856708652
"Zn",0.568348453896079
"Zn",0.532085397951231
"Zn",0.866775380892868
"Zn",0.262165972884209
"Zn",0.868577793855591
"Zn",0.715146652791363
"Zn",1.21492033831793
"Zn",1.13583914760543
"Zn",0.56003692400435
"Zn",0.916479589084247
"Zn",1.08877843953642
"Zn",0.728420402859852
"Zn",0.335047298208692
"Zn",0.95759684653501
"Zn",0.411241754783413
"Zn",0.722440707815977
"Zn",0.802332733917505
"Zn",0.756343297067315
"Zn",0.546529831338225
"Zn",1.02513330211318
"Zn",0.279203180261255
"Zn",0.794040114084546
"Zn",0.931660636190161
"Zn",0.848999850888798
"Zn",0.942223791526671
"Zn",0.989765382764573
"Zn",0.808986009124976
"Zn",0.990287628583119
"Zn",0.581307427827765
"Zn",1.01964811108646
"Zn",0.937237708673696
"Zn",0.889591672481057
"Zn",0.509929055343107
"Zn",0.775104619577601
"Zn",0.483316219738802
"Zn",0.942426164067471
"Zn",0.378593282264886
"Zn",0.528736596202417
"Zn",1.03606122488224
"Zn",0.26429390136108
"Zn",0.779438589350702
"Zn",0.459566724776532
"Zn",0.848875737224217
"Zn",1.26140969240865
"Zn",0.8588058152454
"Zn",0.894067666266104
"Zn",0.866754535475269
"Zn",1.01711803324487
"Zn",0.751394675137016
"Zn",0.789957609594665
"Zn",0.538822151838892
"Zn",0.36508065196353
"Zn",0.527155127655094
"Zn",0.798274029089948
"Zn",0.368697769323123
"Zn",0.938751441907401
"Zn",0.640532442242815
"Zn",0.570803827387935
"Zn",0.819492424282616
"Zn",0.618692819136453
"Zn",0.821525441968853
"Zn",0.521624420229664
"Zn",0.65001196912988
"Zn",0.71316645526542
"Zn",0.796650686128392
"Zn",0.927698400502064
"Zn",0.22546697315318
"Zn",0.836799165437763
"Zn",0.894010838506018
"Zn",0.550522344127007
"Zn",0.682505172899053
"Zn",0.760005789001917
"Zn",0.743970501355243
"Zn",0.225930879793356
"Zn",0.807493865025542
"Zn",0.755702057546524
"Zn",0.737795766030091
"Zn",0.804670958121662
"Zn",1.14601942402169
"Zn",0.748337412120216
"Zn",0.508747026741391
"Zn",0.495946035078114
"Zn",0.720918150407386
"Zn",0.819001202605012
"Zn",1.10239200785412
"Zn",0.57089358169173
"Zn",0.780887196591827
"Zn",0.825094215732742
"Zn",0.48893623789234
"Zn",0.346951970674724
"Zn",0.958478574281833
"Zn",0.881928718422417
"Zn",0.80259828003094
"Zn",0.563909032890429
"Zn",0.783735321813856
"Zn",0.640064583101524
"Zn",1.25838759503225
"Zn",0.46773727886997
"Zn",0.975662704011884
"Zn",0.582340395656675
"Zn",0.391122344996225
"Zn",0.004
"Zn",0.623735579722215
"Zn",1.20979415785597
"Zn",0.881480837061483
"Zn",0.373813006878943
"Zn",1.20878053266312
"Zn",0.591462808931263
"Zn",0.729157295330283
"Zn",0.56484408255682
"Zn",0.950993417111742
"Zn",0.754592202877252
"Zn",0.698058578493456
"Zn",0.401983992611263
"Zn",0.744212594326318
"Zn",0.687750950964564
"Zn",0.745704365362174
"Zn",0.907536259888234
"Zn",0.918864997760963
"Zn",0.843865906411588
"Zn",0.929008139194671
"Zn",0.703885302943288
"Zn",0.759027538029312
"Zn",0.972987877582327
"Zn",0.442158274295302
"Zn",0.549489060821026
"Zn",0.491797165301952
"Zn",0.004
"Zn",0.598016902498612
"Zn",0.596009115841071
"Zn",0.358057196435469
"Zn",0.750951784398678
"Zn",0.680949749351479
"Zn",1.04282800004377
"Zn",0.952122184499742
"Zn",0.877306873736545
"Zn",0.888024043741161
"Zn",1.24427857674025
"Zn",0.28051125093444
"Zn",0.604696425252317
"Zn",0.66783166404214
"Zn",1.01125585043817
"Zn",0.620233795846845
"Zn",0.87471493565438
"Zn",1.18706228664416
"Zn",0.871816250977184
"Zn",0.569859603889762
"Zn",0.749623788951374
"Zn",0.60796205153305
"Zn",0.807420402171626
"Zn",0.909971103688467
"Zn",0.641227277409352
"Zn",0.767995295144383
"Zn",0.612862971683087
"Zn",0.25611786097001
"Zn",0.73200572766043
"Zn",0.641310675806792
"Zn",0.780484044306301
"Zn",0.699066806685194
"Zn",0.961417686515647
"Zn",0.834983395462132
"Zn",0.893299749685387
"Zn",0.44617601583197
"Zn",0.769606957504739
"Zn",0.680624043513408
"Zn",0.76462497554167
"Zn",0.78430681560302
"Zn",0.959714948568345
"Zn",0.693665986086693
"Zn",1.07016386043399
"Zn",0.850738054537243
"Zn",0.736044857703084
"Zn",0.866588972426891
"Zn",0.407319615199572
"Zn",0.497237983355298
"Zn",1.23296465555218
"Zn",0.938766202647466
"Zn",0.45913679017725
"Zn",0.229026802257948
"Zn",0.650320352303733
"Zn",0.71130395717702
"Zn",0.862350400132269
"Zn",0.672695114669765
"Zn",0.71787170792391
"Zn",0.52460991581731
"Zn",0.532365209971595
"Zn",1.03797014098459
"Zn",0.77648484121039
"Zn",0.969520964595773
"Zn",0.714278459095384
"Zn",0.842265902059391
"Zn",0.794792668428295
"Zn",0.862154290599231
"Zn",0.783745949697886
"Zn",0.938707243760172
"Zn",0.314998618187841
"Zn",0.793846582311722
"Zn",1.00383585179434
"Zn",0.761019590415492
"Zn",0.792285221722852
"Zn",0.843286868024034
"Zn",0.857949327597748
"Zn",0.382208997929126
"Zn",0.731690639346507
"Zn",0.647830578880622
"Zn",0.856818805454817
"Zn",0.822065789332968
"Zn",0.84854332015798
"Zn",0.375687986737364
"Zn",0.975205574473593
"Zn",1.12475623533933
"Zn",0.476352424476995
"Zn",0.447393808443415
"Zn",1.24553509289409
"Zn",0.313212369568655
"Zn",0.790521138111663
"Zn",0.126216669407254
"Zn",1.10544575616427
"Zn",0.478744841658563
"Zn",0.992453904468712
"Zn",0.750592394002082
"Zn",0.706998927645125
"Zn",0.523450066489497
"Zn",0.362252243047206
"Zn",1.25077260167135
"Zn",0.525465271389224
"Zn",0.271602009563486
"Zn",0.838987036499415
"Zn",0.983912623676696
"Zn",1.03860560443218
"Zn",0.329812792528567
"Zn",0.410095520547985
"Zn",0.659150489827056
"Zn",0.632665920065362
"Zn",0.693537764092735
"Zn",0.630333617474463
"Zn",0.786067007110773
"Zn",0.863374060196637
"Zn",0.969602926764155
"Zn",0.80238877665047
"Zn",0.800328306626316
"Zn",0.716817212034165
"Zn",0.747332435995919
"Zn",0.815928774817856
"Zn",0.944209598275011
"Zn",0.809157130626766
"Zn",0.850400722141317
"Zn",1.00575801887374
"Zn",0.241080467731891
"Zn",0.538332088014717
"Zn",0.00408643753782707
"Zn",0.830262132455112
"Zn",0.936025129116008
"Zn",0.82878480678394
"Zn",1.13830124828928
"Zn",0.409622675577061
"Zn",0.004
"Zn",0.543085992623069
"Zn",0.004
"Zn",0.680776668446701
"Zn",0.654656657957854
"Zn",0.910959611919581
"Zn",1.05364178947064
"Zn",0.580570507211811
"Zn",0.467495184717408
"Zn",0.638367049902634
"Zn",0.66074314186831
"Zn",1.136863018977
"Zn",0.818694814964292
"Zn",0.616921715836098
"Zn",1.08722295963334
"Zn",0.288033128619494
"Zn",0.716454420873439
"Zn",0.767040048931013
"Zn",0.863158819093871
"Zn",0.890431814652303
"Zn",0.535778996559576
"Zn",1.24419162296722
"Zn",0.6578518490382
"Zn",0.604636264442408
"Zn",0.548947875371787
"Zn",0.871364833165255
"Zn",1.21699891278646
"Zn",0.695294136117617
"Zn",0.55220114096279
"Zn",0.615285294151387
"Zn",0.369798532756334
"Zn",0.332351343327644
"Zn",0.666691891127714
"Zn",0.761568021299809
"Zn",0.246504270375865
"Zn",0.962295277068609
"Zn",0.753533250378947
"Zn",0.409627860101107
"Zn",0.996023908030823
"Zn",0.808857709465035
"Zn",0.682362810046698
"Zn",0.817120960148749
"Zn",1.14376284164638
"Zn",0.41789010496504
"Zn",0.933151563756996
"Zn",0.954726887158103
"Zn",0.998455245045186
"Zn",1.00666102169694
"Zn",0.517427747000486
"Zn",0.583459732235819
"Zn",0.70717965842123
"Zn",0.633259950018318
"Zn",1.12461964530492
"Zn",0.956193330259094
"Zn",0.854044034217539
"Zn",0.58496437379651
"Zn",0.629960202925445
"Zn",0.784620404465572
"Zn",1.19121430493553
"Zn",0.848027986840106
"Zn",0.612877636010128
"Zn",0.531079629697943
"Zn",0.609594469650132
"Zn",0.30608257847314
"Zn",0.265024484825767
"Zn",1.08547514343456
"Zn",0.790039244311979
"Zn",0.84090589285554
"Zn",1.10491491730219
"Zn",0.716526287315888
"Zn",0.795742385864574
"Zn",0.711861081477873
"Zn",1.0005004334997
"Zn",0.826515008770279
"Zn",0.559109612574479
"Zn",1.23245686037483
"Zn",0.600794664851829
"Zn",0.885441828377574
"Zn",0.122817209861828
"Zn",0.661693008459126
"Zn",0.436639498728802
"Zn",0.202448796865416
"Zn",0.530986119880439
"Zn",0.0987107270042254
"Zn",0.826101564692668
"Zn",0.543300417100715
"Zn",1.17112363776228
"Zn",0.730402101658452
"Zn",0.899920299598689
"Zn",0.88149842101054
"Zn",0.736071310786707
"Zn",0.876910067131946
"Zn",0.930236052114388
"Zn",0.735864199783616
"Zn",0.891905102931586
"Zn",1.13116091517105
"Zn",0.947890366851952
"Zn",0.826202736295758
"Zn",0.173755895079724
"Zn",0.461448677802682
"Zn",0.924330461950933
"Zn",0.650577483714523
"Zn",0.244962678122444
"Zn",0.64514112105983
"Zn",0.810173600447312
"Zn",0.896050243164557
"Zn",0.578454065852243
"Zn",0.858020857312533
"Zn",0.004
"Zn",0.556332271425658
"Zn",0.265191267938408
"Zn",1.21961324286452
"Zn",0.966707146721982
"Zn",0.713821075360108
"Zn",0.496844879317672
"Zn",0.940356368728626
"Zn",0.966083776087375
"Zn",0.635264423457679
"Zn",0.696283095560301
"Zn",0.612338220433315
"Zn",0.94688912007079
"Zn",0.568358765889256
"Zn",1.20121305152728
"Zn",0.842570610148232
"Zn",0.692499971148608
"Zn",0.889436151912491
"Zn",1.06746305913521
"Zn",0.869678408755041
"Zn",0.414373951417718
"Zn",0.773587121672328
"Zn",0.903379116936323
"Zn",1.04769685732886
"Zn",0.28033475474547
"Zn",0.808174999019273
"Zn",1.26539984827972
"Zn",0.993949004511497
"Zn",0.552629830615386
"Zn",1.04100807767659
"Zn",0.909809489042804
"Zn",1.09348383523635
"Zn",0.748053345577652
"Zn",0.707454750672774
"Zn",0.735836997751344
"Zn",0.433453434858535
"Zn",1.15339895192332
"Zn",0.637069127168773
"Zn",0.688034921186634
"Zn",0.618411120434132
"Zn",0.68219620201966
"Zn",0.747986534865699
"Zn",0.787073347186312
"Zn",0.464549584819733
"Zn",0.615500958966402
"Zn",0.802761638387958
"Zn",0.86280934567161
"Zn",0.406096829233675
"Zn",0.89973334543722
"Zn",1.11659055796604
"Zn",0.874821899227133
"Zn",0.709625196426593
"Zn",0.574871191024962
"Zn",0.752321828086049
"Zn",1.01427390172046
"Zn",0.770677536679366
"Zn",0.735041904018121
"Zn",0.857384667652629
"Zn",0.716485378901002
"Zn",0.787548575847971
"Zn",0.815385597916084
"Zn",0.452540778925951
"Zn",0.611665873888793
"Zn",0.894509039484173
"Zn",0.398335982811031
"Zn",0.453404972838089
"Zn",0.851409117962215
"Zn",0.735151662702353
"Zn",0.746763145755576
"Zn",0.446627765726209
"Zn",0.948150937791202
"Zn",0.513500254981146
"Zn",0.577522203496819
"Zn",0.800338351772152
"Zn",0.620500459738555
"Zn",1.11010703639939
"Zn",0.422944341504222
"Zn",0.950875925000593
"Zn",0.732404444382709
"Zn",0.492276087637122
"Zn",0.848703334377068
"Zn",0.675739263297888
"Zn",0.892633199584461
"Zn",1.0563043238157
"Zn",0.783229035111218
"Zn",0.892735198818866
"Zn",0.529323354703051
"Zn",0.813643910044975
"Zn",1.59421129682322
"Zn",0.004
"Zn",0.621335323585621
"Zn",0.821046484650822
"Zn",1.1270764390487
"Zn",1.01542779915263
"Zn",0.8128969803967
"Zn",0.674417668742419
"Zn",0.68045746421066
"Zn",1.13192350501795
"Zn",0.900702226561924
"Zn",0.897415396618428
"Zn",1.0477200576426
"Zn",0.89337383464157
"Zn",0.521776796190382
"Zn",1.06057324740412
"Zn",0.990833234731145
"Zn",0.699868898005698
"Zn",0.594215695762732
"Zn",0.863501674136528
"Zn",1.10681231304048
"Zn",0.004
"Zn",0.533903145246628
"Zn",0.849477258802676
"Zn",0.515636287093572
"Zn",0.826922456938814
"Zn",1.07766799762524
"Zn",0.849731743490019
"Zn",1.03471427587711
"Zn",0.921428219118461
"Zn",0.668925547769794
"Zn",0.538959078589379
"Zn",0.981600071014562
"Zn",0.946946112729919
"Zn",1.27781128201962
"Zn",0.755365005316271
"Zn",0.635774285564318
"Zn",0.826878870224163
"Zn",0.722668385339492
"Zn",0.637058146844663
"Zn",0.118535361027889
"Zn",0.496983161912653
"Zn",0.542905796711693
"Zn",0.52078868351762
"Zn",0.793821565023614
"Zn",1.01241247182085
"Zn",1.04652432872708
"Zn",0.816072950775511
"Zn",0.740366728159794
"Zn",1.0934684017721
"Zn",0.436183847468947
"Zn",0.928788168415242
"Zn",0.793645417161578
"Zn",0.608790509339072
"Zn",0.799867324397422
"Zn",0.928974476674104
"Zn",0.974348608309028
"Zn",0.68650231743509
"Zn",0.639639255243425
"Zn",0.579887905613722
"Zn",0.73614383756296
"Zn",0.842674838084721
"Zn",0.41985514823946
"Zn",0.730380342631024
"Zn",0.0615959970917727
"Zn",0.465073324821186
"Zn",1.01301858344139
"Zn",0.610727451670091
"Zn",0.653874312496751
"Zn",0.86942895120439
"Zn",0.75904563984616
"Zn",0.725047805060823
"Zn",0.758940026434327
"Zn",0.658283248123146
"Zn",1.04588382854276
"Zn",1.18832261392504
"Zn",0.627981665702055
"Zn",0.132271326995944
"Zn",0.891198678027417
"Zn",0.84666949524644
"Zn",0.63193932715558
"Zn",0.661113775766653
"Zn",0.782929834570821
"Zn",0.568575821296886
"Zn",0.004
"Zn",0.655308011997815
"Zn",0.55935017398519
"Zn",0.368866091700597
"Zn",0.660838880306386
"Zn",0.717351572798854
"Zn",0.950338804334409
"Zn",1.22812568229368
"Zn",0.803578734622292
"Zn",0.676026707847138
"Zn",0.642064539164458
"Zn",1.01149811338387
"Zn",0.703298337513341
"Zn",0.714599986819094
"Zn",0.601228082858409
"Zn",0.513235994357744
"Zn",0.620243180694554
"Zn",0.695921552337144
"Zn",0.795709895279603
"Zn",1.34234380036304
"Zn",0.40729165103772
"Zn",0.666913446360044
"Zn",0.938360879552577
"Zn",0.80427640696567
"Zn",0.883145820629972
"Zn",0.363306915996771
"Zn",1.19857262390306
"Zn",0.869293868133281
"Zn",0.809486185329089
"Zn",0.684903182365064
"Zn",0.727552159915071
"Zn",1.09825098322209
"Zn",0.680735724422002
"Zn",0.879437314844551
"Zn",0.762045773276437
"Zn",0.424320833106995
"Zn",0.732434001579645
"Zn",0.165686940443901
"Zn",0.785359681481368
"Zn",0.850097883805202
"Zn",0.004
"Zn",0.727490199039513
"Zn",1.0553251786115
"Zn",0.680694787410088
"Zn",0.671371337707479
"Zn",1.073679751208
"Zn",0.927830433455355
"Zn",0.497565945400525
"Zn",0.984522887999599
"Zn",0.100655573008634
"Zn",0.644634526580983
"Zn",0.700113715295964
"Zn",0.507708725453484
"Zn",0.867856461917665
"Zn",1.23074372433984
"Zn",0.858025770528264
"Zn",1.1030400033949
"Zn",0.809593023163212
"Zn",0.763139007857602
"Zn",0.004
"Zn",0.821067711558976
"Zn",0.679672453202492
"Zn",0.788692489174223
"Zn",0.762213313160126
"Zn",0.549568444635735
"Zn",0.883825825235164
"Zn",0.406530383769585
"Zn",0.915475163008704
"Zn",0.769090749306191
"Zn",0.762569433404816
"Zn",0.539506435246613
"Zn",0.836630562698919
"Zn",1.1394369290889
"Zn",0.738455777015754
"Zn",0.545581068060974
"Zn",0.858522239475652
"Zn",0.92623817749063
"Zn",0.853160387031226
"Zn",1.1329665008187
"Zn",0.976933899254957
"Zn",0.836753230784322
"Zn",0.332373357405818
"Zn",1.08573484907942
"Zn",0.71224888058457
"Zn",0.506025092532384
"Zn",0.315939759700971
"Zn",0.944660989805895
"Zn",0.953531072306713
"Zn",0.992002461294137
"Zn",0.596038227612993
"Zn",0.711021619062606
"Zn",0.874673425368994
"Zn",0.602856977111983
"Zn",1.06430429219937
"Zn",0.412020594618263
"Zn",0.563530622158004
"Zn",0.918304771446826
"Zn",0.707941426202512
"Zn",0.868595596161821
"Zn",0.924403851837899
"Zn",0.923581128185595
"Zn",0.608731425483362
"Zn",0.793628692936889
"Zn",1.03693815411833
"Zn",0.787038470544303
"Zn",0.883110532003381
"Zn",1.0705499859821
"Zn",0.920590243603268
"Zn",0.411688355490118
"Zn",0.510226367636663
"Zn",1.30406391226397
"Zn",0.681726263754796
"Zn",0.783251400517865
"Zn",0.964580203110198
"Zn",0.612988620681209
"Zn",0.976507378007755
"Zn",0.812494300107928
"Zn",0.887960668601953
"Zn",0.88508470467461
"Zn",0.74537760299762
"Zn",0.330668475064381
"Zn",0.79218387802473
"Zn",0.860433695121982
"Zn",0.57477427990064
"Zn",0.168754969575852
"Zn",1.14312303403987
"Zn",0.691282110253687
"Zn",0.729742654012169
"Zn",0.999986163631256
"Zn",1.28010804938494
"Zn",0.565549887505581
"Zn",0.734594285309622
"Zn",0.732814847331734
"Zn",0.882069576305726
"Zn",1.02166823623
"Zn",0.742370138267912
"Zn",0.83171477504077
"Zn",0.872087391759362
"Zn",0.972189646668227
"Zn",0.92926809089184
"Zn",0.512870073339972
"Zn",1.10138132204794
"Zn",0.606761968689438
"Zn",0.527419400315375
"Zn",1.00133247348429
"Zn",0.745390609804636
"Zn",0.712371717524247
"Zn",0.723907573086178
"Zn",0.926170217886152
"Zn",0.471660499632999
"Zn",0.440251675040344
"Zn",0.717419009224225
"Zn",0.891975823726366
"Zn",0.958045115244457
"Zn",0.771262112948363
"Zn",0.446087636235071
"Zn",0.966501171280889
"Zn",1.11513079725356
"Zn",0.998264284922434
"Zn",0.957333559562718
"Zn",0.863620794873044
"Zn",0.836196626360163
"Zn",0.732674056579478
"Zn",0.866201192180604
"Zn",0.738110348846488
"Zn",0.70598719963993
"Zn",0.531627794579211
"Zn",0.690094925147307
"Zn",0.887057269324523
"Zn",0.723099041299257
"Zn",0.273236509303288
"Zn",0.862714196232274
"Zn",0.742393604712744
"Zn",0.927241395813941
"Zn",0.368997946658231
"Zn",0.155065619478462
"Zn",0.857842957770759
"Zn",0.561765022412594
"Zn",0.728304056734683
"Zn",0.900204197201913
"Zn",0.572028395182066
"Zn",0.750189143977268
"Zn",0.907924705514378
"Zn",0.978873398615622
"Zn",0.416942530742918
"Zn",1.37158010697669
"Zn",0.98561954977903
"Zn",0.920549599192569
"Zn",0.429245249245336
"Zn",0.780054874828637
"Zn",1.14958839261067
"Zn",0.398438950422214
"Zn",0.929709751191977
"Zn",0.185514940189352
"Zn",0.968173434169254
"Zn",0.737001668347361
"Zn",0.849217443259585
"Zn",0.765589061845016
"Zn",0.697497003226019
"Zn",0.300523426839623
"Zn",0.765161538382241
"Zn",0.004
"Zn",0.881210533446993
"Zn",0.485234835857032
"Zn",0.586041157901895
"Zn",0.665028254632692
"Zn",0.770006402184259
"Zn",0.962080029043644
"Zn",0.905041143148008
"Zn",1.15091170315043
"Zn",0.904035358517525
"Zn",0.992666257288553
"Zn",0.552735848081523
"Zn",0.507500887272664
"Zn",0.537794303261987
"Zn",0.816185772605351
"Zn",0.442511091205202
"Zn",0.696068719727506
"Zn",0.560874400736973
"Zn",1.02463090772487
"Zn",0.711635461839241
"Zn",1.30176549114015
"Zn",0.851797486062114
"Zn",0.913842415470947
"Zn",0.829076390275562
"Zn",0.248537350942718
"Zn",0.522787348300054
"Zn",0.631102594217398
"Zn",0.590716877474504
"Zn",0.730466149099451
"Zn",0.527826223598312
"Zn",0.541216642258438
"Zn",0.820541450842565
"Zn",0.612558260327793
"Zn",0.711355673775325
"Zn",0.984842875512622
"Zn",0.655010824960527
"Zn",0.799493370370824
"Zn",0.547980686909655
"Zn",0.893329385270121
"Zn",0.884017504849659
"Zn",0.004
"Zn",0.793289851494197
"Zn",0.585706781594307
"Zn",1.24539076752268
"Zn",1.14886618961897
"Zn",0.646847158359483
"Zn",0.808215335026529
"Zn",0.788576023126719
"Zn",0.801403765884983
"Zn",0.517091538108207
"Zn",0.935818568284533
"Zn",0.534237878580993
"Zn",0.701401478631206
"Zn",0.610230676241703
"Zn",0.946054704692758
"Zn",0.807243176423582
"Zn",0.409916987942879
"Zn",0.799364922843078
"Zn",0.968437420426151
"Zn",0.9065834246066
"Zn",0.727221865463742
"Zn",0.611424188430219
"Zn",0.40744512798584
"Zn",0.94562534602831
"Zn",0.344263081246167
"Zn",1.09613468935125
"Zn",0.726293163881937
"Zn",0.839050086051708
"Zn",0.347024636532777
"Zn",0.6791947440437
"Zn",0.390690324055541
"Zn",0.798205011970995
"Zn",1.06540201219879
"Zn",0.790108464421399
"Zn",0.513510541705387
"Zn",0.536881108836451
"Zn",0.961336346554298
"Zn",0.520362851146764
"Zn",0.588451308900184
"Zn",0.704597641127257
"Zn",0.933314707770304
"Zn",0.43041016750225
"Zn",0.912438446633975
"Zn",0.449130845893934
"Zn",0.982258668488099
"Zn",0.839956905601828
"Zn",0.920101147895066
"Zn",0.925375718569061
"Zn",0.596357060158587
"Zn",0.978526067202918
"Zn",0.949771477802199
"Zn",0.41188978576402
"Zn",1.10005216414407
"Zn",1.09925363457143
"Zn",0.806583198076197
"Zn",0.752160733132657
"Zn",0.887063431531226
"Zn",0.933121865754646
"Zn",1.09519895493996
"Zn",0.667783001593726
"Zn",0.698295428819174
"Zn",0.423688001408694
"Zn",0.442923053676384
"Zn",0.396027330067648
"Zn",0.336462115085832
"Zn",0.742305332816668
"Zn",0.872897775346705
"Zn",1.01618165414789
"Zn",0.891860032296633
"Zn",0.770372127555757
"Zn",0.590851548702756
"Zn",1.23198249494521
"Zn",1.11857172434643
"Zn",0.316721971529665
"Zn",0.544702488211836
"Zn",0.863205793928502
"Zn",0.50611935709857
"Zn",0.707573194848082
"Zn",0.575963896810252
"Zn",0.445562076778843
"Zn",1.28484965278743
"Zn",0.583014202381391
"Zn",0.866904090803378
"Zn",0.644034098453057
"Zn",0.866133150306947
"Zn",0.307251675558016
"Zn",0.933340720405429
"Zn",0.534943643522866
"Zn",0.58752138158171
"Zn",0.696023961143786
"Zn",0.684441822511619
"Zn",0.896536106379451
"Zn",0.431063297135204
"Zn",0.300261112421933
"Zn",1.13150921340089
"Zn",0.899270330543403
"Zn",0.838947565160842
"Zn",0.270163612976054
"Zn",0.46735395102815
"Zn",0.100117012648795
"Zn",0.442940240095138
"Zn",0.721538531016506
"Zn",0.762851232345844
"Zn",0.869518547467278
"Zn",0.405387821812564
"Zn",1.42111182979463
"Zn",0.482210239875243
"Zn",0.700810982398001
"Zn",0.656151290997715
"Zn",1.16251700173066
"Zn",0.9203161537991
"Zn",0.879170139942337
"Zn",0.512018103436504
"Zn",0.509597555836957
"Zn",0.608906401891842
"Zn",1.09261675068378
"Zn",0.25765025338895
"Zn",0.672049029931604
"Zn",1.64058032614966
"Zn",0.928854028722037
"Zn",0.754281430836878
"Zn",0.882719271470535
"Zn",0.88786959910791
"Zn",0.717665675698597
"Zn",0.598618215341338
"Zn",0.89728254787519
"Zn",0.941032838880354
"Zn",0.801945516119401
"Zn",1.11789785320454
"Zn",0.004
"Zn",0.799248751951387
"Zn",0.470417663808745
"Zn",0.800930957686922
"Zn",0.819065163128628
"Zn",0.471639489352118
"Zn",0.87752364185784
"Zn",1.06996498338486
"Zn",1.13520905682686
"Zn",0.553852814402053
"Zn",0.736686769883356
"Zn",0.83876985541595
"Zn",0.62879868838215
"Zn",0.808178529251454
"Zn",1.03466316629516
"Zn",0.196288045488657
"Zn",0.944720895187243
"Zn",0.477713954939769
"Zn",0.552247698085099
"Zn",0.98750328168297
"Zn",0.638667655128096
"Zn",0.944656120493086
"Zn",0.622899056253078
"Zn",0.624852584706815
"Zn",0.773526974090699
"Zn",1.22020345864928
"Zn",0.73965951479839
"Zn",0.794796641565402
"Zn",0.811986584867678
"Zn",0.395868909406812
"Zn",1.19966728625237
"Zn",0.693269392578989
"Zn",0.932358109364978
"Zn",0.973495191207403
"Zn",0.735522875785009
"Zn",0.827024494784779
"Zn",0.758612654937931
"Zn",1.19021369107178
"Zn",0.103711990652995
"Zn",0.619614329256455
"Zn",0.902389859509424
"Zn",0.674170397448605
"Zn",0.848982429224522
"Zn",1.25524131929753
"Zn",0.961897315833235
"Zn",0.801311609228421
"Zn",0.800657115801634
"Zn",0.79948935694806
"Zn",0.654875004273474
"Zn",0.944990488101833
"Zn",0.410389757549138
"Zn",0.298155808501359
"Zn",0.93632451814012
"Zn",1.0808043432796
"Zn",0.800197755845258
"Zn",0.951690636478528
"Zn",1.06289985598008
"Zn",0.714275723004791
"Zn",0.964748789638963
"Zn",0.6158985200288
"Zn",0.896077449452632
"Zn",1.03894763391933
"Zn",0.810193229489875
"Zn",0.877701539833971
"Zn",0.849799339485916
"Zn",0.666637529108762
"Zn",0.868320704090649
"Zn",1.21920833256179
"Zn",0.441751955696571
"Zn",0.633558304029635
"Zn",1.17125358369122
"Zn",1.10960051416791
"Zn",0.450698442551548
"Zn",0.530657944987101
"Zn",0.712558987645273
"Zn",1.24251840186328
"Zn",0.739613285937792
"Zn",0.79443488693005
"Zn",0.253081514012284
"Zn",0.754974442344893
"Zn",0.715076944907428
"Zn",0.952070185882483
"Zn",0.993144779672006
"Zn",0.843738311234515
"Zn",0.68045480068079
"Zn",0.596926676184091
"Zn",0.941678271097082
"Zn",0.543830637685762
"Zn",1.05344018758632
"Zn",0.879725346155873
"Zn",0.759522259559673
"Zn",0.446275439384216
"Zn",0.334254346958549
"Zn",0.840736557681068
"Zn",1.33784613206846
"Zn",0.683484715411669
"Zn",0.908940651747021
"Zn",1.0520130042068
"Zn",0.538740134925533
"Zn",1.01900548144474
"Zn",0.834585072164684
"Zn",0.951781281319145
"Zn",1.01161345527231
"Zn",0.68377307835711
"Zn",1.16188782879093
"Zn",0.398702418249541
"Zn",0.579942409334442
"Zn",0.590509013739808
"Zn",0.936665133530653
"Zn",0.471424267344705
"Zn",0.774685098686201
"Zn",0.597448209132546
"Zn",0.775869384677036
"Zn",1.02587223093948
"Zn",1.0851118553979
"Zn",0.77019996936313
"Zn",0.004
"Zn",1.09391579592164
"Zn",0.512230709260233
"Zn",0.310219109450275
"Zn",0.708324315514742
"Zn",0.655017060096598
"Zn",0.693920904459471
"Zn",0.431520430568185
"Zn",0.813350240814032
"Zn",0.482821545432187
"Zn",0.738906951142527
"Zn",0.7160557318675
"Zn",0.355933527848971
"Zn",0.922778658226547
"Zn",0.766441258881024
"Zn",0.869147372683406
"Zn",0.764537484361992
"Zn",0.688473315783264
"Zn",0.541129955136482
"Zn",1.00890187663997
"Zn",0.495847897397875
"Zn",1.24704494053408
"Zn",1.26744254752245
"Zn",1.24241761851398
"Zn",0.91400384659107
"Zn",1.02817340445764
"Zn",0.828455199758648
"Zn",0.871754721412143
"Zn",0.948019816109798
"Zn",0.874312006910838
"Zn",0.884118353485225
"Zn",0.636643103337069
"Zn",0.465288083512103
"Zn",0.769908957944344
"Zn",0.966923078517864
"Zn",0.558767549668545
"Zn",0.518104799977805
"Zn",0.931429629685408
"Zn",0.671708195827694
"Zn",0.793868154353288
"Zn",0.678784916303137
"Zn",1.18124581236432
"Zn",0.575789541116575
"Zn",0.653771550496359
"Zn",0.764644641391228
"Zn",0.5458205552878
"Zn",0.865524978738424
"Zn",0.699028466266037
"Zn",0.551182782045036
"Zn",0.808379016000285
"Zn",0.702504420229522
"Zn",1.00463940662347
"Zn",0.61044480246511
"Zn",0.944431699875602
"Zn",1.02522512169793
"Zn",1.09828328817748
"Zn",0.892279641760911
"Zn",0.724619577133766
"Zn",0.873989484604918
"Zn",0.877189325487225
"Zn",0.772707048997609
"Zn",0.70023308824681
"Zn",0.884177019460559
"Zn",0.747558942307902
"Zn",0.398620119522732
"Zn",0.476594079131777
"Zn",0.75477886320882
"Zn",0.926458504138509
"Zn",1.30512215161049
"Zn",0.368909354651419
"Zn",1.07244003121788
"Zn",0.89716488730258
"Zn",0.904714626576452
"Zn",0.671106644552576
"Zn",0.866070499238257
"Zn",0.930007106675492
"Zn",0.56437926815152
"Zn",0.354260086711209
"Zn",0.726817883356139
"Zn",0.405992715621752
"Zn",0.251321060821109
"Zn",0.631979970908122
"Zn",0.805670331661865
"Zn",0.513374209234973
"Zn",0.875337806615993
"Zn",0.682763712925399
"Zn",1.06298787199244
"Zn",1.1706609293153
"Zn",0.955463775549973
"Zn",1.01749094598237
"Zn",0.520908494672313
"Zn",0.616661201971241
"Zn",0.995264615564607
"Zn",0.781769530456002
"Zn",0.739037981831746
"Zn",0.59993541827583
"Zn",0.692220501178954
"Zn",0.548067163420727
"Zn",0.819961063919932
"Zn",0.714608708111565
"Zn",0.788233739645744
"Zn",0.755473005725147
"Zn",0.777768485915458
"Zn",0.79645620144081
"Zn",0.483212729495188
"Zn",1.10087095700116
"Zn",0.24818373742453
"Zn",0.601113938870863
"Zn",1.19856016074079
"Zn",0.711434377062538
"Zn",1.17145333135785
"Zn",0.813990452558916
"Zn",0.508238185833953
"Zn",0.936453677393374
"Zn",0.683945605862538
"Zn",0.694780182835529
"Zn",0.99261763410679
"Zn",0.004
"Zn",1.02647874740628
"Zn",0.888990245183518
"Zn",1.00731539569594
"Zn",0.574665137146797
"Zn",1.0223715499056
"Zn",0.767711877381256
"Zn",0.782264151396884
"Zn",0.510501907262767
"Zn",0.891656812685192
"Zn",0.560101719940709
"Zn",1.04405567414939
"Zn",0.925020678728292
"Zn",0.878009768915793
"Zn",0.772031224818853
"Zn",0.761301875453346
"Zn",0.698767679481641
"Zn",0.917229130056938
"Zn",0.631519452844508
"Zn",1.05296932038073
"Zn",0.527069582309117
"Zn",1.01845919831087
"Zn",0.888211954292642
"Zn",0.701668294162424
"Zn",0.897635743170175
"Zn",1.07310209964125
"Zn",1.02575638205181
"Zn",0.680948517304098
"Zn",0.963753343640502
"Zn",0.627752168054668
"Zn",1.17020131949901
"Zn",0.926551019779968
"Zn",0.688975882690584
"Zn",1.05594776615022
"Zn",0.943185367907591
"Zn",0.984794971939297
"Zn",1.31871962720192
"Zn",1.34152396612876
"Zn",0.811949914651243
"Zn",0.935423309399266
"Zn",0.620033110856583
"Zn",0.851396880665168
"Zn",0.829992216215763
"Zn",0.530537725134809
"Zn",0.723940503744418
"Zn",0.450386301114999
"Zn",0.893295471206993
"Zn",0.841170103707346
"Zn",0.753248554597805
"Zn",0.506288638923339
"Zn",0.830014296881422
"Zn",0.685033492596558
"Zn",0.816432415916457
"Zn",0.507720801958155
"Zn",0.704551128242028
"Zn",1.30117439993454
"Zn",0.786220676523625
"Zn",0.824816098160689
"Zn",0.675488048580542
"Zn",0.699331980229124
"Zn",0.1805858531989
"Zn",0.55801894396068
"Zn",0.699465370874991
"Zn",0.811320294844971
"Zn",0.714389933469084
"Zn",0.669035661320318
"Zn",0.952532955165721
"Zn",0.925933260066447
"Zn",0.754162727002436
"Zn",0.790901978167067
"Zn",0.321914557652031
"Zn",0.5887190251542
"Zn",0.852791695310295
"Zn",0.575496667090974
"Zn",0.722700726929368
"Zn",0.580567689737026
"Zn",0.847247607585795
"Zn",0.671523549049655
"Zn",1.42683525808789
"Zn",0.781125816385887
"Zn",0.425514353555399
"Zn",0.661179725529658
"Zn",0.942506805463438
"Zn",0.95183752411677
"Zn",0.583384840907191
"Zn",0.670647003728322
"Zn",0.919489320463971
"Zn",0.753046469932291
"Zn",0.767743076891601
"Zn",0.691471278439944
"Zn",0.709799524641913
"Zn",0.773146045329176
"Zn",0.778594130235833
"Zn",0.976665168141848
"Zn",1.13327451747893
"Zn",0.964177869922003
"Zn",0.976729774903866
"Zn",0.53998598188071
"Zn",0.387458944259145
"Zn",1.00826909272068
"Zn",1.13623676183106
"Zn",0.848427949317168
"Zn",1.04292192045221
"Zn",0.663009461877843
"Zn",0.785636243640579
"Zn",0.783498385404327
"Zn",0.691345210981211
"Zn",0.845736647996221
"Zn",0.241326459201427
"Zn",0.420141846041199
"Zn",0.447531698359263
"Zn",0.629587161868907
"Zn",0.425947085485765
"Zn",0.787817031184835
"Zn",0.809687658801478
"Zn",1.12734569590453
"Zn",0.45529859926101
"Zn",0.68213269954242
"Zn",0.887929259623395
"Zn",0.797511064154863
"Zn",0.967042176533934
"Zn",1.12340504625919
"Zn",1.12301805129433
"Zn",0.984056668822933
"Zn",0.86543177445847
"Zn",0.71486617685568
"Zn",0.872734847307564
"Zn",0.56122464698885
"Zn",0.524701866460427
"Zn",0.818465449957529
"Zn",0.707297886796853
"Zn",0.82382617789199
"Zn",1.26205449816417
"Zn",0.946786081074737
"Zn",0.0365610644503518
"Zn",0.963870137734018
"Zn",0.872382051826313
"Zn",0.004
"Zn",0.665645289518285
"Zn",0.004
"Zn",0.605102826293311
"Zn",0.894014099703336
"Zn",0.741198359445532
"Zn",1.3500910946894
"Zn",0.775726561179055
"Zn",0.783862881473522
"Zn",0.614688735064663
"Zn",0.364962858292233
"Zn",0.897400558380717
"Zn",0.515819151837229
"Zn",0.548134874031376
"Zn",0.892188931063428
"Zn",0.389259488824226
"Zn",1.34475786206221
"Zn",0.804615440071321
"Zn",0.681920181768509
"Zn",0.741244584494552
"Zn",1.06159810144803
"Zn",0.62516725730585
"Zn",0.622719291505093
"Zn",0.004
"Zn",0.995660731362392
"Zn",0.505529089434736
"Zn",0.665332038995476
"Zn",1.10028452615439
"Zn",0.890287856801472
"Zn",0.834980192450382
"Zn",0.594851910889384
"Zn",1.16298274556581
"Zn",0.910523014374269
"Zn",0.412278041666643
"Zn",0.958303294027217
"Zn",0.925134956737572
"Zn",0.341556987074103
"Zn",1.20266449062737
"Zn",0.90544355773092
"Zn",0.985441583392005
"Zn",0.850025310011733
"Zn",0.984976317550584
"Zn",0.879852114104978
"Zn",0.429450905675837
"Zn",1.3019281938469
"Zn",0.919828411335879
"Zn",1.13974942454507
"Zn",0.923650869446513
"Zn",0.975140756905444
"Zn",0.905316056286622
"Zn",0.762704027593246
"Zn",0.741581174035319
"Zn",0.658604013901034
"Zn",0.780091348021259
"Zn",0.921502600048051
"Zn",0.297896332432733
"Zn",0.564176663633719
"Zn",0.897573200033811
"Zn",0.616147421468736
"Zn",0.716033230041779
"Zn",1.15617853064748
"Zn",0.634253197929234
"Zn",0.799310103035963
"Zn",0.809338428069474
"Zn",0.788769336235581
"Zn",0.718722771073557
"Zn",0.004
"Zn",0.921458587659199
"Zn",0.634316914366071
"Zn",0.872368854000437
"Zn",0.887460888082835
"Zn",0.767962814199529
"Zn",0.872698055547012
"Zn",0.83090100678084
"Zn",0.887982273021713
"Zn",0.773041477804821
"Zn",0.4224689921096
"Zn",1.00463104115896
"Zn",0.839471917107373
"Zn",0.468144060162723
"Zn",0.482520108531045
"Zn",0.76666930517823
"Zn",0.718740176206944
"Zn",0.982371361004979
"Zn",0.989416645687147
"Zn",0.386352676533734
"Zn",0.665620645359646
"Zn",0.38490276311247
"Zn",0.959046421903838
"Zn",0.572791191549169
"Zn",1.13814892936286
"Zn",0.673376067656583
"Zn",0.999708721052985
"Zn",0.57106684122137
"Zn",1.13533992805044
"Zn",0.250488395706559
"Zn",0.797078771210962
"Zn",0.815210232993753
"Zn",0.748760999170841
"Zn",1.05027200204225
"Zn",0.892876377230155
"Zn",0.391643849276839
"Zn",0.647572655427044
"Zn",1.10429935050399
"Zn",1.06904511980429
"Zn",1.20364169837516
"Zn",0.801209728464177
"Zn",0.636064589956715
"Zn",1.00222797147386
"Zn",1.12276070158914
"Zn",0.517275032368132
"Zn",0.68748487334488
"Zn",0.30396075330044
"Zn",0.932652741496181
"Zn",1.05490238323725
"Zn",0.509353514303467
"Zn",0.907304164572338
"Zn",0.654636255348405
"Zn",0.966952525915097
"Zn",1.09582387458087
"Zn",0.234857477031082
"Zn",0.55702743975193
"Zn",0.840717627029624
"Zn",0.67704826036833
"Zn",0.880635665827927
"Zn",0.941671513128056
"Zn",0.330195135021556
"Zn",0.332597596617399
"Zn",0.998120229211062
"Zn",0.786632101160009
"Zn",1.15070125187925
"Zn",0.520849487379264
"Zn",0.834568478833425
"Zn",0.95665438443895
"Zn",1.04393012552709
"Zn",0.634939382429882
"Zn",0.924771555529956
"Zn",0.990557465960991
"Zn",1.00956614502524
"Zn",0.95998819071756
"Zn",1.1298696584124
"Zn",0.837433683787884
"Zn",1.16494094899234
"Zn",0.527700859865866
"Zn",1.29851608396378
"Zn",1.069085467095
"Zn",0.817532142341416
"Zn",0.739994605471149
"Zn",1.0105344197291
"Zn",0.514391949757909
"Zn",0.711845838563738
"Zn",0.571194185545156
"Zn",0.00433112174764961
"Zn",0.574280965388851
"Zn",0.910024240411921
"Zn",0.297454202450771
"Zn",0.83419933618936
"Zn",0.670132430643697
"Zn",0.667756418569663
"Zn",0.905665206933342
"Zn",0.864721127223085
"Zn",0.764597857005047
"Zn",0.980607102787452
"Zn",0.750233609646965
"Zn",1.10699698913578
"Zn",1.11876176485597
"Zn",0.668968644189583
"Zn",0.51842548066473
"Zn",0.599061542596477
"Zn",0.848295324297357
"Zn",0.544021021405449
"Zn",0.714462830070902
"Zn",0.188162889492003
"Zn",0.562172943886088
"Zn",0.686207415596649
"Zn",0.510546887656306
"Zn",0.353780405083984
"Zn",0.601651308370954
"Zn",0.562422167410117
"Zn",0.586282314740722
"Zn",0.710714294537046
"Zn",0.537778076625949
"Zn",0.832128807573657
"Zn",0.928449566331842
"Zn",1.03636915031154
"Zn",1.00678703444125
"Zn",0.766519565558918
"Zn",0.806134128240815
"Zn",0.445705763713487
"Zn",0.591755852895079
"Zn",0.783295579020218
"Zn",0.925426278933564
"Zn",1.07859914431984
"Zn",0.616357621973093
"Zn",0.441461344039855
"Zn",0.757546932700435
"Zn",1.02785930548862
"Zn",0.727980640923542
"Zn",0.74016579703809
"Zn",0.879453618450517
"Zn",0.868025537226536
"Zn",0.596786869540566
"Zn",0.337758348850233
"Zn",0.700627591959751
"Zn",0.828757051800368
"Zn",0.757299411369347
"Zn",1.25378186591096
"Zn",0.559787086682657
"Zn",1.06719484336672
"Zn",0.521443448416182
"Zn",0.778793688303618
"Zn",0.812192025676309
"Zn",1.21170509689698
"Zn",0.654165182921312
"Zn",0.566546080107463
"Zn",0.978774511419981
"Zn",0.615661708313401
"Zn",0.825855523384038
"Zn",0.739304791042623
"Zn",0.688572406880226
"Zn",0.645922980361009
"Zn",0.934380852045346
"Zn",0.772782169040804
"Zn",0.780094626912197
"Zn",0.671687385053805
"Zn",1.05134382718811
"Zn",0.583532312138693
"Zn",0.80254552535476
"Zn",0.727829999860779
"Zn",0.40292616209468
"Zn",0.537376818508776
"Zn",0.566936686641085
"Zn",0.839219118507816
"Zn",1.00086996918899
"Zn",0.756672765409551
"Zn",0.6808608575132
"Zn",0.925242509875851
"Zn",1.20744914085945
"Zn",0.952906574993319
"Zn",0.594009253983409
"Zn",0.708583868618552
"Zn",0.860439445093079
"Zn",0.762537834985932
"Zn",0.251869019813045
"Zn",1.46650832327371
"Zn",1.21202938833322
"Zn",0.875062654275783
"Zn",0.824715383279878
"Zn",0.553742846800153
"Zn",0.37360241271753
"Zn",1.03149960242316
"Zn",1.07095268793743
"Zn",0.793666286653184
"Zn",0.736248841626878
"Zn",0.658808774135187
"Zn",0.68607109560019
"Zn",0.773363273775409
"Zn",1.09307369042355
"Zn",0.786954077472713
"Zn",0.927731753096191
"Zn",0.968191660572787
"Zn",0.956121848250491
"Zn",0.468224497338998
"Zn",0.981434893547849
"Zn",1.10581043979058
"Zn",0.640929214562928
"Zn",0.453140971847631
"Zn",0.720018691101793
"Zn",0.448941041377074
"Zn",0.98011557620743
"Zn",0.569651641213029
"Zn",0.982306424430088
"Zn",0.554241977668539
"Zn",1.21289897285945
"Zn",1.07233271446252
"Zn",0.828264234746354
"Zn",0.36816260013338
"Zn",0.0133756918674195
"Zn",0.715386161832264
"Zn",1.01328426613608
"Zn",0.789738715955117
"Zn",0.969664091976747
"Zn",0.751891219174967
"Zn",0.639203745333195
"Zn",0.315101533422918
"Zn",1.03846071970772
"Zn",0.774649893476994
"Zn",1.03772358238336
"Zn",0.660471501186626
"Zn",1.27813633161755
"Zn",0.898216699435995
"Zn",0.818375076148169
"Zn",0.929408064562509
"Zn",0.708132366098692
"Zn",0.762507110575273
"Zn",1.09837314354491
"Zn",1.03618537387121
"Zn",1.02654704521143
"Zn",0.750225858582425
"Zn",0.422263298191666
"Zn",0.568985555106662
"Zn",0.623049373017118
"Zn",1.05996096580364
"Zn",0.457352128886801
"Zn",0.830358118832181
"Zn",0.790906199571282
"Zn",0.932735134660203
"Zn",0.882199918214797
"Zn",0.724186976650448
"Zn",0.72230561523298
"Zn",0.760028697628454
"Zn",0.88660418514671
"Zn",0.927849696391637
"Zn",1.01576939899233
"Zn",0.791666740378007
"Zn",1.24447811353212
"Zn",0.73024505603227
"Zn",0.806282656822561
"Zn",0.481774124679887
"Zn",0.662939089337809
"Zn",0.565936167772434
"Zn",0.944857810656376
"Zn",1.22784600653178
"Zn",0.612449721464725
"Zn",1.13560787600726
"Zn",0.83613519560115
"Zn",0.910634444119664
"Zn",1.11610481162383
"Zn",0.45590814373369
"Zn",1.05039019219921
"Zn",0.590600501516788
"Zn",0.825725910266925
"Zn",0.708010301115073
"Zn",0.6827217058079
"Zn",0.853607175175971
"Zn",0.729091847385712
"Zn",0.56959951991945
"Zn",0.487404747119876
"Zn",0.0949245628746414
"Zn",0.81580749299085
"Zn",0.47709277210452
"Zn",0.640291690414334
"Zn",0.55025595755686
"Zn",0.573607451428713
"Zn",0.996780491753593
"Zn",1.29389247565987
"Zn",0.546539479863119
"Zn",0.824383675630519
"Zn",0.592238601686555
"Zn",0.662293884450182
"Zn",0.851425728580745
"Zn",0.721408919790482
"Zn",0.796739599409105
"Zn",0.975193150664772
"Zn",0.722917501177197
"Zn",0.751773571242769
"Zn",0.822714336661098
"Zn",0.18779088899709
"Zn",0.830725616736464
"Zn",0.787795142103886
"Zn",0.5432292262483
"Zn",0.584324920866181
"Zn",0.517833940945626
"Zn",0.669757374621282
"Zn",0.473224826463667
"Zn",0.703530011632195
"Zn",0.575393429769805
"Zn",1.15150801535432
"Zn",0.844537518899454
"Zn",0.6866913667758
"Zn",1.2231076400453
"Zn",0.439394710045933
"Zn",0.720658706906523
"Zn",0.886532434869211
"Zn",0.573359534173635
"Zn",0.530077636045108
"Zn",0.829539398838082
"Zn",1.01616139166338
"Zn",0.853083883613099
"Zn",0.744924163693501
"Zn",0.957280482609597
"Zn",1.20243270421596
"Zn",0.891504391804988
"Zn",0.836875793323991
"Zn",0.582711317712803
"Zn",0.376466020364104
"Zn",0.95952505638547
"Zn",1.26137194727875
"Zn",0.506480441039355
"Zn",0.485476865624645
"Zn",1.0462148391296
"Zn",0.792324986504265
"Zn",0.636286292005168
"Zn",0.801563441501195
"Zn",0.852583999086424
"Zn",0.941853620535433
"Zn",0.698731004133575
"Zn",0.949998221725363
"Zn",1.03136557706405
"Zn",0.004
"Zn",0.8158591910743
"Zn",0.300128526353293
"Zn",0.741873091640389
"Zn",0.6897478491957
"Zn",0.822412495540742
"Zn",0.835451851098147
"Zn",0.881377894647022
"Zn",0.878008122749909
"Zn",0.987896279820036
"Zn",0.769339695807436
"Zn",0.74799437549521
"Zn",1.14617019373819
"Zn",0.950445647837702
"Zn",0.425630332196525
"Zn",1.34373365228637
"Zn",0.852203680578997
"Zn",0.68141862903173
"Zn",1.07762646301807
"Zn",1.25715126338748
"Zn",0.621141598066333
"Zn",0.980739823237691
"Zn",0.727130045211374
"Zn",0.383041241317561
"Zn",0.700052819280107
"Zn",0.750411583796166
"Zn",0.664244778579355
"Zn",0.886945623256205
"Zn",1.04896135579685
"Zn",0.250432110003592
"Zn",1.03079674075268
"Zn",0.43597337993286
"Zn",0.739497350206863
"Zn",0.937845650999473
"Zn",0.922182009281893
"Zn",0.488408313419551
"Zn",0.87341016529672
"Zn",0.823605883338287
"Zn",0.22585096203338
"Zn",0.469064867664321
"Zn",1.00376593865506
"Zn",0.987392974882249
"Zn",0.772963155297664
"Zn",0.687456337764722
"Zn",1.03000465837674
"Zn",0.549798055574667
"Zn",0.93358821738022
"Zn",0.893050551349806
"Zn",0.572520913588561
"Zn",0.691578981439029
"Zn",0.333211756980284
"Zn",0.956330992174464
"Zn",0.948373958306264
"Zn",0.704200325392651
"Zn",0.660205712303925
"Zn",0.452266363997634
"Zn",0.471198773834965
"Zn",0.687213335627273
"Zn",0.321383724863038
"Zn",0.615269273783934
"Zn",0.790737218363322
"Zn",0.985417270494603
"Zn",0.509304339167463
"Zn",0.740177914484563
"Zn",0.831316511130814
"Zn",0.567451869520505
"Zn",1.0246590521068
"Zn",0.758628260334756
"Zn",0.921037407419588
"Zn",1.18748171298744
"Zn",1.13351437560812
"Zn",0.814022851083794
"Zn",0.858452792873037
"Zn",0.004
"Zn",0.638190176962186
"Zn",0.723115261477492
"Zn",0.361002995972948
"Zn",0.715403201577123
"Zn",0.930207438110844
"Zn",1.17487720801621
"Zn",0.7199288213398
"Zn",0.782045594051253
"Zn",0.915005254921378
"Zn",0.859853097413942
"Zn",0.004
"Zn",0.777924307228197
"Zn",1.16273686890026
"Zn",0.744364204862546
"Zn",0.698691709472888
"Zn",0.759817051097238
"Zn",0.437413540734716
"Zn",0.468781373792735
"Zn",0.942087526669219
"Zn",1.05514390892294
"Zn",1.0348301130553
"Zn",0.571971339799193
"Zn",0.698535677366416
"Zn",0.811878966362181
"Zn",0.445981829517882
"Zn",0.829698506592397
"Zn",1.18436443954308
"Zn",0.705381946404428
"Zn",0.640369033715136
"Zn",0.978715320314625
"Zn",0.714101273034017
"Zn",0.518836528379592
"Zn",0.708591535961907
"Zn",0.889752096083473
"Zn",1.00912911102368
"Zn",0.525770421514527
"Zn",1.07242971481452
"Zn",0.499099384450109
"Zn",0.723781520157529
"Zn",0.601276453420549
"Zn",0.551652740431758
"Zn",0.759559653454709
"Zn",0.826009997469284
"Zn",0.750021316082487
"Zn",0.806613629090848
"Zn",0.740982851949004
"Zn",0.689097565491691
"Zn",0.51029717913686
"Zn",1.31233584068669
"Zn",0.328558244321455
"Zn",1.01027443655153
"Zn",0.600707552587382
"Zn",0.791575326896107
"Zn",0.438878752630855
"Zn",0.56455478717045
"Zn",0.969880731900415
"Zn",0.634953992996773
"Zn",0.729494049886355
"Zn",0.977582907334443
"Zn",0.790198177747204
"Zn",0.891407381991161
"Zn",1.07668395113376
"Zn",0.837794263058581
"Zn",0.726382127585072
"Zn",0.459661692395601
"Zn",0.277461016950736
"Zn",0.592430657674996
"Zn",0.963398610593369
"Zn",0.725005200965226
"Zn",0.379178616116752
"Zn",0.705371297010843
"Zn",0.921656915509089
"Zn",0.712053801476269
"Zn",0.813179603372517
"Zn",0.675368948058796
"Zn",0.670762169140006
"Zn",0.933130395814251
"Zn",0.819972020052769
"Zn",0.991470784872323
"Zn",0.635907442232899
"Zn",1.1633925533299
"Zn",1.06460940659497
"Zn",1.1723241108492
"Zn",1.06409160744801
"Zn",0.830395591252596
"Zn",0.638790506676983
"Zn",0.709180639546867
"Zn",0.774901657425425
"Zn",1.35331852923769
"Zn",0.859332631535547
"Zn",1.01892412773527
"Zn",0.927101918185306
"Zn",0.783007422246718
"Zn",0.686181513934945
"Zn",0.428133083734187
"Zn",0.761057130895444
"Zn",0.675134234031908
"Zn",0.743342882574492
"Zn",0.778809475372549
"Zn",0.931460482008711
"Zn",0.633676382385887
"Zn",1.02712373343719
"Zn",0.609570702294118
"Zn",0.924004634867202
"Zn",0.904680209572756
"Zn",0.836750842737773
"Zn",0.506545282475991
"Zn",0.974560300205422
"Zn",0.867751040955755
"Zn",0.939614221269535
"Zn",0.832939727683126
"Zn",0.914216169021481
"Zn",0.850562486871468
"Zn",1.06309590825228
"Zn",1.04382580139665
"Zn",0.573849005685944
"Zn",0.689169459435265
"Zn",0.605182170808135
"Zn",0.397343488952727
"Zn",0.821180254576172
"Zn",0.518593111125713
"Zn",0.649164611439001
"Zn",0.443823286614784
"Zn",0.68811446284682
"Zn",0.840930585173226
"Zn",0.62232249710228
"Zn",0.004
"Zn",0.749921033339754
"Zn",1.12193708438436
"Zn",0.436408767907905
"Zn",0.921267880444434
"Zn",0.960002405909939
"Zn",0.804320640764413
"Zn",0.921343994717514
"Zn",0.004
"Zn",0.689182188395507
"Zn",1.13756509908876
"Zn",0.68052019377695
"Zn",0.669687788899968
"Zn",0.858872573923516
"Zn",0.948172444704749
"Zn",1.07770175074383
"Zn",0.960711245381507
"Zn",0.703347301321899
"Zn",0.91066688983867
"Zn",0.987414324231029
"Zn",0.616901835860962
"Zn",0.91693773928252
"Zn",0.865262791445298
"Zn",0.822016691944153
"Zn",0.544040767569309
"Zn",0.93564585607387
"Zn",0.843265373492447
"Zn",0.551584056034878
"Zn",0.713199459304812
"Zn",0.592129277287394
"Zn",0.849455351952041
"Zn",0.112226964515491
"Zn",1.04221345759724
"Zn",0.599004821839142
"Zn",0.973506878366662
"Zn",1.09018026626024
"Zn",0.0810196013392857
"Zn",0.789922511268274
"Zn",0.677971027718179
"Zn",1.18804987716325
"Zn",0.97667022538702
"Zn",0.6301370438213
"Zn",0.741506742728059
"Zn",0.878381204459966
"Zn",0.400991314778874
"Zn",0.368880272868311
"Zn",0.586017672034679
"Zn",0.421624806386625
"Zn",1.242011114976
"Zn",0.536761385155977
"Zn",0.762396933110635
"Zn",0.662877164357906
"Zn",0.581106894320983
"Zn",0.851865943674962
"Zn",0.648044155474243
"Zn",0.800907127706058
"Zn",0.900102653724064
"Zn",0.718063179143822
"Zn",0.758878534338705
"Zn",0.956805826237115
"Zn",0.905145687017666
"Zn",0.551799615771177
"Zn",0.824861513324509
"Zn",1.25091008388463
"Zn",0.688787656521886
"Zn",1.03874451716896
"Zn",0.940465215928586
"Zn",0.505722622297914
"Zn",0.905010262336822
"Zn",1.00808894230734
"Zn",1.09202075029641
"Zn",1.00159619117353
"Zn",0.687732123020566
"Zn",0.857752704594237
"Zn",1.00531508495037
"Zn",0.979225070322823
"Zn",0.643592912716494
"Zn",0.716926569135521
"Zn",0.638139017863793
"Zn",0.996918519651123
"Zn",0.393072251534813
"Zn",0.857513914347085
"Zn",0.887500716304608
"Zn",0.732091534794588
"Zn",0.976431974479033
"Zn",0.907688290202498
"Zn",0.710275696506822
"Zn",0.844241793613245
"Zn",0.535484497809728
"Zn",0.805846041569654
"Zn",0.004
"Zn",0.290277756201201
"Zn",1.28252688399486
"Zn",0.465059612988959
"Zn",0.486108082130258
"Zn",0.673628573704231
"Zn",0.789994816890274
"Zn",0.544934782208919
"Zn",1.2959078245824
"Zn",0.727559118722151
"Zn",0.69320635818454
"Zn",0.749481251913652
"Zn",0.500369620100767
"Zn",1.2923642861576
"Zn",0.793414826374249
"Zn",1.00761199728526
"Zn",0.794995784205793
"Zn",0.803463515566977
"Zn",0.772930421109039
"Zn",0.758289070273423
"Zn",0.574020044256288
"Zn",0.754870943702575
"Zn",0.816949596549741
"Zn",0.741807969838133
"Zn",1.3509291912426
"Zn",0.835206884076228
"Zn",0.898377776322669
"Zn",1.01640433422978
"Zn",0.493874996180814
"Zn",0.704106012979409
"Zn",0.819271173210508
"Zn",0.819956114598886
"Zn",0.710360917582447
"Zn",0.889201090305632
"Zn",0.678055025158761
"Zn",0.87167246532802
"Zn",0.553681807800822
"Zn",1.35971634161808
"Zn",0.570064659118494
"Zn",1.00689823169222
"Zn",0.82194219878847
"Zn",0.880293085273721
"Zn",0.657540953080729
"Zn",0.468314816672995
"Zn",0.676435778686636
"Zn",0.894993525767974
"Zn",0.69216644116272
"Zn",0.414766533711383
"Zn",0.958083925635261
"Zn",0.802208056210195
"Zn",0.717749697197009
"Zn",0.839284703905053
"Zn",0.779953099476906
"Zn",0.5668271629239
"Zn",0.691884002108916
"Zn",0.62256316494062
"Zn",0.463058681039435
"Zn",0.748575883586632
"Zn",0.685568145790618
"Zn",1.09477924129333
"Zn",0.464768853962882
"Zn",0.878185215727913
"Zn",0.731268873432938
"Zn",0.534947617896661
"Zn",0.597910942385453
"Zn",0.605223566301911
"Zn",0.512666570871126
"Zn",0.572951790008793
"Zn",0.834503294704173
"Zn",1.2715252290346
"Zn",0.521328211928625
"Zn",0.736699464600552
"Zn",0.942565638889716
"Zn",0.773592172302861
"Zn",1.08832924895987
"Zn",0.831469354401525
"Zn",0.794946201799778
"Zn",1.13365468669115
"Zn",1.26018559643051
"Zn",0.77335328672426
"Zn",0.614516039626205
"Zn",0.561119846972189
"Zn",0.74846575900121
"Zn",1.15171520409693
"Zn",0.964424716669663
"Zn",0.683791543446173
"Zn",0.428559767351971
"Zn",0.784463056217102
"Zn",0.756149723835098
"Zn",0.673609007825525
"Zn",0.940183830634262
"Zn",0.644140032099101
"Zn",0.648738963147095
"Zn",0.900253101100377
"Zn",0.493828624308334
"Zn",0.971952725623243
"Zn",0.258531508153239
"Zn",0.782468540751991
"Zn",0.65261917690172
"Zn",0.543910677980654
"Zn",0.547896036611382
"Zn",0.761144124983134
"Zn",0.860649524969168
"Zn",0.946699751528822
"Zn",0.433112587601479
"Zn",0.253081033353125
"Zn",0.849566750256653
"Zn",0.784019906770545
"Zn",0.690812888625153
"Zn",0.914445121983345
"Zn",0.423699791920749
"Zn",0.934024280220958
"Zn",1.02367867587655
"Zn",0.639233342375797
"Zn",0.495275313860383
"Zn",0.629109187800379
"Zn",1.07524093240582
"Zn",0.736963314739308
"Zn",0.526767488596347
"Zn",0.711285311315402
"Zn",0.767263000955377
"Zn",0.46413046583253
"Zn",0.887569997434325
"Zn",0.734453919311614
"Zn",1.11851850327534
"Zn",0.892882643949085
"Zn",1.08528960391029
"Zn",0.0704580340180246
"Zn",1.05491493553864
"Zn",0.448987577497533
"Zn",0.764280361399062
"Zn",0.894542461593156
"Zn",0.454013205575293
"Zn",0.765862716300302
"Zn",0.69463396366594
"Zn",0.642864238309139
"Zn",0.762987393474905
"Zn",0.514787004796206
"Zn",0.841398310235713
"Zn",0.713387274144
"Zn",0.87389985368258
"Zn",0.799562132280283
"Zn",0.715652879932311
"Zn",0.248161345928487
"Zn",0.590930378175669
"Zn",0.631987627710779
"Zn",0.80571750854008
"Zn",0.970806881072452
"Zn",0.998161115478457
"Zn",0.606489880645608
"Zn",0.906370182406435
"Zn",1.37936651436675
"Zn",0.805673542055656
"Zn",0.714419043492566
"Zn",0.648208213620159
"Zn",0.649672054635463
"Zn",1.135191139028
"Zn",0.715430785255154
"Zn",0.408368691340284
"Zn",0.59790422910464
"Zn",0.375593560934552
"Zn",0.525412735953642
"Zn",0.633218489971537
"Zn",0.658653440623252
"Zn",0.873833441867212
"Zn",1.00642541112855
"Zn",0.264045287145819
"Zn",0.187861680576467
"Zn",0.741564964311691
"Zn",0.972893859777191
"Zn",0.574572128820434
"Zn",0.902623054840702
"Zn",0.819580628560695
"Zn",0.578259789280985
"Zn",0.004
"Zn",0.915214997884459
"Zn",0.780348727495632
"Zn",0.958301913746098
"Zn",0.465818635432398
"Zn",0.434751850471206
"Zn",1.02440457836572
"Zn",0.927008471678716
"Zn",0.811478366588996
"Zn",0.701596543811852
"Zn",0.476530617740982
"Zn",0.949822487059763
"Zn",0.534603427896091
"Zn",0.74119527900921
"Zn",0.666036109355474
"Zn",1.00272275045144
"Zn",0.731748490075229
"Zn",1.03662124000634
"Zn",0.773455502008756
"Zn",0.671822118423562
"Zn",0.531573451468354
"Zn",0.705464641356285
"Zn",0.788146304459448
"Zn",0.587995101281322
"Zn",0.989628409160911
"Zn",0.55695965312832
"Zn",0.702375566492692
"Zn",1.5241929884315
"Zn",0.930870533780532
"Zn",0.796189128042041
"Zn",0.644500650279516
"Zn",1.06021360869512
"Zn",1.41968160356242
"Zn",0.671271000477188
"Zn",0.754862170379986
"Zn",0.636668079703571
"Zn",0.868416523618532
"Zn",0.572715430544944
"Zn",0.869445873337135
"Zn",0.791531878299664
"Zn",0.612630825476773
"Zn",1.23236022858862
"Zn",0.867081772072294
"Zn",0.276963746487637
"Zn",0.898377492785541
"Zn",1.11530288012047
"Zn",0.734410868350636
