"herbicide","concentration","Estimate","Q2.5","Q97.5"
"ametryn",0.1,0.676786231339594,0.641050694819797,0.701616740691042
"ametryn",0.100804658307517,0.676557795774175,0.641050692921783,0.701341349866966
"ametryn",0.101615791364953,0.676329279317709,0.641050690761203,0.701032867954767
"ametryn",0.102433451271921,0.676117479059192,0.641050688304881,0.700734536148911
"ametryn",0.103257690547257,0.675905429087594,0.641050685515871,0.700389363249792
"ametryn",0.104088562132396,0.675724367101506,0.641050682353091,0.70005996207486
"ametryn",0.10492611939477,0.67551897958458,0.641050678770909,0.699774091435778
"ametryn",0.105770416131236,0.67529609259169,0.641050674718711,0.699505927710252
"ametryn",0.106621506571531,0.675065691882192,0.641013701731858,0.699207005352651
"ametryn",0.107479445381759,0.674838663297289,0.641013638012613,0.698862723241899
"ametryn",0.108344287667897,0.674614785592003,0.641013566194056,0.698543777286857
"ametryn",0.109216088979337,0.674372136356546,0.641013485342811,0.698163842027821
"ametryn",0.110094905312455,0.674113219903722,0.641013394429919,0.697847208595289
"ametryn",0.110980793114205,0.673859912193387,0.64097265275,0.697458819471228
"ametryn",0.111873809285747,0.673582505530343,0.64097265275,0.697039513925127
"ametryn",0.112774011186101,0.673328948670207,0.64097265275,0.696748959717227
"ametryn",0.113681456635831,0.673068177651665,0.64097265275,0.696417868684809
"ametryn",0.114596203920758,0.672808161105787,0.640959427999237,0.696058091256184
"ametryn",0.115518311795706,0.672549869949615,0.6409268015,0.695694821295732
"ametryn",0.116447839488274,0.672300271622258,0.6409268015,0.695405444989581
"ametryn",0.11738484670264,0.67204105851902,0.6409268015,0.695102088738726
"ametryn",0.1183293936234,0.671762196363423,0.640905499214115,0.694708217707845
"ametryn",0.119281540919425,0.671495362848495,0.640902566870142,0.694313418445917
"ametryn",0.120241349747768,0.671230412843609,0.640902540132167,0.693944446262478
"ametryn",0.121208881757585,0.670945720514874,0.64090251054884,0.693575842903806
"ametryn",0.122184199094096,0.670657793588997,0.640902477849955,0.693168848038222
"ametryn",0.12316736440258,0.670407838412219,0.640902441743054,0.692833104233275
"ametryn",0.124158440832396,0.670130187317318,0.640895323830316,0.692459476644867
"ametryn",0.125157492041038,0.66986433568725,0.64089030725,0.692105117389159
"ametryn",0.126164582198226,0.669608082166865,0.64088635275,0.691777482854519
"ametryn",0.127179775990029,0.669341474219513,0.6408777715,0.691381491418126
"ametryn",0.128203138623014,0.669056941299799,0.6408777715,0.690984757521496
"ametryn",0.129234735828443,0.668767117875708,0.640849000105739,0.690598764384486
"ametryn",0.130274633866484,0.66846202438416,0.64076336775,0.690233496591763
"ametryn",0.131322899530479,0.668140801083089,0.64076336775,0.689865818844036
"ametryn",0.132379600151223,0.667847180226344,0.64076336775,0.689531549664319
"ametryn",0.133444803601298,0.667572726290655,0.640641819030496,0.689117073256743
"ametryn",0.134518578299427,0.667252364798725,0.640517912290265,0.688736603059148
"ametryn",0.135600993214867,0.666958677616676,0.640478508155491,0.68837153452601
"ametryn",0.136692117871847,0.666637181104305,0.640453623250471,0.687994923342746
"ametryn",0.137792022354024,0.666371297034278,0.640419810515116,0.687609594619485
"ametryn",0.138900777308992,0.66604531516606,0.640242367469645,0.687178011155836
"ametryn",0.140018453952815,0.665747145282957,0.640055639295465,0.686745118680807
"ametryn",0.141145124074603,0.665434108468248,0.64002993,0.68634250909751
"ametryn",0.142280860041125,0.665085724347352,0.64001280425,0.685922113364303
"ametryn",0.143425734801453,0.664780059777595,0.63999599275,0.68551536772161
"ametryn",0.144579821891651,0.664455262985026,0.639968315882914,0.685140293883843
"ametryn",0.145743195439496,0.664137713385882,0.639873782659972,0.684776134504331
"ametryn",0.146915930169241,0.663847315855381,0.639845831121593,0.684344407408082
"ametryn",0.148098101406414,0.663502859450541,0.639844358,0.683942542312641
"ametryn",0.149289785082657,0.66316931258894,0.63976338475,0.683551114079026
"ametryn",0.150491057740599,0.662829513502581,0.639643898793487,0.683151280684708
"ametryn",0.151701996538779,0.662484992323852,0.639478903854906,0.682749883648747
"ametryn",0.152922679256598,0.662186327742224,0.639280632218437,0.68225088432715
"ametryn",0.154153184299315,0.661844698707438,0.639118595467988,0.681859625058822
"ametryn",0.155393590703082,0.661501211965763,0.638968943034003,0.68137991622602
"ametryn",0.156643978140024,0.661147094102607,0.638890241528592,0.681107174790219
"ametryn",0.157904426923353,0.660855997194241,0.638731505931913,0.680703750151734
"ametryn",0.15917501801253,0.660491441095602,0.638544339124352,0.680413136817798
"ametryn",0.16045583301846,0.660137666784326,0.638484464,0.680019712503604
"ametryn",0.161746954208739,0.659790117784039,0.638332841684388,0.67959555398138
"ametryn",0.163048464512936,0.65943161713463,0.638090628725682,0.67914878399922
"ametryn",0.164360447527919,0.659086908996162,0.637901032653348,0.678746934082337
"ametryn",0.165682987523225,0.658708612709372,0.637791577384971,0.678400226931154
"ametryn",0.167016169446473,0.658305747617295,0.637587972208298,0.67797134960773
"ametryn",0.168360078928822,0.657908822078897,0.637331995900756,0.677572058101425
"ametryn",0.169714802290465,0.657521541419427,0.637006878087234,0.677195103471834
"ametryn",0.171080426546182,0.65718596996691,0.636790670016122,0.676812584907207
"ametryn",0.172457039410922,0.656785621656039,0.636601814729529,0.676398115563651
"ametryn",0.17384472930544,0.656368393248485,0.636284573541054,0.675922429852488
"ametryn",0.175243585361978,0.655938352299093,0.636018212137672,0.675479801888574
"ametryn",0.176653697429984,0.655549652258949,0.635644600545677,0.675130354646715
"ametryn",0.178075156081891,0.655132280825881,0.635348627809342,0.674759124510252
"ametryn",0.179508052618929,0.65472459811675,0.635126645238479,0.6743328343811
"ametryn",0.180952479076989,0.654337435259989,0.634785592216437,0.673927458350127
"ametryn",0.182408528232541,0.653907406693966,0.634511989836854,0.673517253047546
"ametryn",0.183876293608584,0.653469841723516,0.634140104032526,0.673103306375127
"ametryn",0.185355869480661,0.653059043102081,0.633744744214094,0.672677905257153
"ametryn",0.186847350882908,0.652637942238057,0.633412901963915,0.672300470517183
"ametryn",0.188350833614163,0.652226251142768,0.633033605837928,0.671942083781135
"ametryn",0.189866414244118,0.651796806509778,0.632681806656164,0.671519800046249
"ametryn",0.191394190119519,0.651372020269941,0.63237678315439,0.67114831388631
"ametryn",0.192934259370421,0.650946773485929,0.632020202772089,0.670692751408917
"ametryn",0.194486720916492,0.650494309142163,0.631653613899846,0.670310300054381
"ametryn",0.196051674473365,0.650020527934066,0.631252177018509,0.669807388805512
"ametryn",0.197629220559042,0.649572773158422,0.630847736240108,0.6694206511258
"ametryn",0.199219460500352,0.649101408437608,0.630438244876786,0.668991329282346
"ametryn",0.200822496439459,0.648653487026199,0.629903766180275,0.668559351479043
"ametryn",0.202438431340423,0.648197659524648,0.629536414380997,0.668088517250403
"ametryn",0.204067368995811,0.647743088098836,0.629031041766043,0.667664966356674
"ametryn",0.205709414033368,0.647272652639031,0.628602255694811,0.667326484676357
"ametryn",0.207364671922733,0.646796209781434,0.628043569498174,0.666884681538762
"ametryn",0.209033248982215,0.646294106650942,0.627522020091812,0.666558391012402
"ametryn",0.210715252385624,0.645820250001675,0.626941403354305,0.666170208462535
"ametryn",0.212410790169151,0.645322259635036,0.626470309104788,0.665867127455747
"ametryn",0.214119971238311,0.644847130328481,0.625941472376883,0.665629194654638
"ametryn",0.215842905374934,0.644336856030419,0.625353767146327,0.665402488821852
"ametryn",0.21757970324422,0.643812092769285,0.624872927729095,0.665020496893548
"ametryn",0.219330476401846,0.64328827290493,0.624388730350099,0.664792271990559
"ametryn",0.221095337301131,0.642725219479551,0.623877594198041,0.664516288701182
"ametryn",0.222874399300258,0.642196150980588,0.62327855684034,0.664216792402926
"ametryn",0.224667776669557,0.64166763635381,0.622691062310583,0.663882307597572
"ametryn",0.226475584598843,0.641111250334805,0.622199348832372,0.663440687797893
"ametryn",0.228297939204816,0.64057567387983,0.621625990629788,0.663210600525049
"ametryn",0.230134957538519,0.640034537225451,0.621069624297416,0.662819577947556
"ametryn",0.231986757592854,0.639490411156632,0.62048551245874,0.662498641512494
"ametryn",0.233853458310165,0.638891670567588,0.619847284741861,0.662238152826284
"ametryn",0.235735179589874,0.638326256534429,0.6192429831302,0.661861383036954
"ametryn",0.237632042296185,0.637736220598427,0.618612237758759,0.661576811480556
"ametryn",0.239544168265845,0.637139405158867,0.617968120647317,0.6614083785
"ametryn",0.241471680315969,0.636524126077224,0.617240522842082,0.6611494275
"ametryn",0.243414702251933,0.635913841440036,0.616666193848653,0.660919916096892
"ametryn",0.245373358875322,0.635284748667922,0.615988091658302,0.660750748680916
"ametryn",0.247347775991947,0.634637829747666,0.615271462232508,0.660360220563969
"ametryn",0.249338080419926,0.633999758226823,0.614589010448621,0.660193028480486
"ametryn",0.251344399997829,0.633365433189693,0.613914801322779,0.659919402330981
"ametryn",0.253366863592891,0.632703188921034,0.613223354445877,0.659567813137438
"ametryn",0.255405601109287,0.632046841158983,0.612509128883101,0.659320615344561
"ametryn",0.257460743496478,0.631400154712546,0.611870061001407,0.659087185470015
"ametryn",0.259532422757618,0.630747252681083,0.611183510575657,0.658832192081554
"ametryn",0.261620771958038,0.63008076447546,0.610439777282849,0.658692565876463
"ametryn",0.26372592523379,0.629390625479174,0.609627227266644,0.658460404201949
"ametryn",0.265848017800261,0.628699053931153,0.608875288596135,0.657999879117537
"ametryn",0.267987185960861,0.628012155903723,0.608160859130549,0.657718925845795
"ametryn",0.270143567115777,0.62729680772535,0.607375526126055,0.65748628575
"ametryn",0.272317299770797,0.626596195953266,0.606668951061364,0.657343216619909
"ametryn",0.27450852354621,0.625867877425403,0.605900755578513,0.657033739005307
"ametryn",0.276717379185768,0.625136855001332,0.605126454112721,0.656667368103484
"ametryn",0.278944008565731,0.62441557281558,0.604346479558069,0.656312225329218
"ametryn",0.281188554703977,0.623730441685473,0.603562946597204,0.65607477847048
"ametryn",0.28345116176919,0.622987339703678,0.60277834098599,0.655842027761988
"ametryn",0.28573197509012,0.622248546023184,0.602005046511985,0.655523921649114
"ametryn",0.288031141164917,0.62149912607776,0.601217838181601,0.655158462871145
"ametryn",0.290348807670537,0.620718134221514,0.600384804549012,0.654932100338637
"ametryn",0.292685123472236,0.6199464501578,0.599559345504667,0.654582777310472
"ametryn",0.295040238633122,0.619179543262207,0.59875199937867,0.654289719090279
"ametryn",0.297414304423803,0.618403603144919,0.597950657419725,0.653972008824248
"ametryn",0.299807473332094,0.617614601331679,0.597188140354801,0.65362601992902
"ametryn",0.302219899072819,0.616816382234127,0.596349345418701,0.653392526
"ametryn",0.304651736597679,0.616028828540522,0.595565222989128,0.653067209757746
"ametryn",0.307103142105208,0.615230190206656,0.594726232586411,0.65275989325
"ametryn",0.309574273050804,0.61442417748467,0.59396036371833,0.652607214178702
"ametryn",0.312065288156844,0.613588495655544,0.593093533930266,0.652301007245742
"ametryn",0.314576347422876,0.612766416093907,0.592210211223793,0.651995263513834
"ametryn",0.317107612135899,0.611939829688877,0.591342656357428,0.651604619
"ametryn",0.31965924488072,0.611109245532979,0.590536442663144,0.651559155
"ametryn",0.3222314095504,0.610288319217557,0.589679022619444,0.651396665705329
"ametryn",0.324824271356778,0.609430279333778,0.588759645568878,0.65117282783218
"ametryn",0.327437996841083,0.608555614635247,0.587910302527656,0.650923548229566
"ametryn",0.330072753884633,0.607696136607378,0.586995750014278,0.65072258875
"ametryn",0.332728711719617,0.606813582647991,0.586079614003044,0.6504853965
"ametryn",0.335406040939964,0.605954828558616,0.585130773087416,0.65024654350588
"ametryn",0.338104913512303,0.605091278139062,0.584255998460363,0.650085214513255
"ametryn",0.340825502787004,0.604214863021166,0.583391371181928,0.649836121
"ametryn",0.343567983509317,0.603322969760489,0.58248402049327,0.649713250702884
"ametryn",0.346332531830595,0.602414350675305,0.581502297013732,0.649668942
"ametryn",0.349119325319605,0.601500588774732,0.580532469215832,0.6496407045
"ametryn",0.351928542973938,0.600572440193149,0.579598929035068,0.64943576925
"ametryn",0.354760365231503,0.599647853428642,0.57863729137591,0.649433241452347
"ametryn",0.357614973982117,0.598727741789681,0.577636235770662,0.6492573245
"ametryn",0.36049255257919,0.597787015226252,0.576678846265586,0.6492573245
"ametryn",0.3633932858515,0.59685093970194,0.575693860205091,0.6492573245
"ametryn",0.366317360115064,0.595895350880462,0.574688570272852,0.64909270875
"ametryn",0.369264963185108,0.594954487034601,0.573682977311827,0.64907706375
"ametryn",0.372236284388128,0.593999119901394,0.57264586772748,0.648995692035372
"ametryn",0.375231514574051,0.593028493793941,0.571617979467472,0.64891992125
"ametryn",0.378250846128495,0.59207987089081,0.570545307038913,0.64891992125
"ametryn",0.381294472985122,0.591120045953686,0.569501092838663,0.64891992125
"ametryn",0.384362590638102,0.590107795595195,0.568416617617546,0.648861337
"ametryn",0.38745539615466,0.589149852686484,0.567381700480318,0.648861337
"ametryn",0.390573088187743,0.58814742810507,0.566317316967669,0.64883128875
"ametryn",0.393715866988772,0.587138366815156,0.565201378365264,0.648825389
"ametryn",0.396883934420512,0.586127083528727,0.564127042117452,0.648825389
"ametryn",0.400077493970028,0.585095363809995,0.563009875449694,0.648825389
"ametryn",0.403296750761765,0.584078182965008,0.561942099859545,0.648825389
"ametryn",0.406541911570717,0.583034005458854,0.56088673361936,0.648825389
"ametryn",0.409813184835711,0.581980902941144,0.559757546751459,0.648825389
"ametryn",0.413110780672793,0.580911842302827,0.558618169871839,0.648825389
"ametryn",0.416434910888726,0.57984421387738,0.557479289493202,0.648825389
"ametryn",0.419785788994595,0.578756375099467,0.556336072612321,0.648825389
"ametryn",0.423163630219517,0.577652506171288,0.555246341213669,0.648825389
"ametryn",0.426568651524471,0.576568962536997,0.554036388166752,0.648825389
"ametryn",0.430001071616227,0.575493525641861,0.552844425596758,0.648825389
"ametryn",0.433461110961401,0.574397149535951,0.551670127466737,0.648825389
"ametryn",0.436948991800609,0.573271824960083,0.550495167145392,0.648825389
"ametryn",0.440464938162746,0.572170125859706,0.549303570424278,0.648825389
"ametryn",0.444009175879373,0.571014962538559,0.548110856615917,0.648825389
"ametryn",0.447581932599226,0.569896364247615,0.546909441260324,0.648825389
"ametryn",0.451183437802833,0.568748277824243,0.545733493735488,0.648825389
"ametryn",0.454813922817255,0.567625741377265,0.544520451103134,0.648825389
"ametryn",0.45847362083095,0.566498918721755,0.543284741603906,0.648825389
"ametryn",0.462162766908742,0.565314914204025,0.542055232568203,0.648825389
"ametryn",0.465881598006925,0.564136077073367,0.540826115226798,0.648825389
"ametryn",0.469630352988483,0.562980030794129,0.539575818954671,0.648825389
"ametryn",0.473409272638428,0.561806502899642,0.538344615819155,0.648825389
"ametryn",0.47721859967927,0.560630634332023,0.537149827757384,0.648825389
"ametryn",0.481058578786607,0.559433630351963,0.535850312982747,0.648825389
"ametryn",0.484929456604839,0.558237655323144,0.534582999801084,0.648825389
"ametryn",0.488831481763009,0.557011655846201,0.533312964308711,0.648825389
"ametryn",0.492764904890775,0.555819969379109,0.532007006184896,0.648825389
"ametryn",0.496729978634508,0.554575986363264,0.530729161076831,0.64880386975
"ametryn",0.50072695767352,0.553336507799328,0.529508626303938,0.64880386975
"ametryn",0.504756098736419,0.552093073176397,0.528272238518688,0.64880386975
"ametryn",0.508817660617602,0.550831748453924,0.527021892644912,0.64880386975
"ametryn",0.512911904193877,0.549567080016272,0.525742436582742,0.64880386975
"ametryn",0.517039092441219,0.548312164200992,0.524392957325054,0.64880386975
"ametryn",0.521199490451659,0.547011760527953,0.523109797514755,0.64880386975
"ametryn",0.525393365450317,0.545741675330329,0.521755896899023,0.64870294375
"ametryn",0.529620986812558,0.544459670535582,0.520382477043896,0.64870294375
"ametryn",0.5338826260813,0.543169185139424,0.51898064269295,0.64870294375
"ametryn",0.538178556984455,0.541862639784135,0.517641298456766,0.648559564
"ametryn",0.542509055452508,0.540568234408437,0.516316537090619,0.648559564
"ametryn",0.54687439963624,0.53929855650223,0.514944231793978,0.648559564
"ametryn",0.551274869924599,0.537972222076346,0.51350999869004,0.64852665875
"ametryn",0.555710748962703,0.536627812223721,0.512098162866977,0.64836772375
"ametryn",0.560182321669998,0.535274541453846,0.510751098360047,0.64830273975
"ametryn",0.56468987525856,0.533923007022082,0.509373410780425,0.64828740025
"ametryn",0.569233699251537,0.532553379674312,0.508048753130653,0.6481417575
"ametryn",0.573814085501753,0.531205341776561,0.506680801228935,0.6480837165
"ametryn",0.578431328210448,0.529861675044294,0.505295573099687,0.64790936075
"ametryn",0.583085723946176,0.528493913091841,0.503874377066633,0.6477552075
"ametryn",0.587777571663857,0.527114028184139,0.502527635610789,0.64758356175
"ametryn",0.592507172723973,0.525725726846904,0.501078850280169,0.64708686925
"ametryn",0.597274830911933,0.524331279400533,0.499694814443147,0.646879918
"ametryn",0.602080852457576,0.522928198390781,0.498214134366429,0.646245895481887
"ametryn",0.606925546054847,0.52151988653695,0.496735552304375,0.64578972475
"ametryn",0.611809222881623,0.520108933052751,0.495316713191158,0.644785895099916
"ametryn",0.616732196619697,0.518689671269957,0.493911696411637,0.64379814875
"ametryn",0.621694783474932,0.517256744361068,0.492448248064163,0.64218045925
"ametryn",0.626697302197565,0.515827839549061,0.490938887614399,0.641410533602791
"ametryn",0.631740074102685,0.514370827577228,0.48946448519601,0.639848177
"ametryn",0.636823423090869,0.512921176084482,0.487991907380461,0.638222157322686
"ametryn",0.641947675668986,0.511439506722867,0.486609853297889,0.635793245819683
"ametryn",0.647113160971171,0.509984571632376,0.485152176483384,0.633028173925084
"ametryn",0.652320210779964,0.508498022899164,0.483655241655069,0.629804038284209
"ametryn",0.657569159547619,0.506977715886289,0.482173568073317,0.625650732371122
"ametryn",0.662860344417591,0.505478081951775,0.480658864803862,0.622162716821817
"ametryn",0.668194105246186,0.503990192885188,0.479149520289396,0.618083418071185
"ametryn",0.67357078462439,0.502494388003477,0.477686211298954,0.613742824032802
"ametryn",0.67899072789988,0.500955148860358,0.476203981311433,0.60956168360182
"ametryn",0.684454283199199,0.499441013199748,0.47471322612287,0.605450169722649
"ametryn",0.68996180145012,0.497924832652039,0.473217262785844,0.601383660656024
"ametryn",0.695513636404185,0.496375509466414,0.47156030379361,0.597157579212905
"ametryn",0.701110144659427,0.49485680191519,0.470015439075834,0.592876936199471
"ametryn",0.706751685683276,0.493326566324119,0.468489877325875,0.588624500016514
"ametryn",0.712438621835646,0.491774619518548,0.466961558233516,0.584395071889649
"ametryn",0.718171318392208,0.490176970875652,0.465348077917784,0.580197951625908
"ametryn",0.723950143567858,0.488622712030297,0.463786155778636,0.576037414291584
"ametryn",0.729775468540361,0.487064402893868,0.46229010560887,0.57212406000346
"ametryn",0.735647667474195,0.48548047096362,0.460754261988078,0.568181393639
"ametryn",0.741567117544584,0.483896508598388,0.459124401666964,0.564245654395008
"ametryn",0.747534198961723,0.482296206325512,0.457534662306802,0.560380894426911
"ametryn",0.753549294995202,0.48071381208378,0.455887302023537,0.556590280558133
"ametryn",0.759612791998619,0.479113685586707,0.454315796449305,0.552721869456019
"ametryn",0.765725079434401,0.477502328230205,0.452651415566917,0.548872342225576
"ametryn",0.771886549898814,0.475879247391063,0.450974902747587,0.545032711822203
"ametryn",0.778097599147183,0.474267029997128,0.449412559678216,0.541417795903121
"ametryn",0.784358626119314,0.472640954202467,0.447849945975214,0.537703930214503
"ametryn",0.790670032965113,0.47102010007624,0.446152157120048,0.533901001251238
"ametryn",0.797032225070417,0.469401781291838,0.444583049847823,0.530179434369652
"ametryn",0.803445611083036,0.467737960977684,0.443011693823435,0.526750229233809
"ametryn",0.809910602939,0.466111521540731,0.441346854519225,0.523345334692525
"ametryn",0.816427615889012,0.464448473463512,0.43977516178198,0.519476535803282
"ametryn",0.822997068525129,0.462804710221895,0.438134528971705,0.515822521571594
"ametryn",0.829619382807641,0.46115036578252,0.436497623022925,0.512260822561852
"ametryn",0.836294984092177,0.459479878415899,0.434823510847083,0.508836323000681
"ametryn",0.843024301157025,0.457796106004495,0.433206105201706,0.50544306745925
"ametryn",0.849807766230675,0.456124685451292,0.431551595335046,0.502157375641074
"ametryn",0.856645815019578,0.454448026458369,0.429943535120901,0.498906590170148
"ametryn",0.863538886736133,0.452715062270591,0.428268726712516,0.495984993099697
"ametryn",0.870487424126898,0.451005521562212,0.426466723115735,0.492504202273557
"ametryn",0.877491873501029,0.449291365305616,0.424777398228786,0.489429567058295
"ametryn",0.884552684758945,0.447555996482467,0.423088998585935,0.486625092514915
"ametryn",0.891670311421226,0.445842259159951,0.42136230793455,0.483463812389579
"ametryn",0.898845210657742,0.44410595281994,0.419668825383067,0.480368976620071
"ametryn",0.906077843317022,0.44236913941699,0.418028379388975,0.477127066508252
"ametryn",0.913368673955847,0.440640674375798,0.41632004087521,0.473978961858477
"ametryn",0.920718170869093,0.438890941683341,0.414572864486525,0.471425047114241
"ametryn",0.928126806119814,0.437115334317059,0.412874278554116,0.468963056745404
"ametryn",0.935595055569552,0.435352189540061,0.411149185853584,0.466184873549377
"ametryn",0.943123398908914,0.433630013734935,0.409418777675751,0.463193547636926
"ametryn",0.950712319688375,0.43183789331487,0.407719577988644,0.460610329498189
"ametryn",0.958362305349338,0.430031765320689,0.405950037340231,0.457717130950034
"ametryn",0.966073847255446,0.428263345037126,0.404200505427433,0.45506891219866
"ametryn",0.97384744072414,0.426467105690895,0.402452658008811,0.452593414297498
"ametryn",0.981683585058472,0.424710799209055,0.400732179370455,0.450202371323008
"ametryn",0.989582783579179,0.422916770606125,0.39900128498415,0.44787269871653
"ametryn",0.997545543657011,0.421097506915221,0.397295986636694,0.445619601134238
"ametryn",1.00557237674532,0.419303140353412,0.395539321949818,0.44343955480312
"ametryn",1.0136637984129,0.417501330220567,0.39383445818555,0.441424697833106
"ametryn",1.02182032837712,0.415717150041667,0.392057339874457,0.439254663976025
"ametryn",1.03004249053731,0.41393819914045,0.390192342533445,0.437089063089551
"ametryn",1.03833081300838,0.412122998389134,0.388440443921655,0.435079003348166
"ametryn",1.04668582815476,0.410247434772661,0.38672717821301,0.432938292954268
"ametryn",1.05510807262462,0.408375609709814,0.385005681542352,0.430989887290271
"ametryn",1.06359808738428,0.40652259698142,0.383241723964826,0.428917732610929
"ametryn",1.07215641775301,0.404665910244719,0.381419413508215,0.427013500400015
"ametryn",1.08078361343804,0.402775924514639,0.379604751015563,0.425125790710819
"ametryn",1.08948022856986,0.400963918388676,0.377768531766321,0.423133779624742
"ametryn",1.0982468217378,0.399146406053799,0.37590465599517,0.421182302780206
"ametryn",1.10708395602596,0.397247825002294,0.374116425301009,0.419230034965664
"ametryn",1.11599219904932,0.395370885405826,0.372315231086104,0.417392248694605
"ametryn",1.12497212299021,0.393510059875011,0.370559657561017,0.415528058093489
"ametryn",1.13402430463511,0.391639302660052,0.368669014647267,0.413655153000123
"ametryn",1.14314932541162,0.389779364025356,0.366766037224752,0.411784626950726
"ametryn",1.15234777142587,0.387920768246911,0.364834714772956,0.409945971640527
"ametryn",1.16162023350014,0.38605364524585,0.362974319055782,0.408033491946258
"ametryn",1.1709673072108,0.384190922321714,0.361171963232514,0.406115712662244
"ametryn",1.18038959292659,0.382352958915802,0.359356623239182,0.404308612604513
"ametryn",1.18988769584714,0.380512509207833,0.357487276953274,0.402502452135819
"ametryn",1.1994622260419,0.378633193809888,0.355626075751274,0.400624378031211
"ametryn",1.20911379848928,0.376804928968274,0.353798120316111,0.398796965697961
"ametryn",1.21884303311616,0.374937447140584,0.351896911347513,0.396869015851517
"ametryn",1.22865055483773,0.373056887888788,0.34992530905859,0.395037727056991
"ametryn",1.23853699359759,0.371196364148469,0.347919368029217,0.393189549134362
"ametryn",1.24850298440825,0.369359159292465,0.345889853846848,0.391348466692533
"ametryn",1.25854916739189,0.367506901497378,0.34404005942088,0.389436894315794
"ametryn",1.2686761878215,0.365663708129894,0.342199008046083,0.387592837179331
"ametryn",1.2788846961623,0.363783070576014,0.340393869475938,0.385685975160706
"ametryn",1.28917534811354,0.36194216087558,0.338411576577966,0.383875726051812
"ametryn",1.2995488046506,0.360134653530478,0.336590223840152,0.38204549029493
"ametryn",1.31000573206746,0.358311816484891,0.33449643268347,0.38024301914049
"ametryn",1.3205468020195,0.356487666368711,0.332510070536037,0.378459464632646
"ametryn",1.3311726915666,0.354662517835365,0.330339570131417,0.376639945200466
"ametryn",1.3418840832167,0.352840528973077,0.328274080909754,0.374783445230681
"ametryn",1.35268166496955,0.351021695339226,0.326282586500503,0.372999972883835
"ametryn",1.36356613036099,0.349211132247128,0.324326918426472,0.371168201743393
"ametryn",1.37453817850744,0.347364991580526,0.3224154679397,0.369331042495687
"ametryn",1.38559851415079,0.345567222187317,0.320378057983199,0.367495238641827
"ametryn",1.39674784770375,0.343722916477048,0.318271991706888,0.365629504514606
"ametryn",1.40798689529536,0.341928620718321,0.316250619445544,0.363766056135666
"ametryn",1.41931637881711,0.340117675841379,0.314342265850674,0.361858627236352
"ametryn",1.43073702596922,0.338297717094055,0.312339110717174,0.359995440433274
"ametryn",1.44224957030741,0.336488633473849,0.310425840713282,0.358169279982054
"ametryn",1.45385475129002,0.334694233609015,0.30853876640959,0.356308249849991
"ametryn",1.46555331432551,0.332873040145657,0.30653008873145,0.354444294521393
"ametryn",1.47734601082033,0.331073663755606,0.304590431194059,0.352579459760849
"ametryn",1.48923359822717,0.329254009046627,0.302769984368544,0.350716795394288
"ametryn",1.50121684009364,0.327436931579201,0.3008332796532,0.348856069657617
"ametryn",1.51329650611131,0.325615733307031,0.298994744699759,0.34698526076233
"ametryn",1.5254733721651,0.323836907018543,0.297144977162217,0.345116283980597
"ametryn",1.53774822038319,0.322049685389893,0.295185004196087,0.343263154286988
"ametryn",1.55012183918721,0.320255378141951,0.29322971418069,0.341461406500866
"ametryn",1.56259502334287,0.318437471217579,0.291274059291382,0.339591170101967
"ametryn",1.57516857401105,0.316646357521268,0.289337768685012,0.337727657405626
"ametryn",1.58784329879923,0.314847877463555,0.287528993191687,0.335919710857497
"ametryn",1.60062001181338,0.313036447282865,0.285718878781586,0.334072266295933
"ametryn",1.61349953371022,0.311271188068995,0.28383043765049,0.332206863940595
"ametryn",1.62648269174997,0.309463641229888,0.281906737331392,0.3304081723194
"ametryn",1.63957031984947,0.307676351814811,0.279922444606775,0.328639301243592
"ametryn",1.65276325863573,0.305912226580127,0.278079521437288,0.326873133994328
"ametryn",1.66606235549994,0.304130672920385,0.276178518354792,0.325094237786297
"ametryn",1.67946846465188,0.302390354668697,0.274375618697031,0.323291550998523
"ametryn",1.69298244717484,0.300622377308928,0.272628027823782,0.321504127156268
"ametryn",1.70660517108084,0.298864042837385,0.270767165445914,0.319695331794102
"ametryn",1.72033751136647,0.297110989547271,0.268990000144064,0.317913046857075
"ametryn",1.73418035006901,0.295353178579096,0.267147190313065,0.316104166216678
"ametryn",1.74813457632318,0.293602543559191,0.265412985191919,0.314235917070894
"ametryn",1.76220108641815,0.291852623620757,0.263689182176624,0.312446492795901
"ametryn",1.77638078385517,0.290093196604565,0.261996843055374,0.310707555915939
"ametryn",1.7906745794056,0.288364695101198,0.260266830902649,0.308961071888065
"ametryn",1.80508339116939,0.286634410312148,0.258474915362679,0.307240737122003
"ametryn",1.81960814463405,0.284913188318118,0.256762108376432,0.305426562529059
"ametryn",1.83424977273411,0.283176518317253,0.255109201032802,0.303641138112969
"ametryn",1.84900921591104,0.281447822976876,0.253319860274678,0.301909145639119
"ametryn",1.86388742217363,0.279736303693263,0.251569855108285,0.300181072839411
"ametryn",1.87888534715892,0.27802289917083,0.249871248831382,0.29847923553569
"ametryn",1.89400395419356,0.276309196275371,0.248256507404014,0.296723000031297
"ametryn",1.90924421435568,0.274601881543031,0.246662007374651,0.295012878962018
"ametryn",1.92460710653729,0.272917425898626,0.245041143987311,0.293296071430798
"ametryn",1.94009361750711,0.271219034686658,0.243354448094265,0.291563041767337
"ametryn",1.955704741974,0.269534379334549,0.241664448305871,0.289921371260618
"ametryn",1.9714414826508,0.267864968198462,0.240061544113974,0.288229870989666
"ametryn",1.9873048503188,0.266179399145718,0.238459263664777,0.286569768643116
"ametryn",2.00329586389258,0.264503998701341,0.236758350251874,0.284945575226334
"ametryn",2.01941555048554,0.262832461449472,0.235232539542305,0.283238529147561
"ametryn",2.03566494547582,0.261169283062753,0.23373270894617,0.281519454957051
"ametryn",2.05204509257281,0.259486920560068,0.232152044364966,0.27980669122349
"ametryn",2.0685570438842,0.257834962057832,0.230589713476035,0.278160641424497
"ametryn",2.08520185998355,0.25620031396804,0.22899371907145,0.276473017354794
"ametryn",2.10198060997842,0.25454493638911,0.227418199048567,0.274775476291782
"ametryn",2.11889437157901,0.252891023936169,0.225884331822192,0.273129110177575
"ametryn",2.13594423116744,0.251271049752745,0.224326553133946,0.271446976294103
"ametryn",2.15313128386747,0.249640083851905,0.222793055388539,0.269735551942961
"ametryn",2.17045663361486,0.248018230168687,0.221186762108799,0.268097120705641
"ametryn",2.18792139322831,0.2464146775691,0.219759718357574,0.266385810617184
"ametryn",2.20552668448087,0.2448047427864,0.218268543923936,0.26467156256245
"ametryn",2.22327363817206,0.24320513542241,0.216776260628423,0.263026635787346
"ametryn",2.24116339420045,0.24159682452403,0.215279817016225,0.261387644689621
"ametryn",2.25919710163692,0.240011785298716,0.213823600808749,0.259706840560576
"ametryn",2.27737591879844,0.238418489188476,0.212378848006344,0.258067198133978
"ametryn",2.29570101332245,0.236813297924618,0.210924947604301,0.256484228259692
"ametryn",2.31417356224191,0.235257449300719,0.209499848603519,0.254883456300311
"ametryn",2.33279475206086,0.233662213821421,0.208081319896805,0.253263203805226
"ametryn",2.35156577883064,0.232091238851448,0.206658984257463,0.251606526302825
"ametryn",2.37048784822674,0.230553546321263,0.20526537982215,0.250078469890472
"ametryn",2.38956217562618,0.228974818777468,0.203855892579199,0.248441858160196
"ametryn",2.40878998618565,0.227414424154581,0.202467415849842,0.246812345545213
"ametryn",2.42817251492014,0.225865829725669,0.201009886584645,0.245158240760245
"ametryn",2.4477110067823,0.224320410544619,0.19962051717371,0.243562515033807
"ametryn",2.46740671674239,0.222801533014606,0.198255172543697,0.241961592067072
"ametryn",2.4872609098689,0.221278471603469,0.196916317020479,0.240423934062182
"ametryn",2.50727486140979,0.219762988135436,0.195554593556031,0.238874509980947
"ametryn",2.52744985687442,0.218231553102541,0.194234136927991,0.237319348250038
"ametryn",2.5477871921161,0.216718270727157,0.192771003684504,0.235720727143586
"ametryn",2.56828817341532,0.215233849761819,0.191528614935124,0.234140388848652
"ametryn",2.58895411756369,0.213736735533881,0.190212027274584,0.232533009341043
"ametryn",2.60978635194848,0.212244807115696,0.188952784683802,0.230901417180648
"ametryn",2.63078621463789,0.21075187582006,0.18746840575623,0.229385464957126
"ametryn",2.65195505446699,0.209262520208548,0.186167695208612,0.22777538046843
"ametryn",2.67329423112439,0.207793704851913,0.184876267078512,0.226252281596107
"ametryn",2.69480511523952,0.206322954079871,0.183604583719935,0.224752006595754
"ametryn",2.71648908847069,0.20487305831633,0.182329205562997,0.223219994133097
"ametryn",2.73834754359388,0.203427121622319,0.181101500277644,0.221659884890081
"ametryn",2.7603818845921,0.201989816676127,0.17987519062439,0.220132094861522
"ametryn",2.78259352674567,0.200548810343049,0.178584403967244,0.218612452204644
"ametryn",2.80498389672307,0.199117858774781,0.177355946743801,0.217199298049772
"ametryn",2.82755443267258,0.197684313586624,0.17613853749157,0.215702234900034
"ametryn",2.85030658431466,0.196271787701072,0.174930031088381,0.214213897890676
"ametryn",2.87324181303506,0.194857076915862,0.173705800466486,0.212730544382842
"ametryn",2.89636159197871,0.193450383456296,0.172457941358686,0.211339100675717
"ametryn",2.91966740614431,0.192034042925625,0.171217674684747,0.209811766591558
"ametryn",2.94316075247972,0.190627378768032,0.170016505087639,0.208414384316316
"ametryn",2.96684313997814,0.189229892299306,0.168819743762832,0.207024135786729
"ametryn",2.99071608977498,0.187836784100212,0.167585243597821,0.20556819662119
"ametryn",3.01478113524562,0.186474135045734,0.166352976098339,0.204165573072434
"ametryn",3.03903982210384,0.185115798721498,0.165163205637754,0.2027679865905
"ametryn",3.06349370850116,0.183766097419034,0.16398182777368,0.201388453109216
"ametryn",3.08814436512688,0.182419095887542,0.162804862204137,0.199975805835525
"ametryn",3.11299337530901,0.18108055134611,0.161631721278411,0.198548625383488
"ametryn",3.13804233511589,0.179736205272886,0.160452916823182,0.197193634381172
"ametryn",3.16329285345882,0.17841600810632,0.15927218157644,0.195860108943158
"ametryn",3.18874655219527,0.177092084561403,0.158025805205355,0.194508738884599
"ametryn",3.21440506623319,0.175773957887641,0.156808762930236,0.193129974987132
"ametryn",3.24027004363589,0.174481909029827,0.155616811299749,0.191745851705774
"ametryn",3.266343145728,0.173183235227405,0.154424570688324,0.19038703191128
"ametryn",3.29262604720213,0.171907512624214,0.15325203256841,0.1890585234486
"ametryn",3.31912043622642,0.17063762700757,0.152168446609208,0.187774828964814
"ametryn",3.34582801455302,0.169381900403477,0.151019147613529,0.186523768920806
"ametryn",3.37275049762737,0.168115842025955,0.149859030646505,0.185234927190575
"ametryn",3.39988961469836,0.166871731118161,0.148681277471432,0.183981829378554
"ametryn",3.42724710892945,0.165624265942786,0.147583945251227,0.182624327583011
"ametryn",3.4548247375106,0.164372963655548,0.146463455578326,0.181333899440898
"ametryn",3.48262427177114,0.163120249899253,0.145391962774426,0.180085992422206
"ametryn",3.51064749729357,0.161886959573781,0.144238655809102,0.178826322404203
"ametryn",3.53889621402819,0.160660016434613,0.143144306010148,0.177605184624929
"ametryn",3.56737223640878,0.159435158695157,0.142036786566847,0.176376159613075
"ametryn",3.59607739346911,0.158239120641634,0.14090650453039,0.17507641939883
"ametryn",3.62501352896042,0.157029304383503,0.139837183695565,0.173815928222435
"ametryn",3.65418250146983,0.155837304497204,0.138766290304151,0.172557854894951
"ametryn",3.68358618453975,0.154647977495466,0.13771237654972,0.171317950664841
"ametryn",3.71322646678821,0.153483734332203,0.136666461809687,0.170108022395811
"ametryn",3.74310525203015,0.152313987446748,0.135667001559176,0.168942796475267
"ametryn",3.77322445939973,0.151152355334795,0.134531597091784,0.167790525627459
"ametryn",3.80358602347357,0.149989958616314,0.133446708484821,0.166664729605588
"ametryn",3.83419189439502,0.148836973199008,0.132375848015836,0.165518578212999
"ametryn",3.86504403799943,0.147701748972502,0.131369458492787,0.164285605948777
"ametryn",3.89614443594039,0.146568416270867,0.130422575865768,0.163039464227001
"ametryn",3.92749508581706,0.145430685071282,0.129466440697,0.161806537303662
"ametryn",3.95909800130243,0.144320441590013,0.128421616463054,0.160705922904588
"ametryn",3.99095521227266,0.143221069572375,0.127422740028942,0.159474923691534
"ametryn",4.02306876493751,0.142120307033262,0.126430227695727,0.15826829382152
"ametryn",4.05544072197172,0.141030853015905,0.125443089163088,0.157166038336598
"ametryn",4.0880731626475,0.139950852740396,0.124502276570527,0.155996015037345
"ametryn",4.12096818296813,0.138886474123916,0.12358215553943,0.154828219803201
"ametryn",4.15412789580253,0.137813715958737,0.122537662237269,0.153670046824974
"ametryn",4.187554431021,0.136757957118914,0.121548287658011,0.152488477980987
"ametryn",4.22124993563203,0.135695267780152,0.120579649193671,0.151374875689625
"ametryn",4.25521657392016,0.134633139190202,0.119613942171277,0.150313654720664
"ametryn",4.28945652758506,0.133602642767741,0.118602065982549,0.149256036925451
"ametryn",4.32397199588162,0.132559553879659,0.117717447198804,0.148185664965794
"ametryn",4.35876519576121,0.13152700372809,0.116828875734883,0.147069074146891
"ametryn",4.39383836201408,0.130496237820397,0.115964987505985,0.146029246528636
"ametryn",4.42919374741291,0.129480078472856,0.115037324315464,0.144952394463089
"ametryn",4.46483362285751,0.128476766415975,0.114139460798882,0.143909896465924
"ametryn",4.50076027752066,0.127453818107537,0.11319920620688,0.14288298548194
"ametryn",4.53697601899517,0.126464333502597,0.112313900423768,0.141813227696463
"ametryn",4.57348317344208,0.125469078929963,0.111443095779559,0.140822506015678
"ametryn",4.61028408574009,0.124483362606502,0.110528962115846,0.13972241402691
"ametryn",4.64738111963615,0.123507683884354,0.109631296032828,0.138700714112996
"ametryn",4.6847766578973,0.122543503968322,0.108719294053206,0.137694043206174
"ametryn",4.7224731024637,0.121598851627483,0.10778130818359,0.136726122094542
"ametryn",4.76047287460295,0.12064464477133,0.106918344661434,0.135703956563934
"ametryn",4.79877841506555,0.11970016756191,0.106081551421167,0.134712056390864
"ametryn",4.83739218424173,0.118768093962063,0.105198870620992,0.133727074967133
"ametryn",4.87631666231942,0.117834696199465,0.104345053337903,0.132725495862182
"ametryn",4.91555434944363,0.116927946477168,0.103536825471327,0.131737466178902
"ametryn",4.95510776587696,0.116007185995939,0.102678596411653,0.130787597134379
"ametryn",4.99497945216153,0.115096868541583,0.101802264123781,0.129859579934084
"ametryn",5.03517196928213,0.114173487863599,0.100988298381156,0.128895623144377
"ametryn",5.07568789883074,0.113246095903105,0.100153025747036,0.127916099449638
"ametryn",5.11652984317234,0.112356202124015,0.0992904311936443,0.126968361644193
"ametryn",5.15770042561203,0.111458121139345,0.0984596377009717,0.126047060891849
"ametryn",5.19920229056357,0.110580899728046,0.0975839743112539,0.125083698558536
"ametryn",5.24103810371923,0.109691320897429,0.0967444346391719,0.124136000540432
"ametryn",5.28321055222095,0.108819305670504,0.0959814239448879,0.123212729285773
"ametryn",5.32572234483303,0.107961423932446,0.0952249751850582,0.122325481200515
"ametryn",5.36857621211604,0.107103471414503,0.0944348061286326,0.12146882468337
"ametryn",5.41177490660223,0.106250066043799,0.0936372074531393,0.120577109170966
"ametryn",5.45532120297235,0.105393732423239,0.0928506594914749,0.119746680925244
"ametryn",5.49921789823382,0.104557246146005,0.0920969259490766,0.118891762111261
"ametryn",5.54346781190044,0.103733663518681,0.0913182829289096,0.117978839558529
"ametryn",5.58807378617345,0.102908218279766,0.0905221656363654,0.117137916106701
"ametryn",5.63303868612409,0.102086929931426,0.0897362764316549,0.116254935981653
"ametryn",5.67836539987766,0.101272344580078,0.0889922279953927,0.115494954107904
"ametryn",5.72405683879896,0.100468657713064,0.0882211839157565,0.11463249001824
"ametryn",5.77011593767938,0.099659822467976,0.087487810923185,0.11373294824024
"ametryn",5.8165456549253,0.0988558503568874,0.0867524058037573,0.112871268057571
"ametryn",5.86334897274819,0.0980623772505795,0.0859883447230559,0.112025857196544
"ametryn",5.91052889735614,0.0972762768624659,0.0852449954204937,0.111216627644781
"ametryn",5.95808845914694,0.0964747515896711,0.0844926748956661,0.110414055729943
"ametryn",6.00603071290269,0.0957153869116534,0.0837439781385569,0.109575713378302
"ametryn",6.05435873798611,0.0949418064988564,0.0830429717361816,0.108807035494831
"ametryn",6.10307563853822,0.0941788905893689,0.082331782469298,0.107973237607004
"ametryn",6.15218454367778,0.093415153224701,0.0815929005164329,0.107185765080817
"ametryn",6.20168860770229,0.0926612381575811,0.0808507192954454,0.106393306145179
"ametryn",6.25159101029052,0.0919224562013592,0.0801665062621357,0.105570005179566
"ametryn",6.30189495670683,0.0911723235424318,0.0794708764258308,0.104745989443228
"ametryn",6.35260367800699,0.090459487736302,0.078764220124422,0.103961907334495
"ametryn",6.40372043124573,0.0897303697180682,0.0780735379053647,0.103165254697167
"ametryn",6.45524849968593,0.0889957090007558,0.0774097937780248,0.10237511502818
"ametryn",6.50719119300954,0.0882796192771317,0.0767269224566311,0.101600121626354
"ametryn",6.55955184753014,0.0875756798498497,0.0760490306357621,0.100852952096785
"ametryn",6.61233382640719,0.0868696152749739,0.0753747399312041,0.100105010150224
"ametryn",6.66554051986216,0.0861721591264303,0.0747064058745611,0.0993604035233268
"ametryn",6.71917534539617,0.0854832600553221,0.0740419634701928,0.0986345952605455
"ametryn",6.77324174800955,0.0847825266580444,0.0733915653730011,0.097948421536081
"ametryn",6.82774320042315,0.0841027667260952,0.072767066121133,0.097236671193816
"ametryn",6.88268320330131,0.0834308787742461,0.0721015293627759,0.0965539407965657
"ametryn",6.93806528547677,0.0827674953793778,0.071486401324057,0.0958880854583979
"ametryn",6.99389300417734,0.0820909425424482,0.0708939707372443,0.0952212812443458
"ametryn",7.05016994525433,0.0814226816751291,0.0702602378926557,0.0944992413657326
"ametryn",7.1068997234129,0.0807616563033105,0.069658009917702,0.0938195278690586
"ametryn",7.16408598244428,0.0801041852507299,0.0690381017264594,0.0930493853865407
"ametryn",7.2217323954597,0.079470977842074,0.0684229452781914,0.0923822926260071
"ametryn",7.27984266512644,0.0788375715555611,0.0678456124674261,0.0916860173761347
"ametryn",7.33842052390557,0.0781993090263776,0.067252992883339,0.0910605042856016
"ametryn",7.39746973429174,0.0775669441310626,0.0666560985848622,0.090372500120946
"ametryn",7.4569940890548,0.0769384584583437,0.0660801655146277,0.0897151468249607
"ametryn",7.51699741148346,0.076327378913723,0.0654770157232318,0.0889962356120668
"ametryn",7.57748355563082,0.0757164606067515,0.0649080628392077,0.0883071098504322
"ametryn",7.63845640656197,0.0751023282561141,0.0643264575112534,0.0876645912607735
"ametryn",7.69991988060346,0.0744951937905551,0.0637493383467155,0.0870165551427032
"ametryn",7.76187792559492,0.0738915791951783,0.0631827544995574,0.0863542654809977
"ametryn",7.82433452114258,0.0732917501609347,0.0626432761409511,0.0857721698973468
"ametryn",7.88729367887489,0.0726983060857254,0.062084122950924,0.0851995127940389
"ametryn",7.95075944270026,0.0721094171841141,0.0615442569577277,0.084587866923755
"ametryn",8.01473588906667,0.0715356348817323,0.0610166421763213,0.0839877303820991
"ametryn",8.07922712722361,0.0709600613418651,0.0604759973749804,0.0833667794286979
"ametryn",8.14423729948602,0.0703887377186092,0.0599401129144415,0.0827989501182199
"ametryn",8.20977058150026,0.0698162216438175,0.0594213604494846,0.0821997027321389
"ametryn",8.27583118251241,0.0692504714995614,0.0588998864778205,0.0816105051184586
"ametryn",8.34242334563861,0.0686881729411188,0.0583872524486434,0.0810503409526131
"ametryn",8.40955134813756,0.0681323118024499,0.0578795498252263,0.080424491208142
"ametryn",8.47721950168529,0.0675854959780887,0.0573868594976132,0.0798581603885911
"ametryn",8.54543215265208,0.067043166962457,0.0568816172038385,0.0792892479627573
"ametryn",8.61419368238166,0.0665056201074703,0.0563823847035976,0.0787434955357421
"ametryn",8.68350850747257,0.0659673990321522,0.0558923995815602,0.0781627058223442
"ametryn",8.75338108006193,0.0654297113199097,0.0554076308386521,0.0776227229656537
"ametryn",8.8238158881113,0.0649064921399531,0.0549481512555719,0.0771085290439172
"ametryn",8.89481745569502,0.0643797745212453,0.0544783477555121,0.0765473074471976
"ametryn",8.96639034329078,0.0638642426853284,0.0539842006996511,0.0759865179573692
"ametryn",9.03853914807251,0.0633555921770883,0.053520315233298,0.075423388772293
"ametryn",9.11126850420567,0.0628371005799211,0.0530583712986097,0.0749100008664755
"ametryn",9.18458308314498,0.0623332704147542,0.0525972039609199,0.0743756573423972
"ametryn",9.25848759393434,0.0618287128968539,0.0521546116985917,0.0738420657162877
"ametryn",9.33298678350939,0.0613219683700673,0.0516878721639546,0.0733235586348074
"ametryn",9.4080854370024,0.0608256835156591,0.0512511200352026,0.0728357845414973
"ametryn",9.48378837804958,0.0603370164147325,0.0508140195832932,0.0723481472448183
"ametryn",9.56010046910091,0.0598539197591408,0.0503706322923751,0.0718518946460331
"ametryn",9.63702661173254,0.059379878216696,0.0499301589872838,0.0713724181443074
"ametryn",9.71457174696151,0.0589063073430637,0.0495012108897766,0.0708765801432603
"ametryn",9.79274085556316,0.058438692181693,0.0490763192479609,0.0703830416423169
"ametryn",9.8715389583911,0.0579658342441914,0.0486727187499115,0.0698901136477858
"ametryn",9.95097111669961,0.0575052821619826,0.0482391381204353,0.0694178107389979
"ametryn",10.0310424324688,0.0570452714710867,0.0478313013619658,0.0689336126707818
"ametryn",10.1117580487322,0.0565892585206615,0.0474382106718779,0.0684614454783035
"ametryn",10.1931231499074,0.0561401634264423,0.0470335269893305,0.0680179448943554
"ametryn",10.2751429621286,0.0556910079840756,0.0466326432657692,0.0675817535955848
"ametryn",10.3578227535827,0.055247014715312,0.0462404406098478,0.0671472184946942
"ametryn",10.4411678348473,0.0548090474860139,0.0458547224027462,0.0666578786872724
"ametryn",10.5251835592322,0.0543694760435541,0.0454774806519065,0.0662081172855795
"ametryn",10.609875323123,0.0539432331487667,0.0451017401358756,0.0657819290393303
"ametryn",10.6952485663278,0.0535179948573324,0.0447294555158137,0.0653573212296212
"ametryn",10.7813087724264,0.0530955201767315,0.044350850788577,0.0648811536736483
"ametryn",10.8680614691228,0.0526715321410003,0.0439710806190959,0.0644572545849769
"ametryn",10.9555122286002,0.052256501276032,0.0436057223722578,0.0640149763110054
"ametryn",11.0436666678787,0.0518423622698078,0.0432486330023214,0.0635772348612865
"ametryn",11.1325304491763,0.0514281842983989,0.0428865308653531,0.06317151919751
"ametryn",11.2221092802725,0.0510171231704501,0.0425223589786862,0.0627659781656281
"ametryn",11.3124089148749,0.0506134573695066,0.0421727956018559,0.0623349016782737
"ametryn",11.4034351529888,0.0502069049062116,0.0418127630559732,0.061930267387914
"ametryn",11.4951938412897,0.0498101845256473,0.0414687737165178,0.0615282396857077
"ametryn",11.5876908734988,0.0494128716711961,0.0411314249591949,0.0610989899939015
"ametryn",11.6809321907619,0.049019416061978,0.0407586040515151,0.0606685125463359
"ametryn",11.7749237820303,0.0486335764675323,0.0404189257707687,0.060279481290016
"ametryn",11.8696716844462,0.0482576897030471,0.0400881329275836,0.0598969618661448
"ametryn",11.9651819837302,0.047870593105562,0.0397545495456578,0.0594996445938151
"ametryn",12.0614608145718,0.0474930647184657,0.0394225205420826,0.0590559806831302
"ametryn",12.1585143610242,0.0471261000929897,0.039092887570264,0.0586359166562301
"ametryn",12.2563488569009,0.0467546049432496,0.0387718686278015,0.0582501993217894
"ametryn",12.3549705861763,0.0463905811282608,0.0384234596139689,0.0578620358327007
"ametryn",12.4543858833893,0.0460312321956794,0.0381018284021976,0.0574819479019701
"ametryn",12.5546011340502,0.0456793177645167,0.0377742038948236,0.0571032328992024
"ametryn",12.655622775051,0.0453264338108322,0.0374602653523051,0.0567138142018074
"ametryn",12.7574572950785,0.0449714552414919,0.0371498686789537,0.05631373864075
"ametryn",12.8601112350314,0.0446281154839983,0.0368431607940632,0.055932339093037
"ametryn",12.96359118844,0.044288027852509,0.0365432567921791,0.0555668270277039
"ametryn",13.0679038018904,0.0439408547973564,0.0362491668246112,0.0551983218300837
"ametryn",13.1730557754507,0.043602441060437,0.035963518012213,0.0548335749620467
"ametryn",13.2790538631017,0.0432622182462124,0.0356675138740416,0.0544791031481573
"ametryn",13.3859048731709,0.0429314627343079,0.0353675756229355,0.0541088216381798
"ametryn",13.4936156687692,0.0426026624995474,0.0350848429990555,0.0537626157810917
"ametryn",13.6021931682324,0.0422742594820352,0.0347832907267561,0.0534184573926153
"ametryn",13.7116443455652,0.0419441242619663,0.0344972747941287,0.0530745363218589
"ametryn",13.821976230889,0.0416250407872455,0.0342185199880149,0.0527313595212988
"ametryn",13.9331959108939,0.0413099615398299,0.0339447642411916,0.0523913110597342
"ametryn",14.0453105292936,0.0409960591486658,0.0336793696773925,0.0520539652011095
"ametryn",14.1583272872842,0.0406835516609124,0.0334030955713559,0.0517202694576768
"ametryn",14.2722534440068,0.0403764324565797,0.0331518041178697,0.0513816366270114
"ametryn",14.3870963170139,0.0400680948041051,0.0328713216355079,0.0510344900951221
"ametryn",14.5028632827393,0.0397614318882152,0.0326188019161258,0.0506913901344396
"ametryn",14.6195617769718,0.0394627622039584,0.0323590765237706,0.0503303999751697
"ametryn",14.7371992953328,0.0391667888692165,0.0321078340790802,0.050013604278043
"ametryn",14.8557833937581,0.0388705329270237,0.0318502494964051,0.0497118041432636
"ametryn",14.9753216889827,0.038578467896136,0.0315901310956535,0.0493916738414892
"ametryn",15.0958218590306,0.0382898738282608,0.0313309104765957,0.049067709415526
"ametryn",15.2172916437073,0.038009075028636,0.0310840056367207,0.048748330927164
"ametryn",15.3397388450975,0.0377287090974535,0.0308403738440428,0.0484414538835531
"ametryn",15.4631713280661,0.0374487036617731,0.0305981414341612,0.0481395271569626
"ametryn",15.587597020763,0.0371640558192885,0.0303615318909505,0.0478351437283236
"ametryn",15.7130239151329,0.0368844016894538,0.0301280441277208,0.0475008776393879
"ametryn",15.8394600674282,0.0366082807896067,0.0298945022095945,0.0471966075385387
"ametryn",15.9669135987267,0.0363368730773089,0.0296437403978625,0.0469018140490406
"ametryn",16.0953926954529,0.0360688897110675,0.0294086309452794,0.0465931446610671
"ametryn",16.2249056099044,0.0357990071462416,0.0291787916877639,0.0463101788112312
"ametryn",16.3554606607814,0.0355293381582941,0.0289400070673424,0.0460100538385874
"ametryn",16.4870662337211,0.035268655052902,0.0287058953761109,0.0457038751350486
"ametryn",16.6197307818366,0.035002300278671,0.0284830467767409,0.0453986729967312
"ametryn",16.7534628262597,0.0347527020855421,0.028247519250592,0.0451027010290069
"ametryn",16.888270956688,0.0345001291111499,0.0280326842858802,0.0448140569876995
"ametryn",17.0241638319371,0.0342519020955955,0.027819734180009,0.0445104016345492
"ametryn",17.1611501804961,0.0340053954700828,0.0275915651658281,0.0442157414219088
"ametryn",17.299238801089,0.0337563361984401,0.0273876632127278,0.0439254798643294
"ametryn",17.4384385632392,0.0335107648301298,0.0271829407332339,0.0436480226373224
"ametryn",17.5787584078396,0.0332733083273943,0.0269854882310989,0.0433601823792525
"ametryn",17.7202073477267,0.0330351220553372,0.0267913282213468,0.0430675663599018
"ametryn",17.8627944682595,0.032798917148969,0.0266007715758861,0.0427859227101672
"ametryn",18.0065289279031,0.0325638231437276,0.0263867939095157,0.0425158696048829
"ametryn",18.151419958817,0.0323314862880713,0.0261925397599804,0.0422485402075426
"ametryn",18.297476867448,0.0321028389451296,0.0260030497355902,0.0419831862920093
"ametryn",18.444709035128,0.0318706854181677,0.025815523917563,0.0417279699475996
"ametryn",18.5931259186765,0.0316366297206064,0.0256149220499881,0.0414685389216148
"ametryn",18.7427370510083,0.0314077555856552,0.0254209420511135,0.041199937587495
"ametryn",18.8935520417454,0.0311803863567218,0.0252408325970745,0.04093188209664
"ametryn",19.0455805778344,0.0309619978098137,0.0250510190736643,0.040670471054665
"ametryn",19.1988324241689,0.0307409921559826,0.0248658261281233,0.0404034229857989
"ametryn",19.3533174242163,0.0305197593056311,0.0246740248637343,0.0401477749973576
"ametryn",19.5090455006505,0.0303076655488064,0.0244837207447254,0.0398934763138555
"ametryn",19.6660266559888,0.0300997924364346,0.0243209672052482,0.0396453674511398
"ametryn",19.8242709732348,0.0298893558729414,0.0241503159716025,0.0393814699938792
"ametryn",19.9837886165257,0.0296811252794519,0.0239770425469244,0.0391299796729221
"ametryn",20.1445898317852,0.0294781584925589,0.0237839341833555,0.0388811946783249
"ametryn",20.306684947382,0.0292734361461422,0.0236015610823062,0.0386299452612905
"ametryn",20.4700843747925,0.0290701592840408,0.0234286855586594,0.0383806620867952
"ametryn",20.6347986092701,0.0288672815219869,0.023280018748187,0.0381385611248075
"ametryn",20.800838230519,0.028666575945896,0.0231149744461921,0.0379017784525774
"ametryn",20.9682139033741,0.0284737743959417,0.0229583774404492,0.0376658489032388
"ametryn",21.1369363784857,0.028286205145851,0.0228000738490378,0.0374292754643081
"ametryn",21.3070164930098,0.0280933196670406,0.0226310310522217,0.0371944510423579
"ametryn",21.4784651713049,0.0279062642792833,0.0224662526921414,0.0369371979075576
"ametryn",21.651293425633,0.0277185018059065,0.0223149835931998,0.0366985931590555
"ametryn",21.8255123568674,0.0275355754517587,0.0221739303486201,0.0364677659951889
"ametryn",22.0011331552051,0.0273495189400688,0.0220304341003967,0.0362162781668279
"ametryn",22.1781671008864,0.0271677691612218,0.0218782999355363,0.0359742585559606
"ametryn",22.3566255649188,0.0269871558045837,0.0217303858700996,0.0357424791396759
"ametryn",22.5365200098075,0.0268106609101892,0.0215987593240935,0.0355110139767642
"ametryn",22.7178619902917,0.0266319897141585,0.021456167929056,0.0352797799373671
"ametryn",22.9006631540869,0.0264548629677177,0.0213106879461848,0.0350500489146811
"ametryn",23.0849352426328,0.0262830414191624,0.0211760691126314,0.0348196580408134
"ametryn",23.2706900918477,0.0261100994987258,0.0210260705618241,0.0346169789978443
"ametryn",23.4579396328883,0.0259357859524325,0.0208844545153465,0.0344160326728003
"ametryn",23.6466958929168,0.025765698757621,0.0207365567708407,0.0342146374497862
"ametryn",23.8369709958725,0.0255952224572922,0.0206008980186295,0.0339884105725455
"ametryn",24.0287771632513,0.0254293675611545,0.0204607369171955,0.0337949236723842
"ametryn",24.2221267148902,0.0252690332221241,0.020328724209892,0.0335793927208773
"ametryn",24.417032069759,0.02511261592258,0.0202029701330149,0.0333826505742607
"ametryn",24.6135057467575,0.0249497806230449,0.0200691050270815,0.0331671627959055
"ametryn",24.81156036552,0.0247967715066517,0.019944446108371,0.0329643786229775
"ametryn",25.0112086472259,0.0246382273811026,0.0198154190130292,0.0327673077093628
"ametryn",25.2124634154163,0.0244822959990258,0.0196850047657577,0.03255773252469
"ametryn",25.4153375968182,0.0243262246168367,0.0195501996935888,0.0323336662802529
"ametryn",25.6198442221746,0.0241741901757365,0.0194196192895212,0.0321238085070786
"ametryn",25.8259964270813,0.0240245310570691,0.0193114540138755,0.0319287216181961
"ametryn",26.033807452831,0.0238734037534134,0.0191892277141012,0.0317343295102996
"ametryn",26.2432906472632,0.0237267336135498,0.0190734661415681,0.0315406936117542
"ametryn",26.4544594656224,0.0235839557669165,0.018945988016935,0.0313411496831867
"ametryn",26.6673274714213,0.0234453515179081,0.0188246870361793,0.0311423420546769
"ametryn",26.8819083373129,0.0232989682385911,0.0187082658420255,0.0309361211905051
"ametryn",27.0982158459683,0.0231526976691735,0.0185895962258912,0.0307349133311612
"ametryn",27.3162638909619,0.0230112502841544,0.0184718189001157,0.0305492540849195
"ametryn",27.5360664776639,0.0228665761087517,0.0183605229916902,0.0303520524062391
"ametryn",27.7576377241399,0.0227230347780339,0.018247425599871,0.0301617829050242
"ametryn",27.9809918620578,0.0225875882013357,0.0181417587814622,0.0299617586893576
"ametryn",28.2061432376016,0.022453410621624,0.0180246753056406,0.0297730858823406
"ametryn",28.4331063123932,0.0223156781780974,0.0179143055988105,0.0295818598742791
"ametryn",28.6618956644211,0.0221779275207496,0.0177990183632917,0.0294065407863512
"ametryn",28.8925259889768,0.0220438536249568,0.0176975452449501,0.0292310722394568
"ametryn",29.1250120995988,0.021909730447458,0.0175913584918713,0.0290709438220612
"ametryn",29.3593689290236,0.0217819908224695,0.0174865186571294,0.0288956314176102
"ametryn",29.5956115301457,0.0216518820639865,0.0173871675636336,0.0287307299839576
"ametryn",29.8337550769836,0.0215270655378595,0.0172810539967328,0.0285653851848917
"ametryn",30.0738148656549,0.0214049741308349,0.0171809156528183,0.0283944736325536
"ametryn",30.3158063153588,0.0212788280035105,0.0170848851808223,0.0282399040807529
"ametryn",30.5597449693662,0.0211529162066068,0.0169835370843168,0.028072608463838
"ametryn",30.8056464960183,0.0210300415066416,0.0168839731844449,0.0279019489705506
"ametryn",31.0535266897329,0.020906512309203,0.0167840761121038,0.0277359190446481
"ametryn",31.303401472019,0.0207823032225948,0.0166921959213965,0.0275798270165019
"ametryn",31.5552868924991,0.0206643042736688,0.0165993451391043,0.0274106638534781
"ametryn",31.8091991299405,0.0205469441094585,0.0164923334017961,0.0272386471103838
"ametryn",32.0651544932943,0.0204291184197628,0.0164189278963353,0.0270883669421281
"ametryn",32.3231694227429,0.0203167662164401,0.0163256779196856,0.0269400773255947
"ametryn",32.5832604907559,0.0202024417107314,0.0162324358232919,0.0267830952360767
"ametryn",32.8454444031548,0.0200912360926969,0.016138631648771,0.0266191197201915
"ametryn",33.1097380001858,0.0199795132107869,0.0160421339884406,0.0264649497602623
"ametryn",33.3761582576015,0.0198648290670986,0.0159556888618623,0.0262969191324797
"ametryn",33.6447222877514,0.019758008014372,0.0158608207814419,0.0261404419505535
"ametryn",33.915447340681,0.0196502598102719,0.0157691837894022,0.0259989402994588
"ametryn",34.1883508052395,0.0195421992296531,0.0156797515172935,0.0258596848278883
"ametryn",34.463450210197,0.0194345081691648,0.0155849100591094,0.0256909555120892
"ametryn",34.7407632253705,0.0193279658749418,0.0154909022501887,0.0255128518867549
"ametryn",35.0203076627583,0.0192230713634786,0.0153943397462582,0.025355674780181
"ametryn",35.3021014776849,0.0191220471857877,0.0152951497682734,0.0252103485108444
"ametryn",35.5861627699533,0.0190198360299778,0.0152118700818496,0.0250717312606746
"ametryn",35.8725097850083,0.0189167784205565,0.0151296826775975,0.0249288508540766
"ametryn",36.1611609151084,0.0188161195710109,0.0150483924716179,0.0248004182250147
"ametryn",36.4521347005065,0.0187139110770819,0.0149741351687481,0.0246678676128377
"ametryn",36.7454498306416,0.0186181510252686,0.0148906262129152,0.0245317752893747
"ametryn",37.0411251453384,0.0185219379383835,0.0148120746506665,0.0243854651299376
"ametryn",37.3391796360183,0.0184281119226487,0.0147315225153361,0.0242437907714932
"ametryn",37.6396324469184,0.0183319795313663,0.0146404367553159,0.0241058356559887
"ametryn",37.9425028763215,0.0182400926764727,0.0145668643689281,0.0239587104983133
"ametryn",38.2478103777958,0.0181480041058221,0.0144808485323506,0.0238263493152668
"ametryn",38.5555745614443,0.0180556780618064,0.0144128847216397,0.0237022681627419
"ametryn",38.8658151951639,0.0179649207033994,0.0143265605892803,0.0235722083271838
"ametryn",39.1785522059162,0.0178747702625874,0.014253156228625,0.0234413530573848
"ametryn",39.4938056810061,0.0177872658305436,0.0141782428443384,0.0233352940332145
"ametryn",39.8115958693731,0.0177006700610151,0.0140939261631052,0.0232111616194086
"ametryn",40.1319431828912,0.0176135756986287,0.014021107003796,0.0230891274041
"ametryn",40.4548681976805,0.0175217652054851,0.0139567512716358,0.0229614248551219
"ametryn",40.7803916554284,0.0174348587799967,0.0138807443505005,0.0228271978732612
"ametryn",41.1085344647219,0.0173513341362323,0.0138067540574417,0.0226856001374341
"ametryn",41.4393177023909,0.0172690461275512,0.013737744505275,0.0225560926250165
"ametryn",41.7727626148617,0.0171837476090574,0.0136689923598782,0.0224324925556382
"ametryn",42.1088906195217,0.0171033843423909,0.0136006541432527,0.0222936999900233
"ametryn",42.4477233060951,0.0170245086803817,0.0135341098947354,0.0221782740777148
"ametryn",42.7892824380295,0.0169427829171301,0.013460853149405,0.0220552762551831
"ametryn",43.1335899538942,0.0168611582755228,0.0133922330361589,0.0219375433046204
"ametryn",43.4806679687887,0.0167775416124139,0.0133201449667355,0.0218027646365432
"ametryn",43.8305387757636,0.0166945799325263,0.0132587297162266,0.0216910635337864
"ametryn",44.1832248472524,0.0166171970543542,0.0131934873183268,0.0215913721854141
"ametryn",44.5387488365149,0.0165373111161014,0.0131431567469244,0.0214628670209853
"ametryn",44.8971335790922,0.0164605310324577,0.0130759782624134,0.0213551633107013
"ametryn",45.2584020942735,0.01638248318356,0.0130022561855589,0.0212523498171568
"ametryn",45.6225775865747,0.0163028307752446,0.0129522106019994,0.0211264861537611
"ametryn",45.9896834472286,0.016229500892379,0.0128991230363949,0.0210103442448418
"ametryn",46.3597432556877,0.0161580755883471,0.0128345269175429,0.0208985709383034
"ametryn",46.7327807811383,0.0160877422238971,0.0127826430878473,0.0207996485950036
"ametryn",47.1088199840276,0.0160135539771587,0.0127234233676432,0.0206832151210083
"ametryn",47.4878850176025,0.0159369231275947,0.0126619706219793,0.0205860776121187
"ametryn",47.8700002294609,0.0158658298385498,0.0126023589202613,0.020459403993803
"ametryn",48.2551901631159,0.0157930041903322,0.012539721861001,0.0203561979837122
"ametryn",48.6434795595717,0.0157253907893246,0.0124786775637784,0.0202497890350297
"ametryn",49.0348933589133,0.0156521054062716,0.0124211468014995,0.0201561743834609
"ametryn",49.4294567019081,0.0155828945620332,0.0123719434221459,0.0200391348612612
"ametryn",49.8271949316206,0.015515663546824,0.0123120119930879,0.0199347390674368
"ametryn",50.2281335950408,0.0154508460293589,0.0122508256574232,0.0198328260714942
"ametryn",50.6322984447242,0.0153814127603813,0.012186868519925,0.0197544309249007
"ametryn",51.0397154404467,0.0153178473044725,0.0121260429486094,0.0196665241462974
"ametryn",51.4504107508715,0.0152498867902426,0.0120678844031752,0.0195779372851401
"ametryn",51.8644107552302,0.0151823487129764,0.0120200932765161,0.0194772542302627
"ametryn",52.281742045017,0.0151196808308572,0.0119675379494745,0.0193915037295296
"ametryn",52.7024314256971,0.0150559154719957,0.0119113984374939,0.0193002899975762
"ametryn",53.1265059184276,0.0149907064742562,0.0118574312441499,0.0192055127100711
"ametryn",53.5539927617939,0.0149224691824888,0.0118013343681508,0.0191161911719276
"ametryn",53.9849194135589,0.0148599271632012,0.0117513062281648,0.0190313573671475
"ametryn",54.4193135524267,0.0147954015546737,0.011701431857674,0.0189389093339654
"ametryn",54.8572030798202,0.014731370520972,0.0116477779454904,0.0188619106528176
"ametryn",55.2986161216736,0.0146679852342015,0.0116006063000985,0.0187815622936787
"ametryn",55.7435810302388,0.0146088717505884,0.0115522420326276,0.0187229371598491
"ametryn",56.1921263859063,0.0145551933989816,0.0114978106764563,0.0186477134943717
"ametryn",56.6442809990412,0.0144956569489838,0.0114480337359027,0.0185766754020266
"ametryn",57.1000739118335,0.0144357970559822,0.0113992712056018,0.0185004908592699
"ametryn",57.5595344001635,0.0143803921011134,0.0113491971450388,0.0184195602102362
"ametryn",58.0226919754827,0.0143239611762059,0.0112987118349662,0.01834033557218
"ametryn",58.4895763867087,0.0142642851283134,0.0112519565476111,0.0182624236527966
"ametryn",58.9602176221361,0.0142097202272737,0.0111995512069675,0.0181898834511896
"ametryn",59.4346459113629,0.0141546580725847,0.0111573233429327,0.0181073312524073
"ametryn",59.9128917272322,0.0140974854743813,0.0111089015638315,0.0180400349698662
"ametryn",60.3949857877892,0.0140423594697804,0.0110625489689216,0.0179664058860769
"ametryn",60.8809590582546,0.0139892806733045,0.0110159323719735,0.0179048164080431
"ametryn",61.3708427530131,0.0139340620089631,0.0109691001726611,0.0178243038803148
"ametryn",61.8646683376187,0.0138784374299962,0.0109237461648653,0.0177461872128828
"ametryn",62.3624675308154,0.0138237968711311,0.0108751320437493,0.0176845123537275
"ametryn",62.8642723065749,0.0137750010167068,0.0108223021056217,0.0176271452667719
"ametryn",63.37011489615,0.0137249340116828,0.0107729609455807,0.0175700864559243
"ametryn",63.8800277901452,0.0136734173345078,0.0107339303566329,0.0174954442039527
"ametryn",64.394043740603,0.0136241580763959,0.0106888408855838,0.0174436978318329
"ametryn",64.9121957631082,0.0135754592658295,0.0106409305415761,0.0174016630445424
"ametryn",65.434517138908,0.0135213653793092,0.0105969291078346,0.0173658041732057
"ametryn",65.9610414170501,0.0134724831505977,0.0105510562528233,0.0173023788968446
"ametryn",66.4918024165373,0.0134241706757198,0.0105103816311137,0.0172366516999048
"ametryn",67.0268342285,0.0133723902628868,0.0104650663018894,0.0171725500753514
"ametryn",67.5661712183855,0.0133265829900847,0.0104189768762174,0.0171128179560967
"ametryn",68.1098480281657,0.0132776745850525,0.0103717876964712,0.0170587850646318
"ametryn",68.6578995785618,0.0132282417352445,0.0103253039349381,0.0169978802178754
"ametryn",69.2103610712876,0.0131805240407729,0.0102820350501468,0.0169411620602375
"ametryn",69.7672679913105,0.0131331591922944,0.0102370480389848,0.0168782387999752
"ametryn",70.3286561091304,0.0130865249360768,0.0101938173453619,0.0168252306336233
"ametryn",70.8945614830778,0.0130420078970892,0.0101490098035748,0.0167742452633371
"ametryn",71.4650204616294,0.0129978665898337,0.0101092994891804,0.0167198588096638
"ametryn",72.0400696857429,0.0129548144253258,0.0100622971761953,0.0166636084666618
"ametryn",72.6197460912106,0.012911704689354,0.0100289441904067,0.01661223428535
"ametryn",73.2040869110316,0.0128645700710804,0.00998573503986143,0.016564694987096
"ametryn",73.7931296778033,0.0128181677091762,0.00994915729493198,0.0165176051284666
"ametryn",74.3869122261328,0.012771387961777,0.00990951071277058,0.0164714950859112
"ametryn",74.9854726950661,0.0127305808237795,0.00986861077542579,0.0164313590379228
"ametryn",75.5888495305381,0.012689352661195,0.00982166927716735,0.0163842340742506
"ametryn",76.1970814878424,0.012648124048175,0.00978536652859392,0.0163426890887786
"ametryn",76.8102076341201,0.0126051617695115,0.00974918380905811,0.016295705415704
"ametryn",77.4282673508693,0.0125612244095811,0.00970637827243487,0.0162476123906071
"ametryn",78.0513003364748,0.0125194498078614,0.00966175805927597,0.016203456758809
"ametryn",78.6793466087576,0.0124783972492219,0.00962324798133851,0.0161603857929062
"ametryn",79.3124465075454,0.012438724945878,0.00958599659974732,0.0161177841687064
"ametryn",79.9506406972636,0.0123965386159826,0.00954576327679339,0.016070111298035
"ametryn",80.5939701695475,0.0123565339182019,0.00950651850560155,0.0160329474779528
"ametryn",81.2424762458747,0.0123164645805899,0.0094682406537292,0.0159674153383507
"ametryn",81.89620058022,0.0122789450285602,0.00943451575243634,0.0159296199558157
"ametryn",82.5551851617299,0.0122410853237003,0.00939737593207797,0.0158915718774339
"ametryn",83.2194723174201,0.0122031939257514,0.00936027471498131,0.0158507160912744
"ametryn",83.8891047148943,0.0121643406373501,0.00931825226500242,0.0158058539784658
"ametryn",84.5641253650847,0.0121300285402335,0.00928028293845096,0.0157550226474573
"ametryn",85.2445776250141,0.0120907424866631,0.00924201397843547,0.0157210568343976
"ametryn",85.9305052005819,0.012052179197912,0.0092038441364847,0.015698488867481
"ametryn",86.62195214937,0.0120151243650801,0.00916763639556534,0.0156605592945301
"ametryn",87.3189628834737,0.0119804857082665,0.00913274863192673,0.0156241603807488
"ametryn",88.0215821723536,0.0119432224943523,0.00909630856441185,0.0155852322027322
"ametryn",88.7298551457117,0.0119047029551197,0.00906067746084217,0.0155435680609198
"ametryn",89.4438272963896,0.011870255958382,0.0090153957655688,0.015505415505937
"ametryn",90.1635444832915,0.0118399285237213,0.00897811660420363,0.0154720823440254
"ametryn",90.8890529343285,0.0118067751619328,0.00894591570795898,0.0154260080653337
"ametryn",91.6203992493884,0.0117746852258701,0.00890013007063657,0.0153953770911362
"ametryn",92.3576304033292,0.011738612257527,0.00886397366995961,0.0153594829300093
"ametryn",93.1007937489958,0.0117065093140176,0.00882784597625942,0.0153290887855149
"ametryn",93.8499370202616,0.0116727167387337,0.00879726230805055,0.0152968945183218
"ametryn",94.605108335095,0.0116405303203997,0.00875764686768178,0.0152664786245049
"ametryn",95.3663561986491,0.011609720151139,0.00872319181645061,0.0152334803622229
"ametryn",96.1337295063782,0.0115771343973543,0.00868867799203555,0.015198530375596
"ametryn",96.9072775471775,0.0115455572045588,0.00866011974964946,0.015167785037622
"ametryn",97.6870500065498,0.0115126712565768,0.00862214369203471,0.0151386416309314
"ametryn",98.473096969796,0.011481871491263,0.00859050541029661,0.0151164453246341
"ametryn",99.2654689252332,0.0114513768329534,0.00855542973458426,0.0150809457146234
"ametryn",100.064216767436,0.0114211798929372,0.00851935315739073,0.0150458009260455
"ametryn",100.869391800508,0.0113906009228667,0.00848592529782998,0.0150058690780421
"ametryn",101.681045741373,0.0113605839141343,0.00844977967263978,0.0149706403044151
"ametryn",102.499230723101,0.0113310547669733,0.00841787321576098,0.0149418379093701
"ametryn",103.323999298256,0.0113004500517371,0.00838059546005891,0.0149169415086598
"ametryn",104.155404442268,0.0112699106858774,0.00835239202148344,0.0148974435503407
"ametryn",104.993499556841,0.0112396494657375,0.00832061126961282,0.0148683121767558
"ametryn",105.838338473379,0.0112101134091461,0.00827431181431003,0.0148407507169116
"ametryn",106.689975456443,0.0111833069845727,0.00822338184116337,0.0148170418855047
"ametryn",107.548465207242,0.0111588054069073,0.00818886378332301,0.014783009661186
"ametryn",108.413862867139,0.0111307058066519,0.00815674132010933,0.014753763470348
"ametryn",109.2862240212,0.0111035574072218,0.00811558054243598,0.0147321363743367
"ametryn",110.165604701759,0.0110747011639341,0.00807915457796985,0.014707330949058
"ametryn",111.052061392018,0.0110485772312095,0.00803699822020915,0.0146865413369491
"ametryn",111.945651029678,0.0110218540957718,0.00801561682789375,0.0146615564508804
"ametryn",112.846431010593,0.0109958579889639,0.0079758787066832,0.0146361015216718
"ametryn",113.754459192457,0.0109702937035925,0.00793071099757576,0.0146021211212694
"ametryn",114.66979389852,0.0109444595707903,0.00789677006898229,0.0145792724116312
"ametryn",115.592493921338,0.0109188677219331,0.00786690716216148,0.0145620025419548
"ametryn",116.522618526542,0.0108927300679672,0.00783732869221215,0.0145380069071667
"ametryn",117.460227456653,0.0108692870344617,0.00780128328493888,0.0145142575154503
"ametryn",118.405380934911,0.0108474679438957,0.00777773665668517,0.0144952469824234
"ametryn",119.358139669152,0.0108225819744045,0.00774763067662429,0.0144677512219838
"ametryn",120.318564855698,0.0108001313594578,0.00772289885441432,0.0144476412157959
"ametryn",121.286718183295,0.0107794999651392,0.00768947453082768,0.0144253486579472
"ametryn",122.262661837072,0.0107558420523297,0.00765202555100611,0.0144048971430811
"ametryn",123.246458502536,0.0107327714355476,0.00762454938938106,0.0143999281605481
"ametryn",124.238171369597,0.0107095212366967,0.00759343015102224,0.014383524524515
"ametryn",125.237864136631,0.0106868791841118,0.00755674215239542,0.0143667372491197
"ametryn",126.245601014563,0.0106664918319633,0.00751590423933169,0.0143450720942507
"ametryn",127.261446731002,0.0106444268840565,0.00748463735206087,0.0143197126640264
"ametryn",128.28546653439,0.0106224875035281,0.00745806553623989,0.0142974789654818
"ametryn",129.317726198196,0.0105997919042428,0.00743254294833383,0.014263584077631
"ametryn",130.358292025143,0.0105782216273203,0.00740491150541143,0.0142435243264266
"ametryn",131.407230851461,0.0105565581259134,0.00736620290652982,0.0142319559542356
"ametryn",132.464610051185,0.0105366979591052,0.00732744534786743,0.0142173359739613
"ametryn",133.530497540483,0.0105172174045897,0.00730023799340194,0.0142022019825813
"ametryn",134.604961782011,0.0104934142007125,0.00725182733579898,0.0141858604461723
"ametryn",135.688071789321,0.0104726636762569,0.00721899955141082,0.0141601722667537
"ametryn",136.779897131284,0.0104531313259431,0.00717224795327395,0.0141486340721146
"ametryn",137.880507936565,0.0104328885317523,0.00712442098571228,0.014121179256266
"ametryn",138.989974898123,0.0104118930144681,0.0070886204110535,0.0141037118887984
"ametryn",140.108369277757,0.0103917193017024,0.00704728216439131,0.0140767830339187
"ametryn",141.235762910678,0.0103749941691818,0.00701411522372882,0.0140573791674744
"ametryn",142.372228210124,0.010355024559243,0.00698346150964458,0.0140381641448548
"ametryn",143.517838172014,0.010336653341588,0.00694490668893053,0.0140144781991189
"ametryn",144.672666379635,0.0103196347699972,0.00691323943568509,0.0139974696050193
"ametryn",145.836787008366,0.010301371767071,0.00688606412956651,0.0139814426161594
"ametryn",147.010274830445,0.0102809682047238,0.00685712581326984,0.01396396070761
"ametryn",148.193205219772,0.010260050776099,0.00682018391887718,0.0139516725390344
"ametryn",149.385654156749,0.0102417450567523,0.0067844730596788,0.0139366817931777
"ametryn",150.587698233161,0.010224629795591,0.00675159650199482,0.0139214041330997
"ametryn",151.799414657093,0.0102056942461243,0.00672570343980194,0.0139062870681108
"ametryn",153.020881257894,0.0101884924893319,0.00669008381014111,0.0138904750918823
"ametryn",154.252176491172,0.0101720743420038,0.00665489755754314,0.0138756339305431
"ametryn",155.493379443834,0.0101544231669235,0.00661836223188562,0.0138607282562965
"ametryn",156.744569839169,0.0101384263773906,0.00658802004280173,0.0138395244156238
"ametryn",158.005828041962,0.0101218403401345,0.00655611102631271,0.013825066269293
"ametryn",159.277235063663,0.0101059588440671,0.00651861813420816,0.0138146612958125
"ametryn",160.558872567587,0.0100892272744121,0.00648963944236264,0.0137963497245427
"ametryn",161.850822874158,0.0100719393397654,0.00646550142449402,0.0137872019298156
"ametryn",163.1531689662,0.010057738610455,0.00643461384878898,0.01377559135507
"ametryn",164.465994494265,0.0100419607458865,0.00640731459761187,0.0137533414696403
"ametryn",165.789383782004,0.0100256097636492,0.00636589862815238,0.0137389891324069
"ametryn",167.123421831588,0.0100102270253348,0.00632562471290844,0.0137301612087889
"ametryn",168.468194329163,0.00999600013699592,0.00628598669327513,0.0137216135458431
"ametryn",169.823787650357,0.00998012662437428,0.00624458728667816,0.0137089056671466
"ametryn",171.190288865826,0.00996405425254845,0.00620721578808243,0.0136964658817927
"ametryn",172.567785746848,0.00994896269743854,0.00616668612641651,0.0136870138551391
"ametryn",173.956366770959,0.00993582713705931,0.00612623278601922,0.0136776663959292
"ametryn",175.356121127636,0.00992276550643732,0.00609310852862052,0.0136678276947917
"ametryn",176.76713872403,0.00990664801172875,0.00605862313716435,0.0136525301949726
"ametryn",178.189510190734,0.00988983376640827,0.00601914500810385,0.0136335135699978
"ametryn",179.623326887608,0.00987472679438722,0.00597929202037775,0.0136209477617326
"ametryn",181.068680909648,0.00986027931615848,0.00594061000546272,0.013610183661341
"ametryn",182.5256650929,0.00984560011545817,0.00590158161835962,0.0135966209839775
"ametryn",183.994373020421,0.00983175386590926,0.00586542471675677,0.0135832793597833
"ametryn",185.474899028295,0.00981905374953698,0.00583534406846444,0.0135737378377223
"ametryn",186.967338211685,0.00980374356462331,0.0057978236306578,0.0135646599297205
"ametryn",188.471786430949,0.00979191641239235,0.00576679941578205,0.0135548491563184
"ametryn",189.988340317792,0.00977896142232961,0.00573269306208019,0.0135451415819277
"ametryn",191.517097281474,0.00976264778285771,0.00570665720016603,0.013535536123951
"ametryn",193.058155515065,0.00975042673085535,0.00567699743238781,0.0135260317110857
"ametryn",194.611614001757,0.00973792613110589,0.00563973546507827,0.0135173046793602
"ametryn",196.177572521216,0.00972378471130103,0.00560271807326076,0.013508674443608
"ametryn",197.756131655994,0.00971263624900167,0.00556593280212568,0.0135012068620378
"ametryn",199.347392797989,0.00969945575344596,0.00552932784094365,0.0134934416371988
"ametryn",200.951458154957,0.00968694723415903,0.00550329178892157,0.0134811392774039
"ametryn",202.568430757078,0.00967466525250443,0.0054672608853269,0.0134736010060121
"ametryn",204.198414463573,0.00966083952978469,0.00543146588177095,0.0134724570191104
"ametryn",205.841513969372,0.00964758573108659,0.00539590523377789,0.0134657844854862
"ametryn",207.497834811846,0.00963753288913122,0.00536081848021009,0.0134563679777492
"ametryn",209.167483377579,0.00962741252328214,0.00533571971706847,0.0134449591833038
"ametryn",210.850566909201,0.0096154460658132,0.0053006764235115,0.0134372123650793
"ametryn",212.547193512284,0.00960329725897335,0.00526586720207728,0.0134306268418253
"ametryn",214.257472162275,0.00959149350671647,0.00523594912589044,0.0134219770794908
"ametryn",215.981512711506,0.00958177640665236,0.00520562955114474,0.0134093289777452
"ametryn",217.71942589624,0.00956874259479355,0.00516889786591433,0.0134019846367024
"ametryn",219.471323343794,0.00955962784129113,0.00513369563238272,0.0133884878230708
"ametryn",221.237317579698,0.00954904194048026,0.00509978577184301,0.0133755292233247
"ametryn",223.017522034931,0.00953728509924853,0.00506508277993057,0.0133619909592284
"ametryn",224.812051053205,0.00952774375248491,0.00502959876388087,0.0133466002948052
"ametryn",226.621019898305,0.00951906052349923,0.00499595190785381,0.0133411122762167
"ametryn",228.444544761497,0.009509477409376,0.00496163952006764,0.0133353166994644
"ametryn",230.28274276899,0.00950082870168395,0.00493037337052605,0.0133254037092762
"ametryn",232.13573198946,0.00948853000912114,0.00489781480451883,0.0133127808825283
"ametryn",234.003631441629,0.00947809531979851,0.0048655171527596,0.0133057898053573
"ametryn",235.886561101917,0.00946771307080026,0.00483356200130856,0.0132989288969578
"ametryn",237.784641912141,0.00945932970321973,0.00480181672120176,0.0132927872402336
"ametryn",239.697995787287,0.00944888005811939,0.00477027993406925,0.0132841511524253
"ametryn",241.626745623342,0.00943743515686201,0.00473895027059376,0.0132784512354728
"ametryn",243.571015305184,0.00942711495797516,0.00470782637045134,0.0132683351636967
"ametryn",245.530929714541,0.00941633202213879,0.00467690688225218,0.0132642596361458
"ametryn",247.506614738014,0.00940699959541294,0.00464619046348201,0.0132602320084119
"ametryn",249.498197275159,0.00939943196709303,0.00461567578044379,0.0132562517179541
"ametryn",251.505805246639,0.00939017441226805,0.0045853615081998,0.0132523182088263
"ametryn",253.529567602445,0.00938229240064943,0.00455524633051409,0.0132482354337148
"ametryn",255.56961433017,0.00937269232743371,0.00452562873098477,0.0132323114499201
"ametryn",257.626076463368,0.00936487392208267,0.00449575076737724,0.0132222860714234
"ametryn",259.699086089962,0.00935595676785985,0.00446608233177646,0.0132187741265473
"ametryn",261.788776360732,0.00934635166559872,0.00443584677022713,0.013212126742363
"ametryn",263.895281497866,0.00933800472667775,0.00440436958461756,0.0132039147061316
"ametryn",266.018736803585,0.0093291682387191,0.00437816919967238,0.013196118845238
"ametryn",268.159278668828,0.00931913555031004,0.00434990597167118,0.0131928907978328
"ametryn",270.317044582015,0.00931049551171543,0.00432133719148488,0.0131847107123044
"ametryn",272.49217313788,0.00930216625545003,0.00429295604200669,0.0131790981420347
"ametryn",274.684804046368,0.00929299480795591,0.00426476129093641,0.013174139958313
"ametryn",276.895078141615,0.00928563989010721,0.00423675171406717,0.0131722300755971
"ametryn",279.123137390988,0.00927773727962546,0.00420892609523233,0.0131690998911145
"ametryn",281.369124904208,0.00927018473363231,0.00418155160165895,0.0131639313990748
"ametryn",283.633184942539,0.00926314347417141,0.00415392013977232,0.0131576069118134
"ametryn",285.915462928055,0.00925457539346183,0.00412654094476464,0.013151608490648
"ametryn",288.216105452982,0.00924496410835586,0.00409943915536447,0.013147252514496
"ametryn",290.535260289112,0.00923850844484488,0.00407254104305732,0.0131429453407288
"ametryn",292.873076397296,0.00923087656304386,0.00404582055424465,0.0131386864231886
"ametryn",295.229703937008,0.00922417039686599,0.00401829647843717,0.0131344752218164
"ametryn",297.605294275997,0.00921793188908756,0.00399092485977949,0.0131303112025843
"ametryn",300,0.00920869014466945,0.00396508638458329,0.013126193837428
"atrazine",0.1,0.624563547551193,0.605496692029229,0.643500180589457
"atrazine",0.100926219098705,0.624548656274312,0.605494000128499,0.643460153967171
"atrazine",0.101861017015598,0.624532531882988,0.605491274495702,0.643415370967757
"atrazine",0.102804473209331,0.624506924161297,0.605488514708425,0.643366818907748
"atrazine",0.103756667874519,0.624477687918699,0.605485720338975,0.643317950425352
"atrazine",0.104717681948552,0.624456890958593,0.605481170206424,0.643275061152212
"atrazine",0.10568759711848,0.624434441310407,0.605474738971604,0.64323404248329
"atrazine",0.106666495827954,0.624412172440122,0.605471063166184,0.643192514755282
"atrazine",0.107654461284232,0.624388359336449,0.605467344421407,0.643151224244924
"atrazine",0.108651577465254,0.624368301570271,0.605463582234947,0.643108435766493
"atrazine",0.109657929126781,0.624350601113493,0.605459776098599,0.643066524096521
"atrazine",0.110673601809597,0.624323346491371,0.605455925498217,0.643024787361054
"atrazine",0.111698681846782,0.624301198346262,0.605452029913637,0.642998942900014
"atrazine",0.112733256371049,0.624273960605016,0.605448088818616,0.64295967829689
"atrazine",0.113777413322149,0.624254409252674,0.605444101680752,0.642906231970307
"atrazine",0.114831241454351,0.624236299540156,0.605440067961417,0.642852451470419
"atrazine",0.115894830343981,0.62421801322408,0.605435987115686,0.642808390867274
"atrazine",0.116968270397039,0.624188151384988,0.605432105737851,0.642764237711538
"atrazine",0.118051652856881,0.624160356525142,0.605428496286382,0.64273915400292
"atrazine",0.119145069811978,0.624136395868435,0.605424152537331,0.64269446277396
"atrazine",0.120248614203741,0.624107881930033,0.605419270765276,0.642650294701267
"atrazine",0.121362379834424,0.624081275591167,0.605414332524024,0.642604830718707
"atrazine",0.122486461375093,0.624059104685603,0.605409337161444,0.642559053613262
"atrazine",0.123620954373677,0.624030821673581,0.605398095201728,0.642512325118263
"atrazine",0.124765955263087,0.623999472877388,0.60538441265211,0.642465007545704
"atrazine",0.125921561369415,0.62397711729677,0.60537060956884,0.642417366321351
"atrazine",0.127087870920206,0.62395498318078,0.605358574994388,0.642363211326334
"atrazine",0.128264983052806,0.623933555029052,0.605346593137631,0.642306073577016
"atrazine",0.129452997822792,0.62391311723603,0.605326640888036,0.642258549348715
"atrazine",0.130652016212472,0.623882102394535,0.605313225707989,0.642210706336139
"atrazine",0.131862140139475,0.62385479562367,0.605308771291719,0.642162542427633
"atrazine",0.133083472465408,0.623829043574994,0.60530458322623,0.642122799848854
"atrazine",0.134316117004602,0.623794797190508,0.605300581182559,0.642079526315075
"atrazine",0.135560178532937,0.623768646101999,0.605296529015282,0.642030649160498
"atrazine",0.136815762796747,0.623744852493747,0.605292426097384,0.64198143490461
"atrazine",0.138082976521809,0.623720840425176,0.605288271794029,0.641931464454421
"atrazine",0.139361927422414,0.623697618296608,0.605284065462457,0.641880074154524
"atrazine",0.140652724210524,0.623670902318285,0.605279806451888,0.641833619027255
"atrazine",0.14195547660501,0.623644854864164,0.605275494103422,0.641776237988222
"atrazine",0.143270295340983,0.623615062700788,0.605263869073973,0.641714271701797
"atrazine",0.144597292179202,0.623582636561957,0.605246606012738,0.641672261491877
"atrazine",0.145936579915576,0.623558352168336,0.605241897515966,0.641612007441857
"atrazine",0.14728827239075,0.623529666100303,0.605237130052861,0.641559247309853
"atrazine",0.148652484499786,0.623497133043805,0.605232302885992,0.641506157988592
"atrazine",0.150029332201922,0.623458587001397,0.605227415268735,0.641449694421863
"atrazine",0.151418932530435,0.623415216640406,0.605222466445156,0.641386481239554
"atrazine",0.152821403602587,0.623381179857351,0.605217455649894,0.641335373952527
"atrazine",0.154236864629663,0.623343945456692,0.605212382108046,0.641285218691038
"atrazine",0.155665435927106,0.623317344329069,0.605204379070689,0.641234716076005
"atrazine",0.157107238924745,0.623280862536424,0.605199911588715,0.641183360409418
"atrazine",0.158562396177114,0.623252063137715,0.605174686680518,0.641128500696825
"atrazine",0.16003103137387,0.623222716697353,0.60514840528652,0.641073085305912
"atrazine",0.161513269350309,0.623202382800815,0.605129739512905,0.641017298965257
"atrazine",0.163009236097974,0.623179933729833,0.605116506640158,0.640961139228115
"atrazine",0.164519058775366,0.62315563500375,0.605109825902502,0.640904935217649
"atrazine",0.166042865718753,0.623126529054367,0.605103066746227,0.640847866121917
"atrazine",0.167580786453077,0.623087845308208,0.60509674306002,0.640790757109486
"atrazine",0.169132951702965,0.623059993316798,0.605090746836968,0.64073326574456
"atrazine",0.170699493403841,0.623034011090344,0.605084677630695,0.640675355687751
"atrazine",0.172280544713139,0.622994290654334,0.605078534554596,0.640616542863359
"atrazine",0.173876240021625,0.622968653380954,0.605069321432453,0.640553230856901
"atrazine",0.175486714964815,0.622945701268474,0.605065338721502,0.640498347683315
"atrazine",0.177112106434509,0.622919879074873,0.605058218485196,0.64043883921681
"atrazine",0.178752552590424,0.622888606453875,0.605039212786103,0.640371899660186
"atrazine",0.180408192871938,0.622852051095338,0.60501934992084,0.640311277853828
"atrazine",0.182079168009946,0.622819799488628,0.604999312545122,0.640248905393971
"atrazine",0.183765620038817,0.622789075271475,0.604979099130729,0.640189192971062
"atrazine",0.18546769230847,0.622750932681533,0.60496197396829,0.640135503901359
"atrazine",0.187185529496558,0.622708326054666,0.604945773198606,0.640075489748174
"atrazine",0.188919277620767,0.622668237673386,0.604929655496003,0.64002317737935
"atrazine",0.190669084051225,0.62262812411261,0.604913776403471,0.639960017836462
"atrazine",0.192435097523033,0.622581789270876,0.604905045192309,0.6399048690792
"atrazine",0.194217468148903,0.622549834577443,0.604880679375173,0.639855889708362
"atrazine",0.196016347431919,0.622511667633697,0.604863551440872,0.639793396150864
"atrazine",0.197831888278416,0.622466560135787,0.604848547101297,0.639724131653886
"atrazine",0.199664245010979,0.622427536779111,0.604839665398969,0.639658965270137
"atrazine",0.201513573381556,0.622385291827006,0.604830678229613,0.639614334804293
"atrazine",0.203380030584698,0.622351809322287,0.604821584342241,0.639563601119462
"atrazine",0.205263775270925,0.622317244877772,0.604812382471085,0.639500555907933
"atrazine",0.207164967560207,0.622270841889686,0.604803514312526,0.639419409070181
"atrazine",0.209083769055575,0.622222643668262,0.604794552664273,0.639325399580997
"atrazine",0.21102034285686,0.622187878891983,0.604778231779232,0.639231530991686
"atrazine",0.212974853574552,0.62213751429524,0.604761538500637,0.639179895536496
"atrazine",0.214947467343798,0.622094342442699,0.604744670753292,0.639139431249372
"atrazine",0.216938351838518,0.622069462898047,0.604727626723542,0.639066186581748
"atrazine",0.218947676285662,0.622023289274261,0.604713347115899,0.639003337552859
"atrazine",0.22097561147959,0.621979342140153,0.604704057161819,0.638919829549325
"atrazine",0.223022329796594,0.621935108115611,0.604703576115969,0.638829682623826
"atrazine",0.225088005209546,0.621900398252408,0.604703089324339,0.638747925590438
"atrazine",0.227172813302691,0.621853270397369,0.60470259671851,0.638672964066883
"atrazine",0.229276931286565,0.621821964170478,0.604687406533147,0.638599519482989
"atrazine",0.231400538013065,0.621775076919156,0.604665118806207,0.638518935282357
"atrazine",0.233543813990648,0.621741084223965,0.60464442520591,0.638453939719573
"atrazine",0.235706941399673,0.621706368877338,0.604633440622625,0.638378760097065
"atrazine",0.237890104107889,0.621654464642582,0.6046165558493,0.638307385821274
"atrazine",0.240093487686065,0.621621016335053,0.604612381324093,0.638233728258979
"atrazine",0.24231727942376,0.621587748268052,0.604593035181242,0.63816306167286
"atrazine",0.244561668345245,0.621547254537816,0.604558472621565,0.638091621215247
"atrazine",0.246826845225569,0.621508105643324,0.604537677600352,0.638019120948807
"atrazine",0.249113002606779,0.621462866300017,0.604514240793071,0.637938329355899
"atrazine",0.25142033481428,0.62141286708407,0.604485930999931,0.637855299930487
"atrazine",0.253749037973357,0.621367826097956,0.604477607030091,0.637778295653881
"atrazine",0.256099310025846,0.621323737394828,0.604457376339523,0.637711856133866
"atrazine",0.258471350746956,0.621269806617587,0.604436934822386,0.637625329816326
"atrazine",0.260865361762255,0.62121660292117,0.604409764026291,0.637550691516374
"atrazine",0.263281546564802,0.621173587732677,0.604394429366413,0.637470500280432
"atrazine",0.265720110532451,0.62111786440467,0.604378805973213,0.637395749405416
"atrazine",0.268181260945301,0.621066897488568,0.604352046280027,0.637314183792915
"atrazine",0.270665207003324,0.621005878274434,0.604329223789242,0.637222546279438
"atrazine",0.273172159844138,0.620949767488703,0.604306169262646,0.637141980274221
"atrazine",0.275702332560958,0.620897185097061,0.604279337947337,0.637074394799805
"atrazine",0.278255940220712,0.620838057900706,0.604234601377676,0.63700981504377
"atrazine",0.280833199882317,0.620783365325691,0.604190190818767,0.636921286609737
"atrazine",0.283434330615131,0.620720548103064,0.60414543287979,0.63684925010808
"atrazine",0.286059553517574,0.620667990158608,0.604110201236593,0.636783431245859
"atrazine",0.288709091735924,0.620608125072029,0.604085669610071,0.636697619002651
"atrazine",0.291383170483279,0.620567951338447,0.60406213885926,0.636615501476713
"atrazine",0.294082017058706,0.620504941087106,0.604047621414689,0.636547114348215
"atrazine",0.29680586086656,0.620450133824824,0.60402657247122,0.636467861364676
"atrazine",0.299554933435981,0.620392622712581,0.603993370818409,0.636371619755685
"atrazine",0.302329468440578,0.620329018765906,0.603977020474007,0.636303265369712
"atrazine",0.305129701718287,0.620262541053978,0.603949147947594,0.636223252190295
"atrazine",0.307955871291423,0.620212428101212,0.603911186384609,0.636135282984343
"atrazine",0.310808217386906,0.62016685851949,0.603885195461119,0.636049263793961
"atrazine",0.313686982456688,0.620112323619711,0.603858386954483,0.635971385405911
"atrazine",0.316592411198352,0.620051228809561,0.603818729938251,0.635881994876993
"atrazine",0.319524750575921,0.619993352266355,0.603785881609769,0.635787063039853
"atrazine",0.322484249840844,0.619940912016391,0.603762454291027,0.635694071174103
"atrazine",0.325471160553185,0.61987665259665,0.603718693451994,0.635599709525473
"atrazine",0.328485736603004,0.619838504858786,0.603682844554214,0.635499425541203
"atrazine",0.331528234231942,0.619794711562936,0.603643774499534,0.635392688410998
"atrazine",0.334598912054997,0.619720198046869,0.603601795402798,0.635303285367984
"atrazine",0.337698031082509,0.61966035193414,0.603582553828613,0.635214747123998
"atrazine",0.340825854742345,0.619612571773652,0.603562528507074,0.635120433691709
"atrazine",0.343982648902293,0.61956097258126,0.603542069005897,0.635022424276835
"atrazine",0.347168681892656,0.61949065344729,0.603521380997138,0.634912144513422
"atrazine",0.350384224529067,0.619414092178311,0.603500461933938,0.634820411073548
"atrazine",0.353629550135504,0.619357483231058,0.603460382524015,0.634722669774033
"atrazine",0.356904934567523,0.619308875769546,0.603390780559256,0.634624485738551
"atrazine",0.360210656235707,0.619245864829381,0.603363674204242,0.634523683301206
"atrazine",0.363546996129332,0.619184527880483,0.603334328047115,0.63442148586253
"atrazine",0.366914237840249,0.619123911798622,0.603294471234041,0.634334461600865
"atrazine",0.370312667586993,0.619058897619447,0.603261047428036,0.634233930324805
"atrazine",0.373742574239106,0.618989807345716,0.603218939397244,0.634128524501577
"atrazine",0.3772042493417,0.618913253865787,0.60320169909598,0.634042311767627
"atrazine",0.380697987140229,0.618852307153366,0.603171920834838,0.633948503020744
"atrazine",0.384224084605506,0.618789308640961,0.603140976583451,0.633870499398281
"atrazine",0.387782841458946,0.618726812583761,0.603066723704426,0.633782892149845
"atrazine",0.391374560198038,0.618657911440273,0.60301313784489,0.633694824612461
"atrazine",0.394999546122064,0.618581145358834,0.60295361608057,0.633600659733807
"atrazine",0.398658107358044,0.618528446028403,0.602929087630584,0.633517571754353
"atrazine",0.402350554886929,0.618447999925563,0.602878877278581,0.633402764602709
"atrazine",0.406077202570036,0.61837270893825,0.602841753272343,0.633301930606128
"atrazine",0.409838367175726,0.618304447498545,0.602795318602071,0.633200766312486
"atrazine",0.413634368406328,0.618252231467519,0.602776689711407,0.633100787735975
"atrazine",0.417465528925314,0.618180058613116,0.602737363974761,0.63299471218568
"atrazine",0.421332174384729,0.618113707944747,0.602698751741906,0.632888649339445
"atrazine",0.425234633452868,0.618040743144107,0.602677150445228,0.632785208639226
"atrazine",0.429173237842216,0.617967128320084,0.602645491732874,0.632681175413319
"atrazine",0.43314832233764,0.617897601217781,0.602608281549892,0.632576325715426
"atrazine",0.43716022482485,0.61782143210268,0.602564911251653,0.632461149718899
"atrazine",0.441209286319119,0.617733131316733,0.602530013479655,0.632358709764137
"atrazine",0.445295850994266,0.617647737287286,0.602494739985476,0.632267310392138
"atrazine",0.449420266211914,0.617571315409025,0.602459086771498,0.63215022082098
"atrazine",0.453582882551019,0.6174984584462,0.602396742909049,0.632042669599903
"atrazine",0.457784053837662,0.617423712192387,0.602353641892127,0.631939502989698
"atrazine",0.462024137175131,0.617352991065542,0.602319916910977,0.631828341269339
"atrazine",0.466303492974273,0.617270118768155,0.602286763777686,0.631719956775553
"atrazine",0.470622484984128,0.617194926060803,0.602252109389693,0.631601274165236
"atrazine",0.47498148032285,0.617113075941927,0.602177669546405,0.631488777587736
"atrazine",0.479380849508911,0.617043133302276,0.602100365910262,0.631376712001449
"atrazine",0.483820966492596,0.616959694132046,0.602050107859867,0.631259318017376
"atrazine",0.488302208687788,0.61688133093424,0.601995763787844,0.631143181044408
"atrazine",0.492824957004051,0.616792393507181,0.601944683327518,0.631033398030509
"atrazine",0.497389595879006,0.616704246675626,0.601883208710193,0.630912026122392
"atrazine",0.501996513311008,0.616615997637461,0.601846991329075,0.630790872605203
"atrazine",0.506646100892127,0.616529527591306,0.601798272460488,0.630672942750727
"atrazine",0.511338753841433,0.616458839072453,0.601746220421364,0.630551801819461
"atrazine",0.516074871038591,0.616366889838235,0.601678256674604,0.630431035565406
"atrazine",0.520854855057766,0.616273598461507,0.601627179209832,0.630308601981768
"atrazine",0.525679112201842,0.616180416409552,0.601578325903344,0.630135866415767
"atrazine",0.530548052536957,0.616089694260494,0.601532940360604,0.630062777649603
"atrazine",0.535462089927361,0.616009256184529,0.601478423164075,0.629963567968573
"atrazine",0.540421642070592,0.615921281934773,0.601423628732192,0.629850085178113
"atrazine",0.545427130532983,0.615819373930398,0.601387739656344,0.629736699960142
"atrazine",0.550478980785497,0.615729493248262,0.601333194303647,0.62962961321199
"atrazine",0.555577622239888,0.615641703620372,0.601271872400948,0.629491701023058
"atrazine",0.560723488285203,0.615549198679102,0.601212107435997,0.629359922839345
"atrazine",0.565917016324624,0.615449033127029,0.601178583770683,0.62926930501175
"atrazine",0.571158647812643,0.615373567335621,0.601134487817532,0.629119844381658
"atrazine",0.576448828292588,0.615280950548625,0.601090034905709,0.628971997212009
"atrazine",0.581788007434493,0.615184161615593,0.601012190586634,0.62884301566641
"atrazine",0.587176639073326,0.615096225922275,0.600932626250533,0.628721180449883
"atrazine",0.592615181247555,0.614991454739475,0.600873659323409,0.628578178521597
"atrazine",0.598104096238094,0.614903208742326,0.600783752972281,0.628438353904626
"atrazine",0.603643850607587,0.614804456156482,0.600706696270128,0.62832605329555
"atrazine",0.609234915240071,0.614701577161854,0.600651700607104,0.628225487836022
"atrazine",0.614877765381002,0.614617803215277,0.600584289871493,0.628123621986524
"atrazine",0.62057288067765,0.614534971998666,0.600537066093485,0.627990871161126
"atrazine",0.626320745219869,0.614434366398968,0.600478906240785,0.627849671628527
"atrazine",0.632121847581245,0.614332300034867,0.600405157798485,0.627707399180789
"atrazine",0.637976680860628,0.614232400242166,0.600334143060879,0.62756383707819
"atrazine",0.643885742724042,0.614121609668965,0.60026802296645,0.6274200070463
"atrazine",0.649849535446989,0.614023099406241,0.600211694505381,0.627300232399093
"atrazine",0.655868565957143,0.613913951008735,0.600140147004402,0.627167723405071
"atrazine",0.661943345877439,0.613805114459755,0.600046067693919,0.627025994445901
"atrazine",0.668074391569561,0.613687972454238,0.599989714422903,0.626874874616024
"atrazine",0.674262224177834,0.613595216284603,0.599901068755746,0.626776159395403
"atrazine",0.680507369673521,0.613482559485773,0.599791037364017,0.626651304588644
"atrazine",0.68681035889953,0.613372580477453,0.599731548140034,0.62651975496558
"atrazine",0.69317172761554,0.613265112747034,0.599681466136163,0.626404876113943
"atrazine",0.699592016543537,0.613164761320353,0.599635125606136,0.626280081186891
"atrazine",0.706071771413777,0.613063582370845,0.599559153826003,0.626168987860634
"atrazine",0.712611543011175,0.612950648223526,0.599488028012518,0.62604965783225
"atrazine",0.719211887222119,0.612835210156888,0.59942297479459,0.625885484027309
"atrazine",0.725873365081725,0.612725951377152,0.599333947965448,0.625736411536485
"atrazine",0.732596542821523,0.612605758834074,0.599257920114126,0.625592867871623
"atrazine",0.739381991917587,0.612497617260304,0.59917269376713,0.625454008067449
"atrazine",0.746230289139111,0.612372723279949,0.599092348690065,0.625327695284737
"atrazine",0.753142016597437,0.612244814179674,0.598987663041035,0.625188482188553
"atrazine",0.760117761795533,0.612119053533291,0.598888940658791,0.625105991215667
"atrazine",0.76715811767793,0.611996880653636,0.598800610925638,0.624934618503971
"atrazine",0.774263682681127,0.611888898372028,0.598695615670115,0.624796234992845
"atrazine",0.781435060784454,0.611781516801591,0.598595908776851,0.624688739257453
"atrazine",0.788672861561415,0.611642558278505,0.598473522177862,0.624532431752302
"atrazine",0.795977700231498,0.611520051920927,0.598397133292573,0.624373704590923
"atrazine",0.803350197712473,0.611389654155287,0.598296320569316,0.62424292412024
"atrazine",0.810790980673169,0.611254729679521,0.598227775201027,0.624067337737341
"atrazine",0.818300681586739,0.611121483891756,0.598176828144018,0.623899843748668
"atrazine",0.825879938784427,0.610987498507052,0.598091019440354,0.623771188539165
"atrazine",0.833529396509819,0.610843682222364,0.598019735486207,0.623616244962194
"atrazine",0.841249704973612,0.610712230081607,0.597944714641928,0.62348315300153
"atrazine",0.849041520408875,0.610585018060211,0.597825919481022,0.623356145964241
"atrazine",0.856905505126835,0.61043948983373,0.597713950775979,0.62323022106588
"atrazine",0.864842327573172,0.610317251572969,0.597589274935764,0.623103065424364
"atrazine",0.872852662384838,0.610186298434444,0.597450974961691,0.622933210203419
"atrazine",0.880937190447399,0.610061668524189,0.597359913086415,0.622781806860572
"atrazine",0.889096598952916,0.609918880853103,0.597240469655875,0.622641858200403
"atrazine",0.897331581458352,0.609802396686163,0.597119532661393,0.622489488855643
"atrazine",0.905642837944529,0.609659840958404,0.59697954959409,0.622340761756192
"atrazine",0.914031074875623,0.60950726484057,0.596859183323158,0.622198560122997
"atrazine",0.922497005259217,0.609385771493813,0.596740630378191,0.622043992531261
"atrazine",0.931041348706907,0.609242669524895,0.596629570322823,0.621898585114001
"atrazine",0.939664831495469,0.60910568983147,0.596512289268807,0.621757600452099
"atrazine",0.948368186628592,0.608955061050397,0.596386887408714,0.621584682640044
"atrazine",0.957152153899186,0.60881183048978,0.596272995956521,0.621429074495978
"atrazine",0.966017479952265,0.608670077569671,0.596141620262933,0.621234630078857
"atrazine",0.974964918348408,0.60851864740486,0.596039823873847,0.621075313720245
"atrazine",0.983995229627823,0.608369873129,0.595949039882758,0.620965472899927
"atrazine",0.99310918137498,0.608225734264632,0.595858529653787,0.620850617295319
"atrazine",1.00230754828386,0.608069686491882,0.595756909619466,0.62072181093203
"atrazine",1.01159111222383,0.607909119102034,0.595628266068614,0.620578343165842
"atrazine",1.02096066230605,0.607765182258132,0.595489492722524,0.620381432464496
"atrazine",1.03041699495059,0.607598373160442,0.595385071995095,0.620249689544231
"atrazine",1.03996091395412,0.607450987850137,0.595224609983022,0.62011915775327
"atrazine",1.04959323055823,0.607300976284971,0.595128325865609,0.61993614990012
"atrazine",1.05931476351837,0.607153612122306,0.595016416366338,0.61973787609381
"atrazine",1.06912633917348,0.607004340981069,0.594836389414177,0.619585782553554
"atrazine",1.07902879151618,0.606842416412116,0.594699081344533,0.619429421545583
"atrazine",1.08902296226373,0.606678432183077,0.594597193311557,0.619273537865623
"atrazine",1.0991097009295,0.606517789891236,0.594452533026791,0.619114301402393
"atrazine",1.10928986489522,0.606351091461187,0.594265799365927,0.618976181513253
"atrazine",1.11956431948388,0.606192913428801,0.594083700898372,0.618820746121013
"atrazine",1.12993393803322,0.606046512292293,0.593932118306042,0.618631493476337
"atrazine",1.14039960197003,0.605880453765743,0.59375754741596,0.618466108639601
"atrazine",1.15096220088503,0.605715348872632,0.593582837047406,0.618312135366323
"atrazine",1.1616226326085,0.605551802527306,0.593450807287083,0.618144478714625
"atrazine",1.1723818032866,0.605391838188757,0.593286670420861,0.617987521128412
"atrazine",1.18324062745838,0.605219694841445,0.593155919906394,0.617794092256353
"atrazine",1.19420002813353,0.605042360476166,0.592988687376897,0.617653970019978
"atrazine",1.20526093687084,0.604861340643323,0.592833149925906,0.617473158476543
"atrazine",1.21642429385737,0.604702517656221,0.592665897828921,0.617299855853129
"atrazine",1.22769104798836,0.604535751633889,0.592461764749982,0.617097954830192
"atrazine",1.23906215694792,0.604357142764117,0.592348115879868,0.616897478880568
"atrazine",1.25053858729039,0.604175546372105,0.592166973364813,0.616723642607847
"atrazine",1.26212131452255,0.603990017190824,0.592024290900939,0.616558099353319
"atrazine",1.27381132318648,0.603814383709571,0.591875395693442,0.616375112685738
"atrazine",1.2856096069433,0.603635589313077,0.591744562477028,0.616156619684726
"atrazine",1.29751716865759,0.603450310273259,0.591526330725775,0.616003569625096
"atrazine",1.30953502048267,0.603259784847326,0.591333417141862,0.615826036786665
"atrazine",1.32166418394661,0.603077335648559,0.591175749377055,0.615675113663552
"atrazine",1.33390569003906,0.602871888200101,0.590999048892006,0.615522740660496
"atrazine",1.34626057929891,0.602679799833345,0.590828390623809,0.615318976096752
"atrazine",1.35872990190271,0.602470399191162,0.590625590924918,0.615143753252064
"atrazine",1.37131471775394,0.602282668034365,0.590455121070786,0.614928996013806
"atrazine",1.38401609657313,0.602083894028867,0.590258242511582,0.614732666259641
"atrazine",1.39683511798874,0.601900807606188,0.590072116419025,0.614557045058351
"atrazine",1.40977287162897,0.601698968779345,0.589841568820521,0.61438345323246
"atrazine",1.42283045721435,0.601504455878387,0.58962364025904,0.614208640698839
"atrazine",1.43600898465126,0.601305012800273,0.589445245617881,0.613999632347272
"atrazine",1.44930957412622,0.601105643328057,0.589245779971707,0.613799978453221
"atrazine",1.46273335620113,0.600885900878951,0.589055734864643,0.613621781138341
"atrazine",1.47628147190939,0.600667183568921,0.588892323662055,0.613484325591707
"atrazine",1.48995507285285,0.600452347427148,0.588652053488917,0.613327973460638
"atrazine",1.50375532129974,0.600237799419345,0.588437256722572,0.613067541369794
"atrazine",1.51768339028341,0.600042717134251,0.588236491180353,0.61289889112754
"atrazine",1.53174046370208,0.599821126772437,0.58803750504351,0.612702816372477
"atrazine",1.54592773641948,0.599596089919307,0.587835872567517,0.612516347416304
"atrazine",1.56024641436637,0.599382237850034,0.587628460033087,0.612335052257888
"atrazine",1.57469771464309,0.599167937047608,0.587399767238577,0.612140386455178
"atrazine",1.58928286562298,0.598936962546953,0.58715503662228,0.611947282732923
"atrazine",1.60400310705682,0.598696649622996,0.586936431047358,0.611728674940231
"atrazine",1.6188596901782,0.598462019591403,0.586681181867692,0.611531199506687
"atrazine",1.63385387780986,0.598225503448253,0.586434978003379,0.61133447644936
"atrazine",1.64898694447106,0.597993080978697,0.586205244883591,0.61113577999097
"atrazine",1.6642601764859,0.597754089206892,0.58598941506168,0.610891861168385
"atrazine",1.67967487209265,0.597525681071603,0.585785796327802,0.610718552182742
"atrazine",1.69523234155412,0.597290362852826,0.585521286059224,0.6105145137848
"atrazine",1.71093390726901,0.597074492402443,0.585275288963264,0.610316246718172
"atrazine",1.72678090388436,0.596821717745815,0.585046032181452,0.61011636441419
"atrazine",1.74277467840892,0.596589273604041,0.584812125933798,0.609879976502924
"atrazine",1.75891659032773,0.596350408453049,0.584560072820325,0.609662116860334
"atrazine",1.77520801171763,0.596107871354537,0.584291628710557,0.60941998416028
"atrazine",1.7916503273639,0.595849811909366,0.584065451454702,0.609149752946118
"atrazine",1.80824493487795,0.595618543039673,0.583820655752887,0.608930168228077
"atrazine",1.82499324481615,0.595373867249674,0.58355885819542,0.608676137818709
"atrazine",1.84189668079971,0.595118445259901,0.583313882458605,0.60847912266198
"atrazine",1.85895667963569,0.594876965033046,0.583034271384532,0.608230526319308
"atrazine",1.87617469143912,0.594630618275822,0.58281244669983,0.608001464935381
"atrazine",1.89355217975629,0.594369855395476,0.582534262349057,0.607714828948473
"atrazine",1.91109062168914,0.594114851100306,0.582265380599342,0.607473826445289
"atrazine",1.92879150802078,0.593867941873956,0.581999236551112,0.607236539208661
"atrazine",1.94665634334226,0.593617041825053,0.581720440446338,0.607034280175606
"atrazine",1.96468664618045,0.593360763770274,0.581436064840158,0.606799451011257
"atrazine",1.98288394912707,0.593101582428277,0.581144399882771,0.606589377997333
"atrazine",2.00124979896904,0.592824517402108,0.580859798829381,0.606379935165739
"atrazine",2.01978575681988,0.592550540468944,0.580587396166662,0.606182404686553
"atrazine",2.03849339825246,0.592273634442641,0.580263096957559,0.60587558160725
"atrazine",2.05737431343291,0.5920077404572,0.579996278070433,0.605654369245158
"atrazine",2.07643010725577,0.591734347346146,0.579696919937404,0.605417746320703
"atrazine",2.09566239948043,0.591466259242838,0.579417244652343,0.605206315310807
"atrazine",2.11507282486879,0.591198608309981,0.579126705643036,0.604965548833768
"atrazine",2.13466303332424,0.590894804501055,0.578806971899015,0.604696757498432
"atrazine",2.15443469003188,0.590612373276851,0.578499189093083,0.604451232058527
"atrazine",2.17438947560008,0.590332699526185,0.578204015260366,0.604195587600281
"atrazine",2.19452908620331,0.590044913761782,0.577876849332984,0.603933840478582
"atrazine",2.21485523372636,0.589761520135782,0.577563215233449,0.603706384726602
"atrazine",2.23536964590979,0.589465265319675,0.577246769686959,0.603426165349839
"atrazine",2.25607406649686,0.589163373726603,0.576941635435582,0.603141189831296
"atrazine",2.27697025538168,0.588861632344369,0.576626808623637,0.602871313943833
"atrazine",2.29805998875885,0.588555672987081,0.576297965897026,0.602615931078499
"atrazine",2.31934505927443,0.588240189786007,0.575985672436812,0.602379273890156
"atrazine",2.34082727617829,0.587937924990467,0.575632696934468,0.602126207892202
"atrazine",2.36250846547795,0.587625831002991,0.575305507449245,0.601855704675646
"atrazine",2.38439047009372,0.587310487052034,0.574957690205931,0.601624987032029
"atrazine",2.40647515001542,0.586992655171935,0.57461066439221,0.601358838906171
"atrazine",2.42876438246045,0.586673214660015,0.574245763337025,0.601090418271504
"atrazine",2.45126006203334,0.586353337105154,0.573885869605664,0.600872061835211
"atrazine",2.47396410088681,0.586025272074225,0.573544917930904,0.600615546298699
"atrazine",2.49687842888433,0.585718047751861,0.573194431005158,0.600325116061363
"atrazine",2.52000499376409,0.585401483217457,0.572844752811521,0.600009332008046
"atrazine",2.54334576130465,0.585069867427465,0.572480789284509,0.599734433339479
"atrazine",2.56690271549195,0.584751828080732,0.572120548824154,0.599473564342799
"atrazine",2.59067785868801,0.584425884163269,0.571749078130067,0.599156621656717
"atrazine",2.61467321180109,0.584080407756741,0.571391566764595,0.598897477705263
"atrazine",2.63889081445751,0.583732878291069,0.571028700050883,0.5985951027296
"atrazine",2.66333272517498,0.583395813003469,0.570660014339846,0.598334202460559
"atrazine",2.68800102153761,0.583061363392208,0.57027839670227,0.598066296616503
"atrazine",2.71289780037247,0.582708437926114,0.5699158357613,0.597815711917412
"atrazine",2.73802517792786,0.582377237575129,0.569533352282036,0.597547868186444
"atrazine",2.76338529005317,0.58202979647769,0.569161676215288,0.597230894188644
"atrazine",2.78898029238044,0.581678935149639,0.568782764086136,0.596962802277547
"atrazine",2.81481236050758,0.58131997651685,0.568379263934627,0.596652590222187
"atrazine",2.8408836901833,0.580988238544734,0.568015115384082,0.59636336328782
"atrazine",2.86719649749377,0.580632267472943,0.567627969577992,0.596027269236243
"atrazine",2.89375301905095,0.58024748190906,0.567238995444382,0.595676486129479
"atrazine",2.92055551218274,0.579888361576212,0.566845266730633,0.595351361328807
"atrazine",2.94760625512486,0.579523464461148,0.566453743745231,0.595026374561876
"atrazine",2.97490754721444,0.579160274989834,0.566096944241882,0.594686543156111
"atrazine",3.00246170908555,0.578764989698954,0.565739032188074,0.594343593855286
"atrazine",3.0302710828664,0.578386849619201,0.565319256940557,0.594034411932587
"atrazine",3.05833803237843,0.577988080943661,0.564901090839227,0.593707834438818
"atrazine",3.08666494333727,0.577592970772063,0.564470710221528,0.593417622635898
"atrazine",3.11525422355549,0.577216705805097,0.564044234684586,0.593117751622839
"atrazine",3.14410830314726,0.576813167877602,0.563664574279728,0.592780508679731
"atrazine",3.17322963473498,0.576421124115663,0.563227163142497,0.592425544253615
"atrazine",3.20262069365765,0.57602403130176,0.562815247517408,0.592056353529628
"atrazine",3.23228397818138,0.575629150412991,0.562412107005975,0.591652252746595
"atrazine",3.26222200971167,0.575220922056678,0.562003319214314,0.591287380839617
"atrazine",3.29243733300777,0.574821965103191,0.561573609679695,0.590963749471306
"atrazine",3.32293251639897,0.57440883709005,0.561127679186915,0.590571647340584
"atrazine",3.35371015200293,0.574009014096556,0.560686565125465,0.590185695057595
"atrazine",3.38477285594598,0.573596516425508,0.560245536479783,0.589855153399981
"atrazine",3.41612326858553,0.573177022858905,0.559794937029162,0.589435608523188
"atrazine",3.44776405473446,0.572760380560121,0.559325487604072,0.589066605912342
"atrazine",3.47969790388769,0.572331756935057,0.558903290612105,0.588678428851617
"atrazine",3.51192753045073,0.571908961381521,0.558475606313309,0.588282971300155
"atrazine",3.54445567397043,0.571485054657263,0.557999062244033,0.587909732610965
"atrazine",3.57728509936787,0.5710500217027,0.5575386989142,0.587514231426695
"atrazine",3.61041859717334,0.570607775526132,0.557089158679211,0.587089105305044
"atrazine",3.64385898376354,0.570162070710901,0.556623651861925,0.586661680647319
"atrazine",3.67760910160103,0.569732530442533,0.55614860318067,0.586258728781073
"atrazine",3.71167181947576,0.569301570590085,0.555625125313294,0.585854134806187
"atrazine",3.74605003274899,0.568860061197852,0.555121254612786,0.585426681413452
"atrazine",3.78074666359935,0.568403099957361,0.554619860779619,0.584957916328622
"atrazine",3.81576466127125,0.567940553835228,0.554153431873311,0.584551024628628
"atrazine",3.85110700232557,0.567466285618238,0.553659703780544,0.584164365665809
"atrazine",3.88677669089266,0.567016891992764,0.553193249137388,0.583801055324045
"atrazine",3.92277675892772,0.56654854918092,0.552698289054289,0.583367891949741
"atrazine",3.95911026646846,0.566082147531042,0.552216486033971,0.582954669917528
"atrazine",3.99578030189527,0.565594199011707,0.551697589676417,0.582518822749229
"atrazine",4.03278998219371,0.565113718405949,0.551167201590315,0.582020510330265
"atrazine",4.07014245321944,0.56463910537055,0.550673789528217,0.581644017113783
"atrazine",4.10784088996564,0.564157119168792,0.550154701493625,0.581269482655511
"atrazine",4.14588849683291,0.563682370408627,0.54966414503509,0.580824350929386
"atrazine",4.18428850790158,0.563209129672496,0.549153344841511,0.580376793056272
"atrazine",4.22304418720667,0.56272567039626,0.548628304839764,0.579907298413297
"atrazine",4.26215882901532,0.562242290545164,0.548096203232182,0.579442751060338
"atrazine",4.30163575810679,0.56172975460801,0.547572191814777,0.578951637732993
"atrazine",4.34147833005509,0.561239390398529,0.547029110719057,0.578429473782158
"atrazine",4.38168993151419,0.560736391464782,0.546483831119729,0.577950436571146
"atrazine",4.4222739805059,0.560231273823952,0.545957619066093,0.577500492900664
"atrazine",4.4632339267104,0.559730567608149,0.545417134973357,0.577049346507298
"atrazine",4.50457325175946,0.559234047436002,0.544850268224186,0.576564006428727
"atrazine",4.5462954695324,0.558726746748365,0.544327693905473,0.576071388139164
"atrazine",4.58840412645476,0.558208734759191,0.543776849667693,0.575580818550093
"atrazine",4.63090280179974,0.557674706816187,0.543236505682436,0.575093934734536
"atrazine",4.67379510799246,0.557151777241221,0.54268126000298,0.574623926559213
"atrazine",4.71708469091701,0.556632915176775,0.542141704176947,0.574121058689056
"atrazine",4.76077523022637,0.556097687093675,0.541594794075969,0.573664639126116
"atrazine",4.80487043965513,0.555555649215967,0.541003933672544,0.573187497805267
"atrazine",4.84937406733523,0.55500761721808,0.540413537331757,0.572691072465105
"atrazine",4.89428989611453,0.554456605410392,0.539839229652316,0.572144539407503
"atrazine",4.93962174387832,0.553914957941205,0.539283567158899,0.571594884991588
"atrazine",4.98537346387389,0.553354970148101,0.538709340218178,0.571085479173553
"atrazine",5.03154894503805,0.552798690129861,0.538104751314626,0.570548213642097
"atrazine",5.07815211232767,0.552227472619495,0.537533730996547,0.570035262457326
"atrazine",5.12518692705333,0.551662350053368,0.536939923988585,0.569456002441972
"atrazine",5.17265738721602,0.551093570518015,0.536339422535054,0.568892253323077
"atrazine",5.22056752784697,0.550514585128224,0.53572925199184,0.568339916999344
"atrazine",5.26892142135067,0.549950836495348,0.5351324402713,0.56777536800539
"atrazine",5.31772317785097,0.549378328971495,0.534538809811159,0.567211263195478
"atrazine",5.36697694554047,0.548795553875331,0.533912240964501,0.566649490051195
"atrazine",5.41668691103315,0.548218477371926,0.533302762023678,0.56610782958694
"atrazine",5.46685729972018,0.547621619844974,0.532701675503838,0.565543975347509
"atrazine",5.51749237612912,0.547024322279876,0.532052234584578,0.564981511407765
"atrazine",5.56859644428641,0.546407958575976,0.531406082096125,0.564424441050548
"atrazine",5.62017384808318,0.545813423465874,0.530771465848232,0.563842395579075
"atrazine",5.67222897164454,0.545224648469713,0.530101302626771,0.563262164754344
"atrazine",5.72476623970218,0.544616038449846,0.529470166331384,0.562681207959921
"atrazine",5.7777901179705,0.544016081601841,0.528825656387123,0.562144476220892
"atrazine",5.83130511352622,0.543387229045634,0.528156808459803,0.561562579180079
"atrazine",5.88531577519145,0.542754775299846,0.527513938188925,0.560896936078238
"atrazine",5.93982669392036,0.542118458054853,0.52686268124139,0.560287178967926
"atrazine",5.99484250318941,0.541505287775216,0.526176228845072,0.559676077401323
"atrazine",6.05036787939122,0.540850246712529,0.525484227467386,0.559043604538524
"atrazine",6.10640754223204,0.540213624539642,0.524794481171537,0.558434126060234
"atrazine",6.16296625513294,0.539549335290482,0.524095975342001,0.557803913020284
"atrazine",6.22004882563471,0.538886042680466,0.523397880943739,0.557148967584322
"atrazine",6.2776601058065,0.538232967194723,0.522745125340058,0.556523237488225
"atrazine",6.33580499265825,0.537567653777072,0.522040043870096,0.555890098586311
"atrazine",6.39448842855694,0.536910973023507,0.521339912776425,0.555268487932991
"atrazine",6.4537154016467,0.536233703297891,0.520658418248572,0.554613839512755
"atrazine",6.5134909462728,0.535555440446489,0.519961195337242,0.55395842256978
"atrazine",6.57382014340958,0.534867220805966,0.519278913824765,0.553299712657246
"atrazine",6.63470812109235,0.534188961619675,0.518612801909425,0.552640186112356
"atrazine",6.69616005485322,0.533515200391702,0.517933780588176,0.551980913267855
"atrazine",6.75818116816111,0.532820600282224,0.517222614426614,0.551288699432302
"atrazine",6.82077673286568,0.532135948244118,0.516535997072932,0.550619408138631
"atrazine",6.8839520696455,0.531439487258324,0.515835044084722,0.549947910895483
"atrazine",6.94771254846023,0.530739203648701,0.51511346936254,0.549235987694546
"atrazine",7.01206358900718,0.530016547217697,0.514369292179505,0.548537966026103
"atrazine",7.07701066118189,0.529280645051789,0.513608686197678,0.547832535010835
"atrazine",7.14255928554312,0.528560670539648,0.512884646133099,0.547103795640595
"atrazine",7.20871503378213,0.527836991655876,0.512155826181369,0.546401670817815
"atrazine",7.27548352919623,0.527110276924623,0.511435132490868,0.545677633014783
"atrazine",7.34287044716676,0.526391955381938,0.510704811259858,0.544940783703992
"atrazine",7.41088151564156,0.525656930093792,0.50994486907657,0.544209344840924
"atrazine",7.47952251562182,0.524927401381911,0.50916204031528,0.543466579933877
"atrazine",7.54879928165343,0.524186750307756,0.508408709729848,0.542714692709535
"atrazine",7.61871770232299,0.523426214850685,0.507650140861406,0.541964335650313
"atrazine",7.6892837207583,0.522679190196231,0.506898600900651,0.541222244729122
"atrazine",7.76050333513357,0.521935818195585,0.506126726889557,0.540489597253257
"atrazine",7.83238259917919,0.521166188379262,0.505345803749868,0.539721267398754
"atrazine",7.90492762269642,0.520390045303974,0.504554362103536,0.53891799568754
"atrazine",7.97814457207662,0.519628021155304,0.503751258752561,0.538118609909752
"atrazine",8.05203967082547,0.51884473044713,0.50295452064725,0.537280814791498
"atrazine",8.12661920009194,0.51804327273428,0.502145725389485,0.536475376184984
"atrazine",8.2018894992022,0.517251745564721,0.501331619684372,0.535683747785334
"atrazine",8.27785696619847,0.516473329272698,0.500537615252101,0.534847142862223
"atrazine",8.35452805838286,0.515688310611444,0.499693604506158,0.534027361287185
"atrazine",8.43190929286625,0.514884808625235,0.498859206949668,0.533233714250012
"atrazine",8.51000724712224,0.51408873656036,0.49803201979142,0.532395236863141
"atrazine",8.58882855954625,0.513262436102379,0.497191702136492,0.531558310848165
"atrazine",8.66837993001977,0.512421117086164,0.496367572988767,0.530712323420668
"atrazine",8.74866812047991,0.511582437219401,0.49552773419189,0.529846979169301
"atrazine",8.82969995549409,0.510761493907702,0.494688832802406,0.529056736635519
"atrazine",8.91148232284019,0.509929292798338,0.493845611282625,0.528191953718765
"atrazine",8.99402217409204,0.509098612756747,0.492981109597687,0.527302072495538
"atrazine",9.07732652521022,0.508252907422255,0.492123478880444,0.526430767130416
"atrazine",9.16140245713851,0.507402939725481,0.491260751329135,0.525595951770323
"atrazine",9.24625711640574,0.506532860890422,0.490355837829818,0.524738740528623
"atrazine",9.33189771573323,0.505662687296264,0.489496021451527,0.523812881604482
"atrazine",9.41833153464795,0.504792509911155,0.488632763466529,0.522958108322614
"atrazine",9.50556592010119,0.503911688465467,0.487727179969506,0.52204999445744
"atrazine",9.59360828709314,0.503038030591754,0.486879592929167,0.521162736754862
"atrazine",9.68246611930312,0.502175813225876,0.485987739948276,0.520268918556217
"atrazine",9.77214696972572,0.501284320183188,0.485095216741697,0.519332128676008
"atrazine",9.86265846131282,0.500381263525555,0.484180623621415,0.518385971082642
"atrazine",9.95400828762152,0.499469550806749,0.483282673642863,0.517458271864376
"atrazine",10.0462042134681,0.498561701376499,0.482341466669091,0.516517135207813
"atrazine",10.1392540755882,0.497646485843932,0.481438832905155,0.515576046825068
"atrazine",10.2331657833024,0.496740146312384,0.480581161820254,0.514568833901917
"atrazine",10.3279473191895,0.495835169807103,0.479615543015948,0.513573671552671
"atrazine",10.423606739764,0.494910243044921,0.478670198896272,0.512618450774293
"atrazine",10.5201521761616,0.493966060567437,0.477713845533464,0.511672368581874
"atrazine",10.61759183483,0.493038601053867,0.476796952028174,0.510668091154318
"atrazine",10.7159339982267,0.492096029901572,0.475879902860857,0.50969448662571
"atrazine",10.8151870255229,0.491168147375205,0.474937774511234,0.508694359214805
"atrazine",10.9153593533139,0.490237097590221,0.473982203779497,0.507744141410787
"atrazine",11.0164594963366,0.489266755786954,0.472967951256359,0.506774176150898
"atrazine",11.1184960481927,0.488323269728581,0.471947985733469,0.505769546254043
"atrazine",11.2214776820798,0.487371107137797,0.470959142257617,0.504733716634811
"atrazine",11.3254131515281,0.486405145005319,0.470018040497721,0.503745061957827
"atrazine",11.4303112911448,0.485401352837015,0.469030658593697,0.502718957385805
"atrazine",11.5361810173648,0.484417356033919,0.468027890139272,0.501713518145983
"atrazine",11.6430313292088,0.483451561987481,0.467024241416697,0.50064144584753
"atrazine",11.7508713090481,0.482461768704256,0.466068874185401,0.499657617931454
"atrazine",11.8597101233767,0.481468104594524,0.465092910301892,0.498544656079346
"atrazine",11.9695570235904,0.480456984104918,0.464080504753455,0.497501172587742
"atrazine",12.0804213467733,0.479467024898975,0.463031387617613,0.496526298868821
"atrazine",12.1923125164911,0.478436969855545,0.462000392858217,0.495466823487637
"atrazine",12.3052400435926,0.477421888231665,0.460988481521651,0.494442390626638
"atrazine",12.4192135270178,0.476385712217215,0.459963506994883,0.493274813698941
"atrazine",12.534242654614,0.475348530688014,0.458941423245115,0.492205068450588
"atrazine",12.650337203959,0.474320388727831,0.457804101479982,0.49120972834821
"atrazine",12.7675070431926,0.473275923893755,0.456693116665817,0.49012625390612
"atrazine",12.8857621318552,0.472235634736729,0.455677837196973,0.489036164292372
"atrazine",13.0051125217341,0.471179324006711,0.454661074667425,0.487946935553782
"atrazine",13.1255683577184,0.470142605444997,0.453582071933424,0.486832473847944
"atrazine",13.2471398786612,0.469074364656695,0.452494989398828,0.485804268331273
"atrazine",13.3698374182495,0.46800539234385,0.451400651589019,0.484771485385245
"atrazine",13.4936714058831,0.466925554845497,0.450241337432851,0.48367465863593
"atrazine",13.6186523675608,0.465860500888614,0.449146636929279,0.48263226647924
"atrazine",13.7447909267754,0.464772199689426,0.448025882389579,0.48146528094035
"atrazine",13.8720978054162,0.463679026016022,0.446880109345615,0.480346541800662
"atrazine",14.000583824681,0.462571302153312,0.445792536964326,0.479157451928672
"atrazine",14.1302599059953,0.461473691982843,0.444701129830317,0.478034111973068
"atrazine",14.2611370719413,0.46039934553044,0.443546513038531,0.476863829366188
"atrazine",14.3932264471941,0.459299701255757,0.44239049057753,0.475795702605413
"atrazine",14.5265392594678,0.458214360835367,0.441221176838781,0.474697591202961
"atrazine",14.6610868404698,0.457083152367672,0.44013714719882,0.473613586141888
"atrazine",14.796880626864,0.455927581856595,0.438942830977218,0.472504287319455
"atrazine",14.9339321612425,0.45477499852346,0.43778938016481,0.471328215266428
"atrazine",15.0722530931076,0.453640032130891,0.43659050721643,0.470157088559021
"atrazine",15.211855179861,0.452474956031288,0.435378058070515,0.468970163491274
"atrazine",15.3527502878042,0.451334617102041,0.434241091766393,0.467761849806654
"atrazine",15.4949503931463,0.450189691305099,0.433055255245604,0.466618808998108
"atrazine",15.6384675830225,0.449052999244903,0.43187114618638,0.465488549627163
"atrazine",15.7833140565212,0.447899056802743,0.430716710055774,0.464306140991123
"atrazine",15.9295021257212,0.446727598569027,0.429552747025254,0.463163117695202
"atrazine",16.0770442167382,0.445549205880966,0.428308256434568,0.461993269186882
"atrazine",16.2259528707809,0.444399929806526,0.427035993775636,0.460796831059496
"atrazine",16.3762407452169,0.443196522865915,0.425875699895778,0.459627471386837
"atrazine",16.5279206146489,0.441993595459723,0.424605062511305,0.458452118598432
"atrazine",16.6810053720006,0.440814245019344,0.423334764125261,0.457238489874687
"atrazine",16.835508029612,0.439602480695521,0.422079737583775,0.456014790571264
"atrazine",16.9914417203463,0.438387319708566,0.420870635342349,0.454797128773057
"atrazine",17.1488196987054,0.437174319131296,0.419599130652976,0.453596843946474
"atrazine",17.3076553419572,0.435957936985935,0.418397608350253,0.452346920473292
"atrazine",17.4679621512724,0.434759028336136,0.417166330003452,0.451156240550105
"atrazine",17.629753752872,0.433558951758895,0.415886131331404,0.449951913975666
"atrazine",17.7930438991858,0.432330253892278,0.414629691011771,0.44869687147103
"atrazine",17.957846470021,0.431097814601472,0.413342088523627,0.447413350157354
"atrazine",18.1241754737424,0.429829760012699,0.412007391027033,0.446185879753494
"atrazine",18.2920450484629,0.428557658837368,0.410716581407525,0.444997205141343
"atrazine",18.4614694632455,0.427309044270769,0.409484345537539,0.443779831440956
"atrazine",18.6324631193156,0.42607597307399,0.408256046676207,0.44255100385138
"atrazine",18.8050405512858,0.424823638246833,0.406933681284743,0.441323402917565
"atrazine",18.979216428391,0.423580556461574,0.4056736860369,0.440118694139922
"atrazine",19.1550055557353,0.422306469548749,0.404346826300865,0.438882476356636
"atrazine",19.3324228755504,0.421012868688495,0.403076374430635,0.437649519555966
"atrazine",19.5114834684661,0.419743110414623,0.401779863700598,0.436403045514116
"atrazine",19.6922025547917,0.418468749872703,0.40045210807289,0.435088714149266
"atrazine",19.8745954958098,0.417189725755407,0.399079634637389,0.433836386960999
"atrazine",20.0586777950823,0.415901800964406,0.397730475581258,0.432554892485727
"atrazine",20.244465099768,0.414628314165619,0.396377126758635,0.431294674725688
"atrazine",20.4319732019527,0.413346638105552,0.395080538014223,0.430012209095711
"atrazine",20.6212180399914,0.412041264423841,0.393792079631795,0.428760744682108
"atrazine",20.8122156998634,0.410740166231937,0.392470206419344,0.427451243266035
"atrazine",21.0049824165391,0.409442149922097,0.391102332811671,0.426123664954782
"atrazine",21.1995345753607,0.408118173449768,0.389674519733771,0.424797486990722
"atrazine",21.3958887134342,0.406792679940602,0.388307609509234,0.423500855067312
"atrazine",21.5940615210357,0.405453412866278,0.386930588801525,0.422178743312169
"atrazine",21.7940698430295,0.404153755897071,0.385583572011746,0.420888675337178
"atrazine",21.9959306803007,0.402841446675901,0.384098082328394,0.41953615221619
"atrazine",22.1996611911995,0.401522485100218,0.382845689030994,0.418151971177275
"atrazine",22.4052786930002,0.400192682545072,0.381451732303349,0.416816779264917
"atrazine",22.6128006633728,0.398864401155637,0.380099914590546,0.415473450311034
"atrazine",22.822244741869,0.397526963284339,0.378728042893136,0.414178170222513
"atrazine",23.0336287314213,0.396161572232315,0.377442695297981,0.412874630397608
"atrazine",23.2469705998565,0.394800556482134,0.375941546819421,0.41155806264989
"atrazine",23.4622884814226,0.393446179549196,0.374561973370177,0.410196125429949
"atrazine",23.6796006783308,0.392079943958397,0.373236207558361,0.408866076013169
"atrazine",23.8989256623105,0.39071117868564,0.371828888104013,0.40750431482139
"atrazine",24.12028207618,0.389335195730519,0.370489246148682,0.40617968741171
"atrazine",24.3436887354311,0.38799200564649,0.369119145580172,0.404842334959457
"atrazine",24.5691646298279,0.386620876227049,0.367651310785924,0.403494659838813
"atrazine",24.7967289250216,0.38525213211094,0.366208510733958,0.402150609517664
"atrazine",25.0264009641792,0.383843906249741,0.364700258414688,0.400820550852016
"atrazine",25.2582002696278,0.382490719113392,0.363157999996968,0.399497920385842
"atrazine",25.4921465445142,0.381108409834035,0.361765352486043,0.398174867211259
"atrazine",25.7282596744793,0.379744137876032,0.360401511646279,0.396822844271126
"atrazine",25.9665597293487,0.378328289405509,0.358969425492322,0.395409948311523
"atrazine",26.2070669648385,0.376942836542522,0.357499871683302,0.39407685036922
"atrazine",26.4498018242772,0.375544759600085,0.356051470101658,0.392694371250818
"atrazine",26.6947849403432,0.374153700497068,0.354560547145674,0.391311476320982
"atrazine",26.9420371368188,0.372759237619268,0.353175148069664,0.389952288753546
"atrazine",27.1915794303601,0.37135248871316,0.351731780931079,0.388579765930849
"atrazine",27.4434330322836,0.369936431821723,0.350265810083205,0.387207743730007
"atrazine",27.6976193503689,0.36852161307077,0.348805273303526,0.385796005880053
"atrazine",27.9541599906785,0.367099335347947,0.347340886508766,0.384420145622876
"atrazine",28.2130767593947,0.365675654949931,0.345889235240676,0.383034650835286
"atrazine",28.4743916646724,0.364261958446947,0.344416767292673,0.381607658547761
"atrazine",28.7381269185106,0.362841375024937,0.343002237870661,0.380148359033714
"atrazine",29.0043049386399,0.361427462735917,0.341497722156866,0.378740750563816
"atrazine",29.2729483504281,0.359977400124655,0.340008004304986,0.377285543870776
"atrazine",29.5440799888038,0.358532743319932,0.338537856918677,0.375846511870744
"atrazine",29.8177229001967,0.357079977371826,0.337050840595147,0.374423371662748
"atrazine",30.0939003444972,0.355649583005334,0.335530899421796,0.372937239102303
"atrazine",30.3726357970331,0.354200937683532,0.334052692230233,0.371457762976061
"atrazine",30.6539529505652,0.352752704420252,0.332557838096572,0.369995376860469
"atrazine",30.9378757173014,0.351334232224942,0.331130917154473,0.36856126591061
"atrazine",31.2244282309285,0.349852663179774,0.329686077164778,0.367132454746929
"atrazine",31.5136348486648,0.348393127001887,0.3281991935693,0.365690939396735
"atrazine",31.8055201533292,0.346943776158529,0.326704399676914,0.364274226086011
"atrazine",32.1001089554317,0.345485539145586,0.325248501123183,0.362811429737884
"atrazine",32.3974262952819,0.344023070842059,0.323721027487347,0.361349495550718
"atrazine",32.6974974451177,0.342574316532271,0.32223623951662,0.359889366431493
"atrazine",33.0003479112528,0.341079100828141,0.320731807702079,0.358446787127271
"atrazine",33.3060034362459,0.339607733980704,0.319285940489038,0.356979008693608
"atrazine",33.6144900010876,0.338119267981369,0.317794759397531,0.355480755445331
"atrazine",33.9258338274099,0.33663757962926,0.316285551667287,0.353992811200072
"atrazine",34.2400613797142,0.335161286546726,0.314797786924427,0.35253801252126
"atrazine",34.5571993676214,0.333687385483716,0.313240174609125,0.351031671433971
"atrazine",34.8772747481418,0.332197784158834,0.311739952345077,0.349597711352158
"atrazine",35.2003147279668,0.33071628916956,0.310258214486937,0.34810378031314
"atrazine",35.5263467657814,0.329237818907169,0.308750795532523,0.346594353493902
"atrazine",35.8553985745981,0.327750945525134,0.307285341564162,0.345111156552073
"atrazine",36.1874981241128,0.326273135836671,0.305707605398695,0.343616327168218
"atrazine",36.5226736430817,0.324762782583952,0.304234189506443,0.342103968039865
"atrazine",36.8609536217216,0.323270506745494,0.302707116249658,0.340605609199802
"atrazine",37.2023668141307,0.321774905105493,0.301274470810436,0.339110986653085
"atrazine",37.5469422407333,0.320264933470962,0.299792018920207,0.337612318347068
"atrazine",37.8947091907466,0.318771347672998,0.298275354515731,0.336109978675962
"atrazine",38.24569722467,0.317276488480258,0.296775887061986,0.334578093785402
"atrazine",38.5999361767976,0.315775443975909,0.295302390605808,0.333013474877567
"atrazine",38.957456157755,0.31429404567224,0.293835198319564,0.331476960068444
"atrazine",39.3182875570577,0.312793240995983,0.292395731714471,0.329968514470172
"atrazine",39.6824610456948,0.31127792960393,0.290962468095423,0.328411411741858
"atrazine",40.0500075787361,0.30978053760804,0.289494070025427,0.326875110340509
"atrazine",40.4209583979631,0.308280468018328,0.287974842204371,0.325324082960523
"atrazine",40.7953450345245,0.306780630721167,0.286540473095021,0.323859194781501
"atrazine",41.1731993116167,0.305267914840274,0.285064887521016,0.322312686555727
"atrazine",41.5545533471887,0.303774969645586,0.283574055757517,0.320818960516673
"atrazine",41.9394395566718,0.302293759250528,0.282128478109511,0.319289246522489
"atrazine",42.3278906557355,0.300785379002313,0.280665469607036,0.317795468156818
"atrazine",42.7199396630677,0.299297836286165,0.279142809857224,0.316248703553208
"atrazine",43.1156199031822,0.297779883786962,0.277675989224763,0.314686206168801
"atrazine",43.5149650092505,0.296267725694106,0.276195930102218,0.313148057561144
"atrazine",43.9180089259608,0.294776848662786,0.274726797165084,0.311635533656711
"atrazine",44.324785912404,0.293278369738822,0.273237701772106,0.310077743499811
"atrazine",44.7353305449846,0.291773697102313,0.271817265123811,0.308612435422117
"atrazine",45.149677720361,0.290266468751099,0.270383204583245,0.307055388095082
"atrazine",45.5678626584106,0.288785312566061,0.268975921887067,0.305534416700111
"atrazine",45.9899209052244,0.287265292128049,0.267486742006253,0.303998287834416
"atrazine",46.4158883361277,0.285760383177747,0.266005870541653,0.302503827614279
"atrazine",46.8458011587305,0.284266810778968,0.264556324288514,0.300960451401205
"atrazine",47.2796959160039,0.282736835523452,0.263126200442738,0.299415856798723
"atrazine",47.7176094893874,0.281220880066197,0.261735174404983,0.297865679769865
"atrazine",48.1595791019235,0.279719131409219,0.260265207739424,0.296316688924181
"atrazine",48.6056423214213,0.278226212221419,0.258831539186275,0.294772106220708
"atrazine",49.0558370636504,0.276701210039603,0.25740927816621,0.293226153707673
"atrazine",49.5102015955634,0.275180691037734,0.255917536351803,0.291689304268233
"atrazine",49.9687745385488,0.273671684612578,0.254510382004276,0.290158684487745
"atrazine",50.4315948717136,0.272167657885621,0.253143831423016,0.288652164240282
"atrazine",50.8987019351968,0.270679937316422,0.251755152339057,0.287152051381797
"atrazine",51.3701354335134,0.269177891935504,0.250361472111919,0.285616117787439
"atrazine",51.8459354389291,0.267682938937157,0.248947286587497,0.2840390876045
"atrazine",52.3261423948666,0.266193717932735,0.247540450031754,0.282520233400236
"atrazine",52.8107971193433,0.26469719588739,0.2461498766461,0.28097650515596
"atrazine",53.2999408084409,0.263192344012876,0.244710177683514,0.279490106821681
"atrazine",53.793615039807,0.261677133433494,0.243271049651712,0.277953555493129
"atrazine",54.2918617761894,0.260184208359918,0.241888095114514,0.276467913368401
"atrazine",54.7947233690029,0.258701650131575,0.240469400503355,0.274999434246281
"atrazine",55.3022425619289,0.257209941673218,0.239101866952386,0.273456064772616
"atrazine",55.8144624945496,0.255721901346787,0.237776582634075,0.271947114180568
"atrazine",56.3314267060136,0.254230372703304,0.236446326499551,0.270433945965416
"atrazine",56.8531791387375,0.252768693334312,0.234988572925338,0.268892507776872
"atrazine",57.3797641421413,0.251275124566096,0.233597580331663,0.267334173646918
"atrazine",57.9112264764176,0.249807937470269,0.232213614756209,0.265841159396151
"atrazine",58.4476113163363,0.248358841666818,0.230817403218312,0.264372898420469
"atrazine",58.9889642550849,0.246889580851458,0.229427583205948,0.26280974706612
"atrazine",59.5353313081437,0.245427200737549,0.228108737133541,0.261288777013947
"atrazine",60.0867589171968,0.243967408429849,0.226785504232947,0.259806543417784
"atrazine",60.6432939540806,0.24252138695198,0.225477684928399,0.258296897706491
"atrazine",61.2049837247669,0.241076342367094,0.224173292001459,0.256841325120208
"atrazine",61.7718759733849,0.239651030852835,0.222808737007475,0.255428978094427
"atrazine",62.3440188862786,0.238198010601527,0.221451488456624,0.254017788640007
"atrazine",62.9214610961033,0.236744214455095,0.220084023375758,0.252520838372106
"atrazine",63.5042516859596,0.235304964151547,0.218772705573939,0.251058149290709
"atrazine",64.0924401935645,0.233869704963454,0.21750484349564,0.249621851938462
"atrazine",64.6860766154632,0.232408991209496,0.216136154278368,0.248134472878144
"atrazine",65.2852114112784,0.231011023557979,0.214811166818838,0.246667164898572
"atrazine",65.8898955079995,0.229570869039438,0.213503776489071,0.2452079220893
"atrazine",66.5001803043111,0.22815265345117,0.212204897451259,0.243802132801666
"atrazine",67.1161176749628,0.226725077141894,0.210951112633795,0.242361885954659
"atrazine",67.7377599751775,0.225329393608037,0.209582553016238,0.240965998088139
"atrazine",68.3651600451023,0.22391530968619,0.208258267361966,0.239538328449259
"atrazine",68.9983712143001,0.222498180518911,0.206978717760371,0.238112229480751
"atrazine",69.6374473062822,0.221124165340255,0.20566740975086,0.236715017010124
"atrazine",70.2824426430834,0.219715342686066,0.204330991685861,0.235287437770587
"atrazine",70.9334120498799,0.218313148644309,0.203124671250583,0.233857931055999
"atrazine",71.5904108596489,0.216926198775291,0.201825497251059,0.232495183554248
"atrazine",72.2534949178721,0.215559469257902,0.200514215504071,0.231127948578867
"atrazine",72.9227205872831,0.214190002290967,0.199195683698474,0.229681297311067
"atrazine",73.5981447526577,0.212805381774002,0.19785220846548,0.228290576482256
"atrazine",74.2798248256491,0.211472060616041,0.196506811500579,0.226919956798939
"atrazine",74.9678187496687,0.210114303761512,0.195242365906311,0.225556599287264
"atrazine",75.6621850048104,0.208752194488953,0.193953478701226,0.224234574745072
"atrazine",76.3629826128223,0.207386890103034,0.192659905118436,0.222909034899652
"atrazine",77.070271142123,0.206083995466304,0.191293761886821,0.221574770349095
"atrazine",77.7841107128647,0.204718893304762,0.189932179728728,0.220237623800569
"atrazine",78.504562002045,0.20334372501301,0.188665334002949,0.218927200912199
"atrazine",79.2316862486625,0.201989243002994,0.187286614257935,0.217556238577875
"atrazine",79.9655452589234,0.200672677465609,0.18591208682333,0.216315573807152
"atrazine",80.706201411495,0.199343258339845,0.184632022210615,0.214988988773645
"atrazine",81.4537176628074,0.198020373316657,0.183331570251179,0.213703704296783
"atrazine",82.2081575524053,0.196685829379756,0.181917839792674,0.212420131996212
"atrazine",82.969585208349,0.195402057559051,0.180533926614016,0.21111313884562
"atrazine",83.7380653526649,0.194106363104146,0.17925058486023,0.209801654934609
"atrazine",84.5136633068471,0.192808844608633,0.177955222503078,0.208502571098453
"atrazine",85.2964449974102,0.19155353459193,0.176641036115864,0.20726323841392
"atrazine",86.0864769614924,0.1902555961789,0.175346513485852,0.205944851950651
"atrazine",86.8838263525117,0.188968035991888,0.174002874664666,0.204787045796403
"atrazine",87.6885609458742,0.187696574563291,0.17268526711224,0.20357394619726
"atrazine",88.5007491447343,0.186431673722713,0.171365456579183,0.202362685434981
"atrazine",89.3204599858095,0.185163036922814,0.170002895627812,0.201142481805697
"atrazine",90.1477631452491,0.183898887707964,0.168623102442395,0.199908884294317
"atrazine",90.9827289445556,0.18265057844634,0.167329960733365,0.198714658361543
"atrazine",91.8254283565627,0.181416364827516,0.165984380623315,0.197469005800023
"atrazine",92.6759330114687,0.180176775098552,0.164694829525335,0.196321967844265
"atrazine",93.5343152029238,0.178944212960438,0.163426437076756,0.195164573158923
"atrazine",94.4006478941759,0.177693497427,0.16212155855092,0.193950706054731
"atrazine",95.2750047242729,0.17646528258229,0.160912430206614,0.192770730573337
"atrazine",96.1574600143208,0.17522171534309,0.159613418699647,0.191659507965354
"atrazine",97.0480887738029,0.174027557728037,0.158336939498148,0.190628338578846
"atrazine",97.9469667069539,0.172834619922563,0.157069612065555,0.189603609708243
"atrazine",98.8541702191956,0.171644209731173,0.155871760509502,0.188468913628749
"atrazine",99.7697764236319,0.170456570446889,0.154621181715199,0.187341682157656
"atrazine",100.693863147603,0.169274858123179,0.153415802492819,0.186298192848398
"atrazine",101.626508939299,0.168093308232884,0.152186779574257,0.185185532318617
"atrazine",102.567793074442,0.166941158483841,0.150925785949013,0.184118983149699
"atrazine",103.517795563018,0.165760652041898,0.149712704198188,0.18306388156783
"atrazine",104.47659715608,0.164583845202701,0.148511106380878,0.182051447465267
"atrazine",105.444279352617,0.163436010154752,0.147285215488679,0.180953603991912
"atrazine",106.420924406472,0.162286416954281,0.146035471704663,0.179919948549949
"atrazine",107.406615333343,0.16116305319386,0.144787869894129,0.178916503843133
"atrazine",108.401435917833,0.160037624960188,0.143552593337869,0.177882078462503
"atrazine",109.405470720574,0.158891450115471,0.142325383854565,0.176962973701563
"atrazine",110.418805085416,0.15779585480559,0.141120419283744,0.175899513293574
"atrazine",111.441525146679,0.156650911783606,0.139947644789426,0.17493138992985
"atrazine",112.473717836475,0.155556561943113,0.138735068716561,0.173990954336827
"atrazine",113.5154708921,0.154522268491511,0.137542100576172,0.173026938646535
"atrazine",114.566872863487,0.153426888929019,0.13636963024686,0.172065875688738
"atrazine",115.628013120738,0.152358544919462,0.135204465607641,0.171087278952707
"atrazine",116.698981861715,0.151284295513243,0.13407643788814,0.1700932795337
"atrazine",117.779870119712,0.150196730631301,0.132956127392315,0.169167676327566
"atrazine",118.87076977119,0.149162790274323,0.131824613912937,0.16816835676588
"atrazine",119.971773543588,0.14810830030854,0.130691645069729,0.167258281633279
"atrazine",121.082975023204,0.147064209516662,0.129557398985786,0.166400449336802
"atrazine",122.204468663149,0.146029113092111,0.128427777923422,0.16547933755416
"atrazine",123.336349791377,0.144996887784556,0.127318230651788,0.164594660198574
"atrazine",124.478714618791,0.143991562175074,0.126213779804364,0.163683142888711
"atrazine",125.631660247412,0.142990673028534,0.125119921592106,0.162775611935679
"atrazine",126.795284678643,0.141992352715349,0.124078281944172,0.161871626252989
"atrazine",127.969686821594,0.141017315799133,0.122989015003023,0.160983932861372
"atrazine",129.154966501488,0.140044512127019,0.121899366202073,0.160106104391761
"atrazine",130.351224468151,0.139016592526031,0.120833849786964,0.15924829436043
"atrazine",131.55856240457,0.138009337375715,0.119804020343765,0.158404172084442
"atrazine",132.777082935543,0.137005521138116,0.118772791943014,0.157542830794904
"atrazine",134.006889636395,0.136032175929182,0.117778749724415,0.156734280474855
"atrazine",135.248087041787,0.135063491657571,0.11677060939133,0.155912561035707
"atrazine",136.500780654601,0.134065225937636,0.115799300278769,0.155111994591165
"atrazine",137.765076954905,0.133108190835987,0.114790040152063,0.154235496618375
"atrazine",139.041083409007,0.132114612455964,0.11385562860383,0.153401797652815
"atrazine",140.328908478587,0.131130279054969,0.11285829161195,0.152556181508988
"atrazine",141.62866162992,0.130186001208953,0.111921101780413,0.151743084959183
"atrazine",142.940453343176,0.129259348314277,0.110980774812855,0.150918004153034
"atrazine",144.264395121816,0.128332194971735,0.110035456953702,0.150132198973475
"atrazine",145.600599502065,0.12739652846716,0.109091356664416,0.149304555671524
"atrazine",146.949180062482,0.126511688907341,0.108181413274345,0.148525671455253
"atrazine",148.31025143361,0.125603224486907,0.107268130277023,0.147752121235534
"atrazine",149.683929307725,0.124680978341287,0.106362470089212,0.146983824665727
"atrazine",151.070330448665,0.123785111715237,0.10546692508157,0.146215591057416
"atrazine",152.469572701757,0.122931702017946,0.104600597164001,0.145443759023178
"atrazine",153.881775003834,0.122026878441689,0.103730613695696,0.144667971621803
"atrazine",155.307057393346,0.121135575786411,0.102854721499759,0.143914568733447
"atrazine",156.745541020559,0.120281229932219,0.102033619740271,0.143154105395888
"atrazine",158.19734815786,0.119422038083458,0.10119599086701,0.142401161173174
"atrazine",159.662602210142,0.118597239991961,0.10039017597484,0.141662267018208
"atrazine",161.141427725302,0.117741384891017,0.0995484629959122,0.140915486083646
"atrazine",162.633950404819,0.116866396040169,0.0987125229578891,0.140169129325931
"atrazine",164.140297114446,0.116036399080731,0.0979054094818279,0.139394861680653
"atrazine",165.660595894991,0.115208921340778,0.0971270220921424,0.138623603853672
"atrazine",167.194975973199,0.114422893058532,0.096358046177494,0.137905842546438
"atrazine",168.743567772737,0.113588329591999,0.0956437714503465,0.137189411964257
"atrazine",170.306502925284,0.112793660865345,0.0948819750546187,0.136499516956912
"atrazine",171.883914281715,0.111989567089838,0.0941160906385398,0.13581824366134
"atrazine",173.475935923393,0.111194548999333,0.0933671267124206,0.135090508553276
"atrazine",175.082703173572,0.110425500048007,0.0926740227846001,0.134423866366182
"atrazine",176.704352608895,0.109658291085254,0.0919773288953418,0.133713805004238
"atrazine",178.341022071001,0.10889932337613,0.0912595996829916,0.13303843038024
"atrazine",179.992850678248,0.108140952472064,0.0905387503341949,0.132344638493886
"atrazine",181.659978837533,0.107407055858652,0.0898693628844426,0.131638833502394
"atrazine",183.342548256229,0.106659524128331,0.0891965597403091,0.130946748951749
"atrazine",185.04070195423,0.105920480730381,0.0885742701926937,0.130262818495903
"atrazine",186.754584276108,0.105194799967908,0.0878792771595282,0.12965086085852
"atrazine",188.484340903379,0.104463657883958,0.0872128250668387,0.129021452219271
"atrazine",190.230118866894,0.103745019067272,0.0866043571669719,0.128374627127712
"atrazine",191.992066559328,0.103029018025958,0.0859953839095052,0.127747551221646
"atrazine",193.770333747799,0.102330401933058,0.0854091443296553,0.127111199271089
"atrazine",195.565071586595,0.101622151939722,0.0847898904858772,0.126483331869572
"atrazine",197.376432630025,0.100943329905484,0.0841904899538551,0.125859394196219
"atrazine",199.204570845387,0.100285698119707,0.083577578724512,0.125240985774322
"atrazine",201.04964162605,0.0996174946586895,0.0830010760526491,0.124650460019035
"atrazine",202.911801804667,0.0989579847237003,0.0824679124578703,0.12403325835825
"atrazine",204.791209666508,0.0983159880363161,0.0819235560119318,0.123431581275163
"atrazine",206.688024962908,0.0976696177495885,0.0813476845131323,0.12281545497944
"atrazine",208.60240892485,0.0970408106108047,0.0808002730394449,0.122209851078369
"atrazine",210.53452427667,0.0964328196966543,0.0802940786189743,0.121578151518386
"atrazine",212.484535249888,0.0958323804658709,0.0797403041060709,0.12096735125866
"atrazine",214.452607597166,0.0952389682730594,0.0792250228656965,0.120396815243292
"atrazine",216.438908606402,0.0946586776353954,0.0787175580483168,0.11982061997157
"atrazine",218.443607114943,0.094031054246542,0.0782514609445927,0.119261510096453
"atrazine",220.466873523941,0.0934647976017485,0.0777601150011431,0.118693438703811
"atrazine",222.508879812837,0.0929087016313108,0.0772748561057235,0.118131595131301
"atrazine",224.569799553977,0.0923373597183167,0.0767927444493367,0.117549035664027
"atrazine",226.649807927369,0.0917655771415438,0.0763304817070576,0.117004228123663
"atrazine",228.74908173557,0.0912632956910642,0.0758810728491611,0.11645607637971
"atrazine",230.867799418717,0.0907345443734887,0.0754403818834029,0.115924310692617
"atrazine",233.006141069692,0.0902205193327832,0.0749711124895727,0.115403195962387
"atrazine",235.164288449435,0.0896940509215476,0.0744856301206972,0.114871467022265
"atrazine",237.342425002386,0.0892211046344827,0.0740288740363791,0.114362856164436
"atrazine",239.540735872088,0.0887513207025244,0.0735953375095781,0.11383522052693
"atrazine",241.759407916913,0.0882850822975709,0.0731761785015616,0.113311102182672
"atrazine",243.998629725955,0.0877895641955707,0.0727844665074905,0.112815664927472
"atrazine",246.258591635054,0.0872845597017935,0.0723373152611851,0.112297826000317
"atrazine",248.53948574298,0.0867881512275886,0.0719471645739346,0.111820205484202
"atrazine",250.841505927754,0.086319478275845,0.0715435929010456,0.111340255468653
"atrazine",253.164847863135,0.0858821678284338,0.0711590983960449,0.110805456769632
"atrazine",255.509709035251,0.0854357762923969,0.0707587253410104,0.110294629697619
"atrazine",257.87628875938,0.0849868150502128,0.0703804270522834,0.10980192274813
"atrazine",260.2647881969,0.0845731275748885,0.0700445446481733,0.109327512538438
"atrazine",262.675410372384,0.0841693218386097,0.0697425067206989,0.108850664213366
"atrazine",265.108360190853,0.0837460820781799,0.0693723304050365,0.10840385524807
"atrazine",267.563844455204,0.0833284960398672,0.0690717541252715,0.107908854426921
"atrazine",270.042071883777,0.0829515105152748,0.0687569515745035,0.107460509068211
"atrazine",272.543253128102,0.0825703848634175,0.0684144613653878,0.106983608093986
"atrazine",275.067600790806,0.0821936582808715,0.0680655930728829,0.106595617458794
"atrazine",277.61532944368,0.0818154802510056,0.0677573288674898,0.106132742609589
"atrazine",280.186655645919,0.0814534312723458,0.067438315828541,0.105636024207899
"atrazine",282.781797962534,0.0811236305559635,0.0671313651717186,0.105183440592318
"atrazine",285.400976982924,0.0807934569541924,0.0668343531092615,0.104746844631879
"atrazine",288.044415339629,0.0804497245508473,0.0665588595573367,0.104299383041314
"atrazine",290.712337727258,0.0801026405464937,0.0662360881632189,0.103853395904651
"atrazine",293.404970921579,0.0797691795551005,0.065972528731486,0.103411970203272
"atrazine",296.122543798803,0.0794631539931104,0.0657384688895712,0.102972302418076
"atrazine",298.865287355038,0.0791587742055492,0.0654533493143786,0.102537656674557
"atrazine",301.63343472592,0.0788748257717972,0.0651816520379258,0.102115710113654
"atrazine",304.42722120643,0.0785605283201449,0.0648672581111616,0.10168570814472
"atrazine",307.2468842709,0.0782833135934501,0.0646251386463681,0.101304188659866
"atrazine",310.092663593193,0.077988618330798,0.0644364577181849,0.100857441432479
"atrazine",312.964801067075,0.0777186988841673,0.0641974825339209,0.100467861640817
"atrazine",315.863540826782,0.0774517386343998,0.063966594471711,0.100005195753645
"atrazine",318.789129267765,0.0771824034374474,0.0637471613099035,0.09961732034489
"atrazine",321.741815067637,0.0769113406875832,0.0635067640999691,0.099206632231285
"atrazine",324.721849207313,0.0766751288958432,0.0632708910153668,0.0988341791482111
"atrazine",327.729484992338,0.0764235649726445,0.0630818377192996,0.0984422546505813
"atrazine",330.764978074424,0.0761796768720323,0.062861956949485,0.0980382380545599
"atrazine",333.828586473176,0.0759271746758612,0.0626882949872959,0.0976746854340985
"atrazine",336.920570598027,0.0756711423276793,0.0624943218477362,0.0972946166059629
"atrazine",340.04119327037,0.0754263062413876,0.0623285642662169,0.0969077356858942
"atrazine",343.190719745904,0.0751916624437285,0.0621433083107763,0.0965253900556484
"atrazine",346.369417737173,0.0749836110173819,0.0619323034880718,0.0961918592757287
"atrazine",349.577557436327,0.0747633246255915,0.0617541404508227,0.095827269211038
"atrazine",352.815411538088,0.0745579490487557,0.0615739786117115,0.0954316346398733
"atrazine",356.083255262927,0.0743472917494293,0.0614092366712834,0.0950633499788106
"atrazine",359.381366380462,0.074151683121136,0.0612224731664197,0.0947153606047565
"atrazine",362.710025233065,0.0739578922596061,0.0610328325836155,0.0943813252898883
"atrazine",366.06951475969,0.0737679225413453,0.0608692901413847,0.0940439114751992
"atrazine",369.46012051993,0.0735812423949208,0.0606962036891121,0.0937202809949153
"atrazine",372.882130718283,0.0734185767709642,0.060530843640443,0.0933945438090788
"atrazine",376.335836228653,0.0732615325498151,0.060349963955943,0.0930538907131693
"atrazine",379.821530619073,0.0730975613076357,0.0602088163574127,0.0927510613678764
"atrazine",383.33951017666,0.0729676667808667,0.0600551839192176,0.0924068279464267
"atrazine",386.890073932797,0.0728236037319044,0.0599217134387486,0.0920493426976231
"atrazine",390.473523688556,0.072649595492033,0.0598060037328935,0.0917763423711025
"atrazine",394.090164040345,0.0724925736907187,0.0596627204666783,0.0914885610485326
"atrazine",397.740302405803,0.0723430702558047,0.0595311413810592,0.0911857147062672
"atrazine",401.424249049932,0.0722047412746308,0.0593875749146901,0.0908598531705131
"atrazine",405.142317111465,0.0720521003775635,0.0592593435977747,0.0905315290724264
"atrazine",408.894822629486,0.0719158123494112,0.0591171721120251,0.0902210745335757
"atrazine",412.682084570295,0.0717809868712505,0.0589775937834876,0.089889558727581
"atrazine",416.504424854518,0.0716417090724348,0.0588566738690775,0.0895950654775782
"atrazine",420.362168384471,0.0715023734073534,0.0587245637434452,0.0892620804285903
"atrazine",424.255643071778,0.0713844766300686,0.0586386736308968,0.0889659226233703
"atrazine",428.185179865241,0.0712528747119602,0.0585122580158518,0.0886729480043209
"atrazine",432.151112778976,0.0711060485817008,0.0583967396245792,0.0883713504470203
"atrazine",436.1537789208,0.0709832909837221,0.0582885481848508,0.0880727314367758
"atrazine",440.193518520887,0.0708383339031108,0.0581895162199583,0.0877776720679203
"atrazine",444.270674960688,0.0707233447853524,0.058098352336161,0.0874976356789047
"atrazine",448.385594802119,0.0705894852466496,0.057974868882545,0.0872058451935862
"atrazine",452.538627817016,0.0704768475080847,0.0578764848721372,0.0869014969992732
"atrazine",456.730127016874,0.0703580836985664,0.0577616199533105,0.0866082167052844
"atrazine",460.960448682843,0.0702273489066783,0.0576813946536727,0.0863313939550733
"atrazine",465.229952396018,0.0701142937652283,0.0575800102806081,0.0860501051860729
"atrazine",469.539001068006,0.0700191292120091,0.0574702698195757,0.0857786282988175
"atrazine",473.887960971765,0.0698901253848224,0.0573522730939071,0.0855034295583139
"atrazine",478.277201772748,0.0697697175857233,0.0572531553148427,0.0852363495374343
"atrazine",482.707096560318,0.0696295719588363,0.0571625952559506,0.0849730996610933
"atrazine",487.178021879463,0.0695305712047536,0.0570766146623002,0.0847311531530499
"atrazine",491.690357762802,0.0694447468759706,0.0570008073808473,0.084500329542947
"atrazine",496.244487762891,0.0693272417749553,0.0569460151294134,0.08427984780911
"atrazine",500.840798984821,0.0692219730925176,0.056894977363563,0.0840218134640703
"atrazine",505.479682119123,0.0691066351500098,0.056812392938707,0.0837894408572975
"atrazine",510.161531474983,0.0690183291138871,0.0567346072540383,0.0835592429289704
"atrazine",514.886745013749,0.0689295968482626,0.0566637303248209,0.0833115403501552
"atrazine",519.655724382765,0.0688362315115748,0.0565928744654967,0.0830899770654397
"atrazine",524.468874949511,0.0687550552696935,0.0564889376551823,0.082871998818578
"atrazine",529.326605836056,0.0686485375424891,0.0564456967216343,0.0826634543627504
"atrazine",534.229329953835,0.0685425299946954,0.0564051117453763,0.0824629903034342
"atrazine",539.17746403875,0.0684550988569556,0.0563652630580138,0.0822342738566677
"atrazine",544.171428686589,0.0683799240234579,0.0563028876844436,0.0820275899206836
"atrazine",549.211648388778,0.0683156603449446,0.0562629135834178,0.0818048725295632
"atrazine",554.298551568467,0.0682156495553716,0.0562357656078098,0.0815951058328426
"atrazine",559.432570616938,0.0681450844889853,0.0561961023943979,0.0814191021294678
"atrazine",564.614141930366,0.0680525166149631,0.0561536681601617,0.0812482702176686
"atrazine",569.843705946914,0.0679639213792935,0.0561248909538574,0.0810514660737424
"atrazine",575.12170718416,0.067870062373956,0.0560814363753971,0.080860436376187
"atrazine",580.448594276897,0.0677742151482956,0.0560348640612692,0.0806636974644611
"atrazine",585.824820015254,0.067701918799234,0.0559973386059323,0.0804868330421321
"atrazine",591.250841383187,0.0676284909642364,0.0559619343639566,0.0802967154877979
"atrazine",596.727119597331,0.0675462783304045,0.0559185079550787,0.0801067182306169
"atrazine",602.254120146192,0.0674488621120403,0.0558941322072566,0.0799402352443838
"atrazine",607.832312829722,0.0673603963180261,0.0558434198837187,0.0797250082475225
"atrazine",613.46217179925,0.0672805913857257,0.0557911329819058,0.0795798802976991
"atrazine",619.144175597784,0.0671897781304294,0.0557378629514911,0.0794349973031649
"atrazine",624.878807200688,0.0671120217979303,0.0556880277198204,0.0792606201756881
"atrazine",630.66655405674,0.0670412781935951,0.0556436960878136,0.0791172293672784
"atrazine",636.507908129557,0.066952273813156,0.0556122868231022,0.0789753619565167
"atrazine",642.403365939418,0.0668684243227307,0.0555261580588399,0.0787849932889453
"atrazine",648.353428605472,0.0667833212255246,0.0554978954959484,0.0785782803729917
"atrazine",654.358601888323,0.0666899017160165,0.0554604933533924,0.0784070248220647
"atrazine",660.41939623303,0.0665958319303489,0.0554193498621696,0.0783399901867252
"atrazine",666.536326812491,0.0665084326514575,0.0553935051887174,0.0781753954555204
"atrazine",672.709913571234,0.0664315774497969,0.0553679006824251,0.0781195359318267
"atrazine",678.94068126961,0.0663357114537394,0.0553433648554563,0.0779712435262923
"atrazine",685.229159528406,0.066263455734047,0.0553228904635081,0.0778478797645605
"atrazine",691.575882873852,0.0661754483406691,0.0553101136630955,0.0777113499867266
"atrazine",697.981390783065,0.0661057024011626,0.0552816661066377,0.0776083628810487
"atrazine",704.446227729904,0.0660126269435303,0.0552253198678081,0.0775239566216996
"atrazine",710.970943231242,0.0659234714308065,0.0551921160765882,0.0773905944863586
"atrazine",717.556091893692,0.0658488194876838,0.0551532946645074,0.0772897940375531
"atrazine",724.202233460731,0.0657712049819283,0.0551252347524327,0.0771809056239054
"atrazine",730.90993286029,0.0656918258562956,0.0550994254437183,0.0770510683202285
"atrazine",737.679760252773,0.0656240858045713,0.055072728666092,0.0769520910541173
"atrazine",744.512291079514,0.0655791921810401,0.0550501299888592,0.0768526449901154
"atrazine",751.408106111696,0.0654995600101568,0.0549936390977137,0.07674672998382
"atrazine",758.367791499718,0.0654344051895166,0.0549682175347959,0.0766744746886646
"atrazine",765.391938823015,0.0653719076431768,0.0549314192230938,0.0765645277922692
"atrazine",772.481145140339,0.0653196071615031,0.054900273122848,0.0764560090648093
"atrazine",779.636013040523,0.0652486365062856,0.0548817869249137,0.076424560789229
"atrazine",786.857150693685,0.0651792468999539,0.0548432738136426,0.076341678814587
"atrazine",794.145171902933,0.0651181171734039,0.0547557529158982,0.0762836917926766
"atrazine",801.50069615654,0.0650425330463037,0.0547250905654882,0.0762103656499521
"atrazine",808.924348680594,0.0649859954423505,0.0546502412393894,0.0761141969873626
"atrazine",816.416760492146,0.0649237503847524,0.0545723761873297,0.0760569168755513
"atrazine",823.978568452851,0.0648625970661145,0.0545557019528936,0.0759726438738608
"atrazine",831.610415323096,0.0648188703168812,0.054496201753459,0.0759472150960281
"atrazine",839.312949816636,0.0647653132356804,0.0544442638454009,0.075909059719569
"atrazine",847.08682665574,0.0647234994306499,0.0543953971481577,0.075828313746371
"atrazine",854.932706626838,0.0646814794637778,0.0543527408538221,0.0757847488146401
"atrazine",862.851256636688,0.0646121539596185,0.0543005768618338,0.0757277492341429
"atrazine",870.843149769072,0.0645477265847315,0.0542597330786693,0.0756612140392458
"atrazine",878.909065341996,0.0644868253012138,0.0541939482358499,0.0756044919400772
"atrazine",887.04968896544,0.0644418439631619,0.0541557515064918,0.0755433557301609
"atrazine",895.265712599639,0.0643727241319151,0.0540877750772136,0.075428987454644
"atrazine",903.557834613891,0.0643257398622365,0.0540720941176473,0.0753678768142213
"atrazine",911.926759845929,0.0642661086206351,0.0540189548801797,0.0753146473049825
"atrazine",920.373199661822,0.0642156675205637,0.0539185729604501,0.0752971328758452
"atrazine",928.897872016449,0.0641697480345057,0.0538201905285,0.0752080092282519
"atrazine",937.501501514528,0.0641129675430987,0.0537859854442398,0.0751486293503405
"atrazine",946.1848194722,0.0640638851346068,0.0537482150808003,0.0750686033198097
"atrazine",954.948563979195,0.0640307026922887,0.0537350997876197,0.0750121654572055
"atrazine",963.793479961578,0.0639880581355987,0.053691933650639,0.0749369544647063
"atrazine",972.720319245054,0.0639418828316795,0.0535956865533675,0.0749148601343881
"atrazine",981.729840618882,0.063880922234963,0.0535521649156026,0.0749098657107994
"atrazine",990.822809900379,0.0638410054209868,0.0534750068254323,0.0748891827591616
"atrazine",1000,0.0638022269353867,0.0534193926679882,0.0748837421844882
"diuron",0.1,0.695939553374466,0.682304962480457,0.711120694546593
"diuron",0.100572582218016,0.695780985852992,0.682192560857471,0.710930931052233
"diuron",0.101148442939996,0.695630372264787,0.682079216458503,0.710667077267143
"diuron",0.101727600938071,0.695473801113969,0.681964645088989,0.710437360848869
"diuron",0.102310075091857,0.695317339686584,0.681849426055732,0.710193938080632
"diuron",0.102895884389072,0.695161257249164,0.681737585874822,0.709931292630267
"diuron",0.103485047926155,0.695009127627944,0.681640039922613,0.709699996911897
"diuron",0.104077584908886,0.694852108241544,0.681519685450541,0.709432127841087
"diuron",0.104673514653015,0.694697913719818,0.681381565628486,0.709168956924363
"diuron",0.10527285658489,0.694541062319904,0.681262617107471,0.708905789215535
"diuron",0.105875630242093,0.69439300121209,0.681139470399016,0.708665082126646
"diuron",0.106481855274072,0.694233603042562,0.681005228525407,0.70838748444221
"diuron",0.107091551442785,0.694073512511122,0.680889940868343,0.708155170988501
"diuron",0.107704738623345,0.693910925369841,0.680767262014777,0.70789878487802
"diuron",0.108321436804663,0.693761002277009,0.680629656267705,0.707624242832503
"diuron",0.108941666090106,0.693605274384748,0.6805161061133,0.707392776204198
"diuron",0.109565446698149,0.693437249915668,0.68039788342362,0.70712643932237
"diuron",0.110192798963032,0.693270639034823,0.680280088661735,0.706862153043794
"diuron",0.110823743335429,0.693100380329004,0.680153370800417,0.706634956162907
"diuron",0.111458300383108,0.692929910502131,0.680025782416409,0.706367612455692
"diuron",0.112096490791605,0.692769366920546,0.679888041192315,0.706089801450854
"diuron",0.112738335364898,0.692587291668596,0.679748137880557,0.705844894021916
"diuron",0.113383855026085,0.692416522620986,0.679616321363383,0.705589429801745
"diuron",0.114033070818065,0.692241703066908,0.679500265345269,0.705369251477147
"diuron",0.114686003904227,0.692072912844023,0.679375300748836,0.705111315802922
"diuron",0.115342675569136,0.691896633595158,0.679247304699728,0.704869062560195
"diuron",0.11600310721923,0.691714606655477,0.679127616315892,0.704644704755646
"diuron",0.116667320383513,0.691534441224252,0.679003234184802,0.704377863424787
"diuron",0.117335336714265,0.69136238656074,0.67888011949692,0.704160201523167
"diuron",0.118007177987741,0.691172968639122,0.678748414393726,0.703885483918789
"diuron",0.118682866104881,0.690992713653536,0.678584148493808,0.703646943600306
"diuron",0.11936242309203,0.69079674071354,0.678429466750318,0.703401746400239
"diuron",0.120045871101648,0.690634238966734,0.678286644823135,0.703140712643638
"diuron",0.120733232413039,0.690463573327067,0.678146286473286,0.702889980996973
"diuron",0.121424529433072,0.690275404162848,0.677991210869041,0.702606124681012
"diuron",0.122119784696916,0.690085678650992,0.677847024223964,0.702321066100528
"diuron",0.122819020868771,0.689901674172936,0.677701838792297,0.702080468773095
"diuron",0.123522260742607,0.689718918218972,0.677555050619646,0.701801409044451
"diuron",0.124229527242911,0.689518659345255,0.677396465273939,0.701541274625461
"diuron",0.124940843425429,0.689323812444934,0.677214426162044,0.701258497956979
"diuron",0.125656232477923,0.689133067869241,0.677044544710727,0.700971392350946
"diuron",0.126375717720921,0.688939874329772,0.676884249819717,0.700739336082825
"diuron",0.127099322608481,0.688736661324076,0.676728648585644,0.700446758309435
"diuron",0.127827070728956,0.68853083634703,0.676572247321493,0.700221919938984
"diuron",0.128558985805762,0.688335981802899,0.676373060732778,0.699914997644961
"diuron",0.129295091698147,0.688119340575901,0.676225982617308,0.699685786831533
"diuron",0.130035412401979,0.687920965999713,0.676076121879205,0.699441657656764
"diuron",0.130779972050517,0.687719027357938,0.675928074484886,0.699152149516401
"diuron",0.131528794915205,0.687518218022366,0.675744308723133,0.698905966589456
"diuron",0.13228190540646,0.687308527419733,0.675612860899665,0.698618942556065
"diuron",0.133039328074471,0.687103903230608,0.675443668440629,0.698393096418226
"diuron",0.133801087609993,0.686886217670679,0.675284575224341,0.698154657708563
"diuron",0.134567208845161,0.686678986226439,0.675102367624579,0.697901874024124
"diuron",0.135337716754289,0.686461989145112,0.674913603365178,0.697648532222239
"diuron",0.136112636454693,0.686250049033552,0.674727672472327,0.697396595180726
"diuron",0.136891993207506,0.686036774305837,0.67458297067763,0.697139287588822
"diuron",0.1376758124185,0.685811406830403,0.674383113975079,0.696907441026288
"diuron",0.138464119638918,0.68559750848387,0.674187766671457,0.696657391209561
"diuron",0.139256940566303,0.685365351574243,0.674026609521964,0.696427123768356
"diuron",0.140054301045339,0.685152546449387,0.67385991562371,0.696141300472163
"diuron",0.140856227068692,0.684918166717687,0.673704299633941,0.695864087143308
"diuron",0.141662744777856,0.684705838411809,0.67348436513397,0.695595971912618
"diuron",0.142473880464008,0.684481674824615,0.673315521283525,0.69532376285031
"diuron",0.143289660568862,0.684245615998729,0.6731298851471,0.695041984439861
"diuron",0.144110111685536,0.684028213197233,0.672922602453213,0.694793594812653
"diuron",0.14493526055941,0.683808610498046,0.67271530141162,0.694491336572558
"diuron",0.145765134089009,0.68359174111316,0.672505353758282,0.694202596791897
"diuron",0.14659975932687,0.683367799378706,0.672306875156674,0.693922923208263
"diuron",0.147439163480431,0.683124577140348,0.672146362318144,0.693636897097756
"diuron",0.148283373912912,0.682901252166944,0.671939498077298,0.693405104200761
"diuron",0.149132418144212,0.682659476383014,0.671737255603132,0.693172792291025
"diuron",0.149986323851803,0.682425704095445,0.671525982959484,0.692865301471906
"diuron",0.150845118871635,0.682187338536298,0.671320571826133,0.69261766822052
"diuron",0.151708831199039,0.681963472938797,0.671122658068126,0.692321205175345
"diuron",0.152577488989645,0.68171629322992,0.670933595809784,0.692092252817411
"diuron",0.153451120560296,0.6814924126465,0.670686361678671,0.691841104321998
"diuron",0.154329754389971,0.681248341235747,0.670494415713746,0.691601385851275
"diuron",0.155213419120716,0.681016946574138,0.670301768396889,0.691365233705426
"diuron",0.156102143558576,0.680772066061338,0.67008524682842,0.691112831586379
"diuron",0.156995956674535,0.680536963417902,0.669835079414439,0.690832715899092
"diuron",0.157894887605458,0.680285940617928,0.669639529191558,0.690586162178139
"diuron",0.158798965655044,0.68003637222458,0.669422983186279,0.690330057900321
"diuron",0.159708220294778,0.679789531860014,0.669194642862147,0.690052396822653
"diuron",0.160622681164896,0.679543314084288,0.668944436728868,0.689802097773681
"diuron",0.161542378075348,0.679295525989848,0.66870456519462,0.689524870605803
"diuron",0.162467341006768,0.679041034120586,0.66846910862643,0.689255913943901
"diuron",0.163397600111456,0.678806576937685,0.668235797129815,0.68895198141337
"diuron",0.16433318571436,0.678546039699875,0.66802863114185,0.688673163346338
"diuron",0.16527412831406,0.678291500107027,0.667780801162149,0.688387358977042
"diuron",0.166220458583768,0.678039714118978,0.667518350832799,0.688102887355988
"diuron",0.167172207372323,0.677775042515687,0.66726341565598,0.687851026811875
"diuron",0.168129405705203,0.677503073165765,0.667052288120669,0.687548585834147
"diuron",0.169092084785527,0.677251580670139,0.666799771443355,0.687282865233318
"diuron",0.170060275995082,0.676979355365389,0.666597768263224,0.687028114859016
"diuron",0.171034010895339,0.676713780779684,0.666337292023173,0.686757380667014
"diuron",0.172013321228486,0.676446180900356,0.666089503481246,0.686512650863071
"diuron",0.17299823891846,0.676175535401724,0.665832572990132,0.686230415785765
"diuron",0.173988796071988,0.675900510455163,0.665512917432698,0.685908193446383
"diuron",0.174985024979637,0.675611943088029,0.665218797696006,0.685614425289432
"diuron",0.175986958116862,0.67533164381659,0.664973866448954,0.685347635422861
"diuron",0.176994628145067,0.675061871428143,0.664707634946318,0.685101003936785
"diuron",0.178008067912669,0.67477098011104,0.664388292067141,0.684819900400164
"diuron",0.179027310456172,0.674490477270057,0.664134311377927,0.684579868675525
"diuron",0.180052389001236,0.674225720922879,0.663816066584348,0.68432815666736
"diuron",0.181083336963771,0.673947783661483,0.663494335979288,0.684036737096125
"diuron",0.182120187951016,0.673669994983824,0.663180001530538,0.683758209726901
"diuron",0.183162975762641,0.673404580029741,0.662912878052912,0.68348668195879
"diuron",0.184211734391848,0.673138182429978,0.662608760495414,0.683194408999128
"diuron",0.185266498026475,0.672855177978634,0.662298577515183,0.682929943549531
"diuron",0.186327301050116,0.672561368615324,0.661989051059638,0.682639795072232
"diuron",0.187394178043239,0.672272395572943,0.661641025842823,0.682369972460716
"diuron",0.188467163784312,0.671990396634599,0.661339073572217,0.682099343258108
"diuron",0.189546293250941,0.671690462042626,0.661015546452257,0.681826667158181
"diuron",0.190631601621004,0.671403941152123,0.660718928989174,0.681548016837768
"diuron",0.191723124273806,0.671110949954759,0.660437567041546,0.681258012481821
"diuron",0.192820896791223,0.670814626065099,0.660133948582787,0.680938647836665
"diuron",0.193924954958869,0.670514133913559,0.659888812455729,0.680665821794369
"diuron",0.19503533476726,0.67022792386663,0.659561721122562,0.680372740645564
"diuron",0.196152072412986,0.669941545783154,0.659333463425966,0.680073876614886
"diuron",0.197275204299893,0.669639588554443,0.659047465392258,0.679777957264082
"diuron",0.198404767040269,0.66934609324049,0.658696530510044,0.679474178848321
"diuron",0.199540797456038,0.669052430987113,0.658402580491171,0.679181600082684
"diuron",0.20068333257996,0.668745888216795,0.658105528798323,0.678887171489296
"diuron",0.201832409656835,0.668443601760087,0.657757218165295,0.678579166633603
"diuron",0.202988066144724,0.668143092668664,0.657393607161983,0.678267447084824
"diuron",0.204150339716164,0.667839358245597,0.657022767021364,0.677937435879166
"diuron",0.205319268259398,0.6675228756146,0.656681511907524,0.677617165157528
"diuron",0.206494889879613,0.667215505464307,0.656365094941176,0.677312602531474
"diuron",0.207677242900176,0.666913287181626,0.656009159779841,0.67700256087609
"diuron",0.208866365863889,0.66659017509242,0.655621649249666,0.676693795327528
"diuron",0.210062297534242,0.666269891658736,0.655247184232126,0.67634203158326
"diuron",0.21126507689668,0.665952586886564,0.654888598025958,0.676016060087595
"diuron",0.212474743159868,0.665638357965295,0.654516884257815,0.675709016210173
"diuron",0.213691335756978,0.665325791182925,0.654188314506448,0.675389161418709
"diuron",0.214914894346963,0.665015719440988,0.653799538434106,0.675054125131454
"diuron",0.216145458815863,0.664688137223319,0.653392273697216,0.67473913290705
"diuron",0.217383069278092,0.664354893847133,0.653015187668586,0.67444406142625
"diuron",0.218627766077756,0.664024408123977,0.652632909030267,0.674107959225444
"diuron",0.219879589789964,0.663703597676504,0.652313473741615,0.673751186574979
"diuron",0.221138581222148,0.663372540583765,0.651926145663612,0.673409206260248
"diuron",0.2224047814154,0.663047045228894,0.651555900578511,0.673073937156208
"diuron",0.223678231645802,0.662701441048587,0.651160043432868,0.672745521043547
"diuron",0.22495897342578,0.662365923643685,0.650776342312749,0.672455500804515
"diuron",0.226247048505448,0.662030299590267,0.650428524797467,0.672116026287287
"diuron",0.227542498873976,0.661681949569365,0.650018968302657,0.671798310787902
"diuron",0.228845366760959,0.661339520729876,0.649607950045183,0.671485296392754
"diuron",0.230155694637786,0.660995829612659,0.649195880938066,0.671144051165575
"diuron",0.231473525219034,0.660641753666843,0.648799525821695,0.670814061471191
"diuron",0.232798901463854,0.66029315706359,0.648415377386457,0.67046365881328
"diuron",0.234131866577373,0.659947696446719,0.648010004644828,0.67012951427818
"diuron",0.235472464012105,0.659603967248326,0.647624411638592,0.669803214125371
"diuron",0.236820737469363,0.659252808732022,0.647201170568388,0.66945501377256
"diuron",0.238176730900687,0.658881512376477,0.646815698621021,0.66908767108402
"diuron",0.239540488509277,0.658541369859653,0.646373810978393,0.668745210292369
"diuron",0.240912054751431,0.658187783709493,0.64594999977968,0.668399664245
"diuron",0.242291474337995,0.657835337649154,0.645493317491801,0.668053142186659
"diuron",0.243678792235824,0.657466937007173,0.645048051749631,0.667707731758539
"diuron",0.245074053669243,0.657103295312169,0.644600556763778,0.667358029102499
"diuron",0.246477304121525,0.65673996875692,0.644186115058157,0.66700712181145
"diuron",0.24788858933637,0.656381502617693,0.643740262625272,0.666648859043663
"diuron",0.249307955319402,0.656005301545825,0.643309056658499,0.666275758970946
"diuron",0.250735448339661,0.655634105627405,0.642899011941021,0.665937519794577
"diuron",0.252171114931117,0.655259465618323,0.642462156758499,0.665577209472457
"diuron",0.253615001894186,0.654888302300499,0.642036891750289,0.665210160966994
"diuron",0.255067156297254,0.654513117462404,0.641602629087407,0.664831014769665
"diuron",0.256527625478212,0.654137796190588,0.641142999496032,0.664433173679347
"diuron",0.257996457045999,0.653767519674306,0.640693073463871,0.664059751530373
"diuron",0.259473698882157,0.653394332123318,0.640262965819923,0.663698759629934
"diuron",0.260959399142385,0.653008313021122,0.639829622331927,0.663318756084165
"diuron",0.262453606258117,0.652624974329389,0.639394924969751,0.662990708134471
"diuron",0.263956368938093,0.652247630985432,0.638958540081642,0.662606262626384
"diuron",0.265467736169954,0.651861880794511,0.638526065060542,0.662235110635085
"diuron",0.266987757221834,0.651473018151902,0.63809212902182,0.661856666524959
"diuron",0.268516481643966,0.651074927989889,0.637656513498423,0.661489460308089
"diuron",0.270053959270303,0.650675467786236,0.637218911882701,0.661083949601511
"diuron",0.271600240220133,0.650278707750862,0.636788830183619,0.660694431255949
"diuron",0.273155374899723,0.649880202119934,0.636347132599493,0.66030067288829
"diuron",0.274719414003955,0.649476418157959,0.635883106953428,0.659927405212205
"diuron",0.27629240851798,0.649082161087549,0.63540340294258,0.659536982205777
"diuron",0.277874409718883,0.648690849675551,0.634931607738526,0.659137713627739
"diuron",0.279465469177351,0.648298068444545,0.634424121155502,0.658738809842719
"diuron",0.281065638759356,0.64789460761701,0.633937163758791,0.658343156270805
"diuron",0.282674970627846,0.647483858080346,0.633469445314417,0.657941157634242
"diuron",0.284293517244444,0.647069138648747,0.632992437323186,0.657508123204744
"diuron",0.285921331371159,0.646662688227653,0.63250202894732,0.657079674202948
"diuron",0.287558466072106,0.646247805960425,0.632031948465188,0.656675629855648
"diuron",0.289204974715235,0.645841598888765,0.631560450529835,0.656312134894112
"diuron",0.290860910974073,0.645426962493882,0.631010078281648,0.655918753732814
"diuron",0.29252632882947,0.644998131824032,0.630529141632445,0.655506693569915
"diuron",0.294201282571364,0.644579403872017,0.630046952284274,0.655104944355789
"diuron",0.295885826800543,0.644151200614539,0.629563668361387,0.654697722345607
"diuron",0.297580016430434,0.643728792902613,0.629065064322067,0.654264566912146
"diuron",0.299283906688884,0.643300839393128,0.628537775877238,0.653864627241076
"diuron",0.300997553119969,0.642866509688572,0.628041090044328,0.653445598133107
"diuron",0.302721011585798,0.642415761377742,0.627533952031051,0.653017809297253
"diuron",0.304454338268338,0.641973013845648,0.627027108964342,0.652592085842318
"diuron",0.306197589671241,0.641534328968087,0.626529405223535,0.652166333712503
"diuron",0.307950822621693,0.641081169742981,0.626010026319729,0.65173983665625
"diuron",0.30971409427226,0.640633161839323,0.62550385468129,0.651295401074436
"diuron",0.311487462102753,0.640170252693229,0.624995498487919,0.650863473824122
"diuron",0.313270983922104,0.639721447486152,0.624465504976276,0.650394614103465
"diuron",0.315064717870246,0.639266246670158,0.62394250241266,0.64997085055843
"diuron",0.316868722420015,0.638818706278607,0.62339573650975,0.649516892187673
"diuron",0.318683056379047,0.638360405139073,0.622870644836679,0.649049262088937
"diuron",0.320507778891704,0.637893170456933,0.622357588390068,0.648590166067629
"diuron",0.322342949440997,0.637416717674758,0.621838861395592,0.648177576230511
"diuron",0.324188627850525,0.636945590760803,0.621308677076037,0.647730611787032
"diuron",0.326044874286429,0.636466885456998,0.620775909818665,0.647285436243354
"diuron",0.327911749259346,0.635994748276905,0.620263226920544,0.646867569398999
"diuron",0.329789313626391,0.635526080918716,0.61973482070247,0.646406398566502
"diuron",0.331677628593134,0.635039823116409,0.619183343758959,0.645941638749732
"diuron",0.333576755715596,0.634560980916617,0.618649701336475,0.645474618376053
"diuron",0.33548675690226,0.634072747329463,0.61812986453463,0.645014066132602
"diuron",0.337407694416081,0.633592466520381,0.617609644135418,0.644559400565591
"diuron",0.339339630876527,0.633111864718396,0.617048886273449,0.644111581490098
"diuron",0.341282629261608,0.632619379993908,0.61653015863038,0.6436563522004
"diuron",0.343236752909938,0.632111871339716,0.615992425462191,0.643175448701675
"diuron",0.345202065522797,0.631607865696031,0.615441694811115,0.64269990696475
"diuron",0.347178631166205,0.631101154925477,0.614875993009406,0.642203542210078
"diuron",0.349166514273015,0.630601290647955,0.614308400931758,0.641702799718439
"diuron",0.35116577964501,0.630088668492738,0.613745088811581,0.641218417621048
"diuron",0.353176492455016,0.629595475260539,0.613171363024017,0.640717432691464
"diuron",0.355198718249027,0.629076730801971,0.612607490278262,0.640245440020857
"diuron",0.357232522948342,0.628561260735996,0.612050775521053,0.639753221273101
"diuron",0.359277972851716,0.62804192943378,0.611480379602798,0.6392415915774
"diuron",0.361335134637514,0.627527683527414,0.610906592551673,0.638775770724989
"diuron",0.363404075365893,0.627011582842445,0.610347690851786,0.638279188994622
"diuron",0.365484862480985,0.62648234205372,0.609766136560931,0.637791292399259
"diuron",0.367577563813092,0.625962357691809,0.609199544379843,0.637293511210517
"diuron",0.369682247580904,0.625429564396012,0.608629438163485,0.63679330733263
"diuron",0.371798982393715,0.624894470493683,0.608052181184256,0.636297638458768
"diuron",0.373927837253667,0.6243559943532,0.607478987509451,0.635804716048743
"diuron",0.376068881557994,0.623821834176584,0.606899857357296,0.635305633611039
"diuron",0.378222185101288,0.623280005769902,0.606318897231778,0.634810278059105
"diuron",0.380387818077771,0.622738992825888,0.605724607909345,0.634264513772011
"diuron",0.382565851083584,0.622183412940157,0.605142350367296,0.633761169673767
"diuron",0.384756355119091,0.621650884966169,0.604565004159628,0.633226952791565
"diuron",0.386959401591191,0.621095939680648,0.603976691364877,0.632703293640422
"diuron",0.389175062315644,0.620544423552726,0.603373256755088,0.632200955311836
"diuron",0.391403409519417,0.619997612878566,0.602791144811659,0.631698715656457
"diuron",0.393644515843035,0.619434023286853,0.602200474438934,0.631175616135815
"diuron",0.395898454342949,0.618871893943987,0.601604624440917,0.6306198627345
"diuron",0.398165298493918,0.618314109644469,0.60101769333988,0.630096026398985
"diuron",0.400445122191405,0.6177465966566,0.600407185107995,0.629571079047776
"diuron",0.402737999753987,0.617173892818006,0.59979804246167,0.629043713456377
"diuron",0.405044005925773,0.616608196893492,0.599192876668575,0.62851333121877
"diuron",0.407363215878844,0.616027912348345,0.598597506950332,0.627979630705364
"diuron",0.409695705215706,0.615442071876326,0.597965098044627,0.627437717375501
"diuron",0.412041549971748,0.614872930754898,0.597357194000989,0.626903713644306
"diuron",0.414400826617724,0.614293395085542,0.59674590688024,0.62634645327825
"diuron",0.41677361206225,0.613709912974951,0.596135159160496,0.625794000008465
"diuron",0.419159983654303,0.613124553664281,0.595489667455299,0.625218545059611
"diuron",0.421560019185747,0.612533620361397,0.594871721512107,0.624666400462876
"diuron",0.423973796893871,0.611942590113597,0.594255125298274,0.624110499164824
"diuron",0.426401395463934,0.611347748403574,0.593637604631497,0.623505725286618
"diuron",0.428842894031733,0.610751583481132,0.593015125596534,0.622957919132656
"diuron",0.431298372186185,0.610147133427869,0.592380483958799,0.622379522111223
"diuron",0.433767909971917,0.609548405653274,0.591776448466314,0.621767234995404
"diuron",0.436251587891877,0.60893636313192,0.591160161083795,0.621135184530801
"diuron",0.43874948690996,0.608319666254777,0.590557776196075,0.620542443588878
"diuron",0.441261688453644,0.607697808366942,0.589893011312159,0.619985758027484
"diuron",0.443788274416648,0.607068562387686,0.589261120965942,0.619406359222835
"diuron",0.446329327161599,0.606450817604602,0.588628710889426,0.618813164700843
"diuron",0.448884929522718,0.605836743051275,0.587986223971997,0.618208285425919
"diuron",0.45145516480852,0.605197001922946,0.587327023842678,0.617631346175055
"diuron",0.45404011680453,0.604565259281642,0.58667891450898,0.617018542854979
"diuron",0.456639869776013,0.603926469426358,0.586040297045964,0.616374618109465
"diuron",0.459254508470723,0.603294520594539,0.585416518109849,0.615771958952107
"diuron",0.461884118121665,0.602649982168233,0.584787780139422,0.615154233286759
"diuron",0.464528784449871,0.602015532061224,0.584136918947379,0.614541776780831
"diuron",0.467188593667198,0.601381078193119,0.583462623994024,0.613933186432618
"diuron",0.469863632479136,0.600736654954293,0.582810811127946,0.613298683261619
"diuron",0.472553988087637,0.600097096206502,0.58214411134606,0.612669480699233
"diuron",0.475259748193954,0.599457272620222,0.581435471416938,0.612044676337703
"diuron",0.477981001001502,0.598816377897668,0.580780862146577,0.611442089448173
"diuron",0.480717835218732,0.598161191263854,0.580118068247029,0.610791068102531
"diuron",0.483470340062028,0.597486993025213,0.579443555268903,0.610128457972883
"diuron",0.486238605258606,0.596825056246468,0.578783682360388,0.609482842273091
"diuron",0.489022721049447,0.596161210646391,0.5781217821381,0.608838124593927
"diuron",0.491822778192235,0.595491595817375,0.577448970476194,0.608212942073192
"diuron",0.494638867964318,0.594817958959186,0.576753521478291,0.607573105606672
"diuron",0.497471082165679,0.594150216417846,0.57606046010892,0.606915915709038
"diuron",0.500319513121932,0.593473482201593,0.575372936128187,0.606231055851859
"diuron",0.503184253687334,0.592790035680274,0.574711662038485,0.60558483311488
"diuron",0.506065397247806,0.59209687696546,0.574059335910392,0.604931118760366
"diuron",0.50896303772398,0.591407810062016,0.573388635255462,0.604241121605101
"diuron",0.511877269574263,0.590713841431582,0.572693184037724,0.603573847945108
"diuron",0.514808187797913,0.59001098653258,0.572006894041503,0.602912841735472
"diuron",0.517755887938136,0.589305285803294,0.57126922862668,0.602224675896109
"diuron",0.520720466085202,0.588596106315687,0.570532580281519,0.601545743120284
"diuron",0.523702018879577,0.587892092997147,0.569870236956954,0.600857252337144
"diuron",0.526700643515074,0.587166530353483,0.56917572355827,0.600175668564198
"diuron",0.529716437742019,0.586466109529184,0.568485634145207,0.599472266409395
"diuron",0.532749499870439,0.585755241085966,0.567768159750298,0.598801049382436
"diuron",0.535799928773268,0.58503185416014,0.567057686084003,0.59812951317907
"diuron",0.538867823889567,0.584309540915123,0.566350809887669,0.597464905221399
"diuron",0.54195328522777,0.583585937950558,0.565643100054588,0.596778917972141
"diuron",0.545056413368939,0.582860908570794,0.56493914867371,0.59607227662683
"diuron",0.548177309470047,0.582132852145987,0.564232840918636,0.595345397706736
"diuron",0.551316075267273,0.581386518675386,0.563524424583987,0.594621668767471
"diuron",0.554472813079319,0.580634914319738,0.56277755493888,0.593921175282327
"diuron",0.557647625810746,0.579892727216888,0.562028902624096,0.593198268022238
"diuron",0.560840616955328,0.579146128017031,0.561365368934577,0.592487094302093
"diuron",0.564051890599427,0.578414433599215,0.560635521952442,0.591772612383379
"diuron",0.567281551425384,0.577649312490869,0.559892444655794,0.591054324395276
"diuron",0.570529704714932,0.576898955968706,0.559152094079262,0.590326312649459
"diuron",0.573796456352631,0.576146312648975,0.558412620604247,0.589606665660455
"diuron",0.577081912829314,0.575391062455305,0.557655740482293,0.588870680271467
"diuron",0.580386181245563,0.574614307025257,0.556943433280715,0.588119357626885
"diuron",0.583709369315199,0.573857972288002,0.556174801138172,0.587384760008892
"diuron",0.587051585368792,0.573089033894864,0.555426574481137,0.586636988462808
"diuron",0.590412938357197,0.572322873556233,0.554653137279847,0.585880804698794
"diuron",0.593793537855098,0.571545002285396,0.553883730922079,0.585127963522576
"diuron",0.597193494064586,0.570765758567046,0.553099140091688,0.584375738436174
"diuron",0.60061291781875,0.569981574521866,0.552344694885459,0.583626502723637
"diuron",0.604051920585288,0.56919024233118,0.551590117574833,0.582872251601376
"diuron",0.607510614470146,0.568405703443646,0.550844679933695,0.58210951536883
"diuron",0.610989112221163,0.56762389803768,0.550090546602562,0.581335754794885
"diuron",0.614487527231757,0.566826446744274,0.549346716278648,0.580583182010692
"diuron",0.618005973544614,0.566032840180663,0.548597290185992,0.57980769315062
"diuron",0.621544565855409,0.565233922940864,0.547844440390695,0.579023375994507
"diuron",0.625103419516544,0.564431960570641,0.547089730335297,0.578252102719977
"diuron",0.628682650540907,0.563622974934929,0.546322311670324,0.577467429238948
"diuron",0.632282375605658,0.562817226565165,0.545544606161106,0.576685104587785
"diuron",0.635902712056027,0.561995479737596,0.544792310377932,0.575917444968002
"diuron",0.639543777909143,0.561172559872051,0.543996032022063,0.575137324921666
"diuron",0.64320569185788,0.560355381386031,0.54323123258177,0.574330496890614
"diuron",0.646888573274727,0.559528947641168,0.542474940660712,0.573541651600613
"diuron",0.650592542215677,0.558704295138246,0.541709221491091,0.572744676206831
"diuron",0.654317719424145,0.557869065291644,0.540892322282536,0.571930447245734
"diuron",0.658064226334897,0.557043512052567,0.540048553575651,0.571134966165779
"diuron",0.661832185078017,0.556214412492121,0.539248521061154,0.570328147903986
"diuron",0.665621718482882,0.555387226615219,0.53846649785655,0.569517502072266
"diuron",0.66943295008217,0.554539781499316,0.537681753747938,0.568689545778389
"diuron",0.673266004115882,0.55370983798495,0.536894758183868,0.567853000025974
"diuron",0.677121005535398,0.552866876803577,0.536087541732612,0.567024960962676
"diuron",0.680998080007547,0.552017800104237,0.535266619107984,0.566196994381165
"diuron",0.684897353918703,0.55116705768877,0.534439298323318,0.565377026852541
"diuron",0.688818954378905,0.550310794155302,0.533640067844925,0.564542280228276
"diuron",0.692763009226005,0.549450576860478,0.532825021721917,0.563699965974365
"diuron",0.696729647029827,0.548581785207467,0.532005486146192,0.562855381549352
"diuron",0.700718997096368,0.547718522547897,0.531198089475854,0.56200719163735
"diuron",0.704731189472004,0.546852768683567,0.530388182800714,0.561155820241871
"diuron",0.708766354947735,0.545990257258541,0.52957638719323,0.560330233148049
"diuron",0.712824625063448,0.545113268538146,0.528762703598254,0.559466913146922
"diuron",0.716906132112202,0.544244015581373,0.527917418433784,0.558599431970904
"diuron",0.721011009144545,0.543358234607501,0.527106893943805,0.557766662359444
"diuron",0.725139389972847,0.542479884070217,0.526273884474332,0.556922462212609
"diuron",0.729291409175663,0.541595823653336,0.525486930544083,0.55604757856145
"diuron",0.733467202102123,0.540723782122828,0.524626877909025,0.55517583104068
"diuron",0.737666904876341,0.53983994831016,0.523807654462123,0.554297712225541
"diuron",0.741890654401854,0.538963589215024,0.522990952181487,0.553397168095467
"diuron",0.746138588366084,0.538069010131539,0.522144480362053,0.552515974390411
"diuron",0.750410845244826,0.537180019542703,0.521326219150829,0.551637117794074
"diuron",0.754707564306764,0.536279112742262,0.520458229922275,0.550723806769178
"diuron",0.759028885618008,0.535376275951703,0.519636119642208,0.54980573221374
"diuron",0.763374950046664,0.534478277091582,0.518710009360166,0.548908084113875
"diuron",0.767745899267422,0.533561937341823,0.517883025509892,0.548014761472632
"diuron",0.772141875766176,0.532647556126138,0.517017543153981,0.547124251549007
"diuron",0.776563022844671,0.531728491179395,0.516105297176011,0.546192181869435
"diuron",0.781009484625169,0.530803363476272,0.515233129584855,0.545271631372789
"diuron",0.785481406055153,0.529876540547734,0.514366028858638,0.544345309542202
"diuron",0.78997893291205,0.528940886375512,0.513526471492717,0.543419503820879
"diuron",0.794502211807979,0.528023729769712,0.512670086591928,0.542470128134436
"diuron",0.799051390194537,0.527097733215497,0.511788549856657,0.541516823159573
"diuron",0.803626616367603,0.52616149355525,0.510917794596017,0.540593394359943
"diuron",0.80822803947217,0.525220435070313,0.510061645759629,0.539662013083219
"diuron",0.812855809507209,0.524274275726506,0.509145433002293,0.538716151962432
"diuron",0.81751007733056,0.523338770148904,0.508221425912959,0.537782144937608
"diuron",0.822190994663846,0.522385132294694,0.507379088300163,0.536807536354552
"diuron",0.826898714097422,0.521437321465461,0.506481328309697,0.535847325446473
"diuron",0.83163338909535,0.520497095263607,0.505605347526831,0.534883505442983
"diuron",0.836395174000396,0.519535458159924,0.504706665964393,0.533916083448058
"diuron",0.841184224039068,0.518572597304875,0.503790765926916,0.532965136509642
"diuron",0.846000695326674,0.517614016750168,0.502903976350487,0.531985985633427
"diuron",0.850844744872409,0.516654059272126,0.501949476770368,0.531017754040979
"diuron",0.855716530584474,0.515692602161454,0.501063950046986,0.530046196197906
"diuron",0.860616211275227,0.514740473273929,0.500182961612287,0.529084390949589
"diuron",0.865543946666355,0.513769926404756,0.499300932341449,0.528128661190841
"diuron",0.870499897394083,0.51281069614095,0.498360751431924,0.527126768048861
"diuron",0.875484225014411,0.511849405317736,0.497458825260193,0.526122316341755
"diuron",0.880497092008381,0.510876035017389,0.496514304246758,0.525136084228518
"diuron",0.885538661787372,0.509898085443272,0.495569030436244,0.52419550792032
"diuron",0.890609098698425,0.508911204438958,0.494655702433518,0.523249006473031
"diuron",0.895708568029608,0.507920128497003,0.493703621140458,0.522278911169502
"diuron",0.900837236015394,0.506922761304504,0.492796905910234,0.52127908793555
"diuron",0.905995269842087,0.505935432726109,0.49181798576546,0.520245810628498
"diuron",0.911182837653272,0.504929429354007,0.490851652835912,0.519249854381388
"diuron",0.916400108555291,0.503951781981941,0.48991365000312,0.518249784366185
"diuron",0.92164725262276,0.502951270252534,0.48899311234878,0.517217844619269
"diuron",0.926924440904114,0.50196290178232,0.488066755990691,0.51619011656454
"diuron",0.932231845427177,0.500973657868918,0.487115005744437,0.51518427760545
"diuron",0.937569639204779,0.499978618036521,0.486128870187657,0.514177378096458
"diuron",0.942937996240384,0.498969869124074,0.485195087233324,0.513162123936041
"diuron",0.948337091533776,0.497966616270878,0.484236956982976,0.51212937871327
"diuron",0.953767101086751,0.496959400222345,0.483296498141921,0.511088423033346
"diuron",0.959228201908863,0.495944213129586,0.482316518194028,0.51008094783838
"diuron",0.964720572023191,0.494939031820169,0.481331094800931,0.509024139872274
"diuron",0.970244390472141,0.493925484404268,0.480376760266782,0.507987904888083
"diuron",0.975799837323284,0.492909911495557,0.479377464877912,0.50693136023796
"diuron",0.98138709367523,0.491892549387381,0.478401228827896,0.505906586430955
"diuron",0.987006341663521,0.490876520018959,0.477427893774933,0.504832864535546
"diuron",0.992657764466579,0.489852982340706,0.476454815845081,0.503755172607367
"diuron",0.998341546311673,0.488835638555234,0.475437767193855,0.502684523871102
"diuron",1.00405787248092,0.48780975878647,0.474442989507117,0.501658025914867
"diuron",1.00980692931734,0.486792851650046,0.473432433287589,0.500564814235667
"diuron",1.01558890423091,0.485769636463119,0.472480334206761,0.499468848678798
"diuron",1.02140398570468,0.484757189844391,0.471507297338774,0.498411244697453
"diuron",1.02725236330094,0.483735860921867,0.47053231614199,0.497304827160049
"diuron",1.03313422766735,0.482702749201328,0.469525027394753,0.496228008013404
"diuron",1.03904977054321,0.481685572423658,0.468510382259768,0.495130153851553
"diuron",1.04499918476568,0.480649089524946,0.467476414144483,0.494039107060142
"diuron",1.05098266427606,0.479616779503934,0.46642793404652,0.492950222219651
"diuron",1.05700040412614,0.478569868153392,0.46541000233677,0.491852665384318
"diuron",1.06305260048453,0.477520222155809,0.464399153793699,0.49077866079728
"diuron",1.06913945064306,0.476483278367645,0.46336706678866,0.489684384106214
"diuron",1.07526115302324,0.475454704438359,0.462357913499992,0.488592290272774
"diuron",1.08141790718269,0.474390938668492,0.461303603647642,0.487519118615649
"diuron",1.08760991382166,0.473317021566256,0.460298095638571,0.486413553738115
"diuron",1.09383737478959,0.472247073311833,0.459259338279053,0.485308864851909
"diuron",1.10010049309165,0.471185441186485,0.458212556744627,0.484223539327279
"diuron",1.1063994728954,0.470142523130262,0.457155805821686,0.483146365666599
"diuron",1.11273451953743,0.469093682514589,0.45609928341836,0.482052441482696
"diuron",1.11910583953003,0.468026288750729,0.455048294187237,0.48096424973149
"diuron",1.12551364056796,0.466962463625972,0.454000604985772,0.479872980890262
"diuron",1.1319581315352,0.465879053385331,0.452955339974262,0.478772271485738
"diuron",1.13843952251176,0.464815367429887,0.45196335549817,0.477681285245751
"diuron",1.14495802478053,0.463722034424761,0.450910869793946,0.476580413893409
"diuron",1.15151385083417,0.462638384879078,0.449863557602366,0.475477503941381
"diuron",1.15810721438204,0.46156484498674,0.448812118926869,0.474390789189497
"diuron",1.16473833035716,0.460491386603159,0.447740801065171,0.473314852821604
"diuron",1.1714074149232,0.45940931859064,0.446664512724523,0.472199439369015
"diuron",1.17811468548158,0.458312675745241,0.445583144525008,0.471067928934234
"diuron",1.18486036067848,0.457235205668424,0.444490019289855,0.469952428534143
"diuron",1.19164466041205,0.456132750687429,0.443411727485378,0.468831137933246
"diuron",1.19846780583951,0.455050558498108,0.442344366575793,0.467728978087963
"diuron",1.2053300193844,0.453929618966702,0.441287456238922,0.46658255122476
"diuron",1.21223152474381,0.452813422372168,0.440188496888183,0.465469360069896
"diuron",1.21917254689568,0.451734428100805,0.439114133052863,0.464385497880789
"diuron",1.22615331210614,0.450631210498212,0.438086446569964,0.463261027676273
"diuron",1.23317404793688,0.449540386691109,0.437035477155989,0.462126469573834
"diuron",1.24023498325256,0.44843776783733,0.435963602363261,0.461013491671438
"diuron",1.24733634822828,0.447333714447793,0.434858060439733,0.459857040556698
"diuron",1.25447837435709,0.446219076677985,0.433779763462333,0.45871383743459
"diuron",1.26166129445751,0.445075813857929,0.43270062420397,0.457560810105288
"diuron",1.26888534268117,0.443980682585197,0.431661765654679,0.456390460838516
"diuron",1.27615075452038,0.442863353373094,0.43056372976627,0.455223748610725
"diuron",1.28345776681584,0.441741216373119,0.429486309323307,0.454065240661616
"diuron",1.29080661776438,0.440625689684061,0.428357784226787,0.4529639219502
"diuron",1.29819754692668,0.439491676857877,0.427278981141665,0.451797724431475
"diuron",1.3056307952351,0.438372151605574,0.426158478878636,0.450651361702237
"diuron",1.31310660500156,0.437255499319329,0.425096662731895,0.449508701019713
"diuron",1.3206252199254,0.436131474122915,0.423987771130806,0.448355478544933
"diuron",1.32818688510133,0.435001683510951,0.42287470418076,0.447205579648838
"diuron",1.33579184702745,0.43387124098256,0.421767392776982,0.446101470199402
"diuron",1.34344035361324,0.43272648158198,0.420621656561153,0.444942732274373
"diuron",1.35113265418768,0.4315911395354,0.419509623943602,0.443787369377651
"diuron",1.35886899950737,0.430455403219931,0.418419387812351,0.442655762103063
"diuron",1.36664964176468,0.429310119810539,0.417275133626186,0.44149586318095
"diuron",1.37447483459601,0.42817428971694,0.416141979197576,0.440438422322632
"diuron",1.38234483309002,0.427037070520127,0.414977951491832,0.439264655318835
"diuron",1.39025989379596,0.425905097712208,0.413832529370901,0.438158879783326
"diuron",1.39822027473205,0.424755270887391,0.412745546842746,0.437063975962507
"diuron",1.40622623539386,0.423620233197548,0.411645315662654,0.435925807883699
"diuron",1.41427803676281,0.422471941053783,0.410523817176418,0.434707750343378
"diuron",1.42237594131462,0.421324278928972,0.409403186140108,0.433556693845769
"diuron",1.43052021302793,0.420174695095306,0.408259396422504,0.432432780046894
"diuron",1.43871111739286,0.418997719229662,0.407116620709429,0.43127152108916
"diuron",1.44694892141967,0.417847679684366,0.405971118309307,0.430127220818383
"diuron",1.4552338936475,0.416704580536197,0.404800522554897,0.428938522656273
"diuron",1.46356630415307,0.41554496498719,0.403654250119526,0.427766717387312
"diuron",1.47194642455953,0.41438427478815,0.402502998772616,0.426659541317575
"diuron",1.48037452804528,0.413205104500553,0.401392742236837,0.425537336650364
"diuron",1.48885088935291,0.412054825288859,0.400260902662747,0.424403860092436
"diuron",1.49737578479812,0.410893151049722,0.399102643002745,0.423275803014493
"diuron",1.50594949227876,0.409709491851771,0.397947426857555,0.42216665063056
"diuron",1.51457229128385,0.408556443086157,0.396760532873414,0.42106314015273
"diuron",1.52324446290275,0.407413611596861,0.395609688110191,0.419925756469878
"diuron",1.53196628983425,0.406252535966728,0.394476408114935,0.418773948535239
"diuron",1.54073805639584,0.405090432906726,0.39329723554004,0.417619453313166
"diuron",1.54956004853297,0.40391094031496,0.392116829569457,0.416487380535812
"diuron",1.55843255382836,0.402743182616042,0.390936126209712,0.415341001393525
"diuron",1.56735586151136,0.401575235940474,0.38977018467712,0.414253491718225
"diuron",1.57633026246741,0.400412904162042,0.38863101855836,0.413088581296978
"diuron",1.5853560492475,0.399253715638593,0.387467767252518,0.411973967475527
"diuron",1.59443351607774,0.398087481938402,0.386277920054482,0.410790340359869
"diuron",1.60356295886889,0.396901551912892,0.385105388798248,0.409643190716957
"diuron",1.61274467522607,0.395714910442309,0.383957995513428,0.408487512693227
"diuron",1.62197896445842,0.394528938397194,0.382824045012258,0.407381149657065
"diuron",1.63126612758888,0.393350723420508,0.381629538236366,0.406274915407145
"diuron",1.64060646736397,0.392158401956352,0.380430689511958,0.405125642471315
"diuron",1.65000028826372,0.390963169691457,0.379263975114256,0.403998684661733
"diuron",1.65944789651154,0.389771297610946,0.378081706303616,0.402855216741734
"diuron",1.66894960008421,0.38857841230121,0.376893228895064,0.401772074083068
"diuron",1.67850570872195,0.387390737537117,0.375730582526118,0.400650115217584
"diuron",1.68811653393848,0.386199674201423,0.374569457108324,0.399563874105542
"diuron",1.6977823890312,0.3850322776099,0.373367558681708,0.398454414708966
"diuron",1.70750358909141,0.383835108904686,0.37216353924582,0.397377882857202
"diuron",1.71728045101453,0.382655126574335,0.37098840758108,0.396266368344115
"diuron",1.72711329351051,0.381463042093651,0.369764154186573,0.395147368978978
"diuron",1.73700243711415,0.380284574850601,0.368590782124078,0.394009507006247
"diuron",1.74694820419557,0.379098213013911,0.367390182137342,0.39287297412608
"diuron",1.75695091897075,0.377910741236842,0.366202516482519,0.391713182211203
"diuron",1.76701090751205,0.376700350078005,0.365006590993816,0.390577700335733
"diuron",1.77712849775887,0.375513982733843,0.36382228694515,0.389431836455042
"diuron",1.78730401952834,0.374343089834379,0.362648663874933,0.388279889700257
"diuron",1.79753780452605,0.373155778880417,0.361507590473633,0.387118999849119
"diuron",1.80783018635689,0.371954420845476,0.360324793812695,0.385972695659046
"diuron",1.8181815005359,0.370754881135352,0.359156798347784,0.384842108464224
"diuron",1.82859208449923,0.369561938108019,0.357987201815687,0.383714408026536
"diuron",1.83906227761512,0.368366221425632,0.356784770390073,0.382550476488969
"diuron",1.84959242119499,0.367171676842954,0.355612946666512,0.3813879662019
"diuron",1.86018285850453,0.365991049503456,0.354442462415345,0.38029081123025
"diuron",1.87083393477492,0.364799019118237,0.353238567399788,0.379185799765283
"diuron",1.88154599721405,0.363602668007506,0.352030608532204,0.378060286730199
"diuron",1.8923193950179,0.362404411231949,0.35078763599907,0.376966434259905
"diuron",1.90315447938184,0.361201751636249,0.349569647678786,0.375886595333324
"diuron",1.91405160351216,0.359996376792313,0.348378004964903,0.374749396723749
"diuron",1.92501112263753,0.35880451507608,0.347172809875225,0.373643011448072
"diuron",1.93603339402059,0.357610478497803,0.345982897942988,0.372535224487671
"diuron",1.94711877696961,0.356424523497828,0.344804420519787,0.371381688410716
"diuron",1.95826763285019,0.355228869344579,0.343608173529113,0.370280512871984
"diuron",1.96948032509706,0.354038094986624,0.342415562285846,0.369167137709168
"diuron",1.9807572192259,0.352851899487609,0.34123037766186,0.368049915555419
"diuron",1.99209868284526,0.351657508802585,0.340042917007507,0.366955486717742
"diuron",2.00350508566857,0.350468696095824,0.338857875137832,0.365852851355292
"diuron",2.01497679952616,0.34925561569333,0.337664765123833,0.36474100636451
"diuron",2.0265141983774,0.348064421539413,0.33650506837591,0.363612447154581
"diuron",2.03811765832288,0.346865630061298,0.335340949855787,0.362503451724132
"diuron",2.04978755761669,0.345667773130097,0.334122130554394,0.36136062530342
"diuron",2.06152427667871,0.34447442730111,0.332902730149078,0.360234278306636
"diuron",2.07332819810706,0.343285518485623,0.331702346744702,0.359101735338355
"diuron",2.08519970669054,0.342093768882418,0.330526465819898,0.357955060540535
"diuron",2.09713918942118,0.340904649893083,0.329381547698443,0.356803860864181
"diuron",2.10914703550685,0.339712830325455,0.328189094410633,0.35563018804202
"diuron",2.12122363638398,0.338526983903222,0.326995100300809,0.354490120542376
"diuron",2.13336938573028,0.337340474374519,0.325794198960429,0.353347291493031
"diuron",2.14558467947757,0.336156282225236,0.324603119010828,0.35218100392597
"diuron",2.15786991582474,0.334983032904651,0.323424709464122,0.351045733002144
"diuron",2.17022549525068,0.333795291212276,0.322258213860369,0.349916893913653
"diuron",2.18265182052734,0.332603443824425,0.321061722446541,0.348822349365316
"diuron",2.19514929673289,0.331414775885822,0.319926639502914,0.34770529591045
"diuron",2.20771833126489,0.330234523755476,0.318765913699487,0.346562500338152
"diuron",2.2203593338536,0.329059817451428,0.317581260951287,0.345429321078291
"diuron",2.23307271657531,0.327873236390448,0.316341601989427,0.344279740945924
"diuron",2.24585889386579,0.326678529366569,0.315171193255544,0.343134736916528
"diuron",2.25871828253381,0.32549143568568,0.313973983253976,0.342015631846359
"diuron",2.27165130177468,0.324295970711361,0.312781774517534,0.340896273931368
"diuron",2.28465837318397,0.323103999578305,0.311614326263125,0.339803578300436
"diuron",2.29773992077125,0.321924115207813,0.310443554468204,0.338676148721249
"diuron",2.31089637097384,0.320730396917203,0.309272421614162,0.337546993967935
"diuron",2.32412815267082,0.3195496229917,0.308116230447616,0.336415343969395
"diuron",2.33743569719693,0.318361272966651,0.306914462942014,0.335290465110374
"diuron",2.35081943835664,0.317173687212974,0.305748686858622,0.334158251373593
"diuron",2.36427981243834,0.315998429270808,0.304598537230036,0.333031471840574
"diuron",2.37781725822851,0.314822869508493,0.303449904717831,0.331899031048352
"diuron",2.39143221702605,0.313640154085661,0.302269464001682,0.330776506283905
"diuron",2.40512513265665,0.312447273100306,0.301065494462746,0.32965024379416
"diuron",2.41889645148729,0.311269391686384,0.299899539469156,0.328533841245136
"diuron",2.43274662244073,0.310086617982605,0.298732390706103,0.327410084788628
"diuron",2.44667609701022,0.308914883299595,0.297557365103496,0.326263096184731
"diuron",2.46068532927415,0.30775111948471,0.296375493479805,0.325162415405128
"diuron",2.47477477591091,0.306595290183017,0.295211720073094,0.324037740531958
"diuron",2.48894489621373,0.305430674063885,0.294059828752379,0.322909285196001
"diuron",2.50319615210568,0.304256574905223,0.292913323261814,0.321767280588479
"diuron",2.5175290081547,0.303097779417096,0.291731122747048,0.320632069643513
"diuron",2.5319439315888,0.301931300198249,0.290588908896165,0.319480926427987
"diuron",2.54644139231122,0.300759673264939,0.289430888714873,0.318328440455545
"diuron",2.5610218629158,0.299606807655525,0.288274018969497,0.317196630660675
"diuron",2.57568581870236,0.298447328985426,0.287118548442015,0.31606403255912
"diuron",2.59043373769222,0.297298464123348,0.285962730630543,0.314931479734623
"diuron",2.60526610064374,0.296153097373919,0.284791011543735,0.313807278588274
"diuron",2.62018339106803,0.295002342189445,0.283642389822733,0.312674685340735
"diuron",2.6351860952447,0.293849433398524,0.282501092629947,0.311543318402143
"diuron",2.65027470223771,0.292700965477607,0.281360218580247,0.310423487961085
"diuron",2.66544970391131,0.291542981581966,0.280214231161172,0.309280609782524
"diuron",2.68071159494607,0.290410258063715,0.27907330370021,0.308136201801319
"diuron",2.69606087285503,0.289259442910047,0.277937407679066,0.306997948619881
"diuron",2.7114980379999,0.288106512078029,0.276790694936602,0.305844258370248
"diuron",2.72702359360735,0.286948980034559,0.27563681890661,0.304694748539058
"diuron",2.74263804578545,0.285814252446831,0.274495320600586,0.303550244030401
"diuron",2.75834190354017,0.284682591872756,0.273309464043211,0.302415857791727
"diuron",2.77413567879193,0.283539683786107,0.272183786020295,0.301277581384892
"diuron",2.79001988639234,0.282415202639816,0.271018752174718,0.300147189678313
"diuron",2.80599504414094,0.281289487599457,0.269879231372624,0.299005189984319
"diuron",2.82206167280211,0.280151395436639,0.268746144233099,0.297874480274193
"diuron",2.83822029612202,0.279005976852091,0.267612972336455,0.29672382998975
"diuron",2.85447144084575,0.277878930670143,0.266490307609208,0.29557315018394
"diuron",2.87081563673438,0.276749961932955,0.265368484264279,0.294422593675217
"diuron",2.88725341658236,0.275643558795143,0.264239320702448,0.293296037720449
"diuron",2.90378531623477,0.274535063359592,0.263102497945245,0.292177286549409
"diuron",2.9204118746049,0.273412696633331,0.261980564312858,0.291072808472707
"diuron",2.93713363369173,0.272298558107696,0.26084765714816,0.289941722994555
"diuron",2.95395113859762,0.271191662308025,0.259731098180351,0.288813892900245
"diuron",2.97086493754612,0.270074082682585,0.258654287812973,0.28768233500583
"diuron",2.98787558189979,0.268963730904997,0.257534356719336,0.286550576532248
"diuron",3.0049836261782,0.267857616596058,0.256423487476737,0.285419816196477
"diuron",3.022189628076,0.266752902151344,0.255284404215877,0.284332767120467
"diuron",3.03949414848109,0.265649704153291,0.254151235634097,0.283201972505788
"diuron",3.05689775149294,0.264533280982285,0.253054539941113,0.282075356669031
"diuron",3.07440100444093,0.263422902815744,0.251947206345003,0.280961584296553
"diuron",3.09200447790287,0.26232627618236,0.250852882851731,0.279812921192691
"diuron",3.10970874572361,0.261239468391432,0.249779841760525,0.278677747460277
"diuron",3.12751438503372,0.260131607761717,0.248687312832973,0.277539826453048
"diuron",3.14542197626833,0.259033094426324,0.247618932070645,0.276424237605406
"diuron",3.16343210318602,0.257943317333715,0.246546383951396,0.275303031404125
"diuron",3.18154535288788,0.256855172039021,0.24545311349142,0.274185352571086
"diuron",3.19976231583664,0.255774361437273,0.244351897866874,0.273058231752253
"diuron",3.2180835858759,0.254680575904846,0.243284820277214,0.271924437723238
"diuron",3.23650976024953,0.253609217324704,0.24220945891981,0.27081855466343
"diuron",3.25504143962108,0.252530005864667,0.241157170983778,0.269682891466645
"diuron",3.27367922809341,0.251471226631546,0.240064343756944,0.268554854850269
"diuron",3.29242373322837,0.250384955495422,0.238982128825702,0.267441903696576
"diuron",3.31127556606658,0.249312412399924,0.237911160675782,0.266320047587299
"diuron",3.3302353411474,0.248244662601476,0.236856352856291,0.265173930164589
"diuron",3.3493036765289,0.247189344526352,0.235799474124863,0.264051560335829
"diuron",3.36848119380807,0.246115407269905,0.234732513496149,0.26293948827558
"diuron",3.38776851814104,0.24505445059668,0.233674341075166,0.261872695934013
"diuron",3.40716627826347,0.244000493651046,0.232600290899538,0.26075695553975
"diuron",3.42667510651105,0.242944054703958,0.231547230484073,0.259658123792367
"diuron",3.44629563884012,0.241888071821606,0.23048769856045,0.258563306493508
"diuron",3.46602851484839,0.240837163341711,0.229453936498813,0.257469101389167
"diuron",3.48587437779579,0.239787448229933,0.228389248721943,0.256366008699443
"diuron",3.50583387462543,0.238738181547363,0.227327159975722,0.255275011837892
"diuron",3.52590765598473,0.237690802326318,0.226278728031719,0.25419278830567
"diuron",3.54609637624657,0.236653131576764,0.225241972888423,0.253102029088065
"diuron",3.56640069353068,0.235617010974794,0.224222485610154,0.251989412728414
"diuron",3.58682126972505,0.234597456726,0.223187674073143,0.250875582663675
"diuron",3.60735877050752,0.233574913773074,0.222136756419009,0.249764161617116
"diuron",3.6280138653675,0.232550212282219,0.22110564798826,0.248652995055984
"diuron",3.64878722762776,0.231512290662553,0.220112388982168,0.247547911490638
"diuron",3.6696795344664,0.230489114805249,0.219105513951778,0.246474952460782
"diuron",3.69069146693894,0.229456674806166,0.218080509283909,0.245401776869455
"diuron",3.71182371000048,0.228433369464554,0.217039315208174,0.244307499809296
"diuron",3.73307695252805,0.22741127000899,0.216022026653268,0.243227941893897
"diuron",3.75445188734309,0.22639909525231,0.215021443224009,0.242145105102227
"diuron",3.77594921123399,0.22538518787707,0.214036446655923,0.241102580007294
"diuron",3.79756962497885,0.224388697625094,0.213054517187417,0.240053461522757
"diuron",3.81931383336826,0.223393690720182,0.212045565080078,0.239000153682374
"diuron",3.84118254522837,0.222394577228568,0.21102954699803,0.237937915254477
"diuron",3.86317647344389,0.221397349543534,0.210061737586072,0.236876380162974
"diuron",3.88529633498142,0.220387720057703,0.209031050016254,0.235804685017581
"diuron",3.90754285091276,0.219400778324379,0.208021846608648,0.234734332032686
"diuron",3.92991674643845,0.218401061362488,0.207043761117938,0.233702667903461
"diuron",3.9524187509114,0.217413920450161,0.206037747231334,0.232634760957453
"diuron",3.97504959786066,0.216427735383268,0.20505619109837,0.231573498135769
"diuron",3.99781002501534,0.215454211049625,0.20409157299837,0.230516992818124
"diuron",4.02070077432865,0.21446863262516,0.203102385616978,0.22949073813897
"diuron",4.0437225920021,0.213490338259538,0.202130626323413,0.228458752699464
"diuron",4.06687622850981,0.2125037052076,0.201209901532194,0.227440027135089
"diuron",4.09016243862299,0.211533554271083,0.200228209097744,0.226365493449033
"diuron",4.11358198143453,0.210558132313763,0.199279597893705,0.225304611292654
"diuron",4.13713562038374,0.209585768324675,0.198313709804985,0.224246765282696
"diuron",4.16082412328128,0.20861830980871,0.197355499348595,0.223210304104514
"diuron",4.18464826233412,0.207670643120199,0.19641806726844,0.222203611139574
"diuron",4.20860881417077,0.206709933301193,0.195459053264726,0.221213600707575
"diuron",4.23270655986658,0.205753350223489,0.194530981641671,0.220179931819256
"diuron",4.25694228496918,0.204811087945512,0.193562991612444,0.219149418960517
"diuron",4.28131677952414,0.203862835068205,0.192600392870162,0.218188782327828
"diuron",4.30583083810064,0.202907583834107,0.191647418122536,0.217143679183581
"diuron",4.33048525981746,0.201952874582043,0.190714493190315,0.216130184403165
"diuron",4.355280848369,0.201016447063912,0.189784541189733,0.215154505374394
"diuron",4.38021841205142,0.200080404202661,0.188871914652341,0.214132329482135
"diuron",4.40529876378911,0.19914858077818,0.187949567960063,0.213121667915822
"diuron",4.43052272116105,0.198219372750182,0.187036976958447,0.212151333110247
"diuron",4.45589110642759,0.197277793850522,0.186105715451309,0.211179150098645
"diuron",4.48140474655717,0.196346545049194,0.185213710617863,0.210153236962127
"diuron",4.50706447325329,0.195412615830709,0.184302724335774,0.209116333850654
"diuron",4.53287112298167,0.194490873523539,0.183395435990238,0.208119769953489
"diuron",4.55882553699746,0.193566815517949,0.182481875009792,0.207147667324118
"diuron",4.58492856137269,0.192654867414294,0.181619284077284,0.20615826674239
"diuron",4.61118104702386,0.19172392192939,0.180723253065282,0.205174118838854
"diuron",4.63758384973965,0.190810815554968,0.179838224570478,0.204190027040303
"diuron",4.66413783020886,0.189892466056823,0.178954407570382,0.203243983861245
"diuron",4.69084385404841,0.188976907111831,0.178063879867135,0.20226760137946
"diuron",4.7177027918316,0.188081824757511,0.177171432154511,0.201325346972817
"diuron",4.74471551911648,0.187177736115949,0.176289107909279,0.200370715649088
"diuron",4.7718829164744,0.186276005212803,0.175402841523263,0.199433949029857
"diuron",4.79920586951869,0.18537176380282,0.174505284807271,0.198487067403362
"diuron",4.82668526893355,0.184485185332289,0.173640876601328,0.197591450704431
"diuron",4.85432201050308,0.183589585656885,0.172795250291545,0.196654422297773
"diuron",4.88211699514047,0.182700717719078,0.171944224606701,0.195754722787842
"diuron",4.91007112891739,0.181818798421208,0.171077621257585,0.194776727287236
"diuron",4.93818532309352,0.18094687519635,0.170228248547991,0.193840692972383
"diuron",4.96646049414625,0.180078764607924,0.169379048444743,0.192871960436643
"diuron",4.99489756380053,0.179187438817717,0.168533549371001,0.191949749505145
"diuron",5.02349745905898,0.178318215805863,0.167695586342309,0.191040629257583
"diuron",5.05226111223206,0.177445285900259,0.166848545707542,0.190147560769867
"diuron",5.08118946096845,0.176587135765299,0.166011961288632,0.189256831165938
"diuron",5.11028344828567,0.175721719691403,0.1651834490698,0.188357219433661
"diuron",5.13954402260078,0.174862600744804,0.164372409894796,0.187431531507696
"diuron",5.16897213776131,0.17399480247122,0.163573498300666,0.186539251858392
"diuron",5.19856875307635,0.173147289838,0.162755693997024,0.18564360121344
"diuron",5.22833483334782,0.172282730334151,0.161940997150127,0.184760561453536
"diuron",5.25827134890192,0.171439151245142,0.161141235723111,0.183843907406617
"diuron",5.28837927562078,0.170597218619687,0.160334671085958,0.182910498953147
"diuron",5.31865959497424,0.169752421611962,0.159524545164403,0.181990564534659
"diuron",5.34911329405188,0.168897488812851,0.158710483002779,0.181131909835371
"diuron",5.37974136559516,0.168049908319992,0.15790707846948,0.180285351731864
"diuron",5.41054480802983,0.167209439968565,0.157114262395454,0.179441390679407
"diuron",5.44152462549841,0.166382141444869,0.156311187151521,0.178582288010773
"diuron",5.47268182789299,0.165554419818773,0.155488446074257,0.177734494336321
"diuron",5.50401743088812,0.164732868156131,0.154712457546322,0.176877549979556
"diuron",5.5355324559739,0.163909914942741,0.153918739324219,0.176031837253117
"diuron",5.56722793048933,0.163069949442765,0.153108636833242,0.175198878554588
"diuron",5.59910488765574,0.162254705125458,0.152318870204603,0.17433454300417
"diuron",5.63116436661054,0.161426202293413,0.151543369301117,0.173457969999391
"diuron",5.66340741244102,0.160608363561485,0.15077573074191,0.172621725393126
"diuron",5.69583507621848,0.15979008366251,0.149972327365318,0.171758636856717
"diuron",5.72844841503244,0.158990654288324,0.149215044919366,0.170902947680275
"diuron",5.76124849202515,0.158191057696403,0.148456874928074,0.170062132287385
"diuron",5.79423637642622,0.157383146422045,0.147684453539239,0.16923321575045
"diuron",5.82741314358747,0.156589043996263,0.146916925301919,0.168403207692163
"diuron",5.86077987501799,0.155800107535385,0.146165732340004,0.167572769817901
"diuron",5.89433765841942,0.15499739224793,0.145407205838787,0.166690449687149
"diuron",5.92808758772137,0.154200725883169,0.14465267556916,0.165833348213487
"diuron",5.96203076311709,0.153413535040578,0.143897559577003,0.165025526511472
"diuron",5.99616829109936,0.152624570349325,0.143146301019104,0.164238900150929
"diuron",6.03050128449653,0.151854515655583,0.142398338746642,0.163454707414556
"diuron",6.0650308625088,0.151074465942625,0.141635003548634,0.162638070211127
"diuron",6.09975815074472,0.150305452959972,0.140894166070604,0.161819345872469
"diuron",6.13468428125789,0.149528411579086,0.140177595176121,0.161009942291798
"diuron",6.16981039258381,0.148761475634607,0.139445373930755,0.160240553629887
"diuron",6.20513762977706,0.14799148078246,0.138716308837216,0.159465498315843
"diuron",6.24066714444861,0.147240584462164,0.137986396470712,0.158690717382348
"diuron",6.2764000948033,0.146485375184803,0.137271152536942,0.157937431337058
"diuron",6.3123376456777,0.145733434770087,0.136545810125015,0.157163260219216
"diuron",6.348480968578,0.144990620224889,0.135789402459945,0.156416339756555
"diuron",6.38483124171823,0.144231185010262,0.135069689569329,0.155641157380799
"diuron",6.42138965005865,0.143487920691367,0.134348753291482,0.154873509557638
"diuron",6.45815738534443,0.142749967515528,0.133632086510516,0.154123312185031
"diuron",6.49513564614441,0.141995895597357,0.1329348677213,0.153383576142566
"diuron",6.53232563789027,0.141258968273054,0.132209105902912,0.152628739454095
"diuron",6.56972857291576,0.140533066178812,0.131526541131675,0.151886115860779
"diuron",6.6073456704962,0.139795343645861,0.130813655082627,0.151135177513361
"diuron",6.64517815688834,0.139069319697228,0.130088789216075,0.15040379735667
"diuron",6.68322726537018,0.13834770680893,0.129362843524124,0.149648255389581
"diuron",6.7214942362813,0.13762935118413,0.128658799577101,0.148879324310446
"diuron",6.75998031706325,0.136919840784403,0.127930395576204,0.148111315524296
"diuron",6.79868676230015,0.136203029102395,0.127177325179857,0.14736351274741
"diuron",6.8376148337597,0.135492986855898,0.126493616096702,0.146644128237645
"diuron",6.87676580043426,0.134773049231058,0.125760238478348,0.145943419471401
"diuron",6.91614093858217,0.134079541691574,0.12505636124104,0.145232109641795
"diuron",6.95574153176943,0.133372356899125,0.124381624243334,0.144513439174669
"diuron",6.99556887091152,0.13266626383399,0.123685301567739,0.143746591235265
"diuron",7.03562425431544,0.131983099456912,0.122971402813847,0.143046337527924
"diuron",7.07590898772209,0.131306969096495,0.122268743688917,0.142376682790515
"diuron",7.11642438434881,0.130612076973377,0.121566568228758,0.141701266959001
"diuron",7.15717176493216,0.129944596901662,0.120902443032768,0.140998366932791
"diuron",7.19815245777104,0.129268871383052,0.120174661656707,0.140297963970941
"diuron",7.23936779876995,0.128592633631541,0.119494888399942,0.139589530500501
"diuron",7.2808191314825,0.127926801684411,0.118842306036876,0.138884041622362
"diuron",7.32250780715529,0.127261916307697,0.118143674963158,0.13820835332451
"diuron",7.36443518477192,0.126605771938098,0.117465210780118,0.137518844467713
"diuron",7.40660263109726,0.125932049537578,0.116795523112755,0.136854253582287
"diuron",7.44901152072205,0.1252813070599,0.116149817807962,0.136214256865912
"diuron",7.49166323610769,0.124632943456994,0.115442239336304,0.13551575093138
"diuron",7.5345591676313,0.123966597497662,0.114775426088218,0.134825420434107
"diuron",7.57770071363108,0.123318633527467,0.114134439356903,0.134174352667408
"diuron",7.62108928045182,0.122683941588188,0.11346775432507,0.133500344721703
"diuron",7.66472628249083,0.122049924458103,0.112809346662595,0.132838811588743
"diuron",7.708613142244,0.121413617704546,0.112120619303734,0.132187845997677
"diuron",7.75275129035215,0.120773766233882,0.111426811314691,0.131526917166799
"diuron",7.79714216564774,0.120155617019155,0.110829905298193,0.130866731398138
"diuron",7.84178721520169,0.119528205003556,0.110181631508202,0.130212426591426
"diuron",7.88668789437061,0.118918385705579,0.10950139558697,0.129567510020556
"diuron",7.93184566684421,0.118302494207365,0.10883643201724,0.128921498903047
"diuron",7.97726200469306,0.117675407160702,0.108252903974657,0.128279543560468
"diuron",8.0229383884165,0.117067467961123,0.107617446708166,0.127619734289754
"diuron",8.06887630699098,0.116461656575733,0.106955589101137,0.126981417865897
"diuron",8.11507725791854,0.115860094724607,0.106320725400937,0.126332791902382
"diuron",8.16154274727566,0.115264128548247,0.105665430507508,0.125685924566541
"diuron",8.20827428976236,0.114665872038498,0.105016457437872,0.12507598266067
"diuron",8.25527340875155,0.114075535478224,0.1043610344474,0.124438148087555
"diuron",8.30254163633868,0.113478007752477,0.103683194997221,0.123804908177747
"diuron",8.35008051339175,0.112901978279367,0.103008231857653,0.123181615220599
"diuron",8.39789158960148,0.112306931019851,0.102336972356161,0.122563987077667
"diuron",8.44597642353182,0.111727997594802,0.101721944889265,0.121953379332662
"diuron",8.49433658267081,0.111158908754146,0.101089463134907,0.121345698660169
"diuron",8.54297364348164,0.110578076094342,0.100440425130987,0.12073415992367
"diuron",8.59188919145403,0.110009061467271,0.0998263605051873,0.120104656045916
"diuron",8.64108482115597,0.109444039300771,0.0992062993980223,0.119489760305151
"diuron",8.69056213628561,0.108879346109329,0.0985824782839472,0.118926120434905
"diuron",8.74032274972363,0.108311903234376,0.0979665676839788,0.118342227415857
"diuron",8.79036828358579,0.10774945005919,0.0973395971201768,0.117764570447072
"diuron",8.84070036927574,0.107198029260837,0.0967103894348779,0.117157981323591
"diuron",8.89132064753831,0.106638872430641,0.0961442207182184,0.116568750370209
"diuron",8.94223076851293,0.106081671769929,0.0955470035467706,0.115982745085665
"diuron",8.99343239178741,0.105536318475265,0.0949525554787165,0.115399378334966
"diuron",9.0449271864521,0.104997116679996,0.0943630826986549,0.114849995643286
"diuron",9.09671683115425,0.10445066208862,0.0937285728962428,0.114267610750518
"diuron",9.14880301415273,0.103908721222275,0.0931412399328105,0.11367904494065
"diuron",9.20118743337311,0.103384477077947,0.0925194437925675,0.11310382624648
"diuron",9.25387179646296,0.102855398333198,0.0919246568142096,0.11253454059776
"diuron",9.30685782084752,0.102326280568811,0.0913526305989231,0.111960240935716
"diuron",9.36014723378575,0.101805089932413,0.0907826517832798,0.111397198876606
"diuron",9.41374177242656,0.1012777912209,0.0902198952250109,0.110849310648748
"diuron",9.46764318386544,0.100764417573419,0.0896638772675501,0.110284292463143
"diuron",9.52185322520148,0.100250635605597,0.0891215735548513,0.109738603681005
"diuron",9.5763736635946,0.099738350608067,0.0885740087265581,0.109178824407268
"diuron",9.63120627632314,0.0992238137858059,0.088017025906252,0.108632142040982
"diuron",9.68635285084183,0.0987054085157649,0.0874573220643458,0.108078439204124
"diuron",9.74181518484007,0.0982063942901358,0.0869019136830094,0.107506676010843
"diuron",9.79759508630047,0.0977121162326325,0.0863660844905323,0.106947898835613
"diuron",9.85369437355787,0.0972097785004299,0.0858054388048117,0.106406178578458
"diuron",9.91011487535853,0.0967075835303374,0.085270980906394,0.105851759046983
"diuron",9.96685843091982,0.0962109986805051,0.0847326239310897,0.105307195120132
"diuron",10.0239268899901,0.0957220026448002,0.084187684116172,0.104778504454907
"diuron",10.0813221129092,0.0952363826818104,0.0836585024280185,0.104240947765395
"diuron",10.1390459706686,0.0947584586875482,0.083146985343095,0.103708252120644
"diuron",10.1971003449732,0.0942797279527703,0.0826296674852353,0.103190810563369
"diuron",10.2554871283018,0.0938032102032527,0.0821127384063993,0.102682446402456
"diuron",10.3142082239694,0.0933404892915241,0.0815867395295407,0.102162367453717
"diuron",10.373265546189,0.0928733133860245,0.081097672108113,0.101637182013884
"diuron",10.4326610201341,0.0924069771880786,0.0806080612734017,0.101129655617224
"diuron",10.4923965820013,0.0919483476138271,0.0801070582620575,0.100614326442877
"diuron",10.5524741790736,0.09148401357238,0.0796163452505553,0.100089511782197
"diuron",10.6128957697837,0.0910273374528027,0.0791366031588479,0.0995896748070668
"diuron",10.6736633237781,0.0905742965526082,0.0786566124438796,0.0990882387724587
"diuron",10.734778821981,0.0901245943466112,0.0781887704320541,0.098579152046624
"diuron",10.796244256659,0.0896702591672675,0.0777316126407198,0.098073657127057
"diuron",10.8580616314862,0.0892227392827992,0.0772639428047655,0.0975864426776191
"diuron",10.9202329616094,0.0887753384699758,0.076796649281108,0.0970950628224572
"diuron",10.9827602737135,0.0883310065862296,0.0763307260314466,0.0965825719198068
"diuron",11.0456456060881,0.0878877313915645,0.0758394741463549,0.0960910160253997
"diuron",11.1088910086937,0.0874448686256008,0.0753692312370706,0.0955971625194108
"diuron",11.1724985432283,0.0870084550184583,0.0748942687724553,0.0951043874383374
"diuron",11.236470283195,0.0865657262698,0.0744230117136222,0.0946085854476234
"diuron",11.3008083139692,0.0861338520016655,0.0739751331504926,0.094113889087731
"diuron",11.3655147328671,0.0856968906070156,0.0735402029723234,0.0936423554145152
"diuron",11.4305916492135,0.0852645653719583,0.0730899771467393,0.0931981686027972
"diuron",11.496041184411,0.0848387257652761,0.0726748885886453,0.0927383257489334
"diuron",11.5618654720087,0.084415563445278,0.0722071602568328,0.0922687748755795
"diuron",11.6280666577724,0.0839956778719838,0.0717823362431321,0.0917935713399195
"diuron",11.6946468997539,0.0835764159924474,0.0714001639916755,0.0913307158735405
"diuron",11.7616083683617,0.0831678202588143,0.0709724566184307,0.0908520548868123
"diuron",11.8289532464317,0.0827541083626128,0.0705457692757747,0.0903885899660549
"diuron",11.8966837292982,0.0823340896685338,0.0701252931063825,0.0899426401368074
"diuron",11.9648020248658,0.0819206627422755,0.0697034222157696,0.0894841007860312
"diuron",12.033310353681,0.0815178709351526,0.0692877278645503,0.0890370643036721
"diuron",12.1022109490049,0.0811074941322835,0.0688764196617243,0.0885781609381289
"diuron",12.1715060568857,0.0807043228497764,0.0684622866823926,0.0881236310564843
"diuron",12.2411979362322,0.080305001703055,0.0680474356548146,0.0876945822337804
"diuron",12.3112888588873,0.079905263778976,0.0676444213037183,0.0872564174604236
"diuron",12.3817811097019,0.0795172368432582,0.06725871399025,0.0868274997184391
"diuron",12.4526769866097,0.0791210859481051,0.0668607015692787,0.0863931807621955
"diuron",12.5239788007021,0.0787248777324885,0.0664781967767301,0.0859682893062323
"diuron",12.595688876303,0.0783435512639026,0.0660988428628283,0.0855397519270824
"diuron",12.6678095510454,0.0779529093628269,0.0656985093159292,0.085116787120278
"diuron",12.7403431759468,0.0775739611423114,0.0653159009232428,0.0846731962856159
"diuron",12.8132921154866,0.0771952287480581,0.0649440802476069,0.0842501441913779
"diuron",12.8866587476823,0.076811429020532,0.064578266748677,0.0838293882430503
"diuron",12.960445464168,0.0764314511678008,0.0642064918565423,0.0834056324251647
"diuron",13.0346546702715,0.0760520219232898,0.0638488334083155,0.0829936345844973
"diuron",13.1092887850933,0.075685124954697,0.0634784041069114,0.0825763151953727
"diuron",13.1843502415852,0.0753164462188747,0.0631125917580695,0.0821654856745348
"diuron",13.2598414866295,0.0749446005676938,0.0627888533170245,0.0817529448969272
"diuron",13.335764981119,0.0745769131464208,0.0624655290249405,0.0813606613786812
"diuron",13.4121232000374,0.0742101013191401,0.0621451279483552,0.0809614526080145
"diuron",13.4889186325392,0.073842025874798,0.0618105310108552,0.080564987622309
"diuron",13.5661537820318,0.0734822070689118,0.0614677812147265,0.0801913012262843
"diuron",13.6438311662565,0.073125607329399,0.0611486381131214,0.0797950059549803
"diuron",13.7219533173706,0.0727703176956283,0.0608174593056108,0.0793993328443174
"diuron",13.8005227820304,0.0724204066389056,0.0604962657059095,0.0789968292997419
"diuron",13.8795421214736,0.0720599617535432,0.0601879052214022,0.0786121558582115
"diuron",13.9590139116032,0.0717055873333639,0.0598663263999101,0.0782235864878288
"diuron",14.0389407430715,0.071353692572542,0.0595448229257721,0.077835041734118
"diuron",14.1193252213642,0.0710047556440697,0.0592094854890886,0.0774484184364032
"diuron",14.2001699668856,0.0706573885241636,0.0589014559888764,0.0770468254190065
"diuron",14.2814776150441,0.0703123789037493,0.0586034907928093,0.076688902007539
"diuron",14.3632508163378,0.0699761581764507,0.0583163349858681,0.0763039169424398
"diuron",14.4454922364412,0.0696368253951515,0.0580280574769557,0.075948493262633
"diuron",14.528204556292,0.0693054352037655,0.0576999454309629,0.0755864956328692
"diuron",14.6113904721784,0.068968261688443,0.057419418521277,0.0752153357999985
"diuron",14.695052695827,0.0686365123922436,0.0571429156807125,0.0748627932512941
"diuron",14.7791939544914,0.0683103607254742,0.0568581470045675,0.074497047754974
"diuron",14.863816991041,0.0679843125217504,0.0566006547689133,0.0741278605887729
"diuron",14.9489245640501,0.0676557736898351,0.0563348578854473,0.073777504975316
"diuron",15.0345194478886,0.0673196543451716,0.0560519331949354,0.0734231163767514
"diuron",15.1206044328114,0.0669986056598455,0.0557795597790345,0.0730527667003467
"diuron",15.2071823250502,0.0666803168710919,0.0555131041527386,0.0726890405883987
"diuron",15.2942559469048,0.0663623366167078,0.0552557962849818,0.0723643761647087
"diuron",15.3818281368347,0.0660437724326155,0.0549756014800875,0.0720224566691598
"diuron",15.469901749552,0.0657265276804202,0.0547149391370185,0.0716641829118803
"diuron",15.5584796561145,0.065410450046074,0.0544495436996704,0.0713013492895469
"diuron",15.6475647440191,0.0650989912484747,0.0541897019487156,0.0709851958634656
"diuron",15.737159917296,0.064787641962716,0.0539562060276698,0.070672279974185
"diuron",15.8272680966032,0.0644786336155093,0.0536994482949315,0.0703589224761375
"diuron",15.9178922193221,0.0641711881907459,0.053444789425061,0.0700581401201602
"diuron",16.0090352396529,0.0638617309339861,0.0532162530029931,0.0697340141333051
"diuron",16.1007001287111,0.0635616748900497,0.0529648135650409,0.0694148677910101
"diuron",16.1928898746243,0.0632588850434469,0.0527115854452055,0.0690836703620958
"diuron",16.2856074826293,0.0629603653877379,0.0524691573868277,0.0687810003617484
"diuron",16.3788559751708,0.0626651539446732,0.0522181415783704,0.0684641082586897
"diuron",16.4726383919991,0.0623731709830288,0.0519945935254509,0.0681756577284962
"diuron",16.5669577902698,0.0620770358833239,0.0517765345726205,0.067868844701232
"diuron",16.6618172446432,0.061782342306371,0.0515641915278665,0.0675498259339425
"diuron",16.7572198473844,0.0614809801507271,0.0513344158038476,0.0672474485978668
"diuron",16.8531687084644,0.0611964613365207,0.0511071387879656,0.0669406012825229
"diuron",16.9496669556613,0.0609129034882629,0.0509230893814984,0.0666201330380988
"diuron",17.0467177346624,0.0606269747030325,0.0507148139075801,0.0663204255860031
"diuron",17.1443242091665,0.0603396228050086,0.0505005720689411,0.0660200206378481
"diuron",17.2424895609873,0.0600596610221795,0.050274593625473,0.0657172289098657
"diuron",17.3412169901568,0.0597789878815289,0.050092711866148,0.0654368453025375
"diuron",17.4405097150301,0.0594959110907236,0.0498936026458206,0.0651558733951252
"diuron",17.5403709723898,0.059229190347806,0.0496942608669023,0.0648694297832997
"diuron",17.6408040175517,0.0589462694893919,0.049492930206987,0.0645846418767701
"diuron",17.7418121244713,0.058664460360603,0.0492909459977757,0.0643087196164011
"diuron",17.8433985858499,0.0583865254121839,0.0491016260023553,0.0640276448978061
"diuron",17.9455667132423,0.0581153069018535,0.0489127486876079,0.0637546749802415
"diuron",18.0483198371645,0.057842353357116,0.0487296505693073,0.0634822288060618
"diuron",18.1516613072029,0.0575692906250444,0.0485392327772787,0.0632178887605315
"diuron",18.2555944921224,0.0573058700250137,0.0483444157195404,0.0629538189238716
"diuron",18.3601227799775,0.0570391317553237,0.0481722674278349,0.0627108736491889
"diuron",18.4652495782216,0.0567835683350619,0.0479870805150334,0.062444091157366
"diuron",18.5709783138188,0.0565229572057845,0.0478229791386747,0.0621820442233703
"diuron",18.6773124333554,0.056260743576963,0.0476370600565963,0.0619353115854474
"diuron",18.7842554031522,0.0559984176597715,0.0474552865955484,0.0616885692973533
"diuron",18.8918107093774,0.0557452589728299,0.0472688602520124,0.0614376040856305
"diuron",18.9999818581605,0.0554930103077493,0.0470929094319641,0.0611891107809551
"diuron",19.1087723757067,0.0552319090457294,0.0469308325225998,0.0609361191914452
"diuron",19.2181858084112,0.0549690837162665,0.0467607431029193,0.0606967529167984
"diuron",19.3282257229755,0.0547194555362543,0.0465920397480704,0.0604430722365254
"diuron",19.4388957065233,0.0544672393591322,0.0464443963769966,0.0601951753662299
"diuron",19.5501993667176,0.0542159216074867,0.0462963014957716,0.0599443716019639
"diuron",19.6621403318782,0.0539669218188208,0.0461001238817986,0.059681472612579
"diuron",19.7747222510999,0.0537297672815616,0.0459287290243513,0.0594361261937838
"diuron",19.8879487943718,0.0534891332105638,0.0457686445095581,0.0591883681635982
"diuron",20.0018236526966,0.0532398209659166,0.0456179176141034,0.0589510410272372
"diuron",20.1163505382109,0.0529997545083146,0.0454611183215265,0.0587118319213496
"diuron",20.2315331843065,0.0527675845783192,0.0453080057716578,0.0584815300213399
"diuron",20.3473753457519,0.0525426496610785,0.0451449815277004,0.0582424509256695
"diuron",20.4638807988147,0.0523025922724589,0.0449840806464516,0.0580086509133879
"diuron",20.5810533413848,0.0520778226357107,0.0448307496870622,0.0577672640192418
"diuron",20.698896793098,0.0518457514225468,0.0446543954568482,0.057512112283982
"diuron",20.8174149954608,0.0516232895173422,0.0445228972962232,0.0572720407477953
"diuron",20.9366118119755,0.0513970319812133,0.0443542341440398,0.0570554384099317
"diuron",21.0564911282659,0.0511654125127886,0.044205776638477,0.0568539850993885
"diuron",21.1770568522046,0.0509481663704195,0.0440576066444516,0.0566327808021617
"diuron",21.2983129140395,0.0507281459593463,0.0439026075601444,0.0564249601999639
"diuron",21.4202632665227,0.0505061161773595,0.0437854604759693,0.0562046177982121
"diuron",21.5429118850391,0.050286407227249,0.0436210237552635,0.0559878414631861
"diuron",21.6662627677358,0.0500880842755041,0.0434769084168389,0.0557872273156766
"diuron",21.7903199356525,0.0498818988248383,0.0433219482351163,0.0555668664837117
"diuron",21.9150874328529,0.0496754221815926,0.0431840247130605,0.0553522665396467
"diuron",22.0405693265562,0.0494639602562331,0.0430194452564484,0.0551572507979256
"diuron",22.1667697072696,0.0492497780861243,0.0428786579452717,0.0549769906322254
"diuron",22.293692688922,0.0490455472677332,0.0427312820332914,0.0547547482355207
"diuron",22.421342408998,0.0488481595478152,0.0425898504084365,0.0545584015323712
"diuron",22.5497230286724,0.0486512278324019,0.0424323517256189,0.0543572389911525
"diuron",22.6788387329465,0.0484558281730677,0.0422517338618669,0.0541427115058141
"diuron",22.808693730784,0.0482604445650342,0.0420699122008901,0.0539403566454497
"diuron",22.9392922552483,0.048068204839203,0.0419021919308684,0.053729421452031
"diuron",23.0706385636406,0.047871466560786,0.0417340243075828,0.0535221967447002
"diuron",23.2027369376388,0.0476772086778986,0.0415867672055845,0.0533134464913358
"diuron",23.3355916834368,0.0474862709014209,0.0414241007460259,0.0531298565892429
"diuron",23.4692071318851,0.0473033572446371,0.041196995036086,0.0529381015136759
"diuron",23.6035876386317,0.0471182113347114,0.0410443496341294,0.0527786763146898
"diuron",23.7387375842643,0.046927769436895,0.0409012327686482,0.0526035755086175
"diuron",23.8746613744534,0.0467430444049084,0.0407383545217711,0.0524239472726321
"diuron",24.0113634400951,0.0465679430060794,0.0405717419960706,0.0522345907948083
"diuron",24.1488482374564,0.0463916274696524,0.0403877084180941,0.0520656806555561
"diuron",24.2871202483198,0.0462087557617906,0.0402296176512474,0.051891429236701
"diuron",24.4261839801299,0.046022124562177,0.0400438791890768,0.0517107319682649
"diuron",24.5660439661401,0.0458494941962554,0.0398247326723381,0.0515216219233117
"diuron",24.7067047655602,0.0456810183368915,0.0396755916413986,0.051349912298815
"diuron",24.8481709637056,0.0455106976562486,0.0394806154360033,0.0511939408114701
"diuron",24.9904471721461,0.0453379219976462,0.0393064992580967,0.051021447694526
"diuron",25.1335380288566,0.0451777128553968,0.0390915417617004,0.0508534441794081
"diuron",25.2774481983681,0.0450139050571053,0.0389161663242632,0.0507006146381915
"diuron",25.4221823719203,0.0448537662223184,0.0387212922556794,0.0505481258305073
"diuron",25.5677452676136,0.0446913260581498,0.0385340454506061,0.0504137966203493
"diuron",25.7141416305636,0.0445371156128243,0.0383287773678278,0.0502546602659187
"diuron",25.8613762330557,0.0443692935151227,0.0381350295769133,0.050097704583917
"diuron",26.0094538747005,0.0442163737346492,0.0379189798746666,0.0499319833487645
"diuron",26.1583793825902,0.0440617708504135,0.0377134573809232,0.0497610069603423
"diuron",26.3081576114561,0.0438982948381635,0.0375241900134356,0.0496232057724261
"diuron",26.4587934438271,0.0437468957209321,0.0373050425312767,0.04947478372667
"diuron",26.6102917901881,0.0435967121773645,0.0371005034101208,0.0493266385105497
"diuron",26.7626575891409,0.0434386670015892,0.0368836531657004,0.0491708263844483
"diuron",26.9158958075649,0.0432818933964361,0.0366673747264086,0.0490640814736437
"diuron",27.0700114407788,0.0431203648157576,0.0364595710464375,0.0489442496707231
"diuron",27.2250095127037,0.0429846826020059,0.0362701821132753,0.0488123788980527
"diuron",27.3808950760267,0.0428340040170133,0.0360569503981871,0.048689857565472
"diuron",27.5376732123657,0.0426866902122267,0.0358591582242114,0.0486183454954895
"diuron",27.6953490324351,0.0425482742768548,0.0356654632889957,0.0484809496813897
"diuron",27.8539276762124,0.0424040623316408,0.0354784162225076,0.0483771959941641
"diuron",28.0134143131055,0.042254864200477,0.0352946129525352,0.0482683672913247
"diuron",28.1738141421216,0.042111566503914,0.0351006722900358,0.0481665254035021
"diuron",28.3351323920364,0.0419817017015285,0.0348974708106204,0.048038852531873
"diuron",28.4973743215645,0.0418414225794787,0.0346955375565647,0.0479255284937259
"diuron",28.6605452195314,0.0417014623931722,0.0345076802792593,0.0478125860999771
"diuron",28.8246504050449,0.0415793596116307,0.0343145821400295,0.0477301239406554
"diuron",28.9896952276695,0.0414377101024518,0.034113414134056,0.0476361955671886
"diuron",29.1556850676003,0.0413045095439039,0.0339083088500849,0.0475538512816111
"diuron",29.3226253358382,0.0411712742243091,0.0337150504707229,0.047463467182526
"diuron",29.4905214743667,0.0410294848062067,0.0335114711003852,0.0473499334735429
"diuron",29.6593789563293,0.0408914629833957,0.0333125275468251,0.0472394663978032
"diuron",29.8292032862073,0.0407610426078926,0.0331106288042837,0.0471359884256762
"diuron",30,0.0406325649286954,0.0329098957813574,0.0470644591243466
"hexazinone",0.1,0.668228936089419,0.64876971,0.684955472088059
"hexazinone",0.100693863147603,0.668217957353641,0.64876971,0.684943105116409
"hexazinone",0.101392540755882,0.668203242060323,0.64876971,0.684914823947658
"hexazinone",0.102096066230605,0.668184279043244,0.648768210404426,0.684821763136153
"hexazinone",0.102804473209331,0.668165797554374,0.648757707211777,0.684786197313451
"hexazinone",0.103517795563018,0.668152308212414,0.64875358,0.684764198905398
"hexazinone",0.10423606739764,0.668138684107511,0.64875358,0.684722100365241
"hexazinone",0.104959323055823,0.668121237184202,0.64875358,0.684651709441431
"hexazinone",0.10568759711848,0.668105954623449,0.64875358,0.68459247792778
"hexazinone",0.106420924406472,0.668092434115448,0.64875358,0.684572838004691
"hexazinone",0.107159339982267,0.668075635371131,0.64875358,0.68455301135829
"hexazinone",0.107902879151618,0.66805867219774,0.64875358,0.684532996224341
"hexazinone",0.108651577465254,0.668041542994401,0.64875358,0.684473989706905
"hexazinone",0.109405470720574,0.668023297903222,0.64875358,0.684456622572387
"hexazinone",0.110164594963366,0.668003893697013,0.64875358,0.684439081606621
"hexazinone",0.110928986489522,0.667986999450341,0.64875358,0.68442136507876
"hexazinone",0.111698681846782,0.667968891073789,0.64875358,0.684391624460296
"hexazinone",0.112473717836475,0.667946597299416,0.64875358,0.684371742411098
"hexazinone",0.113254131515281,0.667927516185174,0.64875358,0.684351666827722
"hexazinone",0.114039960197003,0.667905950571825,0.64875358,0.684331395837842
"hexazinone",0.114831241454351,0.667884182623687,0.64875358,0.68431092755124
"hexazinone",0.115628013120738,0.667867355755264,0.64875358,0.684231136549641
"hexazinone",0.116430313292088,0.667840667524094,0.648748520654574,0.684126328747662
"hexazinone",0.11723818032866,0.667825970021766,0.648736024755555,0.684097581754834
"hexazinone",0.118051652856881,0.667811564626674,0.648723400347253,0.684060638077072
"hexazinone",0.11887076977119,0.667796125088262,0.64871485,0.684039281065375
"hexazinone",0.119695570235904,0.66778021805002,0.64871485,0.683972309399801
"hexazinone",0.120526093687084,0.667763544313662,0.64871485,0.683943636543743
"hexazinone",0.121362379834424,0.667743527876944,0.64871485,0.683918826466379
"hexazinone",0.122204468663149,0.66772331571419,0.64871485,0.683891711353555
"hexazinone",0.123052400435926,0.66770507970314,0.648710220569586,0.68386434407873
"hexazinone",0.123906215694792,0.667689007819269,0.648698691782605,0.683836722317427
"hexazinone",0.124765955263087,0.66766649841468,0.648687040006309,0.68380884372413
"hexazinone",0.125631660247412,0.66764844694628,0.648675263933218,0.683780705932097
"hexazinone",0.12650337203959,0.667632964013331,0.64866408,0.68375191991624
"hexazinone",0.127381132318648,0.6676137017135,0.64866408,0.683690926240908
"hexazinone",0.128264983052806,0.667591603891098,0.64866408,0.6836709198853
"hexazinone",0.129154966501488,0.667570756463621,0.64866408,0.68365070911588
"hexazinone",0.130051125217341,0.667541603932037,0.64866408,0.683630291856474
"hexazinone",0.130953502048267,0.667516173583113,0.64866408,0.683600762774395
"hexazinone",0.131862140139475,0.66749479,0.64866408,0.683548449012737
"hexazinone",0.132777082935543,0.667472050492939,0.64866408,0.683523869470394
"hexazinone",0.133698374182495,0.66745227465034,0.64866408,0.683499051861348
"hexazinone",0.134626057929891,0.667427668844701,0.64866408,0.683465018234369
"hexazinone",0.135560178532937,0.667408282284881,0.64866408,0.683430315206084
"hexazinone",0.136500780654601,0.667386314076865,0.64866408,0.683395299950669
"hexazinone",0.137447909267754,0.667357931522435,0.64866408,0.683359969691592
"hexazinone",0.138401609657313,0.667332439995469,0.64866408,0.683324177688095
"hexazinone",0.139361927422414,0.667309153411895,0.64866408,0.683288352935632
"hexazinone",0.140328908478587,0.66728775810619,0.64866408,0.683257147168158
"hexazinone",0.141302599059953,0.667267047985698,0.64866408,0.683215442240408
"hexazinone",0.142283045721435,0.66724318635471,0.64866408,0.683178494464633
"hexazinone",0.143270295340983,0.667220833604964,0.64865977,0.683129765180625
"hexazinone",0.144264395121816,0.667200240870278,0.64865977,0.683082025736879
"hexazinone",0.145265392594678,0.667177526906373,0.64865977,0.683057883859833
"hexazinone",0.146273335620113,0.667152544343189,0.64865977,0.682964306413404
"hexazinone",0.14728827239075,0.667127008719275,0.64865977,0.682888196701594
"hexazinone",0.14831025143361,0.667102016569175,0.64865977,0.682847887550904
"hexazinone",0.149339321612425,0.667073467056141,0.64865977,0.682793097662485
"hexazinone",0.150375532129974,0.6670518927232,0.64865977,0.682760957692857
"hexazinone",0.151418932530435,0.667029061882567,0.64865977,0.682724797652596
"hexazinone",0.152469572701757,0.666992571454302,0.64865977,0.682683036310076
"hexazinone",0.153527502878042,0.666964431889525,0.64865868,0.682643966532935
"hexazinone",0.154592773641948,0.666936513997853,0.64865868,0.682620794660021
"hexazinone",0.155665435927106,0.666908327423618,0.64865868,0.682595705592541
"hexazinone",0.15674554102056,0.666877074257803,0.648648275326074,0.682561725001047
"hexazinone",0.157833140565212,0.666850113454734,0.648624251387973,0.682527427659682
"hexazinone",0.158928286562298,0.66682675220867,0.64862358,0.682463344451755
"hexazinone",0.16003103137387,0.666796644796776,0.64862358,0.682430278227434
"hexazinone",0.161141427725302,0.666762321401874,0.64862358,0.682402239084084
"hexazinone",0.162259528707809,0.666735341979305,0.64862358,0.682360203769598
"hexazinone",0.163385387780986,0.666702538322117,0.64862358,0.682325167646164
"hexazinone",0.164519058775366,0.666671805087782,0.64862358,0.68228979842641
"hexazinone",0.165660595894991,0.666640353550182,0.64862358,0.682189911546974
"hexazinone",0.166810053720006,0.66660789527799,0.64862358,0.682136013272863
"hexazinone",0.167967487209265,0.666579791699066,0.64862358,0.682096641103964
"hexazinone",0.169132951702965,0.666548174027346,0.648613729358327,0.682059198725414
"hexazinone",0.170306502925284,0.666516252423905,0.64860447,0.682025779975197
"hexazinone",0.171488196987054,0.666488980307935,0.64860447,0.681989846255534
"hexazinone",0.172678090388436,0.666452292595994,0.64860447,0.68195357291632
"hexazinone",0.173876240021625,0.666421065731424,0.64860447,0.681916956784734
"hexazinone",0.175082703173572,0.666388316639656,0.64860447,0.681848185083841
"hexazinone",0.176297537528721,0.666356915449791,0.648588276686399,0.681787887997663
"hexazinone",0.177520801171764,0.666323582010625,0.648586589999999,0.681747795340879
"hexazinone",0.178752552590424,0.666292259861124,0.648586589999999,0.68170732170339
"hexazinone",0.179992850678248,0.666255018697984,0.64857123789746,0.681666463511093
"hexazinone",0.181241754737424,0.666216559090371,0.6485533864341,0.681625325813801
"hexazinone",0.182499324481615,0.666179707605314,0.648538201902911,0.681585585850109
"hexazinone",0.183765620038817,0.666147819385071,0.648517092043036,0.681538447607801
"hexazinone",0.18504070195423,0.666118313484927,0.6485163,0.681449477773192
"hexazinone",0.186324631193156,0.666082806475486,0.6485163,0.681399509657847
"hexazinone",0.187617469143912,0.666039611112165,0.6485163,0.681326704009748
"hexazinone",0.188919277620767,0.666006023570504,0.6485163,0.681282442856903
"hexazinone",0.190230118866895,0.665976135219096,0.64851585,0.681237767782457
"hexazinone",0.191550055557353,0.665945430616416,0.648497845733038,0.681192674970933
"hexazinone",0.192879150802078,0.665907734796253,0.64847767,0.681142715737109
"hexazinone",0.194217468148903,0.665871297138321,0.648457493569956,0.681089936877789
"hexazinone",0.195565071586595,0.665834426244327,0.648429116980268,0.681031872242116
"hexazinone",0.196922025547917,0.665795401986597,0.6484133779875,0.680964559726326
"hexazinone",0.198288394912707,0.665760940761704,0.648390970628665,0.680892512398961
"hexazinone",0.199664245010979,0.665729007234507,0.648368326966623,0.680848983984305
"hexazinone",0.20104964162605,0.665693712920885,0.64836815,0.680809295142455
"hexazinone",0.20244465099768,0.665654785195355,0.64836815,0.680710945218649
"hexazinone",0.203849339825246,0.665612895810198,0.64836815,0.680677082581673
"hexazinone",0.205263775270925,0.665577982850347,0.64834880809278,0.680589469671183
"hexazinone",0.206688024962908,0.66553048220396,0.6483262228575,0.680539765478625
"hexazinone",0.208122156998634,0.665492715642803,0.648312939999998,0.680487750963773
"hexazinone",0.209566239948043,0.665454576703423,0.648312939999998,0.680437499150393
"hexazinone",0.21102034285686,0.665415800086457,0.648312939999997,0.680386771164096
"hexazinone",0.212484535249888,0.665373699129718,0.648312939999996,0.680335562565374
"hexazinone",0.213958887134342,0.665337874171437,0.648312939999995,0.680283868874716
"hexazinone",0.215443469003188,0.665294586830513,0.648309849999977,0.680142382947441
"hexazinone",0.216938351838519,0.665246593789623,0.648300918260978,0.680094889758618
"hexazinone",0.218443607114943,0.665204691881586,0.648264261851056,0.680046936342592
"hexazinone",0.219959306803008,0.665165159260347,0.648227239972699,0.67999857484194
"hexazinone",0.221485523372636,0.665117468037033,0.648213503463609,0.679956278060097
"hexazinone",0.223022329796594,0.665076745445804,0.648178689999636,0.679909013108524
"hexazinone",0.224569799553978,0.665035634619615,0.64817741,0.679842483560835
"hexazinone",0.226128006633728,0.66498963900887,0.64817741,0.679775361787802
"hexazinone",0.227697025538168,0.664948549366403,0.64817741,0.679707642637441
"hexazinone",0.229276931286565,0.664902228561285,0.648145392607595,0.679639320915116
"hexazinone",0.230867799418717,0.664856087496467,0.64811610146257,0.679578203926727
"hexazinone",0.232469705998565,0.664808321120321,0.648097607166,0.679510349151947
"hexazinone",0.234082727617829,0.66475536876735,0.648053871491251,0.679438613287087
"hexazinone",0.235706941399673,0.664700294764727,0.648022439999999,0.67936279364664
"hexazinone",0.237342425002387,0.664657613658491,0.648022439999999,0.67929795606148
"hexazinone",0.238989256623105,0.664608133661795,0.648022439999999,0.679216440216687
"hexazinone",0.240647515001542,0.664566807569182,0.647987949999985,0.679133749036956
"hexazinone",0.24231727942376,0.664520185692658,0.64798567,0.67907041686419
"hexazinone",0.243998629725955,0.664474451875301,0.647977277802187,0.679005958738593
"hexazinone",0.245691646298279,0.664420568081509,0.647937617735576,0.678947716317952
"hexazinone",0.247396410088681,0.664365883136882,0.647893045684509,0.678883809419742
"hexazinone",0.249113002606779,0.664307888145532,0.647856249981304,0.678817898817902
"hexazinone",0.250841505927754,0.66425777848919,0.647841139999434,0.678754031749603
"hexazinone",0.252582002696279,0.664200600285809,0.647808226818275,0.678694325391049
"hexazinone",0.254334576130465,0.664149341777765,0.647760804326266,0.678633175875743
"hexazinone",0.256099310025846,0.664108289691743,0.647740149992942,0.678567401844566
"hexazinone",0.25787628875938,0.664055968487648,0.647729009999504,0.678501011545054
"hexazinone",0.259665597293487,0.664011304246617,0.647713422213608,0.678433999326661
"hexazinone",0.261467321180109,0.663960635116257,0.647696489999982,0.678358050206067
"hexazinone",0.263281546564802,0.663906068033773,0.647649176674701,0.678289870893723
"hexazinone",0.265108360190854,0.663853826239573,0.647618299999528,0.678220806832702
"hexazinone",0.266947849403432,0.663798390406118,0.64760941993533,0.678151589877546
"hexazinone",0.268800102153761,0.663728983230208,0.647609419923421,0.678045441831833
"hexazinone",0.270665207003324,0.663665694262927,0.647608049493427,0.677981350661834
"hexazinone",0.272543253128103,0.663604169725194,0.647583594270654,0.677909262979435
"hexazinone",0.274434330322837,0.663546967580208,0.647573479999867,0.677831154639013
"hexazinone",0.276338529005317,0.663490821889188,0.647573479999833,0.677747744189558
"hexazinone",0.278255940220713,0.663429544802987,0.647567529999723,0.677649851609803
"hexazinone",0.28018665564592,0.663366572348513,0.647567529999653,0.677494306272637
"hexazinone",0.282130767593947,0.663305691739938,0.647535300968088,0.677394102945946
"hexazinone",0.28408836901833,0.663240379531979,0.647516244788406,0.677238473973258
"hexazinone",0.286059553517574,0.663179284342119,0.64748644323413,0.677147153311581
"hexazinone",0.28804441533963,0.663122434816636,0.64745128999997,0.677059333675705
"hexazinone",0.290043049386399,0.663060584344823,0.647451289999961,0.676965828158798
"hexazinone",0.292055551218275,0.662992565083097,0.64745128999995,0.676877853388939
"hexazinone",0.294082017058706,0.662932420734144,0.647429589709703,0.676798736939309
"hexazinone",0.296122543798804,0.662855033033728,0.647424028987327,0.676714203742325
"hexazinone",0.298177229001967,0.662784893653131,0.647385617737826,0.676636643341157
"hexazinone",0.300246170908555,0.662724792409851,0.647350970555881,0.676556977121436
"hexazinone",0.302329468440578,0.662663144901516,0.647323639442982,0.676474898268486
"hexazinone",0.30442722120643,0.662589289563164,0.647271628250754,0.676371500614445
"hexazinone",0.306539529505653,0.662523288616246,0.647215665006858,0.676293525346432
"hexazinone",0.308666494333727,0.662461038916689,0.647163793494825,0.676197319930658
"hexazinone",0.310808217386906,0.662383928138596,0.647111390358123,0.676103082733402
"hexazinone",0.312964801067075,0.66231323639299,0.647062510297274,0.676024192010333
"hexazinone",0.315136348486648,0.662234458985767,0.647037082473591,0.675919298923871
"hexazinone",0.317322963473498,0.662158886451205,0.646986166896245,0.675825938195534
"hexazinone",0.319524750575921,0.662099215952095,0.646982929800916,0.675740864701161
"hexazinone",0.321741815067637,0.6620313242437,0.646948747614551,0.675626463864757
"hexazinone",0.32397426295282,0.661961647173721,0.646900751139026,0.675531551652518
"hexazinone",0.326222200971167,0.661885875121172,0.646849799255599,0.675455902285071
"hexazinone",0.328485736603005,0.661816271725791,0.646808135970685,0.675366221916378
"hexazinone",0.330764978074424,0.661738800601175,0.646807141310937,0.675279822054785
"hexazinone",0.333060034362459,0.661654621856642,0.64677993283053,0.675189949865317
"hexazinone",0.335371015200293,0.661577920101088,0.646717593052937,0.675105108805689
"hexazinone",0.337698031082509,0.661497680061673,0.64668784352198,0.675009689810043
"hexazinone",0.340041193270371,0.661416919817141,0.646605470749626,0.674916232307051
"hexazinone",0.342400613797143,0.661340051262243,0.646559195279885,0.674817749531744
"hexazinone",0.344776405473447,0.661266909054807,0.646501403094203,0.674735479794415
"hexazinone",0.347168681892656,0.661179573128921,0.646448541425936,0.674637617159334
"hexazinone",0.349577557436328,0.661094239195791,0.64639512018917,0.674523222880975
"hexazinone",0.352003147279668,0.661015010455571,0.646341133555269,0.674437857566934
"hexazinone",0.354445567397043,0.660927731963696,0.646290127629991,0.674317143771093
"hexazinone",0.356904934567523,0.660843990801142,0.646231440487561,0.674223183300924
"hexazinone",0.359381366380463,0.660756651920025,0.646175722100879,0.674156211185536
"hexazinone",0.361874981241128,0.660680283269211,0.646111784905404,0.674039174730723
"hexazinone",0.364385898376355,0.660596692748098,0.646058139466451,0.673917399582314
"hexazinone",0.366914237840249,0.660503274123407,0.646005006545188,0.673823120900356
"hexazinone",0.36946012051993,0.660427528287571,0.645946893930781,0.673720595784398
"hexazinone",0.372023668141307,0.660329708329996,0.645910647393753,0.673627952938138
"hexazinone",0.374605003274899,0.660247431499988,0.645863824606091,0.67351896542685
"hexazinone",0.3772042493417,0.660156283070736,0.645777859492714,0.673391696637171
"hexazinone",0.379821530619074,0.660071890348065,0.645741191672725,0.673292732372334
"hexazinone",0.3824569722467,0.659973095828581,0.645676118823303,0.67318598787153
"hexazinone",0.385110700232557,0.659885882577451,0.645628684235194,0.673072960848923
"hexazinone",0.387782841458946,0.659783730324497,0.645590654073832,0.672978395372091
"hexazinone",0.390473523688556,0.659692796353861,0.645525811065392,0.672881976039676
"hexazinone",0.393182875570577,0.659599499322412,0.645461188759184,0.672766923854257
"hexazinone",0.395911026646846,0.65950127509126,0.645375570430708,0.672647151707473
"hexazinone",0.398658107358044,0.659395099049134,0.64528284592035,0.672526260233798
"hexazinone",0.401424249049932,0.659316018567921,0.645199765992351,0.672404239391313
"hexazinone",0.404209583979631,0.659218608512669,0.645105571327227,0.672300888954488
"hexazinone",0.407014245321944,0.659123097202368,0.64503502834677,0.672184139612686
"hexazinone",0.409838367175726,0.659024501016402,0.644953856738694,0.672061436763271
"hexazinone",0.412682084570296,0.65892342250646,0.644870654035562,0.671932749160823
"hexazinone",0.415545533471888,0.658823830962282,0.644823618683953,0.671796142754618
"hexazinone",0.418428850790158,0.658723922457444,0.644780063741223,0.671703731590495
"hexazinone",0.421332174384729,0.658614189182784,0.644703933442816,0.671564099025645
"hexazinone",0.424255643071778,0.658514394259949,0.644618442376349,0.671452931932942
"hexazinone",0.427199396630678,0.658407705366242,0.644536467136981,0.67134001595399
"hexazinone",0.43016357581068,0.658309097478344,0.644421065399176,0.671226018742443
"hexazinone",0.43314832233764,0.658206967177891,0.644313691829888,0.671110930323998
"hexazinone",0.436153778920801,0.658090979726427,0.644227755170985,0.670994740639762
"hexazinone",0.439180089259609,0.65799071812323,0.64412766792449,0.670884580869318
"hexazinone",0.44222739805059,0.65788250064214,0.644036562204502,0.670759497684638
"hexazinone",0.445295850994266,0.657771264560815,0.643955077394636,0.670639392308572
"hexazinone",0.448385594802119,0.657654860690131,0.64383820070892,0.670505709283321
"hexazinone",0.45149677720361,0.657540022964445,0.643781919783975,0.670396915177283
"hexazinone",0.45462954695324,0.657427597845239,0.64364786684587,0.670247017021152
"hexazinone",0.457784053837662,0.65732400184947,0.643568718870667,0.670115803659582
"hexazinone",0.460960448682844,0.657200726425886,0.643466083481186,0.669983330204846
"hexazinone",0.464158883361278,0.657088508922007,0.643457425502293,0.669876685699712
"hexazinone",0.467379510799246,0.656980147286374,0.643338035047139,0.669739448625082
"hexazinone",0.470622484984128,0.656854148936433,0.643232287706358,0.669641007337029
"hexazinone",0.473887960971765,0.656733982380056,0.643143685793772,0.669501824026414
"hexazinone",0.477176094893875,0.656599979230662,0.643030484294745,0.669385670076247
"hexazinone",0.480487043965513,0.656460334854309,0.642916178500243,0.669242527214276
"hexazinone",0.483820966492596,0.656334980775601,0.642799762030773,0.669112637939397
"hexazinone",0.487178021879463,0.656217107660021,0.642684884733347,0.669004202144212
"hexazinone",0.490558370636505,0.656097610034251,0.642552422760505,0.668864231559075
"hexazinone",0.493962174387832,0.65597693672417,0.642447703686969,0.668733827205025
"hexazinone",0.497389595879007,0.655840625315374,0.642384571836556,0.668616720052976
"hexazinone",0.500840798984821,0.655713808443584,0.642206566700738,0.668495931100658
"hexazinone",0.504315948717136,0.65557456893545,0.642173054780316,0.668342900832356
"hexazinone",0.507815211232768,0.655424812399382,0.64202786993347,0.668212507603553
"hexazinone",0.511338753841433,0.655296021775679,0.641880402632372,0.668034777416569
"hexazinone",0.51488674501375,0.655170234420998,0.641801264385806,0.667899675297927
"hexazinone",0.518459354389291,0.655031065040427,0.641678993229406,0.667751594077063
"hexazinone",0.522056752784698,0.654878705839581,0.641586650403654,0.667586784438825
"hexazinone",0.525679112201842,0.654725945241029,0.641457619953973,0.667469259016129
"hexazinone",0.529326605836056,0.654593288920254,0.641325045193006,0.667319989993752
"hexazinone",0.532999408084409,0.654460288390972,0.641210968337585,0.667168834379692
"hexazinone",0.536697694554048,0.654317020734562,0.641090930289051,0.666995873031229
"hexazinone",0.540421642070592,0.654167960325861,0.640949520538969,0.666840755100094
"hexazinone",0.544171428686589,0.65402943621083,0.640772567870499,0.666678111150063
"hexazinone",0.547947233690029,0.653885651537581,0.640676964413699,0.666519961883577
"hexazinone",0.551749237612913,0.653729635834963,0.640565713808234,0.66635148691158
"hexazinone",0.555577622239888,0.653585336337539,0.640413832354277,0.666193039963596
"hexazinone",0.559432570616938,0.653434240638069,0.640266378784051,0.666008952846585
"hexazinone",0.563314267060136,0.653290298585558,0.640115996936013,0.665865050449802
"hexazinone",0.567222897164455,0.653144342685773,0.63991668004294,0.665702563411057
"hexazinone",0.571158647812643,0.6529858296668,0.639805893388913,0.665523725921006
"hexazinone",0.575121707184161,0.652826719478293,0.639686157312782,0.665374917772996
"hexazinone",0.579112264764176,0.652673218941571,0.639532761603313,0.665204078539854
"hexazinone",0.583130511352622,0.652522344750647,0.639372810881929,0.665036776459832
"hexazinone",0.587176639073326,0.652361092012941,0.63915782832486,0.664857775036944
"hexazinone",0.591250841383188,0.652183802756039,0.639024478829202,0.664705813913543
"hexazinone",0.595353313081437,0.652027604629983,0.638836493480673,0.664529708885849
"hexazinone",0.599484250318941,0.651879362260224,0.638670191042284,0.66434229375446
"hexazinone",0.603643850607587,0.651712943947912,0.638506207293782,0.664190654999165
"hexazinone",0.607832312829723,0.651531214248888,0.638293221580472,0.66403930279572
"hexazinone",0.61204983724767,0.651369082175098,0.638066283452546,0.663904179926688
"hexazinone",0.616296625513294,0.651212626273807,0.637884836285648,0.663739678405247
"hexazinone",0.62057288067765,0.651049309655557,0.637705584655363,0.663575966179482
"hexazinone",0.624878807200689,0.650863591312544,0.637538736708333,0.66340943462471
"hexazinone",0.629214610961035,0.650699598673952,0.637343856766414,0.663248482635447
"hexazinone",0.633580499265825,0.650518836906843,0.63717163994026,0.663073972394604
"hexazinone",0.637976680860628,0.650342154161254,0.637038468108511,0.662921751265721
"hexazinone",0.642403365939419,0.65016731506364,0.636858097520168,0.662762410774082
"hexazinone",0.646860766154633,0.649977271484936,0.636680854583578,0.662588076606846
"hexazinone",0.651349094627281,0.649785293948288,0.636492260468681,0.662349331422113
"hexazinone",0.655868565957143,0.64960716676065,0.636309215859707,0.662170060636083
"hexazinone",0.660419396233031,0.649406108155506,0.636114657925858,0.662066183315316
"hexazinone",0.665001803043112,0.649218221224138,0.635919993236429,0.661947727557522
"hexazinone",0.669616005485322,0.649028172407392,0.635728529078009,0.661828873960347
"hexazinone",0.674262224177835,0.648827020929972,0.635528605620436,0.661650138716968
"hexazinone",0.678940681269611,0.648645252352171,0.635313631286115,0.661441179070499
"hexazinone",0.683651600451024,0.648468590776527,0.63509916972437,0.661248385634652
"hexazinone",0.68839520696455,0.648271211122351,0.634885603270286,0.661211216061125
"hexazinone",0.693171727615541,0.648081329958024,0.634670120708599,0.661084456781938
"hexazinone",0.697981390783066,0.647893928948994,0.634452706218592,0.661009777878832
"hexazinone",0.702824426430835,0.647684173009405,0.634255463931711,0.660821660995894
"hexazinone",0.707701066118189,0.647475218590866,0.634035730018522,0.66065501164049
"hexazinone",0.712611543011175,0.647285090517349,0.633776409365127,0.660526389049016
"hexazinone",0.717556091893693,0.647074729410081,0.633505346684696,0.660394866055927
"hexazinone",0.722534949178722,0.646850043293907,0.63326093820738,0.660268375606864
"hexazinone",0.727548352919623,0.6466301263013,0.633011154385219,0.660088950350461
"hexazinone",0.732596542821523,0.646429589043865,0.632787029148254,0.659896961166562
"hexazinone",0.737679760252774,0.646218802892733,0.632556607391629,0.659748636741574
"hexazinone",0.742798248256492,0.645999197380154,0.632388681267048,0.659630970347048
"hexazinone",0.747952251562182,0.645787418536288,0.632159817870627,0.659473933032871
"hexazinone",0.753142016597437,0.645566014974438,0.631916172467564,0.659287632549366
"hexazinone",0.758367791499719,0.645331576624645,0.631668098664937,0.659113018070046
"hexazinone",0.763629826128225,0.645081211356048,0.631417910386582,0.658968513129275
"hexazinone",0.768928372075831,0.644841331317183,0.631151204179282,0.658874424224416
"hexazinone",0.774263682681127,0.644619692821851,0.63091112531924,0.658806019362064
"hexazinone",0.779636013040524,0.644373155545863,0.630656908186081,0.658711439237136
"hexazinone",0.785045620020451,0.644125438572867,0.63041000512393,0.658570467629016
"hexazinone",0.790492762269642,0.643882640736251,0.630190218238566,0.658477420277016
"hexazinone",0.795977700231499,0.643642787077686,0.629932950575219,0.658387249117666
"hexazinone",0.801500696156541,0.643400694081043,0.629664938301241,0.65817962837916
"hexazinone",0.807062014114951,0.643146725692233,0.629400686451504,0.65803525769822
"hexazinone",0.812661920009195,0.642896288978558,0.629127625556002,0.657951153003345
"hexazinone",0.81830068158674,0.642650280571535,0.628880992997613,0.657775675499834
"hexazinone",0.823978568452852,0.642391178509696,0.628601802043319,0.657682002144123
"hexazinone",0.829695852083491,0.642138848104258,0.628352276371119,0.657505036471611
"hexazinone",0.835452805838287,0.641883704770278,0.628084508487861,0.657290687254743
"hexazinone",0.841249704973612,0.641619309964457,0.627805006690209,0.657190217851898
"hexazinone",0.847086826655741,0.641340277086525,0.627513176599933,0.657037740441848
"hexazinone",0.852964449974102,0.641065463242615,0.62723065506826,0.656952644669045
"hexazinone",0.858882855954625,0.64078451731831,0.626934556082426,0.656920005275288
"hexazinone",0.864842327573172,0.64051254459609,0.626662152542088,0.656847989963822
"hexazinone",0.870843149769072,0.640233290297322,0.626370129523608,0.656766099810033
"hexazinone",0.876885609458743,0.639956906781185,0.626071154810557,0.656607215307419
"hexazinone",0.882969995549409,0.639683948430428,0.625768724722101,0.656495914669172
"hexazinone",0.889096598952916,0.639403712180057,0.62544939262046,0.656398890272537
"hexazinone",0.89526571259964,0.639125644620367,0.625156305955382,0.656244127923848
"hexazinone",0.901477631452492,0.638809489314417,0.62480367975585,0.656034815299099
"hexazinone",0.907732652521023,0.638515909305004,0.624523692342881,0.655898075776071
"hexazinone",0.914031074875623,0.638226519627075,0.624206474263708,0.655780332407609
"hexazinone",0.920373199661823,0.637925691369307,0.623900719688689,0.655742783632943
"hexazinone",0.926759330114688,0.637621738390859,0.623555932252754,0.655543719182928
"hexazinone",0.933189771573324,0.637303245957421,0.623257255191338,0.655465722869855
"hexazinone",0.93966483149547,0.636990955923123,0.622948228675711,0.655394969000387
"hexazinone",0.9461848194722,0.636689219817215,0.622647589617934,0.655273580658781
"hexazinone",0.952750047242729,0.636355780082802,0.622280047326979,0.655180200144323
"hexazinone",0.959360828709315,0.63603855678633,0.621974298529645,0.65503772041159
"hexazinone",0.966017479952265,0.635720905952938,0.621645498890661,0.654996896869519
"hexazinone",0.972720319245054,0.635398846165156,0.62131904608742,0.654912158236922
"hexazinone",0.97946966706954,0.63507101558633,0.620996975042666,0.654758245716046
"hexazinone",0.986265846131283,0.634725259039649,0.620655678574842,0.654690172435369
"hexazinone",0.99310918137498,0.634402196446204,0.62026038438072,0.654593762078453
"hexazinone",1,0.634049114248029,0.619945111127789,0.654497049385905
"hexazinone",1.00693863147603,0.63370056908142,0.619585298780404,0.65438423098266
"hexazinone",1.01392540755882,0.633356107637134,0.619184335916388,0.654267616874108
"hexazinone",1.02096066230605,0.633010817615424,0.618845869768307,0.654171721907333
"hexazinone",1.02804473209331,0.632653348306727,0.618455925019795,0.654062598568483
"hexazinone",1.03517795563018,0.632306524656018,0.618094986503011,0.653958243344619
"hexazinone",1.0423606739764,0.631947402491599,0.617733475728599,0.653862300090214
"hexazinone",1.04959323055823,0.631587614292722,0.617414571645542,0.653783521070168
"hexazinone",1.0568759711848,0.631228905772272,0.617039061594914,0.653686728841748
"hexazinone",1.06420924406472,0.63086772360126,0.61668737827201,0.653535012730127
"hexazinone",1.07159339982267,0.63050238643372,0.616324666233332,0.653371992297142
"hexazinone",1.07902879151618,0.63012247656669,0.615974949211623,0.653247227821944
"hexazinone",1.08651577465254,0.629730099281892,0.615623676187198,0.653109343412708
"hexazinone",1.09405470720574,0.629365754391413,0.615262083571605,0.652949374758675
"hexazinone",1.10164594963366,0.628985917086413,0.614883317084754,0.65280642437115
"hexazinone",1.10928986489522,0.628587341899527,0.614513220126859,0.6526520946469
"hexazinone",1.11698681846782,0.628206002228304,0.61412403604412,0.652533967956067
"hexazinone",1.12473717836475,0.627818936787004,0.613684183672392,0.65241367644191
"hexazinone",1.13254131515281,0.627407682931691,0.613276238528668,0.652283838380567
"hexazinone",1.14039960197003,0.627012782589809,0.612896323460069,0.652142254015972
"hexazinone",1.14831241454351,0.626602167177879,0.612454176390695,0.651990297506776
"hexazinone",1.15628013120738,0.626200811358654,0.612009314845722,0.651758844877351
"hexazinone",1.16430313292088,0.625790642916125,0.611561362017022,0.651528337842274
"hexazinone",1.1723818032866,0.625389573713198,0.61115266744045,0.651332007194552
"hexazinone",1.18051652856881,0.624990330304307,0.610707974046903,0.651163422063437
"hexazinone",1.1887076977119,0.624577735514115,0.610322336711399,0.650983863002382
"hexazinone",1.19695570235904,0.624152851307905,0.609869975963936,0.650771898892737
"hexazinone",1.20526093687084,0.623728580455952,0.609413950156774,0.650572827323242
"hexazinone",1.21362379834424,0.62331834873559,0.608954235742814,0.650404160468093
"hexazinone",1.22204468663149,0.622867829900957,0.608524382988664,0.650237485423481
"hexazinone",1.23052400435926,0.622428723975367,0.60806043682106,0.650041561025792
"hexazinone",1.23906215694792,0.6219945700558,0.60761136740358,0.649824172668611
"hexazinone",1.24765955263087,0.621559701376274,0.607156274380173,0.649623054724155
"hexazinone",1.25631660247412,0.621123073556772,0.606691336864175,0.649374865250558
"hexazinone",1.2650337203959,0.620673640487542,0.606210648519157,0.649158358870087
"hexazinone",1.27381132318648,0.620229465900096,0.60571501623298,0.64890654682999
"hexazinone",1.28264983052806,0.619768239668876,0.605235099793464,0.648684434168955
"hexazinone",1.29154966501488,0.619305937474114,0.604741732236417,0.64842473401211
"hexazinone",1.30051125217341,0.618835802322913,0.604263868268286,0.648176675954763
"hexazinone",1.30953502048267,0.618352943489303,0.603794887920767,0.647885274388065
"hexazinone",1.31862140139475,0.617880299113221,0.603291403031674,0.647542777720117
"hexazinone",1.32777082935543,0.617392461611201,0.602789112909971,0.647280178041522
"hexazinone",1.33698374182495,0.616914996859703,0.602304825253755,0.647020072809729
"hexazinone",1.34626057929891,0.616434399124468,0.601769868737525,0.64673747751897
"hexazinone",1.35560178532937,0.615920690909801,0.601231136671477,0.646504611390341
"hexazinone",1.36500780654601,0.615420875278188,0.600723335405384,0.646138219111656
"hexazinone",1.37447909267754,0.614915274231936,0.600157298421437,0.645847661330576
"hexazinone",1.38401609657313,0.614414806801373,0.599632863589965,0.645515720079025
"hexazinone",1.39361927422414,0.6139060849363,0.59910264513367,0.645221302906343
"hexazinone",1.40328908478587,0.613407703283194,0.598537424688947,0.644843703789052
"hexazinone",1.41302599059953,0.612894410297093,0.598029572401666,0.644465110334789
"hexazinone",1.42283045721435,0.612373131336984,0.597449321647353,0.644151539974647
"hexazinone",1.43270295340983,0.611855997171312,0.596878141112213,0.643777684298699
"hexazinone",1.44264395121816,0.611344738723168,0.59629748047365,0.643436129648788
"hexazinone",1.45265392594678,0.610804938461544,0.595726867011129,0.643139209270437
"hexazinone",1.46273335620113,0.610269327076225,0.595124382348457,0.642745397931659
"hexazinone",1.4728827239075,0.609721925294782,0.594535656141353,0.642342959034211
"hexazinone",1.4831025143361,0.609167721468567,0.593980340088542,0.641972099936662
"hexazinone",1.49339321612425,0.60862018505,0.593399431080279,0.641593761973956
"hexazinone",1.50375532129974,0.608075923584777,0.59275315424551,0.641082894257791
"hexazinone",1.51418932530435,0.607534327329168,0.592153498310731,0.640662459463962
"hexazinone",1.52469572701757,0.606959610793515,0.591558707949403,0.640290407642262
"hexazinone",1.53527502878042,0.606385462612051,0.590959420427799,0.639885699229058
"hexazinone",1.54592773641948,0.605800245646093,0.590342144128555,0.639516720626929
"hexazinone",1.55665435927106,0.605221957062427,0.58972040502869,0.639078838216113
"hexazinone",1.5674554102056,0.604640628196718,0.589094217509542,0.638616389728883
"hexazinone",1.57833140565212,0.604057788058407,0.588448643521989,0.638193707879001
"hexazinone",1.58928286562298,0.60347966364635,0.587828413851633,0.637712093706912
"hexazinone",1.6003103137387,0.602880901644854,0.587188756250481,0.637266738212493
"hexazinone",1.61141427725302,0.602282902528693,0.586544567312807,0.636732876695603
"hexazinone",1.62259528707809,0.601671058914575,0.585869953128721,0.636210193689255
"hexazinone",1.63385387780986,0.601054502193007,0.585189975609129,0.635690263690478
"hexazinone",1.64519058775366,0.600441241313023,0.584538003839106,0.63516055040012
"hexazinone",1.65660595894991,0.599841894568707,0.583837105403307,0.634505598550663
"hexazinone",1.66810053720006,0.599235485087575,0.583147862644499,0.633890368596541
"hexazinone",1.67967487209265,0.598594222259783,0.582508358891303,0.633412154956827
"hexazinone",1.69132951702965,0.5979695320359,0.581864136646687,0.632776608442398
"hexazinone",1.70306502925285,0.597334333854705,0.581178011322584,0.632198524701713
"hexazinone",1.71488196987054,0.596692714516186,0.580535209797162,0.631529973658844
"hexazinone",1.72678090388436,0.596051884434244,0.579843667967375,0.630857352364815
"hexazinone",1.73876240021625,0.595398412872087,0.579099281201063,0.630234000331487
"hexazinone",1.75082703173573,0.594724796655807,0.578359445744537,0.629564190097788
"hexazinone",1.76297537528721,0.594059651602817,0.577675415542196,0.628964678666316
"hexazinone",1.77520801171764,0.593401242213282,0.5769857586982,0.62837202207289
"hexazinone",1.78752552590424,0.592725181572261,0.57626299168819,0.627780034532966
"hexazinone",1.79992850678248,0.59204470859544,0.575546638416119,0.62706117125105
"hexazinone",1.81241754737424,0.59136176468274,0.574811103560305,0.626418664426581
"hexazinone",1.82499324481615,0.590677043313051,0.574076981713792,0.625796097842904
"hexazinone",1.83765620038817,0.590003812697459,0.573353057822565,0.625157399932279
"hexazinone",1.8504070195423,0.589307940834319,0.572598578980151,0.624370892607223
"hexazinone",1.86324631193156,0.588586062475801,0.571840382245213,0.623560288805901
"hexazinone",1.87617469143912,0.587891358764295,0.571080942611338,0.622770903789004
"hexazinone",1.88919277620767,0.58717351911885,0.570320026590108,0.621968949252719
"hexazinone",1.90230118866895,0.586465859882832,0.569523052882828,0.621251893678714
"hexazinone",1.91550055557353,0.585741083063163,0.56876174648542,0.620523047068112
"hexazinone",1.92879150802078,0.585022441020783,0.567995400186799,0.619740919126439
"hexazinone",1.94217468148903,0.584292417234318,0.567223997130691,0.61902976669812
"hexazinone",1.95565071586595,0.583558755922933,0.566395444132328,0.61832465312809
"hexazinone",1.96922025547917,0.582818912219174,0.565584077190603,0.617515624459415
"hexazinone",1.98288394912707,0.582080078555478,0.564816032292253,0.616705433938968
"hexazinone",1.99664245010979,0.581326509939442,0.564044698206918,0.615864015596039
"hexazinone",2.0104964162605,0.580557737413726,0.563203308131878,0.615030595569785
"hexazinone",2.0244465099768,0.579774022469087,0.562335816808897,0.614229442546332
"hexazinone",2.03849339825246,0.578998122157265,0.561463164286104,0.613379374168314
"hexazinone",2.05263775270925,0.578213547074196,0.560607635048935,0.612516884806515
"hexazinone",2.06688024962908,0.577428652233817,0.55976006269292,0.61161347997778
"hexazinone",2.08122156998634,0.576625790733032,0.558956375538078,0.610674241715708
"hexazinone",2.09566239948043,0.575836302204513,0.558110936556047,0.609746572232359
"hexazinone",2.1102034285686,0.575017530504154,0.557214161035871,0.608769803605405
"hexazinone",2.12484535249888,0.5742380008694,0.556363645299105,0.607856824850826
"hexazinone",2.13958887134342,0.573428188774775,0.555511092779354,0.606936156919361
"hexazinone",2.15443469003188,0.572614102240977,0.554709316735522,0.606003180722238
"hexazinone",2.16938351838518,0.571784550094699,0.553823693308463,0.605057887344532
"hexazinone",2.18443607114943,0.570948689350521,0.552998075650978,0.604100270606078
"hexazinone",2.19959306803007,0.570106875378881,0.552102743763736,0.603130327062359
"hexazinone",2.21485523372636,0.569266512260612,0.551179068413124,0.602134423585359
"hexazinone",2.23022329796594,0.568408109235771,0.550289412093557,0.601130768726988
"hexazinone",2.24569799553977,0.567558333453401,0.549398000545089,0.600125158311071
"hexazinone",2.26128006633728,0.56670164694024,0.548471203314915,0.599095837301434
"hexazinone",2.27697025538168,0.565847507574965,0.547576794171959,0.598077354278317
"hexazinone",2.29276931286565,0.564969614993708,0.546691533084889,0.597040450916438
"hexazinone",2.30867799418717,0.564101294153904,0.545785790446047,0.595995855981981
"hexazinone",2.32469705998565,0.563205423895159,0.544842117394177,0.594924059109308
"hexazinone",2.34082727617829,0.562316509107248,0.543918190292255,0.593846911717609
"hexazinone",2.35706941399673,0.561424183724868,0.542962798844845,0.592742450112223
"hexazinone",2.37342425002387,0.560524676142132,0.542022643722732,0.591637999468523
"hexazinone",2.38989256623105,0.559612033957859,0.541075625923628,0.590511720257471
"hexazinone",2.40647515001543,0.558691897648314,0.540131269325278,0.589317715505262
"hexazinone",2.4231727942376,0.55779802136129,0.539175908872999,0.588175345729379
"hexazinone",2.43998629725955,0.55686544213973,0.538214776392388,0.587082083571061
"hexazinone",2.45691646298279,0.555917169045103,0.537247864514263,0.585933640001817
"hexazinone",2.47396410088681,0.554975454100696,0.536275166321269,0.58476243043085
"hexazinone",2.49113002606779,0.554026765570862,0.535267477503245,0.58357145721399
"hexazinone",2.50841505927754,0.553094936962973,0.534307897509966,0.582356380388248
"hexazinone",2.52582002696279,0.55214253527272,0.533316946930175,0.581142361158741
"hexazinone",2.54334576130465,0.551162388265968,0.532324200154704,0.579902590710628
"hexazinone",2.56099310025846,0.550182034195213,0.531274414215018,0.578636893000193
"hexazinone",2.5787628875938,0.549207890016763,0.530217576287823,0.5773757361161
"hexazinone",2.59665597293487,0.548231332963703,0.529158448434239,0.576179739385676
"hexazinone",2.61467321180109,0.547242345003979,0.528092272624059,0.574912742052276
"hexazinone",2.63281546564802,0.546227267536531,0.527020638357083,0.573637915306418
"hexazinone",2.65108360190854,0.545205635734203,0.525962994034236,0.572411816570192
"hexazinone",2.66947849403432,0.544214433554329,0.524932177147481,0.571096776642885
"hexazinone",2.68800102153761,0.543192281720383,0.523853142166861,0.569741449933893
"hexazinone",2.70665207003324,0.542164018943912,0.52284553989809,0.568422907499078
"hexazinone",2.72543253128103,0.541134338112315,0.521794717185119,0.567094454693847
"hexazinone",2.74434330322837,0.54008406167287,0.52071333911045,0.565773321111444
"hexazinone",2.76338529005317,0.539036195197518,0.519654414712462,0.564460184731683
"hexazinone",2.78255940220713,0.537988957584231,0.518645840165389,0.563127516954458
"hexazinone",2.8018665564592,0.536945759194236,0.517581838819883,0.561681486983975
"hexazinone",2.82130767593947,0.535871134724069,0.516503214659242,0.56041238660751
"hexazinone",2.8408836901833,0.534823849213113,0.515490316075315,0.559146602831345
"hexazinone",2.86059553517574,0.533765062837821,0.514369641762988,0.557889469668478
"hexazinone",2.8804441533963,0.532681047585774,0.513306816625793,0.556510481952798
"hexazinone",2.90043049386399,0.531605563417364,0.512210991757466,0.555309700794651
"hexazinone",2.92055551218275,0.530494440867619,0.511084700765177,0.553938151898579
"hexazinone",2.94082017058706,0.529385224030281,0.509956650628314,0.552666957198242
"hexazinone",2.96122543798804,0.528257765536435,0.508815088317117,0.55139137006629
"hexazinone",2.98177229001967,0.527143197641227,0.507671783134518,0.549965288029253
"hexazinone",3.00246170908555,0.526022158825915,0.506507165797895,0.548666536120025
"hexazinone",3.02329468440578,0.524893054815422,0.505350904921366,0.547275944587953
"hexazinone",3.0442722120643,0.523757587768757,0.504183223902532,0.546037950785781
"hexazinone",3.06539529505653,0.522618441477457,0.503014009788473,0.544664800996296
"hexazinone",3.08666494333727,0.521479651071361,0.501829629235503,0.543527993100061
"hexazinone",3.10808217386907,0.520307228896852,0.500642443674271,0.542106516531191
"hexazinone",3.12964801067075,0.519140008289091,0.499510911947595,0.540789447598026
"hexazinone",3.15136348486648,0.517970738037078,0.498472784926632,0.539409752335801
"hexazinone",3.17322963473498,0.516777620020746,0.497207874699241,0.538104067667351
"hexazinone",3.19524750575921,0.515607038459302,0.49600855072827,0.536587335355319
"hexazinone",3.21741815067637,0.51441920995801,0.494804477195273,0.535358701908133
"hexazinone",3.2397426295282,0.513228187232173,0.493568109850437,0.534031319437367
"hexazinone",3.26222200971167,0.512027719893279,0.492333820262668,0.532761523118259
"hexazinone",3.28485736603005,0.510818100979343,0.491186541410835,0.531430172342442
"hexazinone",3.30764978074424,0.509595567586045,0.489967782371089,0.530107377255928
"hexazinone",3.33060034362459,0.508375999095361,0.488759589473536,0.528787551833038
"hexazinone",3.35371015200293,0.507153151936207,0.487539081115839,0.52750322676782
"hexazinone",3.37698031082509,0.505907431237712,0.486273953530996,0.526168478356383
"hexazinone",3.40041193270371,0.504663718073513,0.485028955617982,0.524771821496945
"hexazinone",3.42400613797143,0.503416027223535,0.483771686195875,0.523334134218781
"hexazinone",3.44776405473447,0.502182857312648,0.482530350289849,0.522072922556605
"hexazinone",3.47168681892656,0.500914420401249,0.481251887646534,0.520745985836379
"hexazinone",3.49577557436328,0.499642673562629,0.479992418492937,0.519420155112802
"hexazinone",3.52003147279668,0.498348201825656,0.478752031301637,0.518010560062579
"hexazinone",3.54445567397044,0.497031356649189,0.477460103736265,0.516447003540151
"hexazinone",3.56904934567523,0.495739584069136,0.476187309387919,0.515073517081089
"hexazinone",3.59381366380463,0.494441985727713,0.47487923930051,0.51354834775624
"hexazinone",3.61874981241128,0.493148151866559,0.473628578814791,0.512227119358626
"hexazinone",3.64385898376355,0.491869499404565,0.472303600689222,0.510938809780191
"hexazinone",3.66914237840249,0.490562287428318,0.471023372223159,0.509599585195232
"hexazinone",3.6946012051993,0.48925075493845,0.46973720811901,0.508262677733845
"hexazinone",3.72023668141307,0.487927382631544,0.468459322677271,0.506955590674539
"hexazinone",3.74605003274899,0.486601150944211,0.467139548846362,0.505600906166888
"hexazinone",3.772042493417,0.485267456807475,0.465823847550472,0.504307017790432
"hexazinone",3.79821530619074,0.483902576889801,0.464454265006541,0.502969484256261
"hexazinone",3.824569722467,0.482554152076817,0.46303239712518,0.501542414239193
"hexazinone",3.85110700232557,0.481187737434049,0.461742307635917,0.500163307107098
"hexazinone",3.87782841458946,0.479843513015513,0.460367801433356,0.498775397341266
"hexazinone",3.90473523688556,0.478465548447403,0.459090350521579,0.497384924497926
"hexazinone",3.93182875570577,0.477080913152842,0.457648672724981,0.496118077998951
"hexazinone",3.95911026646846,0.475694089724586,0.456276203747301,0.494755534033292
"hexazinone",3.98658107358044,0.474296090435742,0.45495779438549,0.493408022269777
"hexazinone",4.01424249049932,0.472908445263156,0.453520980411145,0.491982192968589
"hexazinone",4.04209583979631,0.471525049975252,0.452196641712606,0.490524162310035
"hexazinone",4.07014245321944,0.47012495967555,0.450786674461804,0.489081969439934
"hexazinone",4.09838367175726,0.468689032013158,0.449366898823581,0.487637268912883
"hexazinone",4.12682084570296,0.467259707711644,0.447848832956813,0.486219819598528
"hexazinone",4.15545533471888,0.46585483786383,0.446356649818324,0.484882000428465
"hexazinone",4.18428850790158,0.464416754504974,0.444845947078688,0.483425594270586
"hexazinone",4.21332174384729,0.462992823745217,0.443383201369728,0.482014573228309
"hexazinone",4.24255643071778,0.461543569693075,0.44200568605874,0.480607612197797
"hexazinone",4.27199396630678,0.460118505922548,0.440509189159716,0.479205965745672
"hexazinone",4.3016357581068,0.458689388228978,0.439083467970201,0.477696360126883
"hexazinone",4.3314832233764,0.457256759322469,0.437564743046349,0.476226332905368
"hexazinone",4.36153778920801,0.455803660275016,0.436054309819399,0.474718653793645
"hexazinone",4.39180089259609,0.454346508929567,0.434554418731045,0.473271165665664
"hexazinone",4.4222739805059,0.452878320459874,0.433025968285013,0.471790588789198
"hexazinone",4.45295850994266,0.451422024479625,0.431472400030307,0.470288924126167
"hexazinone",4.48385594802119,0.449966005287171,0.42998273533265,0.468867216463822
"hexazinone",4.5149677720361,0.448482569078046,0.428500385639853,0.467437577548384
"hexazinone",4.5462954695324,0.446989550551594,0.426934049698466,0.465986246210221
"hexazinone",4.57784053837662,0.44553147912723,0.42548683258101,0.464525111794874
"hexazinone",4.60960448682843,0.444051344326583,0.423940766701665,0.463067899420158
"hexazinone",4.64158883361278,0.442556391221145,0.422338663009735,0.461593703990544
"hexazinone",4.67379510799246,0.441074868236559,0.420784059756371,0.460106605080211
"hexazinone",4.70622484984128,0.439567235230211,0.41922867770422,0.458640777909696
"hexazinone",4.73887960971765,0.438095303699012,0.417665870099247,0.457148435831491
"hexazinone",4.77176094893875,0.436602282664193,0.416073944146143,0.455607847381509
"hexazinone",4.80487043965513,0.435092877070551,0.414554793620632,0.454120757137032
"hexazinone",4.83820966492596,0.433588632341002,0.412900469013403,0.452632565935509
"hexazinone",4.87178021879463,0.432082072831965,0.411255568920123,0.451149553420202
"hexazinone",4.90558370636505,0.43055333657897,0.409783387319367,0.449656428451284
"hexazinone",4.93962174387832,0.42904714697891,0.408212171258136,0.448170966936615
"hexazinone",4.97389595879007,0.427525649082361,0.40662261566337,0.446671867665081
"hexazinone",5.00840798984821,0.425991232661218,0.404939149695999,0.445115036346538
"hexazinone",5.04315948717136,0.4244314757065,0.403366910874703,0.443573688461298
"hexazinone",5.07815211232768,0.422894770114556,0.401670324501405,0.44203446883885
"hexazinone",5.11338753841433,0.421338940602988,0.40008407694631,0.440506631740926
"hexazinone",5.1488674501375,0.419782411772763,0.398375533130887,0.438969163844438
"hexazinone",5.18459354389291,0.418259766994851,0.396692026405527,0.437343322984824
"hexazinone",5.22056752784698,0.416701439163646,0.395056940282685,0.435794785557995
"hexazinone",5.25679112201842,0.415173693228138,0.393434828755938,0.434238887380531
"hexazinone",5.29326605836056,0.413620169031464,0.391835016725541,0.432585063912179
"hexazinone",5.32999408084409,0.412048651019448,0.390083751580029,0.430996864777691
"hexazinone",5.36697694554048,0.410480526970391,0.388439297445133,0.429426996214002
"hexazinone",5.40421642070592,0.408932908169256,0.386780317111486,0.42782893046928
"hexazinone",5.44171428686589,0.407379972463345,0.385099891811915,0.426271883097466
"hexazinone",5.47947233690029,0.405834975213434,0.383433486200923,0.424688559211957
"hexazinone",5.51749237612913,0.404253939917691,0.381745234573199,0.423089649541158
"hexazinone",5.55577622239888,0.402676611878876,0.380165177197685,0.421489596666476
"hexazinone",5.59432570616938,0.401080498215695,0.378546848379757,0.419870726631926
"hexazinone",5.63314267060136,0.399504680806293,0.376812224710152,0.418272875925273
"hexazinone",5.67222897164454,0.397921939763921,0.375053667537819,0.416705107088239
"hexazinone",5.71158647812643,0.396344280266756,0.373406368522852,0.415109414786004
"hexazinone",5.75121707184161,0.394744639060508,0.371770062201647,0.413520498985017
"hexazinone",5.79112264764176,0.393150758999373,0.369988612502122,0.411882740188765
"hexazinone",5.83130511352622,0.391541710438575,0.368267635003171,0.410290203751455
"hexazinone",5.87176639073326,0.389925874672852,0.366597483671527,0.408705538396806
"hexazinone",5.91250841383188,0.388340105963068,0.364826254941288,0.407074493445601
"hexazinone",5.95353313081437,0.386733656867625,0.363131698749996,0.405435323365211
"hexazinone",5.99484250318941,0.385105383386823,0.361470912082038,0.40378001955675
"hexazinone",6.03643850607587,0.38349236199909,0.359695214478124,0.402163192638242
"hexazinone",6.07832312829723,0.381867878180438,0.357985338558272,0.40056179755295
"hexazinone",6.1204983724767,0.380270091383031,0.356291061658334,0.398927587646233
"hexazinone",6.16296625513294,0.378656799159116,0.354428242447082,0.397291789356345
"hexazinone",6.2057288067765,0.377044693899457,0.3528193246577,0.395634411495719
"hexazinone",6.24878807200689,0.375440567752482,0.351133463369293,0.394002602938053
"hexazinone",6.29214610961035,0.373823859733059,0.34944339178393,0.392387092723848
"hexazinone",6.33580499265825,0.372200204252746,0.347787653326199,0.390715450203018
"hexazinone",6.37976680860628,0.37058434209596,0.34608575307925,0.389046893031071
"hexazinone",6.4240336593942,0.368966044564174,0.344365027983308,0.38736397659613
"hexazinone",6.46860766154633,0.367322223007669,0.342623846530769,0.385705543963957
"hexazinone",6.51349094627281,0.365699295524481,0.34089790404105,0.384058754915255
"hexazinone",6.55868565957144,0.364065767237658,0.339202362035111,0.382497998868587
"hexazinone",6.60419396233031,0.36244195242717,0.337465477738153,0.380891041057918
"hexazinone",6.65001803043112,0.360801844058288,0.335824783755437,0.379224583988694
"hexazinone",6.69616005485322,0.359183826726675,0.334145496398666,0.377597189831885
"hexazinone",6.74262224177835,0.357551654911181,0.33243703588507,0.376030712106788
"hexazinone",6.78940681269611,0.355930371269923,0.330732206659383,0.374293647172427
"hexazinone",6.83651600451024,0.35429326353844,0.329014695051528,0.372633730220673
"hexazinone",6.8839520696455,0.352671707116955,0.327333683699472,0.37102786142612
"hexazinone",6.93171727615541,0.351021421366219,0.325640108437252,0.369323633554453
"hexazinone",6.97981390783066,0.349383218153667,0.32401871709159,0.367663482971782
"hexazinone",7.02824426430835,0.34777008309447,0.322314531327789,0.366025938084519
"hexazinone",7.07701066118189,0.346150590694671,0.320582818756556,0.364356862153496
"hexazinone",7.12611543011175,0.344498942175718,0.318905054154387,0.362693530590557
"hexazinone",7.17556091893693,0.342865088371111,0.317281439502936,0.361086779848256
"hexazinone",7.22534949178722,0.341217894327569,0.315688662505096,0.359370465329905
"hexazinone",7.27548352919623,0.339566508440841,0.314066503380299,0.357670984138604
"hexazinone",7.32596542821523,0.337917273536161,0.3124030962323,0.356147679435232
"hexazinone",7.37679760252773,0.336268980077249,0.310764627862942,0.354498528810165
"hexazinone",7.42798248256492,0.334625231114861,0.309116808102799,0.35284598398789
"hexazinone",7.47952251562182,0.333006603192339,0.307424809366422,0.351204961791439
"hexazinone",7.53142016597437,0.331370428869134,0.305769449159496,0.349551897869316
"hexazinone",7.58367791499719,0.329743205734669,0.304145450422694,0.34789788233853
"hexazinone",7.63629826128224,0.328107248697486,0.302469405719463,0.346242999357973
"hexazinone",7.68928372075831,0.326454717098844,0.300880694375903,0.344602829742229
"hexazinone",7.74263682681127,0.324806481608631,0.299294047050861,0.342930968552995
"hexazinone",7.79636013040523,0.323174407232916,0.297652181854334,0.341307659537762
"hexazinone",7.85045620020451,0.321524038713505,0.296055432385042,0.339634519384394
"hexazinone",7.90492762269642,0.31987741421165,0.294413896094985,0.338006315501341
"hexazinone",7.95977700231498,0.318244783513322,0.29285490570366,0.336341733944734
"hexazinone",8.01500696156541,0.31659457545412,0.29126447438196,0.334674114145035
"hexazinone",8.0706201411495,0.314951778591403,0.289683161103756,0.333141806733084
"hexazinone",8.12661920009195,0.313319674292543,0.288122987241679,0.331491508018727
"hexazinone",8.18300681586739,0.311680673941459,0.286526540372382,0.32981530391994
"hexazinone",8.23978568452852,0.310062351670784,0.284816251225735,0.328183245754239
"hexazinone",8.29695852083491,0.308445000677292,0.283216439814867,0.326540123684895
"hexazinone",8.35452805838287,0.306812232758725,0.281644242643846,0.324985508332947
"hexazinone",8.41249704973612,0.30516410941529,0.280114125095175,0.323339304413575
"hexazinone",8.47086826655741,0.303525765410845,0.278562908483932,0.321651142407866
"hexazinone",8.52964449974102,0.301893563097135,0.277005615902289,0.320007670878557
"hexazinone",8.58882855954625,0.300278511697976,0.275450171668259,0.318414163064524
"hexazinone",8.64842327573172,0.298641090605546,0.273817306068837,0.316785293284296
"hexazinone",8.70843149769073,0.297011794506169,0.272280209568678,0.315074424338954
"hexazinone",8.76885609458743,0.295393976382532,0.270742506670622,0.313456528937229
"hexazinone",8.82969995549409,0.293775744218374,0.269154932577216,0.31185816111045
"hexazinone",8.89096598952916,0.292157784727152,0.267630056669981,0.310229877358839
"hexazinone",8.9526571259964,0.290542634724714,0.266079771914054,0.308586229323168
"hexazinone",9.01477631452492,0.288909909002156,0.264572507837286,0.30705200997338
"hexazinone",9.07732652521023,0.287274247381873,0.263078476880827,0.305400961311648
"hexazinone",9.14031074875623,0.285659798508426,0.261566523855978,0.303704127984447
"hexazinone",9.20373199661823,0.284057737509864,0.260059602602936,0.302094311439356
"hexazinone",9.26759330114688,0.282457057635853,0.25857035428826,0.300520601125222
"hexazinone",9.33189771573324,0.280862950764142,0.257089090211723,0.298864066601506
"hexazinone",9.3966483149547,0.279285131495221,0.255581609674781,0.297241252871748
"hexazinone",9.46184819472201,0.277682272110633,0.254079706624884,0.295582127616346
"hexazinone",9.5275004724273,0.276076765247304,0.252654640933666,0.294012022344167
"hexazinone",9.59360828709315,0.274471751274358,0.251207492647568,0.29236033523728
"hexazinone",9.66017479952265,0.27288853473592,0.249721074577395,0.290729152559041
"hexazinone",9.72720319245055,0.271322156887134,0.248243232722456,0.289159134623054
"hexazinone",9.7946966706954,0.269749617878028,0.246831628815537,0.287539610314022
"hexazinone",9.86265846131283,0.268180596995624,0.245345483917345,0.286009106545477
"hexazinone",9.9310918137498,0.266605680204183,0.24388139396105,0.284389972172988
"hexazinone",10,0.265027056176557,0.242424945212099,0.28281869423209
"hexazinone",10.0693863147603,0.263454113864672,0.24097182370284,0.281236121944708
"hexazinone",10.1392540755882,0.261879784842232,0.239503027549788,0.279614674544272
"hexazinone",10.2096066230605,0.260306984902386,0.238047301776792,0.278040979719079
"hexazinone",10.2804473209331,0.258754352179202,0.236601667840391,0.276402250011486
"hexazinone",10.3517795563018,0.257206266215785,0.235176975671881,0.274844580346871
"hexazinone",10.423606739764,0.255659175838465,0.233746617769868,0.273283509928948
"hexazinone",10.4959323055823,0.254102406885391,0.232306276272373,0.271644855455651
"hexazinone",10.568759711848,0.252564644057831,0.230875943464132,0.27006558469777
"hexazinone",10.6420924406472,0.251021297685271,0.229504015784125,0.268484243918239
"hexazinone",10.7159339982267,0.249492535043023,0.228123577863205,0.267042661160935
"hexazinone",10.7902879151618,0.247962876770314,0.226768687183194,0.265523230343097
"hexazinone",10.8651577465254,0.246454223764554,0.225331397471795,0.263922359028022
"hexazinone",10.9405470720574,0.2449075127222,0.2239461272898,0.262354487623611
"hexazinone",11.0164594963366,0.2433865671884,0.222581215971638,0.260859715490177
"hexazinone",11.0928986489522,0.241860004320273,0.221180959912486,0.259361720135204
"hexazinone",11.1698681846782,0.240344851843306,0.219839478997311,0.257830279108223
"hexazinone",11.2473717836475,0.238843531158717,0.218486957230952,0.256315464375747
"hexazinone",11.3254131515281,0.237330972722238,0.21711324629187,0.254800223703412
"hexazinone",11.4039960197003,0.235841790506132,0.215773034690939,0.253276382539785
"hexazinone",11.4831241454351,0.234335400329881,0.214397245983916,0.25172021881804
"hexazinone",11.5628013120738,0.232850309128705,0.213008502210795,0.250170945963556
"hexazinone",11.6430313292088,0.231376398650538,0.211727596092015,0.24866756638387
"hexazinone",11.723818032866,0.229889564161424,0.210324795958051,0.247167876302966
"hexazinone",11.8051652856881,0.228405248448776,0.208981711355115,0.24567193128556
"hexazinone",11.887076977119,0.226941961862204,0.207588590827242,0.244179786273532
"hexazinone",11.9695570235904,0.22546510379988,0.206220923236991,0.242627120542888
"hexazinone",12.0526093687084,0.224004037716319,0.204885297032142,0.241121377429412
"hexazinone",12.1362379834424,0.222524851427742,0.203568309673245,0.239679737981735
"hexazinone",12.2204468663149,0.22109362016637,0.202236851939229,0.238250282950483
"hexazinone",12.3052400435926,0.21964347136529,0.200976098389015,0.236781029738476
"hexazinone",12.3906215694792,0.218195399409449,0.199633649628193,0.235305639530929
"hexazinone",12.4765955263087,0.216766399460277,0.198339299938446,0.233816294417555
"hexazinone",12.5631660247412,0.215332301946371,0.197085822108146,0.232331671012534
"hexazinone",12.650337203959,0.213904873615106,0.195758210867149,0.230827893257376
"hexazinone",12.7381132318648,0.212496291665928,0.194373695841757,0.22929694812146
"hexazinone",12.8264983052806,0.211088137242411,0.193107425142472,0.227845870085794
"hexazinone",12.9154966501488,0.209680918531345,0.19181702185729,0.226391879662642
"hexazinone",13.0051125217341,0.208295529548773,0.190493308682876,0.224933726107535
"hexazinone",13.0953502048267,0.206909955307668,0.189222550856581,0.223519507239101
"hexazinone",13.1862140139475,0.205524457499806,0.187938160252329,0.222064176013401
"hexazinone",13.2777082935543,0.204137203724691,0.186659021055525,0.220635222178253
"hexazinone",13.3698374182495,0.202766335926961,0.185312999758299,0.219219877628321
"hexazinone",13.4626057929891,0.201378811832505,0.184052709959209,0.217752816735939
"hexazinone",13.5560178532937,0.200006253250131,0.182832028681832,0.216340745455732
"hexazinone",13.6500780654601,0.198630855594151,0.181525603007212,0.214946545016008
"hexazinone",13.7447909267754,0.19727083383909,0.180326261562162,0.213566254475266
"hexazinone",13.8401609657313,0.195921348963661,0.179100208120022,0.212186074532034
"hexazinone",13.9361927422414,0.194579919813524,0.177890871038374,0.210800360025491
"hexazinone",14.0328908478587,0.193216719263848,0.176653692468422,0.209407961661071
"hexazinone",14.1302599059953,0.191866598125927,0.175394602800716,0.20799384343443
"hexazinone",14.2283045721435,0.190532406797037,0.174143520199315,0.206659775987878
"hexazinone",14.3270295340983,0.189192911412658,0.172949653993014,0.205321732652781
"hexazinone",14.4264395121816,0.187891042044671,0.171783752869838,0.203983402134132
"hexazinone",14.5265392594678,0.186581651776087,0.170616071979004,0.202660193007759
"hexazinone",14.6273335620113,0.185271244681638,0.169414127184078,0.201318315646781
"hexazinone",14.728827239075,0.18395300529942,0.168167718936295,0.199911173656377
"hexazinone",14.8310251433611,0.182663323926186,0.167068385000857,0.198554414289408
"hexazinone",14.9339321612425,0.18135959687994,0.165867444240292,0.197188402976383
"hexazinone",15.0375532129974,0.18008776340169,0.164712313460008,0.195883371023998
"hexazinone",15.1418932530435,0.178811810267533,0.163536419971526,0.194555669671916
"hexazinone",15.2469572701758,0.177540015203347,0.162358771578825,0.193249051851764
"hexazinone",15.3527502878042,0.17628180543257,0.161219384492025,0.191973661428117
"hexazinone",15.4592773641948,0.175012380709808,0.160044561600576,0.190734074543432
"hexazinone",15.5665435927106,0.173749839895127,0.158822573517384,0.189453083691831
"hexazinone",15.674554102056,0.172483040784373,0.157664004203525,0.18815813693679
"hexazinone",15.7833140565212,0.171225670094951,0.156567362825487,0.186865961792122
"hexazinone",15.8928286562298,0.169988590297616,0.155439146566052,0.185580540900545
"hexazinone",16.003103137387,0.168757788283707,0.154293451035089,0.184300579224302
"hexazinone",16.1141427725302,0.167527548269375,0.153212506672772,0.183034426822364
"hexazinone",16.2259528707809,0.166307862310443,0.152141680963983,0.18175712683091
"hexazinone",16.3385387780986,0.165101355174922,0.151039696096194,0.180493681021019
"hexazinone",16.4519058775366,0.16390921059687,0.14992355009798,0.179238475687944
"hexazinone",16.5660595894991,0.162701941903292,0.148818522542219,0.177986702102997
"hexazinone",16.6810053720006,0.161511770138533,0.147723799695706,0.176780102644752
"hexazinone",16.7967487209265,0.160336858792749,0.14664061834136,0.175594830011114
"hexazinone",16.9132951702965,0.159152722008821,0.145581888433542,0.174365426563684
"hexazinone",17.0306502925284,0.157962658392457,0.144438521460016,0.173137876197362
"hexazinone",17.1488196987054,0.156797854663353,0.143324508454639,0.17185957683274
"hexazinone",17.2678090388436,0.155646438702228,0.142237595423299,0.170592435374156
"hexazinone",17.3876240021625,0.154488444070974,0.14115301484802,0.169435621171987
"hexazinone",17.5082703173572,0.153353533645066,0.140090227038826,0.168230374341321
"hexazinone",17.6297537528721,0.152223956575908,0.139009065780817,0.167097856615338
"hexazinone",17.7520801171764,0.151104582690159,0.137949811725282,0.16593406380823
"hexazinone",17.8752552590424,0.149980567824857,0.136881702533181,0.164757183274494
"hexazinone",17.9992850678248,0.148855614279631,0.135871867662693,0.163579909007234
"hexazinone",18.1241754737424,0.147748108021444,0.134858155586586,0.162408374752181
"hexazinone",18.2499324481615,0.146642261174437,0.13383352602868,0.16124569148847
"hexazinone",18.3765620038817,0.145532787296998,0.132831101727057,0.160082566796208
"hexazinone",18.504070195423,0.144431785461433,0.13179689672226,0.158943412883047
"hexazinone",18.6324631193156,0.143341793907772,0.1307800415886,0.157817969835513
"hexazinone",18.7617469143912,0.142271229736853,0.129786598529211,0.156637142167529
"hexazinone",18.8919277620767,0.141196717890321,0.128778778692562,0.15552963795364
"hexazinone",19.0230118866895,0.140130492453685,0.127751255042027,0.154430560906013
"hexazinone",19.1550055557353,0.139068081486186,0.126719755517534,0.153347056853271
"hexazinone",19.2879150802078,0.138015624655718,0.125739714439343,0.152219454756653
"hexazinone",19.4217468148903,0.13695938745106,0.124766388013093,0.15109141394077
"hexazinone",19.5565071586595,0.135915560163045,0.123799760266499,0.149990061116047
"hexazinone",19.6922025547917,0.134862099828543,0.122805456350474,0.148907906684451
"hexazinone",19.8288394912707,0.133822231741234,0.121819330450334,0.147872149706942
"hexazinone",19.966424501098,0.132800907862304,0.120830057482147,0.14680050454961
"hexazinone",20.104964162605,0.131784355879191,0.119859238088956,0.145733378901005
"hexazinone",20.244465099768,0.130772881661273,0.118856682322252,0.144653314730875
"hexazinone",20.3849339825246,0.129773408323261,0.117868961341722,0.143565319502862
"hexazinone",20.5263775270925,0.128770273093183,0.116912201910695,0.142492001492402
"hexazinone",20.6688024962908,0.127775718008243,0.115934671419458,0.141446132954155
"hexazinone",20.8122156998634,0.12678503436724,0.11503656388361,0.140422779802301
"hexazinone",20.9566239948043,0.125797502497823,0.114101332442849,0.139371338650256
"hexazinone",21.102034285686,0.124819308255198,0.113143610587078,0.138404095858089
"hexazinone",21.2484535249888,0.123850980379007,0.112163852888196,0.137395981456771
"hexazinone",21.3958887134342,0.122885871495794,0.11123094526938,0.136363722293024
"hexazinone",21.5443469003189,0.121939128124436,0.11027452955869,0.135356316088116
"hexazinone",21.6938351838519,0.120980627505056,0.109356597574747,0.134370345039756
"hexazinone",21.8443607114943,0.1200277049191,0.108480403406711,0.13335483049663
"hexazinone",21.9959306803008,0.119108922105205,0.107603390269175,0.132364181789005
"hexazinone",22.1485523372636,0.118180747460404,0.106685845420331,0.131396754722626
"hexazinone",22.3022329796594,0.117248279396424,0.105786296101616,0.130441697262007
"hexazinone",22.4569799553977,0.116323265583586,0.10491258968396,0.129448041934891
"hexazinone",22.6128006633728,0.115390482119444,0.104073097875722,0.128591491324717
"hexazinone",22.7697025538168,0.114473854517396,0.103206038587593,0.127665500189971
"hexazinone",22.9276931286565,0.113570269173996,0.102334197892677,0.126667370424454
"hexazinone",23.0867799418717,0.112673229410934,0.101461960602154,0.125779361481674
"hexazinone",23.2469705998565,0.111781001583779,0.100576143356113,0.124787464723155
"hexazinone",23.4082727617829,0.110892440793511,0.0997103634367102,0.123855631989697
"hexazinone",23.5706941399673,0.110011799620512,0.0988717934175196,0.12288861954073
"hexazinone",23.7342425002387,0.109135700227392,0.0980206667129891,0.12191217933425
"hexazinone",23.8989256623105,0.108259762700707,0.0971945703099093,0.121063466155442
"hexazinone",24.0647515001542,0.107384368412759,0.0963539629761569,0.120113138230806
"hexazinone",24.231727942376,0.106524630576953,0.0955274642168022,0.119277349463409
"hexazinone",24.3998629725955,0.105687627944,0.0947006687859242,0.118359193805372
"hexazinone",24.5691646298279,0.104844725433201,0.0938816071855073,0.117387499807098
"hexazinone",24.7396410088681,0.104004796192025,0.0930670971475436,0.116488042517491
"hexazinone",24.9113002606779,0.103170528514419,0.0922685061909054,0.115574679411549
"hexazinone",25.0841505927754,0.102338046541949,0.091468862090003,0.114653895564227
"hexazinone",25.2582002696278,0.101510569719733,0.0906785881963278,0.113787056536028
"hexazinone",25.4334576130465,0.100680383956373,0.0898901686885968,0.112885451000297
"hexazinone",25.6099310025846,0.0998598314943634,0.0891136205209871,0.11201970364794
"hexazinone",25.787628875938,0.0990498688913218,0.0883493794047085,0.11114235029869
"hexazinone",25.9665597293487,0.0982492722690321,0.0875676658322721,0.110377684575777
"hexazinone",26.1467321180109,0.0974507536344343,0.0868042627316457,0.109494592290255
"hexazinone",26.3281546564802,0.096654940242106,0.0860381230890941,0.10869921192901
"hexazinone",26.5108360190854,0.0958597642286202,0.085269153934696,0.107848251209033
"hexazinone",26.6947849403432,0.0950788464703852,0.0845164163820471,0.106991580646218
"hexazinone",26.8800102153761,0.0942975149446655,0.0837754930774204,0.106161879076384
"hexazinone",27.0665207003324,0.0935245440975502,0.0830405078545526,0.105337245600909
"hexazinone",27.2543253128103,0.0927568246077732,0.0823035054015332,0.104487133285779
"hexazinone",27.4434330322837,0.0920010131915131,0.0815893188496195,0.103689595390351
"hexazinone",27.6338529005317,0.0912297470901129,0.0808867000078789,0.102909068848777
"hexazinone",27.8255940220713,0.0904855299642187,0.0801630649368604,0.102115375474136
"hexazinone",28.018665564592,0.0897352868127184,0.0794603606243766,0.101326816381313
"hexazinone",28.2130767593947,0.0889995204909222,0.0787575363371573,0.100580983396255
"hexazinone",28.408836901833,0.0882593701195473,0.0780773832846826,0.0998031335229777
"hexazinone",28.6059553517574,0.0875335429989047,0.0773836916116963,0.0990084830537524
"hexazinone",28.804441533963,0.0868207755224143,0.0766953681380586,0.0982140829988856
"hexazinone",29.0043049386399,0.0861003488407016,0.0760159491411884,0.0974189922221892
"hexazinone",29.2055551218275,0.0853977430117981,0.075343801942209,0.096641645722142
"hexazinone",29.4082017058706,0.0846890803611169,0.0746893443110426,0.0958994818243886
"hexazinone",29.6122543798804,0.0839911746857267,0.0740081912575409,0.0951770169314829
"hexazinone",29.8177229001967,0.0832888771955694,0.0733492537033936,0.0944474553761318
"hexazinone",30.0246170908555,0.0826050109600343,0.0727256410305228,0.0937585615107909
"hexazinone",30.2329468440578,0.0819238919922435,0.0720663356445979,0.0930432222503014
"hexazinone",30.442722120643,0.0812271245290826,0.0714509570166483,0.0923159902946916
"hexazinone",30.6539529505653,0.0805500659480816,0.070836887572239,0.0915925742806785
"hexazinone",30.8666494333728,0.0798724127702451,0.0702282430312271,0.0908651812305051
"hexazinone",31.0808217386907,0.0792054496984788,0.0696121858964709,0.0901740536146328
"hexazinone",31.2964801067075,0.0785623596938629,0.0689643698504082,0.0894282555797267
"hexazinone",31.5136348486648,0.0778927759595089,0.0683537200652015,0.0887480695511599
"hexazinone",31.7322963473498,0.0772455424105425,0.067737407903123,0.0880483178849904
"hexazinone",31.9524750575921,0.0765956426854882,0.0671496793578064,0.0873848795896014
"hexazinone",32.1741815067637,0.0759482904519637,0.0665396369107026,0.0867708727955025
"hexazinone",32.397426295282,0.0753008919961901,0.0659118667840998,0.086055016190093
"hexazinone",32.6222200971167,0.0746719542345692,0.0653241520735145,0.0854069658796446
"hexazinone",32.8485736603004,0.0740514604189841,0.064729933393621,0.0847330887813402
"hexazinone",33.0764978074424,0.0734249378538183,0.064149900270362,0.0840690849007339
"hexazinone",33.3060034362459,0.0728030850057538,0.0635584019286285,0.0834463233895728
"hexazinone",33.5371015200293,0.0721862792893546,0.0629704134593579,0.082815967555568
"hexazinone",33.7698031082509,0.0715785924795928,0.0624115441342085,0.0822096670971017
"hexazinone",34.0041193270371,0.0709766316858405,0.0618293847152939,0.0815687153520122
"hexazinone",34.2400613797142,0.0703810916145782,0.0612304215247945,0.0809729955301262
"hexazinone",34.4776405473446,0.0697721293132437,0.0606706701787754,0.0803583789152114
"hexazinone",34.7168681892656,0.0691743821513865,0.0601162249848822,0.0797593490511155
"hexazinone",34.9577557436328,0.0685755815770861,0.0596071510330444,0.079157652590943
"hexazinone",35.2003147279668,0.0679796309362306,0.0590416812173516,0.0785310597287287
"hexazinone",35.4445567397043,0.0674011259528991,0.0585162735600339,0.0779373213513008
"hexazinone",35.6904934567523,0.0668231672512897,0.057972292236378,0.077347168153972
"hexazinone",35.9381366380463,0.0662639625489432,0.0574384602160842,0.0767458137201419
"hexazinone",36.1874981241128,0.0657084027499029,0.0569223086819535,0.076169493726019
"hexazinone",36.4385898376355,0.065138608548742,0.0563890172758337,0.0755665487767661
"hexazinone",36.6914237840249,0.0645739559947877,0.0558637774043159,0.0750421206444062
"hexazinone",36.946012051993,0.0640172026435231,0.0553479571789797,0.0745269911252431
"hexazinone",37.2023668141307,0.0634776368256914,0.054835515306174,0.073974861250612
"hexazinone",37.4605003274899,0.0629252737096713,0.0543326008007268,0.073422217774051
"hexazinone",37.72042493417,0.0623862261037409,0.053838875397675,0.072883238956836
"hexazinone",37.9821530619074,0.0618427396801292,0.0533502656142126,0.0723221715707117
"hexazinone",38.24569722467,0.0613112167126626,0.0528504887494331,0.0718105775319086
"hexazinone",38.5110700232557,0.0607781078295684,0.0523525354914828,0.0712700770070699
"hexazinone",38.7782841458946,0.0602547677534072,0.0518611767139619,0.0707558210125338
"hexazinone",39.0473523688556,0.0597369849364002,0.0513652084397888,0.0702220182091114
"hexazinone",39.3182875570577,0.0592159889620481,0.0508850888442861,0.0697298580289005
"hexazinone",39.5911026646846,0.0586997106508337,0.050382469106912,0.0692031294835211
"hexazinone",39.8658107358044,0.0581956256688992,0.0498952573607341,0.0686799138180054
"hexazinone",40.1424249049932,0.0577047096580365,0.0494105550908066,0.0681878630842862
"hexazinone",40.4209583979631,0.057192888889318,0.048928355416128,0.0676980203426153
"hexazinone",40.7014245321944,0.0566988503206559,0.0484553735892495,0.0671798186031942
"hexazinone",40.9838367175726,0.0562095669789327,0.0479823323726958,0.0666622415986171
"hexazinone",41.2682084570296,0.0557227283166885,0.0475196204960195,0.0661890846762645
"hexazinone",41.5545533471888,0.0552437934878322,0.0470908972479422,0.0656959475335779
"hexazinone",41.8428850790158,0.0547638206695757,0.0466446304236021,0.0652357027958739
"hexazinone",42.1332174384729,0.0542838817182442,0.0461967579697116,0.0647834004716269
"hexazinone",42.4255643071778,0.0538216608566533,0.0457390733057213,0.0643296733189976
"hexazinone",42.7199396630678,0.0533462309562416,0.0452924150385139,0.0638643197271875
"hexazinone",43.016357581068,0.0528831154631408,0.044835175506536,0.0634061566159963
"hexazinone",43.314832233764,0.0524362418470319,0.0444111872624116,0.062947088122599
"hexazinone",43.6153778920801,0.0519914172782348,0.0439765573288848,0.0624846032515777
"hexazinone",43.9180089259609,0.0515301763081089,0.0435252738414166,0.0620495282337107
"hexazinone",44.222739805059,0.0510866186887645,0.0431142968051369,0.0615729692500748
"hexazinone",44.5295850994266,0.0506392664339361,0.0427059381266679,0.0611521924978046
"hexazinone",44.8385594802119,0.0501951855918808,0.0423031860013571,0.0607473199816159
"hexazinone",45.149677720361,0.0497684345075926,0.0418666862072937,0.0603210719650327
"hexazinone",45.462954695324,0.0493340796476128,0.041472582004877,0.0598583133557502
"hexazinone",45.7784053837662,0.0489111903309821,0.0410743185728834,0.0594348435944579
"hexazinone",46.0960448682844,0.0484875983852581,0.0406588332635634,0.0590157534600921
"hexazinone",46.4158883361278,0.0480647396194193,0.0402594622866852,0.0585914112453529
"hexazinone",46.7379510799247,0.047640725359198,0.0398425599802217,0.0581344081126193
"hexazinone",47.0622484984128,0.0472318804775776,0.0394571298659474,0.0577187978431605
"hexazinone",47.3887960971765,0.0468133848414514,0.0390777838551538,0.057307747567385
"hexazinone",47.7176094893875,0.0464071719600514,0.0386896179337336,0.0569064751324847
"hexazinone",48.0487043965513,0.0460078221860169,0.0383201791077939,0.0565032127997262
"hexazinone",48.3820966492596,0.0456079875649366,0.037914451505022,0.0560939108217008
"hexazinone",48.7178021879463,0.0452144488545203,0.0375394805365645,0.0556876326570063
"hexazinone",49.0558370636505,0.0448215379175467,0.0371395600178743,0.0553208754935367
"hexazinone",49.3962174387832,0.0444238654597841,0.0367659622935489,0.0549343945618686
"hexazinone",49.7389595879007,0.0440315070748816,0.0363823542793752,0.0545210146492501
"hexazinone",50.0840798984821,0.0436479809415937,0.0360211189339031,0.0541291551302426
"hexazinone",50.4315948717136,0.0432690146466721,0.0356724591865559,0.0537559972704681
"hexazinone",50.7815211232767,0.0428898640574436,0.035307337323329,0.0533300011011785
"hexazinone",51.1338753841433,0.0425223790070219,0.0349580005930289,0.0529472121986004
"hexazinone",51.488674501375,0.042147756766866,0.034610261617826,0.0525719577471017
"hexazinone",51.8459354389291,0.0417823552707447,0.0342357374465679,0.0521949307474035
"hexazinone",52.2056752784698,0.0414232282196454,0.0338636747000608,0.05186697091724
"hexazinone",52.5679112201842,0.0410623254258396,0.033538325708528,0.0514735692605409
"hexazinone",52.9326605836056,0.0407066351503173,0.0331626576031229,0.0511176000852356
"hexazinone",53.2999408084409,0.0403525815007637,0.0328293091223649,0.0507639865096148
"hexazinone",53.6697694554048,0.0399872960065577,0.0325084275583968,0.0504137111926326
"hexazinone",54.0421642070592,0.03963874808059,0.0321968643661684,0.050091144244613
"hexazinone",54.4171428686589,0.039288925173985,0.0318881392787801,0.049761989146564
"hexazinone",54.7947233690029,0.0389457743825492,0.0315261557830151,0.0494082160772543
"hexazinone",55.1749237612913,0.0386035619104097,0.0312054321534071,0.0490568537721823
"hexazinone",55.5577622239888,0.0382571056029345,0.0308857861229267,0.0487078873220526
"hexazinone",55.9432570616938,0.037930988501601,0.0305430252804333,0.0483789226376052
"hexazinone",56.3314267060136,0.0375922578261829,0.0302442351214181,0.0480429711759773
"hexazinone",56.7222897164455,0.0372605273307992,0.0299205855081006,0.0476851632127381
"hexazinone",57.1158647812643,0.0369421111566633,0.0296079146965833,0.0473672817677614
"hexazinone",57.5121707184162,0.0366146468733174,0.0293105163871608,0.0470328701503944
"hexazinone",57.9112264764176,0.0362938879955968,0.029015420177152,0.046700728355104
"hexazinone",58.3130511352623,0.0359781247443114,0.0287234141514407,0.0463708422903772
"hexazinone",58.7176639073326,0.0356665652412381,0.0284361338510248,0.0460433874046638
"hexazinone",59.1250841383188,0.0353454633863667,0.0281500168804166,0.0457177813275862
"hexazinone",59.5353313081437,0.0350438273967312,0.0278671489370214,0.0453945785874184
"hexazinone",59.9484250318942,0.0347382188113136,0.0275860098295277,0.0450706913864165
"hexazinone",60.3643850607587,0.0344264379896084,0.0273080721867329,0.0447465618493624
"hexazinone",60.7832312829724,0.0341188927749515,0.0270312853945267,0.0444246752414071
"hexazinone",61.204983724767,0.033816179054278,0.0267513403244763,0.0441090533683664
"hexazinone",61.6296625513295,0.0335104044908969,0.0264809164378219,0.0438010653455546
"hexazinone",62.057288067765,0.0332179559160481,0.026209986335633,0.0435010842177973
"hexazinone",62.487880720069,0.0329222419991784,0.0259539518198134,0.0432047096309165
"hexazinone",62.9214610961035,0.0326327541947697,0.0256915426985386,0.0429482604889185
"hexazinone",63.3580499265826,0.0323457716248279,0.0254036952902114,0.042656072988202
"hexazinone",63.7976680860628,0.0320653930480087,0.0251415862053848,0.0423519947925509
"hexazinone",64.240336593942,0.0317854127961146,0.0248909552469016,0.0420859327924052
"hexazinone",64.6860766154633,0.031512208404691,0.0246427276887704,0.0417970140328683
"hexazinone",65.1349094627281,0.031235775557672,0.0243968823719316,0.0415141702220405
"hexazinone",65.5868565957143,0.0309540815641845,0.024169852410327,0.0412229732842185
"hexazinone",66.0419396233031,0.0306775589143519,0.0239248232051996,0.0409282195486247
"hexazinone",66.5001803043112,0.030408375148619,0.0236821885609393,0.0406544326686135
"hexazinone",66.9616005485323,0.0301430948833576,0.0234419268836381,0.04038609054683
"hexazinone",67.4262224177834,0.0298746887202505,0.0232001108916868,0.0401097861682968
"hexazinone",67.8940681269612,0.0296097322131915,0.0229595109848174,0.0398260638946485
"hexazinone",68.3651600451024,0.0293461965403659,0.0227194186918334,0.039544282682452
"hexazinone",68.839520696455,0.0290873351013421,0.0224906808580009,0.0392644302013222
"hexazinone",69.3171727615541,0.0288308729765966,0.0222754682638602,0.0390235908587465
"hexazinone",69.7981390783066,0.0285737077214971,0.0220492688033334,0.038776689322438
"hexazinone",70.2824426430835,0.028318315249307,0.021831209418581,0.0385414802115993
"hexazinone",70.7701066118189,0.0280709756853545,0.0216142482858464,0.0382876409397055
"hexazinone",71.2611543011175,0.0278226407480601,0.021396670803307,0.0380152290506111
"hexazinone",71.7556091893692,0.027574410845568,0.0211792503987068,0.0377670317387418
"hexazinone",72.2534949178722,0.0273313358614191,0.0209687415469427,0.0374990165564689
"hexazinone",72.7548352919623,0.0270870132544442,0.0207627339981544,0.037260064354832
"hexazinone",73.2596542821523,0.0268490923135741,0.0205523532478971,0.0370157714196226
"hexazinone",73.7679760252773,0.0266120436457522,0.0203440365527911,0.0367769671971946
"hexazinone",74.2798248256492,0.026373332504695,0.0201377650274284,0.0365444846990043
"hexazinone",74.7952251562182,0.0261399493272563,0.0199275661864024,0.0363139989750256
"hexazinone",75.3142016597438,0.0259075714175169,0.0197193197658886,0.0360751144514591
"hexazinone",75.8367791499719,0.0256851115273187,0.0195152183352141,0.035845836912672
"hexazinone",76.3629826128225,0.0254653297359747,0.0193091362031407,0.0356036367600344
"hexazinone",76.8928372075831,0.0252325013087773,0.0191031474043721,0.0353650192238868
"hexazinone",77.4263682681128,0.0250075492943019,0.0189080059144613,0.0351447627112168
"hexazinone",77.9636013040523,0.0247808004539648,0.0187148015029753,0.0349203918432983
"hexazinone",78.5045620020451,0.0245614382938302,0.0185235160870473,0.0347024900633842
"hexazinone",79.0492762269642,0.0243376270237997,0.0183341317292812,0.0344935629263991
"hexazinone",79.5977700231499,0.0241240812335077,0.0181466306370668,0.0342791726195127
"hexazinone",80.150069615654,0.0239064439079181,0.0179609951618877,0.0340492704835147
"hexazinone",80.7062014114951,0.0236937979676478,0.0177772077986212,0.0338362354651011
"hexazinone",81.2661920009194,0.0234834723730089,0.0175952511848315,0.0336114945787893
"hexazinone",81.830068158674,0.0232761724663587,0.0174047844320243,0.0333792379425343
"hexazinone",82.3978568452852,0.0230671335300741,0.0172308889979817,0.0331898636234803
"hexazinone",82.9695852083491,0.0228571947068359,0.0170586857141631,0.0329869306038666
"hexazinone",83.5452805838287,0.0226501214086163,0.0168853899295748,0.0327743546919206
"hexazinone",84.1249704973613,0.0224509889963897,0.0167128852232893,0.0325681558470998
"hexazinone",84.7086826655741,0.0222478794292777,0.0165453402791211,0.0323493822759265
"hexazinone",85.2964449974103,0.0220518807325612,0.0163783196252271,0.0321862877179829
"hexazinone",85.8882855954625,0.0218628634087472,0.0162103729766428,0.0319882120226292
"hexazinone",86.4842327573173,0.0216712218515402,0.0160441050400878,0.031789860208086
"hexazinone",87.0843149769073,0.0214722827035598,0.0158794999230272,0.0315795436024325
"hexazinone",87.6885609458744,0.0212803344803173,0.0157161672619607,0.0313868711442008
"hexazinone",88.2969995549409,0.0210973631508381,0.0155548555089564,0.0312311949956826
"hexazinone",88.9096598952917,0.0209106446035702,0.0153942825471849,0.0310213165203346
"hexazinone",89.526571259964,0.0207258003778494,0.015239186258524,0.0308729414819061
"hexazinone",90.1477631452493,0.0205396876661707,0.0150856167440076,0.0306676048841239
"hexazinone",90.7732652521023,0.0203608752719061,0.0149335596923532,0.0304847105397626
"hexazinone",91.4031074875624,0.0201766110974705,0.0147830009120013,0.0303032430707811
"hexazinone",92.0373199661823,0.0199939901103762,0.0146333918562686,0.0301312973489002
"hexazinone",92.6759330114689,0.0198131285371235,0.0144830727092722,0.0299492728295148
"hexazinone",93.3189771573324,0.019635263939923,0.0143344298437292,0.0297630081211005
"hexazinone",93.9664831495471,0.0194561531575418,0.0141871972318667,0.0295929514601723
"hexazinone",94.61848194722,0.0192867789303833,0.0140414443987747,0.0294367583886928
"hexazinone",95.275004724273,0.0191092155514074,0.0138971571360307,0.0292527140270248
"hexazinone",95.9360828709315,0.0189353503094276,0.0137543213580419,0.029068864827908
"hexazinone",96.6017479952266,0.0187672686447406,0.0136129231012656,0.0288876562257808
"hexazinone",97.2720319245054,0.0186023139570107,0.013472948523429,0.0287270783031587
"hexazinone",97.9469667069541,0.0184409734098909,0.0133343839027472,0.0285679777448552
"hexazinone",98.6265846131283,0.0182734013455244,0.0131983312464293,0.0284291269580205
"hexazinone",99.3109181374979,0.0181076114672966,0.0130667544236194,0.0282549657874823
"hexazinone",100,0.0179473452952522,0.0129364633146961,0.0281117215007017
"irgarol",0.1,0.669598707305694,0.643567542661997,0.695113490194843
"irgarol",0.100572582218016,0.669083587323218,0.643286652637311,0.694397012606515
"irgarol",0.101148442939996,0.668615598858109,0.642928463746358,0.693832863125065
"irgarol",0.101727600938071,0.668153431636425,0.642595489824031,0.69313412363077
"irgarol",0.102310075091857,0.667684030284874,0.642314093805239,0.692514126484349
"irgarol",0.102895884389072,0.667208330999987,0.642020865946666,0.691884290670215
"irgarol",0.103485047926155,0.666758885534754,0.641702218151454,0.691151771106755
"irgarol",0.104077584908886,0.666275006452657,0.641379532331216,0.690586385296446
"irgarol",0.104673514653015,0.665811363063199,0.641005694435607,0.690023602966191
"irgarol",0.10527285658489,0.665304785693643,0.640563411888586,0.689352392988577
"irgarol",0.105875630242093,0.664806603714786,0.6401529234406,0.68880886781438
"irgarol",0.106481855274072,0.664297175100595,0.639910131320867,0.688138463785606
"irgarol",0.107091551442785,0.663771101824147,0.639513703866265,0.687625477095263
"irgarol",0.107704738623345,0.663244768462899,0.639132365608187,0.687123303974692
"irgarol",0.108321436804663,0.662739997111527,0.638841643767017,0.686599272837188
"irgarol",0.108941666090106,0.662201158170656,0.638416307681309,0.685879517896651
"irgarol",0.109565446698149,0.661648806251227,0.637850227877235,0.68540599364085
"irgarol",0.110192798963032,0.66111763400632,0.637479420381538,0.684900457687561
"irgarol",0.110823743335429,0.660592436454904,0.637034459906982,0.684316530603189
"irgarol",0.111458300383108,0.660056254187192,0.636640330375,0.683783695713033
"irgarol",0.112096490791605,0.659500495272108,0.636185151508286,0.683231521629635
"irgarol",0.112738335364898,0.658964408265579,0.635818254830798,0.682676894560639
"irgarol",0.113383855026085,0.658419382843059,0.635286313880516,0.682081250975295
"irgarol",0.114033070818065,0.657897558244658,0.634833535727412,0.681493380312399
"irgarol",0.114686003904227,0.657320529737456,0.634364153006651,0.680889655188527
"irgarol",0.115342675569136,0.656764212295864,0.633989143463271,0.680347824266097
"irgarol",0.11600310721923,0.65622296496712,0.633507003802479,0.679802356700521
"irgarol",0.116667320383513,0.655637686629713,0.633078801885934,0.679222211856269
"irgarol",0.117335336714265,0.655076541479217,0.632564090532809,0.678685462798546
"irgarol",0.118007177987741,0.654500456030745,0.63203398247106,0.678160352199901
"irgarol",0.118682866104881,0.653905614230167,0.631529796983005,0.677578547391181
"irgarol",0.11936242309203,0.653346451206897,0.630981425901479,0.67703179180843
"irgarol",0.120045871101648,0.652753825086841,0.630414311645621,0.676467900376838
"irgarol",0.120733232413039,0.652161709936458,0.62982831065742,0.675983776821823
"irgarol",0.121424529433072,0.651611230402953,0.629202355064335,0.675489891813926
"irgarol",0.122119784696916,0.651062282822039,0.62857138758754,0.674982407952514
"irgarol",0.122819020868771,0.650496349128191,0.627944067189913,0.674278396399668
"irgarol",0.123522260742607,0.649902538671674,0.62742293009837,0.673750091822972
"irgarol",0.124229527242911,0.649289368562474,0.626848183805603,0.673211881901422
"irgarol",0.124940843425429,0.648667405639686,0.626242215238302,0.672622321652933
"irgarol",0.125656232477923,0.648070834848458,0.625735392879014,0.672042994449201
"irgarol",0.126375717720921,0.647455852009548,0.625156730711903,0.671561628288985
"irgarol",0.127099322608481,0.64681585985632,0.624489110425654,0.670966085045557
"irgarol",0.127827070728956,0.646215532949749,0.623817633350316,0.670428415500894
"irgarol",0.128558985805762,0.64560035819568,0.623191220864118,0.669875597596938
"irgarol",0.129295091698147,0.644965846671905,0.622525261641627,0.669183430685228
"irgarol",0.130035412401979,0.644316181324093,0.621827722368992,0.668641003794965
"irgarol",0.130779972050517,0.643684481631347,0.621127898206019,0.668036837426849
"irgarol",0.131528794915205,0.64299890116523,0.620408597147028,0.667460434507202
"irgarol",0.13228190540646,0.642339161836031,0.619745453262021,0.666944806046431
"irgarol",0.133039328074471,0.641697303812484,0.619104311556176,0.666382383295593
"irgarol",0.133801087609993,0.641079757649785,0.618398163813242,0.665862107307717
"irgarol",0.134567208845161,0.640433609192467,0.617678831939561,0.665223366097698
"irgarol",0.135337716754289,0.639762299374895,0.616943675778124,0.66460608087856
"irgarol",0.136112636454693,0.639138378149146,0.616239600003956,0.664094991049304
"irgarol",0.136891993207506,0.638483290244856,0.615484816265536,0.663613377554449
"irgarol",0.1376758124185,0.637787300547417,0.614722271740119,0.662962989701089
"irgarol",0.138464119638918,0.637083289054065,0.613898527750975,0.662444805793492
"irgarol",0.139256940566303,0.636398907265714,0.613196801090614,0.661872060290708
"irgarol",0.140054301045339,0.635768905092839,0.612433992377865,0.661277762440637
"irgarol",0.140856227068692,0.635084077725189,0.611753144481356,0.660646458682337
"irgarol",0.141662744777856,0.634374992470909,0.611074088037359,0.660046363021989
"irgarol",0.142473880464008,0.63366678974774,0.61029624146312,0.65954766211349
"irgarol",0.143289660568862,0.632951793078063,0.609466372259263,0.658916433676494
"irgarol",0.144110111685536,0.632250786001882,0.608672226646476,0.65838593285199
"irgarol",0.14493526055941,0.631567023860658,0.607881941117266,0.657658486264889
"irgarol",0.145765134089009,0.630873654399938,0.607006419911104,0.656995474181718
"irgarol",0.14659975932687,0.630161288251181,0.606136975252489,0.656391870011063
"irgarol",0.147439163480431,0.629457949635504,0.605216119893563,0.655798413116526
"irgarol",0.148283373912912,0.628742163298335,0.604296702724612,0.655131970265057
"irgarol",0.149132418144212,0.628082603798782,0.603471489312908,0.654520351158228
"irgarol",0.149986323851803,0.62736602960101,0.602633929100602,0.653923399771797
"irgarol",0.150845118871635,0.626620114224125,0.60173258827723,0.653258078710234
"irgarol",0.151708831199039,0.625905247576099,0.600844518183015,0.652577283011751
"irgarol",0.152577488989645,0.625164904190804,0.599928785202237,0.651905913113331
"irgarol",0.153451120560296,0.624421498419667,0.59900699629059,0.65121568939323
"irgarol",0.154329754389971,0.623689683352692,0.598106964676848,0.650552072189908
"irgarol",0.155213419120716,0.622886524091005,0.597195110014113,0.649907197246795
"irgarol",0.156102143558576,0.622128210337551,0.596331804718386,0.649162098961991
"irgarol",0.156995956674535,0.621381535576026,0.595401846618016,0.648404382019179
"irgarol",0.157894887605458,0.620627282133029,0.594444627171247,0.64766429612323
"irgarol",0.158798965655044,0.619863848486576,0.593539972288635,0.64697066390564
"irgarol",0.159708220294778,0.619096821222285,0.592590707933807,0.646199898872129
"irgarol",0.160622681164896,0.618320235624167,0.591597966540753,0.645523003498792
"irgarol",0.161542378075348,0.617544546054235,0.590713407367803,0.644800717840892
"irgarol",0.162467341006768,0.616781758128907,0.589786040970094,0.644038174102223
"irgarol",0.163397600111456,0.615965889476133,0.588812345945258,0.64325017339939
"irgarol",0.16433318571436,0.615178493855725,0.587903048128328,0.642493368309569
"irgarol",0.16527412831406,0.614388177502999,0.586887858289917,0.641828689543026
"irgarol",0.166220458583768,0.613560473668363,0.58593449158486,0.641116098484795
"irgarol",0.167172207372323,0.612751880500803,0.585011961321534,0.640427962735984
"irgarol",0.168129405705203,0.611906005142495,0.583996364049433,0.6397329783255
"irgarol",0.169092084785527,0.611131228452138,0.583014736104145,0.638973036224785
"irgarol",0.170060275995082,0.61030394390779,0.58203102872944,0.638191723915848
"irgarol",0.171034010895339,0.609494782079433,0.581015298428141,0.637368269375218
"irgarol",0.172013321228486,0.608673990093363,0.580038825611295,0.636558388791397
"irgarol",0.17299823891846,0.607848861083954,0.579098681511562,0.635851903318531
"irgarol",0.173988796071988,0.60696951688991,0.57803705115263,0.635052920692106
"irgarol",0.174985024979637,0.606123205934352,0.577037567200043,0.634145797554966
"irgarol",0.175986958116862,0.605269050657886,0.576072630641081,0.633342886259144
"irgarol",0.176994628145067,0.604435756025656,0.575090948881064,0.632548964925691
"irgarol",0.178008067912669,0.603588117610839,0.574144876878601,0.631666214369782
"irgarol",0.179027310456172,0.602695937856003,0.573086310716951,0.630841996830594
"irgarol",0.180052389001236,0.601814366336221,0.572026618338186,0.629980628506032
"irgarol",0.181083336963771,0.600906579216204,0.570996521121929,0.629058316430761
"irgarol",0.182120187951016,0.60000263876028,0.569999084099145,0.628122490638951
"irgarol",0.183162975762641,0.599108732460296,0.568976381533542,0.627193646632769
"irgarol",0.184211734391848,0.598206122109222,0.567963439813094,0.626255945741749
"irgarol",0.185266498026475,0.597292013331059,0.566933958690337,0.625315990549705
"irgarol",0.186327301050116,0.59637145852403,0.56587431037795,0.624488027913066
"irgarol",0.187394178043239,0.595433975548816,0.564827232792726,0.623749529074503
"irgarol",0.188467163784312,0.59449807447616,0.563860520762706,0.622788745344423
"irgarol",0.189546293250941,0.593585472262009,0.56278455037395,0.621861176600472
"irgarol",0.190631601621004,0.592671929925716,0.561767808459839,0.620976591080641
"irgarol",0.191723124273806,0.591748352929237,0.560720139295846,0.619901178431376
"irgarol",0.192820896791223,0.590808265172026,0.559650908363784,0.619062785694408
"irgarol",0.193924954958869,0.589837237737358,0.558581051708337,0.618069106001846
"irgarol",0.19503533476726,0.58889446056051,0.557554489955942,0.617143260511701
"irgarol",0.196152072412986,0.587899866302633,0.556522413346569,0.616204053161094
"irgarol",0.197275204299893,0.586974716665619,0.555432679741878,0.615255186845224
"irgarol",0.198404767040269,0.586004913582698,0.55434709375733,0.614309627094493
"irgarol",0.199540797456038,0.585009652344669,0.553321766626747,0.613353710184132
"irgarol",0.20068333257996,0.584027996656761,0.552189156512782,0.612387560075909
"irgarol",0.201832409656835,0.583060169499254,0.551115210531845,0.611335397295784
"irgarol",0.202988066144724,0.582038753860601,0.550039888745512,0.610401647468287
"irgarol",0.204150339716164,0.581051046949832,0.548982611547141,0.609387608869231
"irgarol",0.205319268259398,0.580021003566237,0.547974516555178,0.608376378955947
"irgarol",0.206494889879613,0.578995827481654,0.546945246088075,0.607432498466779
"irgarol",0.207677242900176,0.577973575747647,0.545855176704207,0.6063323518456
"irgarol",0.208866365863889,0.576920462838198,0.544760420874633,0.605278480677075
"irgarol",0.210062297534242,0.575893803807831,0.543636736393197,0.604254521172942
"irgarol",0.21126507689668,0.574847931728659,0.542514380847788,0.603304762740617
"irgarol",0.212474743159868,0.573815759795257,0.54140744782654,0.602227105104895
"irgarol",0.213691335756978,0.572761584065469,0.540254068423936,0.601025097013796
"irgarol",0.214914894346963,0.571697082149595,0.539124414522949,0.599938448002082
"irgarol",0.216145458815863,0.570610462013557,0.537967766983595,0.598920595338162
"irgarol",0.217383069278092,0.569503561387016,0.536828439695167,0.597685207130477
"irgarol",0.218627766077756,0.568354019647339,0.535699077514822,0.596400634431119
"irgarol",0.219879589789964,0.567269708834568,0.534547785418923,0.595246671040793
"irgarol",0.221138581222148,0.566195973006848,0.533403772240948,0.594165231766417
"irgarol",0.2224047814154,0.565106581701312,0.53226983001745,0.593081775458227
"irgarol",0.223678231645802,0.564008762088335,0.531094758756507,0.591972110384748
"irgarol",0.22495897342578,0.56288311541316,0.52994022069068,0.590891240558763
"irgarol",0.226247048505448,0.56174702464713,0.528800056380086,0.589719289994183
"irgarol",0.227542498873976,0.560574720735304,0.527615450015585,0.588591568698194
"irgarol",0.228845366760959,0.559425452814774,0.526412271902543,0.587411873312781
"irgarol",0.230155694637786,0.558257629630606,0.525229583282685,0.586346064820197
"irgarol",0.231473525219034,0.557091570412192,0.524104247511307,0.585303405605979
"irgarol",0.232798901463854,0.555926193415095,0.522910395132163,0.584213960938825
"irgarol",0.234131866577373,0.554760766196901,0.521701243766016,0.583017985659057
"irgarol",0.235472464012105,0.55361947838007,0.52047980682242,0.581800177537721
"irgarol",0.236820737469363,0.552429416495657,0.519324934380446,0.580672392361537
"irgarol",0.238176730900687,0.551250850775188,0.518154138452817,0.579523655200597
"irgarol",0.239540488509277,0.550057863018868,0.516928535412162,0.578288187067175
"irgarol",0.240912054751431,0.54882504289228,0.515685382194339,0.577048930987077
"irgarol",0.242291474337995,0.547620586905125,0.514440402463426,0.575812094922193
"irgarol",0.243678792235824,0.546403999297617,0.51327419335573,0.574675326217883
"irgarol",0.245074053669243,0.545189375510825,0.51208463135902,0.573531397532499
"irgarol",0.246477304121525,0.54395806939526,0.510869808911744,0.572357426410009
"irgarol",0.24788858933637,0.542702118341711,0.509638986052585,0.571132782467471
"irgarol",0.249307955319402,0.541420033773308,0.508421972725337,0.569779967665764
"irgarol",0.250735448339661,0.540183480443089,0.507175283469256,0.568577667940277
"irgarol",0.252171114931117,0.538944042046035,0.505908396362705,0.567385792785645
"irgarol",0.253615001894186,0.537642449459577,0.50469284607882,0.566119704365914
"irgarol",0.255067156297254,0.536375752377655,0.503477120055519,0.564740583228679
"irgarol",0.256527625478212,0.535105373117725,0.50225144622468,0.56346981672269
"irgarol",0.257996457045999,0.533844534008474,0.501037794392121,0.562279707078544
"irgarol",0.259473698882157,0.532526774034289,0.499815863057743,0.560969468230656
"irgarol",0.260959399142385,0.53120867438481,0.498550280712032,0.559637236177995
"irgarol",0.262453606258117,0.529894967070241,0.497295866089375,0.558372181272337
"irgarol",0.263956368938093,0.528606782510097,0.49610899146555,0.557051437880986
"irgarol",0.265467736169954,0.527283622475678,0.494808697742119,0.555797237450035
"irgarol",0.266987757221834,0.525939140254426,0.493565652534757,0.554569031707888
"irgarol",0.268516481643966,0.52465862762672,0.492273806502534,0.553168783216443
"irgarol",0.270053959270303,0.523303668027932,0.490949929642327,0.551860554971083
"irgarol",0.271600240220133,0.521959333040558,0.489653934768973,0.550383408971142
"irgarol",0.273155374899723,0.520583928944113,0.488379193778334,0.549020615095007
"irgarol",0.274719414003955,0.519244438273,0.487059464454232,0.54777076575603
"irgarol",0.27629240851798,0.51788634155374,0.485863373838804,0.546476828327534
"irgarol",0.277874409718883,0.51650883517184,0.484588940441595,0.545125679764368
"irgarol",0.279465469177351,0.515118080630614,0.483319818687228,0.543817981781679
"irgarol",0.281065638759356,0.513738272158053,0.481975399773787,0.542451719673282
"irgarol",0.282674970627846,0.51236521074254,0.480663586309564,0.54110575277435
"irgarol",0.284293517244444,0.510981005205025,0.479333051589605,0.539816501901927
"irgarol",0.285921331371159,0.509593157960683,0.478050195230233,0.538536531792002
"irgarol",0.287558466072106,0.508222520753818,0.476689145338796,0.537181345878959
"irgarol",0.289204974715235,0.506804345935814,0.475428205113651,0.53571810343084
"irgarol",0.290860910974073,0.505365188633289,0.474055682891263,0.534269895072981
"irgarol",0.29252632882947,0.503962169161903,0.472767036915306,0.532882561981199
"irgarol",0.294201282571364,0.502541356875162,0.471479195850456,0.531492364860161
"irgarol",0.295885826800543,0.501115916070122,0.470241232570794,0.530106262202578
"irgarol",0.297580016430434,0.499682806259331,0.468888162318327,0.528592975980238
"irgarol",0.299283906688884,0.498208761754781,0.467545870004806,0.527136831848842
"irgarol",0.300997553119969,0.496762665784183,0.466236197056999,0.525690309105392
"irgarol",0.302721011585798,0.495354897120153,0.464907963012588,0.524208157923343
"irgarol",0.304454338268338,0.493902811769225,0.463543488694665,0.5227725508818
"irgarol",0.306197589671241,0.492424392766014,0.46218305341762,0.521358579604157
"irgarol",0.307950822621693,0.490957498659246,0.460837316642325,0.519900848678409
"irgarol",0.30971409427226,0.48946579567305,0.459490873235236,0.51849632099969
"irgarol",0.311487462102753,0.487972842632035,0.458085721638471,0.517006010659817
"irgarol",0.313270983922104,0.486494864144643,0.456715259879088,0.515463320101537
"irgarol",0.315064717870246,0.485024305869506,0.455412093998238,0.514035163817183
"irgarol",0.316868722420015,0.483534757034134,0.454065991956489,0.512618646797272
"irgarol",0.318683056379047,0.482050506636932,0.452729262299366,0.511185219371173
"irgarol",0.320507778891704,0.480574030932013,0.451406074790685,0.509696466957938
"irgarol",0.322342949440997,0.479083633059986,0.45002784418816,0.508223646334364
"irgarol",0.324188627850525,0.477615159906763,0.44870293502915,0.506747766390475
"irgarol",0.326044874286429,0.476107169616033,0.447316526806786,0.505270032677404
"irgarol",0.327911749259346,0.474585002713872,0.445938969815576,0.503741755285596
"irgarol",0.329789313626391,0.473064765020977,0.444595872457886,0.502232550353419
"irgarol",0.331677628593134,0.4715457529936,0.44323495276407,0.500625719589911
"irgarol",0.333576755715596,0.470068668212468,0.441825947060297,0.499108250726797
"irgarol",0.33548675690226,0.468541159196276,0.440407302377812,0.497490323340541
"irgarol",0.337407694416081,0.467009807138069,0.43902484526689,0.495909470575381
"irgarol",0.339339630876527,0.465507046612288,0.437637362351541,0.494366501182275
"irgarol",0.341282629261608,0.464000621015706,0.436164097428906,0.492916360998785
"irgarol",0.343236752909938,0.462500759964898,0.434741912121964,0.491388559588367
"irgarol",0.345202065522797,0.460989851809697,0.433249924677405,0.489770660108539
"irgarol",0.347178631166205,0.459398746420631,0.431755310960848,0.488193736238267
"irgarol",0.349166514273015,0.457843630870757,0.430228347820708,0.486635394798142
"irgarol",0.35116577964501,0.456279170967078,0.428737931729479,0.485103026578749
"irgarol",0.353176492455016,0.454696064421722,0.427347459113461,0.483519429688381
"irgarol",0.355198718249027,0.45314906732458,0.425787317388973,0.481958494652472
"irgarol",0.357232522948342,0.451586538851113,0.424374970160446,0.480322074383998
"irgarol",0.359277972851716,0.450007877927838,0.422932582578913,0.478714809630391
"irgarol",0.361335134637514,0.448447827771446,0.421410757083673,0.477149365042102
"irgarol",0.363404075365893,0.446885446593205,0.419964738636222,0.475595312442539
"irgarol",0.365484862480985,0.445322449153612,0.418445218029593,0.473964590782525
"irgarol",0.367577563813092,0.443790719879059,0.416900303323332,0.472392684965304
"irgarol",0.369682247580904,0.44222949130957,0.415387968465926,0.470806018000106
"irgarol",0.371798982393715,0.440639207754007,0.413893256415872,0.469138891910293
"irgarol",0.373927837253667,0.439051779379647,0.412475534347013,0.467509980189414
"irgarol",0.376068881557994,0.437427576333702,0.410914523475991,0.465887940550044
"irgarol",0.378222185101288,0.435857266201458,0.409490219924497,0.464222939193725
"irgarol",0.380387818077771,0.434267073364901,0.407886030609539,0.462610946248562
"irgarol",0.382565851083584,0.432672641934709,0.406363124130567,0.46098951639119
"irgarol",0.384756355119091,0.431072264224034,0.404780383935174,0.459306003909847
"irgarol",0.386959401591191,0.429478806163392,0.403208162903831,0.457688312597553
"irgarol",0.389175062315644,0.427887746053795,0.401763680223919,0.456051538770699
"irgarol",0.391403409519417,0.426305324472779,0.400079540406362,0.454353228657688
"irgarol",0.393644515843035,0.424730890306156,0.398550708576673,0.452680643773469
"irgarol",0.395898454342949,0.423102126005777,0.396994758261003,0.451066552429389
"irgarol",0.398165298493918,0.421483870336316,0.395438638876678,0.449338943802129
"irgarol",0.400445122191405,0.419869055626848,0.393867846395281,0.447683633590972
"irgarol",0.402737999753987,0.418244924082815,0.392331289519921,0.446014209861566
"irgarol",0.405044005925773,0.41659261918038,0.390653920113007,0.444230625090955
"irgarol",0.407363215878844,0.414971141593383,0.389024979372914,0.442545728733143
"irgarol",0.409695705215706,0.413358117974888,0.387333857544639,0.44077103987966
"irgarol",0.412041549971748,0.411703024763033,0.385752936546779,0.439102300631639
"irgarol",0.414400826617724,0.410113661941766,0.384167493997715,0.437361283335293
"irgarol",0.41677361206225,0.408501435958471,0.38252123121176,0.435603910209826
"irgarol",0.419159983654303,0.406888025204,0.380863320863651,0.433918346966054
"irgarol",0.421560019185747,0.405255183723102,0.37917394232469,0.432156217157813
"irgarol",0.423973796893871,0.403631311034658,0.377563323374079,0.430454958725639
"irgarol",0.426401395463934,0.402017733862441,0.376035056521581,0.428775140679237
"irgarol",0.428842894031733,0.400372048033051,0.37453881418999,0.427129092036717
"irgarol",0.431298372186185,0.398702920340927,0.372868333654228,0.425465648453553
"irgarol",0.433767909971917,0.397024615022478,0.371230929247835,0.423708488214707
"irgarol",0.436251587891877,0.395446694636851,0.369554862522428,0.421951328772023
"irgarol",0.43874948690996,0.393835473106471,0.367945346815634,0.420273674569997
"irgarol",0.441261688453644,0.392195179504478,0.36623993664404,0.418519969354484
"irgarol",0.443788274416648,0.390538006749027,0.364567959965902,0.416812184956892
"irgarol",0.446329327161599,0.388869672790419,0.362831718392746,0.415076807841601
"irgarol",0.448884929522718,0.387229424046577,0.36112112684713,0.413374547534093
"irgarol",0.45145516480852,0.385578886802654,0.359486448511545,0.411667004283365
"irgarol",0.45404011680453,0.383957871556899,0.357793303258094,0.409963037145312
"irgarol",0.456639869776013,0.382271708585232,0.356145306885228,0.408224399862577
"irgarol",0.459254508470723,0.380634299993792,0.354460804457978,0.406581024503036
"irgarol",0.461884118121665,0.37894376394413,0.352805895194997,0.404869706490281
"irgarol",0.464528784449871,0.377312955521367,0.351045114874247,0.403184762810324
"irgarol",0.467188593667198,0.375679054131016,0.349291791445842,0.401378204045631
"irgarol",0.469863632479136,0.374047233300638,0.347605025433234,0.399577030781847
"irgarol",0.472553988087637,0.372346802152714,0.345966975552829,0.397859179151182
"irgarol",0.475259748193954,0.370681986526884,0.344236753369305,0.396145247002725
"irgarol",0.477981001001502,0.369002316232466,0.342550156253714,0.394460440874979
"irgarol",0.480717835218732,0.367374356347924,0.340887979406021,0.392739322303303
"irgarol",0.483470340062028,0.36572874533776,0.339127019005853,0.390995660132516
"irgarol",0.486238605258606,0.364063304452945,0.337342228407238,0.389250836879683
"irgarol",0.489022721049447,0.362374542571327,0.335607437868563,0.387518924231539
"irgarol",0.491822778192235,0.360683256214072,0.333885617820364,0.385834482974456
"irgarol",0.494638867964318,0.359002269787377,0.332136976082023,0.384179059738108
"irgarol",0.497471082165679,0.357330048537403,0.330346254768619,0.382449218927865
"irgarol",0.500319513121932,0.355663869804067,0.328628794877807,0.380744963880292
"irgarol",0.503184253687334,0.353998508110631,0.326866287989547,0.379047127173867
"irgarol",0.506065397247806,0.352329476502675,0.325043500265479,0.377315242247659
"irgarol",0.50896303772398,0.350677125561963,0.323340263909409,0.375666742115504
"irgarol",0.511877269574263,0.348959442238007,0.321640699784429,0.373858196511915
"irgarol",0.514808187797913,0.347282854951334,0.319860605941364,0.37219923164657
"irgarol",0.517755887938136,0.345635966800936,0.31812441816477,0.370476900909524
"irgarol",0.520720466085202,0.343955190651346,0.31642351805722,0.368807700783917
"irgarol",0.523702018879577,0.342263724333504,0.314668094687268,0.367130216379018
"irgarol",0.526700643515074,0.340602285587921,0.312973712932784,0.365440841637713
"irgarol",0.529716437742019,0.338931545524871,0.311265770405233,0.36386166773071
"irgarol",0.532749499870439,0.337317440032814,0.309522033334221,0.362308027451681
"irgarol",0.535799928773268,0.335632746254344,0.307827755516481,0.36073032081495
"irgarol",0.538867823889567,0.333983361156824,0.306121940249679,0.359125414968629
"irgarol",0.54195328522777,0.332309988224113,0.304482737143943,0.357470515126404
"irgarol",0.545056413368939,0.330627711561936,0.302778996604663,0.355822916288832
"irgarol",0.548177309470047,0.328970760977099,0.301071983780371,0.354205727993392
"irgarol",0.551316075267273,0.327294323228489,0.299400250622148,0.352515175841605
"irgarol",0.554472813079319,0.325590884178676,0.297740494611115,0.35080272999807
"irgarol",0.557647625810746,0.323945371188993,0.296039226063703,0.349169912180737
"irgarol",0.560840616955328,0.322254859644493,0.29441220837423,0.347477994725533
"irgarol",0.564051890599427,0.320570676628843,0.292620418268022,0.345871692497406
"irgarol",0.567281551425384,0.318902925110579,0.290892218785546,0.344276521214448
"irgarol",0.570529704714932,0.31721757103588,0.289158454594673,0.34269312431139
"irgarol",0.573796456352631,0.315529519377816,0.28742464343707,0.341073842484894
"irgarol",0.577081912829314,0.313882579531622,0.28573762144303,0.339486706004192
"irgarol",0.580386181245563,0.312234124105018,0.283963091128978,0.337866085480384
"irgarol",0.583709369315199,0.310605584657263,0.282264287276948,0.336184297795225
"irgarol",0.587051585368792,0.308975981301314,0.280615507879024,0.334641028346247
"irgarol",0.590412938357197,0.307300829783183,0.278917773034239,0.333095530137961
"irgarol",0.593793537855098,0.305619156154633,0.277200402992279,0.33145352185835
"irgarol",0.597193494064586,0.303944551310909,0.275569506722867,0.329814393739112
"irgarol",0.60061291781875,0.302270053019544,0.273951687018617,0.328141212265931
"irgarol",0.604051920585288,0.30061624020222,0.272320612487589,0.326541377654457
"irgarol",0.607510614470146,0.298960022157646,0.270712237796455,0.32495189316107
"irgarol",0.610989112221163,0.297274025019023,0.26914062455247,0.323416676360671
"irgarol",0.614487527231757,0.295620669544076,0.267567868114128,0.321831179953968
"irgarol",0.618005973544614,0.29395968524824,0.265928005301057,0.320276427438049
"irgarol",0.621544565855409,0.292323703738419,0.264273739339021,0.318697467100302
"irgarol",0.625103419516544,0.290671862900731,0.262677577946659,0.317052047733893
"irgarol",0.628682650540907,0.289005655021055,0.261041326345058,0.315492453313987
"irgarol",0.632282375605658,0.287363064542092,0.259432134254788,0.313993629951303
"irgarol",0.635902712056027,0.285713695131613,0.257864658432604,0.31244923868413
"irgarol",0.639543777909143,0.284081641661318,0.256333066524635,0.310905669201658
"irgarol",0.64320569185788,0.282419461836151,0.254716710769813,0.309319128281314
"irgarol",0.646888573274727,0.280779561588118,0.25309557398925,0.307784584979254
"irgarol",0.650592542215677,0.279156582317252,0.251488201385546,0.306176571444423
"irgarol",0.654317719424145,0.27753375352248,0.249965896357804,0.304651264547779
"irgarol",0.658064226334897,0.275892497499625,0.248339460269969,0.303164841835849
"irgarol",0.661832185078017,0.274261248849151,0.246754404502099,0.301673422857236
"irgarol",0.665621718482882,0.272626985653312,0.245152750092519,0.300142086973231
"irgarol",0.66943295008217,0.270995327083481,0.24352886538537,0.298638121349909
"irgarol",0.673266004115882,0.269352953367957,0.24191251073945,0.297144155615749
"irgarol",0.677121005535398,0.267752085140959,0.240354742209262,0.295634649140301
"irgarol",0.680998080007547,0.266145045915664,0.238862150329391,0.294180864609781
"irgarol",0.684897353918703,0.264507622029915,0.237320622866081,0.292669047549514
"irgarol",0.688818954378905,0.262930682646984,0.235816260283537,0.291151652754196
"irgarol",0.692763009226005,0.261339266586438,0.234250378777147,0.289631753580849
"irgarol",0.696729647029827,0.259740994209597,0.232724248701745,0.288133446774868
"irgarol",0.700718997096368,0.258166909362727,0.231184401699633,0.286615243637867
"irgarol",0.704731189472004,0.256521416579153,0.229646956555965,0.28507469666904
"irgarol",0.708766354947735,0.254896404257842,0.228194760700642,0.283569168047756
"irgarol",0.712824625063448,0.253291540451902,0.226644833027495,0.282057820177726
"irgarol",0.716906132112202,0.251701199861532,0.225187193629217,0.280499131192684
"irgarol",0.721011009144545,0.250113554686581,0.223689866527022,0.279024717223494
"irgarol",0.725139389972847,0.248536362291448,0.222192601078516,0.277576082986932
"irgarol",0.729291409175663,0.24696401291749,0.220720375774799,0.276139985451762
"irgarol",0.733467202102123,0.245371246293065,0.219251392859368,0.27464048697006
"irgarol",0.737666904876341,0.243826704983234,0.217790727778865,0.273153869600483
"irgarol",0.741890654401854,0.24225547057489,0.216336858737397,0.271630544025595
"irgarol",0.746138588366084,0.240692381317398,0.214871595953751,0.270042223723204
"irgarol",0.750410845244826,0.239163831293605,0.213401092138514,0.268528508530147
"irgarol",0.754707564306764,0.237642227642596,0.211939371130338,0.267070094957733
"irgarol",0.759028885618008,0.236117429223827,0.21057499545811,0.265493888107418
"irgarol",0.763374950046664,0.234614978333004,0.209110870843815,0.26404976639939
"irgarol",0.767745899267422,0.233056210770444,0.207703827112034,0.26263265018472
"irgarol",0.772141875766176,0.231523948279754,0.206263031137887,0.261206614929272
"irgarol",0.776563022844671,0.230004627683466,0.204877385431323,0.259660724372599
"irgarol",0.781009484625169,0.228462971685048,0.203508314335124,0.258213980953839
"irgarol",0.785481406055153,0.22694946587716,0.202110786301738,0.256735444106126
"irgarol",0.78997893291205,0.22541971652661,0.200687327289073,0.25530249889779
"irgarol",0.794502211807979,0.223913544973392,0.199307203904924,0.253880385047993
"irgarol",0.799051390194537,0.222411224642578,0.197928156304673,0.252460261352439
"irgarol",0.803626616367603,0.220915334254975,0.19655446437875,0.250997372341721
"irgarol",0.80822803947217,0.219445216706111,0.195149005376303,0.249501728069122
"irgarol",0.812855809507209,0.217970894620427,0.193820899666862,0.248036477911914
"irgarol",0.81751007733056,0.216461199630265,0.192448398641735,0.246594989349955
"irgarol",0.822190994663846,0.214971288999951,0.191086832139985,0.245152160421823
"irgarol",0.826898714097422,0.213492510496139,0.189769176301653,0.243713069825576
"irgarol",0.83163338909535,0.212039539184326,0.188407535290949,0.242266934635118
"irgarol",0.836395174000396,0.210579890671876,0.187050213246287,0.240831601636867
"irgarol",0.841184224039068,0.209145050976168,0.185734190828624,0.239403815868018
"irgarol",0.846000695326674,0.207710573505904,0.184480462188407,0.237979001475138
"irgarol",0.850844744872409,0.206274284376305,0.183195463481665,0.236542346631332
"irgarol",0.855716530584474,0.204823613443716,0.181909493320961,0.23510365556981
"irgarol",0.860616211275227,0.203399692271478,0.180577025495187,0.233664832244959
"irgarol",0.865543946666355,0.201982954833384,0.179269961905006,0.232252706438362
"irgarol",0.870499897394083,0.200537693999356,0.177978642756883,0.230803264931831
"irgarol",0.875484225014411,0.199141777321404,0.176656068531094,0.229364502902593
"irgarol",0.880497092008381,0.197737677513371,0.175370855335875,0.227891938495354
"irgarol",0.885538661787372,0.196326646957302,0.174149618677989,0.226485240345524
"irgarol",0.890609098698425,0.194925009557384,0.172922156395438,0.225081106261017
"irgarol",0.895708568029608,0.193554170906122,0.171647758123863,0.223680463301973
"irgarol",0.900837236015394,0.192130857759261,0.170430766784079,0.22228746117954
"irgarol",0.905995269842087,0.190762347083151,0.169204848014483,0.220811352814504
"irgarol",0.911182837653272,0.189420870692838,0.167967571331551,0.219375841838017
"irgarol",0.916400108555291,0.188038780262223,0.166717269582504,0.217988732911136
"irgarol",0.92164725262276,0.186687392377538,0.165545287859052,0.216549397273452
"irgarol",0.926924440904114,0.185328201922051,0.16431062724931,0.21511172253113
"irgarol",0.932231845427177,0.184000880521886,0.163052960882511,0.213713241416095
"irgarol",0.937569639204779,0.182664994685835,0.16182270623485,0.212323428493989
"irgarol",0.942937996240384,0.181361032374712,0.160652134308441,0.21090860716068
"irgarol",0.948337091533776,0.180041195980697,0.159465766481114,0.209490551060076
"irgarol",0.953767101086751,0.178712129790702,0.15824410034298,0.208086779109665
"irgarol",0.959228201908863,0.177427134107315,0.157135778376311,0.206723838541951
"irgarol",0.964720572023191,0.176138961738832,0.156001541530806,0.205341148256748
"irgarol",0.970244390472141,0.174822749558378,0.154825345892174,0.203949139111557
"irgarol",0.975799837323284,0.173533653949271,0.153715486364597,0.202538534867886
"irgarol",0.98138709367523,0.172258091468691,0.152577936621541,0.201123864733698
"irgarol",0.987006341663521,0.17097705739336,0.151527507130801,0.199722095794408
"irgarol",0.992657764466579,0.169724729884554,0.150381345381154,0.19834913741508
"irgarol",0.998341546311673,0.168467712827705,0.149120132201951,0.196966659239862
"irgarol",1.00405787248092,0.167227410957257,0.148075864800652,0.19563142232931
"irgarol",1.00980692931734,0.166005975306952,0.146916932006671,0.194223778221302
"irgarol",1.01558890423091,0.16478307568745,0.145738581030766,0.192842628484058
"irgarol",1.02140398570468,0.163557732649855,0.14456345248935,0.191527634305461
"irgarol",1.02725236330094,0.162360333800774,0.143453421711643,0.190213589653452
"irgarol",1.03313422766735,0.161125446891761,0.142368498719501,0.188902815778121
"irgarol",1.03904977054321,0.159908697183037,0.141231363517353,0.187560882843913
"irgarol",1.04499918476568,0.158698118839985,0.1401001224275,0.186215204259778
"irgarol",1.05098266427606,0.15750522762804,0.138953370772544,0.184925291145621
"irgarol",1.05700040412614,0.156327707483922,0.137852067094633,0.18359346978065
"irgarol",1.06305260048453,0.155153940056561,0.136819454999513,0.182303509258501
"irgarol",1.06913945064306,0.153981532280081,0.135744337595978,0.180981172833111
"irgarol",1.07526115302324,0.152796650116484,0.134688785020223,0.17969028504482
"irgarol",1.08141790718269,0.151617745673124,0.133624162134155,0.1783747717469
"irgarol",1.08760991382166,0.15045285846637,0.132562344905792,0.17707572847452
"irgarol",1.09383737478959,0.149296262572241,0.131539095998548,0.175786905609334
"irgarol",1.10010049309165,0.148149720769212,0.130458312110801,0.174510413287021
"irgarol",1.1063994728954,0.147001736123131,0.129394867910418,0.173223945911659
"irgarol",1.11273451953743,0.145869675354758,0.128326909165169,0.171952506034445
"irgarol",1.11910583953003,0.144737852390414,0.127270776078828,0.170670803187191
"irgarol",1.12551364056796,0.143599624224798,0.126312009540622,0.169400042340817
"irgarol",1.1319581315352,0.142467548711221,0.125270235972923,0.168152231813262
"irgarol",1.13843952251176,0.141377220176219,0.124267864316791,0.166942451031293
"irgarol",1.14495802478053,0.140272191490172,0.123286834327021,0.165680589448478
"irgarol",1.15151385083417,0.139167793401936,0.122304719411956,0.164405830375719
"irgarol",1.15810721438204,0.138064967838451,0.121347059042857,0.163228521086824
"irgarol",1.16473833035716,0.136974202174792,0.12036646348268,0.161948070097369
"irgarol",1.1714074149232,0.135892696096411,0.119378300060459,0.160643856576877
"irgarol",1.17811468548158,0.134831744371424,0.118364507040428,0.159399859328075
"irgarol",1.18486036067848,0.133784334407351,0.117430349433044,0.158193566841692
"irgarol",1.19164466041205,0.13273287005985,0.116466814860545,0.156915340022704
"irgarol",1.19846780583951,0.131666842103531,0.115464554754306,0.155666881150561
"irgarol",1.2053300193844,0.130625786504501,0.114491982255086,0.154420662821124
"irgarol",1.21223152474381,0.1295933449807,0.113559885630114,0.153192196479738
"irgarol",1.21917254689568,0.128561539383609,0.112622777511904,0.151984765926155
"irgarol",1.22615331210614,0.127561916006635,0.111733371252264,0.150771364998561
"irgarol",1.23317404793688,0.126536750691995,0.110798192467275,0.149605267600553
"irgarol",1.24023498325256,0.125524729356119,0.109900891943075,0.148391521909186
"irgarol",1.24733634822828,0.124539383141008,0.108991030315164,0.147202176493322
"irgarol",1.25447837435709,0.123525784259884,0.108088596429604,0.146022445989841
"irgarol",1.26166129445751,0.122547285534907,0.107242688293146,0.144881342691728
"irgarol",1.26888534268117,0.12157411782047,0.106355919439237,0.14370213575979
"irgarol",1.27615075452038,0.120600630817171,0.105472034122361,0.142556577101229
"irgarol",1.28345776681584,0.119613719590086,0.104582010092165,0.141404198539349
"irgarol",1.29080661776438,0.118659122427456,0.103698541653686,0.140232759442577
"irgarol",1.29819754692668,0.117698487857253,0.102837393316956,0.139071177762733
"irgarol",1.3056307952351,0.116746554815887,0.101972756349698,0.137923475725266
"irgarol",1.31310660500156,0.115816771603021,0.10111697974128,0.136818794826391
"irgarol",1.3206252199254,0.114866491146946,0.100246715206769,0.135682227030193
"irgarol",1.32818688510133,0.113923059691017,0.0993978832737168,0.134555433388477
"irgarol",1.33579184702745,0.112985409989219,0.098562214457297,0.133452405258289
"irgarol",1.34344035361324,0.112060225935255,0.0977205722326038,0.132348776746312
"irgarol",1.35113265418768,0.111144492834527,0.0968794134239307,0.131255548261358
"irgarol",1.35886899950737,0.110230654235373,0.096041193775438,0.130168783259978
"irgarol",1.36664964176468,0.10931577363699,0.0952000941817535,0.129042597782943
"irgarol",1.37447483459601,0.108412814650884,0.0943787631634255,0.127930814006544
"irgarol",1.38234483309002,0.10751729840713,0.0935578735002875,0.126818461263244
"irgarol",1.39025989379596,0.106609787122256,0.0927374548315224,0.12575413990741
"irgarol",1.39822027473205,0.105735079657825,0.0919285647403893,0.124701720120194
"irgarol",1.40622623539386,0.104853032448699,0.0910836383094816,0.123707643890356
"irgarol",1.41427803676281,0.103968354188615,0.0902951218568366,0.122623735470392
"irgarol",1.42237594131462,0.103105470166405,0.0895025090782134,0.121563134381071
"irgarol",1.43052021302793,0.102234374525825,0.0887107538027782,0.120516457188939
"irgarol",1.43871111739286,0.101364076827663,0.0878976282238604,0.119462661469908
"irgarol",1.44694892141967,0.100484767225275,0.087131920282437,0.118422328611825
"irgarol",1.4552338936475,0.0996379447006438,0.0864057473302381,0.117402518069617
"irgarol",1.46356630415307,0.0988159534352468,0.0856615871676008,0.116404515714385
"irgarol",1.47194642455953,0.0979720088174818,0.0849089666760422,0.115355974658543
"irgarol",1.48037452804528,0.0971396668743002,0.0841297531202357,0.114353647912237
"irgarol",1.48885088935291,0.0963260902331022,0.0833967233952306,0.113369708487599
"irgarol",1.49737578479812,0.0955150787623966,0.0826747427089118,0.112386704502864
"irgarol",1.50594949227876,0.0947199331542228,0.0819606092197588,0.111406037361819
"irgarol",1.51457229128385,0.0939229976976688,0.0812587536939955,0.110432202611743
"irgarol",1.52324446290275,0.0931265414538227,0.0805590945603509,0.109410452559337
"irgarol",1.53196628983425,0.0923423722708599,0.0798564640337121,0.108415215262025
"irgarol",1.54073805639584,0.0915538347504314,0.0791290570945877,0.107476149026525
"irgarol",1.54956004853297,0.0907842493065684,0.0784523899697835,0.106447729784705
"irgarol",1.55843255382836,0.0900288274711998,0.0777352412770356,0.105508251861887
"irgarol",1.56735586151136,0.0892388914722684,0.0770637387864125,0.104544971529375
"irgarol",1.57633026246741,0.0884709368366656,0.0763756956977378,0.103611197990812
"irgarol",1.5853560492475,0.0877139124694708,0.0756459070042674,0.102673138138617
"irgarol",1.59443351607774,0.0869620349947622,0.0749530036843696,0.101779095276116
"irgarol",1.60356295886889,0.0861966033686227,0.0742848450476627,0.100882311213799
"irgarol",1.61274467522607,0.0854452326220447,0.0735719754647943,0.0999465916254947
"irgarol",1.62197896445842,0.0846967321105088,0.0729459806858594,0.0990283768275386
"irgarol",1.63126612758888,0.0839484498934677,0.0722704490305271,0.098170065849058
"irgarol",1.64060646736397,0.0832293810809846,0.0716515281929151,0.0973469212507323
"irgarol",1.65000028826372,0.0824986650555879,0.071003861112475,0.0964905476254013
"irgarol",1.65944789651154,0.0817647338502809,0.0703592762644194,0.0956013256811286
"irgarol",1.66894960008421,0.0810474705254485,0.0697462894298655,0.094760527690073
"irgarol",1.67850570872195,0.0803400895954148,0.0691123376942599,0.0939306216716367
"irgarol",1.68811653393848,0.0796180175345015,0.0684773027431603,0.0930804564754104
"irgarol",1.6977823890312,0.0789050385341695,0.0678502370646805,0.092228372547238
"irgarol",1.70750358909141,0.078224326322848,0.0671864283113874,0.0914216670387296
"irgarol",1.71728045101453,0.0775153335810107,0.0665275180019312,0.0906961555202603
"irgarol",1.72711329351051,0.0768239655950241,0.0658766126485479,0.0898868490525976
"irgarol",1.73700243711415,0.0761268311981589,0.0653210426604896,0.0890666833562746
"irgarol",1.74694820419557,0.0754580210097318,0.0646504632505498,0.0882589497041077
"irgarol",1.75695091897075,0.0747843614989994,0.0640124112964125,0.0874974238167667
"irgarol",1.76701090751205,0.0741257758628592,0.0633372252049278,0.0867494366606922
"irgarol",1.77712849775887,0.0734771121999958,0.0627591183200842,0.085951693262015
"irgarol",1.78730401952834,0.0728228998779378,0.0620941899668883,0.0852098835806826
"irgarol",1.79753780452605,0.0721734928904231,0.0614405679132803,0.0844664827809539
"irgarol",1.80783018635689,0.0715245118191815,0.0607819373411348,0.0837409091834117
"irgarol",1.8181815005359,0.0708926213797278,0.0601518406499296,0.0830719771745226
"irgarol",1.82859208449923,0.0702642088370319,0.0595247777877033,0.0823669808748769
"irgarol",1.83906227761512,0.0696273015980163,0.0589400426551837,0.0816410747597625
"irgarol",1.84959242119499,0.0690012026316884,0.0583029447768359,0.080956841585332
"irgarol",1.86018285850453,0.0683627936456708,0.0577489473172761,0.0802062500363949
"irgarol",1.87083393477492,0.0677492119351605,0.0571538118707432,0.0794667216540006
"irgarol",1.88154599721405,0.0671343907212777,0.0565464252788658,0.0787851187385452
"irgarol",1.8923193950179,0.066518868944319,0.0559086473849295,0.0780491093930421
"irgarol",1.90315447938184,0.0659203003033002,0.0553213557685485,0.0773588245868269
"irgarol",1.91405160351216,0.0652981556984083,0.0546961463789733,0.0766989500652203
"irgarol",1.92501112263753,0.0647184834412022,0.0540624869350802,0.076004695409352
"irgarol",1.93603339402059,0.0641366396936891,0.0534493910416701,0.0753378770735347
"irgarol",1.94711877696961,0.063568045216533,0.0528604226509458,0.0746840132986656
"irgarol",1.95826763285019,0.0629996492572658,0.0523060527611206,0.0740632609375375
"irgarol",1.96948032509706,0.0624218322591746,0.0517100414589427,0.0734166049403198
"irgarol",1.9807572192259,0.0618431610717479,0.0511778712660861,0.0727915819265292
"irgarol",1.99209868284526,0.0612694910104604,0.0505607575727346,0.0721860088142426
"irgarol",2.00350508566857,0.0607160246778955,0.0500042732626476,0.0715854744270948
"irgarol",2.01497679952616,0.0601480793739551,0.0494458104583737,0.0710095249143556
"irgarol",2.0265141983774,0.0595968983430219,0.0488749554379898,0.0704282005469064
"irgarol",2.03811765832288,0.0590506573619238,0.0482835151901537,0.0698520557177563
"irgarol",2.04978755761669,0.0585120898996521,0.0477304327847236,0.0692109562779668
"irgarol",2.06152427667871,0.057987487808547,0.0471626710773671,0.068662574028287
"irgarol",2.07332819810706,0.0574449207125351,0.0466000286920691,0.0680768299586516
"irgarol",2.08519970669054,0.0569120866775225,0.0460598576585676,0.0675331251005044
"irgarol",2.09713918942118,0.0563991998331171,0.0455567448989536,0.0670082912335815
"irgarol",2.10914703550685,0.0558957510774537,0.044990040882433,0.0665028402011548
"irgarol",2.12122363638398,0.0553661345172762,0.0444491413338946,0.0659642329638475
"irgarol",2.13336938573028,0.0548627064428626,0.0438784590960089,0.065395929395648
"irgarol",2.14558467947757,0.0543757137229408,0.0433151093522729,0.0648968368743265
"irgarol",2.15786991582474,0.0538735372099133,0.0427524155279283,0.0643692952520976
"irgarol",2.17022549525068,0.0533845979461807,0.0422373943999563,0.0638632557366541
"irgarol",2.18265182052734,0.0529056489651786,0.0417156621943308,0.0633693293482541
"irgarol",2.19514929673289,0.052431234786866,0.0411893085546007,0.0628831283108236
"irgarol",2.20771833126489,0.0519659984194625,0.0406830613621263,0.062344706694642
"irgarol",2.2203593338536,0.0515017432505564,0.0401527469666908,0.0618704628429201
"irgarol",2.23307271657531,0.0510230218275316,0.0396276606022087,0.0613905801818811
"irgarol",2.24585889386579,0.0505599663586226,0.0391088939473906,0.0609020564534472
"irgarol",2.25871828253381,0.0501072679666151,0.0386003634483153,0.0604601836914304
"irgarol",2.27165130177468,0.0496412990278345,0.0381193252366303,0.0599662392274042
"irgarol",2.28465837318397,0.0491914774276139,0.0376205248053597,0.0595177224529296
"irgarol",2.29773992077125,0.0487672988952914,0.0371227090863782,0.0590645271627082
"irgarol",2.31089637097384,0.0483261221460038,0.036632354280771,0.0586134743568152
"irgarol",2.32412815267082,0.0478844890763431,0.0361800068371115,0.0581682524179526
"irgarol",2.33743569719693,0.0474518884314496,0.0357337521738697,0.0577261660023483
"irgarol",2.35081943835664,0.0470182704952923,0.0353301700363192,0.0572879319620205
"irgarol",2.36427981243834,0.0465876523812743,0.0348598641085105,0.0568408478182528
"irgarol",2.37781725822851,0.0461540105479157,0.0343913964075776,0.0564151969967192
"irgarol",2.39143221702605,0.0457472411532785,0.0339296257924617,0.0559711715017355
"irgarol",2.40512513265665,0.045356735615921,0.033474767449942,0.0555541281398656
"irgarol",2.41889645148729,0.0449570935005382,0.033034200394152,0.0551334562490778
"irgarol",2.43274662244073,0.0445489392828321,0.0325817988939158,0.0547078393235568
"irgarol",2.44667609701022,0.0441423753395319,0.032137846967001,0.0543064558781617
"irgarol",2.46068532927415,0.0437508858500743,0.0317035652389708,0.0538934405813883
"irgarol",2.47477477591091,0.0433547990266879,0.0312664700726651,0.0534970984590332
"irgarol",2.48894489621373,0.0429712721983615,0.0308392262597949,0.0530926812305015
"irgarol",2.50319615210568,0.0425828514611221,0.0304218864180587,0.0526799585821439
"irgarol",2.5175290081547,0.0422111640322349,0.0300021386878322,0.0522519541744106
"irgarol",2.5319439315888,0.0418379962430314,0.0295879075335013,0.0518820739890641
"irgarol",2.54644139231122,0.041468376047178,0.0292111677288796,0.051433481532525
"irgarol",2.5610218629158,0.0411027786707293,0.0288448289994784,0.0510262212299684
"irgarol",2.57568581870236,0.0407325325203372,0.0284486932572598,0.0506343122193176
"irgarol",2.59043373769222,0.0403775962309454,0.0280961959744687,0.0502799421417725
"irgarol",2.60526610064374,0.0400234772105909,0.0277329891802122,0.0498953238234458
"irgarol",2.62018339106803,0.0396813213727909,0.027373213752113,0.0495417396221807
"irgarol",2.6351860952447,0.0393443072546428,0.0269935087704286,0.0491578838524588
"irgarol",2.65027470223771,0.0390056539874968,0.0266202163056613,0.0487681918752235
"irgarol",2.66544970391131,0.0386721264002942,0.0262706789541505,0.0484003102770561
"irgarol",2.68071159494607,0.0383476126248055,0.0259346570555923,0.0480412374695965
"irgarol",2.69606087285503,0.0380240207843838,0.025602531043382,0.047672370768392
"irgarol",2.7114980379999,0.0377029170006599,0.0252597935754268,0.0473226500933348
"irgarol",2.72702359360735,0.0373776856242201,0.024929205891994,0.0469812381179213
"irgarol",2.74263804578545,0.0370626649224234,0.0246121450908091,0.046653532932333
"irgarol",2.75834190354017,0.0367330687910457,0.0242903702900227,0.0462777809880264
"irgarol",2.77413567879193,0.036421117118525,0.0239762887458399,0.0459366503768185
"irgarol",2.79001988639234,0.0361229123273265,0.0236708947792225,0.0455917737408511
"irgarol",2.80599504414094,0.0358192656261316,0.0233659755714082,0.0452439227390177
"irgarol",2.82206167280211,0.0355112242787391,0.0230610079218394,0.0449117923470761
"irgarol",2.83822029612202,0.0352104738215939,0.0227554999649584,0.0446025129369765
"irgarol",2.85447144084575,0.0349158127682109,0.0224564609086043,0.0442647133017529
"irgarol",2.87081563673438,0.034630304525263,0.0221656097337266,0.0439260836978953
"irgarol",2.88725341658236,0.0343235172234094,0.0218778113791383,0.0436043612374391
"irgarol",2.90378531623477,0.0340351733210686,0.0215874297995384,0.0432865064897656
"irgarol",2.9204118746049,0.033754265161323,0.0212881301721316,0.0429518063578605
"irgarol",2.93713363369173,0.0334719652949332,0.0210242305917928,0.0426305983103395
"irgarol",2.95395113859762,0.0331997202790243,0.0207186925523316,0.042316330577048
"irgarol",2.97086493754612,0.0329143176007544,0.0204449590508166,0.042004410461396
"irgarol",2.98787558189979,0.0326348183378601,0.0201858433816219,0.0416951272678482
"irgarol",3.0049836261782,0.032367559387954,0.0199396816054579,0.0413874600140297
"irgarol",3.022189628076,0.0321070142014428,0.0197050226502005,0.0410829968734416
"irgarol",3.03949414848109,0.0318408506327984,0.019464249048847,0.0407512712528177
"irgarol",3.05689775149294,0.0315690914113073,0.0192268548220042,0.0404723957383349
"irgarol",3.07440100444093,0.0313171620450352,0.0189980352995619,0.0401875760988641
"irgarol",3.09200447790287,0.031066538987618,0.0187361020408334,0.0398986945857741
"irgarol",3.10970874572361,0.030819277304387,0.0184923330334334,0.0396039986328284
"irgarol",3.12751438503372,0.0305660501514734,0.0182674647030418,0.0393095364365727
"irgarol",3.14542197626833,0.0303212414377536,0.0180314458589938,0.039014144555454
"irgarol",3.16343210318602,0.0300801839338939,0.0177819665507149,0.0387193272189821
"irgarol",3.18154535288788,0.0298436371238833,0.0175669110830872,0.0384413238532776
"irgarol",3.19976231583664,0.0296063633327016,0.0173477656686929,0.0381567223558143
"irgarol",3.2180835858759,0.0293726079157012,0.0171451409961524,0.0378848864806319
"irgarol",3.23650976024953,0.0291357276627613,0.0169575440370413,0.0376067710818649
"irgarol",3.25504143962108,0.0289030866169774,0.0167557138423817,0.0373306429038021
"irgarol",3.27367922809341,0.0286749630723673,0.0165730157241809,0.0370684874540911
"irgarol",3.29242373322837,0.0284465386170346,0.0163728198314311,0.0368187174804121
"irgarol",3.31127556606658,0.0282102222277151,0.0161942110245332,0.0365631256091192
"irgarol",3.3302353411474,0.0279859381467219,0.0160069678853618,0.0362987508305872
"irgarol",3.3493036765289,0.0277715893338094,0.0158205387408969,0.0360437917546635
"irgarol",3.36848119380807,0.0275525122957447,0.0156493394796853,0.0357837461133393
"irgarol",3.38776851814104,0.0273307285238152,0.0154935547775363,0.0355452300008707
"irgarol",3.40716627826347,0.0271273080587361,0.015322590295319,0.0352903218726569
"irgarol",3.42667510651105,0.0269212977575545,0.0151409247508296,0.0350612529952113
"irgarol",3.44629563884012,0.026714828097664,0.0149855501698689,0.0348172583138083
"irgarol",3.46602851484839,0.0265125945139834,0.0148261773606788,0.034579957455547
"irgarol",3.48587437779579,0.0262995128664011,0.0146626321570746,0.0343240329551899
"irgarol",3.50583387462543,0.0260880014375733,0.0144955022359295,0.0340649337094378
"irgarol",3.52590765598473,0.0258884681201815,0.0143249119017907,0.0338178480435266
"irgarol",3.54609637624657,0.0256865071051353,0.0141738095398032,0.0335743674023227
"irgarol",3.56640069353068,0.025494531098723,0.0140248151131529,0.0333668784475135
"irgarol",3.58682126972505,0.0252940662349616,0.0138766052049301,0.0331373665343222
"irgarol",3.60735877050752,0.0251018362718319,0.013722529429576,0.0329224285015312
"irgarol",3.6280138653675,0.0249120543424071,0.0135755854037835,0.0326883665653393
"irgarol",3.64878722762776,0.0247236606062354,0.0134352570194398,0.032464468949136
"irgarol",3.6696795344664,0.0245390820770949,0.0133074753859301,0.0322587989114483
"irgarol",3.69069146693894,0.024351942376871,0.013168276691013,0.0320217662827677
"irgarol",3.71182371000048,0.0241632235322075,0.0130391377454791,0.0318191654968872
"irgarol",3.73307695252805,0.0239836474521761,0.0129016821086285,0.0316120640834614
"irgarol",3.75445188734309,0.0237999918790774,0.0127680870408352,0.0313906528099305
"irgarol",3.77594921123399,0.0236229211258342,0.0126415763485715,0.0311749032644652
"irgarol",3.79756962497885,0.0234470738570598,0.0125241013236873,0.0309773361791815
"irgarol",3.81931383336826,0.0232712341031152,0.0124020086325734,0.0307639581879743
"irgarol",3.84118254522837,0.0230912828779475,0.0122841026066928,0.0305488040925579
"irgarol",3.86317647344389,0.0229209827782735,0.0121670655429737,0.0303349180956232
"irgarol",3.88529633498142,0.0227541250524243,0.0120670539734645,0.030122617672292
"irgarol",3.90754285091276,0.0225866859138081,0.011959955529112,0.029910735282845
"irgarol",3.92991674643845,0.022419186130849,0.0118467252461769,0.0297093215607223
"irgarol",3.9524187509114,0.0222529519713982,0.0117450495188762,0.0295079081555451
"irgarol",3.97504959786066,0.0220917812019882,0.0116357319535471,0.0292973453977183
"irgarol",3.99781002501534,0.0219304443374168,0.0115406127913468,0.0290926348893703
"irgarol",4.02070077432865,0.0217726150971783,0.0114524376750761,0.0289005825732047
"irgarol",4.0437225920021,0.0216153435683371,0.011341229343951,0.0286916977436623
"irgarol",4.06687622850981,0.0214540881086431,0.0112335896604454,0.0284916823197709
"irgarol",4.09016243862299,0.0212968738682791,0.0111373703568611,0.0283046508894263
"irgarol",4.11358198143453,0.0211446766098978,0.0110373608267142,0.0281061194663093
"irgarol",4.13713562038374,0.0209930712454653,0.0109422011792876,0.0279263888693128
"irgarol",4.16082412328128,0.020847194783744,0.0108651911419508,0.0277387035241666
"irgarol",4.18464826233412,0.0206997890532467,0.0107726559507549,0.0275623307470188
"irgarol",4.20860881417077,0.0205542562836714,0.0106961121213738,0.0273823488156815
"irgarol",4.23270655986658,0.0204084958915707,0.0106053285016588,0.0271993287250484
"irgarol",4.25694228496918,0.0202613360226279,0.010517754573763,0.027021805685496
"irgarol",4.28131677952414,0.0201194977776851,0.0104335738025521,0.0268603433418036
"irgarol",4.30583083810064,0.0199814591758061,0.0103491304948304,0.0266875606883313
"irgarol",4.33048525981746,0.0198371404466333,0.0102588141698496,0.0265170829943857
"irgarol",4.355280848369,0.0197011863535944,0.010177717089203,0.0263450253354971
"irgarol",4.38021841205142,0.0195661926233243,0.0100970669121576,0.0261971170174661
"irgarol",4.40529876378911,0.0194301831386989,0.0100304763982748,0.0260506172072285
"irgarol",4.43052272116105,0.0192936437682284,0.00995847681313333,0.0258759260861108
"irgarol",4.45589110642759,0.0191595209003911,0.00988243576391695,0.0257157342814755
"irgarol",4.48140474655717,0.0190269783341627,0.00981585299745806,0.0255468070186937
"irgarol",4.50706447325329,0.0188998424727617,0.00973916138710588,0.0253894491881541
"irgarol",4.53287112298167,0.0187707247217693,0.00967857433670772,0.0252272804699516
"irgarol",4.55882553699746,0.0186432273724208,0.00960506850818057,0.0250653800515109
"irgarol",4.58492856137269,0.0185193456851404,0.00953955023226228,0.0249044161791063
"irgarol",4.61118104702386,0.0183907725801647,0.00945742280992463,0.0247455241193332
"irgarol",4.63758384973965,0.0182643192912597,0.00940145644448778,0.024576485021872
"irgarol",4.66413783020886,0.0181418887692942,0.00934874896194189,0.0244056461296324
"irgarol",4.69084385404841,0.0180215069833462,0.00928596504080801,0.0242350151453217
"irgarol",4.7177027918316,0.0178993933015287,0.00921771562545548,0.0240721367513492
"irgarol",4.74471551911648,0.0177781382405088,0.0091532084750391,0.0239256146573184
"irgarol",4.7718829164744,0.017659916957166,0.00909824947491827,0.0237846734132676
"irgarol",4.79920586951869,0.0175429737290695,0.00905342370352689,0.0236563967191648
"irgarol",4.82668526893355,0.0174264845225759,0.00899927803448763,0.0235193192381809
"irgarol",4.85432201050308,0.0173103973860378,0.00894068289082365,0.0233778435448237
"irgarol",4.88211699514047,0.0171998317206772,0.00888423415115615,0.0232325214733541
"irgarol",4.91007112891739,0.0170870782942216,0.00881702046821907,0.023089063738358
"irgarol",4.93818532309352,0.0169778268030006,0.00877138871724716,0.0229591932331409
"irgarol",4.96646049414625,0.016868290663987,0.00872149588561086,0.0228103191319406
"irgarol",4.99489756380053,0.016757760861066,0.00867186092442486,0.0226641883602916
"irgarol",5.02349745905898,0.0166476705279358,0.0086233712405981,0.0225228444911198
"irgarol",5.05226111223206,0.0165394781636215,0.00857862998927002,0.0223736587609489
"irgarol",5.08118946096845,0.0164316279155059,0.00854371798560406,0.0222260947859747
"irgarol",5.11028344828567,0.0163252676421481,0.00850885417974838,0.0220826671451315
"irgarol",5.13954402260078,0.0162181832599826,0.00846195318478327,0.0219406380316824
"irgarol",5.16897213776131,0.0161175938417614,0.0084155579469539,0.0218009689403747
"irgarol",5.19856875307635,0.0160119102236337,0.00836893636659014,0.0216700188056198
"irgarol",5.22833483334782,0.0159126635511817,0.00832651640294656,0.0215580299378345
"irgarol",5.25827134890192,0.0158132384351712,0.0082832778839071,0.0214165837425069
"irgarol",5.28837927562078,0.0157129641550666,0.00824405947245073,0.0213079578270097
"irgarol",5.31865959497424,0.0156118429041669,0.00821107683804005,0.0211878446468994
"irgarol",5.34911329405188,0.0155098662243015,0.00817907555241581,0.021072392397369
"irgarol",5.37974136559516,0.0154158872617863,0.00814078904598562,0.0209480919283545
"irgarol",5.41054480802983,0.0153163726624039,0.00810429154464455,0.0208246444481728
"irgarol",5.44152462549841,0.0152185029866686,0.00806741527791642,0.020702019330196
"irgarol",5.47268182789299,0.0151298921635995,0.00803279853584322,0.0205756436316299
"irgarol",5.50401743088812,0.0150336459051048,0.00800486126698198,0.0204490457133891
"irgarol",5.5355324559739,0.0149437363777313,0.00797535164779657,0.0203371074772415
"irgarol",5.56722793048933,0.0148537892501717,0.00794403943433227,0.020220970110802
"irgarol",5.59910488765574,0.0147608559847546,0.00790962411100114,0.0201043860828044
"irgarol",5.63116436661054,0.0146711121757588,0.00787130289916533,0.0199876728629063
"irgarol",5.66340741244102,0.0145824788834142,0.00784641944604662,0.0198678735579477
"irgarol",5.69583507621848,0.0144979703717453,0.00781839247476956,0.0197569253117774
"irgarol",5.72844841503244,0.0144071274038219,0.00778778472473556,0.019644973830882
"irgarol",5.76124849202515,0.0143225988898589,0.00775811392191767,0.0195325786508976
"irgarol",5.79423637642622,0.0142385117956739,0.00772760999335584,0.0194214531559813
"irgarol",5.82741314358747,0.0141576361121987,0.00770108679888914,0.0193108652060149
"irgarol",5.86077987501799,0.0140780776646555,0.00767654709980391,0.0192018000610566
"irgarol",5.89433765841942,0.0140016154879316,0.0076484639918626,0.0190875491298855
"irgarol",5.92808758772137,0.0139231797569415,0.00762535870019117,0.018977952098248
"irgarol",5.96203076311709,0.0138448410343971,0.00760332646617483,0.0188697468719444
"irgarol",5.99616829109936,0.0137677749989761,0.00757292321689112,0.0187555503017479
"irgarol",6.03050128449653,0.0136922535261009,0.0075434997043296,0.018652440122139
"irgarol",6.0650308625088,0.013613629184833,0.00751734583336463,0.0185500004315905
"irgarol",6.09975815074472,0.013537011934836,0.0074952555455227,0.0184486780300553
"irgarol",6.13468428125789,0.0134630236655364,0.00747443421306229,0.0183485149187923
"irgarol",6.16981039258381,0.0133837299572054,0.00745043389376357,0.0182491750839753
"irgarol",6.20513762977706,0.0133142968980111,0.00742862296802955,0.0181603319479793
"irgarol",6.24066714444861,0.0132397315640927,0.00740786004014018,0.0180525659869817
"irgarol",6.2764000948033,0.0131618684274898,0.00737990965515657,0.0179633986056359
"irgarol",6.3123376456777,0.0130851609362059,0.00735646323792374,0.0178703994693324
"irgarol",6.348480968578,0.0130120738424908,0.00733783378764034,0.0177802026044519
"irgarol",6.38483124171823,0.0129410617450114,0.00732234251774584,0.017679112418357
"irgarol",6.42138965005865,0.0128745279526593,0.00730397638534211,0.0175793801395099
"irgarol",6.45815738534443,0.0128025515509689,0.00728917477076331,0.0174832010403589
"irgarol",6.49513564614441,0.0127340435684865,0.0072736643505486,0.017391216459391
"irgarol",6.53232563789027,0.0126655104970502,0.00725679041550817,0.01729739295759
"irgarol",6.56972857291576,0.0125973182618793,0.00724269263202923,0.0172044589833516
"irgarol",6.6073456704962,0.0125316274518206,0.00722340864945642,0.0171086498442207
"irgarol",6.64517815688834,0.0124651352985213,0.0072008014125551,0.0170154188877016
"irgarol",6.68322726537018,0.0124030773426318,0.0071799359489536,0.0169369043000005
"irgarol",6.7214942362813,0.0123458894868431,0.00716006383721225,0.0168513536030946
"irgarol",6.75998031706325,0.0122850965724346,0.00713733077252689,0.0167658344529201
"irgarol",6.79868676230015,0.0122234966263627,0.00712630664635558,0.0166930898475173
"irgarol",6.8376148337597,0.0121536515858943,0.00711740501789437,0.016619770532359
"irgarol",6.87676580043426,0.0120876990715675,0.00710556254086844,0.0165390630174564
"irgarol",6.91614093858217,0.0120243928181012,0.00709004869445373,0.016459297881377
"irgarol",6.95574153176943,0.0119614310854039,0.00708072769687995,0.0163671865564314
"irgarol",6.99556887091152,0.0119006369565656,0.00707172181123758,0.0162719585282028
"irgarol",7.03562425431544,0.0118411942391113,0.00706387320389959,0.0161978826811205
"irgarol",7.07590898772209,0.0117811149670709,0.00705765303973053,0.0161164074273488
"irgarol",7.11642438434881,0.01172924841281,0.00704579054014196,0.0160445415152421
"irgarol",7.15717176493216,0.0116700722473872,0.00703778977623663,0.0159746248590768
"irgarol",7.19815245777104,0.0116181482807383,0.00702867132893033,0.0158947358620916
"irgarol",7.23936779876995,0.0115611448856172,0.00701162046817511,0.0158270305862128
"irgarol",7.2808191314825,0.0115105984061594,0.00700049320277753,0.0157559634346466
"irgarol",7.32250780715529,0.0114579879813233,0.00698325838908206,0.0156831370299892
"irgarol",7.36443518477192,0.011404228875076,0.00697918087411651,0.0156111712493065
"irgarol",7.40660263109726,0.0113542863846532,0.00697009014824826,0.0155400123973007
"irgarol",7.44901152072205,0.0113038338492018,0.00696535919179413,0.015459028148037
"irgarol",7.49166323610769,0.0112562048392985,0.00696055478846148,0.0153820584890328
"irgarol",7.5345591676313,0.0112089764501982,0.00694709235672358,0.0153161655550806
"irgarol",7.57770071363108,0.0111612816040484,0.0069389952867954,0.0152653329709635
"irgarol",7.62108928045182,0.0111132114729399,0.0069261588693301,0.015211282610291
"irgarol",7.66472628249083,0.0110669988094631,0.00691507713072864,0.0151464451428629
"irgarol",7.708613142244,0.0110195563124249,0.00690440473432516,0.0150842416085853
"irgarol",7.75275129035215,0.0109722055728709,0.00689568541733941,0.0150144303071662
"irgarol",7.79714216564774,0.0109241367116095,0.00688305624327181,0.0149487765117225
"irgarol",7.84178721520169,0.0108803801029721,0.00687647404899101,0.0148810342141323
"irgarol",7.88668789437061,0.0108336418043981,0.00686698634428323,0.0148025176335452
"irgarol",7.93184566684421,0.0107869872350044,0.00685963308153826,0.0147396528427419
"irgarol",7.97726200469306,0.0107416283067937,0.00685056104571905,0.0146879662707686
"irgarol",8.0229383884165,0.0106973705888511,0.00684741907239889,0.0146239490619309
"irgarol",8.06887630699098,0.010654302881952,0.00684001707533627,0.0145595217733715
"irgarol",8.11507725791854,0.0106135367476301,0.00683169239774445,0.0144957331028914
"irgarol",8.16154274727566,0.0105763687434232,0.00682409822380923,0.0144322161493753
"irgarol",8.20827428976236,0.010534029466566,0.0068183603737783,0.0143807325455729
"irgarol",8.25527340875155,0.0104917616079048,0.0068157369007464,0.0143135167326482
"irgarol",8.30254163633868,0.0104531974380316,0.00681108817445933,0.0142558075234901
"irgarol",8.35008051339175,0.0104122719563672,0.00680711600284818,0.0141862485240429
"irgarol",8.39789158960148,0.0103746406324732,0.00680277260172783,0.0141381414145406
"irgarol",8.44597642353182,0.0103392188805311,0.00679916579667825,0.0140837212372611
"irgarol",8.49433658267081,0.0102976610089065,0.0067956895305658,0.0140402675363274
"irgarol",8.54297364348164,0.010262038474575,0.00679235740675754,0.0139876291116522
"irgarol",8.59188919145403,0.0102275968569916,0.0067891642239901,0.0139358124930136
"irgarol",8.64108482115597,0.0101938333977674,0.0067861049356144,0.0138856671896277
"irgarol",8.69056213628561,0.0101596982866365,0.00678317464626872,0.0138331233019621
"irgarol",8.74032274972363,0.0101270211388039,0.0067774961208661,0.0137820292489784
"irgarol",8.79036828358579,0.0100928414491239,0.00677310829280021,0.0137321567795861
"irgarol",8.84070036927574,0.0100568784439068,0.00677104890517913,0.0136857803019001
"irgarol",8.89132064753831,0.0100216078954665,0.0067691510749012,0.0136412768755002
"irgarol",8.94223076851293,0.00998935245093235,0.0067673364544645,0.0135938922750652
"irgarol",8.99343239178741,0.00994987695182948,0.00676560182749578,0.0135510303023038
"irgarol",9.0449271864521,0.00991941449842641,0.00676394408252114,0.0135182803371792
"irgarol",9.09671683115425,0.00988545180344581,0.00674395777297206,0.0134797200771059
"irgarol",9.14880301415273,0.00985226125253391,0.00673013317580187,0.0134424229774616
"irgarol",9.20118743337311,0.00982195556355513,0.00672895468352252,0.0134070020636747
"irgarol",9.25387179646296,0.00978907238507286,0.00672029216659867,0.0133747958451229
"irgarol",9.30685782084752,0.00975775649838073,0.00671894033297201,0.0133360798647466
"irgarol",9.36014723378575,0.00972455449164389,0.00670123268703442,0.0132911490128157
"irgarol",9.41374177242656,0.00969360809019707,0.0066962434760218,0.0132456337183482
"irgarol",9.46764318386544,0.00966350691884454,0.00669152457743946,0.013203122510069
"irgarol",9.52185322520148,0.0096341446605848,0.00667229660667442,0.0131633630209494
"irgarol",9.5763736635946,0.00960496397133139,0.00666127577383598,0.0131234292367554
"irgarol",9.63120627632314,0.00957766174412245,0.00665442267289946,0.0130758178833847
"irgarol",9.68635285084183,0.00954924414784675,0.00665314786888552,0.0130396609081798
"irgarol",9.74181518484007,0.00951848751419475,0.00665134754990235,0.0129885808011007
"irgarol",9.79759508630047,0.00949501392005569,0.00663818209585684,0.0129635373759607
"irgarol",9.85369437355787,0.00946309306569747,0.006631987927495,0.0129260827199862
"irgarol",9.91011487535853,0.00943647924549061,0.00662406398715623,0.0129030314237821
"irgarol",9.96685843091982,0.00941081751325679,0.00661899997080087,0.0128779322044438
"irgarol",10.0239268899901,0.00938338809274464,0.00661718642928038,0.0128348166664201
"irgarol",10.0813221129092,0.00935759865706653,0.00660625078570082,0.0128042779189808
"irgarol",10.1390459706686,0.00933197802214378,0.0066017036778391,0.0127607298830728
"irgarol",10.1971003449732,0.00930598242046865,0.00659560786796283,0.0127213444105141
"irgarol",10.2554871283018,0.00927796196035457,0.00657830288959589,0.012680339026682
"irgarol",10.3142082239694,0.00924809605377113,0.00655276117922139,0.0126502321861927
"irgarol",10.373265546189,0.00922482630602295,0.00654757907085953,0.0126210417691163
"irgarol",10.4326610201341,0.0091995303159389,0.00654457896369594,0.0125811019890378
"irgarol",10.4923965820013,0.00918047514841858,0.00653977244237226,0.0125557943233419
"irgarol",10.5524741790736,0.0091582456677366,0.0065350512750507,0.012533844723213
"irgarol",10.6128957697837,0.0091360601141542,0.00651895310699634,0.0125000540624972
"irgarol",10.6736633237781,0.00911217932737659,0.00651243364821789,0.0124655991921036
"irgarol",10.734778821981,0.00908889674406022,0.00650958933232346,0.0124436123762581
"irgarol",10.796244256659,0.00906715702071961,0.00649940847447674,0.0124216528799251
"irgarol",10.8580616314862,0.00904455065734684,0.00648813485103729,0.0123978618510266
"irgarol",10.9202329616094,0.0090242802458653,0.00648288137718779,0.0123781590358121
"irgarol",10.9827602737135,0.00900379755636304,0.00646766081868304,0.0123493886011132
"irgarol",11.0456456060881,0.00898344370855333,0.00645987506240794,0.0123280574794992
"irgarol",11.1088910086937,0.00896496320096473,0.00644318161209405,0.0123063957518124
"irgarol",11.1724985432283,0.00894162525828189,0.00642686494492431,0.0122748242634659
"irgarol",11.236470283195,0.0089197310989847,0.00641796371070578,0.0122455891649265
"irgarol",11.3008083139692,0.0088981642272695,0.00639953551218019,0.0122227212002299
"irgarol",11.3655147328671,0.0088748267516838,0.00638099322502434,0.012202377973872
"irgarol",11.4305916492135,0.00885424034018106,0.00636805202985113,0.0121861800075726
"irgarol",11.496041184411,0.0088378944265195,0.00636024767661626,0.0121786589493032
"irgarol",11.5618654720087,0.0088178134065835,0.00634395757748632,0.0121630001689016
"irgarol",11.6280666577724,0.00880015207052598,0.00631941574605862,0.0121316288635246
"irgarol",11.6946468997539,0.00878011170722063,0.0063145071852338,0.0121123771013921
"irgarol",11.7616083683617,0.00876125578014597,0.00630160570771513,0.0120993204290933
"irgarol",11.8289532464317,0.00873898946120986,0.00628957238100443,0.0120764827028057
"irgarol",11.8966837292982,0.00871846459040748,0.00627108589066789,0.0120542799736356
"irgarol",11.9648020248658,0.00870016012274163,0.00626046202645859,0.0120307320046487
"irgarol",12.033310353681,0.00868325054209782,0.00623922854085661,0.012004884422114
"irgarol",12.1022109490049,0.0086675405258777,0.00621832890620104,0.0119780323660731
"irgarol",12.1715060568857,0.0086523847719774,0.00620354001284357,0.0119511736757943
"irgarol",12.2411979362322,0.00863384870366512,0.00618733727115762,0.011926709030661
"irgarol",12.3112888588873,0.00861699018939035,0.00616593434296647,0.0119060167537714
"irgarol",12.3817811097019,0.00859861484795099,0.0061539891405692,0.0118851543605083
"irgarol",12.4526769866097,0.00858155467948167,0.00613890356256063,0.0118831197343732
"irgarol",12.5239788007021,0.00856535837797824,0.00613231015599238,0.0118731614623467
"irgarol",12.595688876303,0.00854798354036926,0.00611319059063666,0.011853251195868
"irgarol",12.6678095510454,0.00852885921645561,0.00609654983230298,0.0118335138116377
"irgarol",12.7403431759468,0.00851357744200606,0.00608931124785315,0.0118132444325203
"irgarol",12.8132921154866,0.0084969865602163,0.00606661481205935,0.0117858773900929
"irgarol",12.8866587476823,0.0084844264991675,0.00605147891213735,0.0117695500166534
"irgarol",12.960445464168,0.00846962212896121,0.00603599277434075,0.0117570559839089
"irgarol",13.0346546702715,0.00845315709366968,0.00601678238709507,0.0117407911296731
"irgarol",13.1092887850933,0.00843943793840335,0.00599895811172824,0.0117358355923946
"irgarol",13.1843502415852,0.00842658982244293,0.00597895546260571,0.0117115667385132
"irgarol",13.2598414866295,0.00840810193536695,0.00597330877101084,0.0117033924367031
"irgarol",13.335764981119,0.00839457692659901,0.00596203715942993,0.0116829445360427
"irgarol",13.4121232000374,0.00837925174295491,0.00594405996306602,0.0116694456414995
"irgarol",13.4889186325392,0.00836445158362456,0.0059291086856254,0.0116582826399478
"irgarol",13.5661537820318,0.00834913555741603,0.0059086593637491,0.0116422613297078
"irgarol",13.6438311662565,0.00833525394697188,0.00588740788209442,0.0116286341705705
"irgarol",13.7219533173706,0.00831992575867928,0.00587358913603916,0.0116140207252967
"irgarol",13.8005227820304,0.00830740395518859,0.00585689416714195,0.0115916018494388
"irgarol",13.8795421214736,0.00829136369207387,0.00584217065533083,0.011587087166041
"irgarol",13.9590139116032,0.00827660255033198,0.00583088625483494,0.0115830701203216
"irgarol",14.0389407430715,0.00826229875585105,0.00581569062540698,0.0115744800723166
"irgarol",14.1193252213642,0.00824789946961413,0.00579550505975901,0.0115594128577371
"irgarol",14.2001699668856,0.00823812575097815,0.00577529627824551,0.0115340972579533
"irgarol",14.2814776150441,0.00822415769133087,0.00575925611171281,0.0115299877661535
"irgarol",14.3632508163378,0.00820812660343641,0.0057483744296835,0.0115186263450245
"irgarol",14.4454922364412,0.00819405487212275,0.00573164663714841,0.0115099568006358
"irgarol",14.528204556292,0.00818315885906086,0.00571319978319866,0.011499213872175
"irgarol",14.6113904721784,0.00816922389323793,0.00569419352557659,0.0114836431467809
"irgarol",14.695052695827,0.00815838313793761,0.00568080433585128,0.0114705689290324
"irgarol",14.7791939544914,0.00814419278306472,0.00567050397289739,0.0114692798748849
"irgarol",14.863816991041,0.00813776039090732,0.00565551055193405,0.0114657035101687
"irgarol",14.9489245640501,0.00812663335901929,0.00563883374793511,0.0114656783798265
"irgarol",15.0345194478886,0.00811493917546065,0.00562373662016859,0.0114656548312121
"irgarol",15.1206044328114,0.00810150810482259,0.00560769928514376,0.0114643488431075
"irgarol",15.2071823250502,0.00808803566130378,0.00559167166274471,0.0114363356136313
"irgarol",15.2942559469048,0.00807928644999855,0.00557864678009184,0.0114358820649325
"irgarol",15.3818281368347,0.00806523591176154,0.00556035464007347,0.0114314230679716
"irgarol",15.469901749552,0.00805459157474409,0.00554492821229913,0.0114249876928423
"irgarol",15.5584796561145,0.00803948283347712,0.00553036358975778,0.0114169437068072
"irgarol",15.6475647440191,0.00802629303715963,0.00551974411034739,0.0114037116885656
"irgarol",15.737159917296,0.00801222159300905,0.00550153401408366,0.011391065438617
"irgarol",15.8272680966032,0.00800023166956636,0.00548468965471186,0.0113816017352889
"irgarol",15.9178922193221,0.00799065106957264,0.00546993456174292,0.0113769356540308
"irgarol",16.0090352396529,0.00798174110433442,0.00545616020938055,0.0113752790552492
"irgarol",16.1007001287111,0.00797170616934878,0.00544215017121015,0.0113719491388306
"irgarol",16.1928898746243,0.00796000235473626,0.00542828811684718,0.0113670427779236
"irgarol",16.2856074826293,0.00795089814319467,0.0054143316652389,0.011361424764145
"irgarol",16.3788559751708,0.00794237022837973,0.00539953551390102,0.0113559546620473
"irgarol",16.4726383919991,0.00793360701665432,0.00538752082054223,0.0113559546193498
"irgarol",16.5669577902698,0.00792483163030618,0.00537187411175803,0.0113544396441118
"irgarol",16.6618172446432,0.00791352004491064,0.00535634065415776,0.011353490115217
"irgarol",16.7572198473844,0.00790048427240315,0.00534375939371945,0.0113519651009453
"irgarol",16.8531687084644,0.00788695780205022,0.00532999772948628,0.011343825431446
"irgarol",16.9496669556613,0.00787626755693719,0.00531564866573284,0.0113247493724805
"irgarol",17.0467177346624,0.00786689533342089,0.00530370808780481,0.0113193212044089
"irgarol",17.1443242091665,0.00785452014193593,0.00528210589586333,0.0113172394996521
"irgarol",17.2424895609873,0.00784598122456292,0.00526777307835676,0.0113106370398464
"irgarol",17.3412169901568,0.00783697681949243,0.00525416293798845,0.0113087540078905
"irgarol",17.4405097150301,0.0078251252720517,0.00524292070752433,0.0113087505493515
"irgarol",17.5403709723898,0.00781657594385816,0.0052364782455078,0.0113051897545142
"irgarol",17.6408040175517,0.00780522382598331,0.00522369854912533,0.0113051897539285
"irgarol",17.7418121244713,0.00779686904053634,0.00521336074070689,0.0113051897534165
"irgarol",17.8433985858499,0.00778875182911417,0.00520402585012073,0.0113050980150882
"irgarol",17.9455667132423,0.00778239648789125,0.00518809166465208,0.01130029505219
"irgarol",18.0483198371645,0.00777496497255735,0.00517230981287377,0.0112966202228057
"irgarol",18.1516613072029,0.0077652084918474,0.00515668893769313,0.0112910054313328
"irgarol",18.2555944921224,0.00775902692850139,0.00514071852101587,0.0112908325471102
"irgarol",18.3601227799775,0.00774976607754599,0.00512819837368547,0.0112862639990993
"irgarol",18.4652495782216,0.00774084342495672,0.00511320596789424,0.0112746438107703
"irgarol",18.5709783138188,0.00773125227619068,0.00510267701969082,0.0112657132662295
"irgarol",18.6773124333554,0.00772165588081371,0.00509224541705374,0.0112613264336841
"irgarol",18.7842554031522,0.00771280185630761,0.00508214960318328,0.0112598514306104
"irgarol",18.8918107093774,0.0077044468448374,0.00507212643266812,0.0112598512570392
"irgarol",18.9999818581605,0.00769670567432768,0.00505671320091635,0.0112555841627603
"irgarol",19.1087723757067,0.00768940008023944,0.00504752252225943,0.0112441448377572
"irgarol",19.2181858084112,0.00767989224068333,0.00503748909489584,0.0112435014023076
"irgarol",19.3282257229755,0.00767161972411206,0.00502335578544322,0.0112435012173494
"irgarol",19.4388957065233,0.00766328602076674,0.00500935397596715,0.0112430278666302
"irgarol",19.5501993667176,0.00765409382674715,0.00499948127948283,0.0112420543897521
"irgarol",19.6621403318782,0.00764519734144702,0.00499877520643664,0.0112420461279103
"irgarol",19.7747222510999,0.00763942590675248,0.00498860314187717,0.0112417400393743
"irgarol",19.8879487943718,0.00763204691381586,0.00496902082241302,0.011232348952075
"irgarol",20.0018236526966,0.00762393601786674,0.00496717890201625,0.0112323480397353
"irgarol",20.1163505382109,0.00761535317354134,0.00495467795491526,0.0112323471945925
"irgarol",20.2315331843065,0.00760564238283984,0.00494453739299871,0.0112320446898959
"irgarol",20.3473753457519,0.0075950105484993,0.00493079099099038,0.0112273814604348
"irgarol",20.4638807988147,0.00758770534816722,0.00491790899505951,0.0112188870928747
"irgarol",20.5810533413848,0.00758295529519681,0.0049091821011644,0.0112182810743291
"irgarol",20.698896793098,0.00757636624218738,0.00490064670576372,0.011212604340494
"irgarol",20.8174149954608,0.00756840457242419,0.00489069490244435,0.0112117462090922
"irgarol",20.9366118119755,0.00756124972839696,0.00487775820237871,0.0112091028436049
"irgarol",21.0564911282659,0.00755417317897092,0.0048689084254032,0.0112091028136958
"irgarol",21.1770568522046,0.00754768518378827,0.00486031492222719,0.0111967423713328
"irgarol",21.2983129140395,0.0075385623925745,0.00484779593038276,0.0111967423689393
"irgarol",21.4202632665227,0.00753263511287841,0.00483493301245375,0.0111967423668067
"irgarol",21.5429118850391,0.00752735689042966,0.00482026803650749,0.0111967423649075
"irgarol",21.6662627677358,0.0075224813423389,0.00481153888135544,0.0111967423632169
"irgarol",21.7903199356525,0.00751624171250398,0.00479988019050794,0.0111963434151306
"irgarol",21.9150874328529,0.00751287630065193,0.00478870732400845,0.0111902404914035
"irgarol",22.0405693265562,0.00750707973766979,0.00477582357834162,0.0111902404761205
"irgarol",22.1667697072696,0.00749900747622442,0.00476640708526214,0.0111902404624236
"irgarol",22.293692688922,0.00749138583803575,0.00475890201780876,0.0111902404501555
"irgarol",22.421342408998,0.00748381113447694,0.00475058505664195,0.0111902404391735
"irgarol",22.5497230286724,0.00747590670035459,0.0047414307934857,0.0111902404293487
"irgarol",22.6788387329465,0.00746962654197396,0.00473384058834045,0.0111882325087086
"irgarol",22.808693730784,0.00746203554661581,0.00472568103022842,0.011187900752599
"irgarol",22.9392922552483,0.00745506421297925,0.00471523800693241,0.0111879007523118
"irgarol",23.0706385636406,0.00745072930928139,0.00470566860200317,0.0111877587575503
"irgarol",23.2027369376388,0.00744405468101872,0.00469889645661888,0.011186657554441
"irgarol",23.3355916834368,0.00743644787606668,0.00468706100342789,0.011186657236966
"irgarol",23.4692071318851,0.00742891723354688,0.00467728517290612,0.0111866569447242
"irgarol",23.6035876386317,0.00742205273418166,0.00466799634651632,0.0111866566758162
"irgarol",23.7387375842643,0.00741569482995041,0.00465778428364396,0.0111803971904478
"irgarol",23.8746613744534,0.00740737085273249,0.00464531774001458,0.0111801703405043
"irgarol",24.0113634400951,0.00740276961913166,0.00463441247198798,0.0111773282529042
"irgarol",24.1488482374564,0.00739827209259458,0.00462387404427368,0.0111773282525376
"irgarol",24.2871202483198,0.00739221983927207,0.00461730785294475,0.0111773282522158
"irgarol",24.4261839801299,0.00738622336956152,0.00460763632346829,0.0111773282519334
"irgarol",24.5660439661401,0.00737819893842828,0.00460130134075995,0.0111773282516859
"irgarol",24.7067047655602,0.00737306847811381,0.00459362192478756,0.0111772050949459
"irgarol",24.8481709637056,0.00736722162618242,0.00458520574712741,0.0111718225914004
"irgarol",24.9904471721461,0.00736183847201299,0.00457755911910743,0.0111660035840847
"irgarol",25.1335380288566,0.0073579454981965,0.00457173371208752,0.0111602437404859
"irgarol",25.2774481983681,0.00735213820031573,0.00456502991183658,0.0111594650017747
"irgarol",25.4221823719203,0.00734705066749337,0.00455846000681717,0.0111590246459408
"irgarol",25.5677452676136,0.00734240941561781,0.00455111255595876,0.0111582434509406
"irgarol",25.7141416305636,0.00733917480000244,0.00454183490055909,0.0111582434508151
"irgarol",25.8613762330557,0.00733574800118562,0.00453264289603096,0.0111582434507058
"irgarol",26.0094538747005,0.00733073327323807,0.00452353575370662,0.0111579887817358
"irgarol",26.1583793825902,0.00732593257564663,0.00451427163447349,0.0111571086007714
"irgarol",26.3081576114561,0.00732191731898096,0.00450104532897795,0.0111570961206789
"irgarol",26.4587934438271,0.00731921009935255,0.00449568858844099,0.0111568391501565
"irgarol",26.6102917901881,0.00731481590008068,0.00448738111898274,0.0111568391501345
"irgarol",26.7626575891409,0.00730930408622325,0.00447764861672365,0.0111568391501156
"irgarol",26.9158958075649,0.00730624143288974,0.00447007997014007,0.0111568391500992
"irgarol",27.0700114407788,0.00730235610162872,0.00446334006061783,0.0111568391500851
"irgarol",27.2250095127037,0.00729786727386117,0.00445438691031064,0.0111568391500729
"irgarol",27.3808950760267,0.00729144440016273,0.00444444576202454,0.0111568391500624
"irgarol",27.5376732123657,0.00728703877695756,0.00443638457870328,0.0111568391500534
"irgarol",27.6953490324351,0.00728186578779633,0.00443019103829199,0.0111568391500457
"irgarol",27.8539276762124,0.00727929570889272,0.00442406233704654,0.011156839150039
"irgarol",28.0134143131055,0.00727615700038449,0.00441802174452504,0.0111568391500333
"irgarol",28.1738141421216,0.00727123485640983,0.0044120409309068,0.0111568391500284
"irgarol",28.3351323920364,0.00726819195547357,0.00440618449887824,0.0111555522722434
"irgarol",28.4973743215645,0.00726485146017245,0.00439348353556471,0.0111500229642249
"irgarol",28.6605452195314,0.00726089850337924,0.00438707027662334,0.0111494541088623
"irgarol",28.8246504050449,0.00725631793213164,0.00438155160367004,0.0111494541078839
"irgarol",28.9896952276695,0.00725250325481069,0.00437608798570952,0.0111494541070097
"irgarol",29.1556850676003,0.00724654648666276,0.0043706788743677,0.011149454106229
"irgarol",29.3226253358382,0.00724104434772725,0.00436532372671448,0.0111493424812662
"irgarol",29.4905214743667,0.00723675801156179,0.0043602838275576,0.0111488104502601
"irgarol",29.6593789563293,0.00723182422758684,0.00435562243517182,0.0111488104502307
"irgarol",29.8292032862073,0.00722748690627373,0.00435100766483166,0.0111488104502045
"irgarol",30,0.00722581202987923,0.00434431118354373,0.0111488104501812
"simazine",0.1,0.675781577997085,0.66056758375,0.689606428771157
"simazine",0.100804658307517,0.675779135110892,0.66056758375,0.689602969185052
"simazine",0.101615791364953,0.675777238238616,0.66056758375,0.689599639621065
"simazine",0.102433451271921,0.675775692307097,0.660567579074652,0.689597028904244
"simazine",0.103257690547257,0.675774578303256,0.660567568528925,0.689592208810958
"simazine",0.104088562132396,0.675772902471004,0.660567557863129,0.689588349890279
"simazine",0.10492611939477,0.675770210380375,0.660567547075897,0.689579098494209
"simazine",0.105770416131236,0.675768206056785,0.660567536165846,0.689567621272396
"simazine",0.106621506571531,0.675766367140038,0.66056752513158,0.68955607257428
"simazine",0.107479445381759,0.675764196463435,0.660567513971683,0.689550020486021
"simazine",0.108344287667897,0.67576159257545,0.660567502684725,0.689545622313553
"simazine",0.109216088979337,0.675758743092904,0.66056749126926,0.689541421834301
"simazine",0.110094905312455,0.675755869295577,0.66056743959731,0.689537186828855
"simazine",0.110980793114205,0.675752970975838,0.660567333696361,0.689532917013702
"simazine",0.111873809285747,0.675750478893988,0.660567226964337,0.689530483009328
"simazine",0.112774011186101,0.675748471197846,0.660567119394723,0.689529466894409
"simazine",0.113681456635831,0.675746631830324,0.660567010980953,0.68952844003735
"simazine",0.114596203920758,0.675744906226816,0.66056690171641,0.689527402323937
"simazine",0.115518311795706,0.675743651488636,0.660564286,0.689519512977212
"simazine",0.116447839488274,0.675741782899345,0.660564286,0.689506037516418
"simazine",0.11738484670264,0.675739016986719,0.660564286,0.689501175953792
"simazine",0.1183293936234,0.675736226719925,0.660564286,0.689487154621174
"simazine",0.119281540919425,0.675732735812499,0.660564286,0.689474368978027
"simazine",0.120241349747768,0.675730336031238,0.660564286,0.689469639048697
"simazine",0.121208881757585,0.675727890434829,0.660564286,0.689465060588453
"simazine",0.122184199094096,0.675725234829153,0.660564286,0.689460576357001
"simazine",0.12316736440258,0.675721902508361,0.660564286,0.689456054107647
"simazine",0.124158440832396,0.675719063449949,0.660564286,0.689451493518576
"simazine",0.125157492041038,0.675716733057091,0.660564286,0.689446894265257
"simazine",0.126164582198226,0.675714381296015,0.660564286,0.689442256020424
"simazine",0.127179775990029,0.675711954865116,0.660564286,0.689437578454045
"simazine",0.128203138623014,0.675708635041544,0.660564286,0.689432188639857
"simazine",0.129234735828443,0.67570638964105,0.660564286,0.689426728643125
"simazine",0.130274633866484,0.675704123309192,0.660564286,0.689422833578043
"simazine",0.131322899530479,0.675701835850289,0.660564286,0.689417758091728
"simazine",0.132379600151223,0.675699550356669,0.660564286,0.689412862190088
"simazine",0.133444803601298,0.675697801003551,0.660564286,0.689407924804067
"simazine",0.134518578299427,0.675695763704816,0.660564286,0.689402945582778
"simazine",0.135600993214867,0.675693598818106,0.660564266159852,0.689397924172378
"simazine",0.136692117871847,0.675691027863945,0.660564234441947,0.689392860216039
"simazine",0.137792022354024,0.675687979628361,0.660563533804685,0.689387753353929
"simazine",0.138900777308992,0.675684199948036,0.660562271815562,0.689382603223183
"simazine",0.140018453952815,0.675680387728369,0.6605609971424,0.689377409457878
"simazine",0.141145124074603,0.675676542689566,0.660559709657765,0.689372171689007
"simazine",0.142280860041125,0.675672664549428,0.660558409232948,0.689366889544457
"simazine",0.143425734801453,0.675669366774089,0.660557095737943,0.689361562648979
"simazine",0.144579821891651,0.675666325073755,0.660555769041442,0.689356190624162
"simazine",0.145743195439496,0.675663130055178,0.660554429010817,0.689350773088409
"simazine",0.146915930169241,0.675658822695613,0.660553075512112,0.689345309656907
"simazine",0.148098101406414,0.675656015681328,0.660551708410022,0.689339799941604
"simazine",0.149289785082657,0.675652396832375,0.660550453,0.68933424355118
"simazine",0.150491057740599,0.67564929040154,0.660550453,0.68932864009102
"simazine",0.151701996538779,0.675646155885866,0.660550453,0.689323823836878
"simazine",0.152922679256598,0.675642993031192,0.660550453,0.68931962532659
"simazine",0.154153184299315,0.675640702902817,0.660550453,0.689315390093952
"simazine",0.155393590703082,0.67563780531844,0.660550453,0.689311117818221
"simazine",0.156643978140024,0.675634214573382,0.660550453,0.689306808175858
"simazine",0.157904426923353,0.675629164169506,0.660550453,0.689301179936882
"simazine",0.15917501801253,0.675624711483761,0.660550437913262,0.689294896275805
"simazine",0.16045583301846,0.675621275999212,0.660550418257773,0.689288561051352
"simazine",0.161746954208739,0.67561869186704,0.660550398378521,0.689282173841348
"simazine",0.163048464512936,0.675616110093793,0.660550378272959,0.689275734220177
"simazine",0.164360447527919,0.675611791288761,0.660550357938513,0.689269241758756
"simazine",0.165682987523225,0.6756079511233,0.660550337372576,0.689257017173599
"simazine",0.167016169446473,0.675604078386176,0.660550316572515,0.689250433526628
"simazine",0.168360078928822,0.675602550932027,0.660550295535664,0.689243795212567
"simazine",0.169714802290465,0.675600502888997,0.660550274259329,0.68923710177624
"simazine",0.171080426546182,0.67559866924366,0.660550252740784,0.689230352758685
"simazine",0.172457039410922,0.675597720739989,0.660550230977273,0.68922370209548
"simazine",0.17384472930544,0.675596146889579,0.660550208966007,0.689217177266451
"simazine",0.175243585361978,0.675594556318362,0.660550186704168,0.689210597169987
"simazine",0.176653697429984,0.675592578357298,0.660550164188903,0.689202723713455
"simazine",0.178075156081891,0.67558904559678,0.660550141417328,0.689194537157837
"simazine",0.179508052618929,0.675585481259938,0.660550118386526,0.689186287983492
"simazine",0.180952479076989,0.675581885062591,0.66054990864837,0.68917797571223
"simazine",0.182408528232541,0.675578857489445,0.660548989880957,0.689169599862219
"simazine",0.183876293608584,0.675574984989268,0.660548060654597,0.689161159947963
"simazine",0.185355869480661,0.675571077259667,0.660547120850267,0.689152655480272
"simazine",0.186847350882908,0.675568465944169,0.660546170347588,0.689144085966234
"simazine",0.188350833614163,0.675565617308701,0.66054520902481,0.689134514922804
"simazine",0.189866414244118,0.675561969288541,0.660544236758803,0.689114465701251
"simazine",0.191394190119519,0.675558045460108,0.66054422075,0.689102335436309
"simazine",0.192934259370421,0.675552337298347,0.66054422075,0.689096472132547
"simazine",0.194486720916492,0.675547867328131,0.66054422075,0.689090558369692
"simazine",0.196051674473365,0.675542380128933,0.66054422075,0.689084847887335
"simazine",0.197629220559042,0.675536214051704,0.66054422075,0.689072674144031
"simazine",0.199219460500352,0.675530588517534,0.66054422075,0.689057523932175
"simazine",0.200822496439459,0.675526127781377,0.66054422075,0.689042274241772
"simazine",0.202438431340423,0.67551701229749,0.660544116599783,0.689025881982574
"simazine",0.204067368995811,0.675506756943375,0.660541547477183,0.689011264812291
"simazine",0.205709414033368,0.675499526963922,0.660537169136665,0.688998126333879
"simazine",0.207364671922733,0.675492236845265,0.660532752030277,0.688992514940195
"simazine",0.209033248982215,0.675484886088384,0.660531518464318,0.688986853327819
"simazine",0.210715252385624,0.675478438854886,0.660530392071824,0.688981141045764
"simazine",0.212410790169151,0.67547351644095,0.660529252857715,0.688975377638996
"simazine",0.214119971238311,0.67546875241226,0.6605281006761,0.688969562648391
"simazine",0.215842905374934,0.675464510262441,0.660526935379425,0.688963801450662
"simazine",0.21757970324422,0.675459419898157,0.660525756818462,0.688949146597923
"simazine",0.219330476401846,0.675453721418931,0.660524564842285,0.688926274080166
"simazine",0.221095337301131,0.675446002389293,0.66052335929825,0.688903262764272
"simazine",0.222874399300258,0.675440228678212,0.660522140031982,0.688880111811638
"simazine",0.224667776669557,0.675435938641572,0.660520906887346,0.6888675957013
"simazine",0.226475584598843,0.675433069708024,0.660519659706434,0.68885938311805
"simazine",0.228297939204816,0.675430171728892,0.660518398329545,0.688839213322596
"simazine",0.230134957538519,0.675427244410392,0.660517122595159,0.688831480442088
"simazine",0.231986757592854,0.675423167586343,0.660515832339922,0.68881139088115
"simazine",0.233853458310165,0.675417221893522,0.66051452739862,0.688793583662039
"simazine",0.235735179589874,0.67541078504942,0.660513207604165,0.68878514734738
"simazine",0.237632042296185,0.675404292722104,0.660511872787568,0.688776755708636
"simazine",0.239544168265845,0.675399103861557,0.660510522777916,0.688768571266464
"simazine",0.241471680315969,0.675394109336232,0.660509157402358,0.688760317519326
"simazine",0.243414702251933,0.675388470919086,0.660507776486075,0.688743028795326
"simazine",0.245373358875322,0.675382183801291,0.660506379852262,0.688734354166171
"simazine",0.247347775991947,0.675376232463278,0.660504967322105,0.688728944471887
"simazine",0.249338080419926,0.675368601493317,0.66050414375,0.688723636819387
"simazine",0.251344399997829,0.675361106859757,0.66050414375,0.688717082826744
"simazine",0.253366863592891,0.675354608454857,0.66050414375,0.688708294514516
"simazine",0.255405601109287,0.675348413772638,0.66050414375,0.688699431947209
"simazine",0.257460743496478,0.675342568070241,0.66050414375,0.688690494499351
"simazine",0.259532422757618,0.675336827699483,0.66050414375,0.688681481540232
"simazine",0.261620771958038,0.675331148357591,0.66050414375,0.688672392433863
"simazine",0.26372592523379,0.675325359099522,0.66050414375,0.688663226538933
"simazine",0.265848017800261,0.675318940142843,0.66050414375,0.688653983208765
"simazine",0.267987185960861,0.675313771036047,0.66050414375,0.688631561388787
"simazine",0.270143567115777,0.675307923596232,0.66050414375,0.688607117590093
"simazine",0.272317299770797,0.67530211015809,0.66050414375,0.688585515336998
"simazine",0.27450852354621,0.675297273475298,0.66050414375,0.688580946980876
"simazine",0.276717379185768,0.675292831703027,0.660504135946933,0.688576349793979
"simazine",0.278944008565731,0.675287364157602,0.660504072708075,0.688571755959774
"simazine",0.281188554703977,0.675278208313068,0.660504008825352,0.688567124485042
"simazine",0.28345116176919,0.675270800776076,0.660503944292212,0.688562447485268
"simazine",0.28573197509012,0.675264713564027,0.660503879102035,0.688549097027621
"simazine",0.288031141164917,0.675259115917945,0.660503813248138,0.688535355449733
"simazine",0.290348807670537,0.675252630753471,0.660503746723764,0.688521504408932
"simazine",0.292685123472236,0.675245778296711,0.660503679522092,0.688508208802699
"simazine",0.295040238633122,0.675239829880126,0.66050361163623,0.688499904253266
"simazine",0.297414304423803,0.675233825461103,0.660503543059216,0.688482470468971
"simazine",0.299807473332094,0.675227609660785,0.660503445249284,0.688464438654639
"simazine",0.302219899072819,0.675218766541173,0.660503279249152,0.688450868891697
"simazine",0.304651736597679,0.67521120108208,0.660502798863789,0.688440002396229
"simazine",0.307103142105208,0.675201789194094,0.660496208646953,0.688427352313839
"simazine",0.309574273050804,0.675193368825136,0.6604948325,0.688411714702685
"simazine",0.312065288156844,0.675185952794802,0.660494798657425,0.688395990736179
"simazine",0.314576347422876,0.67517970690798,0.660494675799652,0.688383424111083
"simazine",0.317107612135899,0.675171493851647,0.660491958417854,0.688371322797413
"simazine",0.31965924488072,0.675163209023061,0.660487059966764,0.688357657439208
"simazine",0.3222314095504,0.675154851795504,0.660482052334737,0.688337318287882
"simazine",0.324824271356778,0.675148235538529,0.660481739532599,0.688314955001546
"simazine",0.327437996841083,0.675143309864775,0.660481662092235,0.688298387165891
"simazine",0.330072753884633,0.675135849356337,0.660480857617372,0.688281860524654
"simazine",0.332728711719617,0.675127338434127,0.660474016548442,0.688268621797437
"simazine",0.335406040939964,0.67511329975479,0.660467109942302,0.688264273048642
"simazine",0.338104913512303,0.675100710274603,0.660460141107975,0.688253776163846
"simazine",0.340825502787004,0.675093447628536,0.660454089653283,0.688238837243957
"simazine",0.343567983509317,0.675085092463459,0.660454007360772,0.688203335787897
"simazine",0.346332531830595,0.675076810445373,0.660453924230531,0.688184096986066
"simazine",0.349119325319605,0.675067200928517,0.660453840254039,0.688171935890522
"simazine",0.351928542973938,0.67505743383651,0.660453755422688,0.688159672194668
"simazine",0.354760365231503,0.675048539299122,0.660452139383437,0.68814730503664
"simazine",0.357614973982117,0.675036178675423,0.660448763260765,0.68813483542251
"simazine",0.36049255257919,0.675026139619128,0.660445352770733,0.688122356435828
"simazine",0.3633932858515,0.675017351506587,0.660441907563748,0.688109772146787
"simazine",0.366317360115064,0.675008595343593,0.660438427286665,0.688097081670721
"simazine",0.369264963185108,0.674999710593359,0.660434911582754,0.688084284115604
"simazine",0.372236284388128,0.674989184211887,0.660431360091658,0.688062109514221
"simazine",0.375231514574051,0.674981427384656,0.660427769904731,0.688039195266651
"simazine",0.378250846128495,0.674972785420488,0.660425433346864,0.688019549305763
"simazine",0.381294472985122,0.674958641113624,0.660425286607012,0.688005297160816
"simazine",0.384362590638102,0.674949826733721,0.660425138472708,0.687991061912472
"simazine",0.38745539615466,0.674939051272651,0.660424988930726,0.687976713835043
"simazine",0.390573088187743,0.674926641856831,0.660424000740867,0.687964177342289
"simazine",0.393715866988772,0.674917391716483,0.660418057237681,0.687952185477111
"simazine",0.396883934420512,0.674908439989852,0.660412057258187,0.687940086724552
"simazine",0.400077493970028,0.674898135587018,0.660405917753241,0.687927880135601
"simazine",0.403296750761765,0.674889907341551,0.660399595590437,0.687915564752889
"simazine",0.406541911570717,0.674882154423663,0.660393213405065,0.687898854795692
"simazine",0.409813184835711,0.674872264047321,0.660386770628444,0.687880898738335
"simazine",0.413110780672793,0.674860668913155,0.660380266686531,0.687872884175801
"simazine",0.416434910888726,0.674850560327835,0.660375809538931,0.68786525414376
"simazine",0.419785788994595,0.674841833080565,0.660370584994948,0.687852321831
"simazine",0.423163630219517,0.674830548138326,0.660361919960361,0.687839333103911
"simazine",0.426568651524471,0.674821223884737,0.660354987504677,0.687826228641388
"simazine",0.430001071616227,0.674810378634656,0.660351794585951,0.687808214146759
"simazine",0.433461110961401,0.674801452223049,0.660348565476634,0.687778358287091
"simazine",0.436948991800609,0.674791962925928,0.660345299766782,0.687761931172403
"simazine",0.440464938162746,0.674781003289954,0.660341997041817,0.687751829821956
"simazine",0.444009175879373,0.674771929787121,0.660338656882473,0.687741677990425
"simazine",0.447581932599226,0.674762774953849,0.660336004974567,0.687731433908987
"simazine",0.451183437802833,0.674753858496875,0.660332014703695,0.687721096741509
"simazine",0.454813922817255,0.67474422940099,0.660328676977254,0.687710665644328
"simazine",0.45847362083095,0.674732926065157,0.660325301285179,0.68769480236855
"simazine",0.462162766908742,0.6747208836942,0.660321887196096,0.687677784006187
"simazine",0.465881598006925,0.674710225137036,0.660318434273743,0.687654981044737
"simazine",0.469630352988483,0.674697832602523,0.660314942076913,0.687631999426637
"simazine",0.473409272638428,0.674686955899924,0.660311410159395,0.687608837764308
"simazine",0.47721859967927,0.674677805264068,0.660307838069921,0.687585494659584
"simazine",0.481058578786607,0.674666960564038,0.66030422535211,0.687561968703638
"simazine",0.484929456604839,0.674654294213567,0.660300571544405,0.687538258476902
"simazine",0.488831481763009,0.674643389686922,0.660296876180021,0.687514362548988
"simazine",0.492764904890775,0.674632438113198,0.660293138786881,0.687490279478609
"simazine",0.496729978634508,0.674620982022012,0.660289358887561,0.687470339483781
"simazine",0.50072695767352,0.674611522686786,0.660285535999223,0.687454759230081
"simazine",0.504756098736419,0.674600011231597,0.660281669633561,0.687439116270334
"simazine",0.508817660617602,0.674584831660733,0.660277643041457,0.687423724496053
"simazine",0.512911904193877,0.674572154667023,0.660273542015381,0.68740942873658
"simazine",0.517039092441219,0.674559575191569,0.660269394444469,0.68739123094626
"simazine",0.521199490451659,0.674545871221853,0.660266435864516,0.687370661555636
"simazine",0.525393365450317,0.674529554122563,0.660266284887827,0.687343034665439
"simazine",0.529620986812558,0.67451368401834,0.660266132291035,0.687319602078311
"simazine",0.5338826260813,0.674499634540488,0.660265978056789,0.687296335045608
"simazine",0.538178556984455,0.674488283302452,0.660265822167555,0.687276330535492
"simazine",0.542509055452508,0.674473447642541,0.660265664605612,0.687256167989537
"simazine",0.54687439963624,0.674457748003933,0.660265505353049,0.687235846165332
"simazine",0.551274869924599,0.674452665292851,0.660265344391766,0.687215421487223
"simazine",0.555710748962703,0.674439185189136,0.66026486275111,0.687194958776942
"simazine",0.560182321669998,0.674425964011164,0.660256437269672,0.687174334234651
"simazine",0.56468987525856,0.674412422044982,0.660251751795668,0.687152340119372
"simazine",0.569233699251537,0.674398417258826,0.660245200533994,0.687130719852476
"simazine",0.573814085501753,0.67438522892055,0.660238578987961,0.687111222257926
"simazine",0.578431328210448,0.674371660278881,0.660231886405251,0.687089896871846
"simazine",0.583085723946176,0.674357778230372,0.660230586181514,0.68706844191645
"simazine",0.587777571663857,0.674340447995485,0.660223020999884,0.687046817211738
"simazine",0.592507172723973,0.674323927578462,0.660223020999863,0.687026887593511
"simazine",0.597274830911933,0.674306348181239,0.660223020999839,0.687004125377906
"simazine",0.602080852457576,0.674289090972287,0.660223020999811,0.686983540956282
"simazine",0.606925546054847,0.674271401219237,0.660223020999778,0.686967043620898
"simazine",0.611809222881623,0.674256186709644,0.660223020999739,0.68693550570217
"simazine",0.616732196619697,0.674240072664819,0.660223020999694,0.686912652564464
"simazine",0.621694783474932,0.674224339379464,0.660223020999642,0.68688971892568
"simazine",0.626697302197565,0.674206943535105,0.660222941503003,0.686864035096677
"simazine",0.631740074102685,0.674188631246477,0.660221218555674,0.686830573920876
"simazine",0.636823423090869,0.674169676766304,0.660221026247459,0.686807076514876
"simazine",0.641947675668986,0.674153073905144,0.660221026247059,0.686783552414184
"simazine",0.647113160971171,0.674135560696223,0.6602210262466,0.686760016645299
"simazine",0.652320210779964,0.674114243632972,0.660221026246072,0.686736285747918
"simazine",0.657569159547619,0.674103499844019,0.660221026245465,0.686712358117803
"simazine",0.662860344417591,0.674083062312414,0.660221026244769,0.686688232137754
"simazine",0.668194105246186,0.674063096009793,0.660221026243971,0.686663906177512
"simazine",0.67357078462439,0.67404296743293,0.660221026243056,0.686638119166285
"simazine",0.67899072789988,0.674023330887817,0.66021408338674,0.686604364164357
"simazine",0.684454283199199,0.674004051239996,0.660204122249565,0.686563210146074
"simazine",0.68996180145012,0.673986094989675,0.660204122249493,0.686525915422255
"simazine",0.695513636404185,0.673971810533768,0.660204122249409,0.686502141296305
"simazine",0.701110144659427,0.673954943665266,0.660204122249313,0.68646787878575
"simazine",0.706751685683276,0.673937422547745,0.6602041222492,0.686433354978955
"simazine",0.712438621835646,0.673916187399543,0.660204122249071,0.686402827752018
"simazine",0.718171318392208,0.673897932145291,0.660203893408761,0.686378654992082
"simazine",0.723950143567858,0.673876765952356,0.660198687861828,0.686354275740458
"simazine",0.729775468540361,0.673857949688571,0.660185452349254,0.686327884427691
"simazine",0.735647667474195,0.673838946899078,0.660171844676111,0.686298166753822
"simazine",0.741567117544584,0.673823486061394,0.660158844892525,0.686263329000405
"simazine",0.747534198961723,0.673803210178909,0.660144226463999,0.686242836203018
"simazine",0.753549294995202,0.673791480685725,0.660129292710787,0.686218779435216
"simazine",0.759612791998619,0.673768462819583,0.660112110594848,0.686191818141627
"simazine",0.765725079434401,0.673751235473722,0.660094772109957,0.686164629570216
"simazine",0.771886549898814,0.673725627797016,0.660087761657225,0.686137211823386
"simazine",0.778097599147183,0.673708375461381,0.660073632465299,0.68609031927936
"simazine",0.784358626119314,0.673688105637051,0.66006155016778,0.686054562996034
"simazine",0.790670032965113,0.673666017142147,0.660061059272991,0.686021898605817
"simazine",0.797032225070417,0.673644990265705,0.660047043567149,0.685978847108095
"simazine",0.803445611083036,0.673626635940308,0.660041924148081,0.685935746295561
"simazine",0.809910602939,0.673606716919859,0.660031540722781,0.685902459050848
"simazine",0.816427615889012,0.673586644665731,0.660015196118735,0.685862449830524
"simazine",0.822997068525129,0.673565936784577,0.660001678650716,0.685837925869181
"simazine",0.829619382807641,0.673539227770826,0.659982047401952,0.68581045179552
"simazine",0.836294984092177,0.673517390013683,0.659975012199384,0.685778163232684
"simazine",0.843024301157025,0.673493822411535,0.659975012193361,0.685746048808755
"simazine",0.849807766230675,0.673473781743778,0.659975002746058,0.685713782371184
"simazine",0.856645815019578,0.673452336796163,0.65997457457927,0.685681248487519
"simazine",0.863538886736133,0.673432990798662,0.659972496991716,0.68565564576909
"simazine",0.870487424126898,0.673411036161161,0.659968493273425,0.685623023546608
"simazine",0.877491873501029,0.673386741283464,0.659946027714427,0.68559113535067
"simazine",0.884552684758945,0.673359026660496,0.65992337415277,0.685556811627511
"simazine",0.891670311421226,0.67333373623102,0.65992265181798,0.685521243858477
"simazine",0.898845210657742,0.673314380458471,0.659922296297332,0.685491804123795
"simazine",0.906077843317022,0.673290729675452,0.659921937086867,0.685462213135539
"simazine",0.913368673955847,0.673266983569133,0.659921354483787,0.685432369174118
"simazine",0.920718170869093,0.673242305299716,0.659907053376458,0.685400930978135
"simazine",0.928126806119814,0.673217200700136,0.659892603902371,0.685357701727753
"simazine",0.935595055569552,0.673195577278995,0.659890158605953,0.68531433664328
"simazine",0.943123398908914,0.673170432668691,0.659889498844004,0.68528345316
"simazine",0.950712319688375,0.673148891327176,0.659864261175533,0.685260769929733
"simazine",0.958362305349338,0.673125283088151,0.659837700069417,0.68524234052091
"simazine",0.966073847255446,0.673096535586801,0.659830860727366,0.685210342939933
"simazine",0.97384744072414,0.673070125433487,0.659830427451095,0.685174867597828
"simazine",0.981683585058472,0.673047375247704,0.659822388233746,0.685125476375581
"simazine",0.989582783579179,0.67302292681294,0.659804768906259,0.685065233141029
"simazine",0.997545543657011,0.672992384959335,0.659787049582436,0.685024259745011
"simazine",1.00557237674532,0.672968739578105,0.659769077174235,0.684991033596176
"simazine",1.0136637984129,0.672941253622699,0.659750875409443,0.684952170219353
"simazine",1.02182032837712,0.672907310368481,0.659732496277764,0.684906506833899
"simazine",1.03004249053731,0.67288646712903,0.659713938061633,0.684860711827606
"simazine",1.03833081300838,0.672857716935272,0.659695199027064,0.684831866218809
"simazine",1.04668582815476,0.672830540528097,0.659676277423497,0.684795954365205
"simazine",1.05510807262462,0.672807673270162,0.659665471815026,0.684750589750941
"simazine",1.06359808738428,0.672777692482362,0.659638271683908,0.684696603076021
"simazine",1.07215641775301,0.672751372281301,0.65961513870806,0.684645049143228
"simazine",1.08078361343804,0.672721574888185,0.659598467130548,0.684603810260115
"simazine",1.08948022856986,0.672688424660511,0.659588936710317,0.684570688092687
"simazine",1.0982468217378,0.672659833192513,0.659572080619455,0.68451946948415
"simazine",1.10708395602596,0.672630416450159,0.659565202391431,0.684476985213446
"simazine",1.11599219904932,0.672599771875165,0.65955307887563,0.684434123068862
"simazine",1.12497212299021,0.672565378911282,0.659540675457274,0.684385846054972
"simazine",1.13402430463511,0.672536635074922,0.659519731251205,0.684338024109628
"simazine",1.14314932541162,0.672503566380466,0.659496419211132,0.684290167003595
"simazine",1.15234777142587,0.672468853360804,0.659488109330387,0.684242310316371
"simazine",1.16162023350014,0.67243892235113,0.65946062833477,0.684208540536128
"simazine",1.1709673072108,0.67241217218482,0.659443920106714,0.684168299841768
"simazine",1.18038959292659,0.672375394352472,0.659428384803453,0.684122974499304
"simazine",1.18988769584714,0.672340447857335,0.659411675275128,0.684071369841376
"simazine",1.1994622260419,0.672305140086502,0.659390187347261,0.684019426855984
"simazine",1.20911379848928,0.672274092210242,0.65936824676906,0.683984156757183
"simazine",1.21884303311616,0.672241360098033,0.65935682831126,0.683937779709693
"simazine",1.22865055483773,0.672210656891727,0.659356254760174,0.683888268894272
"simazine",1.23853699359759,0.672180666130331,0.659355666137762,0.683837136269759
"simazine",1.24850298440825,0.672148694611146,0.659345120533537,0.683790593810498
"simazine",1.25854916739189,0.672118992386472,0.659321369495977,0.683745440839965
"simazine",1.2686761878215,0.672083423704842,0.659291151398256,0.683696373093726
"simazine",1.2788846961623,0.672053561674903,0.65926066053727,0.683647045265164
"simazine",1.28917534811354,0.672018058945174,0.659233477133924,0.683597310093268
"simazine",1.2995488046506,0.671985625091194,0.65921125991786,0.683544779110211
"simazine",1.31000573206746,0.671949782573644,0.659201000826527,0.683489679001057
"simazine",1.3205468020195,0.671913992598084,0.659200437199851,0.683435580893213
"simazine",1.3311726915666,0.671875775555062,0.659183213477098,0.683380312717417
"simazine",1.3418840832167,0.671839790103748,0.659155655130994,0.683323073644358
"simazine",1.35268166496955,0.671808310876603,0.659127420273381,0.68326680480686
"simazine",1.36356613036099,0.671771808565977,0.659111915433247,0.683210279683039
"simazine",1.37453817850744,0.671734981210585,0.65909621384594,0.683145002438509
"simazine",1.38559851415079,0.671691133640479,0.659074266767621,0.683094850848732
"simazine",1.39674784770375,0.67165613888102,0.659047635640845,0.683037941001984
"simazine",1.40798689529536,0.671622446629328,0.659020907909452,0.682977902181364
"simazine",1.41931637881711,0.671590319775861,0.65899109229302,0.682920651926012
"simazine",1.43073702596922,0.671549022514644,0.658966549712215,0.682858301413176
"simazine",1.44224957030741,0.671514244865943,0.65894475897747,0.682800038578615
"simazine",1.45385475129002,0.671479238911289,0.658929020984358,0.682741245471861
"simazine",1.46555331432551,0.671440213406354,0.658897907931901,0.682681665453956
"simazine",1.47734601082033,0.671385077594525,0.658883999177501,0.682621586436623
"simazine",1.48923359822717,0.671349693258654,0.658882225699809,0.682567698320684
"simazine",1.50121684009364,0.67131070640773,0.658875443690219,0.68250692739197
"simazine",1.51329650611131,0.671263524838049,0.658869563756513,0.682440312685614
"simazine",1.5254733721651,0.671216997735003,0.658834138981322,0.682376529646985
"simazine",1.53774822038319,0.671171049360966,0.658822391471291,0.682326204783616
"simazine",1.55012183918721,0.671125536093604,0.658809656710325,0.682250989550686
"simazine",1.56259502334287,0.67108136424819,0.658790453658873,0.682191645096205
"simazine",1.57516857401105,0.671042603319479,0.658763853931212,0.682134304981938
"simazine",1.58784329879923,0.671001748722093,0.658725758235752,0.682078344837707
"simazine",1.60062001181338,0.670953461694269,0.658691712690741,0.682019593637416
"simazine",1.61349953371022,0.670910633630184,0.658660169261537,0.68196185663369
"simazine",1.62648269174997,0.670862123804415,0.658632585389266,0.681894764301284
"simazine",1.63957031984947,0.670818293632223,0.658602383181861,0.681844950924685
"simazine",1.65276325863573,0.670771890509269,0.658553098955177,0.681785439430789
"simazine",1.66606235549994,0.670727605680245,0.658518493860349,0.681731034875778
"simazine",1.67946846465188,0.67068183170719,0.658474329374219,0.681676012630388
"simazine",1.69298244717484,0.670637829011326,0.658435616603387,0.681620618283938
"simazine",1.70660517108084,0.670593305044165,0.658406954212463,0.681561545252026
"simazine",1.72033751136647,0.670550237131657,0.658389214132973,0.681486020524558
"simazine",1.73418035006901,0.670501938293606,0.658357105662114,0.681418938569622
"simazine",1.74813457632318,0.670448063536744,0.658356740754188,0.681355795106817
"simazine",1.76220108641815,0.670396071568117,0.65831833086406,0.681293910390832
"simazine",1.77638078385517,0.670348195907896,0.658286623546039,0.681228468380828
"simazine",1.7906745794056,0.670296680597303,0.658231176248852,0.681169149858719
"simazine",1.80508339116939,0.670254851853951,0.658181401671753,0.681102245722391
"simazine",1.81960814463405,0.670201505138727,0.658147516996631,0.681036955916651
"simazine",1.83424977273411,0.670146010403111,0.658108977612165,0.680979441094311
"simazine",1.84900921591104,0.67008938241044,0.658090728743949,0.680918051043899
"simazine",1.86388742217363,0.670030489128305,0.658056791351008,0.680857489473774
"simazine",1.87888534715892,0.669982446928984,0.658030563747179,0.680778282683959
"simazine",1.89400395419356,0.669935061213195,0.658003485049465,0.680696448723985
"simazine",1.90924421435568,0.669881723313221,0.657976106017901,0.680642759289399
"simazine",1.92460710653729,0.669830759596516,0.657948423351641,0.680576236115092
"simazine",1.94009361750711,0.669771074760599,0.657936389664904,0.680503913838377
"simazine",1.955704741974,0.669718749277535,0.657917197824443,0.680417425817692
"simazine",1.9714414826508,0.669666114169927,0.65788161784177,0.680346850151173
"simazine",1.9873048503188,0.669610594438453,0.657821687655697,0.680278268590275
"simazine",2.00329586389258,0.669558819513366,0.657804490263478,0.680209164139535
"simazine",2.01941555048554,0.669505377555853,0.657774014310372,0.680139388836863
"simazine",2.03566494547582,0.669449413225305,0.657739383311057,0.680069000606223
"simazine",2.05204509257281,0.669390038986056,0.657716375164856,0.679978841974177
"simazine",2.0685570438842,0.669332588173327,0.657669225129621,0.679903829627188
"simazine",2.08520185998355,0.669268555536149,0.657664355308971,0.679829428001624
"simazine",2.10198060997842,0.669207722868838,0.657647914981163,0.67975749168898
"simazine",2.11889437157901,0.669155841977806,0.657605817898226,0.67968500043501
"simazine",2.13594423116744,0.669098244096273,0.657560845784289,0.679616683393025
"simazine",2.15313128386747,0.669037563151341,0.657529776499479,0.679537935210035
"simazine",2.17045663361486,0.668968742579936,0.657497779317702,0.679463482975544
"simazine",2.18792139322831,0.668903940133872,0.657463377073446,0.679388576438039
"simazine",2.20552668448087,0.668840076904771,0.657416693290544,0.679313287832838
"simazine",2.22327363817206,0.668776386772359,0.657378911700288,0.67924237716048
"simazine",2.24116339420045,0.668706524593291,0.657325481166948,0.67917782339531
"simazine",2.25919710163692,0.668638187358314,0.657282342652235,0.679099766600767
"simazine",2.27737591879844,0.668578631823123,0.657239390675157,0.679042601988556
"simazine",2.29570101332245,0.668514825563319,0.657195932946941,0.678956682002937
"simazine",2.31417356224191,0.668453674763595,0.65715162062156,0.678860344549933
"simazine",2.33279475206086,0.66839237637921,0.657091171866403,0.678781704074976
"simazine",2.35156577883064,0.668326530422074,0.657063603711067,0.678697425990363
"simazine",2.37048784822674,0.668262121887081,0.65702942884429,0.678606820790579
"simazine",2.38956217562618,0.668198932651797,0.656973062174966,0.678528683728671
"simazine",2.40878998618565,0.668131021496307,0.656911016030111,0.678448261298332
"simazine",2.42817251492014,0.668066253256445,0.656880473318878,0.678372640763864
"simazine",2.4477110067823,0.667989820461294,0.656833791967781,0.678295171143368
"simazine",2.46740671674239,0.667913094394283,0.65682012165343,0.678212764603849
"simazine",2.4872609098689,0.667842240549518,0.65679850722697,0.678152711156181
"simazine",2.50727486140979,0.667768199603995,0.656711941796091,0.678076271253814
"simazine",2.52744985687442,0.667693348032862,0.656644912512137,0.677987490834748
"simazine",2.5477871921161,0.667618675908944,0.656589098215116,0.677897736778855
"simazine",2.56828817341532,0.667549103270631,0.656534979373507,0.677817168193295
"simazine",2.58895411756369,0.66747901629965,0.656495594902538,0.677733960079324
"simazine",2.60978635194848,0.667397747957166,0.656439528410346,0.677650667658666
"simazine",2.63078621463789,0.66732103956493,0.656387884992286,0.677559957942208
"simazine",2.65195505446699,0.667244992820825,0.656335893123838,0.677461296399483
"simazine",2.67329423112439,0.667164435419986,0.656262339723707,0.67739440205478
"simazine",2.69480511523952,0.667088612915977,0.656216220712193,0.677291180040491
"simazine",2.71648908847069,0.667010902701739,0.656181374444499,0.677178380481125
"simazine",2.73834754359388,0.666935733736938,0.656145194561412,0.677068846782368
"simazine",2.7603818845921,0.66686420189518,0.656068696952123,0.676958836352744
"simazine",2.78259352674567,0.666794110252348,0.656012167061753,0.67684869179552
"simazine",2.80498389672307,0.666710727063375,0.655955850361977,0.676770428816289
"simazine",2.82755443267258,0.666622988668393,0.655929773534134,0.676691442548806
"simazine",2.85030658431466,0.666543077200901,0.655842330702757,0.676593327747616
"simazine",2.87324181303506,0.666461262669652,0.655814173489952,0.67650694042272
"simazine",2.89636159197871,0.666387206772226,0.655762882708783,0.676419296908155
"simazine",2.91966740614431,0.666298282208511,0.655693487023535,0.676331878378383
"simazine",2.94316075247972,0.666227177064727,0.655621838074857,0.676232182389498
"simazine",2.96684313997814,0.666139997655142,0.655553743198971,0.676150340676338
"simazine",2.99071608977498,0.666060751766337,0.655479953250728,0.676028070801253
"simazine",3.01478113524562,0.665971650720074,0.655444461363946,0.675919973374805
"simazine",3.03903982210384,0.665885357297591,0.655363225234132,0.675818101342014
"simazine",3.06349370850116,0.665786373850984,0.655300959323871,0.675711085301712
"simazine",3.08814436512688,0.665713932982092,0.655236719155375,0.67562686996089
"simazine",3.11299337530901,0.66562625970148,0.655172706438863,0.675542089054631
"simazine",3.13804233511589,0.665531216457769,0.655093849427771,0.675434824327396
"simazine",3.16329285345882,0.665443914821346,0.655017360721807,0.675364075395482
"simazine",3.18874655219527,0.665349427660254,0.654952088758358,0.675242653902497
"simazine",3.21440506623319,0.665249831554723,0.65484972500272,0.675162111639209
"simazine",3.24027004363589,0.665159052871092,0.654753557757299,0.675049178916243
"simazine",3.266343145728,0.665064618929796,0.654657655465672,0.674947441226443
"simazine",3.29262604720213,0.664957715297022,0.654537780764454,0.674845707917731
"simazine",3.31912043622642,0.66487271453973,0.654454406164591,0.674750257255268
"simazine",3.34582801455302,0.664776198833048,0.654370622275625,0.674634008477247
"simazine",3.37275049762737,0.664675446745581,0.654285544766054,0.674516616492178
"simazine",3.39988961469836,0.664568152710107,0.654200449471641,0.67445684848181
"simazine",3.42724710892945,0.664472726409594,0.654116824377052,0.674314865175764
"simazine",3.4548247375106,0.664386759973908,0.654026549203714,0.674221642190462
"simazine",3.48262427177114,0.664285797714007,0.653938343071032,0.674105763642118
"simazine",3.51064749729357,0.664186393575,0.653848112912993,0.673983413399179
"simazine",3.53889621402819,0.664080254309219,0.653753182193084,0.673859101041937
"simazine",3.56737223640878,0.66397871541875,0.65360949963777,0.673768608982833
"simazine",3.59607739346911,0.663872291910786,0.653484042361805,0.673650070611226
"simazine",3.62501352896042,0.663763399789139,0.653345357213972,0.673549948220596
"simazine",3.65418250146983,0.663658795446465,0.653257250984429,0.673434804457854
"simazine",3.68358618453975,0.663540901541493,0.653161012571168,0.673313265173661
"simazine",3.71322646678821,0.663438663402819,0.653053910921768,0.673185088779719
"simazine",3.74310525203015,0.663335022722653,0.652946818367499,0.673064807453041
"simazine",3.77322445939973,0.663230271775242,0.652843351215969,0.672987536862907
"simazine",3.80358602347357,0.663117533129199,0.652752903471566,0.672855429830011
"simazine",3.83419189439502,0.663003839250786,0.652659394063275,0.672714423857966
"simazine",3.86504403799943,0.66289220853043,0.652534310735858,0.67263395149217
"simazine",3.89614443594039,0.662772760525994,0.652449040967932,0.672509641120782
"simazine",3.92749508581706,0.662670878713122,0.652346922890012,0.672386520928178
"simazine",3.95909800130243,0.662550385095565,0.652202777330332,0.672252073985384
"simazine",3.99095521227266,0.662422403782737,0.652078057808969,0.672161059687913
"simazine",4.02306876493751,0.662295391035837,0.651939184394056,0.672040038879197
"simazine",4.05544072197172,0.662188636830474,0.651842792785671,0.671910790971526
"simazine",4.0880731626475,0.662069547473842,0.651730445781476,0.671843285426676
"simazine",4.12096818296813,0.66195376087709,0.651566093328384,0.671723109384843
"simazine",4.15412789580253,0.661836265991186,0.651464557908317,0.671638629546087
"simazine",4.187554431021,0.661716330662022,0.651363480587452,0.671513940359086
"simazine",4.22124993563203,0.661581177306314,0.651245852960923,0.671388131900779
"simazine",4.25521657392016,0.661449907871243,0.651111015361526,0.671317046631843
"simazine",4.28945652758506,0.661321517304459,0.650990764103955,0.67121518088077
"simazine",4.32397199588162,0.661198180613053,0.650874535091592,0.671074355422094
"simazine",4.35876519576121,0.661075804379585,0.650742905563112,0.670992038925202
"simazine",4.39383836201408,0.660939190598657,0.650609983411274,0.670861498469021
"simazine",4.42919374741291,0.660814930335508,0.650484553807856,0.670759826536939
"simazine",4.46483362285751,0.660679776161887,0.650341697602123,0.670667357873282
"simazine",4.50076027752066,0.66055611943847,0.650205619566967,0.670540179190283
"simazine",4.53697601899517,0.660418323578256,0.650048391370911,0.670457180194782
"simazine",4.57348317344208,0.660288728365539,0.649891408378485,0.670342849546642
"simazine",4.61028408574009,0.660147971023052,0.649777016091781,0.670206659648584
"simazine",4.64738111963615,0.660009282547567,0.649635704334479,0.670079900979823
"simazine",4.6847766578973,0.659870441839632,0.649488120341063,0.669984860463593
"simazine",4.7224731024637,0.659728289509593,0.649364575802182,0.66990157827475
"simazine",4.76047287460295,0.659587009301018,0.649222652477449,0.669804703604013
"simazine",4.79877841506555,0.659438355441872,0.649077691662998,0.669692562486329
"simazine",4.83739218424173,0.659301564850489,0.648940269186396,0.669581266898692
"simazine",4.87631666231942,0.659150975318062,0.648779325361509,0.66946693042035
"simazine",4.91555434944363,0.659004920766102,0.648609363063729,0.669380469975333
"simazine",4.95510776587696,0.658851022227699,0.648423550623148,0.66925332059268
"simazine",4.99497945216153,0.658704563043844,0.648262098373539,0.669173372079026
"simazine",5.03517196928213,0.658528647961504,0.648099752158285,0.669070554837999
"simazine",5.07568789883074,0.658383752259571,0.647942073903891,0.669012233275268
"simazine",5.11652984317234,0.65823165570685,0.647787736357254,0.668914123254334
"simazine",5.15770042561203,0.658071087819957,0.647623745021742,0.668781053525161
"simazine",5.19920229056357,0.657907004825826,0.647475303626334,0.668723839471566
"simazine",5.24103810371923,0.657736927872735,0.647288031825112,0.668648219383514
"simazine",5.28321055222095,0.65757397382969,0.647115743002317,0.668535266229175
"simazine",5.32572234483303,0.657414062304248,0.646955786080687,0.668420558981259
"simazine",5.36857621211604,0.657249727515181,0.646778792917882,0.668330156897877
"simazine",5.41177490660223,0.657081370113787,0.646595573713535,0.66821683294589
"simazine",5.45532120297235,0.656914302156995,0.646443273823188,0.668062706679096
"simazine",5.49921789823382,0.656747126059775,0.646253366464167,0.667929718520006
"simazine",5.54346781190044,0.656567922668799,0.64609313422862,0.667869030054785
"simazine",5.58807378617345,0.656387881831532,0.645937069275084,0.667755073482354
"simazine",5.63303868612409,0.656215877286233,0.645743044392349,0.667687457841294
"simazine",5.67836539987766,0.656043431665164,0.645560364795527,0.667509327589991
"simazine",5.72405683879896,0.655868354994198,0.645413048051193,0.667427581307661
"simazine",5.77011593767938,0.655677853843517,0.645203916309059,0.667346028572842
"simazine",5.8165456549253,0.655499900980772,0.645010472031284,0.667223098841101
"simazine",5.86334897274819,0.655311894333889,0.644778288357906,0.667160408970117
"simazine",5.91052889735614,0.655135850310232,0.644575851068512,0.667046382616982
"simazine",5.95808845914694,0.654961969739657,0.644404095713506,0.666971846535003
"simazine",6.00603071290269,0.654774050983237,0.644196037031268,0.666856025554117
"simazine",6.05435873798611,0.654588649030972,0.643998429106425,0.666698418096582
"simazine",6.10307563853822,0.654389243894828,0.643785218028266,0.666597877022954
"simazine",6.15218454367778,0.654198517441182,0.643605988314578,0.666386018780456
"simazine",6.20168860770229,0.654002270273276,0.64343977829165,0.666231655108072
"simazine",6.25159101029052,0.653812187474544,0.643213416918579,0.666129723694704
"simazine",6.30189495670683,0.653610559885276,0.64300624434209,0.666026656011403
"simazine",6.35260367800699,0.653412096870104,0.642783703674147,0.665917092427924
"simazine",6.40372043124573,0.653208165924987,0.642583535372973,0.665817229076106
"simazine",6.45524849968593,0.65299766072597,0.642362049074523,0.665697599809442
"simazine",6.50719119300954,0.652798493018757,0.642161648899984,0.665575360207492
"simazine",6.55955184753014,0.652596258195388,0.641970034383461,0.665460738791299
"simazine",6.61233382640719,0.652390549997235,0.641736276795142,0.665389060833294
"simazine",6.66554051986216,0.65217983562724,0.641506412991842,0.665281262923978
"simazine",6.71917534539617,0.651974111068388,0.641263285146009,0.665118564854933
"simazine",6.77324174800955,0.651763573144363,0.641028153649071,0.664931019604425
"simazine",6.82774320042315,0.651544584128407,0.640788857050957,0.664774178266381
"simazine",6.88268320330131,0.651329542976677,0.640556845995503,0.664645740536517
"simazine",6.93806528547677,0.651109292771347,0.64032270442449,0.664479472393374
"simazine",6.99389300417734,0.650873922648339,0.64005690304883,0.66439740078431
"simazine",7.05016994525433,0.650657592811523,0.639810255559592,0.664309741758829
"simazine",7.1068997234129,0.650439982734661,0.639568698956783,0.664186188834561
"simazine",7.16408598244428,0.650218111898173,0.639311430268702,0.664008301211504
"simazine",7.2217323954597,0.649989014461231,0.639108141144916,0.663838089692391
"simazine",7.27984266512644,0.649759795297292,0.638837905996121,0.663676471202176
"simazine",7.33842052390557,0.649528191310238,0.638550285233227,0.663539005050528
"simazine",7.39746973429174,0.649293561371097,0.638292768431437,0.663387417962957
"simazine",7.4569940890548,0.649054875600229,0.638039559563453,0.663299031214879
"simazine",7.51699741148346,0.648813759045109,0.637785490433191,0.663186576846828
"simazine",7.57748355563082,0.648562748964006,0.637517125961411,0.663043161440779
"simazine",7.63845640656197,0.648319533251261,0.637254769689604,0.662917710021924
"simazine",7.69991988060346,0.648086070015975,0.636990364271859,0.662765941244769
"simazine",7.76187792559492,0.647838775831258,0.636723381090044,0.662635826093132
"simazine",7.82433452114258,0.647585112817902,0.636456236506277,0.66250803301723
"simazine",7.88729367887489,0.647338843292835,0.636193998817524,0.662338471462891
"simazine",7.95075944270026,0.647093712630934,0.635913284226377,0.662149908202732
"simazine",8.01473588906667,0.646844727938814,0.635623401280801,0.66199170006625
"simazine",8.07922712722361,0.646593755345107,0.635346843910424,0.661803260348392
"simazine",8.14423729948602,0.646327411129508,0.63506829040877,0.661602266585507
"simazine",8.20977058150026,0.646065224278919,0.634788232001139,0.661382714376736
"simazine",8.27583118251241,0.645793542250902,0.63452063169205,0.661243199220372
"simazine",8.34242334563861,0.645524387161175,0.634233860517319,0.661089905019988
"simazine",8.40955134813756,0.645261217603248,0.633930929086401,0.660850005995023
"simazine",8.47721950168529,0.644990714215718,0.633628145636994,0.660745151493479
"simazine",8.54543215265208,0.644719260384835,0.633329090233754,0.660552299058231
"simazine",8.61419368238166,0.644436545836249,0.632979511956591,0.660339187254183
"simazine",8.68350850747257,0.644164076763439,0.632659995692493,0.660125098444216
"simazine",8.75338108006193,0.643879804444916,0.632398137624181,0.659888459045744
"simazine",8.8238158881113,0.643602195425587,0.632066909887628,0.659745178724324
"simazine",8.89481745569502,0.643309789827143,0.631780324560537,0.65948976729367
"simazine",8.96639034329078,0.643020784996386,0.631452822997166,0.659311901363469
"simazine",9.03853914807251,0.64273425752972,0.631124964179767,0.659050530210832
"simazine",9.11126850420567,0.642439998452686,0.630790742993051,0.658865705805024
"simazine",9.18458308314498,0.642141545422616,0.630456196180217,0.658701345794899
"simazine",9.25848759393434,0.641845503518009,0.630119293023014,0.658455403349118
"simazine",9.33298678350939,0.641535997926651,0.629795510976892,0.658189299013971
"simazine",9.4080854370024,0.641237825842705,0.629473559363265,0.657975885828044
"simazine",9.48378837804958,0.640934952395841,0.629141002589003,0.657734649456611
"simazine",9.56010046910091,0.640618435408119,0.6288243304095,0.657496532513109
"simazine",9.63702661173254,0.640308186536896,0.62850767746181,0.65723044111041
"simazine",9.71457174696151,0.63999950408311,0.628166470979183,0.656982646462654
"simazine",9.79274085556316,0.639676008718786,0.627833446176109,0.656706516412552
"simazine",9.8715389583911,0.639360090254226,0.627506145627287,0.656458264738102
"simazine",9.95097111669961,0.639042383966394,0.62717423498828,0.656237684141932
"simazine",10.0310424324688,0.638708577210317,0.626834741231505,0.655980450587039
"simazine",10.1117580487322,0.638370606922058,0.626472502752946,0.655735129776393
"simazine",10.1931231499074,0.638041755942875,0.626129190657059,0.655500914333297
"simazine",10.2751429621286,0.637712619109446,0.625765323342833,0.655211056585661
"simazine",10.3578227535827,0.637378256396949,0.625400059039853,0.654909388185711
"simazine",10.4411678348473,0.637039726917522,0.625022806885522,0.654681878331946
"simazine",10.5251835592322,0.636708132186897,0.624656092834286,0.654433474191962
"simazine",10.609875323123,0.636362523285934,0.624283494084842,0.654130347460901
"simazine",10.6952485663278,0.636023740605801,0.623909563122304,0.653852102391929
"simazine",10.7813087724264,0.635673623516042,0.623540034734576,0.653594737077212
"simazine",10.8680614691228,0.635334771092539,0.623195356030144,0.653377675889728
"simazine",10.9555122286002,0.634980530734605,0.622819026529549,0.653090319897167
"simazine",11.0436666678787,0.6346186866231,0.62243429104157,0.652786635343313
"simazine",11.1325304491763,0.634270422709313,0.622032803399684,0.652453427408733
"simazine",11.2221092802725,0.633908636090325,0.621649451149109,0.652095129764066
"simazine",11.3124089148749,0.633559237995093,0.621270762683804,0.651858414908055
"simazine",11.4034351529888,0.633193632067104,0.620879570684503,0.65153946497271
"simazine",11.4951938412897,0.632839407374925,0.620485797352968,0.651146635081387
"simazine",11.5876908734988,0.632467253342727,0.620087519515431,0.650785073131883
"simazine",11.6809321907619,0.63208701635098,0.619701552107368,0.650503327152746
"simazine",11.7749237820303,0.631710609730939,0.619321511419443,0.650102419969998
"simazine",11.8696716844462,0.631317452839022,0.618939501890103,0.649780289462944
"simazine",11.9651819837302,0.630927711661025,0.618542031913084,0.64939114587216
"simazine",12.0614608145718,0.630535587728251,0.61813447961753,0.648966501532041
"simazine",12.1585143610242,0.630135039229276,0.617722277928921,0.6486208400213
"simazine",12.2563488569009,0.629753254003547,0.61729226317595,0.648216060312161
"simazine",12.3549705861763,0.629363795305236,0.616874689265623,0.647822313308721
"simazine",12.4543858833893,0.628980984193123,0.616438855135734,0.647424029427258
"simazine",12.5546011340502,0.62857283708925,0.616010895333318,0.647014596216299
"simazine",12.655622775051,0.628161891580159,0.615583362853158,0.646637015216822
"simazine",12.7574572950785,0.6277444299665,0.615175190979233,0.646266610184334
"simazine",12.8601112350314,0.627333262985542,0.614737924389029,0.645898792297527
"simazine",12.96359118844,0.626913016946328,0.614272755573449,0.645525034933149
"simazine",13.0679038018904,0.626487391910436,0.613856947489142,0.645107413950312
"simazine",13.1730557754507,0.626075831010802,0.613403052752347,0.644699496321335
"simazine",13.2790538631017,0.625654219970864,0.612959698244128,0.644256508540217
"simazine",13.3859048731709,0.625235495683977,0.61252751768169,0.643825235320125
"simazine",13.4936156687692,0.62480078747292,0.61206445243843,0.643294945298651
"simazine",13.6021931682324,0.624358176172444,0.611610441365378,0.642849222442111
"simazine",13.7116443455652,0.623903253521408,0.611161087739254,0.642349669885793
"simazine",13.821976230889,0.62346192960564,0.610716242615106,0.641836840376218
"simazine",13.9331959108939,0.623005284789205,0.610266526107134,0.641332579531866
"simazine",14.0453105292936,0.622544864806333,0.609802939010512,0.640840506613155
"simazine",14.1583272872842,0.622095831392528,0.609329942768548,0.640349949752966
"simazine",14.2722534440068,0.621643865256611,0.608881603599364,0.63984575475157
"simazine",14.3870963170139,0.621184653600156,0.608439711393306,0.639345349507825
"simazine",14.5028632827393,0.620721714460828,0.607980527862763,0.638838260478614
"simazine",14.6195617769718,0.620252558052887,0.607512091745416,0.638307062396033
"simazine",14.7371992953328,0.619779675576013,0.607038879582077,0.637807842750356
"simazine",14.8557833937581,0.619296721560757,0.60654355182716,0.637305552016421
"simazine",14.9753216889827,0.618814589346355,0.606041311224645,0.636817106673876
"simazine",15.0958218590306,0.61832300144464,0.605538452936268,0.636273488545362
"simazine",15.2172916437073,0.617843300143109,0.605013925116694,0.635722485619808
"simazine",15.3397388450975,0.617359321837029,0.604517139943789,0.635217147077083
"simazine",15.4631713280661,0.616878325765302,0.603991290801257,0.634754847290268
"simazine",15.587597020763,0.616387535946774,0.603489230165033,0.634267477621931
"simazine",15.7130239151329,0.615883206844823,0.602950639246118,0.633727639395494
"simazine",15.8394600674282,0.615379627940014,0.602405423189382,0.633139010724669
"simazine",15.9669135987267,0.614860151175425,0.601863588541914,0.632615383236688
"simazine",16.0953926954529,0.614344519586106,0.601316324885882,0.632099274886853
"simazine",16.2249056099044,0.613833686741837,0.600796318543032,0.631543311011695
"simazine",16.3554606607814,0.61331284916046,0.600236293145906,0.630977556395105
"simazine",16.4870662337211,0.612789865074245,0.599699276290614,0.630362365862409
"simazine",16.6197307818366,0.612261955058942,0.599155887477775,0.629709426912614
"simazine",16.7534628262597,0.611737360098371,0.598613703130919,0.629063632369669
"simazine",16.888270956688,0.611203818170768,0.598067611616002,0.628518555743448
"simazine",17.0241638319371,0.610668167597817,0.59751622304145,0.627973549554809
"simazine",17.1611501804961,0.610134838163577,0.596955892577192,0.627383648570154
"simazine",17.299238801089,0.609590872358906,0.596397991165749,0.626809659487002
"simazine",17.4384385632392,0.609039360015909,0.595826471632348,0.626210113615832
"simazine",17.5787584078396,0.608477816236353,0.595237591622889,0.625670304623019
"simazine",17.7202073477267,0.607927955012701,0.594642755186475,0.625034967121089
"simazine",17.8627944682595,0.607358726042655,0.594130503212621,0.624492949731476
"simazine",18.0065289279031,0.606792817470886,0.59356755241758,0.623882651215916
"simazine",18.151419958817,0.606215170421321,0.592981922116452,0.623226060678702
"simazine",18.297476867448,0.605647191310899,0.592392302181181,0.622512028179606
"simazine",18.444709035128,0.605061601521708,0.591804901021775,0.621910633580136
"simazine",18.5931259186765,0.604474028088404,0.591214428986963,0.621358279025397
"simazine",18.7427370510083,0.603888499166685,0.590600105873808,0.620733567191763
"simazine",18.8935520417454,0.603293182399541,0.589994981544641,0.62001569731012
"simazine",19.0455805778344,0.602703355032128,0.589386056614995,0.619459991998232
"simazine",19.1988324241689,0.602098851451323,0.588733616777968,0.61879553292697
"simazine",19.3533174242163,0.601489786613849,0.58809012887646,0.61812203619443
"simazine",19.5090455006505,0.600884115176592,0.587423458659773,0.617481515854457
"simazine",19.6660266559888,0.600264955281958,0.586789175215443,0.616774965785646
"simazine",19.8242709732348,0.599644083440887,0.586178849925043,0.616060552334865
"simazine",19.9837886165257,0.599019748932596,0.585514481492814,0.615385431975241
"simazine",20.1445898317852,0.598391179041542,0.584884569799362,0.614654720177137
"simazine",20.306684947382,0.597747546759374,0.584223192010534,0.614002190061114
"simazine",20.4700843747925,0.597109374887116,0.583589199009708,0.613305731162663
"simazine",20.6347986092701,0.596461938151272,0.582910263932556,0.612645701223274
"simazine",20.800838230519,0.595800231606937,0.582264631544407,0.611870189860979
"simazine",20.9682139033741,0.595124885950216,0.581621308026419,0.611191501350696
"simazine",21.1369363784857,0.594459733501454,0.580975399096237,0.610457268290431
"simazine",21.3070164930098,0.593793145331117,0.580312340344742,0.609703159038579
"simazine",21.4784651713049,0.593131318831443,0.579611871762094,0.608885717543355
"simazine",21.651293425633,0.592458759910005,0.578926799786572,0.608129242494486
"simazine",21.8255123568674,0.59178199724177,0.578240773628643,0.607479246843161
"simazine",22.0011331552051,0.591098108851426,0.577562535812399,0.606747032610778
"simazine",22.1781671008864,0.590418185714012,0.576879889890876,0.605970501619364
"simazine",22.3566255649188,0.589727595638491,0.5761615142392,0.605261725107814
"simazine",22.5365200098075,0.589028084868745,0.57544240492305,0.604540816719968
"simazine",22.7178619902917,0.588319491545068,0.574734464914487,0.603875292682978
"simazine",22.9006631540869,0.587624919360964,0.574017024832807,0.603163699670196
"simazine",23.0849352426328,0.586913061944678,0.573298403544083,0.602437566314223
"simazine",23.2706900918477,0.586190825954221,0.572566236664013,0.601667020226638
"simazine",23.4579396328883,0.585474105006015,0.571819316939398,0.600933786956014
"simazine",23.6466958929168,0.584753016846705,0.57108634426861,0.600172461537076
"simazine",23.8369709958725,0.584031840869708,0.57036409994186,0.599365395849192
"simazine",24.0287771632513,0.583293921318143,0.569604787196728,0.598632305989813
"simazine",24.2221267148902,0.582548150496878,0.568843991491085,0.597854271858516
"simazine",24.417032069759,0.58181098638129,0.568105467846525,0.597097407129915
"simazine",24.6135057467575,0.581071905597004,0.567319914503001,0.596310826928095
"simazine",24.81156036552,0.580313897352764,0.566563653058041,0.595569671594725
"simazine",25.0112086472259,0.579558133579147,0.56580210159218,0.594733813600571
"simazine",25.2124634154163,0.578793367464148,0.564997008732806,0.59392923062137
"simazine",25.4153375968182,0.578013655120623,0.564255716483539,0.593133709421373
"simazine",25.6198442221746,0.577243700390897,0.563461864245992,0.592342569390488
"simazine",25.8259964270813,0.57646946678361,0.562626512122208,0.591583350946851
"simazine",26.033807452831,0.575671177992212,0.561849448417769,0.590745310203771
"simazine",26.2432906472632,0.574895040660006,0.561064956874474,0.589888751098335
"simazine",26.4544594656224,0.574090714472429,0.560260931838461,0.588977938503649
"simazine",26.6673274714213,0.573292551022842,0.559412579264059,0.588148395879094
"simazine",26.8819083373129,0.572475817715711,0.558584821072776,0.587307260602782
"simazine",27.0982158459683,0.571642998148264,0.557745839000667,0.586421193550983
"simazine",27.3162638909619,0.570828972421119,0.556934639076403,0.585559713379075
"simazine",27.5360664776639,0.570013474779327,0.556103414898091,0.584683762625093
"simazine",27.7576377241399,0.569166548368338,0.555355386119391,0.58384773691491
"simazine",27.9809918620578,0.56835111669623,0.554509532275033,0.583010242156485
"simazine",28.2061432376016,0.5675149378803,0.553647943934499,0.582119488926624
"simazine",28.4331063123932,0.566681892214409,0.552813850885248,0.58124264689147
"simazine",28.6618956644211,0.56584141432537,0.551954773767724,0.580383822533362
"simazine",28.8925259889768,0.56500560854606,0.551085304699259,0.579550756945819
"simazine",29.1250120995988,0.564159372309079,0.550219133163606,0.578690600002534
"simazine",29.3593689290236,0.563304891931881,0.549354485835901,0.577735518559434
"simazine",29.5956115301457,0.562448852290138,0.548474756065039,0.576861189595799
"simazine",29.8337550769836,0.561565775815868,0.547596553242729,0.57600714176375
"simazine",30.0738148656549,0.56069368319779,0.546749885816496,0.57515029912118
"simazine",30.3158063153588,0.559804150796218,0.545820035919148,0.574278151632039
"simazine",30.5597449693662,0.558917863850634,0.544908882895823,0.573345861120377
"simazine",30.8056464960183,0.558011305876797,0.543997859706321,0.572458215982326
"simazine",31.0535266897329,0.557112252209233,0.54309474578916,0.571593838701281
"simazine",31.303401472019,0.556210624348087,0.542200553876869,0.570664423579465
"simazine",31.5552868924991,0.555313290040305,0.541239703010985,0.569758909806754
"simazine",31.8091991299405,0.55439679631696,0.540303820252637,0.568836663634298
"simazine",32.0651544932943,0.55347993758284,0.539382659750613,0.567903126951825
"simazine",32.3231694227429,0.552568785078096,0.538474476451817,0.566959213237496
"simazine",32.5832604907559,0.551637813767977,0.537494136844588,0.565971717742004
"simazine",32.8454444031548,0.550720575710341,0.536515480442314,0.565062364284016
"simazine",33.1097380001858,0.549790391954095,0.535558003887964,0.564163450745895
"simazine",33.3761582576015,0.548848810694691,0.534603643888633,0.563177883714314
"simazine",33.6447222877514,0.547906477619966,0.533576480304743,0.562117154595307
"simazine",33.915447340681,0.546946551739231,0.532571326247549,0.561094448820382
"simazine",34.1883508052395,0.545992513999165,0.53156077572692,0.560190041508477
"simazine",34.463450210197,0.545035041488036,0.530500409705352,0.559227484888771
"simazine",34.7407632253705,0.544063129468163,0.529474120327128,0.558248611474208
"simazine",35.0203076627583,0.543092614470679,0.528494651078794,0.557374721493786
"simazine",35.3021014776849,0.542127590232786,0.527506443626825,0.556460521867233
"simazine",35.5861627699533,0.541148105432888,0.526468685531642,0.555500352566867
"simazine",35.8725097850083,0.540143805422514,0.525504306387725,0.554537205662496
"simazine",36.1611609151084,0.53915852259063,0.524483091780963,0.553594282085684
"simazine",36.4521347005065,0.538148547829677,0.523480723584889,0.552606951441055
"simazine",36.7454498306416,0.537154319199678,0.522502086791078,0.551534372435183
"simazine",37.0411251453384,0.536172061260581,0.52141641986961,0.550534363373374
"simazine",37.3391796360183,0.535142778406985,0.52026372969517,0.549596379286327
"simazine",37.6396324469184,0.534120877666525,0.519192795039144,0.548548178801869
"simazine",37.9425028763215,0.533101556077389,0.51804683899644,0.547558300632348
"simazine",38.2478103777958,0.53206538933757,0.516997347258767,0.546505046005259
"simazine",38.5555745614443,0.531043537628959,0.515814253672774,0.545477953582976
"simazine",38.8658151951639,0.530000638828786,0.514707231145157,0.544483393864178
"simazine",39.1785522059162,0.528968204005954,0.513669339725266,0.543466895171305
"simazine",39.4938056810061,0.52790672043335,0.512536558507497,0.542464641279599
"simazine",39.8115958693731,0.526848843054521,0.511370256033885,0.541437096581191
"simazine",40.1319431828912,0.525779761292544,0.510276539378061,0.540435080090616
"simazine",40.4548681976805,0.524699686614329,0.509097150399226,0.53939959822259
"simazine",40.7803916554284,0.523621829758992,0.507963451211509,0.538293252627432
"simazine",41.1085344647219,0.522545671673103,0.506872694651038,0.537251871190736
"simazine",41.4393177023909,0.52147188046474,0.505628032486075,0.536173312217279
"simazine",41.7727626148617,0.520409029307289,0.504421487790112,0.535105132706909
"simazine",42.1088906195217,0.519323475797628,0.503168570591641,0.534056149248078
"simazine",42.4477233060951,0.518219050478877,0.501969294240181,0.532951224508384
"simazine",42.7892824380295,0.517106230994538,0.500761977274009,0.531851066307087
"simazine",43.1335899538942,0.51601637871262,0.499583793932996,0.530778652633056
"simazine",43.4806679687887,0.514937388458919,0.498428244001716,0.529666056782961
"simazine",43.8305387757636,0.513814217615261,0.497222418686965,0.528532359020764
"simazine",44.1832248472524,0.512680081876043,0.496040627043311,0.527415317503376
"simazine",44.5387488365149,0.511559439214651,0.49483486585884,0.526291357374464
"simazine",44.8971335790922,0.510438044496957,0.493614766713679,0.525144702520912
"simazine",45.2584020942735,0.509311894586869,0.492412182548967,0.523991954883646
"simazine",45.6225775865747,0.508173752500487,0.491138282656376,0.522858976226978
"simazine",45.9896834472286,0.507033170075385,0.489935153659933,0.521747730376166
"simazine",46.3597432556877,0.505884732272547,0.488676173907888,0.520645396825492
"simazine",46.7327807811383,0.504745362020678,0.487408506649423,0.519509171728057
"simazine",47.1088199840276,0.503590547389743,0.486116378949454,0.518366081497174
"simazine",47.4878850176025,0.502421996660718,0.484924438866292,0.517163498971131
"simazine",47.8700002294609,0.501243113927337,0.48371263717598,0.51595923135847
"simazine",48.2551901631159,0.500071872568817,0.482431868405001,0.514826082956318
"simazine",48.6434795595717,0.498903608774188,0.481150956003888,0.513721107022788
"simazine",49.0348933589133,0.497714619008882,0.479907643744228,0.512577381227653
"simazine",49.4294567019081,0.49652813034079,0.478640728321777,0.511367337790519
"simazine",49.8271949316206,0.495342832997228,0.477373732317773,0.510209146189931
"simazine",50.2281335950408,0.494146991961702,0.476084743044953,0.509002788936366
"simazine",50.6322984447242,0.492940348480877,0.47473989411516,0.507787291904176
"simazine",51.0397154404467,0.491720338000791,0.47346865661777,0.506657438907583
"simazine",51.4504107508715,0.490513073942874,0.472127437527221,0.505475304885227
"simazine",51.8644107552302,0.489315538315957,0.470870522194411,0.504264130584659
"simazine",52.281742045017,0.488097487539873,0.469542045442469,0.503072299087765
"simazine",52.7024314256971,0.48687081001066,0.468217323046797,0.501758021388757
"simazine",53.1265059184276,0.485641859900991,0.466919396403655,0.500564497984285
"simazine",53.5539927617939,0.484398533022758,0.465627100040039,0.499372990554083
"simazine",53.9849194135589,0.483160409420375,0.464292996456971,0.498114934728092
"simazine",54.4193135524267,0.481920271644287,0.462949574257334,0.496936948975163
"simazine",54.8572030798202,0.480672277416139,0.461595345172641,0.495696239518081
"simazine",55.2986161216736,0.479427782847148,0.460261922826765,0.494473403673115
"simazine",55.7435810302388,0.478165401959459,0.458928865201975,0.493208178275313
"simazine",56.1921263859063,0.476920943484326,0.457543400264414,0.491961161073619
"simazine",56.6442809990412,0.475668729694889,0.456217216269836,0.490680399586435
"simazine",57.1000739118335,0.474418616151062,0.454870689167857,0.489416988176777
"simazine",57.5595344001635,0.473149066516443,0.453522857789203,0.488084724351745
"simazine",58.0226919754827,0.471868047124195,0.452214408958678,0.486793485517832
"simazine",58.4895763867087,0.470613392878652,0.450861329982477,0.485542869993932
"simazine",58.9602176221361,0.469329295553558,0.449469058653764,0.4842969427961
"simazine",59.4346459113629,0.468050033640427,0.448071276600309,0.483063689983968
"simazine",59.9128917272322,0.466766743693328,0.446718731151432,0.481729150609245
"simazine",60.3949857877892,0.465468742861931,0.445343147986236,0.48046464121884
"simazine",60.8809590582546,0.464162630600022,0.443996932553056,0.479251990255909
"simazine",61.3708427530131,0.462875551300844,0.44259183177042,0.47803159746134
"simazine",61.8646683376187,0.461571718624219,0.441214417505656,0.476716124675773
"simazine",62.3624675308154,0.46027611513646,0.4398136957261,0.475403193986672
"simazine",62.8642723065749,0.45896576477816,0.438412091740034,0.474186277938885
"simazine",63.37011489615,0.457657961777637,0.437007902436042,0.472925953189477
"simazine",63.8800277901452,0.456357447066727,0.435635749893851,0.47157766697585
"simazine",64.394043740603,0.455024873710261,0.434284195265925,0.470264979289582
"simazine",64.9121957631082,0.453688051368669,0.432836848950695,0.468917629461634
"simazine",65.434517138908,0.452361750930777,0.431448904083659,0.467633555107581
"simazine",65.9610414170501,0.451025783994486,0.430012370884258,0.466347109320694
"simazine",66.4918024165373,0.449700371677916,0.428684942349142,0.465042306786398
"simazine",67.0268342285,0.448355583879501,0.42730675401816,0.463714236380787
"simazine",67.5661712183855,0.446979258264936,0.425958327919162,0.462437071954015
"simazine",68.1098480281657,0.445646212318123,0.424574834486524,0.461151208240383
"simazine",68.6578995785618,0.44424380819516,0.423180869626372,0.459795415759446
"simazine",69.2103610712876,0.442872429870491,0.421772911184065,0.458468027792661
"simazine",69.7672679913105,0.441504902782308,0.420363542675557,0.457170055116932
"simazine",70.3286561091304,0.440138287268629,0.41895564293886,0.455832340584288
"simazine",70.8945614830778,0.438776254178367,0.417563323732112,0.454424786309143
"simazine",71.4650204616294,0.437407027067283,0.416190226944319,0.453062267960158
"simazine",72.0400696857429,0.436045045357007,0.41481575287722,0.451724725635626
"simazine",72.6197460912106,0.434653563393391,0.413413807951045,0.450347375985789
"simazine",73.2040869110316,0.433266064096499,0.411959152128236,0.448980747948519
"simazine",73.7931296778033,0.431860038174582,0.410537093038228,0.447618084780664
"simazine",74.3869122261328,0.430478200093067,0.409171345301515,0.446290189973501
"simazine",74.9854726950661,0.429085683255587,0.407792310569774,0.444822687541472
"simazine",75.5888495305381,0.42767928160274,0.406387267350377,0.443488737696946
"simazine",76.1970814878424,0.426281448248752,0.405018760069336,0.442073375334296
"simazine",76.8102076341201,0.424872560384518,0.403669189816437,0.440747022939871
"simazine",77.4282673508693,0.423484162304046,0.402284519097187,0.439376346261625
"simazine",78.0513003364748,0.422048684225449,0.400959886448136,0.438013984297643
"simazine",78.6793466087576,0.420640975958231,0.399592168105531,0.436687198259916
"simazine",79.3124465075454,0.419231001682722,0.39815461444023,0.435325236549011
"simazine",79.9506406972636,0.417822148838697,0.396721816884003,0.433941843156022
"simazine",80.5939701695475,0.416414272803009,0.395285705761327,0.432529257557985
"simazine",81.2424762458747,0.414979307608553,0.393906649079521,0.431106887122299
"simazine",81.89620058022,0.413549559159361,0.392467079480899,0.429675323564271
"simazine",82.5551851617299,0.412123464486033,0.391095359288575,0.428266246173089
"simazine",83.2194723174201,0.410691918027648,0.389712337958883,0.426883414681298
"simazine",83.8891047148943,0.409269512621168,0.38831770917432,0.425523703918309
"simazine",84.5641253650847,0.407848375033662,0.386994061076375,0.424120177372625
"simazine",85.2445776250141,0.406413036897355,0.385539447824777,0.422689047989766
"simazine",85.9305052005819,0.404993069648159,0.384150559478442,0.421271916424395
"simazine",86.62195214937,0.403568087885093,0.382660092573791,0.419837681464183
"simazine",87.3189628834737,0.402141066645776,0.381271370724716,0.418469518868815
"simazine",88.0215821723536,0.400724547317429,0.379840101764241,0.416996723482274
"simazine",88.7298551457117,0.399285075808064,0.37845064328149,0.415643181186723
"simazine",89.4438272963896,0.397827170629788,0.377042885342704,0.414257945714783
"simazine",90.1635444832915,0.396375131906464,0.375635638421772,0.412823961515693
"simazine",90.8890529343285,0.394930404207434,0.374300410482708,0.411409201675158
"simazine",91.6203992493884,0.393498222572246,0.372943486785413,0.409996309223208
"simazine",92.3576304033292,0.392049508384835,0.371537213179272,0.408527641689852
"simazine",93.1007937489958,0.390604069019189,0.37012592109,0.407131043555615
"simazine",93.8499370202616,0.389153510448457,0.36867501843599,0.405737796216759
"simazine",94.605108335095,0.38767793395576,0.367338582212273,0.404304241706626
"simazine",95.3663561986491,0.386227526273868,0.365998304483882,0.402900261207979
"simazine",96.1337295063782,0.384773807103298,0.364593808601587,0.401466582676798
"simazine",96.9072775471775,0.383311800237777,0.363080886454539,0.400019466995466
"simazine",97.6870500065498,0.381853850251008,0.361711979782818,0.398589192973223
"simazine",98.473096969796,0.380392777337126,0.36028155333923,0.397118266277509
"simazine",99.2654689252332,0.378937779256321,0.358888188397453,0.39566979503232
"simazine",100.064216767436,0.377479701663361,0.357462923852244,0.39424946310573
"simazine",100.869391800508,0.376018170834416,0.356017618648563,0.392846140522708
"simazine",101.681045741373,0.374553279382782,0.354659145419997,0.391450788906001
"simazine",102.499230723101,0.373063958542852,0.353316944986953,0.39000078209399
"simazine",103.323999298256,0.37158518191758,0.351932623086092,0.388539511916071
"simazine",104.155404442268,0.370107530511431,0.350546143587747,0.387069255012912
"simazine",104.993499556841,0.368607487013291,0.349098006811235,0.385589564854719
"simazine",105.838338473379,0.367110470222473,0.347685753570907,0.384135654473816
"simazine",106.689975456443,0.365655464546994,0.346247882721087,0.382674747281273
"simazine",107.548465207242,0.364179715168478,0.344799990553692,0.38121830727487
"simazine",108.413862867139,0.362711563661151,0.343475801006565,0.37975411708751
"simazine",109.2862240212,0.361238837876354,0.341963511923451,0.378287015499777
"simazine",110.165604701759,0.359744436930096,0.340550436232614,0.376816727993745
"simazine",111.052061392018,0.358296510626866,0.339117890967068,0.375310156303828
"simazine",111.945651029678,0.356838142655107,0.337716743072626,0.373856317518852
"simazine",112.846431010593,0.355384054763867,0.336290003947162,0.372358784630101
"simazine",113.754459192457,0.353903938931321,0.334836370863326,0.370857022442378
"simazine",114.66979389852,0.3524375434468,0.333418233538515,0.369372736577368
"simazine",115.592493921338,0.350974152919526,0.332032570355737,0.367875502846882
"simazine",116.522618526542,0.349502175871213,0.330642796925538,0.366382239438384
"simazine",117.460227456653,0.348023841855884,0.329192361290117,0.36484971151979
"simazine",118.405380934911,0.346548665114127,0.327761840378422,0.363334985454433
"simazine",119.358139669152,0.345071316294232,0.326383629161459,0.36183691141404
"simazine",120.318564855698,0.34359787090546,0.324978707957957,0.360399969365225
"simazine",121.286718183295,0.342113147024098,0.323635575170291,0.35892425859058
"simazine",122.262661837072,0.340665415718624,0.322228196081832,0.357437627756362
"simazine",123.246458502536,0.339198263934552,0.320801725650529,0.355964732511682
"simazine",124.238171369597,0.33773565902994,0.319391243281945,0.354515701891473
"simazine",125.237864136631,0.336263065403699,0.317943485170919,0.353063748492325
"simazine",126.245601014563,0.334801065805092,0.316530774050329,0.351598577204407
"simazine",127.261446731002,0.333324286935871,0.315162426940214,0.350133612108902
"simazine",128.28546653439,0.331876340051277,0.313778267977898,0.348666350202318
"simazine",129.317726198196,0.330410064941873,0.312395463047274,0.347200785590377
"simazine",130.358292025143,0.328947600375428,0.311017869975128,0.345722409345121
"simazine",131.407230851461,0.32748527282273,0.309703134670184,0.344232298814202
"simazine",132.464610051185,0.326037048944527,0.308297979721294,0.342714335440673
"simazine",133.530497540483,0.324577281410263,0.306882425288709,0.341167311794273
"simazine",134.604961782011,0.323134557318617,0.305531932178278,0.33973231109171
"simazine",135.688071789321,0.321684959031993,0.3041774208545,0.338259192522877
"simazine",136.779897131284,0.320243740676217,0.302766062073273,0.336752947280852
"simazine",137.880507936565,0.318773614150348,0.30137251423439,0.335279514866009
"simazine",138.989974898123,0.317335897909427,0.299996645057348,0.333768069055995
"simazine",140.108369277757,0.315912715813794,0.298624316571433,0.332322155579929
"simazine",141.235762910678,0.314470962321961,0.297303041415011,0.330877694236478
"simazine",142.372228210124,0.313017601825519,0.295888613483865,0.329429487413881
"simazine",143.517838172014,0.311589356770103,0.294568349369064,0.327949040145351
"simazine",144.672666379635,0.310166164271751,0.29325027363581,0.326466113697092
"simazine",145.836787008366,0.308705005831805,0.291897812132034,0.325059235839613
"simazine",147.010274830445,0.307281821914651,0.290538954031496,0.323589119040503
"simazine",148.193205219772,0.305857505795217,0.289153931261576,0.322125481026038
"simazine",149.385654156749,0.304449760889138,0.287755645271373,0.320615493599452
"simazine",150.587698233161,0.303040785973647,0.286359547801628,0.319151191225736
"simazine",151.799414657093,0.301604929002303,0.285003112927791,0.317661933515698
"simazine",153.020881257894,0.300195517713885,0.283640439872857,0.316187959744362
"simazine",154.252176491172,0.298776591395446,0.282252065626206,0.314745416973068
"simazine",155.493379443834,0.297367628302298,0.280873824483375,0.313272073135357
"simazine",156.744569839169,0.2959671713578,0.279499008780453,0.311830295693348
"simazine",158.005828041962,0.294565693439953,0.278099417657332,0.31033111386459
"simazine",159.277235063663,0.293155106392884,0.276718099273166,0.308909930944081
"simazine",160.558872567587,0.291763167582289,0.275387342230664,0.307464592506849
"simazine",161.850822874158,0.290393434047498,0.273983849135681,0.305935715683342
"simazine",163.1531689662,0.289002576503635,0.272684653388849,0.304522385063754
"simazine",164.465994494265,0.287615509099052,0.271337049257716,0.303059080920868
"simazine",165.789383782004,0.286245000397837,0.270051383305414,0.301567456976185
"simazine",167.123421831588,0.284867896074976,0.26871634706833,0.300131685183534
"simazine",168.468194329163,0.283493723995554,0.267423286126436,0.298706174883724
"simazine",169.823787650357,0.282131426823399,0.266091898624209,0.297251863572173
"simazine",171.190288865826,0.280779557050341,0.264826453000491,0.295863072519951
"simazine",172.567785746848,0.279422928616243,0.263477531035198,0.294407547943202
"simazine",173.956366770959,0.278045678771124,0.262161430809946,0.292938315520647
"simazine",175.356121127636,0.276685906035568,0.260903525642114,0.291518931557221
"simazine",176.76713872403,0.275317410900964,0.259576925708153,0.290154669594862
"simazine",178.189510190734,0.273955695723319,0.25829864495789,0.288751952131515
"simazine",179.623326887608,0.272621897985324,0.256975023524583,0.28730648763665
"simazine",181.068680909648,0.271295688593959,0.255620405281168,0.285897320126193
"simazine",182.5256650929,0.269940386877388,0.254348406407091,0.284526117807932
"simazine",183.994373020421,0.26863509280586,0.253072988266179,0.283110630595273
"simazine",185.474899028295,0.267285870187115,0.251825073723856,0.281689073182208
"simazine",186.967338211685,0.265959177485438,0.250562893559055,0.280277401074525
"simazine",188.471786430949,0.26462188066281,0.249279482370764,0.27893686383411
"simazine",189.988340317792,0.263302956813887,0.247977731807012,0.277605988558014
"simazine",191.517097281474,0.26199374965942,0.246677699438834,0.276252093487676
"simazine",193.058155515065,0.260649275313741,0.245508037057689,0.274910835935516
"simazine",194.611614001757,0.259330666668787,0.244318857456794,0.273548818132095
"simazine",196.177572521216,0.258014113218493,0.243124833739183,0.272201523449088
"simazine",197.756131655994,0.256730024466974,0.241913703851075,0.270922473566146
"simazine",199.347392797989,0.255426695570223,0.24069537742037,0.269573663173592
"simazine",200.951458154957,0.25411483349804,0.239535375060648,0.268319295148549
"simazine",202.568430757078,0.2528272668028,0.238282658799176,0.266955578243774
"simazine",204.198414463573,0.251531057298266,0.237060041707357,0.265635788198641
"simazine",205.841513969372,0.25025072346039,0.235784980675391,0.264326455184735
"simazine",207.497834811846,0.248970585389603,0.23458348223848,0.262972640764183
"simazine",209.167483377579,0.247697754434629,0.233386617010776,0.261772486519547
"simazine",210.850566909201,0.246413092445249,0.232175216259155,0.260499709948294
"simazine",212.547193512284,0.245117413522059,0.230979212326178,0.259193254565948
"simazine",214.257472162275,0.243846023065406,0.229775509241096,0.25795723141664
"simazine",215.981512711506,0.24258536360427,0.228579913086188,0.256594979175101
"simazine",217.71942589624,0.241312954643565,0.227405242895395,0.255407693064818
"simazine",219.471323343794,0.240079818838743,0.226217358867604,0.254153635891565
"simazine",221.237317579698,0.238827086842453,0.225027092566423,0.252950339425971
"simazine",223.017522034931,0.237601040895215,0.223808391942726,0.251666402804636
"simazine",224.812051053205,0.23639244617648,0.222580177534449,0.250407667174434
"simazine",226.621019898305,0.2351544806426,0.221399695978768,0.249174297595598
"simazine",228.444544761497,0.233935122005314,0.220180176796101,0.247927386366545
"simazine",230.28274276899,0.232742484765841,0.219021590358982,0.246667216689951
"simazine",232.13573198946,0.231526856559245,0.217825463575378,0.245399946521859
"simazine",234.003631441629,0.230286885308681,0.216630878432906,0.244194502548177
"simazine",235.886561101917,0.229079828660003,0.215434991017913,0.24301373842443
"simazine",237.784641912141,0.227902353256043,0.214221184030524,0.241833870391484
"simazine",239.697995787287,0.22668390853049,0.213032488614235,0.240654104276951
"simazine",241.626745623342,0.225505924957458,0.211834392904165,0.239448319170835
"simazine",243.571015305184,0.224318279723452,0.210663848339238,0.238310038593319
"simazine",245.530929714541,0.223122326459426,0.209633259522203,0.237137402877848
"simazine",247.506614738014,0.22194699268558,0.208439826772662,0.235937565703309
"simazine",249.498197275159,0.220755944477733,0.207277370710736,0.234839191246149
"simazine",251.505805246639,0.21960911833143,0.206161903898697,0.23378239132564
"simazine",253.529567602445,0.218452417982443,0.205033492049284,0.232654781036396
"simazine",255.56961433017,0.217275913929549,0.20387845347658,0.231582583296419
"simazine",257.626076463368,0.21609107673369,0.2028129730899,0.230491023651524
"simazine",259.699086089962,0.214957809345581,0.201627299121829,0.229472676942072
"simazine",261.788776360732,0.213815756345632,0.200452200961623,0.228395459679119
"simazine",263.895281497866,0.212661355590529,0.199238878504141,0.227335329083733
"simazine",266.018736803585,0.211541059134908,0.19808314114914,0.226313764381795
"simazine",268.159278668828,0.210412122928326,0.196890012896991,0.225181256934892
"simazine",270.317044582015,0.209277716232909,0.195713980896009,0.224091288068322
"simazine",272.49217313788,0.208175011580137,0.194514520343411,0.223093233042881
"simazine",274.684804046368,0.207044670782731,0.19338664181816,0.222047666664005
"simazine",276.895078141615,0.205938912623964,0.192211532333307,0.221056375155985
"simazine",279.123137390988,0.204844956029343,0.191170727682807,0.220040445391186
"simazine",281.369124904208,0.203741133407164,0.18996930385683,0.219006917728493
"simazine",283.633184942539,0.202638965095441,0.18877887440739,0.218046979339046
"simazine",285.915462928055,0.201579668836036,0.187585750862082,0.217107114785566
"simazine",288.216105452982,0.200507763110135,0.186400497498162,0.216142587020365
"simazine",290.535260289112,0.199429400549826,0.185240961817828,0.21515922694218
"simazine",292.873076397296,0.19835458608358,0.184107110236753,0.214187509286625
"simazine",295.229703937008,0.197297502139134,0.18290626748024,0.213248039306411
"simazine",297.605294275997,0.196237468406513,0.181758361344095,0.212353832033596
"simazine",300,0.1951695572123,0.180587659530006,0.211412838729649
"tebuthiuron",0.1,0.69764604,0.6912404285,0.70420535075
"tebuthiuron",0.100926219098705,0.69764604,0.6912404285,0.70420535075
"tebuthiuron",0.101861017015598,0.69764604,0.6912404285,0.70420535075
"tebuthiuron",0.102804473209331,0.69764604,0.6912404285,0.70420535075
"tebuthiuron",0.103756667874519,0.69764604,0.6912404285,0.70420535075
"tebuthiuron",0.104717681948552,0.69764604,0.6912404285,0.70420535075
"tebuthiuron",0.10568759711848,0.69764604,0.6912404285,0.70420535075
"tebuthiuron",0.106666495827954,0.69764604,0.6912404285,0.70420535075
"tebuthiuron",0.107654461284232,0.69764604,0.6912404285,0.70420535075
"tebuthiuron",0.108651577465254,0.69764604,0.6912404285,0.70420535075
"tebuthiuron",0.109657929126781,0.69764604,0.6912404285,0.70420535075
"tebuthiuron",0.110673601809597,0.69764604,0.6912404285,0.70420535075
"tebuthiuron",0.111698681846782,0.69764604,0.6912404285,0.70420535075
"tebuthiuron",0.112733256371049,0.69764604,0.6912404285,0.70420535075
"tebuthiuron",0.113777413322149,0.69764604,0.6912404285,0.70420535075
"tebuthiuron",0.114831241454351,0.69764604,0.6912404285,0.70420535075
"tebuthiuron",0.115894830343981,0.69764604,0.6912404285,0.70420535075
"tebuthiuron",0.116968270397039,0.69764604,0.6912404285,0.70420535075
"tebuthiuron",0.118051652856881,0.69764604,0.6912404285,0.70420535075
"tebuthiuron",0.119145069811978,0.69764604,0.6912404285,0.70420535075
"tebuthiuron",0.120248614203741,0.69764604,0.6912404285,0.70420535075
"tebuthiuron",0.121362379834424,0.69764604,0.6912404285,0.70420535075
"tebuthiuron",0.122486461375093,0.69764604,0.6912404285,0.70420535075
"tebuthiuron",0.123620954373677,0.69764604,0.6912404285,0.70420535075
"tebuthiuron",0.124765955263087,0.69764604,0.6912404285,0.70420535075
"tebuthiuron",0.125921561369415,0.69764604,0.6912404285,0.70420535075
"tebuthiuron",0.127087870920206,0.69764604,0.6912404285,0.70420535075
"tebuthiuron",0.128264983052806,0.69764604,0.6912404285,0.70420535075
"tebuthiuron",0.129452997822792,0.69764604,0.6912404285,0.70420535075
"tebuthiuron",0.130652016212472,0.69764604,0.6912404285,0.70420535075
"tebuthiuron",0.131862140139475,0.69764604,0.6912404285,0.70420535075
"tebuthiuron",0.133083472465408,0.69764604,0.6912404285,0.70420535075
"tebuthiuron",0.134316117004602,0.69764604,0.6912404285,0.70420535075
"tebuthiuron",0.135560178532937,0.69764604,0.6912404285,0.70420535075
"tebuthiuron",0.136815762796747,0.69764604,0.6912404285,0.70420535075
"tebuthiuron",0.138082976521809,0.69764604,0.6912404285,0.70420535075
"tebuthiuron",0.139361927422414,0.69764604,0.6912404285,0.70420535075
"tebuthiuron",0.140652724210524,0.69764604,0.6912404285,0.70420535075
"tebuthiuron",0.14195547660501,0.69764604,0.6912404285,0.70420535075
"tebuthiuron",0.143270295340983,0.69764604,0.6912404285,0.70420535075
"tebuthiuron",0.144597292179202,0.69764604,0.6912404285,0.70420535075
"tebuthiuron",0.145936579915576,0.69764604,0.6912404285,0.70420535075
"tebuthiuron",0.14728827239075,0.69764604,0.6912404285,0.70420535075
"tebuthiuron",0.148652484499786,0.69764604,0.6912404285,0.70420535075
"tebuthiuron",0.150029332201922,0.69764604,0.6912404285,0.70420535075
"tebuthiuron",0.151418932530435,0.69764604,0.6912404285,0.70420535075
"tebuthiuron",0.152821403602587,0.69764604,0.6912404285,0.70420535075
"tebuthiuron",0.154236864629663,0.69764604,0.6912404285,0.70420535075
"tebuthiuron",0.155665435927106,0.69764604,0.6912404285,0.70420535075
"tebuthiuron",0.157107238924745,0.69764604,0.6912404285,0.70420535075
"tebuthiuron",0.158562396177114,0.69764604,0.6912404285,0.70420535075
"tebuthiuron",0.16003103137387,0.69764604,0.6912404285,0.70420535075
"tebuthiuron",0.161513269350309,0.69764604,0.6912404285,0.70420535075
"tebuthiuron",0.163009236097974,0.69764604,0.6912404285,0.70420535075
"tebuthiuron",0.164519058775366,0.69764604,0.6912404285,0.70420535075
"tebuthiuron",0.166042865718753,0.69764604,0.6912404285,0.70420535075
"tebuthiuron",0.167580786453077,0.69764604,0.6912404285,0.70420535075
"tebuthiuron",0.169132951702965,0.69764604,0.6912404285,0.70420535075
"tebuthiuron",0.170699493403841,0.69764604,0.6912404285,0.70420535075
"tebuthiuron",0.172280544713139,0.69764604,0.6912404285,0.70420535075
"tebuthiuron",0.173876240021625,0.69764604,0.6912404285,0.70420535075
"tebuthiuron",0.175486714964815,0.69764604,0.6912404285,0.70420535075
"tebuthiuron",0.177112106434509,0.69764604,0.6912404285,0.70420535075
"tebuthiuron",0.178752552590424,0.69764604,0.6912404285,0.70420535075
"tebuthiuron",0.180408192871938,0.69764604,0.6912404285,0.70420535075
"tebuthiuron",0.182079168009946,0.69764604,0.6912404285,0.70420535075
"tebuthiuron",0.183765620038817,0.69764604,0.6912404285,0.70420535075
"tebuthiuron",0.18546769230847,0.69764604,0.6912404285,0.70420535075
"tebuthiuron",0.187185529496558,0.69764604,0.6912404285,0.70420535075
"tebuthiuron",0.188919277620767,0.69764604,0.6912404285,0.70420535075
"tebuthiuron",0.190669084051225,0.69764604,0.6912404285,0.70420535075
"tebuthiuron",0.192435097523033,0.69764604,0.6912404285,0.70420535075
"tebuthiuron",0.194217468148903,0.69764604,0.6912404285,0.70420535075
"tebuthiuron",0.196016347431919,0.69764604,0.6912404285,0.70420535075
"tebuthiuron",0.197831888278416,0.69764604,0.6912404285,0.70420535075
"tebuthiuron",0.199664245010979,0.69764604,0.6912404285,0.70420535075
"tebuthiuron",0.201513573381556,0.69764604,0.6912404285,0.70420535075
"tebuthiuron",0.203380030584698,0.69764604,0.6912404285,0.70420535075
"tebuthiuron",0.205263775270925,0.69764604,0.6912404285,0.70420535075
"tebuthiuron",0.207164967560207,0.69764604,0.6912404285,0.70420535075
"tebuthiuron",0.209083769055575,0.69764604,0.6912404285,0.70420535075
"tebuthiuron",0.21102034285686,0.69764604,0.6912404285,0.70420535075
"tebuthiuron",0.212974853574552,0.69764604,0.6912404285,0.70420535075
"tebuthiuron",0.214947467343798,0.69764604,0.6912404285,0.70420535075
"tebuthiuron",0.216938351838518,0.69764604,0.6912404285,0.70420535075
"tebuthiuron",0.218947676285662,0.69764604,0.6912404285,0.70420535075
"tebuthiuron",0.22097561147959,0.69764604,0.6912404285,0.70420535075
"tebuthiuron",0.223022329796594,0.69764604,0.6912404285,0.70420535075
"tebuthiuron",0.225088005209546,0.69764604,0.6912404285,0.70420535075
"tebuthiuron",0.227172813302691,0.69764604,0.6912404285,0.70420535075
"tebuthiuron",0.229276931286565,0.69764604,0.6912404285,0.70420535075
"tebuthiuron",0.231400538013065,0.69764604,0.6912404285,0.70420535075
"tebuthiuron",0.233543813990648,0.69764604,0.6912404285,0.70420535075
"tebuthiuron",0.235706941399673,0.69764604,0.6912404285,0.70420535075
"tebuthiuron",0.237890104107889,0.69764604,0.6912404285,0.70420535075
"tebuthiuron",0.240093487686065,0.69764604,0.6912404285,0.70420535075
"tebuthiuron",0.24231727942376,0.69764604,0.6912404285,0.70420535075
"tebuthiuron",0.244561668345245,0.69764604,0.6912404285,0.70420535075
"tebuthiuron",0.246826845225569,0.69764604,0.6912404285,0.70420535075
"tebuthiuron",0.249113002606779,0.69764604,0.6912404285,0.70420535075
"tebuthiuron",0.25142033481428,0.69764604,0.6912404285,0.70420535075
"tebuthiuron",0.253749037973357,0.69764604,0.6912404285,0.70420535075
"tebuthiuron",0.256099310025846,0.69764604,0.6912404285,0.70420535075
"tebuthiuron",0.258471350746956,0.69764604,0.6912404285,0.70420535075
"tebuthiuron",0.260865361762255,0.69764604,0.6912404285,0.70420535075
"tebuthiuron",0.263281546564802,0.69764603930139,0.6912404285,0.70420535075
"tebuthiuron",0.265720110532451,0.697645235,0.6912404285,0.70420535075
"tebuthiuron",0.268181260945301,0.697645235,0.6912404285,0.70420535075
"tebuthiuron",0.270665207003324,0.697645235,0.6912404285,0.70420535075
"tebuthiuron",0.273172159844138,0.697645235,0.6912404285,0.70420535075
"tebuthiuron",0.275702332560958,0.697645235,0.6912404285,0.70420535075
"tebuthiuron",0.278255940220712,0.697645235,0.6912404285,0.70420535075
"tebuthiuron",0.280833199882317,0.697645235,0.6912404285,0.70420535075
"tebuthiuron",0.283434330615131,0.697645235,0.6912404285,0.70420535075
"tebuthiuron",0.286059553517574,0.697645235,0.6912404285,0.70420535075
"tebuthiuron",0.288709091735924,0.697645235,0.6912404285,0.70420535075
"tebuthiuron",0.291383170483279,0.697645235,0.6912404285,0.70420535075
"tebuthiuron",0.294082017058706,0.697645235,0.6912404285,0.70420535075
"tebuthiuron",0.29680586086656,0.697645235,0.6912404285,0.70420535075
"tebuthiuron",0.299554933435981,0.697645235,0.6912404285,0.70420535075
"tebuthiuron",0.302329468440578,0.697645235,0.6912404285,0.70420535075
"tebuthiuron",0.305129701718287,0.697645235,0.6912404285,0.70420535075
"tebuthiuron",0.307955871291423,0.697645235,0.6912404285,0.70420535075
"tebuthiuron",0.310808217386906,0.697645235,0.6912404285,0.70420535075
"tebuthiuron",0.313686982456688,0.697645235,0.6912404285,0.70420535075
"tebuthiuron",0.316592411198352,0.697645235,0.6912404285,0.70420535075
"tebuthiuron",0.319524750575921,0.697645235,0.6912404285,0.70420535075
"tebuthiuron",0.322484249840844,0.697645235,0.6912404285,0.70420535075
"tebuthiuron",0.325471160553185,0.697645235,0.6912404285,0.704205267252595
"tebuthiuron",0.328485736603004,0.697645235,0.6912404285,0.704205162355334
"tebuthiuron",0.331528234231942,0.697645235,0.6912404285,0.70420505613474
"tebuthiuron",0.334598912054997,0.697645235,0.6912404285,0.704204948574137
"tebuthiuron",0.337698031082509,0.697645235,0.6912404285,0.704204839656636
"tebuthiuron",0.340825854742345,0.697645235,0.6912404285,0.704203945240395
"tebuthiuron",0.343982648902293,0.697645235,0.6912404285,0.7042037945
"tebuthiuron",0.347168681892656,0.697645235,0.6912404285,0.7042037945
"tebuthiuron",0.350384224529067,0.697645235,0.6912404285,0.7042037945
"tebuthiuron",0.353629550135504,0.697645235,0.6912404285,0.7042037945
"tebuthiuron",0.356904934567523,0.697645235,0.6912404285,0.7042037945
"tebuthiuron",0.360210656235707,0.697645235,0.6912404285,0.7042037945
"tebuthiuron",0.363546996129332,0.697645235,0.6912404285,0.7042037945
"tebuthiuron",0.366914237840249,0.697645235,0.6912404285,0.7042037945
"tebuthiuron",0.370312667586993,0.697645235,0.6912404285,0.7042037945
"tebuthiuron",0.373742574239106,0.697645235,0.6912404285,0.7042037945
"tebuthiuron",0.3772042493417,0.697645235,0.6912404285,0.7042037945
"tebuthiuron",0.380697987140229,0.697645235,0.6912404285,0.7042037945
"tebuthiuron",0.384224084605506,0.697645235,0.6912404285,0.7042037945
"tebuthiuron",0.387782841458946,0.697645235,0.6912404285,0.7042037945
"tebuthiuron",0.391374560198038,0.697645235,0.6912404285,0.7042037945
"tebuthiuron",0.394999546122064,0.697645235,0.6912404285,0.7042037945
"tebuthiuron",0.398658107358044,0.697645235,0.6912404285,0.7042037945
"tebuthiuron",0.402350554886929,0.697645235,0.6912404285,0.7042037945
"tebuthiuron",0.406077202570036,0.697645235,0.6912404285,0.7042037945
"tebuthiuron",0.409838367175726,0.697645235,0.6912404285,0.7042037945
"tebuthiuron",0.413634368406328,0.697645235,0.6912404285,0.7042037945
"tebuthiuron",0.417465528925314,0.697645235,0.6912404285,0.7042037945
"tebuthiuron",0.421332174384729,0.697645235,0.6912404285,0.7042037945
"tebuthiuron",0.425234633452868,0.697645235,0.6912404285,0.7042037945
"tebuthiuron",0.429173237842216,0.697645235,0.6912404285,0.7042037945
"tebuthiuron",0.43314832233764,0.697645235,0.6912404285,0.7042037945
"tebuthiuron",0.43716022482485,0.697645235,0.6912404285,0.7042037945
"tebuthiuron",0.441209286319119,0.697645235,0.6912404285,0.7042037945
"tebuthiuron",0.445295850994266,0.697645235,0.6912404285,0.7042037945
"tebuthiuron",0.449420266211914,0.697645235,0.6912404285,0.7042037945
"tebuthiuron",0.453582882551019,0.697645235,0.6912404285,0.7042037945
"tebuthiuron",0.457784053837662,0.697645235,0.6912404285,0.7042028145
"tebuthiuron",0.462024137175131,0.697645235,0.6912404285,0.7042028145
"tebuthiuron",0.466303492974273,0.697645235,0.6912404285,0.7042028145
"tebuthiuron",0.470622484984128,0.697645235,0.6912404285,0.7042028145
"tebuthiuron",0.47498148032285,0.697645235,0.6912404285,0.7042028145
"tebuthiuron",0.479380849508911,0.697645235,0.6912404285,0.7042028145
"tebuthiuron",0.483820966492596,0.697645235,0.6912404285,0.7042028145
"tebuthiuron",0.488302208687788,0.697645235,0.6912404285,0.7042028145
"tebuthiuron",0.492824957004051,0.697645235,0.6912404285,0.7042028145
"tebuthiuron",0.497389595879006,0.697645235,0.6912404285,0.7042028145
"tebuthiuron",0.501996513311008,0.697645235,0.6912404285,0.7042028145
"tebuthiuron",0.506646100892127,0.697645235,0.6912404285,0.7042028145
"tebuthiuron",0.511338753841433,0.697645235,0.6912404285,0.7042028145
"tebuthiuron",0.516074871038591,0.697645235,0.6912404285,0.7042028145
"tebuthiuron",0.520854855057766,0.697645235,0.6912404285,0.7042028145
"tebuthiuron",0.525679112201842,0.697645235,0.6912404285,0.7042028145
"tebuthiuron",0.530548052536957,0.697645235,0.6912404285,0.7042028145
"tebuthiuron",0.535462089927361,0.697645235,0.6912404285,0.70420246825
"tebuthiuron",0.540421642070592,0.697645235,0.6912404285,0.70420246825
"tebuthiuron",0.545427130532983,0.697645235,0.6912404285,0.70420246825
"tebuthiuron",0.550478980785497,0.697645235,0.6912404285,0.70420246825
"tebuthiuron",0.555577622239888,0.697645235,0.6912404285,0.70420246825
"tebuthiuron",0.560723488285203,0.697645235,0.6912404285,0.70420246825
"tebuthiuron",0.565917016324624,0.697645235,0.6912404285,0.70420246825
"tebuthiuron",0.571158647812643,0.697645235,0.6912404285,0.70420246825
"tebuthiuron",0.576448828292588,0.697645235,0.6912404285,0.70420246825
"tebuthiuron",0.581788007434493,0.697645235,0.6912404285,0.70420246825
"tebuthiuron",0.587176639073326,0.697645235,0.6912404285,0.70420246825
"tebuthiuron",0.592615181247555,0.697645235,0.6912404285,0.70420246825
"tebuthiuron",0.598104096238094,0.697645235,0.6912404285,0.70420246825
"tebuthiuron",0.603643850607587,0.697645235,0.6912404285,0.70420246825
"tebuthiuron",0.609234915240071,0.697645235,0.6912404285,0.70420246825
"tebuthiuron",0.614877765381002,0.697645235,0.6912404285,0.704198146706499
"tebuthiuron",0.62057288067765,0.697645235,0.6912404285,0.7041909355
"tebuthiuron",0.626320745219869,0.697645235,0.6912404285,0.7041909355
"tebuthiuron",0.632121847581245,0.697645235,0.6912404285,0.7041909355
"tebuthiuron",0.637976680860628,0.697645235,0.6912404285,0.7041909355
"tebuthiuron",0.643885742724042,0.697645235,0.6912404285,0.7041909355
"tebuthiuron",0.649849535446989,0.697645235,0.6912404285,0.7041909355
"tebuthiuron",0.655868565957143,0.697645235,0.6912404285,0.7041909355
"tebuthiuron",0.661943345877439,0.697645235,0.6912404285,0.7041909355
"tebuthiuron",0.668074391569561,0.697645235,0.6912404285,0.7041909355
"tebuthiuron",0.674262224177834,0.697645235,0.6912404285,0.704190911442858
"tebuthiuron",0.680507369673521,0.697645235,0.6912404285,0.704190671900261
"tebuthiuron",0.68681035889953,0.697645235,0.6912404285,0.704190367
"tebuthiuron",0.69317172761554,0.697645235,0.6912404285,0.704190367
"tebuthiuron",0.699592016543537,0.697645235,0.6912404285,0.70418945325
"tebuthiuron",0.706071771413777,0.697645235,0.6912404285,0.70418945325
"tebuthiuron",0.712611543011175,0.697645235,0.6912404285,0.70418945325
"tebuthiuron",0.719211887222119,0.697645235,0.6912404285,0.70418945325
"tebuthiuron",0.725873365081725,0.697645235,0.6912404285,0.70418945325
"tebuthiuron",0.732596542821523,0.697645162484424,0.6912404285,0.70418945325
"tebuthiuron",0.739381991917587,0.69764485,0.6912404285,0.70418945325
"tebuthiuron",0.746230289139111,0.69764485,0.6912404285,0.70418945325
"tebuthiuron",0.753142016597437,0.69764485,0.6912404285,0.70418945325
"tebuthiuron",0.760117761795533,0.69764485,0.6912404285,0.70418945325
"tebuthiuron",0.76715811767793,0.69764485,0.6912404285,0.70418945325
"tebuthiuron",0.774263682681127,0.69764485,0.6912404285,0.70418945325
"tebuthiuron",0.781435060784454,0.69764485,0.6912404285,0.70418945325
"tebuthiuron",0.788672861561415,0.69764485,0.6912404285,0.70418719725
"tebuthiuron",0.795977700231498,0.69764485,0.6912404285,0.70418656475
"tebuthiuron",0.803350197712473,0.69764485,0.6912404285,0.70418656475
"tebuthiuron",0.810790980673169,0.69764485,0.6912404285,0.70418656475
"tebuthiuron",0.818300681586739,0.69764485,0.6912404285,0.70418656475
"tebuthiuron",0.825879938784427,0.69764442,0.6912404285,0.70418656475
"tebuthiuron",0.833529396509819,0.69764442,0.6912404285,0.70418656475
"tebuthiuron",0.841249704973612,0.69764442,0.6912404285,0.70418656475
"tebuthiuron",0.849041520408875,0.69764442,0.6912404285,0.70418656475
"tebuthiuron",0.856905505126835,0.69764442,0.6912404285,0.704173426934544
"tebuthiuron",0.864842327573172,0.69764442,0.6912404285,0.70417304625
"tebuthiuron",0.872852662384838,0.69764442,0.6912404285,0.70417304625
"tebuthiuron",0.880937190447399,0.69764442,0.6912404285,0.70417304625
"tebuthiuron",0.889096598952916,0.69764442,0.6912404285,0.70417304625
"tebuthiuron",0.897331581458352,0.69764442,0.6912404285,0.70417304625
"tebuthiuron",0.905642837944529,0.69764442,0.6912404285,0.70417304625
"tebuthiuron",0.914031074875623,0.69764442,0.6912404285,0.70417304625
"tebuthiuron",0.922497005259217,0.69764442,0.6912404285,0.70417304625
"tebuthiuron",0.931041348706907,0.69764442,0.6912404285,0.70417304625
"tebuthiuron",0.939664831495469,0.69764442,0.6912404285,0.70417304625
"tebuthiuron",0.948368186628592,0.69764442,0.6912404285,0.70417304625
"tebuthiuron",0.957152153899186,0.69764442,0.6912404285,0.70417304625
"tebuthiuron",0.966017479952265,0.69764442,0.6912404285,0.70417304625
"tebuthiuron",0.974964918348408,0.69764442,0.6912404285,0.70417304625
"tebuthiuron",0.983995229627823,0.69764442,0.6912404285,0.704173046249999
"tebuthiuron",0.99310918137498,0.69764442,0.6912404285,0.704171882106842
"tebuthiuron",1.00230754828386,0.69764442,0.6912404285,0.704159869
"tebuthiuron",1.01159111222383,0.69764442,0.6912404285,0.704159869
"tebuthiuron",1.02096066230605,0.69764442,0.6912404285,0.70415980221214
"tebuthiuron",1.03041699495059,0.69764442,0.6912404285,0.704155367
"tebuthiuron",1.03996091395412,0.69764442,0.6912404285,0.704155367
"tebuthiuron",1.04959323055823,0.69764442,0.6912404285,0.704155366999999
"tebuthiuron",1.05931476351837,0.697644242991516,0.6912404285,0.704155366999999
"tebuthiuron",1.06912633917348,0.697643825,0.6912404285,0.704155366999999
"tebuthiuron",1.07902879151618,0.697643825,0.6912404285,0.704155366999999
"tebuthiuron",1.08902296226373,0.697643825,0.6912404285,0.704155366999998
"tebuthiuron",1.0991097009295,0.697643825,0.6912404285,0.704155366999998
"tebuthiuron",1.10928986489522,0.697643824999999,0.6912404285,0.704152754249998
"tebuthiuron",1.11956431948388,0.697643824999999,0.6912404285,0.704151314966194
"tebuthiuron",1.12993393803322,0.697643824999999,0.6912404285,0.704128899999951
"tebuthiuron",1.14039960197003,0.697643824999999,0.6912404285,0.704128899999938
"tebuthiuron",1.15096220088503,0.697643824999998,0.6912404285,0.704128899999921
"tebuthiuron",1.1616226326085,0.697643824999998,0.6912404285,0.7041288999999
"tebuthiuron",1.1723818032866,0.697643824999997,0.6912404285,0.704128899999874
"tebuthiuron",1.18324062745838,0.697643824999996,0.6912404285,0.70412889999984
"tebuthiuron",1.19420002813353,0.697643824999995,0.6912404285,0.704128632257418
"tebuthiuron",1.20526093687084,0.697643824999994,0.6912404285,0.704123239499989
"tebuthiuron",1.21642429385737,0.697642789999993,0.6912404285,0.704123239499985
"tebuthiuron",1.22769104798836,0.697642789999991,0.6912404285,0.704123139675107
"tebuthiuron",1.23906215694792,0.697642789999989,0.6912404285,0.704115432249996
"tebuthiuron",1.25053858729039,0.697642789999986,0.6912404285,0.704115432249994
"tebuthiuron",1.26212131452255,0.697642789999981,0.6912404285,0.704115432249993
"tebuthiuron",1.27381132318648,0.697642789999976,0.691240428499999,0.704115432249991
"tebuthiuron",1.2856096069433,0.69764278999997,0.691240428499999,0.704115432249989
"tebuthiuron",1.29751716865759,0.697642789999961,0.691240428499999,0.704115432249986
"tebuthiuron",1.30953502048267,0.69764278999995,0.691240428499998,0.704115432249982
"tebuthiuron",1.32166418394661,0.697642789999937,0.691240428499998,0.704115432249977
"tebuthiuron",1.33390569003906,0.69764278999992,0.691240428499997,0.704115432249971
"tebuthiuron",1.34626057929891,0.697642789999899,0.691240428499996,0.704115432249963
"tebuthiuron",1.35872990190271,0.697642789999872,0.691240428499995,0.704111604999957
"tebuthiuron",1.37131471775394,0.697641904999991,0.691240428499993,0.704094766176432
"tebuthiuron",1.38401609657313,0.697641904999988,0.691240428499991,0.704087022999924
"tebuthiuron",1.39683511798874,0.697641904999985,0.691240428499989,0.704087022999904
"tebuthiuron",1.40977287162897,0.69764190499998,0.691240428499985,0.704087022999878
"tebuthiuron",1.42283045721435,0.697641904999974,0.691240428499981,0.704080047749998
"tebuthiuron",1.43600898465126,0.697641904999967,0.691240428499975,0.704080047749997
"tebuthiuron",1.44930957412622,0.697641904999957,0.691240428499968,0.704074205238057
"tebuthiuron",1.46273335620113,0.697641904999945,0.691240428499959,0.704074205235431
"tebuthiuron",1.47628147190939,0.69764190499993,0.691240428499947,0.704074205232255
"tebuthiuron",1.48995507285285,0.697641904999911,0.691240428499932,0.704074205228421
"tebuthiuron",1.50375532129974,0.697641904999886,0.691240428499913,0.704074205223801
"tebuthiuron",1.51768339028341,0.697641904999855,0.691240428499889,0.70407420521824
"tebuthiuron",1.53174046370208,0.697641904999815,0.691240428499858,0.704074205211559
"tebuthiuron",1.54592773641948,0.697641904999766,0.69124042849982,0.704074205203543
"tebuthiuron",1.56024641436637,0.697641904999704,0.691240428499772,0.70407420519394
"tebuthiuron",1.57469771464309,0.697641904999626,0.691240428499711,0.704074205182456
"tebuthiuron",1.58928286562298,0.697641904999528,0.691240428499635,0.70407420516874
"tebuthiuron",1.60400310705682,0.697641374999797,0.691240428499539,0.704074205152383
"tebuthiuron",1.6188596901782,0.697641374999741,0.69124042849942,0.704074205132907
"tebuthiuron",1.63385387780986,0.69764137499967,0.691240428499271,0.704074205109749
"tebuthiuron",1.64898694447106,0.697640669994344,0.691240428499085,0.704074205082255
"tebuthiuron",1.6642601764859,0.697639969992797,0.691240428498855,0.704074205049659
"tebuthiuron",1.67967487209265,0.697639969991154,0.691240428498569,0.704074205011069
"tebuthiuron",1.69523234155412,0.697639969989154,0.691240428498214,0.704074204965448
"tebuthiuron",1.71093390726901,0.697639969986724,0.691240428497777,0.704074204911592
"tebuthiuron",1.72678090388436,0.697639969983776,0.691240428497237,0.704074204848102
"tebuthiuron",1.74277467840892,0.697639969980204,0.691240428496571,0.704074204773359
"tebuthiuron",1.75891659032773,0.697639969975886,0.691240428495754,0.704074204685488
"tebuthiuron",1.77520801171763,0.697639969970672,0.69124042849475,0.704074204582324
"tebuthiuron",1.7916503273639,0.697639494996118,0.69124042849352,0.70407420446137
"tebuthiuron",1.80824493487795,0.697639494995194,0.691240428492017,0.704074204319748
"tebuthiuron",1.82499324481615,0.697639494994061,0.691240428490181,0.704073143203403
"tebuthiuron",1.84189668079971,0.697639494992673,0.691240428487943,0.704062940161359
"tebuthiuron",1.85895667963569,0.697639494990977,0.69124042848522,0.70404865578959
"tebuthiuron",1.87617469143912,0.697639494988906,0.691240428481912,0.704041029490864
"tebuthiuron",1.89355217975629,0.697639494986384,0.691240428477901,0.704041029488676
"tebuthiuron",1.91109062168914,0.697639494983316,0.691240428473044,0.704041029485988
"tebuthiuron",1.92879150802078,0.69763949497959,0.691240428467173,0.704041029482695
"tebuthiuron",1.94665634334226,0.697639494975074,0.691240428460089,0.704041029478666
"tebuthiuron",1.96468664618045,0.697639284173198,0.691240428451552,0.704041029473746
"tebuthiuron",1.98288394912707,0.697639284029774,0.691240428441284,0.704036836416765
"tebuthiuron",2.00124979896904,0.697639283862927,0.691240428428951,0.704036835170186
"tebuthiuron",2.01978575681988,0.697639283669079,0.691240428414161,0.704036833743484
"tebuthiuron",2.03849339825246,0.697639283444142,0.691240428396454,0.704036832112463
"tebuthiuron",2.05737431343291,0.697639013155325,0.691240428375285,0.704024503161858
"tebuthiuron",2.07643010725577,0.697639012847593,0.691240428350018,0.704024503062218
"tebuthiuron",2.09566239948043,0.697639012491566,0.691240428319904,0.704024502946327
"tebuthiuron",2.11507282486879,0.697639012080156,0.691240428284068,0.704024502811644
"tebuthiuron",2.13466303332424,0.697639011605316,0.691240428241486,0.70402450265525
"tebuthiuron",2.15443469003188,0.69763901105791,0.691240428190963,0.704024502473793
"tebuthiuron",2.17438947560008,0.697639010427588,0.691240428131106,0.704024502263428
"tebuthiuron",2.19452908620331,0.697639009702631,0.691240428060295,0.70402273185872
"tebuthiuron",2.21485523372636,0.697639008869787,0.691240427976645,0.70402273104195
"tebuthiuron",2.23536964590979,0.697639007914091,0.691240427877969,0.704022730097239
"tebuthiuron",2.25607406649686,0.69763900681866,0.691240427761736,0.704006859329513
"tebuthiuron",2.27697025538168,0.697639005564466,0.691240427625014,0.70399577997418
"tebuthiuron",2.29805998875885,0.697639004130095,0.691240427464416,0.703995775634174
"tebuthiuron",2.31934505927443,0.697639002491465,0.691240427276034,0.703995770709035
"tebuthiuron",2.34082727617829,0.697637164288977,0.691240427055365,0.703995765125841
"tebuthiuron",2.36250846547795,0.697637164151211,0.691240426797229,0.703995758803375
"tebuthiuron",2.38439047009372,0.697637163988277,0.691240426495673,0.703995751651275
"tebuthiuron",2.40647515001542,0.697637163795867,0.691240426143866,0.703968050227134
"tebuthiuron",2.42876438246045,0.697637163568986,0.691240425733982,0.703968037813834
"tebuthiuron",2.45126006203334,0.697637163301853,0.691240425257063,0.703968023837277
"tebuthiuron",2.47396410088681,0.697635116562532,0.691240424702872,0.703959177478068
"tebuthiuron",2.49687842888433,0.697634264214028,0.691240424059728,0.703959175268649
"tebuthiuron",2.52000499376409,0.69763426173839,0.691240423314315,0.703959172737655
"tebuthiuron",2.54334576130465,0.697634258899605,0.691240422451473,0.703959161390848
"tebuthiuron",2.56690271549195,0.6976337010343,0.691240421453971,0.703954125786671
"tebuthiuron",2.59067785868801,0.697633697380675,0.691240420302242,0.703954122945333
"tebuthiuron",2.61467321180109,0.697632903064125,0.691240418974101,0.703954119689999
"tebuthiuron",2.63889081445751,0.697632901136182,0.69124041744442,0.703954115964812
"tebuthiuron",2.66333272517498,0.69763184386085,0.691240415684779,0.703954111707018
"tebuthiuron",2.68800102153761,0.697629838458548,0.69124041366307,0.703954106846197
"tebuthiuron",2.71289780037247,0.697629033631735,0.691240411343067,0.70395410130342
"tebuthiuron",2.73802517792786,0.697628277841775,0.691240408683945,0.70395409499033
"tebuthiuron",2.76338529005317,0.697628253801421,0.691240405639756,0.703954087808129
"tebuthiuron",2.78898029238044,0.697628226971623,0.691240402158841,0.703954079646471
"tebuthiuron",2.81481236050758,0.697627559787072,0.691240398183197,0.703954070382259
"tebuthiuron",2.8408836901833,0.697627547276179,0.691240393647771,0.703954059878326
"tebuthiuron",2.86719649749377,0.697625000177513,0.69124038847969,0.703954047982001
"tebuthiuron",2.89375301905095,0.697624971451125,0.691240382597417,0.703954034523549
"tebuthiuron",2.92055551218274,0.697624939394891,0.691240375909825,0.703954019314476
"tebuthiuron",2.94760625512486,0.69762412911785,0.691240368315185,0.703954002145684
"tebuthiuron",2.97490754721444,0.697623582015215,0.691240359700065,0.703953982785481
"tebuthiuron",3.00246170908555,0.697623551221792,0.691240349938126,0.703953960977414
"tebuthiuron",3.0302710828664,0.697623516745043,0.691240338888808,0.703953936437931
"tebuthiuron",3.05833803237843,0.697621612551472,0.691240326395904,0.70395390885386
"tebuthiuron",3.08666494333727,0.69761913497471,0.691240312286014,0.703953877879679
"tebuthiuron",3.11525422355549,0.697617754335514,0.691240296366859,0.703953843134578
"tebuthiuron",3.14410830314726,0.697617348332853,0.691235652146495,0.703946066907502
"tebuthiuron",3.17322963473498,0.697617087671314,0.691235604653144,0.703945979678042
"tebuthiuron",3.20262069365765,0.697617035124604,0.691235551600411,0.703945882848808
"tebuthiuron",3.23228397818138,0.697616984531834,0.691235492395911,0.703945775462617
"tebuthiuron",3.26222200971167,0.697616981086622,0.691235426390856,0.703945656477594
"tebuthiuron",3.29243733300777,0.69761697710013,0.691233372765306,0.703945524760741
"tebuthiuron",3.32293251639897,0.697616972493674,0.691233309637268,0.703945379081118
"tebuthiuron",3.35371015200293,0.697616367208982,0.691222662033563,0.703940411575934
"tebuthiuron",3.38477285594598,0.697616271627254,0.691222517226885,0.703940166740669
"tebuthiuron",3.41612326858553,0.697616166145365,0.691222357372731,0.703939897592008
"tebuthiuron",3.44776405473446,0.697614978669173,0.691220327393744,0.703939624793633
"tebuthiuron",3.47969790388769,0.697613998713712,0.69122029063941,0.703939580194187
"tebuthiuron",3.51192753045073,0.697610994166782,0.691220249677374,0.703938809455394
"tebuthiuron",3.54445567397043,0.697610105832292,0.691220204057377,0.703938425674555
"tebuthiuron",3.57728509936787,0.697609102508263,0.691220153284941,0.70393800551036
"tebuthiuron",3.61041859717334,0.697608538676083,0.691220096817492,0.703933423300749
"tebuthiuron",3.64385898376354,0.697607783798076,0.691220034060192,0.703932198059745
"tebuthiuron",3.67760910160103,0.69760753380715,0.691219977455526,0.703932063638118
"tebuthiuron",3.71167181947576,0.697605065171636,0.691219614720949,0.70393191423819
"tebuthiuron",3.74605003274899,0.697601607284592,0.69121920221887,0.703931748348889
"tebuthiuron",3.78074666359935,0.697601577928901,0.691218751013124,0.703931564324236
"tebuthiuron",3.81576466127125,0.697601544643609,0.691218257865331,0.703931360373071
"tebuthiuron",3.85110700232557,0.697598461331105,0.69120531482674,0.703931134548168
"tebuthiuron",3.88677669089266,0.697594807193309,0.691205045487338,0.703930884734709
"tebuthiuron",3.92277675892772,0.697594256707571,0.691204749614428,0.703930608638084
"tebuthiuron",3.95911026646846,0.69759262314022,0.691204424854725,0.703929728965661
"tebuthiuron",3.99578030189527,0.697592278013195,0.691193976439328,0.703928554223005
"tebuthiuron",4.03278998219371,0.6975919840883,0.691192105984122,0.70392728083567
"tebuthiuron",4.07014245321944,0.697590784483412,0.69119009184583,0.703925901518782
"tebuthiuron",4.10784088996564,0.697586429470541,0.691188834015697,0.703924408532286
"tebuthiuron",4.14588849683291,0.697585570580428,0.691188655939696,0.703922793658653
"tebuthiuron",4.18428850790158,0.697584682663313,0.691187218336062,0.70392103620835
"tebuthiuron",4.22304418720667,0.697582452167858,0.691182661684257,0.703919083228942
"tebuthiuron",4.26215882901532,0.697581607053941,0.691180532709177,0.703904153996282
"tebuthiuron",4.30163575810679,0.697580687311848,0.691172659596895,0.703899804913591
"tebuthiuron",4.34147833005509,0.697579687105267,0.691170907249428,0.703898186159465
"tebuthiuron",4.38168993151419,0.697576388714316,0.691164413154078,0.703896406574263
"tebuthiuron",4.4222739805059,0.697575346398751,0.691147274624545,0.703894466531118
"tebuthiuron",4.4632339267104,0.697574448535513,0.691146883951465,0.703892370915558
"tebuthiuron",4.50457325175946,0.697567187534571,0.691141058056761,0.703890108837354
"tebuthiuron",4.5462954695324,0.697565166647232,0.69113516464517,0.703887668769973
"tebuthiuron",4.58840412645476,0.697562731481012,0.691132920349651,0.703882184184981
"tebuthiuron",4.63090280179974,0.697560606759454,0.691131693980548,0.703875872167501
"tebuthiuron",4.67379510799246,0.697557624543355,0.691116543454447,0.703869142194069
"tebuthiuron",4.71708469091701,0.69755360237578,0.691097912610092,0.703864297854323
"tebuthiuron",4.76077523022637,0.697550221159914,0.691067971074951,0.703859543103619
"tebuthiuron",4.80487043965513,0.697547963514178,0.691026387428584,0.703847679847302
"tebuthiuron",4.84937406733523,0.697545187106504,0.691018647947335,0.703843227727457
"tebuthiuron",4.89428989611453,0.697540354117382,0.691010576468865,0.703838455150289
"tebuthiuron",4.93962174387832,0.697537799522569,0.691001804435825,0.70383334233374
"tebuthiuron",4.98537346387389,0.697532153513916,0.69099272581343,0.70382786850888
"tebuthiuron",5.03154894503805,0.697524358682821,0.690987245280002,0.703822011885457
"tebuthiuron",5.07815211232767,0.697520444608275,0.690973545348742,0.703815178020371
"tebuthiuron",5.12518692705333,0.697516806414906,0.690965880252554,0.703807145138749
"tebuthiuron",5.17265738721602,0.697512336358059,0.69095386701505,0.703798593143966
"tebuthiuron",5.22056752784697,0.697505090255192,0.690942023288785,0.703789493705715
"tebuthiuron",5.26892142135067,0.697498461535891,0.690933601984888,0.7037793260816
"tebuthiuron",5.31772317785097,0.697490020157711,0.69092836715825,0.703762915794629
"tebuthiuron",5.36697694554047,0.697483706749319,0.690921208627792,0.703746811463341
"tebuthiuron",5.41668691103315,0.697473621793307,0.69091325248824,0.703740389214294
"tebuthiuron",5.46685729972018,0.697462917147782,0.690902649719266,0.703733525557164
"tebuthiuron",5.51749237612912,0.697453740809726,0.690885145048734,0.703721385690036
"tebuthiuron",5.56859644428641,0.697446847568995,0.690871381209755,0.703707434891889
"tebuthiuron",5.62017384808318,0.697437838088939,0.690855348871727,0.703691465912887
"tebuthiuron",5.67222897164454,0.697427622094384,0.690826571569649,0.70367823291861
"tebuthiuron",5.72476623970218,0.697414507221108,0.690817728949845,0.703660808082711
"tebuthiuron",5.7777901179705,0.697406550057881,0.690782267107978,0.703643215372314
"tebuthiuron",5.83130511352622,0.697394078905537,0.690751587071744,0.703619116213029
"tebuthiuron",5.88531577519145,0.697380973099906,0.690710771013452,0.70360086243162
"tebuthiuron",5.93982669392036,0.697368008220716,0.690670625665891,0.703582452509849
"tebuthiuron",5.99484250318941,0.697353294734462,0.690646084090759,0.703562794638552
"tebuthiuron",6.05036787939122,0.697335192363445,0.690631045132231,0.703540264516859
"tebuthiuron",6.10640754223204,0.697316827764827,0.690612989173946,0.703511766200808
"tebuthiuron",6.16296625513294,0.697297331282445,0.690605320174624,0.703484390992461
"tebuthiuron",6.22004882563471,0.697277487614716,0.690594335951567,0.703461468987592
"tebuthiuron",6.2776601058065,0.697258574442586,0.690575363685418,0.703435786833472
"tebuthiuron",6.33580499265825,0.697236497188281,0.690554073394002,0.703406145956738
"tebuthiuron",6.39448842855694,0.697209374668325,0.690512257873826,0.703376066636166
"tebuthiuron",6.4537154016467,0.697186267469498,0.690485043113067,0.703342303357712
"tebuthiuron",6.5134909462728,0.697161452389062,0.690463412329752,0.703303823403167
"tebuthiuron",6.57382014340958,0.697132475114402,0.690437815498433,0.70326908107391
"tebuthiuron",6.63470812109235,0.697102994701727,0.690423298155077,0.703234487905707
"tebuthiuron",6.69616005485322,0.697070003414749,0.690408499208073,0.703197163117326
"tebuthiuron",6.75818116816111,0.697037034395332,0.690381034929768,0.703147562014282
"tebuthiuron",6.82077673286568,0.696999184879783,0.690341883151589,0.703095607000208
"tebuthiuron",6.8839520696455,0.69696256522653,0.690302776805998,0.703049479006739
"tebuthiuron",6.94771254846023,0.696928833392879,0.690278182736552,0.70299573782631
"tebuthiuron",7.01206358900718,0.696892814411578,0.690242775531028,0.702942656083444
"tebuthiuron",7.07701066118189,0.696854076914834,0.690208280696015,0.702889831160581
"tebuthiuron",7.14255928554312,0.696814726999086,0.690173619246134,0.702836979152765
"tebuthiuron",7.20871503378213,0.696769970349195,0.690137731627434,0.702778002668568
"tebuthiuron",7.27548352919623,0.696722423379736,0.690100265635322,0.702715630151719
"tebuthiuron",7.34287044716676,0.696678144541086,0.690060618348159,0.702655262530459
"tebuthiuron",7.41088151564156,0.696626176766765,0.690030043109467,0.702608979998257
"tebuthiuron",7.47952251562182,0.696572908317304,0.689983348273435,0.702547290982135
"tebuthiuron",7.54879928165343,0.696513365989081,0.689929368257126,0.702468728752284
"tebuthiuron",7.61871770232299,0.696452163779555,0.689881466547061,0.702400394272868
"tebuthiuron",7.6892837207583,0.696395478757841,0.689835465472233,0.702354768892647
"tebuthiuron",7.76050333513357,0.696329622899179,0.689778330975338,0.702306882362781
"tebuthiuron",7.83238259917919,0.696268281924735,0.689724473463986,0.702237197390525
"tebuthiuron",7.90492762269642,0.696197284240173,0.689652178267307,0.702157416755204
"tebuthiuron",7.97814457207662,0.696121391566284,0.689574325434745,0.70207724607981
"tebuthiuron",8.05203967082547,0.696047783609223,0.68950924556954,0.702006196640677
"tebuthiuron",8.12661920009194,0.69597272393721,0.689458993600541,0.701908867394547
"tebuthiuron",8.2018894992022,0.695898459019311,0.689405945989101,0.701803410158782
"tebuthiuron",8.27785696619847,0.695812466370764,0.689336288338281,0.701710759654964
"tebuthiuron",8.35452805838286,0.695723308935356,0.68924757116526,0.701629010394297
"tebuthiuron",8.43190929286625,0.69563721508276,0.689164723058142,0.701521320372699
"tebuthiuron",8.51000724712224,0.695536909514501,0.689071925779224,0.701443087340447
"tebuthiuron",8.58882855954625,0.695435264184473,0.688979982405086,0.701358422262558
"tebuthiuron",8.66837993001977,0.695341817850991,0.688887512669576,0.7012329448044
"tebuthiuron",8.74866812047991,0.695233499504746,0.688770213615472,0.701129471785154
"tebuthiuron",8.82969995549409,0.695120875718944,0.688681332984232,0.701032557435167
"tebuthiuron",8.91148232284019,0.694996272235027,0.688588528666305,0.700917857335365
"tebuthiuron",8.99402217409204,0.694883991561849,0.688481852215025,0.700814205142509
"tebuthiuron",9.07732652521022,0.694750578130841,0.68836757223592,0.700664957026403
"tebuthiuron",9.16140245713851,0.69461907988685,0.688212683465067,0.700522429113849
"tebuthiuron",9.24625711640574,0.694489166129612,0.688069481762701,0.700376345603826
"tebuthiuron",9.33189771573323,0.694347209338097,0.687939775840445,0.700274197115438
"tebuthiuron",9.41833153464795,0.694200004446756,0.687767025456166,0.700122476357739
"tebuthiuron",9.50556592010119,0.694040607624131,0.687613546666431,0.69998524304328
"tebuthiuron",9.59360828709314,0.693893479327114,0.687458999534209,0.69981005770783
"tebuthiuron",9.68246611930312,0.693725322128026,0.68729451808829,0.69967507983754
"tebuthiuron",9.77214696972572,0.693561618908725,0.687139555050246,0.699528898973031
"tebuthiuron",9.86265846131282,0.693392810559706,0.686953864235087,0.699367644969268
"tebuthiuron",9.95400828762152,0.693213334417852,0.686752345760267,0.69922253206089
"tebuthiuron",10.0462042134681,0.693026072366251,0.686583186457251,0.699042503097765
"tebuthiuron",10.1392540755882,0.692843776460021,0.686389779114645,0.69885642356929
"tebuthiuron",10.2331657833024,0.692648031462541,0.686159247967589,0.698653300075373
"tebuthiuron",10.3279473191895,0.692437486393805,0.68591804352838,0.698456121969524
"tebuthiuron",10.423606739764,0.692231491411842,0.685686980962915,0.69826972396893
"tebuthiuron",10.5201521761616,0.692012216616599,0.685436216375257,0.698073117464481
"tebuthiuron",10.61759183483,0.691783698296023,0.68520399555298,0.697894736268587
"tebuthiuron",10.7159339982267,0.691553784420509,0.684965165438886,0.697701886194447
"tebuthiuron",10.8151870255229,0.691307679447263,0.684739888873733,0.697542445962262
"tebuthiuron",10.9153593533139,0.69105041547212,0.684459429029504,0.697321560850688
"tebuthiuron",11.0164594963366,0.690796670911354,0.684195074985357,0.697149061977832
"tebuthiuron",11.1184960481927,0.690535613715778,0.683907335628594,0.696930498570101
"tebuthiuron",11.2214776820798,0.690255589439581,0.683632558862477,0.696724051474093
"tebuthiuron",11.3254131515281,0.6899804761147,0.683323838217944,0.696509789853186
"tebuthiuron",11.4303112911448,0.689697001776117,0.683033776069557,0.696291588244002
"tebuthiuron",11.5361810173648,0.689388771581092,0.682729709661552,0.696049669308177
"tebuthiuron",11.6430313292088,0.689078707195319,0.682400322012526,0.695813527121742
"tebuthiuron",11.7508713090481,0.688768580580409,0.682043501233183,0.695568805085389
"tebuthiuron",11.8597101233767,0.688450743635001,0.681662504134411,0.69531472641981
"tebuthiuron",11.9695570235904,0.688120248238096,0.681292143049254,0.695035464838175
"tebuthiuron",12.0804213467733,0.687785616121812,0.680872155845571,0.694778645985081
"tebuthiuron",12.1923125164911,0.687428367535503,0.6804420743569,0.694544610091098
"tebuthiuron",12.3052400435926,0.687067639395724,0.680018556211506,0.694275485621817
"tebuthiuron",12.4192135270178,0.686697341104808,0.679593453500106,0.693989226212187
"tebuthiuron",12.534242654614,0.686322857624264,0.679168073681648,0.69367403975
"tebuthiuron",12.650337203959,0.685920974381,0.678692176914848,0.6933845774115
"tebuthiuron",12.7675070431926,0.685524578504311,0.678214659355364,0.693106958979982
"tebuthiuron",12.8857621318552,0.685102081425974,0.677739800886383,0.692833299965033
"tebuthiuron",13.0051125217341,0.684677288983063,0.677273611972799,0.692549526697291
"tebuthiuron",13.1255683577184,0.684244385792112,0.676789451541234,0.692309338547613
"tebuthiuron",13.2471398786612,0.683794440188739,0.676311603295034,0.691947652923519
"tebuthiuron",13.3698374182495,0.683341302068528,0.675755055271511,0.691569167545567
"tebuthiuron",13.4936714058831,0.682879921519054,0.675203060384709,0.691231773729183
"tebuthiuron",13.6186523675608,0.682402130765206,0.674680889075825,0.690848595274419
"tebuthiuron",13.7447909267754,0.681923500880564,0.674110254880261,0.690486283902895
"tebuthiuron",13.8720978054162,0.681426436484329,0.67354203096485,0.690139551110444
"tebuthiuron",14.000583824681,0.680910522675876,0.672971193905048,0.689778193141436
"tebuthiuron",14.1302599059953,0.680370412320401,0.67238989934226,0.68938769877436
"tebuthiuron",14.2611370719413,0.679838865958995,0.671809358786788,0.68897352580033
"tebuthiuron",14.3932264471941,0.679291632705027,0.671168662854612,0.688570611297695
"tebuthiuron",14.5265392594678,0.678730613340961,0.670531152379657,0.688149887826827
"tebuthiuron",14.6610868404698,0.678169387674378,0.669852797141368,0.687667303062539
"tebuthiuron",14.796880626864,0.677586241073523,0.669175327143036,0.687153111778998
"tebuthiuron",14.9339321612425,0.67699565881839,0.668512097576758,0.686686825105531
"tebuthiuron",15.0722530931076,0.676389341909081,0.667823676385155,0.686243775855985
"tebuthiuron",15.211855179861,0.675768557762442,0.667102382304754,0.685705521721352
"tebuthiuron",15.3527502878042,0.675136619062812,0.666401623183508,0.685197186560558
"tebuthiuron",15.4949503931463,0.674485333441315,0.665682932565034,0.684585544929955
"tebuthiuron",15.6384675830225,0.67383178487512,0.664906219135034,0.68405213273892
"tebuthiuron",15.7833140565212,0.673154582847747,0.664098339762172,0.683487945093818
"tebuthiuron",15.9295021257212,0.672470993258214,0.663304622691563,0.682949316775663
"tebuthiuron",16.0770442167382,0.671762664451351,0.662484025442925,0.682342082563204
"tebuthiuron",16.2259528707809,0.671038381660719,0.661653518661718,0.681715376015776
"tebuthiuron",16.3762407452169,0.670315338568914,0.660825377788212,0.681082874492018
"tebuthiuron",16.5279206146489,0.669586834862154,0.659969532391046,0.680422308399713
"tebuthiuron",16.6810053720006,0.668828172115763,0.659137913615246,0.679772216777342
"tebuthiuron",16.835508029612,0.668053918131191,0.65821186315552,0.679112468383459
"tebuthiuron",16.9914417203463,0.667271872339528,0.657330033293703,0.678436410302148
"tebuthiuron",17.1488196987054,0.666472200466557,0.656415462550969,0.67775784107897
"tebuthiuron",17.3076553419572,0.665660352718332,0.655508608810292,0.677055017694711
"tebuthiuron",17.4679621512724,0.664845952256713,0.654592349274172,0.676345179960587
"tebuthiuron",17.629753752872,0.664003762987978,0.653642637838123,0.675627868895256
"tebuthiuron",17.7930438991858,0.663159296516633,0.652662969241874,0.674889371745804
"tebuthiuron",17.957846470021,0.662294325787876,0.6516755431778,0.674124373355346
"tebuthiuron",18.1241754737424,0.661402520037116,0.65071658892508,0.673320435611423
"tebuthiuron",18.2920450484629,0.660512512085604,0.649757989681654,0.672549299036558
"tebuthiuron",18.4614694632455,0.659613764704167,0.648757335005664,0.671738200258309
"tebuthiuron",18.6324631193156,0.658686066902132,0.647733681039344,0.670978732127626
"tebuthiuron",18.8050405512858,0.657748337945177,0.646725988766933,0.670176147825391
"tebuthiuron",18.979216428391,0.656798653272696,0.645678720672461,0.669350625744163
"tebuthiuron",19.1550055557353,0.655843147496134,0.644622619663205,0.668500031914492
"tebuthiuron",19.3324228755504,0.654849284208845,0.643540203081916,0.667660253719008
"tebuthiuron",19.5114834684661,0.653854462353848,0.642469141916362,0.666790203352323
"tebuthiuron",19.6922025547917,0.65283837419766,0.641411370223329,0.665925476479111
"tebuthiuron",19.8745954958098,0.651828751239754,0.640311580611511,0.664990127084809
"tebuthiuron",20.0586777950823,0.650783068495056,0.63919348394854,0.664083654993414
"tebuthiuron",20.244465099768,0.649738774621962,0.638057686418289,0.663160707946138
"tebuthiuron",20.4319732019527,0.648672823527447,0.636873643872659,0.662223045045977
"tebuthiuron",20.6212180399914,0.647588381135125,0.635697066821079,0.661241819180158
"tebuthiuron",20.8122156998634,0.646481553639414,0.634512902524721,0.660210738872628
"tebuthiuron",21.0049824165391,0.645360245181935,0.633344109139405,0.659239667427978
"tebuthiuron",21.1995345753607,0.644216769514024,0.632150940080146,0.658261031256006
"tebuthiuron",21.3958887134342,0.643063347647503,0.630925256571326,0.657278155337616
"tebuthiuron",21.5940615210357,0.641890672948388,0.629676758789348,0.656227233995923
"tebuthiuron",21.7940698430295,0.640703739143763,0.62843536231663,0.655098029276025
"tebuthiuron",21.9959306803007,0.639508591721614,0.62718290898006,0.654021179393465
"tebuthiuron",22.1996611911995,0.638292161080432,0.625866408575595,0.652966915726944
"tebuthiuron",22.4052786930002,0.637068316299337,0.624622629164302,0.651880294603969
"tebuthiuron",22.6128006633728,0.635840676521375,0.623315667488443,0.650670998877492
"tebuthiuron",22.822244741869,0.634601156009478,0.621991795654552,0.649529635011374
"tebuthiuron",23.0336287314213,0.633329221813669,0.620623680128978,0.648367962850513
"tebuthiuron",23.2469705998565,0.632045022307926,0.619269720267558,0.64718722998393
"tebuthiuron",23.4622884814226,0.630752795147082,0.617914435244511,0.645987761121435
"tebuthiuron",23.6796006783308,0.629438150177867,0.61652103373653,0.644766693389221
"tebuthiuron",23.8989256623105,0.628106095380659,0.615133250873507,0.643493051978712
"tebuthiuron",24.12028207618,0.626763517098213,0.613728630473867,0.64220118306332
"tebuthiuron",24.3436887354311,0.625407303655893,0.612336943004718,0.640892771967494
"tebuthiuron",24.5691646298279,0.624041038227371,0.610933439472407,0.639593445824295
"tebuthiuron",24.7967289250216,0.622665320144648,0.609583108391675,0.638296984733956
"tebuthiuron",25.0264009641792,0.621272205470786,0.608179367625608,0.63693695930857
"tebuthiuron",25.2582002696278,0.619856521983617,0.606680197726978,0.63560372576473
"tebuthiuron",25.4921465445142,0.618429066078105,0.605297778655425,0.634178706709321
"tebuthiuron",25.7282596744793,0.616986035751027,0.603870451217992,0.632847638374676
"tebuthiuron",25.9665597293487,0.615530126153618,0.602391093149279,0.631506049560832
"tebuthiuron",26.2070669648385,0.614059957617019,0.600954842189446,0.630094768936283
"tebuthiuron",26.4498018242772,0.612592387978016,0.599453355974343,0.628653643148329
"tebuthiuron",26.6947849403432,0.611098024108542,0.597927338098285,0.627242360860671
"tebuthiuron",26.9420371368188,0.60959764722312,0.596375803777442,0.625756585144005
"tebuthiuron",27.1915794303601,0.608069759569123,0.594798036182516,0.624273050958555
"tebuthiuron",27.4434330322836,0.606530942715447,0.593244070225391,0.622741742253611
"tebuthiuron",27.6976193503689,0.604989147007782,0.591702663970654,0.621227679843477
"tebuthiuron",27.9541599906785,0.603429124151605,0.590122495748665,0.619558672892324
"tebuthiuron",28.2130767593947,0.601855533284865,0.588524592061873,0.618002753519057
"tebuthiuron",28.4743916646724,0.600272223909495,0.58688090049844,0.616392245290838
"tebuthiuron",28.7381269185106,0.598680825602084,0.585262523337794,0.614617495686723
"tebuthiuron",29.0043049386399,0.597066597543138,0.58366407046145,0.612936594824855
"tebuthiuron",29.2729483504281,0.595439373703568,0.582028937098614,0.611171245999828
"tebuthiuron",29.5440799888038,0.593801869919723,0.580381514738029,0.609177599980609
"tebuthiuron",29.8177229001967,0.592168734842856,0.578688351161162,0.607211882619398
"tebuthiuron",30.0939003444972,0.590503950833807,0.577062969981939,0.605289762164713
"tebuthiuron",30.3726357970331,0.588819145632735,0.575366586856695,0.60352412979656
"tebuthiuron",30.6539529505652,0.587117206350586,0.573647736176417,0.601643682841916
"tebuthiuron",30.9378757173014,0.585422522215559,0.571941609771724,0.599770657468286
"tebuthiuron",31.2244282309285,0.58371012167239,0.570237780958029,0.597730491637444
"tebuthiuron",31.5136348486648,0.581964597949864,0.568471251084019,0.595882386274461
"tebuthiuron",31.8055201533292,0.580216520564923,0.566704426386636,0.594039487171318
"tebuthiuron",32.1001089554317,0.578450052666581,0.564942829134024,0.592100444899376
"tebuthiuron",32.3974262952819,0.576668007585304,0.563150239362786,0.590286454838107
"tebuthiuron",32.6974974451177,0.574875788947683,0.561389128670833,0.588390504974998
"tebuthiuron",33.0003479112528,0.573100523288659,0.559622152263065,0.586589732823771
"tebuthiuron",33.3060034362459,0.571292432953789,0.557779868387136,0.5847503073205
"tebuthiuron",33.6144900010876,0.569483163566928,0.555994832631126,0.582934559582243
"tebuthiuron",33.9258338274099,0.567650892483888,0.55413603785416,0.581121180563072
"tebuthiuron",34.2400613797142,0.565820090240364,0.552310129559481,0.579331147893951
"tebuthiuron",34.5571993676214,0.563979245502771,0.550483916009949,0.577475576259978
"tebuthiuron",34.8772747481418,0.56211614355063,0.548611372377623,0.575638765696715
"tebuthiuron",35.2003147279668,0.560241535652531,0.546603571934546,0.57379792414597
"tebuthiuron",35.5263467657814,0.558373855920205,0.544595807579629,0.571922931125085
"tebuthiuron",35.8553985745981,0.556505225346469,0.542493834791214,0.57003993900148
"tebuthiuron",36.1874981241128,0.55462114633322,0.540475101559388,0.568146787586657
"tebuthiuron",36.5226736430817,0.552716474644878,0.53857056590175,0.56628416865922
"tebuthiuron",36.8609536217216,0.550806592791777,0.53652802854185,0.564382656075852
"tebuthiuron",37.2023668141307,0.548896532482086,0.534470923221517,0.56246550303614
"tebuthiuron",37.5469422407333,0.546961178340995,0.532385815561907,0.560536654234688
"tebuthiuron",37.8947091907466,0.545036887486053,0.530225596457328,0.558608567426341
"tebuthiuron",38.24569722467,0.543105328879434,0.528185501614532,0.556676660428075
"tebuthiuron",38.5999361767976,0.541168749656901,0.526093424328588,0.554695545869158
"tebuthiuron",38.957456157755,0.539220509923618,0.523971504261787,0.552713283201779
"tebuthiuron",39.3182875570577,0.537271985584571,0.521842865181747,0.550801521607555
"tebuthiuron",39.6824610456948,0.535307900433362,0.519730208818581,0.548817740207336
"tebuthiuron",40.0500075787361,0.533339789442753,0.517615323429735,0.546834248433631
"tebuthiuron",40.4209583979631,0.531379770739613,0.515531372725195,0.544856412665882
"tebuthiuron",40.7953450345245,0.529389637006742,0.513449043296694,0.542810378417801
"tebuthiuron",41.1731993116167,0.527402005035481,0.511341976880277,0.540761033323207
"tebuthiuron",41.5545533471887,0.525405070571847,0.509321908909784,0.538764445040568
"tebuthiuron",41.9394395566718,0.523403414269601,0.507297987873364,0.53673260196441
"tebuthiuron",42.3278906557355,0.52140624554716,0.505278520611063,0.534686298513002
"tebuthiuron",42.7199396630677,0.519383350800578,0.503330631777933,0.532635482626084
"tebuthiuron",43.1156199031822,0.517357452721257,0.501238191059594,0.530575451065228
"tebuthiuron",43.5149650092505,0.515331282855564,0.499145316199636,0.528534079521939
"tebuthiuron",43.9180089259608,0.513280556279085,0.497183408905401,0.526442329081002
"tebuthiuron",44.324785912404,0.511246108238804,0.495195637320662,0.524390375923255
"tebuthiuron",44.7353305449846,0.509188946391476,0.493150238014475,0.522323284472924
"tebuthiuron",45.149677720361,0.507131958607389,0.491141525150548,0.520286067588742
"tebuthiuron",45.5678626584106,0.505061281385194,0.489167227424175,0.518197291582191
"tebuthiuron",45.9899209052244,0.502995321560622,0.487150687864056,0.516093765067693
"tebuthiuron",46.4158883361277,0.500927872107014,0.485051380078907,0.513987131064403
"tebuthiuron",46.8458011587305,0.498875693357805,0.483040842357936,0.511914482347126
"tebuthiuron",47.2796959160039,0.496796464189426,0.480908357948454,0.509802332176771
"tebuthiuron",47.7176094893874,0.494721813790739,0.478876149553122,0.507683255757336
"tebuthiuron",48.1595791019235,0.4926254660892,0.476903509201023,0.50561967073126
"tebuthiuron",48.6056423214213,0.490545376836528,0.474857332058693,0.503545516519192
"tebuthiuron",49.0558370636504,0.488444959352559,0.472759866233264,0.5013828203974
"tebuthiuron",49.5102015955634,0.486330706423539,0.470676099580593,0.499281997761744
"tebuthiuron",49.9687745385488,0.484199563791957,0.468595569233279,0.497195709045462
"tebuthiuron",50.4315948717136,0.482099893567378,0.466556086025396,0.495093133751943
"tebuthiuron",50.8987019351968,0.480000620608748,0.464486855949178,0.492959608316104
"tebuthiuron",51.3701354335134,0.477884879503617,0.462343892911982,0.490831329369
"tebuthiuron",51.8459354389291,0.475766844404003,0.460270203448913,0.488711130374213
"tebuthiuron",52.3261423948666,0.473641223782638,0.45820353806341,0.486584955132736
"tebuthiuron",52.8107971193433,0.471529294256275,0.456168822399289,0.484455229171949
"tebuthiuron",53.2999408084409,0.469418941669997,0.454163282621142,0.482248709137243
"tebuthiuron",53.793615039807,0.467291734328676,0.452157036189831,0.480091118095772
"tebuthiuron",54.2918617761894,0.465183659072596,0.450150493078135,0.477897681996061
"tebuthiuron",54.7947233690029,0.463053346621567,0.448116755395122,0.475780828006815
"tebuthiuron",55.3022425619289,0.460923485753051,0.446048681965909,0.473697579131263
"tebuthiuron",55.8144624945496,0.458795818690398,0.443974073992444,0.471523777650289
"tebuthiuron",56.3314267060136,0.456674063102007,0.441861926711012,0.469377124677789
"tebuthiuron",56.8531791387375,0.454549422337964,0.439749392536277,0.467205927440868
"tebuthiuron",57.3797641421413,0.452418207644339,0.437637612375212,0.465029467516008
"tebuthiuron",57.9112264764176,0.450292299100668,0.435581594874446,0.462873845172545
"tebuthiuron",58.4476113163363,0.448149862754328,0.433520873291183,0.460739145695962
"tebuthiuron",58.9889642550849,0.446017363105265,0.431481740415915,0.45855185882506
"tebuthiuron",59.5353313081437,0.443887593820821,0.42939131619356,0.456314893914621
"tebuthiuron",60.0867589171968,0.441765788477206,0.427302918812787,0.454201103542354
"tebuthiuron",60.6432939540806,0.439635820139012,0.425212897513824,0.452091322525278
"tebuthiuron",61.2049837247669,0.437504944950904,0.423163646887684,0.449931513277775
"tebuthiuron",61.7718759733849,0.435375108037212,0.421115127256924,0.447771128165126
"tebuthiuron",62.3440188862786,0.433231925779358,0.419001829340643,0.445610133857455
"tebuthiuron",62.9214610961033,0.431106025038626,0.416953735891265,0.443419694659989
"tebuthiuron",63.5042516859596,0.428988098410825,0.414812998011543,0.441252285281093
"tebuthiuron",64.0924401935645,0.426862194189723,0.412710613609987,0.439074548101811
"tebuthiuron",64.6860766154632,0.424741125247919,0.410632684572232,0.436876839769785
"tebuthiuron",65.2852114112784,0.42262431760717,0.408591273685101,0.434740678964873
"tebuthiuron",65.8898955079995,0.420497154904866,0.40654867612709,0.432569743995962
"tebuthiuron",66.5001803043111,0.418384300878441,0.404446794327938,0.430391792917111
"tebuthiuron",67.1161176749628,0.416263237800954,0.4023666489547,0.428213524389523
"tebuthiuron",67.7377599751775,0.414158676292654,0.400274986782679,0.426061274809685
"tebuthiuron",68.3651600451023,0.412046129807999,0.398150091545642,0.423920586190246
"tebuthiuron",68.9983712143001,0.409932244567426,0.396006264891666,0.421780660595712
"tebuthiuron",69.6374473062822,0.407839966547219,0.393995780650333,0.419652040536861
"tebuthiuron",70.2824426430834,0.405722020182151,0.39192976296398,0.417524699169251
"tebuthiuron",70.9334120498799,0.403595583952788,0.389908437359702,0.415398762638716
"tebuthiuron",71.5904108596489,0.401495153019482,0.387893331737429,0.413271302023072
"tebuthiuron",72.2534949178721,0.399395225544628,0.385804464132897,0.411150501145481
"tebuthiuron",72.9227205872831,0.397295291735495,0.383739111639621,0.409024022338201
"tebuthiuron",73.5981447526577,0.395186383623212,0.38168673103014,0.406881904131815
"tebuthiuron",74.2798248256491,0.393080578373477,0.379611605135888,0.404727756874365
"tebuthiuron",74.9678187496687,0.390989975398338,0.377538980601603,0.402570652420754
"tebuthiuron",75.6621850048104,0.388879529925528,0.375419906510404,0.400408527969051
"tebuthiuron",76.3629826128223,0.38678628177357,0.373282457672082,0.398298599941807
"tebuthiuron",77.070271142123,0.384680208974294,0.371289128583529,0.396162861883577
"tebuthiuron",77.7841107128647,0.382599505072231,0.36918547125357,0.394041706363639
"tebuthiuron",78.504562002045,0.380517791147603,0.367168760164996,0.391914039923763
"tebuthiuron",79.2316862486625,0.378451855691116,0.365133650275635,0.389791812107744
"tebuthiuron",79.9655452589234,0.376402938816868,0.363169704039841,0.387696224377751
"tebuthiuron",80.706201411495,0.374333193707808,0.361195043968415,0.385595710582664
"tebuthiuron",81.4537176628074,0.372265050028153,0.359220643744043,0.383521193721004
"tebuthiuron",82.2081575524053,0.370204826157642,0.357129927831403,0.381432709402877
"tebuthiuron",82.969585208349,0.368141958832622,0.355112308449592,0.379341947925474
"tebuthiuron",83.7380653526649,0.366112409693634,0.353129132819866,0.377266469381016
"tebuthiuron",84.5136633068471,0.364064163870454,0.351134012651529,0.375212551600702
"tebuthiuron",85.2964449974102,0.362016971030602,0.349102009160662,0.37313729027049
"tebuthiuron",86.0864769614924,0.359969350477175,0.347011034084859,0.371055274862109
"tebuthiuron",86.8838263525117,0.357942332849686,0.344926808249193,0.368982812474816
"tebuthiuron",87.6885609458742,0.355891830495637,0.342864630147825,0.366897362755578
"tebuthiuron",88.5007491447343,0.353875541591309,0.340893337820102,0.364838746008001
"tebuthiuron",89.3204599858095,0.351856473673858,0.338928093338133,0.362708252914629
"tebuthiuron",90.1477631452491,0.349843023990089,0.336899104369282,0.360715289627996
"tebuthiuron",90.9827289445556,0.34783551036528,0.334927472718235,0.358719795533709
"tebuthiuron",91.8254283565627,0.345830910271701,0.332888927135984,0.356709736716114
"tebuthiuron",92.6759330114687,0.343838475541571,0.330940696296469,0.354672028564167
"tebuthiuron",93.5343152029238,0.341854637736157,0.328969180891488,0.352612708197801
"tebuthiuron",94.4006478941759,0.339864887531426,0.32694299346733,0.350522640132934
"tebuthiuron",95.2750047242729,0.337898647746995,0.324920981544793,0.348490577887377
"tebuthiuron",96.1574600143208,0.335924922477036,0.322907731683698,0.346481367846249
"tebuthiuron",97.0480887738029,0.333959355486918,0.320902926002849,0.344464471075672
"tebuthiuron",97.9469667069539,0.331990615156875,0.318927889885023,0.342436338493721
"tebuthiuron",98.8541702191956,0.330057886735862,0.316943807246159,0.340455522726197
"tebuthiuron",99.7697764236319,0.328115176283279,0.31499877331343,0.338469256966042
"tebuthiuron",100.693863147603,0.326180814843677,0.313060960279434,0.336513937236906
"tebuthiuron",101.626508939299,0.324250671320996,0.311137297012754,0.334537334535178
"tebuthiuron",102.567793074442,0.32232638710159,0.309224486576083,0.332600963675512
"tebuthiuron",103.517795563018,0.320402334388043,0.307319602437222,0.330627554448125
"tebuthiuron",104.47659715608,0.318487346637201,0.305417336392129,0.328672928847625
"tebuthiuron",105.444279352617,0.316585564537793,0.303438951616623,0.326663089077177
"tebuthiuron",106.420924406472,0.314684470687343,0.301490331295543,0.32469550862291
"tebuthiuron",107.406615333343,0.312796573959047,0.299592617451446,0.322798961249825
"tebuthiuron",108.401435917833,0.310920070410867,0.29764507735387,0.320890451925387
"tebuthiuron",109.405470720574,0.309027380904378,0.295705512830303,0.318991831023317
"tebuthiuron",110.418805085416,0.307172811439464,0.293805234272145,0.317076084459942
"tebuthiuron",111.441525146679,0.305297881134461,0.292002404245177,0.315150254049722
"tebuthiuron",112.473717836475,0.303432530914159,0.290103271496604,0.313258176308459
"tebuthiuron",113.5154708921,0.301573402788122,0.28824593913023,0.311400787189481
"tebuthiuron",114.566872863487,0.299725039728592,0.286405243272805,0.309470363108534
"tebuthiuron",115.628013120738,0.297886556588813,0.28454274247505,0.307620223324369
"tebuthiuron",116.698981861715,0.296063785168655,0.282700780691444,0.305757425628322
"tebuthiuron",117.779870119712,0.294229418706063,0.280860825483554,0.303888660764793
"tebuthiuron",118.87076977119,0.292404342812414,0.279046405598989,0.302005662576211
"tebuthiuron",119.971773543588,0.290592330257854,0.277225148488785,0.300154127879149
"tebuthiuron",121.082975023204,0.288763055177236,0.27545040406274,0.298337605430919
"tebuthiuron",122.204468663149,0.286969121617755,0.273643666699024,0.296483552112143
"tebuthiuron",123.336349791377,0.285174915445421,0.271834601661934,0.29464531426338
"tebuthiuron",124.478714618791,0.28338120060215,0.270050427010849,0.292836660490933
"tebuthiuron",125.631660247412,0.281603047386773,0.268274395541496,0.291023428831002
"tebuthiuron",126.795284678643,0.279837415218058,0.266505524382986,0.289187846192043
"tebuthiuron",127.969686821594,0.27807820657721,0.264790209365806,0.287391879806834
"tebuthiuron",129.154966501488,0.276313737280817,0.263055039881646,0.285619371382236
"tebuthiuron",130.351224468151,0.27457118817645,0.261345457738793,0.283812710302945
"tebuthiuron",131.55856240457,0.272818159555192,0.259618074507666,0.282078299911474
"tebuthiuron",132.777082935543,0.27109681641378,0.257878709596505,0.280335332491172
"tebuthiuron",134.006889636395,0.26936062559991,0.256168602287596,0.278600832208238
"tebuthiuron",135.248087041787,0.267644187952401,0.25448432330766,0.276859476809277
"tebuthiuron",136.500780654601,0.265916093604878,0.252670451769794,0.275124816177224
"tebuthiuron",137.765076954905,0.264209583643696,0.250972361550589,0.273364926662504
"tebuthiuron",139.041083409007,0.262503006571617,0.249343195762075,0.271636890510171
"tebuthiuron",140.328908478587,0.260800006078906,0.247721875722515,0.269957688689005
"tebuthiuron",141.62866162992,0.259105854447369,0.246108010247018,0.268268123805147
"tebuthiuron",142.940453343176,0.257430534713629,0.244501612349152,0.266557956689172
"tebuthiuron",144.264395121816,0.255757268314288,0.242877238015348,0.264850166993649
"tebuthiuron",145.600599502065,0.25409420463968,0.24127118969758,0.263143909520096
"tebuthiuron",146.949180062482,0.252431753435751,0.23959593958481,0.261503795941345
"tebuthiuron",148.31025143361,0.250788542383954,0.237952142914713,0.259861526394414
"tebuthiuron",149.683929307725,0.249150814658697,0.236305976105902,0.258184871899905
"tebuthiuron",151.070330448665,0.247518247168559,0.234727845959424,0.256528188269861
"tebuthiuron",152.469572701757,0.245883213595804,0.233100063492249,0.254905596664311
"tebuthiuron",153.881775003834,0.244271843307555,0.231476860011578,0.253251534769638
"tebuthiuron",155.307057393346,0.242663158093322,0.229874343346278,0.251628669984625
"tebuthiuron",156.745541020559,0.241058944659076,0.22828864208985,0.250017913772537
"tebuthiuron",158.19734815786,0.239457241414431,0.226724607673936,0.248397569040688
"tebuthiuron",159.662602210142,0.237866942127252,0.22518105117033,0.246741972114887
"tebuthiuron",161.141427725302,0.236285360721039,0.223659302005168,0.245186754157583
"tebuthiuron",162.633950404819,0.234710596718019,0.222149825303459,0.243578989769739
"tebuthiuron",164.140297114446,0.233146619829321,0.220617192214118,0.241990318923359
"tebuthiuron",165.660595894991,0.231602386813563,0.219136504429373,0.240411741919211
"tebuthiuron",167.194975973199,0.230053879028762,0.217654127406225,0.238843697219917
"tebuthiuron",168.743567772737,0.228505439794234,0.216143929763142,0.237257431073007
"tebuthiuron",170.306502925284,0.226980033453184,0.214634041633203,0.235719082779094
"tebuthiuron",171.883914281715,0.225461439244381,0.213206396603069,0.234161595235465
"tebuthiuron",173.475935923393,0.223938898718028,0.211791496281603,0.232627102353847
"tebuthiuron",175.082703173572,0.222433625374971,0.21036978306013,0.231110039420979
"tebuthiuron",176.704352608895,0.220937278227048,0.208909807613268,0.229614755358093
"tebuthiuron",178.341022071001,0.219440036120216,0.207464772374999,0.228122285892384
"tebuthiuron",179.992850678248,0.217952252981803,0.206077224492363,0.226648361206829
"tebuthiuron",181.659978837533,0.216479097600497,0.204658288486033,0.225167553995199
"tebuthiuron",183.342548256229,0.215010010788624,0.203317316494675,0.223687068358874
"tebuthiuron",185.04070195423,0.213542261270709,0.201954237634167,0.222204285710319
"tebuthiuron",186.754584276108,0.212082215383507,0.200594054637973,0.220711973522694
"tebuthiuron",188.484340903379,0.210635243356276,0.199246524707919,0.219265488791868
"tebuthiuron",190.230118866894,0.209203122521135,0.197909336954341,0.21779071231328
"tebuthiuron",191.992066559328,0.207772350793798,0.19661169676896,0.216354276390684
"tebuthiuron",193.770333747799,0.206343305164575,0.19528552076039,0.214944809888577
"tebuthiuron",195.565071586595,0.204925207870491,0.193971884505669,0.213507631713157
"tebuthiuron",197.376432630025,0.203525655352384,0.192666961372472,0.212068659160167
"tebuthiuron",199.204570845387,0.202131779203578,0.191347198465549,0.2106523578817
"tebuthiuron",201.04964162605,0.200740374233498,0.19003500346286,0.209260401112571
"tebuthiuron",202.911801804667,0.19934177294816,0.188738251851047,0.207867176479006
"tebuthiuron",204.791209666508,0.197971367711967,0.187434293515739,0.206486145220104
"tebuthiuron",206.688024962908,0.196596478349592,0.18610898175987,0.20509183588479
"tebuthiuron",208.60240892485,0.195231303040728,0.184784870971914,0.203702748418211
"tebuthiuron",210.53452427667,0.193881715626764,0.18353441514939,0.20232658768998
"tebuthiuron",212.484535249888,0.192533195189423,0.182258618017071,0.200950928473145
"tebuthiuron",214.452607597166,0.191198310051124,0.181085267702468,0.199586255884849
"tebuthiuron",216.438908606402,0.189876372787944,0.179849695115416,0.198227089061329
"tebuthiuron",218.443607114943,0.188556249953816,0.178595007057623,0.196886219067221
"tebuthiuron",220.466873523941,0.187235575998251,0.177339802536573,0.195548691455098
"tebuthiuron",222.508879812837,0.185922747406512,0.17612628260621,0.194216065731283
"tebuthiuron",224.569799553977,0.184618377314801,0.174867097306595,0.192886249248952
"tebuthiuron",226.649807927369,0.183318534322598,0.173651300388039,0.191568996486179
"tebuthiuron",228.74908173557,0.182039735048394,0.172452829046583,0.190261167031117
"tebuthiuron",230.867799418717,0.180759363094907,0.171258464060019,0.188966577936817
"tebuthiuron",233.006141069692,0.17948449029657,0.170010072218496,0.187672974135898
"tebuthiuron",235.164288449435,0.178225702273289,0.168796139995857,0.186395475559674
"tebuthiuron",237.342425002386,0.176976545420422,0.167631805178885,0.185123357818928
"tebuthiuron",239.540735872088,0.175733048990117,0.166489597555675,0.183865953495359
"tebuthiuron",241.759407916913,0.17448714434868,0.165330182649221,0.182622234972083
"tebuthiuron",243.998629725955,0.173253547503993,0.164154595467809,0.181364309070062
"tebuthiuron",246.258591635054,0.172031863848708,0.16299111384827,0.180103231011927
"tebuthiuron",248.53948574298,0.170811840162708,0.161871894715376,0.178876492611579
"tebuthiuron",250.841505927754,0.169601530322031,0.160734767660793,0.177641680890729
"tebuthiuron",253.164847863135,0.16839515505595,0.159557717270249,0.176415727383695
"tebuthiuron",255.509709035251,0.167203907894381,0.158383150657965,0.175227779909995
"tebuthiuron",257.87628875938,0.166011699933368,0.157271945632267,0.174013058937775
"tebuthiuron",260.2647881969,0.164832312160552,0.156114904483376,0.172804787653469
"tebuthiuron",262.675410372384,0.163668512419826,0.154999706715187,0.171619411252432
"tebuthiuron",265.108360190853,0.162492995629532,0.15388075596264,0.170442491285517
"tebuthiuron",267.563844455204,0.161338381129566,0.152773821996668,0.169275559935434
"tebuthiuron",270.042071883777,0.160196789128651,0.151673285838124,0.168123985471184
"tebuthiuron",272.543253128102,0.159053872144423,0.150583306316613,0.166968431379785
"tebuthiuron",275.067600790806,0.157921506561419,0.149496573986442,0.165820363790297
"tebuthiuron",277.61532944368,0.156797862098411,0.148461347474958,0.164653483188146
"tebuthiuron",280.186655645919,0.155676053803546,0.147354841479465,0.163505702860316
"tebuthiuron",282.781797962534,0.154557732573021,0.146306047074063,0.162369644882564
"tebuthiuron",285.400976982924,0.153453391041389,0.145229044872645,0.161222799852088
"tebuthiuron",288.044415339629,0.152355277717783,0.144163886764275,0.160095027785557
"tebuthiuron",290.712337727258,0.151259191845998,0.143103669576275,0.158970231028152
"tebuthiuron",293.404970921579,0.15017338163293,0.142045122235067,0.157851916841907
"tebuthiuron",296.122543798803,0.149087218961683,0.14100534753504,0.156738067279728
"tebuthiuron",298.865287355038,0.14800818650992,0.139960993436384,0.15563099486683
"tebuthiuron",301.63343472592,0.146944010321283,0.138944104342382,0.154545326724525
"tebuthiuron",304.42722120643,0.145886896581118,0.137929604349482,0.153471608910576
"tebuthiuron",307.2468842709,0.144843992778057,0.13691770755975,0.152378743333055
"tebuthiuron",310.092663593193,0.143804538664087,0.135891794572248,0.151282393267278
"tebuthiuron",312.964801067075,0.142770701581602,0.13487996935774,0.150212887978506
"tebuthiuron",315.863540826782,0.1417375567929,0.133867436107869,0.149157376312726
"tebuthiuron",318.789129267765,0.140720198774146,0.132885939585923,0.148115487289864
"tebuthiuron",321.741815067637,0.13969701104831,0.131895720618046,0.147081074073053
"tebuthiuron",324.721849207313,0.13868465506325,0.130918549271237,0.146028598855198
"tebuthiuron",327.729484992338,0.137673180710065,0.129940159744521,0.144987605386679
"tebuthiuron",330.764978074424,0.136669741964017,0.128961304161128,0.143979557170854
"tebuthiuron",333.828586473176,0.135677820061927,0.128027968005175,0.142950286928067
"tebuthiuron",336.920570598027,0.134689590736257,0.127063629081136,0.141947276483149
"tebuthiuron",340.04119327037,0.133700955432373,0.126105328494288,0.140985788986531
"tebuthiuron",343.190719745904,0.132729400868062,0.12516898014801,0.140023635167995
"tebuthiuron",346.369417737173,0.131765692622374,0.124225850792307,0.13903866313102
"tebuthiuron",349.577557436327,0.130815288607519,0.123288916021519,0.138063186581442
"tebuthiuron",352.815411538088,0.129856658752594,0.122382841528295,0.137108011033422
"tebuthiuron",356.083255262927,0.128914875606386,0.121462535118803,0.136130344967704
"tebuthiuron",359.381366380462,0.127966664336852,0.120546289398372,0.135184170853401
"tebuthiuron",362.710025233065,0.127035646289556,0.119608145711435,0.134227193799033
"tebuthiuron",366.06951475969,0.126098916833236,0.11872781571743,0.133285027835357
"tebuthiuron",369.46012051993,0.125174469448962,0.117822766210383,0.132346110153967
"tebuthiuron",372.882130718283,0.124259031530253,0.116928061613715,0.131465238900463
"tebuthiuron",376.335836228653,0.123351374672615,0.116065664653324,0.130564945419691
"tebuthiuron",379.821530619073,0.122452258715168,0.115241402105887,0.129633765736161
"tebuthiuron",383.33951017666,0.121555777969519,0.114381990698671,0.128770677630548
"tebuthiuron",386.890073932797,0.120664132544115,0.113528547605096,0.127851952443272
"tebuthiuron",390.473523688556,0.119779188760917,0.112670769135214,0.126945685834083
"tebuthiuron",394.090164040345,0.118905807461151,0.111818923614463,0.126061566371596
"tebuthiuron",397.740302405803,0.11804065242767,0.110973482200878,0.125173131428165
"tebuthiuron",401.424249049932,0.117176940593215,0.110145480310326,0.124328128782576
"tebuthiuron",405.142317111465,0.116316107434874,0.109345611044338,0.123484797879523
"tebuthiuron",408.894822629486,0.115463394438811,0.108488257133825,0.122606826837281
"tebuthiuron",412.682084570295,0.114612186632767,0.107652630563526,0.121736359794387
"tebuthiuron",416.504424854518,0.113765347444555,0.106837564960359,0.120890787768382
"tebuthiuron",420.362168384471,0.112919949541497,0.106050097518154,0.120040225123348
"tebuthiuron",424.255643071778,0.112087253433733,0.105242759102253,0.119233834697131
"tebuthiuron",428.185179865241,0.111252749502144,0.104455090559669,0.118427671334672
"tebuthiuron",432.151112778976,0.110431485309735,0.103638668764343,0.117628255480069
"tebuthiuron",436.1537789208,0.109615096995617,0.102836191169839,0.116826931097946
"tebuthiuron",440.193518520887,0.108806665338485,0.102063241050161,0.116020404999318
"tebuthiuron",444.270674960688,0.108001075823088,0.101286373157126,0.115221932258802
"tebuthiuron",448.385594802119,0.107196663340109,0.100530863930965,0.114417885159623
"tebuthiuron",452.538627817016,0.106401693606789,0.0997576046489827,0.113638790633751
"tebuthiuron",456.730127016874,0.105612256303799,0.0989803495732858,0.112857880404958
"tebuthiuron",460.960448682843,0.104824024495557,0.098224924737011,0.112067952180013
"tebuthiuron",465.229952396018,0.104047359774322,0.0975152129105804,0.111300109716962
"tebuthiuron",469.539001068006,0.103276559823041,0.0967676996864154,0.110518335540313
"tebuthiuron",473.887960971765,0.102510977608325,0.0959999673287555,0.109766773777366
"tebuthiuron",478.277201772748,0.101750522461073,0.0952475424120031,0.109010939759535
"tebuthiuron",482.707096560318,0.100995096924812,0.0944897681687122,0.108240367102737
"tebuthiuron",487.178021879463,0.100240180619879,0.0937541191327845,0.107488841863548
"tebuthiuron",491.690357762802,0.099493905116975,0.0930360145903154,0.106759767646085
"tebuthiuron",496.244487762891,0.0987612155268841,0.0923002358962245,0.106061282387854
"tebuthiuron",500.840798984821,0.0980281784438634,0.0915775515021889,0.105330611631328
"tebuthiuron",505.479682119123,0.0972942016748557,0.0908785228678869,0.104600715758342
"tebuthiuron",510.161531474983,0.0965745095712694,0.0901650354617122,0.103865390244115
"tebuthiuron",514.886745013749,0.0958556189621825,0.0895060855460884,0.103146306888669
"tebuthiuron",519.655724382765,0.0951414705731331,0.0888290035188405,0.102453129632343
"tebuthiuron",524.468874949511,0.0944374096986919,0.0881607755119057,0.101738107383176
"tebuthiuron",529.326605836056,0.0937353442477697,0.0874809406248123,0.101018466292869
"tebuthiuron",534.229329953835,0.0930409318112887,0.0867897029709944,0.100322259836578
"tebuthiuron",539.17746403875,0.0923467410473957,0.0861045989462857,0.0996333082959325
"tebuthiuron",544.171428686589,0.0916594374062493,0.0854297490854266,0.0989061124173313
"tebuthiuron",549.211648388778,0.0909812664216462,0.0847798963196675,0.0982733537675188
"tebuthiuron",554.298551568467,0.090298916390146,0.0841486506488321,0.0975977429955985
"tebuthiuron",559.432570616938,0.0896171801376958,0.0834774426436554,0.0969057764161198
"tebuthiuron",564.614141930366,0.0889420449600616,0.0828059974713856,0.0962289334786309
"tebuthiuron",569.843705946914,0.0882807522355683,0.0821421944464764,0.095550214159514
"tebuthiuron",575.12170718416,0.0876183662160182,0.08153758196684,0.0948900075968359
"tebuthiuron",580.448594276897,0.0869604773855446,0.0809211555848932,0.094243653246817
"tebuthiuron",585.824820015254,0.0863183275609454,0.080284896840537,0.0936066283265436
"tebuthiuron",591.250841383187,0.0856707118428782,0.079651046807335,0.0929456559108601
"tebuthiuron",596.727119597331,0.0850215527152536,0.0790486791308486,0.0923064583122907
"tebuthiuron",602.254120146192,0.084394114576527,0.0784231830093974,0.0917053742872655
"tebuthiuron",607.832312829722,0.0837564830974463,0.0778176245318973,0.09112450163935
"tebuthiuron",613.46217179925,0.0831328293577219,0.077199997340132,0.0904731716948608
"tebuthiuron",619.144175597784,0.0825071805152202,0.0766198036813298,0.089847323692899
"tebuthiuron",624.878807200688,0.0818879149373539,0.0760407807971523,0.0892027830152251
"tebuthiuron",630.66655405674,0.0812812405857091,0.075428030290131,0.0886068306119748
"tebuthiuron",636.507908129557,0.0806674224435561,0.0748235251308985,0.08800771630411
"tebuthiuron",642.403365939418,0.0800659488437581,0.0742254438456997,0.0874261855122121
"tebuthiuron",648.353428605472,0.0794578815544333,0.0736353706527727,0.0868308261225203
"tebuthiuron",654.358601888323,0.0788656667915573,0.0730501200152344,0.086200668594061
"tebuthiuron",660.41939623303,0.078286192157302,0.0724760690456848,0.085602749506337
"tebuthiuron",666.536326812491,0.0776999458118655,0.0719305479241247,0.0850293123174768
"tebuthiuron",672.709913571234,0.0771188808220253,0.0713547197152516,0.0844536254150147
"tebuthiuron",678.94068126961,0.076535660006828,0.0707836412652829,0.0838576854953641
"tebuthiuron",685.229159528406,0.0759602193955067,0.0702155294768918,0.0832542003166817
"tebuthiuron",691.575882873852,0.0753871942397156,0.0696663297394031,0.0827050486478405
"tebuthiuron",697.981390783065,0.074817587280263,0.0690997187439157,0.082139413091684
"tebuthiuron",704.446227729904,0.0742466892414669,0.0685495752903046,0.0816240160375344
"tebuthiuron",710.970943231242,0.0737010293570027,0.0679908929896926,0.0810694427507778
"tebuthiuron",717.556091893692,0.073143273832477,0.06749029965727,0.0805037186847936
"tebuthiuron",724.202233460731,0.0725911232066893,0.0669648218641153,0.0799982283038345
"tebuthiuron",730.90993286029,0.0720419804450199,0.0664258081030568,0.0794596306734756
"tebuthiuron",737.679760252773,0.0714955201973503,0.0659025364408845,0.0789235729598052
"tebuthiuron",744.512291079514,0.0709550609407672,0.0653773439024724,0.0783912892773585
"tebuthiuron",751.408106111696,0.0704313283534256,0.0648558955327732,0.0778661669078165
"tebuthiuron",758.367791499718,0.069910426532164,0.0643526865443541,0.0773553067549066
"tebuthiuron",765.391938823015,0.0693843988238953,0.0638342572362618,0.0768739796447661
"tebuthiuron",772.481145140339,0.0688619351356211,0.0633184684581686,0.0763592244833856
"tebuthiuron",779.636013040523,0.0683452149403617,0.0628142091317374,0.0758485420004657
"tebuthiuron",786.857150693685,0.067826172640294,0.0623092784353329,0.0753559758744921
"tebuthiuron",794.145171902933,0.0673105242731841,0.0618092138348304,0.0748803738163152
"tebuthiuron",801.50069615654,0.0668049733763965,0.0613123425423917,0.0744013198344618
"tebuthiuron",808.924348680594,0.0662964034048672,0.0608148096171145,0.073911442002713
"tebuthiuron",816.416760492146,0.0658045146125364,0.060344487949931,0.0734136811150979
"tebuthiuron",823.978568452851,0.0653070745434619,0.0598681808986038,0.0729517489255666
"tebuthiuron",831.610415323096,0.0648080156785077,0.0593840564346561,0.0724830196116353
"tebuthiuron",839.312949816636,0.0643149408926351,0.058909284233421,0.0720012466736206
"tebuthiuron",847.08682665574,0.063834904359371,0.0584318420412863,0.0716432463313697
"tebuthiuron",854.932706626838,0.0633482437252673,0.0579603094192746,0.0711499241633253
"tebuthiuron",862.851256636688,0.0628723923447895,0.0574962765312062,0.0706657477315194
"tebuthiuron",870.843149769072,0.0624004606016414,0.0570346220541196,0.0702357467576596
"tebuthiuron",878.909065341996,0.0619247196834774,0.0565710182121763,0.0697834639359687
"tebuthiuron",887.04968896544,0.0614479423389977,0.0561103202574525,0.0693375736007372
"tebuthiuron",895.265712599639,0.0609857818349056,0.0556565396366967,0.0689102675955651
"tebuthiuron",903.557834613891,0.0605271487603828,0.055207431695761,0.0685005024391416
"tebuthiuron",911.926759845929,0.0600754993960631,0.0547600682281203,0.0681094869412604
"tebuthiuron",920.373199661822,0.0596228780131505,0.0543142341087268,0.0677287379392746
"tebuthiuron",928.897872016449,0.0591650056547883,0.0538743894508287,0.0673615771510398
"tebuthiuron",937.501501514528,0.058712801044078,0.0534408559303393,0.0669758409510149
"tebuthiuron",946.1848194722,0.0582689154678625,0.0530090527179322,0.0665936685471259
"tebuthiuron",954.948563979195,0.0578240082151274,0.0525771191166565,0.0662144620518036
"tebuthiuron",963.793479961578,0.0573798094152965,0.0521474248797087,0.0658373885502887
"tebuthiuron",972.720319245054,0.0569482402506058,0.0517235192056422,0.0654514595355097
"tebuthiuron",981.729840618882,0.0565181897070873,0.0513015376973474,0.0650390384108928
"tebuthiuron",990.822809900379,0.0560845846778873,0.050882861086535,0.0646848661190977
"tebuthiuron",1000,0.0556654109807489,0.0504674657888531,0.0643237014705518
